playerid,PlayerName,role,SO_mean,SO_p10,SO_p50,SO_p90,BB_mean,BB_p10,BB_p50,BB_p90,H_mean,H_p10,H_p50,H_p90,ER_mean,ER_p10,ER_p50,ER_p90
1890,Matt Moore,SP,0.7708558953292538,0.6596366632423376,0.7676504832022746,0.8860563340216704,0.5054348120227259,0.4045849155383311,0.500466446324892,0.6129632512937244,1.1702392024960353,1.059564886727021,1.1675458069552405,1.2865422470151355,0.7077567723047303,0.5890126655555786,0.7020935975638825,0.8356800516325826
2036,Clayton Kershaw,SP,0.8648672508787953,0.775944511093227,0.8614867718406565,0.9556655250871341,0.27120872362126236,0.22628462165542618,0.2694251863991533,0.3182596534567432,0.8754343290891735,0.8091938153879077,0.8740618030358316,0.941993833750807,0.3774285532902215,0.3260613631661603,0.375198337210634,0.4323782182294484
2520,Lance Lynn,SP,0.9488162594552788,0.8623436533492275,0.9453973338817865,1.0381486895821388,0.3357834148897733,0.2896937243962546,0.3337036410081211,0.38369737745689836,0.9875806215343689,0.9236261725912573,0.9863800801165223,1.0546802678351686,0.5113741102737919,0.4512188133079477,0.5081709427917679,0.5742864530556413
3137,Max Scherzer,SP,0.9646105466661836,0.8753174775786982,0.9620014183586594,1.0562848323020304,0.2801642056079128,0.2377070828215082,0.27875073824545177,0.32362725607630305,0.946177954956766,0.8774109764695224,0.9446121669369827,1.0180462490236006,0.478025925506437,0.41798716095778143,0.47495515959464074,0.5424762863125115
4676,Charlie Morton,SP,0.9644394680850724,0.884070165491158,0.9621744659058031,1.0466736610348146,0.5166787756867124,0.45672739017350195,0.5148345998220439,0.5789420641948304,1.0067145449762953,0.9378597904472142,1.0063804641821272,1.0754588128894567,0.5935514586204093,0.5247902223856792,0.5912246836457391,0.6647143850500934
6175,Albert Suárez,SP,0.8019478527459587,0.6992806910715409,0.8005612043250314,0.9048057256508915,0.31558818763931973,0.25398834904884304,0.31217570045858234,0.37907111672638705,0.9652074616379656,0.8826409157453252,0.9640135048296126,1.048332028795623,0.4573020275842404,0.3862672128764842,0.4540155923415928,0.5311774082740545
6632,Carlos Carrasco,SP,0.7350434943925359,0.6567487368169587,0.7326253976114989,0.8179808061012275,0.40836682255588536,0.34532280177259705,0.40532880921214076,0.47542471974527983,1.3377991716098203,1.2432436892874998,1.3340000082147399,1.4387189575826929,0.8468646686995485,0.7436928799636703,0.8423748960675559,0.9550299361503765
6895,Chase Anderson,SP,0.7086384418480705,0.6216239771496824,0.7035967991679584,0.8012750383665938,0.45126078644306916,0.37796784970260194,0.44886828573582765,0.5300546325919214,1.1414903743612999,1.0458223955551165,1.1397266259889351,1.2367460356842934,0.6689188273579509,0.5739564266286672,0.6619627025679484,0.7711745697885455
6902,Martín Pérez,SP,0.7766225093168717,0.6949122826659176,0.7737262891283623,0.8609761400595305,0.3397695111001275,0.2912052414016502,0.3379591294427098,0.3904303309680641,0.9377785290079373,0.8724229876302247,0.9367869061501968,1.0031822385544125,0.4268833007417851,0.3735767553206525,0.4244541148747335,0.48260720679671565
8700,Justin Verlander,SP,0.7963671919202627,0.7244987411235664,0.794169764601383,0.8700753175883813,0.30917708110495556,0.2655435108228412,0.3077189905397951,0.3534729647221332,0.9654619118216619,0.8961125092004607,0.9639927580936359,1.034688474337168,0.4810531145054623,0.4221808226232864,0.4788597896586607,0.542579940411332
9132,Nathan Eovaldi,SP,0.9782298009093326,0.8880343593770853,0.9737203713468845,1.0710676860862862,0.21309667285307382,0.18140886119884356,0.21187274494636008,0.24613149248898744,0.8227633523304742,0.7678983310077051,0.8225118237592488,0.8790462347661417,0.33602777511091664,0.29377508046143896,0.334524988651449,0.3792066876494594
9323,Patrick Corbin,SP,0.6609601873305344,0.6003430653462518,0.6595204700554969,0.7241246621236986,0.3579445212992506,0.3127268945909439,0.3562660082710154,0.405237236340864,1.304372517542725,1.226858163149125,1.304961835958781,1.381522547701625,0.7505442385359854,0.6697505911563684,0.7472897760004459,0.8332348618704636
9803,Miles Mikolas,SP,0.6177455899805755,0.559485692584457,0.6160882135244039,0.6777715905910279,0.21523510442403945,0.18357592925275906,0.21397526960983246,0.2488340699519287,1.1753585546888088,1.103055472419455,1.1754906862452732,1.2473068724988416,0.5752560486298661,0.5116131640414507,0.5725210206637315,0.6405448267241106
10123,Kyle Gibson,SP,0.7882328721907581,0.7186327212491412,0.7843791353275268,0.863571371435701,0.35963806869033,0.3142215280946316,0.35801475086347956,0.40630210373924985,1.032376636165038,0.968616600263345,1.0328170476104395,1.0955804031788952,0.5354046634194323,0.4760109833390048,0.5330910225525206,0.5953484748729294
10310,Zack Wheeler,SP,1.1911307255774426,1.090700661824774,1.1879331508637976,1.2925624583237296,0.21832592636417433,0.18772172795132866,0.21740402829190836,0.2508044266090571,0.7426083644170849,0.6937331415110117,0.7418651306016347,0.7914881755610741,0.29476689262290595,0.2603749742867588,0.29354715312493573,0.33034592595716245
10314,Erasmo Ramírez,SP,0.7465167398121043,0.638352556638621,0.7427659545259633,0.859275588731183,0.3229278968484871,0.2508925478262949,0.3170710320410992,0.4032360774110741,1.1415590058210865,1.0246293511812155,1.1399947053653356,1.2593981556427007,0.6014877683891827,0.49897292356042505,0.5958535262178409,0.711697465279887
10603,Chris Sale,SP,1.211726227393016,1.1059860669348258,1.2084861979528874,1.31960855209454,0.2505607985096601,0.21178141933837394,0.2493072099680137,0.2915428482845534,0.8186768582704833,0.7598474172377292,0.8172731826959807,0.8800501131584644,0.36459112172519414,0.3174007200189973,0.36308123391012814,0.4150720732431237
10954,Jacob deGrom,SP,1.1838518349020415,1.0716598945456979,1.1806271481420987,1.3008354801401991,0.20145722598718616,0.1655983174459723,0.19983866648550602,0.23946718215717328,0.7050227939925163,0.6474411050615719,0.7036032509100527,0.7632174591510532,0.27677646776502496,0.23573513974116195,0.2742605035617297,0.31951272633501054
11156,Merrill Kelly,SP,0.9091150810015493,0.8247048926487878,0.90622198954959865,0.9948538136571003,0.29675419892286614,0.2567257294457815,0.2948187221340446,0.33951406947645224,0.8563750806538932,0.7979335206027679,0.8557951180427041,0.9161946915263249,0.38346495065611513,0.33721394293440266,0.3815133904183575,0.43221650019013397
11423,Jose Quintana,SP,0.7221914578700854,0.649085011695062,0.7207087149406266,0.7963989806309474,0.35004805678766165,0.30221103691075274,0.3477292291795866,0.4002054290300041,0.9390378576161217,0.8748632098425186,0.9383940513482977,1.0041605488619805,0.43235479707661434,0.37782450395173,0.43069684401130254,0.4872705018702119
11486,Robbie Ray,SP,1.0344292354204156,0.9367541609782899,1.0316990152233525,1.132487405499545,0.3579814400450878,0.30802798117772484,0.35621354713680287,0.4096197517512197,0.8447206997453853,0.7855549589555613,0.8433405016813937,0.9052604387632316,0.4119304914293631,0.36031845634450727,0.4098651566906454,0.4645616378866639
11589,José Ureña,SP,0.6040061252317425,0.5310306191407059,0.6012940402947795,0.6805115882175936,0.4805437465242023,0.40499392676276574,0.4759883047128225,0.563168995218258,1.2983597802821054,1.1963306914354868,1.296215458131144,1.4039629242129574,0.7737324549468328,0.6653961087862149,0.7671863583669871,0.8892549076425833
11674,Jameson Taillon,SP,0.765360985655523,0.6936023664564236,0.7628155524326803,0.84062410813846,0.2283632745559627,0.19478990870279364,0.22681624949693446,0.26400182321595983,0.9896032491118381,0.9256621964540165,0.9884924624876302,1.0558258704372117,0.44701639154208245,0.3947443964175768,0.4448449296266508,0.5018664496932117
11760,Drew Smyly,SP,0.9089834085397827,0.8207484674695383,0.9058525986406014,1.004208058109655,0.3537741978935095,0.3035815431862503,0.3516490873917994,0.40689006938372724,1.0094911857855904,0.9384141044283598,1.0085182813484241,1.0822232789682347,0.5257133757071462,0.4618502638860632,0.5234366281811955,0.5918970475725731
11828,James Paxton,SP,0.8596792034642701,0.7638066857115211,0.8557761510983986,0.9595611733705458,0.435256675874482,0.36880935987580504,0.4319772735855256,0.5066962259279131,1.0306776766240349,0.9500026822101524,1.029391239847643,1.113575432161026,0.5717006382684522,0.49191322556474426,0.5667175597950951,0.6564279580731697
11836,Taijuan Walker,SP,0.6805855289155718,0.6098311829311066,0.6779955895759471,0.7562606718754886,0.3958546123549475,0.3404614512347259,0.3935917192663312,0.452132986129324,1.1278675130084284,1.0467646897923872,1.1264731166591355,1.2112917529307723,0.6077768751712316,0.5283974800053495,0.6046575952567204,0.6912697015651884
12049,Kyle Hendricks,SP,0.6217753187352956,0.559858001373438,0.6189951901807518,0.6862070651340678,0.28308474805413325,0.24363778854356657,0.2813400002631025,0.3249048306544192,1.1695632314649802,1.0929027907385043,1.1696374755689911,1.2452638831458542,0.595801705590736,0.5272983516425263,0.5930876869111756,0.6669916809271795
12272,Aaron Brooks,SP,0.7424887209737825,0.652927744055688,0.7372305295376006,0.8355484514325514,0.328247848774952,0.26710642587795924,0.32562204147230756,0.39251798558989925,1.1111918493949795,1.0193710540361571,1.1095780515441698,1.2060583521662402,0.5759477283389488,0.4931528522498491,0.572985558130879,0.663741276324846
12304,Chris Bassitt,SP,0.8921016001311526,0.8142629703294257,0.8892587940102774,0.9757133676982596,0.33891444842693286,0.2933495226752409,0.3373874271664021,0.3852083894525748,0.9713213866021505,0.9105988464051628,0.9709697275893132,1.0331380186042112,0.4692395785582056,0.4144730204279794,0.46659064276875,0.5264027071893815
12317,Colin Rea,SP,0.7841858432700074,0.7066547378636872,0.7802062228296188,0.866358335421382,0.2773372303491401,0.23706004814270323,0.2759919899550791,0.3204782074195232,1.000917303804586,0.929845953709963,0.9995992432021581,1.0729367342922536,0.47743735748090765,0.4150234870357859,0.47592242810335483,0.5400543798325081
12447,Seth Lugo,SP,0.8450519209275332,0.7647411923935115,0.84183897142074815,0.9280952507787549,0.28880748371304016,0.24754320759831863,0.2868042601668024,0.33302020037636515,0.9196298189786531,0.8545922708874629,0.9198425710603301,0.9837907479295164,0.4179142884224029,0.3647494575973736,0.41612326231913094,0.4733348031680255
12718,Adrian Houser,SP,0.7129093042053957,0.6339421985559764,0.71034663017815,0.7949940272006902,0.33733229681064614,0.28626817838920965,0.3342702272193757,0.39115297530560694,0.9927484660361537,0.9177424513086552,0.9904726833575437,1.0712901651109301,0.46764466057969784,0.4036041061897537,0.4644489219136557,0.5363001308643606
12730,Nick Martinez,SP,0.7161794733083767,0.6294133443599668,0.713840197484001,0.8073863221415591,0.2638950448265058,0.21408013030023987,0.2617809832173559,0.31674692178450337,1.0255395076781026,0.9441748904466644,1.0228807512410683,1.109336174347368,0.4839921696747572,0.4128824831220616,0.48141022048414317,0.5584768671569985
12768,Sonny Gray,SP,1.0686403783997294,0.9785979558095258,1.0648178758256837,1.164692006899377,0.25816708753393236,0.2235179676817958,0.2565916038141245,0.29465480543284195,0.8828510504400479,0.8253822667419206,0.8821330192169721,0.9411745110717423,0.40799918699912135,0.360457170528081,0.4060921621400753,0.45705173970021146
12880,Tyler Anderson,SP,0.7379273604340327,0.6688020238548316,0.7346067472444808,0.8125322885724995,0.37759585437921467,0.32797488263808366,0.37601994555846796,0.42858973996025407,0.9757535139031784,0.9106599310045537,0.9759779832333422,1.0412206761006388,0.4827032004870904,0.4273667797507606,0.480150167001424,0.5409959562339481
12970,Joe Musgrove,SP,1.0365360518084865,0.9381331650356062,1.0331014968648176,1.1404051776279909,0.2425178087464552,0.2049956430476488,0.24039702395777335,0.2826838839201206,0.8530819606165554,0.7927894691897116,0.853139537027169,0.9131278599996772,0.36856017848345834,0.3196858174114999,0.3666853838610834,0.4178490801285366
12972,Joe Ross,SP,0.9362142097715841,0.8231113765768517,0.9321983682128983,1.0534152378504673,0.3172664396477961,0.2576533149102606,0.3141516822343724,0.38082301447332806,0.9407847229472225,0.8620591843771084,0.9393733444491368,1.0213621239097883,0.4571688075681877,0.38818101418067397,0.4534716143244008,0.5270211498733346
13050,Anthony DeSclafani,SP,0.7900770362650499,0.7009873038865791,0.7854307062640372,0.8849893891011634,0.25556105686257624,0.21160646908197106,0.2538029780783635,0.30234363573253864,0.9910551105926954,0.9115154778780871,0.9897108968070472,1.0721920051458849,0.461498808092918,0.39565845776704167,0.4588803348150702,0.5320362160217103
13074,Yu Darvish,SP,0.9081429092299922,0.8184817054201451,0.9058642626590879,0.9991323210574611,0.2850402211051388,0.24063274434910667,0.28381834534453787,0.3313049540723565,0.9485246565779654,0.8768072221897301,0.9477974523828694,1.0206522920181647,0.4945527895107843,0.4295822428733523,0.4924628148562318,0.5603432509033985
13125,Gerrit Cole,SP,1.0282589645198037,0.9393118517569768,1.0260223228780008,1.1208701230664724,0.2585846009585742,0.2210703538016465,0.25727876168847164,0.29845059719697353,0.8441244712594693,0.7856777695537902,0.8443520244447549,0.9029921191664454,0.3805678499375133,0.3315817588741644,0.37877270015513287,0.4298201141250806
13164,Eduardo Rodriguez,SP,0.8537104581973384,0.7721474182050636,0.8508192153442249,0.9393375352478456,0.3641355063519695,0.3127588903953351,0.36165270457033316,0.41924687017617523,1.066236605862507,0.9954830896146207,1.0646917277399974,1.1388994468275964,0.5662296742894392,0.498320292973845,0.5637553060424294,0.6364948139966531
13273,Ross Stripling,SP,0.6538396454881397,0.5826076376156197,0.6528871856783018,0.7265510736109216,0.2511182842072336,0.21019608491956243,0.24854948123317913,0.29575292773001316,1.2247917483480557,1.1356336139733745,1.222791126023222,1.314453290994983,0.6361504034303347,0.5525675032802302,0.6331288193639713,0.7220863083322706
13361,Steven Matz,SP,0.8363661562825202,0.7412161370315512,0.8337368835347645,0.9334982178867981,0.30761438610680064,0.2542936521337999,0.3051177001847122,0.3635347697699619,1.0739986635804537,0.9936153867548586,1.0733873531819969,1.1556554812243942,0.5512736066554961,0.47338117466342544,0.548177202986331,0.6320897098801613
13431,Marcus Stroman,SP,0.7452330382420821,0.6665818487681725,0.7429291697657798,0.8272299607383272,0.3634618953666625,0.3088047954743345,0.36088890616395863,0.4207732628695281,1.0121338109538291,0.9407573762987326,1.010843779055083,1.085670650078724,0.4946758717911235,0.43199067614758596,0.4908600474465865,0.5621111481624604
13543,Blake Snell,SP,1.2673634661382103,1.1525559989507814,1.2644457736409955,1.3857841939487239,0.4976414224140392,0.4287580910760187,0.49509185660218313,0.5674579725753987,0.7491303170157867,0.6933540743764783,0.7479927761828953,0.8065028983971118,0.368747285136167,0.31922406149433863,0.36637034046115424,0.4193671444831814
13619,Jakob Junis,SP,0.8244002087826381,0.728904466084025,0.8223704401804259,0.9226562047263821,0.2754402389756298,0.23052192223341075,0.2731034351478574,0.32300597050242114,1.0879107379184352,1.0013144859606138,1.0851519188133398,1.1763735560574067,0.5491672369816307,0.46952983382083513,0.5450367256537789,0.6320366717432666
13649,Clay Holmes,SP,0.8147586577631432,0.7170631205478528,0.8116529547915805,0.915319417239675,0.36034590448395054,0.29774416479134747,0.3577130384660899,0.4250677907473509,0.9220884375481084,0.8442828226333479,0.9198855122936863,1.0035381554577139,0.43535828208511307,0.36914670573180786,0.43289803694907436,0.5021123573813788
13743,Max Fried,SP,0.9583135351186597,0.8722306459205222,0.9563261624371486,1.0458766025035753,0.247412945120492,0.21340855548526752,0.2459390431779393,0.2832245856519926,0.8195309742593951,0.7674540331622656,0.8184888217831572,0.8743992620840384,0.335300799256827,0.29363558401242684,0.3335042737664872,0.37835241883711396
13761,Chris Stratton,SP,0.7890636832190581,0.7040901425867069,0.7853184298899053,0.8787316475160923,0.36247451339422104,0.30258834918856503,0.3599623380874569,0.4249442767892874,1.0705960946330746,0.9933750691044774,1.0689112568814547,1.1500990547718075,0.5630254503987087,0.49139276163216467,0.5600045961228243,0.6387904236777519
13774,Zach Eflin,SP,0.8281275212154457,0.7483385095797167,0.8247503034573289,0.9118989352210998,0.16694732301454765,0.13865885040828926,0.1658370202813142,0.19549527942389003,1.019513046358467,0.952108598205739,1.0178810705497727,1.0883360722619404,0.44005093089486447,0.38641100978692083,0.43790706806294777,0.4963020615619794
13781,Alex Wood,SP,0.8862609747716154,0.7791096731531957,0.8815561868443935,0.9990200959152764,0.3429239478378035,0.28188859674007494,0.33953355084708764,0.4083910466092454,1.1305017354715632,1.0330719270004385,1.1284073168586994,1.2335577962676219,0.6280479906344132,0.5319221231127634,0.6246006271387047,0.7295769916454136
13896,Chris Flexen,SP,0.6978472499380683,0.6278971187168775,0.6955767873444721,0.7714137483699463,0.3761234064843394,0.3233216332259021,0.37389377052604766,0.4318002339279856,1.176217581596165,1.0952457901655692,1.1742943526985505,1.2601290971059698,0.6364790655648007,0.5534835749018452,0.6334150982341513,0.7225356723665803
13942,Brent Suter,SP,0.8273486279563775,0.7284305417257761,0.8234969927498689,0.9303933341252942,0.2470029447874537,0.1955926317106502,0.24502913622058092,0.29960618308806813,1.0243200387247442,0.9393994342131075,1.0214900752956515,1.111692447051356,0.4824193300473534,0.411050846746165,0.4784882451373106,0.5591331521480128
14078,Michael Wacha,SP,0.808088718612534,0.735359846430599,0.805271194668337,0.8853206475277334,0.25196628202738014,0.21704550665586,0.25054874018117423,0.28732597327794496,0.9203987591738508,0.8610949262813932,0.9190967911981478,0.9798946165289417,0.40110607244203283,0.35342104261668394,0.3986505969518277,0.4510518085153297
14107,Kevin Gausman,SP,1.079211481137501,0.9876236604413763,1.0755254660567255,1.1738901535894413,0.2615727159961596,0.22636514883820472,0.2606131617459463,0.2980543102417507,0.8578817388066513,0.8047193842486704,0.857524499405718,0.912234128754277,0.38091554828311136,0.3370323110615861,0.37923490350870315,0.42585788334066227
14120,Lance McCullers Jr.,SP,0.9582299971216156,0.8389113013078978,0.953573899895379,1.0868549156233727,0.5894075978164715,0.4844551489462799,0.5843931218372748,0.7018115751665415,1.0146252888842109,0.9229392822915542,1.0127146631004726,1.108225440118229,0.6042899005372868,0.5073046696013029,0.5993898895139984,0.7088352078720693
14168,José Berríos,SP,0.8089044041744484,0.7372188384930852,0.8074605004731226,0.8814506486904407,0.2951956227619636,0.2573640182500997,0.29348193311404036,0.3354269754171205,1.001270180547896,0.942701549067569,1.0005966851274124,1.0612141583671912,0.48153096982251226,0.4283868041456218,0.480095911084483,0.5375802144559458
14309,Frankie Montas,SP,0.927492473934875,0.8285524436228819,0.9237429253758107,1.0348967935233186,0.41745561603906706,0.35122194020701725,0.41584889959855886,0.4853804953210822,1.0627214853481781,0.9839317630055262,1.0601347954820057,1.1431145952258692,0.5969776939696588,0.5144821098779919,0.5932925202203991,0.6819841146842045
14361,Ty Blach,SP,0.5645522506102683,0.48600146829096696,0.5611938117086874,0.6489156252978281,0.306508473417852,0.25079667167720493,0.3039050229175722,0.3656436709314759,1.3389160665590136,1.230546915403256,1.3376657293247824,1.4513915284494783,0.7256869424733468,0.6206662576212717,0.7216340458365897,0.8385931482639695
14374,Tyler Glasnow,SP,1.2086505821155487,1.0907449829383018,1.2048230935111117,1.3283900766880012,0.35208685248532456,0.297958713078373,0.3500336154598282,0.4097502537982506,0.789333978814294,0.7278665441194019,0.7885900419407381,0.8511017980512363,0.37648471972956155,0.3236878777667959,0.3738937931285408,0.43201347691714037
14527,Jorge López,SP,0.7900125219338874,0.7030884399674379,0.7863989350794585,0.8803207003862579,0.41153559244726323,0.34616227955767237,0.4091187670630949,0.4810013923079629,1.14334086969154,1.0576433467439077,1.1430825064410268,1.2271254625955323,0.6501686815104158,0.5634716214048313,0.6465968634205501,0.7425524647251811
14739,Paul Blackburn,SP,0.859913435933574,0.7656845309749952,0.8551888072193506,0.9586543671306991,0.30317181394612736,0.25537373349488185,0.30239187769964304,0.3526672216395203,1.008782568115081,0.9314917727775083,1.009278697756315,1.0856409088851877,0.4925609486061669,0.42519532033978064,0.4890292278252908,0.5627581768866265
14843,Michael Lorenzen,SP,0.7836730052084793,0.7038500445265805,0.7804050536920437,0.8630105509933148,0.3501433358185633,0.30327399753911227,0.3484978245125111,0.39968314325610615,0.9472694786445877,0.8797670822602014,0.9461851654173852,1.0176123045959797,0.4572164076123628,0.39901644573691303,0.4546847907660268,0.5182618446252509
14916,Jon Gray,SP,0.8786370591742623,0.7919146807367526,0.8748706935917007,0.9690705831227582,0.3225168886109171,0.27638214588262827,0.32115168435315855,0.3694673437030086,0.9704432023686281,0.9057116776725024,0.9693169060497571,1.036545398016125,0.4797073304741615,0.4207146322721674,0.4775955915282546,0.541511790815561
14932,Ben Lively,SP,0.7837024180766987,0.693019158264911,0.780658701183998,0.8780144379487408,0.2973892429261834,0.24712732174287316,0.29426369712741096,0.3493620627002985,0.9490392602127492,0.8728620863996631,0.9483241496990857,1.0256991734348628,0.4377733310949626,0.3751442664940252,0.4361128194809797,0.5032600553397217
14975,Chad Kuhl,SP,0.801256216297576,0.7172738885289032,0.7984319010107324,0.887126703928534,0.4805305379520834,0.41243803848126914,0.4783495347038995,0.5522413282404431,1.1061791491904458,1.0282063762404372,1.1042162695164552,1.185639128017684,0.640487516167259,0.5596968244055104,0.6368123081938906,0.7257235372153017
15038,Germán Márquez,SP,0.640546140474964,0.5672834723585284,0.637725635925623,0.7125261265321601,0.41019485054212795,0.34747090591602203,0.40662596588842775,0.4779638153142028,1.3251847298071808,1.2311703902715245,1.3244958035388978,1.4189330110482268,0.7948664419440771,0.694695365087393,0.7901202245975266,0.8982236454162941
15047,Austin Voth,SP,0.8668921368033277,0.7607443043697272,0.8625153009601257,0.9805913817408013,0.33871161738623284,0.27234423647945166,0.334306921088937,0.4115828650452684,1.0151386407888336,0.923979584360249,1.0119535213772337,1.1089978041586872,0.519725265693365,0.43511279206287906,0.5169074148832524,0.6094504590081815
15423,Andrew Heaney,SP,0.9139078455140743,0.8326209216423194,0.91175300053496,0.9972358570007396,0.33582952879279987,0.28990228573684107,0.33427771946372564,0.38317278008954014,1.0489304234479262,0.982408111108022,1.0477639804011618,1.1158788904559627,0.5646742378625775,0.4981172070946702,0.5617084812884163,0.633275485991734
15440,Matthew Boyd,SP,0.9071247713705489,0.8161440112268474,0.9037845230990817,1.0027212074552914,0.26325256775625344,0.22141406154200458,0.26133268074772753,0.3079115157209739,0.9045783403254268,0.8408060315399453,0.9032620429958209,0.9711241877610982,0.4136348963554261,0.3586990821848364,0.4112498443869596,0.4698644578331926
15454,Nick Pivetta,SP,1.0632328864975125,0.9659147702515423,1.0602322547643852,1.1636195702228027,0.298969186940559,0.2578379249295608,0.2977193922041258,0.341928116905286,0.8333702340596822,0.7780137033631338,0.8321370717825525,0.8908087389629549,0.38428328002177586,0.33792575638292777,0.38275947855575937,0.4317192400766484
15467,Marco Gonzales,SP,0.5894516562998514,0.520676026226439,0.5862860261462145,0.6622204758775921,0.3153006389767329,0.262423913588937,0.3118580975001461,0.3703448206575639,1.1750081245373232,1.0815334980307478,1.175283617789856,1.2713305519397053,0.5864643568756264,0.5035184475989595,0.5835729852647049,0.6718508959718371
15474,Lucas Giolito,SP,0.9902587542349022,0.89704657722950365,0.9874577102761355,1.0828926289687888,0.3505413487206078,0.3028827967222288,0.3487598318970123,0.40006583073442614,0.9200260962432182,0.8593703133591932,0.9189432602725918,0.9817105617516244,0.45803344667763396,0.40233874689419447,0.45583708027449876,0.5168731696311413
15488,Antonio Senzatela,SP,0.5477715148492266,0.48276263737715136,0.5458050920011907,0.6149537149278599,0.3143633867727028,0.26467398725008356,0.3125465499403598,0.36766251554675766,1.4016924748932638,1.3036473490460447,1.4004506778285204,1.5003323784512248,0.7702825008947191,0.6747589817616059,0.7663034607701538,0.8699553731366585
15689,Luis Castillo,SP,0.9589884057537671,0.8791031604088375,0.9551407063542054,1.0437954978207757,0.2771023797157669,0.24165988406178202,0.27564557270701784,0.31463504045537233,0.8828102816004764,0.8300036111438834,0.8820517781241588,0.9360763237023524,0.39939543322700144,0.35386051223936654,0.39840262202913734,0.4455761696991137
15734,Brad Keller,SP,0.7305180265932311,0.6541613961915183,0.7284527930016995,0.8104869764439402,0.5206082011576861,0.44821862344566626,0.5173329783880735,0.5952820143241411,1.1204798756701349,1.0399090303483156,1.119750209635476,1.2056002123341267,0.6454885991091259,0.5629463312302503,0.6424346742766898,0.7329385471254621
15823,Zack Littell,SP,0.7987488344918166,0.720026938176682,0.7973404269854347,0.8792917948405232,0.1847063613316556,0.1554599728588472,0.18315109564567125,0.21603552325902878,0.9909404036128381,0.9194071162200645,0.9888511456275555,1.0652239393626073,0.41972416999725726,0.36294624813642623,0.41721257395299505,0.4794145892499223
15873,Sean Manaea,SP,1.0849090638376475,0.9745643305959314,1.0817530874556356,1.1991617884810497,0.32766380984167753,0.2759007735916479,0.3248658118997695,0.3819996347066088,0.9596029951586167,0.8871284423018291,0.9595241118454791,1.0304189639789931,0.49384365835391203,0.42857006472644066,0.4921341650418798,0.5601935023208708
15890,Luis Severino,SP,0.7981484088502194,0.7261992548321429,0.7950941038876969,0.8728343829475327,0.34172983635900517,0.29562604524179037,0.3401979966434898,0.3887371294233237,1.0557238482748228,0.9895140119695875,1.0553954314944294,1.1213677363661518,0.5481088146324955,0.4844409042174811,0.5462303028296738,0.6127185327408945
16137,Carlos Rodón,SP,1.1474345289747103,1.0505564897234188,1.1433629689777987,1.248166352467263,0.33548117272056815,0.2926098275904798,0.3336737162882688,0.380959382983944,0.8059848085407153,0.7529981803633407,0.8057698107561571,0.85841036079716,0.37904222334853477,0.33394234841365944,0.37747625074579594,0.4251371780168768
16149,Aaron Nola,SP,0.9696684354093501,0.8865602055500389,0.9666034297626234,1.0563533606150706,0.25590570851036154,0.220044599202062,0.25428039478740605,0.29412790349224094,1.0486792977388444,0.9836017773084118,1.0473282610498522,1.1164385852495202,0.5422636481960119,0.4806046808866673,0.5400352871856378,0.6091188878984592
16162,Brandon Woodruff,SP,1.2132692374467742,1.0791628507756688,1.2083626502244496,1.356493737677085,0.2321435691661104,0.18841648691846213,0.22910361923453257,0.27897388829612724,0.7282899497300616,0.6602007791641019,0.7267342843498621,0.7979718042264055,0.29402688101834434,0.24530218911805882,0.291340188726899,0.3473402529072641
16207,Spencer Turnbull,SP,0.8108268709716709,0.6966312876496424,0.8056719883468082,0.9308670074956675,0.3950189162404459,0.3225395558539619,0.3904996215648076,0.4751809787307025,1.0471440097365146,0.9385185557910443,1.0440197386750891,1.1616913324164329,0.5582569231490281,0.4572173506169256,0.5517069457426498,0.6697075538312515
16256,Kyle Freeland,SP,0.6596152742752064,0.5960732592491333,0.6575074146768137,0.7261321522616222,0.26624589039655944,0.22907825282191055,0.26539469542738503,0.3046696134445707,1.2287763138071588,1.1566232888157864,1.2281256296205298,1.3043091549558785,0.6278736072448885,0.5560387518569396,0.6258396381265448,0.7023929476255609
16269,John Means,SP,0.8655511434096008,0.7785521656046692,0.8632238187584105,0.9574006636634264,0.21788751808373463,0.1825524342829998,0.2164628435734009,0.255435530032893,0.9177590389415128,0.8457291654160283,0.9167813626453716,0.9897201059082629,0.39211534262704884,0.3376986889352842,0.39005183346454897,0.4490185034291476
16350,Ryan Borucki,SP,0.7845354140899315,0.6909569051133172,0.781098543802023,0.8829101351305221,0.32630301028054665,0.2669273976841108,0.32396612463686714,0.39086978426954955,0.9949454912785796,0.9150108410626828,0.9941548740205786,1.0747082521625444,0.48823985814832854,0.42200610734743094,0.4852406055678097,0.5567199741786346
16358,Tyler Mahle,SP,0.9825561840806535,0.8753839962652326,0.9798757803671481,1.0898044528898003,0.28379540404857884,0.23519608373142065,0.2817896845222074,0.3348551563612915,0.8120590945978045,0.7459664509411603,0.8101521888514419,0.8794671666401938,0.3497883576879092,0.2972612012510092,0.3475645569478419,0.4052780875450426
16400,Reynaldo López,SP,1.0996808245852203,0.9806257977962304,1.095328219609696,1.2228814569859243,0.27873411389999925,0.2309729352515545,0.276511012607238,0.3292683346239856,0.7723087563812403,0.7082405469134571,0.7714802492717064,0.8368506966387546,0.32511487090933283,0.27589888521569755,0.3226246898486499,0.3764576028451741
16401,Yonny Chirinos,SP,0.728453747456363,0.6141868087376051,0.7211538050914321,0.8515360560900441,0.35501349250710296,0.27292619810838603,0.3489103699652757,0.4442187502376024,1.216624871236163,1.0756719124877165,1.2117846976950557,1.3659605469720633,0.6788043584929866,0.5429960279480643,0.6691248696103853,0.8259620776978899
16502,Ryan Yarbrough,SP,0.7209360235492408,0.644851573992804,0.7183613459511916,0.8013179827851845,0.21416953868342897,0.17836986950901498,0.2123388952082546,0.2525988596369362,1.1095532165080406,1.025022733901083,1.107713554457833,1.1958616756397444,0.5183043836115664,0.44568626158548874,0.5150807535981963,0.5937660828674912
16511,Jordan Montgomery,SP,0.779051006141996,0.7040723308911668,0.7748174850974313,0.8591438331910963,0.29659750114789757,0.2537409882449334,0.2955973025711003,0.34035924138852014,1.0762393016185057,1.0031863455481047,1.074699228520911,1.153656661379555,0.5379122854470668,0.470333621230576,0.534267707738492,0.6099301598380968
16561,Austin Gomber,SP,0.6174560182206255,0.5462568089556995,0.6150632403828931,0.692085718629526,0.2986715101369214,0.2519253835426154,0.29664071443057594,0.34671986032043245,1.2805879397418451,1.1848127915651312,1.2798101253362495,1.37723307300103,0.6944563280970625,0.5981287019182445,0.690245907109312,0.7906562695518737
16918,Luke Weaver,SP,0.8226296484399795,0.736094964995977,0.8192960853825875,0.912232138303892,0.3297682323350496,0.2791198928153172,0.3279901625628449,0.38393173553174953,1.1414878261625871,1.056888784333097,1.1397356563238166,1.2273759153552688,0.6237980431566079,0.5405617681454069,0.6195514172490928,0.7098755680130735
16929,Touki Toussaint,SP,0.9786911618188174,0.869517946446516,0.9753210662193168,1.092450350896688,0.512400546492916,0.4357822356265009,0.5092519231005611,0.5914785833099402,0.9280826353819375,0.8542587936173025,0.927604637847374,1.0036836427836704,0.5112523090619923,0.44309543496043086,0.5076373199179266,0.5858203922334368
16943,Sean Newcomb,SP,0.9876053867389843,0.8869959362179767,0.9844203412329728,1.093459230946318,0.44310621541291684,0.37566719272164706,0.4400338561376169,0.5136745266701588,0.8873554690168558,0.8243792945727142,0.886267523731166,0.9509605851847924,0.45856584689898644,0.40074584668933105,0.4565521078789656,0.5188661394035484
16944,Grant Holmes,SP,1.0460953409989595,0.9276440356257132,1.0397060294535505,1.1706563278079989,0.407308706780105,0.3358114840943505,0.4036481854868976,0.4836913983043919,0.8834586245768876,0.8080661158866763,0.8825528779918135,0.9598807210393643,0.44861370135610207,0.37915789826479857,0.4463051841157537,0.5208918199778941
16977,Trevor Williams,SP,0.7629537776482267,0.678773793714811,0.760045820724319,0.8498437103937333,0.32686621057612303,0.2748857943175779,0.3247667321850325,0.380907039963182,1.170790349390135,1.0869615930392489,1.1678632144598866,1.2575050587027095,0.6252536319181764,0.5457649370808191,0.6215263585821507,0.7102972599451108
17034,Sean Reid-Foley,SP,1.0131752718260902,0.8838347651241325,1.0084561740497244,1.1478534565083456,0.5089101460823151,0.41810049926147597,0.5025981171146359,0.6055464616455211,0.9294381448031408,0.8464151921116762,0.9275169824662457,1.0150444184494187,0.5190281714396873,0.44139359118556826,0.51525631064767,0.6016024557920722
17085,Pablo López,SP,1.0938074118941772,0.9962862377719293,1.0905973798119701,1.1943567049145143,0.24598903432808392,0.21141385356948875,0.2441036388370928,0.2825020110306183,0.8699249029030246,0.8172213515638628,0.86910450243329,0.9252472503671011,0.39112710522107424,0.34505016714905556,0.38894759922408806,0.43953943667306955
17149,Domingo Germán,SP,0.9453031145718165,0.8455990026518777,0.9404883183623107,1.051118676059069,0.2878364016630558,0.24235120050049805,0.2856559489264775,0.3361678668103962,0.9154572091308324,0.847020525513515,0.9133730744388766,0.9870528133864992,0.43369190954756787,0.3743660149178304,0.4309693735218148,0.4953701961534319
17277,Ranger Suárez,SP,0.9722830362073585,0.8797429798496732,0.9685585386066343,1.0720473876021903,0.2625745173671057,0.2244965190755688,0.2614536041882284,0.3017307185299025,0.8715557899468003,0.8086963548330882,0.8700289229718543,0.9369970620307664,0.3824095141396146,0.3312073617689818,0.3807541492791117,0.43549552342194603
17282,Michael Kopech,SP,0.9704457473008108,0.8727235021532792,0.9665599185891336,1.0706116818072946,0.5574397188730036,0.48307070214635356,0.5538515399344541,0.6351624522986086,0.9105763033295128,0.8407351636267824,0.9109425569590021,0.9779342974745605,0.5024611212309632,0.43620331359422954,0.4987531357027567,0.5702555775547022
17295,Framber Valdez,SP,0.9515410140509063,0.8692098226042249,0.9479559270275062,1.0383242479553436,0.3149974560786068,0.2741162074327427,0.313675811848431,0.35626785684152573,0.8591843998386471,0.804819115622205,0.8574938499582447,0.9165213215081738,0.3880115575838686,0.3420128801148809,0.3853534956276977,0.43669194171121606
17312,Justin Steele,SP,1.0274367769701696,0.9288779275678827,1.0245932456195224,1.1311776352869927,0.25854150350891,0.22070002265119726,0.2571112393698026,0.29800897262279513,0.83677147768811,0.7732120608618833,0.8349159440188616,0.9030520240508153,0.36240835059984344,0.3124408325996557,0.36100711606540037,0.41501864886406215
17425,Erick Fedde,SP,0.7456613046846848,0.6706873306483081,0.7444085697394376,0.8223519398294848,0.3836239628561037,0.33282589498325027,0.3818174694092388,0.4387374420162128,1.027285043597363,0.9600375238640976,1.0258229350576529,1.0968016868952124,0.5216827253793305,0.4583571203331638,0.5198077844618832,0.5855447332424822
17432,Jeff Hoffman,SP,0.875825698202379,0.7688365764006133,0.8716879945190878,0.986498793017214,0.4335931695533189,0.3535862910911973,0.4292273043515357,0.5189541627298695,1.0475655303992066,0.9597298446350955,1.0455825165844947,1.1366108598554647,0.5865823418697428,0.5046556793729111,0.5818955096553884,0.6738088721789531
17479,Jack Flaherty,SP,1.0422123733125217,0.9550281755294312,1.0388255830558233,1.1343025744009447,0.36600949200966376,0.31974688147653485,0.36393758768177054,0.41600065324695373,0.9675240196614853,0.9095787031424102,0.9660364279587903,1.0271647347639254,0.5132293873350956,0.45633161885085705,0.5103752734350677,0.5723613433317084
17578,JT Brubaker,SP,0.9379022438081518,0.8442519085246601,0.9353742120740471,1.0357146158635353,0.3548342348481598,0.302429964488627,0.35280609491095594,0.4088058280005813,1.032212229100837,0.9553086030722042,1.0315746236071641,1.109341226036721,0.5538477867685075,0.4779648490409259,0.5514309168749301,0.6326544243635506
17594,Mitch Keller,SP,0.919594282719479,0.8354008867104318,0.917764679369667,1.003567359033295,0.2655107133755829,0.22965681812256472,0.26403353449388667,0.30313899833833235,0.9262479095371708,0.8687168204689626,0.9253215108184853,0.9846698882495215,0.4240681307296148,0.3744032673798433,0.42246739719891147,0.47661380506309436
17606,Cristian Javier,SP,0.9367868688552636,0.8328930037169817,0.9332541782915668,1.0459032970331699,0.4134125078317452,0.3490049386830743,0.40920221134141943,0.481859791595506,0.9520442160928081,0.8720575007517636,0.9498680451073067,1.0343603018246932,0.5010787580124568,0.424639013537259,0.49723052268305457,0.5809512011946166
17611,Taylor Clarke,SP,0.8231491108494696,0.7199821365058898,0.8193295687048963,0.9303701335109886,0.3484797259602017,0.28386013039931873,0.3442105767169228,0.4177186506121557,1.0283316406836638,0.9431952032320903,1.0261042577462614,1.1167561536590287,0.5282542038995727,0.4556443337258143,0.5243185588111053,0.6054175958561602
17677,Jeffrey Springs,SP,0.8579175629118964,0.7657131740419333,0.8561283565299249,0.9523235507174899,0.3029333524531552,0.25572952759024625,0.3013474342547538,0.35253747251067874,0.9566593800593972,0.8826105172433235,0.955476252138011,1.0329857432022982,0.4554540880897139,0.39131025306945433,0.4521296415632491,0.523411060433331
17732,Nabil Crismatt,SP,0.8062742056887077,0.6787504650339843,0.8013368046440343,0.9426052736606894,0.28824098858785596,0.21605720647612092,0.2816657454766681,0.36706022320143045,1.029480881532731,0.9073805373927617,1.0261515317463754,1.1542456494846225,0.4980463648305242,0.3976565631820598,0.4923327751791837,0.60141997543971
17735,Tyler Alexander,SP,0.7156879158020848,0.6313878977778821,0.7134994337556877,0.8002259976803123,0.2558722983819125,0.20891495114914563,0.25237717653522884,0.3078385513975296,1.1281995072640472,1.0370221772464645,1.1262803595852544,1.2210874094888526,0.5506873146759242,0.4724257845210355,0.5466729071595249,0.6327230479198004
17874,Nestor Cortes,SP,0.8567045767112915,0.7618179217694231,0.8529577179851311,0.9565936765017968,0.32505501058442265,0.27275713151019537,0.32282993581115516,0.38022061325326867,1.0342601582106614,0.94530601895159,1.0324072595199527,1.124769789894371,0.5311477860835323,0.44833983799443117,0.5282839392916154,0.6176169292941825
17948,Trent Thornton,SP,0.9193286902339366,0.8264707672699284,0.9152089586622171,1.017230881727363,0.37424198594334346,0.3157324353618644,0.37166218157648734,0.43686284112378454,0.9688908666406917,0.9034606003094314,0.9671095257169564,1.0360694867628633,0.5021380587391552,0.44061035336838195,0.5003339883847091,0.5655679914007208
17964,Tyler Gilbert,SP,0.7644913090946818,0.6641946339254813,0.7610068176578398,0.8724988238172418,0.31526102393683375,0.2503156274422821,0.3108270406153929,0.38567112863276704,1.0203469055116134,0.9221973860955229,1.0170451106063294,1.1190955441754291,0.49493291770128206,0.4125708355686601,0.489315989029946,0.5825805002444375
17968,Brock Burke,SP,0.7064985494181695,0.5897863678317188,0.6969545190613129,0.8357931448922946,0.41627979066503806,0.31818534130310727,0.411147425819949,0.5215795109636185,1.1562109075598517,1.0296406413035863,1.1538805916388681,1.2844584949075963,0.6649382185883354,0.5428736510286973,0.6613541185658214,0.7887523119348796
17969,Peter Lambert,SP,0.6765996549124416,0.5882294630331895,0.6714350624941903,0.7697217426187555,0.3973885307620295,0.32690505404060344,0.3937387958891211,0.4738426144410596,1.216046760127387,1.1234591606093816,1.213241670245504,1.310477721512,0.7072486885709265,0.6153339153281185,0.7031857960248238,0.8036674541176878
17995,Logan Webb,SP,0.9576917560805756,0.8759069184808297,0.9545090340860742,1.0431791648778992,0.20260716046405755,0.1765021082217019,0.20144871605994144,0.23032394086270722,0.89106545637426815,0.8374510061100844,0.8910433338155369,0.944871977528494,0.3711184827445767,0.3293057412456417,0.36892626607552426,0.4164753929793388
18000,Triston McKenzie,SP,0.967289995301716,0.8645461171435556,0.9629325839912413,1.0746644772833513,0.40848996921995373,0.34915943864254384,0.40560686188150247,0.4716306892865112,0.9144118179651214,0.8463514150906454,0.9123961112284702,0.983701188638014,0.4750781904973815,0.4116798464465723,0.4730982110269951,0.5419382896405552
18311,Carson Fulmer,SP,0.8310727496022962,0.7104384623740357,0.8239512843524313,0.9615170332937845,0.5606874107552681,0.4474620687749723,0.5544403184292238,0.6814367822773074,1.1274886299090163,1.0162665047017707,1.1237103408155398,1.241900032586243,0.7037528469478516,0.5882924058190596,0.6977671007203625,0.8254063225189765
18383,Michael Soroka,SP,0.948666136935837,0.8362492014552578,0.942941573474884,1.063479245005742,0.31080334178352453,0.2575325427878881,0.3074721455846716,0.3688096601023902,0.9459615234904236,0.8702123724734361,0.9434537268167932,1.0247406742410639,0.4616167231988928,0.39745186015032785,0.4588651689250655,0.530402949873179
18498,Kenta Maeda,SP,0.8896710967663417,0.7998389106952212,0.8851315603227605,0.9864855705025757,0.31333475411769013,0.2643483005914305,0.3113085754121473,0.36560367097905894,1.0635074447471893,0.9853463545643825,1.0634685033466522,1.1417531065982165,0.5913530519326172,0.5153601101966309,0.5871188201107548,0.6740455277658138
18525,Dylan Cease,SP,1.2434782621234945,1.1420135962535296,1.2408855257864677,1.3504549504830474,0.37699094041626136,0.330320551113705,0.3754525884453304,0.42561190091338535,0.8162872024142251,0.7674904216364944,0.8159629210523496,0.8668578077573171,0.4049384507462505,0.35866779321251746,0.4026186388310321,0.4543891846386846
18555,Logan Allen,SP,0.7623875859323733,0.6628610098547567,0.7586825203385789,0.8685850744040177,0.35837796759559576,0.28373058159696246,0.35342692336513226,0.4377615864973188,1.1152624635708341,1.0182769444201052,1.111188508303806,1.2163254163039272,0.6051333369568853,0.5145852102775428,0.6005899346539078,0.7022864196174249
18674,Jake Woodford,SP,0.7072899547330308,0.6176566061189844,0.7040157850315323,0.8034005409260512,0.3546277676468461,0.28876551670322714,0.3496772019493798,0.4259692953967289,1.1925666941982749,1.0874136917894581,1.1893924368361888,1.297494894896776,0.6538673738820663,0.5575657678336494,0.6497435234892389,0.7561650346955794
18679,Freddy Peralta,SP,1.1475201271057642,1.0541107423145135,1.144977855552776,1.2439507609547222,0.3462454707188076,0.30170431962199673,0.344731010663454,0.3923586140221579,0.7887767210131991,0.7380670269704996,0.7873410227545542,0.840231628821199,0.3672676895119507,0.32366482405457464,0.36500700592418134,0.4130247226420875
18684,Sandy Alcantara,SP,0.8375560843960266,0.757166267150568,0.8350469617514051,0.9184247283465818,0.27595833266057573,0.23618087324464737,0.2746565073352548,0.3167438469410145,0.9889398855211563,0.9256950857969838,0.987858410351738,1.0542365167994865,0.46952740606230453,0.4139972670707308,0.4670353578949756,0.5267254368720865
18694,Kolby Allard,SP,0.8301472283567805,0.7448119338704045,0.827990775753721,0.915545676976355,0.33424043789986524,0.28713215017067584,0.3324584880476153,0.38439296431900266,1.0355470794975499,0.9673955542193622,1.0348164188689175,1.1036550330965225,0.5443734404989159,0.480159603936723,0.5416769865974275,0.6114253846136315
18769,Cody Poteet,SP,0.9583137154736925,0.8144408086537017,0.9528025693845561,1.1075380399109223,0.40319710432559674,0.3139989517804064,0.39566512343590776,0.5022130345936541,0.939171617716966,0.841268900569311,0.9373330695671116,1.0380784921479722,0.4881853747094473,0.40609343965105654,0.48399006585397497,0.574360343303631
19206,Dakota Hudson,SP,0.5804380080401119,0.5132873735669686,0.5780229882567721,0.6481493188104461,0.5015980742701796,0.42877212511398044,0.49830122872588367,0.5791419394017604,1.2255418864940342,1.1345459253824206,1.2242259991260442,1.3187718414233112,0.6995696092341521,0.6118106394374113,0.6951671527846901,0.7945199531653615
19225,Mitch White,SP,0.790275058846009,0.6961380030280548,0.7877730809759665,0.8880551556050688,0.36298334176005354,0.2989118953170314,0.36021912419265256,0.43083667263964665,1.096391347129214,1.0103985400744318,1.0936368782936627,1.1834798120222845,0.5878547771282973,0.504663459430327,0.5841403473070821,0.6738676792076645
19244,Cole Irvin,SP,0.7137411256100814,0.6374891152290028,0.7111597152131377,0.7919240457525165,0.25226201978964014,0.21263699647519038,0.2500734268824808,0.2950497368274491,1.1120038663820018,1.0290055441750412,1.1101340050176989,1.1994221051387517,0.5321650462398557,0.45978138414606257,0.5292164749564999,0.6091374224170096
19291,Zac Gallen,SP,0.9273302524665795,0.8471651829603215,0.925686915061503,1.0102733743820707,0.3186876346723118,0.2774489945002481,0.31777386870932084,0.36035802652005267,0.960279523366746,0.9022561418209274,0.9604149799517563,1.0181776729690686,0.4764654470831159,0.4228511712263204,0.4737776660085904,0.532951671386902
19309,Trevor Richards,SP,0.9542264951100999,0.8615302745342572,0.9509555721868148,1.0507214180211624,0.3863913230805514,0.33311841429781647,0.38340878385084143,0.44437172413731896,0.9261997473713249,0.8631483280734642,0.924569418266725,0.9920393020288819,0.47080179047313736,0.4112766848688122,0.4685808810930369,0.5318727112476372
19312,Cal Quantrill,SP,0.6689067008315851,0.600159161047163,0.6655760283985916,0.7417064881778115,0.3748574154452005,0.32367583517564363,0.372988259500064,0.42977655763786543,1.1745017504568431,1.0958426377499773,1.172618870080347,1.2540497449683965,0.6307713581199096,0.5549100674184894,0.6292216476620438,0.7101815560118765
19316,Eric Lauer,SP,0.9829702798528065,0.8793615529838246,0.9775036863875812,1.094206431494178,0.31063245134557543,0.26142064289138933,0.3078899915630116,0.3635588848492158,0.877860697782505,0.8140739632062249,0.8765994324935205,0.9466237909828528,0.40740832480397976,0.3508668865972448,0.40580833565475816,0.4634598233643067
19320,Joey Lucchesi,SP,0.8619059360168314,0.7475418098145383,0.8579755297059136,0.9794655522825478,0.3124359701662372,0.2519667114320293,0.3084148214486606,0.37727021059663457,0.9431148919275989,0.8499382573786934,0.9397297974391277,1.0412498714573284,0.44775373457393836,0.3694348662433293,0.44293141838466493,0.5312110048792572
19350,Dean Kremer,SP,0.9105237939682831,0.8251982055418676,0.9073465677456045,0.9983107569923385,0.28015065328090205,0.24168654789304597,0.27815668326718446,0.3217224290467305,0.9038245116848035,0.8420033948018193,0.9028167284042822,0.96708324389578,0.40976172822256857,0.3569219168884211,0.40725825017316125,0.46653498545205274
19361,Corbin Burnes,SP,0.9034205835691702,0.8118817152187499,0.9011828035237484,0.9966223857262396,0.30715219231797386,0.26239152981224867,0.30487503309822483,0.3555930803150439,0.887263078278489,0.8218080859388243,0.8854608153734782,0.9551660228877945,0.40879875744362487,0.35203915807917363,0.40607771063108844,0.4679722239401469
19362,Keegan Akin,SP,0.8555297148461518,0.7636139057963226,0.8511992058029227,0.9549718276876289,0.3969222991568853,0.33243705340873664,0.3934668809857769,0.4641368468748938,1.0859960228053933,1.006751837920973,1.0845219706449476,1.1671815856142747,0.6070368370265871,0.5294729856893358,0.6037199282915469,0.6909553354345168
19374,Walker Buehler,SP,0.7372750331240632,0.6582497550881987,0.7333818314898366,0.8209046148567454,0.421987517752353,0.3579069677514422,0.41939765024092746,0.48938753632472065,1.1533160111443719,1.072370605002971,1.1526246034438057,1.2340667892396522,0.648084101500558,0.5681768671711462,0.6437732626115744,0.7319449682861939
19388,Tony Gonsolin,SP,0.8457921112748161,0.7383196587891871,0.8381812740833681,0.9639324621362086,0.4289036038609253,0.3497746669429598,0.4257245442227433,0.5142779068676863,0.9777422964017959,0.8822395782035967,0.9735823407069857,1.0793487418348928,0.513210688192901,0.42133642994503956,0.5077765601769766,0.6117366054385247
19407,Ronel Blanco,SP,1.0187014638786307,0.9031028293823757,1.0148042435556879,1.139059790540485,0.37608876222823734,0.30981841005545313,0.373696073807933,0.44348451927167565,0.7867905667201955,0.7119841354202016,0.7853299365381419,0.8630090408317181,0.3585060831253771,0.29820923418505824,0.35530590725711164,0.4222586036168008
19409,Dane Dunning,SP,0.85859818560169,0.7741412648290311,0.8553794828666262,0.9482580385049622,0.35920731652910165,0.3087275877626626,0.3582556273043951,0.41193326225833354,1.0007287282065034,0.9303360718306792,0.9989604029084288,1.0730821592287136,0.5091943745038883,0.44012437700061774,0.5073685120155871,0.5810068607033715
19427,Shane Bieber,SP,0.9064894471751883,0.8088212381345997,0.9028127918467355,1.0097720532665204,0.2359665992496129,0.1931007066758222,0.2332088788576265,0.28189183889290126,0.9154436575600023,0.8424129630884497,0.9141129795344161,0.9909967772885149,0.4029875452598723,0.3424575632452015,0.40077423157711733,0.46674219812622053
19447,Patrick Sandoval,SP,0.9287975296206793,0.8410283326788529,0.9254748303259406,1.0198813077606084,0.42053859655026243,0.3629889973809193,0.4183573003223708,0.4802112373450898,0.9573505074355673,0.8923362783659498,0.9559838408941698,1.025769189058897,0.5004919858909239,0.4375046811377559,0.4983115984621409,0.5667592341143535
19479,Aaron Civale,SP,0.8930406676416194,0.8059812679534958,0.8900122166760022,0.9854572862569007,0.31231244972764377,0.2662322444505417,0.3111235596013294,0.3602830797743788,1.015320603587707,0.9475938344068462,1.0142198305628116,1.083785054088709,0.5112977296204549,0.44694611273681606,0.5092488388168224,0.5776907469414135
19618,Jordan Hicks,SP,0.897013764018754,0.7934690345383808,0.8944830455551742,1.0027261813068233,0.37766139618235756,0.31148063546961247,0.37456968560478043,0.4480357259024328,0.9643168850754055,0.8889347026602503,0.9633379774631305,1.0420559354193222,0.4903926404945558,0.4252828655289133,0.4878030399876566,0.558874023734811
19666,Jason Alexander,SP,0.7687482463659207,0.6616543365609229,0.7660048328490454,0.8781004396224779,0.34315953885639655,0.2751432471189875,0.3391743127007772,0.41753292921601676,1.0783131908902577,0.9753679694550758,1.0749528070013652,1.185537863987343,0.5545342682523974,0.4604188507817094,0.5493430889389523,0.6519197405983292
19680,Sixto Sánchez,SP,0.7497475637188077,0.6470106932975378,0.7457174073522972,0.8566558292996687,0.32507109968334574,0.25973432871643887,0.32052559121374047,0.39753183362006045,1.066757489582859,0.9665914010353347,1.063292313286044,1.169065371556558,0.5392121395995966,0.4547520808344675,0.53403071423202,0.6289036891801295
19716,Dustin May,SP,0.8841374520427533,0.7928173061338909,0.8810166679448805,0.9791183160694387,0.38985417216713625,0.3297030574726191,0.3869692836955041,0.4538860243670289,0.9783690508996267,0.9069982509303022,0.9774332522169258,1.0518879553211309,0.5072180548867696,0.4388290347372057,0.5043530646637286,0.5746930175160148
19755,Shohei Ohtani,SP,1.244228561216843,1.1095602635248387,1.237822423543292,1.3820317434139684,0.293983731270846,0.24260740350722607,0.29195641305684733,0.34922251918192926,0.7433512393557419,0.6760740641054954,0.7428371271542688,0.8114276264185455,0.3239394073648027,0.2717408203470565,0.3211263474589783,0.37863940277984875
19795,Keegan Thompson,SP,0.9448309433971903,0.8403501325268036,0.9400108898956975,1.055018661212045,0.35977985704544235,0.2962433102669464,0.3570269808462806,0.42771166643632197,0.9261835321045518,0.8558250621172724,0.9245186712377669,1.0010715720568393,0.46023098793168116,0.39680647421675486,0.4565218262860269,0.5275829245403321
19853,Michael King,SP,1.099411677995572,0.983742070216345,1.0945775911338076,1.2206463018888656,0.33497844978186203,0.28028103557255557,0.33322030960462334,0.39305905501360455,0.8198905404239748,0.747773183126881,0.8186165898023368,0.8941713228759854,0.38015478455614293,0.3198839728784483,0.377269264719698,0.44356727225621784
19866,Brandon Bielak,SP,0.8447301147180047,0.7443096372108788,0.8414465173759053,0.94815863812917,0.3735508883858096,0.30974821412003734,0.3712916168496786,0.4406175136157998,0.9882468187218039,0.9050841277312783,0.9859985204778113,1.0746396080805407,0.5005335200593248,0.4280176709775294,0.4978387859661889,0.5776711744828834
19867,Griffin Canning,SP,0.8560593473339191,0.7730443224524511,0.8534207656123747,0.9431732237527223,0.37145229717792005,0.31978370974087683,0.37032866624237115,0.42444525808003625,1.021384142599807,0.9542016102275731,1.0201427730526396,1.0914478717418596,0.5350028696958409,0.4701771496573877,0.5326512852518734,0.603394984635467
19874,Alex Faedo,SP,0.9011969389647487,0.7951307341907892,0.8964091749062767,1.0139554483125823,0.349106564600017,0.28944534403597666,0.34616965245899256,0.41424601562527036,0.9631892459487967,0.8845309721152728,0.9617291929654657,1.0437290783958606,0.48392064289475023,0.4151091972410156,0.48002518198281796,0.5583109839940601
19879,Tanner Houck,SP,0.8064757708616836,0.7199243465926436,0.803109323429027,0.8977553396881885,0.3351488728687989,0.2835732434953126,0.33226556605776036,0.38909348163828855,1.0627193084672086,0.9779906305551445,1.060178669720076,1.1481961435512957,0.5513548669604323,0.471961397178263,0.5484453955228679,0.6362673443454923
19899,Clarke Schmidt,SP,1.0164851030199928,0.9079870138601468,1.0132517201886935,1.1266751864900535,0.2937236174960357,0.24704900800872182,0.29080351383772396,0.343803510262689,0.8506859338120074,0.7773895851038656,0.8503193176180941,0.9249172435714881,0.3842569916467921,0.3253962057405682,0.38125499155727316,0.4462516493389517
19911,José Suarez,SP,0.9027471516831725,0.81143088017565,0.8996147940885171,0.9972693552896186,0.342799859366327,0.2923908012270126,0.3404180066444909,0.39436828792513456,0.9866261784643773,0.916434108084488,0.9847469219088623,1.057445745882533,0.5058987634870531,0.44173987670532494,0.5032911554743351,0.5715477171845829
19959,Jesús Luzardo,SP,1.1304117609310154,1.032713297502476,1.1278828743789715,1.2314006664427242,0.29471860284380336,0.2559237608042524,0.2932785225499783,0.3348320910172606,0.8533195973762115,0.7969853979929487,0.8533751015305544,0.909237970300692,0.40293253805699264,0.3540841068711592,0.4010334205501829,0.4530648332260213
19962,Joey Wentz,SP,0.872116264694087,0.779391417012202,0.8680985088255302,0.9725964478353608,0.4013070576620312,0.34046401895355705,0.39901662052301334,0.46461737749259846,1.055238654756434,0.9817248193479468,1.0539552921650506,1.1287336008290068,0.5846075365273489,0.5131422909800635,0.5815985638765651,0.6594355428788208
19990,Bryse Wilson,SP,0.7100510198764304,0.6356485938597976,0.7073176577088692,0.7872625508548982,0.30022456732848263,0.25364521202661566,0.29860860731379407,0.3498316142921702,1.1243614842744256,1.0499647706596067,1.1230121144777234,1.2018645887490014,0.5778905791016882,0.5092401431944807,0.575827650154323,0.6480288298472063
20000,Tyler Wells,SP,0.9414858748967393,0.8467331542799299,0.9375651038266581,1.0385954946347922,0.2776825349588217,0.23109188130489997,0.2755970939255557,0.3253036081839297,0.8702070271012556,0.8048790927079299,0.8679469184917953,0.9383499603086763,0.3890375773443301,0.33472120008824374,0.3855008402429627,0.44698262442997366
20070,Bailey Falter,SP,0.7386222642797821,0.6651356473300716,0.7354241032523516,0.8176227840227652,0.30351252650423727,0.25968514589406777,0.30193372612522096,0.34845982445901713,1.0500331221644816,0.9750606763153895,1.0494997382184925,1.1277691739111941,0.511053252265553,0.4438129572131692,0.5085920843535565,0.5789188914768849
20099,Chris Paddack,SP,0.7345536747289033,0.6617184450105273,0.732770144892385,0.8106912889369833,0.25857148539234887,0.2187685780947533,0.25716211179054393,0.3001235041194291,1.184961300164973,1.105859328728128,1.1835010292275303,1.266063851805516,0.6109781337763927,0.5361461085809983,0.6087947951270571,0.686986065138562
20132,Adam Oller,SP,0.7703134904641303,0.6673982215915583,0.7654522909333064,0.879981097452039,0.45710526011813274,0.3732422184775229,0.4526277717294719,0.5464934864429593,1.090390735006381,0.979870975885917,1.0870325241514116,1.2060820116983055,0.6077645263866305,0.5033358361581202,0.6017947654855778,0.7185248698559444
20167,Kyle Muller,SP,0.7805231799348217,0.6891927383006275,0.7771849570546576,0.874802506231552,0.4515242769751037,0.3789907734908789,0.44846285312548717,0.5287001891043046,1.1310928530154292,1.0461804827864545,1.1272324876131206,1.2218660045969854,0.6539583800816141,0.5681283842336529,0.6509123214747168,0.742905776027333
20203,Eli Morgan,SP,0.8587710272703913,0.7589478989625996,0.854565199976338,0.9651489854045875,0.29409633674829055,0.23888238210577287,0.29083271660663657,0.3520993077398383,1.022632802313494,0.9428841716160611,1.021248751518785,1.10338699163999,0.5128821722890147,0.44289973041857716,0.5108902876111475,0.5874089668418104
20253,Griffin Jax,SP,0.7916950349465167,0.6936106916635177,0.7886303579358742,0.8913932729350472,0.36144503101220427,0.2968220822955439,0.3584643759626549,0.43056085338563505,1.0856414627481428,0.998111928254074,1.0848599644097177,1.1720580842216428,0.5809359305468996,0.5020862533354842,0.5772731280063458,0.6630866091920626
20302,David Peterson,SP,0.9299813178862312,0.8432945171634603,0.92827765775481,1.018858043911821,0.3728968786183782,0.32328479666881677,0.37139294076393203,0.42499398256740456,0.943330166844962,0.8796665471013112,0.9428563908960178,1.0063206423418194,0.4740360916403868,0.4159272524210469,0.47119197275933755,0.5342467303313488
20369,Matt Manning,SP,0.8227202683295398,0.730192337954441,0.8176070372420434,0.9210313912803016,0.2993857958372066,0.2516466271087923,0.29690685723477284,0.35046856087215567,0.949076099767601,0.8714688783486373,0.9487108812093918,1.0246049843005967,0.4434766754729348,0.3826380080868079,0.4410949894747873,0.5079550043179613
20418,Josh Fleming,SP,0.8953063854614953,0.7563096421565106,0.8876516763117281,1.042184588021227,0.274787178953842,0.21082939929928274,0.26995962425561276,0.3455214566756849,0.9083514470989859,0.8089485875138585,0.9067860449625497,1.007379687575011,0.41530892854562707,0.33984478364791076,0.41229237671661234,0.49456168730119504
20492,Casey Mize,SP,0.8570823479638479,0.770985884644348,0.8549996900586472,0.9464043963960648,0.2586639295917882,0.2191441206294843,0.25756004681769035,0.2985063959749244,0.9940058717498041,0.9259180247427756,0.9935931532422865,1.0629772117115555,0.46452924662957806,0.40477205159142793,0.4625545164471042,0.5262095525460434
20531,Kutter Crawford,SP,1.0053402759412478,0.9104092375688486,1.0002809626888105,1.1061525147438134,0.28351905849200243,0.24343627855180966,0.28185959223585355,0.3275936895122498,0.8964732636630341,0.8343804572349025,0.8960230627054901,0.960317360493687,0.4222903006064789,0.3671583373684721,0.42035957157230225,0.48001983434434214
20548,Bowden Francis,SP,0.8155202291264335,0.7027513574606654,0.8118866163290428,0.9340523141764572,0.3891623803997496,0.3105525944737303,0.38477579275222473,0.4718776794577512,1.095377762293794,0.9908872270446492,1.0937222701553917,1.2043993309214105,0.6008260490931235,0.5006394602038593,0.595637198988489,0.7061098342370399
20629,Tyler Phillips,SP,0.781786935005509,0.6678317402605258,0.7765843574708031,0.904508235004831,0.3004005184761217,0.23125065859042332,0.2955381395034681,0.37525096653375917,1.108101345608699,0.9967512889642356,1.1040510944967303,1.2232317343917969,0.5718541383367154,0.477282242398557,0.5650776404754061,0.6731202893442523
20633,Yusei Kikuchi,SP,1.1256526570906906,1.0264867091012546,1.1226770640086108,1.2277016590913203,0.34895533368724124,0.3038385887357163,0.34675162925093617,0.39647397970637016,0.9117368202755726,0.8524182352032542,0.9103257244547706,0.9716985670747919,0.45015641542858476,0.39846292476034506,0.4471516281429452,0.5055049390130598
20778,Cristopher Sánchez,SP,0.9965201780714772,0.9042892641896112,0.9925222163179683,1.089970439149308,0.20563991935541698,0.17470202563340986,0.2043647359000579,0.23873699286010056,0.8437480285864647,0.7848739913375584,0.8418669752375241,0.9042755094724699,0.3439634602954688,0.2990529061418782,0.3416827037310918,0.39305984955678225
21052,Luis Gil,SP,1.0346688495885161,0.9290816938477661,1.0317490015666402,1.142883422437201,0.47231923706334755,0.4045642741492913,0.4693413199413101,0.5456704696720482,0.8288716821892972,0.7647196747668973,0.8270463302474386,0.8954129647046015,0.4165656800073493,0.3586269873317028,0.41483541273462277,0.47532271419803557
21212,J.P. France,SP,0.7750839673614928,0.6781447370913114,0.7723796056859439,0.8747098679887593,0.34732679437834474,0.2846624088926952,0.3435318855088235,0.41403821579637323,1.0539410469753323,0.9591181119396867,1.0506317167416095,1.151373399748095,0.5355368582629123,0.4494314091304581,0.5312174018545375,0.6228991197902395
21224,Bailey Ober,SP,0.9183781215583323,0.8283099324807622,0.9146108589452648,1.0118144458211595,0.23644194668722934,0.2005717412444221,0.23482578398268697,0.27336347906414826,0.9883048794592928,0.9177800483541837,0.9880691821438705,1.0583187155074871,0.466802891792641,0.404227440839314,0.46412035268795615,0.531625693832794
21318,Tylor Megill,SP,1.072667610601478,0.9557676226683357,1.067473057336401,1.1929762691946548,0.3830149885474582,0.32407991432102046,0.3797196044275788,0.44702206880651896,0.9134357848199816,0.8397831408909054,0.9122114426982391,0.9882031692600879,0.46947432281224916,0.4010604846835669,0.46565404518082953,0.5407448566055321
21390,Joe Ryan,SP,1.134790335253992,1.030423262041579,1.1299054286368053,1.2419719604588582,0.22109478311648426,0.18845242540272747,0.2197024458588887,0.2549299377364539,0.8385209109216317,0.7799267928909304,0.8368451051461954,0.9004026254425919,0.36705494559778096,0.31837884361640445,0.3654168899350672,0.41751929308219365
21446,Ryan Feltner,SP,0.883453947721437,0.7868356336542837,0.8807140672652087,0.9821500510947087,0.33516229569476347,0.2824217214569084,0.3330898575335211,0.391183153520356,0.9842923660483437,0.903873994256326,0.9831102488777039,1.0622220402437161,0.49361424413965077,0.4209850806471232,0.4908419325995183,0.5698824336310372
21448,Davis Martin,SP,0.831127316674926,0.7438407508116013,0.8275557231643771,0.922589612035231,0.3244736405843592,0.27556116633455746,0.32201211690082376,0.3774258117705651,0.9760697994975507,0.9017288061082045,0.9756400810028962,1.051040263088195,0.4725204230178591,0.40947050495405474,0.46925945986949125,0.539468493473918
21453,Konnor Pilkington,SP,0.9192254189962562,0.7996568719694352,0.9136447366997723,1.0446621838982364,0.455872670009516,0.373061801887971,0.4502170485354213,0.5471314114543206,0.9434737329662769,0.8575692402582503,0.9416392849355044,1.0318196126705412,0.5036521660688028,0.4265122853915405,0.4998822870792713,0.5844460676354037
21455,Kris Bubic,SP,0.9990301772768683,0.8938351000886561,0.9949001086908726,1.1059502598970101,0.32604451500698406,0.27734592546961007,0.3227580369576039,0.38083975881819343,0.8662883599067288,0.800436422767719,0.865810086562145,0.9337346881301035,0.40398525521588513,0.34884709852057594,0.40135177911451586,0.46008523219912695
21487,Stephen Kolek,SP,0.8179624332302178,0.7224641487692254,0.8138870699288752,0.9186087902290714,0.26966867464534516,0.21803344306814107,0.266455880023734,0.32424147663489417,0.9462355037824974,0.8694334910968204,0.9454046897529691,1.0244071513103459,0.42575173935236427,0.3649406776052878,0.42222703032645714,0.49126691243232823
21504,Jake Irvin,SP,0.7624019582623848,0.6881409336976316,0.7589644482180677,0.840088986966738,0.33892813470953853,0.29217600849125874,0.3383609250198272,0.38688986390362184,1.0795764173515157,1.0045708274797998,1.078009040399059,1.1558444934382224,0.559402780536063,0.48845784752422877,0.5569371834376018,0.6320378679161986
21537,Daniel Lynch IV,SP,0.8510973343469809,0.7627355683745182,0.8481325983352876,0.9441351590718154,0.34826402188342936,0.29701026849341267,0.34631916280250924,0.40267179848337725,1.0309662712799186,0.9561137112306417,1.029924099282863,1.1061197282997226,0.5336423717429063,0.4652118817394838,0.53121888953945,0.6047616792697978
21649,Luis Medina,SP,0.9262789679929069,0.8272660585961888,0.9218212798301446,1.0286040475305924,0.4321369498860617,0.36669409887592885,0.4299623185675932,0.4987438919500051,0.9768964605274431,0.9059651970205521,0.9751364773839475,1.0502564817913491,0.5280340898173771,0.46091760922704084,0.5252085364272819,0.6002480766411041
21690,Edward Cabrera,SP,1.106325299798174,1.002639456723662,1.1043810114219665,1.212336847252576,0.41108711514254936,0.35703987264833353,0.4093681784689313,0.46815370578292487,0.8340740801302835,0.7749599120168793,0.8333976391031879,0.893275951642766,0.4169171336294342,0.36427467433089555,0.41431788537155845,0.4722387029397291
21741,Javier Assad,SP,0.8594195602521961,0.761821847218152,0.8569610206749614,0.9603351107017591,0.36738183323214985,0.3092490722063854,0.36410344312142606,0.42980678446407233,0.9357441734612537,0.8617098436675286,0.9339846450699536,1.011986256106305,0.45510793330562066,0.39054087808256976,0.45157579354627964,0.5234849105630213
21844,Braxton Garrett,SP,0.9734212488956208,0.875999610210223,0.9690533344259544,1.0770960680007704,0.22891254399781596,0.19253536255232206,0.22712707842750207,0.2665714204815777,0.9225095671091633,0.8541746013086066,0.9220113557403763,0.9901195755433111,0.41434026012095687,0.3586736643219264,0.4123544859869285,0.46986752106993546
21846,Cole Ragans,SP,1.2765465663016262,1.1465295352751328,1.2731028043664416,1.4064121241060419,0.3126358319179474,0.26650526158157073,0.31090204651556735,0.3605303941461297,0.7766695893617528,0.7174490665417818,0.7753623801597309,0.8383443301389129,0.35897645232477343,0.3104598482782758,0.3564820194243735,0.4103117405875345
22092,Kyle Tyler,SP,0.8345568080801202,0.7069600164989674,0.8289629025397524,0.9668586257175129,0.4170795383417692,0.32598303921580796,0.40976717592987044,0.516176039038526,1.0456618283824584,0.9371517703486212,1.0445125270050646,1.1564145566755175,0.5665186020527819,0.4662582071754059,0.5608870965382372,0.6723214053796113
22100,José Soriano,SP,0.9203959465694237,0.8332624582950459,0.917930476363459,1.0108868579757546,0.3956217308357744,0.34271188711868894,0.39302619193903376,0.4518067155906659,0.9102602829908876,0.8507058982175959,0.9093015441139141,0.9707840917501592,0.45438347254037204,0.3989901183586751,0.4518299746897866,0.5113891491664008
22175,Max Kranick,SP,0.8019284015905142,0.682798366374033,0.7947840659659892,0.9324753211091587,0.43715274269153365,0.34300111973905983,0.4303925987127655,0.5398370055355041,1.1040404879228316,0.9979916106111697,1.1005476218744235,1.2156213186025255,0.6345596845809405,0.5322608740458377,0.6289471266208211,0.7468891318053071
22182,Hunter Greene,SP,1.2627058656375918,1.1500516155320872,1.259135337227839,1.3783160800318173,0.30197994190377997,0.26214885541814126,0.30094006096580417,0.3428582120999748,0.7612346598748166,0.7092105570154548,0.7608936798221013,0.8135191534282864,0.34590285122238384,0.30421222896908573,0.3447934797143942,0.3889497432818582
22191,Tobias Myers,SP,0.953388871132793,0.852751297575398,0.9509805305896644,1.0564419308067259,0.2647917547020378,0.2171619590650593,0.26204504782717813,0.3149758965993286,0.8771066444186261,0.8112481746246626,0.8759296262061828,0.9448431360797741,0.3913536545386142,0.3387475248259345,0.3889879267025204,0.44650676900543496
22201,MacKenzie Gore,SP,1.1007757756764724,1.0053917281966773,1.0971632463411558,1.2015932471177946,0.3566137393908711,0.3116020824793453,0.35411783554909476,0.40483125428337974,0.8876263929854716,0.8312411957590408,0.8872105862136273,0.9459906353826937,0.4441190232105741,0.3918321624477711,0.44208828174519266,0.4992480372538704
22207,DL Hall,SP,0.9405917604611485,0.8076839572146399,0.9362381598260088,1.079882364509215,0.40501655203027864,0.3214251880542318,0.39993082344297104,0.49570632042330387,0.9796669983601441,0.8842234935194424,0.9769076726653284,1.080151269980715,0.5237670064181643,0.43948382143853937,0.5200952196643713,0.6150734017797717
22250,Logan Gilbert,SP,1.1851663195938444,1.0796851580644706,1.1797109795793042,1.298223460291657,0.19840196933063786,0.16920105222821125,0.19722743452030578,0.22838183491220443,0.7767476582842554,0.7243327326693029,0.7756955510218249,0.8302001900196445,0.3156958277985728,0.27553934056631957,0.3140696128360522,0.3577972883024687
22264,Shane Baz,SP,1.0080143976960239,0.9131808362596253,1.0054201529900404,1.106851961573751,0.34744202361838783,0.2992747231435462,0.3452045063734079,0.39732732658765507,0.9115526135549814,0.850527157597575,0.9097993194697129,0.9753853259709349,0.4563170318674525,0.39948286604070393,0.45440734117612597,0.5140506075345656
22267,Tarik Skubal,SP,1.294198987895534,1.1859731336581485,1.2897070229542045,1.406345003429508,0.1707311992859843,0.14615746230108706,0.16933041584732705,0.19679478273262763,0.6789139117853961,0.6335667610619908,0.6785676745406318,0.724933174873025,0.24587221996806363,0.21379457027572837,0.24475571286170567,0.27835831856639826
22286,Trevor Rogers,SP,0.9352147304668325,0.8466064008205381,0.9323289243635531,1.0284605378829912,0.3205781144880819,0.2745917347740493,0.31850320226159157,0.3683149109479798,0.8994800182932663,0.8376893489131447,0.8977807520735178,0.9642727647032416,0.4224831847926075,0.36916715000004585,0.4213422849155527,0.4763171858642425
22294,Matthew Liberatore,SP,0.8595809570788798,0.7732624542869062,0.8557248584473445,0.9512131595223928,0.29188117654321494,0.249755934438212,0.2896874671552226,0.3382616139009969,0.9825627102057646,0.9169478305797558,0.9817944536431824,1.0507089716564195,0.4740387520941373,0.4180416603765718,0.4715805382048417,0.533648965291019
22387,Josh Winckowski,SP,0.7202491289869435,0.626305417978245,0.7146068076022487,0.8181169214929132,0.38335269345399814,0.3107449258744623,0.3798301557906584,0.4595313159804393,1.1537891959305504,1.059730514545974,1.1510317533773278,1.2494932803059648,0.6410369389872032,0.5497059362858019,0.6379332485878575,0.734834733577932
22487,Johan Oviedo,SP,0.9975569766953113,0.884925074520284,0.9915130212715366,1.1177017750796046,0.39959275541460676,0.3366427110484628,0.39618744793376337,0.46859045466435584,0.8553154704508408,0.7822951774261241,0.852990994377252,0.9282343750789684,0.41739617989783045,0.35453521258123455,0.4150601964042828,0.48474200868374706
22543,Taj Bradley,SP,1.0380628911374843,0.9453890363222492,1.0354656540175937,1.1320613368099264,0.3400807167960572,0.2973094566808174,0.33820942702802576,0.3843096637801018,0.9347692379615904,0.8769434843810616,0.9330972391092194,0.9948323741554427,0.4825836785875892,0.428497481953523,0.48000366810605066,0.5396743086777016
22630,Keider Montero,SP,0.8426057716562027,0.7563406902518035,0.8401492195228325,0.9314629017932948,0.31020189908894097,0.26342891441779304,0.3085559060680178,0.35855439237743897,0.9906307108356321,0.9250473728897325,0.9897148061412855,1.059777107539029,0.4889981159326181,0.42952482509143686,0.48775029676336623,0.5483471617799605
22810,Roansy Contreras,SP,0.8898532806354699,0.7952393443427569,0.8867236349932004,0.9888199180302214,0.4023368644289708,0.3422857608702367,0.399176674155484,0.4664615335380845,0.9733338294596567,0.905235997076982,0.9722750535621406,1.0397082167067533,0.5176549461289982,0.4549151696011304,0.5143782706602129,0.5852544958437838
23150,Osvaldo Bido,SP,0.9899264183341007,0.8713953279831385,0.9864390613975259,1.1081112567199916,0.3634152963763205,0.2966021760109547,0.36052925205292174,0.43280151073597395,0.8983270985135856,0.8188751119198515,0.8961819005518326,0.9775818721394314,0.44383398803745094,0.376554209537032,0.43995204906257357,0.5165737138831447
23221,Michael Grove,SP,0.9006353369470217,0.7957473889519586,0.8982441703630466,1.0111109058670587,0.31280462908832757,0.2563176037641834,0.30947563122648014,0.37264319109976846,1.037630235244389,0.9577986297562681,1.0344766010199886,1.1232922961714125,0.5377206906971583,0.4650686796108883,0.5323417428118975,0.6184883046103657
23252,Spencer Howard,SP,0.8686851099861644,0.7681228419824052,0.8654542131175181,0.9706089108070637,0.4212632412170986,0.35081847113667075,0.41776289368889574,0.4951474438340964,1.105536037573363,1.0219600723115145,1.1045064052947058,1.191542169814882,0.6411835221850591,0.5577359300460243,0.636154376359294,0.7282200489656783
23301,Janson Junk,SP,0.770399133837255,0.6762635424544334,0.766299347682371,0.8690294896484374,0.19188974361146707,0.15341449236126725,0.18902736257905012,0.2335237615958648,1.0262912205430013,0.9373227150712468,1.0239837692011313,1.1166196659628098,0.4456556117022343,0.37822474316795685,0.4417960589273645,0.5178338373834859
23313,José Buttó,SP,0.981304386148642,0.8466592679267068,0.9759577242652636,1.1257566902530118,0.40696137084413136,0.32373325576122397,0.4012054956642619,0.49616528565246254,0.8873006046029255,0.8029459004660225,0.8845885809679092,0.9761452733822975,0.447207833517537,0.37371959091900764,0.44324197342951943,0.5252018010949665
23335,Joey Cantillo,SP,1.028404939160704,0.8877852903244168,1.0213351023293096,1.1789143652332,0.3649062716508308,0.28659983367252845,0.36010242633734213,0.44872045508226677,0.9124910233332648,0.8218330642514642,0.9090388802447376,1.00731088324075,0.46710540168019593,0.3886524739471892,0.46387333438184936,0.5495570305926054
23429,JP Sears,SP,0.824882702499548,0.7452537261647205,0.8216141234203878,0.9077717448949667,0.28413352019106436,0.24395211856674096,0.2830756845638884,0.32539993246171256,1.029365945661584,0.956770263623453,1.027519010941274,1.1051567657586459,0.5044700589508966,0.43555503783893373,0.5024073845338883,0.5760885350504283
23499,Keaton Winn,SP,0.8554326974359399,0.7506856682981821,0.8521786187551761,0.9667984752656741,0.3167226126295628,0.2577008148166415,0.3127918568666387,0.3811960763032381,1.0321557221666404,0.9475367335500763,1.0296662943636847,1.1200973600015898,0.5293876694341112,0.4533018125274646,0.525254304135248,0.6067458800974797
23550,Aaron Ashby,SP,1.0787584126776748,0.9591304806410715,1.075361197318742,1.2017100226412374,0.41730787995036817,0.34750391600970354,0.41427942907431986,0.49203713693325946,0.9244911941472984,0.8542478784503785,0.9226920320472332,0.9968525340701953,0.4992366164508904,0.43016755644412574,0.49643935735291644,0.5685365404579661
23590,Ben Brown,SP,1.055388894441319,0.9469168274653789,1.0504584530460015,1.1702699804114096,0.3187703519278513,0.26795727868799474,0.3165058854345483,0.3708506993402905,0.9551199643363859,0.8889119832249819,0.9540600129353964,1.02374082736323,0.49293182268043456,0.43082308585630674,0.4900585587397641,0.5560894216801306
23796,Ryan Weathers,SP,0.9182708703781425,0.8214822099677259,0.9138743019102855,1.0190494351054058,0.29876909817524966,0.25393284580031467,0.29605982357688354,0.34712824210872606,0.9414817081124661,0.8711363290081104,0.9402624811732057,1.0117567799212357,0.45415551069233984,0.39477187203325365,0.45124360302561606,0.5175084121287535
23899,Valente Bellozo,SP,0.7937413309307503,0.69004064662752,0.7901241312187288,0.9012592328059565,0.30353316885493353,0.2424830384745189,0.29891294842969623,0.3712022676691477,0.9805817747191372,0.8944796231962252,0.9774146068939058,1.0694109380573062,0.46871731625758684,0.39924701218031977,0.46537078704929546,0.5426672414185377
23920,Brayan Bello,SP,0.9001744469440327,0.8194782987622705,0.897125396525864,0.9845221930749793,0.31076423414856663,0.2713160799818772,0.30908846346403385,0.35239726936758675,0.9205800343906867,0.8605538791924159,0.9208194052785186,0.979647610469291,0.4309711768705387,0.37995637913240515,0.4286014173430706,0.48428212429282325
24282,Kai-Wei Teng,SP,1.031588401302399,0.8789362958469717,1.0245529139776197,1.1943981742221885,0.4283401695444385,0.32938100188309233,0.4220958547750162,0.5346222813884923,0.9379113491031569,0.8417879148635105,0.9341395822170122,1.0379713437101499,0.5058147521759643,0.41703425257362536,0.499991714101923,0.5992511969371157
24492,Grayson Rodriguez,SP,1.0591687160604921,0.9606051653916285,1.055363214513124,1.1592011349548632,0.30701401618881075,0.2630131464902269,0.3059281791025501,0.35271686493612964,0.8952429820593015,0.8354557149203978,0.8940334324308743,0.9545189563161829,0.43553260631498614,0.38245113379584106,0.43326913139381135,0.48921765774076137
24494,Simeon Woods Richardson,SP,0.9560219474900783,0.8670832597214627,0.9529081958464937,1.0508703718375045,0.3498558813879819,0.3025929103742789,0.34867275935958947,0.40047854928866855,0.9003693145970966,0.8408213993048376,0.8992314227822096,0.9613119895433448,0.4427581233453429,0.3909650799462364,0.44019507156627274,0.4964050706335102
24586,Kyle Bradish,SP,1.2297854467489084,1.090684881983636,1.2215599232008603,1.376510775865346,0.257336744649095,0.21345160977118063,0.256078954437602,0.3018705135544221,0.731252124011487,0.6623515401743035,0.7292563056359006,0.8017484592611928,0.30327624969132877,0.2522279881223594,0.30117537319364995,0.35676327516580303
24719,Randy Vásquez,SP,0.7208830090050591,0.6473769356404834,0.7175072648669263,0.7984614470295206,0.3159041523505564,0.2681416830178174,0.31479900519685006,0.36502449898337086,1.027279435443243,0.9562539189014462,1.026586543872774,1.0998406740618052,0.492433274498096,0.43028714154768766,0.4894602074452671,0.5577392625287428
24728,Mike Burrows,SP,1.0040817055308147,0.8884661583817757,1.0010027397659313,1.1216044999571828,0.3113767669905423,0.2553530157929776,0.30826852302053404,0.3701192274132363,0.8958154433458657,0.822811300542364,0.8951344475833206,0.9681343787527147,0.43030768115369183,0.3721452778375257,0.4284405873986537,0.4917981416483719
24968,Reese Olson,SP,0.9724876818355144,0.8784352267295956,0.9674694819849355,1.0727096924521315,0.3003227513198313,0.2566376622580169,0.2982639837039399,0.34665791232274556,0.8680296515132718,0.8072537515892187,0.8664946540964451,0.9305801350926307,0.4008282739840028,0.3514870452084597,0.39805510442359865,0.4526604071457353
24975,Cooper Criswell,SP,0.8135118737951496,0.7173862083302195,0.8081440564405653,0.914543639829912,0.3042695668753887,0.24676122330832986,0.30118091515283285,0.3652526488542268,1.0054868264273675,0.9239258346553156,1.0051060813419292,1.0880254478401423,0.4865715342056476,0.4205798018007306,0.48404642313151075,0.5566053379434268
25098,Jacob Lopez,SP,1.1274359442104243,0.995875338743999,1.1235769024835829,1.2623589235742763,0.3590392285909418,0.29286243250262667,0.3549316452464515,0.43226876020916216,0.8562552162655895,0.7884971923462059,0.8552018546657186,0.9247396057513417,0.4237676879627798,0.3643205136751113,0.4209161750312804,0.4877553475440619
25311,Roddery Muñoz,SP,0.8581195401334408,0.7583742200927829,0.8527202369012505,0.9645088058177961,0.452178083047687,0.37661223560179813,0.4491287947672366,0.5346936005349217,1.065134592498025,0.9820135688621321,1.063355563577259,1.1473511458512475,0.6128967686806226,0.5302798777262244,0.6100363322688152,0.6985243221035975
25377,Brady Singer,SP,0.9347780751045439,0.8565991927716933,0.9321754153964175,1.0182281604790457,0.29721936591231735,0.25872992438723197,0.294934960493929,0.33861144863674997,0.9500424113158459,0.891560636740456,0.9483692819808325,1.0104821322846487,0.45606983443646065,0.40308339939833737,0.4535518182493986,0.5112414495467725
25385,Drew Rasmussen,SP,0.9290116219896813,0.8319517078352207,0.926037177350557,1.0273394560071407,0.22791608425653026,0.18932086205277443,0.22600969482938446,0.2693650724291397,0.8295231068280109,0.7619084954781866,0.8281915570149464,0.8984543468145032,0.33689728249343154,0.2879035001672394,0.3344169225100708,0.38937577088104386
25386,Jhony Brito,SP,0.8724124080520679,0.7709878939738849,0.8674296811710472,0.9776564929479256,0.30505454033444096,0.24932070574259174,0.30223305713938287,0.3654692418274495,0.9459455197119551,0.8716531782966425,0.945429736923231,1.021259838052801,0.45202767294582463,0.3903940997441887,0.44937249566491333,0.5157189012225268
25436,George Kirby,SP,0.9632055299907438,0.8759728385981702,0.9599786702173125,1.0557107419807188,0.17142928128761437,0.14538149720079718,0.1700177966369154,0.199397342497065,0.9481999393067756,0.8834165121178209,0.9461644460038776,1.0143966494168934,0.40482352816866407,0.352997122272518,0.4026705548197533,0.4614728798961026
25550,Matt Waldron,SP,0.8788001894144566,0.789302372197133,0.8758234197154635,0.9725776937097322,0.2867100326921462,0.24049448168569948,0.2846859032315948,0.33516032251996203,0.9938158928654245,0.9222298732533865,0.9927767461890141,1.065918506931554,0.4846994777075705,0.4214629470168218,0.4819038535773171,0.5506059044729771
25636,Hunter Gaddis,SP,0.7897332250115243,0.6765905124070781,0.7851861581950017,0.9098490871088368,0.3228361015626337,0.2517562588261343,0.31863870219711626,0.4009303964713616,1.0148885688878224,0.9152307635200527,1.0111731376253994,1.1163742569677177,0.5022638102129228,0.42017241439672276,0.49839377597972384,0.5888746551323345
25862,Noah Davis,SP,0.773932883114069,0.6616947227158967,0.7684529172402963,0.8953441414354986,0.42183793478493115,0.3303646523271642,0.41497594459799647,0.5225134852470225,1.1585648955285996,1.0482416521399187,1.1546705060928166,1.2730525643618782,0.6676512981937909,0.5627880389118655,0.661636125770666,0.7778868973475537
25880,Hunter Brown,SP,1.1624084159419341,1.059079568702299,1.1606434611815717,1.270785879066859,0.28339674339942955,0.24615072376022498,0.2819045973493145,0.3217052340427664,0.7890384656607161,0.7362527579495051,0.7886204405761149,0.8431965298002757,0.3500188220952374,0.307937246666969,0.3485456941615175,0.39483210380440276
25977,Quinn Priester,SP,0.8771855860100088,0.7948944011543485,0.8739911619383531,0.9646163697698105,0.30837585631910985,0.2640587140108071,0.30658790517911866,0.35284716486497364,0.9395995811841608,0.8801609423517741,0.9381616191028268,1.001936342237445,0.4511150135594238,0.3988101183492667,0.44903795167703875,0.5047084534448764
26056,Brandon Walter,SP,0.981094787209583,0.8510514889977537,0.9749723828204824,1.1209590014681523,0.20510154061096786,0.15757091899658637,0.20243776625761,0.25563943621002166,0.8806848391609458,0.7931735615478609,0.8791639925721697,0.9703397754441992,0.3723427597150098,0.3078542115581403,0.36858015391047116,0.44092769009871635
26058,Easton Lucas,SP,0.8768567158745795,0.7375115725991646,0.869717990918436,1.029612632807458,0.3883993918382222,0.2966957979990818,0.3822262415114978,0.4895436209051971,1.0259897241730394,0.9048294628995208,1.023286658708019,1.1498740680973674,0.5472020419162303,0.4422364588085993,0.5411175338391419,0.6601411877739783
26079,Beau Brieske,SP,0.792708937915334,0.6926407355655794,0.7890814245113845,0.8988164061380076,0.3237258187501529,0.26020138512955776,0.32080054530031377,0.3913533756445684,0.9925122199023423,0.9103442602885339,0.9913571456039159,1.0737115328107274,0.48819743245732106,0.42103976984136343,0.48473648595246777,0.561334159390509
26108,Andre Pallante,SP,0.7729538949775712,0.6984511034937838,0.7706113557290732,0.8522464562706783,0.36252982264189254,0.3129893093016193,0.3612091419193151,0.4143166734732545,1.0289927925055875,0.9621865912338338,1.0280926914225907,1.0970264736424258,0.5234826024521331,0.4626327139637519,0.5201064690706161,0.5895644775406729
26171,Connor Gillispie,SP,0.8020703186118877,0.6773113352396747,0.7954959928130103,0.9356117671385895,0.38840825466439294,0.3005419873948314,0.382039051350492,0.48652105431892834,1.1166028352700976,0.9941864285875178,1.11134299457064,1.243351950861285,0.619619558950109,0.5036844531835319,0.6109902447893651,0.744183975279644
26221,Ryan Pepiot,SP,1.0587802132985846,0.9601699668984629,1.0553276779233796,1.1619744676195507,0.35926810089273775,0.3094171879207127,0.3568669911748348,0.412578877994178,0.8345440250829574,0.7766283255737709,0.8347025427540328,0.8926511315131977,0.3987584192813719,0.3486564928907112,0.3975397435602738,0.44990855498524024
26253,Ryne Nelson,SP,0.8986104233032425,0.8115407936331763,0.8946094913064844,0.9906603414678371,0.23942299216413548,0.20587422251285037,0.23733640781957863,0.2763179337275644,0.9031278482005112,0.839103074204387,0.9029095978760155,0.9687187942146077,0.3944895901155124,0.34226506507703897,0.3919082040886127,0.44859859682958614
26257,Joey Estes,SP,0.7806512436638379,0.6898949081629744,0.7781669259398002,0.8736164098555861,0.25427874932349165,0.20885389887051586,0.2528322456750923,0.30170359076046904,1.0274329735283285,0.9553039871532734,1.0263242360097546,1.1024532537190992,0.4999507349810552,0.4354574509232295,0.4973136200835655,0.5657660708680954
26285,Tommy Henry,SP,0.8007100997833538,0.7114935903408393,0.7975192920066402,0.8930937110125472,0.3806826260346424,0.32024321611963597,0.37800168717330374,0.4461811302421711,1.0392892958353088,0.9582352123618741,1.0382665877598671,1.1222422697330512,0.5447859525474357,0.46791248689288795,0.542087592029191,0.6212485574335922
26378,Nick Lodolo,SP,1.0555850956408117,0.9580881745025068,1.0511522115140224,1.15941437543325,0.2589550310530936,0.22179828164048815,0.2579693158370407,0.2972070453429816,0.8917591359125133,0.8298406599063216,0.8913225530075768,0.9542817912185548,0.41370437228638984,0.3605820622623884,0.4117144075933568,0.46728262348374217
26389,DJ Herz,SP,1.1300339219911186,1.0004960289034315,1.1248363754630855,1.2659012265630216,0.37736650253973403,0.3095935679293136,0.3747595940680569,0.44783357294292697,0.8560728034033185,0.7861024914017889,0.8557673822532921,0.9273143970596296,0.4350129508802401,0.37412228090599653,0.43204916025027373,0.49889852675459206
26410,Alek Manoah,SP,0.9076329552719822,0.8109820951218131,0.9053090871210434,1.008613045974598,0.3998396936280453,0.3410651129098148,0.39629481821194845,0.46246293933538035,0.9241007095489399,0.8499511066706414,0.9225228073396909,1.001162235477391,0.466857021220165,0.40051059384626486,0.46319000535467864,0.5353806734596473
26419,Bradley Blalock,SP,0.6444856390175979,0.5613786304823811,0.6414734431985281,0.7330628653742144,0.42642665749958175,0.35502506904338293,0.4242483836964682,0.5017607166991187,1.2681178484647107,1.1734574218833134,1.2671581412830495,1.3631349222047682,0.7526421498381475,0.6571169317654445,0.7492143544017885,0.8522728188776749
26440,Ryan Gusto,SP,0.9036830509830088,0.7991226743539901,0.900679363456429,1.0139490967996558,0.3419032673175191,0.2805314754481827,0.33908698137187654,0.4083245568580805,1.0308394802903564,0.9514865444544311,1.029917960840504,1.1125554046362929,0.5436107916425708,0.4721779356502924,0.5395377241706645,0.6218692748141861
27451,Alec Marsh,SP,0.9445533687772065,0.8428063345250318,0.9407417428951061,1.0521721428501913,0.30764896003040293,0.2554673137050115,0.3055973983627409,0.3616535684868802,0.9494021408912124,0.880784521181996,0.9486561518752967,1.0201574390224253,0.46585058411774155,0.4049690217113649,0.46386991638110986,0.5296776459940696
27463,Garrett Crochet,SP,1.26523408609841,1.1546832020668474,1.261308899289626,1.3793787354542852,0.22857019515760138,0.19510695653378796,0.22748872481852156,0.2636227066627684,0.7855000564800807,0.7328929497081448,0.7839547705862626,0.8409533069219233,0.3390990784002092,0.29755450034551617,0.3372739561945609,0.3828256486562888
27468,Reid Detmers,SP,1.06272180752232,0.9694360833333894,1.0591395145191909,1.160798512462423,0.3703552647037564,0.32331957413200435,0.36821299461755663,0.42133917799574194,0.9350495846794061,0.876625989384064,0.9332205924572295,0.9973831745144724,0.4958830920290928,0.4394239205844067,0.49303595159756247,0.5566312182243743
27470,Emerson Hancock,SP,0.7753891732328403,0.6882802599240759,0.7721266748273832,0.8663564790269992,0.3156629715841291,0.2636705833955989,0.31301910595649557,0.3693183070133621,1.03717221486755,0.958695447648725,1.034999779875716,1.1167774928173564,0.5142124901467818,0.44633192812433964,0.5113944552524392,0.5859461908324474
27472,Jared Shuster,SP,0.7573740344169418,0.651250016853441,0.7534909527343256,0.8669209850075221,0.4139177869211458,0.3318361542600861,0.40967120182750705,0.5013988295071455,1.0644888845755107,0.9693608527563478,1.0618633608348484,1.1639744316689888,0.5767149523137362,0.4896152325204511,0.5718595024073634,0.6692718403675396
27473,Cade Cavalli,SP,0.8552711815362389,0.7406497700688747,0.849766799506143,0.9761507907094857,0.30880869249666726,0.24280838269953775,0.3056429676839967,0.37911007517482515,1.0063835394962544,0.9135996567594041,1.0038334299831828,1.1014234102041351,0.497702500939595,0.42172007918658555,0.4954283017583033,0.5761991277989004
27474,Max Meyer,SP,0.9138094987557486,0.8088788101217302,0.9101930870984503,1.0232759923241075,0.3132528317370403,0.2582666360585779,0.3100474749986071,0.37235807235037915,1.004413080790552,0.9286887741217658,1.0021870387876424,1.0835336024706221,0.5097893141212863,0.4424994962346975,0.5052798919008088,0.5838609753295447
27483,Bobby Miller,SP,0.9097959360228681,0.8125091086458616,0.9089223849272823,1.0077610550504834,0.34293355908910983,0.2894732217769886,0.3396737612219149,0.4004923920521017,0.9971042921677326,0.9251630719964219,0.9963549128765272,1.0699038576866704,0.5189615007596351,0.4550173828177704,0.5157022762240022,0.5884364398511805
27487,Landon Knack,SP,0.9790541997944766,0.8652408577296528,0.9747959740692091,1.0980967574587503,0.3240232269358227,0.2643801524544681,0.321836254087116,0.38594333355843546,0.9161757331750726,0.8387519218080353,0.9136199820363398,0.9972596213334636,0.4463116526036667,0.37954882524911054,0.44335429627254996,0.5186044327905281
27498,Spencer Strider,SP,1.1094437592503972,1.0034967407548478,1.1068240938234268,1.2202666192754306,0.3614646742669271,0.3097106850416864,0.3588223858392439,0.415738058416971,0.9098662445017947,0.8441967169765634,0.9085427538497771,0.979291337107335,0.47175606726678104,0.41074959681680506,0.468892452686837,0.538150667533313
27500,Slade Cecconi,SP,0.8648031313630037,0.7786399747174184,0.8631589709609551,0.9549289918830377,0.24972237573853212,0.20982480776713583,0.2474011687653508,0.29306137912125185,1.0155209243531937,0.9432588795376112,1.0143531263746373,1.0860364722102656,0.4870210260335772,0.42590933666434916,0.4835889568724855,0.5510461513593145
27517,Jared Koenig,SP,0.7376339917531035,0.6261267432569151,0.7330584006666647,0.8536528380284024,0.3666978970043655,0.28268234350037963,0.3620473613743786,0.4548244286805151,1.1151704671296425,1.0011421458406282,1.1113358701766536,1.2348413822196684,0.5925469705740894,0.4874282434113011,0.5898353676350614,0.7036012650426586
27552,Graham Ashcraft,SP,0.7784051226954803,0.70002225556003,0.7757254128105938,0.8633086618308808,0.31543934058482626,0.2708384526948584,0.3126880854315448,0.3633382135452818,1.04981433328897,0.9749298404399527,1.0483414550812689,1.1267947983211786,0.5252343729804296,0.4586066863122398,0.5218434604821562,0.5952858858091117
27581,Hayden Wesneski,SP,0.925314399241626,0.7903556564858648,0.9191942505374913,1.0682678102046494,0.27536485383541637,0.20858517912258254,0.2718079425816238,0.34521033989945504,0.9434552221202632,0.8468255052028794,0.938732015816021,1.043551611543418,0.44296142437844116,0.3674219767567784,0.4387955003404296,0.5247425110598275
27582,Davis Daniel,SP,0.8341334354090655,0.7094656396345898,0.8275855071067686,0.967736955005703,0.3002905878407447,0.22957729776106456,0.2946476867893657,0.37762259252549896,1.0612844845703777,0.9506735974272925,1.0571365178818937,1.1766031760786486,0.538045592540032,0.44192068840038806,0.5328877013843352,0.6415557381407759
27589,Logan Allen,SP,0.8421753712557999,0.764748611805645,0.8391523483865506,0.92393555178008,0.3609572097914461,0.3132145917857777,0.3591218132419236,0.4099337240268995,1.0083897328854055,0.9425316403734214,1.0062447214778631,1.0769335888215958,0.5143008325726668,0.4529974246843219,0.5111152610365859,0.580317448386958
27597,Cody Bradford,SP,0.9571658015606821,0.8434378067701405,0.9511444146146086,1.0780604328385164,0.23729359321371749,0.1897767452778334,0.23511552678474318,0.28817580713167534,0.8924305767352982,0.8153770624690619,0.890045530319771,0.971515808261227,0.3940557913197682,0.3352110205218523,0.39125172542740994,0.45518737509743923
27636,Mitchell Parker,SP,0.7764607171180925,0.7033044477619436,0.7753189684524862,0.851848750023499,0.3139063082740048,0.2726185656499789,0.31251315166710575,0.35722163768195375,1.0627534608401148,0.9971883807998618,1.0617316929275573,1.1310888697687318,0.5391130565095789,0.4796907231747248,0.5354443466148011,0.6023600029320403
27646,Luis Ortiz,SP,0.9548170143350947,0.8505439918519819,0.9505723517905652,1.0683246124841659,0.40680114064114126,0.34270278789062625,0.40334213727656026,0.47463978370670834,0.9197888008390549,0.8502195787017568,0.919602047463526,0.9902450853569569,0.46949534579781155,0.4075363034748422,0.4673567912476863,0.5335176632487695
27649,Connor Phillips,SP,1.0243722713521577,0.8469376840491523,1.0161994953881266,1.2070770646511457,0.4862352899739192,0.36898024304926497,0.47742447685218736,0.6138664752280683,0.9599921286764556,0.8407545815014865,0.9538988871563268,1.083263682301468,0.5519612008342641,0.4417508906032524,0.5437995396979409,0.672714085362625
27669,Tanner Gordon,SP,0.7541010187713928,0.662349394884386,0.7518961003293616,0.8503962695796452,0.26473730110014654,0.2142490454630931,0.2613972251999892,0.3201788183566207,1.193732944657851,1.1020164508975456,1.1918052397177616,1.2904792887104608,0.6242811216712447,0.5387420812199007,0.6204815091572516,0.7139417753691372
27688,Jack Kochanowicz,SP,0.6554935609131295,0.5814430125825489,0.6541770941617658,0.7299768902459202,0.3591623482081463,0.3048337136401629,0.35674398799148604,0.41530969638231985,1.1419670055818811,1.0669557223816963,1.1414108276043398,1.2163165455210787,0.6051543755268262,0.5329976031409711,0.6036871768470663,0.6788549138806803
27691,Louis Varland,SP,0.9527032606299398,0.8434280162932956,0.9479091449023436,1.0676121189940184,0.2762597052303579,0.22498078089748974,0.27327860123340925,0.3325181275167413,0.9387761024434724,0.8664789643057721,0.9374476111282133,1.016859603321385,0.4479540074047022,0.385573847682888,0.4461318445786848,0.5129333614863733
27707,Mitch Spence,SP,0.8447258147485672,0.7562318365594835,0.8419846616447542,0.9348670937810721,0.2946304411654795,0.2456657713134656,0.2914764049974471,0.3470657111327384,1.0199912819856491,0.9488354701504307,1.0172208896411603,1.0957566681676139,0.5029278375271087,0.4394403612720095,0.5004050529157711,0.567575773025744
27756,Mick Abel,SP,0.9227656465986576,0.78288101348449,0.9166514452072392,1.0688930282373497,0.39117099401072225,0.3076640154294659,0.38574355756515244,0.4811232024019605,1.0193409558190711,0.9160631784749975,1.0187668399836474,1.123354529045753,0.5617425663777016,0.46917960869919845,0.5571533906860563,0.6605265388080196
27758,Kyle Harrison,SP,0.9869521694457174,0.8861339173854142,0.9838190765597217,1.0899261569960232,0.32004338797777054,0.27266571988098603,0.31710390790959825,0.3704938751148298,0.9216296402210135,0.8567987196226285,0.9209643662658138,0.9872226374039208,0.4572277489401121,0.4019685563324952,0.45383337801834955,0.5169220935341811
27768,Eury Pérez,SP,1.1353215041367952,1.0250300570007895,1.1313903418291438,1.2459411485671767,0.3135950035983943,0.2670244690682023,0.3118632941626589,0.3634073739993288,0.7964542977233429,0.7392631617982514,0.7965282134317078,0.8536894426506404,0.3729263684297932,0.3260708580959366,0.3704676473212062,0.42254253107067924
27779,Bryce Elder,SP,0.8080583168216026,0.7311641967571084,0.8058439315956916,0.8881052094506106,0.34186430944647966,0.2963184740636539,0.3401784805944289,0.39032440209312863,1.0420093959392214,0.972396203848558,1.040827954873913,1.1131087632565917,0.5350859408696591,0.4697838732701485,0.5321028547626603,0.6044959903879566
27782,Brandon Pfaadt,SP,0.9084278649335652,0.8276228567805168,0.9044097611315305,0.9938535672169178,0.23580017723189528,0.2036615882040546,0.2342976774659416,0.2716691016241515,1.0443487229539887,0.9773589177588504,1.0437121289417943,1.1117114747536494,0.5117476411832668,0.45163946184266174,0.5100652581226858,0.5734653479154336
27792,Gavin Stone,SP,0.8800633814356572,0.7873040947131553,0.876651487956021,0.9770681199672854,0.2715502005113036,0.22496826228623207,0.26958584213720155,0.32032922228145855,0.9285997556177107,0.8612045596761948,0.9290408222688857,0.9961102776598684,0.42545642220104046,0.369174376089601,0.42438269586113675,0.48085378220035396
27819,Brandon Young,SP,0.8197969061882731,0.7125296378927778,0.8164705452868771,0.9338347311718285,0.3607728295089988,0.2893421316041141,0.35699425442205784,0.43661211043153747,1.0776605965417436,0.9844417825104126,1.0756202342196417,1.1737700526360522,0.5771157219644855,0.49034717297605884,0.5732615997694879,0.6658721653866111
27863,Jared Jones,SP,1.065750764629651,0.9547087638805941,1.058806152047093,1.1855531743911725,0.3222756548307882,0.26641306584876917,0.3193625263722444,0.38212641075259945,0.8704855302477058,0.8058243712013291,0.8696731759356506,0.9393739497941308,0.42815475035409234,0.3716080006651156,0.42535036309295704,0.489077639353097
27889,J.T. Ginn,SP,0.9793017338122211,0.8747158338954996,0.9743640581612487,1.0906313202886548,0.3172732827909947,0.26323392312622357,0.3142242152712067,0.3749196154674017,0.9606520545170034,0.8872894351754712,0.9587414912083354,1.0370736320849012,0.48361248522446076,0.41874514031400495,0.48097590379138233,0.5520534354834395
29608,Joe Boyle,SP,1.1044873943703528,0.9865563114148982,1.0975398173097395,1.2334436118674696,0.5337218248598634,0.44770676352045274,0.5300393795792842,0.6230263282342927,0.8949787134745018,0.8239391767957817,0.8936085780330849,0.9673943416863395,0.5042596041242497,0.43673127759961905,0.5012152698375463,0.5747625806594766
29812,Robert Gasser,SP,0.8403300474288976,0.7119537374001121,0.8342345255863299,0.9759355770975495,0.22953702349233468,0.1739810432015661,0.2247752489570695,0.2911048895766972,0.9516819892185848,0.847182721976914,0.9479523684407101,1.0594642529903295,0.42068192737452326,0.34518256108075374,0.41662341509285683,0.5029976306721763
29833,Nick Nastrini,SP,0.8456888404289108,0.7214530035396511,0.8398466891600864,0.9780045971472191,0.6773455111171518,0.5513239758777687,0.6678041343131838,0.8111206573121745,1.0571500849026105,0.9518435268642609,1.0552854874637776,1.1656667547204536,0.6606991738472648,0.5537674939724889,0.6563148936922065,0.7730896957848524
29837,Bryce Miller,SP,0.9012537192539412,0.8135420387382946,0.8971591462411022,0.9906418084017212,0.27796600121956816,0.2385201461051833,0.27662732676884927,0.3193793765617272,0.9436076212715245,0.8777241353485533,0.9422323524533285,1.0108990834976148,0.4461551317880519,0.38790698712983673,0.4444644216303799,0.5060602270437519
29839,Emmet Sheehan,SP,1.1624523439518513,1.037375911022385,1.1556803412955974,1.2958841201157623,0.32075072530745935,0.26655471497407285,0.31810234401460435,0.37806631880026526,0.7912084565278603,0.7306392516745959,0.790175971796433,0.8529040383549198,0.36664157837987177,0.3155172946983473,0.36458551280500817,0.41846853215769353
29863,Ryan Bergert,SP,1.0055722534564504,0.8859570897254234,1.00284274391087,1.1302253500122457,0.3801475438915451,0.31228423568708935,0.37671099904210215,0.45442580840110747,0.8673460061294382,0.7956467185355921,0.8669641127659955,0.9393172517917616,0.4264906408316516,0.36364757339585324,0.42462788857547173,0.4901565233643209
29869,Michael McGreevy,SP,0.7393333707115526,0.6497429442158272,0.736242332604376,0.836551200193991,0.24971618154437114,0.20147804856646137,0.2474148714527902,0.3021582111649133,1.0360309374955041,0.9526670153326277,1.0344252665956604,1.1212920583534958,0.48436986670822485,0.41689718605898834,0.4820545774690722,0.5539703333566824
29878,Sean Burke,SP,0.990479631016422,0.8847634062898366,0.9860949801397239,1.0964094892020908,0.40402844192673487,0.33983315697582694,0.40236205542905046,0.4695632030371291,0.9194235251503609,0.8558896577733696,0.9185507261044109,0.9864089685130496,0.47568860615302155,0.41533732504646287,0.4732384286374991,0.5386011713400334
29911,Andrew Abbott,SP,0.9488420307594051,0.8643012470516227,0.9442548037911231,1.035659236866033,0.2951593024268846,0.25579501091272727,0.29291598942174013,0.33556625497391684,0.8724012934981095,0.8161544873032168,0.8708118938954673,0.9304164866289638,0.3944814491481631,0.3472759533676484,0.3923276338621478,0.4447503523744386
29914,Andrew Alvarez,SP,1.0018404120039761,0.8467223560914926,0.9907962963783365,1.1746177095310775,0.32930971411315724,0.25212201075078206,0.32347903878571116,0.4125624344081439,0.8678188192825145,0.7719982220407567,0.8659467144746213,0.9684252096028898,0.40959296615583773,0.3343633043185072,0.4046049349036274,0.4921026419475375
29921,Spencer Arrighetti,SP,1.0757944484374609,0.9646849883593984,1.0722905248729788,1.1890434195883433,0.41029347851052755,0.3503376545226257,0.4068629085501775,0.4731604499127551,0.9066595015157508,0.8412173797388651,0.9050313085052935,0.9748536157951749,0.4789021760083827,0.4167534300019684,0.4764964370444704,0.5429060463420584
29928,Dylan Dodd,SP,0.6459019836545753,0.5480285075044311,0.6429876544157358,0.7486442945080302,0.3586621689471146,0.28028176310695363,0.35263458208790144,0.4451497354712669,1.25707459189555,1.139078758239615,1.2538097282950331,1.3797418434065056,0.7035548293577458,0.5927178285845777,0.6959884658600718,0.823298832081496
29960,AJ Smith-Shawver,SP,0.9562276174545066,0.8352687526291306,0.9502956290596649,1.0834756897959437,0.38222480213027077,0.3128939150668255,0.37794549840966524,0.4564614343102158,0.8730481020986564,0.7956374412222186,0.8712785700212523,0.9501722620939245,0.43395477777999825,0.3687218443772374,0.430667840470083,0.5025054922662288
30004,McCade Brown,SP,0.8536995545150013,0.7193723081564831,0.8462345423866562,0.9966971547483903,0.4839740450955916,0.37941515743640586,0.4764230749879188,0.5972024646731091,1.0785065496972315,0.962727637354094,1.0745811630196476,1.1980985789356673,0.6322773150036435,0.5261557752059423,0.6240975958438006,0.7505439925791655
30031,Julian Aguiar,SP,0.7809638810592893,0.6545083898321722,0.7762853565534901,0.9159999171325031,0.3785503662598474,0.2934052811791577,0.37245572271797855,0.47317861904179603,1.0635979555766217,0.951719884618993,1.0624877360525753,1.1790753614056984,0.5738034771680947,0.47562281915918136,0.5686866292388821,0.6784892067839263
30055,Cade Povich,SP,0.9603115013032829,0.8628893799421254,0.9578165651238388,1.0605033671590955,0.3629312292347197,0.3103427260953914,0.36043863577694585,0.41944605624088294,0.988589214566502,0.9212251500781113,0.9876373397792885,1.0598771514872294,0.523424705663433,0.46080997104914795,0.5206184370951683,0.5902057545146904
30056,David Festa,SP,1.0416841540223503,0.9286683703331322,1.0345810652702039,1.1636193714496266,0.3422558154319935,0.28326539088629094,0.33963057091655197,0.40358491261856017,0.9315191138139662,0.8597342774299935,0.9303186103729653,1.0058626604654128,0.47811012721525614,0.41362922899816246,0.4749037346768967,0.5446780652247488
30076,Landen Roupp,SP,0.9517725894489419,0.8444490345780463,0.9476923000852295,1.0642701588738954,0.3616200712052146,0.30031474504349714,0.3589346022579579,0.42668925759648085,0.9361809366756386,0.8654406488356765,0.9350508455227338,1.0086009765766197,0.4699640537594252,0.40681662841176397,0.4670664173473942,0.5343350632944736
30094,Jordan Wicks,SP,0.8528848609939226,0.7489686652414053,0.8494907527784263,0.9576527685259151,0.35288692959491846,0.28719394127781733,0.34904595854915127,0.4236037414311288,1.0080900565224984,0.9267835198781132,1.0063371856696242,1.0909071965345145,0.5213591579329158,0.447823854884405,0.5183980288848231,0.5974108613236198
30107,Christian Scott,SP,0.8833195645038127,0.7579473046084613,0.8774763927655713,1.0132785266599607,0.2967952178284142,0.23328229226990616,0.29205117225712296,0.3653556412279979,0.9701165027328509,0.8786626555777142,0.9672897543375152,1.0638772379366963,0.4708253107728435,0.39540037874081846,0.46682732971180085,0.5492699100969956
30113,Chad Patrick,SP,1.0364183684347499,0.9249779254243434,1.0312096165854863,1.154092799768467,0.31149625630220606,0.25787394082939163,0.30884887862315286,0.36888538245745295,0.8799909690492481,0.813995075466308,0.8785940890599959,0.9468198260451617,0.4185429599056099,0.36267386821728004,0.4164165748810584,0.47582164152080114
30122,Gavin Williams,SP,1.0533275983875994,0.9576980465137972,1.0503377188669136,1.1543806509273855,0.4084114283129531,0.3542941174558199,0.4070878531484633,0.4654020912661223,0.825364339084009,0.7709281597427466,0.8238618248766918,0.8825538696561848,0.402206830975308,0.35467276913151435,0.39987350733339244,0.4525339054093534
30134,Tanner Bibee,SP,0.949847996156579,0.8670549522223802,0.9460479147945642,1.0392957598490407,0.2858244756761004,0.24722822293100888,0.2848331125920026,0.324624106771304,0.918113952707301,0.8590829215487416,0.9171054903853284,0.9796163185243985,0.4311537246758639,0.37826576440712545,0.4294514854232262,0.48489355472338586
30146,Jack Leiter,SP,0.9964224240498313,0.9002086622936171,0.9940229692602973,1.0979598480826285,0.3921687302262386,0.3348114298490547,0.3902934420626977,0.4507151406609147,0.9167404431790498,0.8553817458309323,0.9160591912248527,0.9796958602653323,0.4743035321719922,0.41668760599099075,0.47142496143602663,0.5346645162825058
30160,Richard Fitts,SP,0.913250309166879,0.7908728867158875,0.9088373391765119,1.0452183202115874,0.3402134119364527,0.26850308478717555,0.3359151912260367,0.4160283248329468,0.9663239055848207,0.8773070117802405,0.9652235056169758,1.05756238991143,0.4879342370334024,0.4105298496658986,0.48597822387137746,0.5680023357366161
30171,Mason Black,SP,0.8269093668098348,0.7058316589206632,0.8216528760180928,0.9567582302035788,0.39146939253826646,0.3041975599705541,0.3863120749238873,0.4845407293344943,1.0901132808568001,0.9848709416419189,1.0895107760350382,1.1949164366013942,0.6066888238981554,0.5075335613168651,0.6022810611433769,0.7107274852471965
30182,Will Warren,SP,1.0440873959026782,0.9368483341714178,1.0403816801349999,1.1504356071145796,0.36521716332969334,0.3099349035597952,0.36352531399553856,0.42395033552366707,0.9498488267502071,0.8845822645928778,0.9486245216590766,1.0169690982740536,0.5004603496083455,0.43992605789381173,0.496996204675222,0.565370942340455
30184,Noah Cameron,SP,0.9269043800155593,0.8302140722090295,0.9226051490497061,1.0259426512296588,0.29081794409059863,0.24164923247679188,0.2891348116669028,0.3436201260509447,0.852299605154638,0.7896254851507574,0.8515860469147729,0.917240780991662,0.3789600899067309,0.3299136506738091,0.3768547075018788,0.4304415944922029
30203,Jackson Jobe,SP,0.8898098665767007,0.7643767940350508,0.8833813336526674,1.0237941671442834,0.4407019136012165,0.35368545627000825,0.4370018868743555,0.5321065264447448,0.9431479517028029,0.8509552079466752,0.9418278200900905,1.035403729305088,0.5012653309116769,0.419639198619978,0.4971917034796407,0.5893798955031457
30240,Hunter Dobbins,SP,0.844619325627863,0.735111818485227,0.8383615920921805,0.9621433619412452,0.29250088564667936,0.2329311249854913,0.28961104350608224,0.35452004301928447,0.9791297443392422,0.8947879478774564,0.9768044764651567,1.065569130446978,0.4699506407354628,0.3996804143239534,0.4671230600308983,0.543789844300054
30279,Bryan Woo,SP,1.0423991310266971,0.9512110831607563,1.0398743213403314,1.1384222362848853,0.20733293625968205,0.17725342727076973,0.2068138566866817,0.23765479261191996,0.8079425405998526,0.7558705586315604,0.8070760119362366,0.8613971909614587,0.33282346785244793,0.29278186419011015,0.3311282467130072,0.3746384746292413
31204,Justin Wrobleski,SP,0.8330489365477463,0.7092718617094579,0.8279391187358471,0.9657457481930316,0.39870752253134584,0.3135119204953363,0.393192897586255,0.49276025832764464,1.0221161438860702,0.919304441015288,1.0202584380269526,1.1301380729929356,0.5518023949032554,0.46041405742395874,0.5456197499870855,0.6532004855006408
31312,Colton Gordon,SP,0.8245120657939449,0.7237486467764163,0.8206297551304079,0.9310563055648916,0.26890667039536165,0.21763896919310433,0.26690510588348015,0.3232997643408454,1.068415938342478,0.9830051947642324,1.065835727953329,1.1555064867731768,0.5305686563590408,0.456524657449577,0.5286345938273189,0.6072973665263652
31318,Gunnar Hoglund,SP,0.7956757622758709,0.6777278975316017,0.7909505310672401,0.9179190893493776,0.3491056376080831,0.2683962714566419,0.3440518275319282,0.4371033970321787,1.0843113649543985,0.9785493329577045,1.0814670334909722,1.1937058314835478,0.575668376609678,0.48175115598394136,0.5706907805986257,0.6776223686792398
31475,Logan Henderson,SP,1.2005011582056975,1.0122248485538705,1.1927648158702042,1.3955227612426153,0.29837037251027226,0.22172872651948272,0.2929150810991552,0.38324906733375935,0.7474916165026818,0.6616607638942306,0.7438318436213596,0.8385904379488728,0.3294977796493369,0.2626461115727421,0.3257974774865363,0.3991610677200478
31508,Caden Dana,SP,0.9674407142132775,0.8098432825337298,0.958539542414915,1.1334510467373393,0.47516799967798923,0.37046844970512893,0.46819014083926436,0.5887456245371969,0.9841274785169026,0.8770379033542033,0.9788214926744105,1.0984751760042937,0.5691378698037489,0.46611588941674564,0.5640075208432656,0.6778086292461158
31612,Carson Palmquist,SP,0.7772574791098532,0.6642988139593086,0.7713973601373891,0.8977464852158967,0.5449777091065103,0.43447417135686994,0.539989405383963,0.6613974275176145,1.1868063201642722,1.0754756226317528,1.1833603949946458,1.3038732408083054,0.7484080082650807,0.6318501543633723,0.7431298165291107,0.8738079923260563
31623,Jacob Misiorowski,SP,1.212610508906224,1.0645056730127649,1.2077286834119363,1.364529716550643,0.4069751626218526,0.3297551679466055,0.4026514723163861,0.4889643680712855,0.8237928325160214,0.75073515303531,0.8218598281755178,0.8984775467446185,0.423058223242043,0.35823045561130046,0.4209321598107561,0.48973097804509774
31635,Hayden Birdsong,SP,1.1590382246215045,1.0187314078891827,1.1522925330816218,1.307351567428268,0.502841288201234,0.41482734474712923,0.4988823127731315,0.5966061439648118,0.8545140506397773,0.7812593902856166,0.8536483638283472,0.92883142394018,0.47058693824650333,0.40089670648956377,0.4682546523019462,0.5440594767619026
31676,Carson Whisenhunt,SP,0.8571621360359208,0.7190407814408644,0.850175462299823,1.0051753018927783,0.39642461174894156,0.3048793725933227,0.3896007208111917,0.4916973923229093,1.00073672614978,0.8909502538997018,0.9980236399469755,1.1180005005710374,0.5298606663206435,0.43379462191807533,0.523914749773933,0.6360903449606816
31687,Shane Smith,SP,1.024500789813345,0.9212922976547497,1.0214613250075122,1.1314312957232806,0.35746250849684885,0.301389356123438,0.35490653002593786,0.4160879360510646,0.8567826494272683,0.7945678707390103,0.8558487032197337,0.9203641784619737,0.4147875061297709,0.3625961376114999,0.4137185473020426,0.4690097126542303
31730,Jonathan Cannon,SP,0.8205038213774243,0.7376401280351558,0.816249220835181,0.9064712103136667,0.32514004889786546,0.27974933847397637,0.32244389649797167,0.3739055383919096,1.0293845442391114,0.9608978768442775,1.0278113527308272,1.0988206268979126,0.5262863591633477,0.4653361831924816,0.5237054494882516,0.5908409487762366
31741,Mason Barnett,SP,0.8318575130227241,0.7003620048734294,0.8251127002931449,0.9747403586981428,0.4116947726468434,0.3168397441010145,0.40298535909254507,0.5165650862986082,1.0700174882204847,0.951955043057211,1.064907643742017,1.1912752026802518,0.5959107357349036,0.4889077205373346,0.5895595142489469,0.7120620237617404
31757,Mason Miller,SP,1.0787933729883814,0.9281006850117638,1.070205029858064,1.2406323696919852,0.37855025659549485,0.29639096672279414,0.3730829441843342,0.46776932919933073,0.8417971778908309,0.7564302581174105,0.8372751740807269,0.9341670337426025,0.41468618856630646,0.34202553981808764,0.41098124839065503,0.4910405323163535
31827,Zebby Matthews,SP,0.9944126141853146,0.8795569252999542,0.990608065622048,1.1103013275179676,0.3087701518156885,0.25543601315088194,0.30596133345640636,0.36644405414622316,1.0352353071594338,0.9585421742359552,1.0344826782240109,1.1119914723181037,0.5509557256037285,0.4786688015446938,0.5490316602028175,0.6240341347048493
31838,Kodai Senga,SP,1.0529251826515809,0.9393041033756339,1.049106660954438,1.1705848969246158,0.44404933897977744,0.3744693300911098,0.44001377884636694,0.5165858663307662,0.797176716145759,0.7292989114474994,0.795531504190206,0.8669288754978643,0.3805827054201327,0.32193891669994346,0.37806867017622714,0.442160578790706
31843,Kumar Rocker,SP,0.864739103991511,0.7551345911872618,0.8611005549727929,0.9800328816852794,0.34925357523497796,0.281411831628777,0.3453362510871434,0.42381154735581694,1.0358390261426305,0.9467365529815484,1.034125330850178,1.1242898315269376,0.5463693806739026,0.46915315214457315,0.5422294615349537,0.628860398537249
31846,Spencer Schwellenbach,SP,1.0144018404650295,0.9197963922663879,1.0121439845728628,1.110697461429115,0.20439826698725533,0.17066311740241197,0.20272055511336504,0.23942415705779327,0.8504298225732261,0.7905805927900811,0.8497207654215783,0.9132931419844001,0.3579589544918046,0.3121828638771086,0.3556975528131779,0.4055372032908803
31872,Cade Horton,SP,0.9167630131932321,0.8115050935822768,0.9118058037163762,1.026428189588725,0.27003582223380707,0.22186739290207588,0.26811146563897503,0.32184799951648607,0.8283842045585905,0.7628923533513002,0.8275624812316718,0.8950485761562972,0.3567039406794954,0.30665245029954047,0.3542842357284005,0.40887836791486465
31900,Adam Mazur,SP,0.7728229997190248,0.6690415302718953,0.7674162239587434,0.8823667015817245,0.4240286606933409,0.34762970704997814,0.4206047064699161,0.5033570399851987,1.090289848989235,0.9958774110758681,1.0890128281858886,1.185682617127822,0.6075166783876261,0.5194249596334358,0.6046782869537035,0.6988565564479702
31967,Drew Thorpe,SP,0.7890804401535737,0.6751245985119372,0.7839681820756272,0.9146934465693035,0.41133622483076027,0.32891086584637697,0.40588087216033386,0.5008612304606713,1.0079290427629717,0.9126897252994335,1.0055157222723294,1.1075550843601656,0.5361969359085655,0.4488891950157888,0.532372173942975,0.6300228787180011
31986,Parker Messick,SP,0.9449423501772479,0.8116670128970477,0.9397492772501428,1.084540689652846,0.2457710350771362,0.18764487327133092,0.2418992772909611,0.309163272766317,0.9126366072695549,0.8215826707137308,0.9107715912566254,1.0076710866993808,0.4127559010373397,0.3416801383869165,0.4093352428453647,0.4885254172367747
32095,Cam Schlittler,SP,1.1335341389267954,0.9999347786180659,1.1285902821750529,1.2723428460258321,0.3589442424007536,0.2928142034818738,0.3545716338290605,0.429990101206629,0.8012484888646283,0.7300666837150378,0.8004477553696896,0.8722066864860853,0.38024774744442974,0.32249241942865275,0.3770977405662531,0.44100309225933276
32227,Luis Morales,SP,0.9733433880821925,0.8397137185602266,0.9667719287994415,1.1144154017626557,0.33503962679711563,0.26164352460722995,0.3308369873915714,0.4136568393340567,0.842206826746801,0.756058946980337,0.8404436022319026,0.9296224227664036,0.3965699871945922,0.3287729894060568,0.39332387121583906,0.4674486560297379
33482,Chase Dollander,SP,0.8655406899795172,0.7634477074556739,0.8609634283153689,0.9726534611056892,0.444397979867019,0.3712231572689071,0.4413993935428737,0.522077538537699,1.0580881430935645,0.9797595299670372,1.0567195273029122,1.1389490806583351,0.6088526307534725,0.531528074842054,0.6058403033248048,0.6896683454423841
33527,Hurston Waldrep,SP,1.025953528227891,0.8920370336268236,1.0212386480965532,1.1644247028791668,0.3400668998132109,0.27108276843649953,0.3362539799169548,0.41556583510770523,0.8281310825077355,0.7504466940879583,0.8259600621346994,0.9074519619306907,0.388708327268856,0.3253318678160798,0.38524344800632,0.45740488229523657
33628,Mitch Farris,SP,0.9152115355265482,0.7696336099929869,0.9076292168186342,1.0681250522907262,0.3976802453793321,0.30504169367245154,0.39152885535156984,0.4969080274729352,1.003067482068371,0.8945057534795213,1.0005329412423614,1.1168904400093578,0.5439249197259169,0.44318341460619987,0.5381923540567335,0.651961976139332
33677,Paul Skenes,SP,1.1900229473092776,1.0891305527879316,1.1866905745816052,1.2980631213849239,0.22839860565692552,0.19491822606507342,0.22647326345988672,0.2643251058234202,0.7064690412966184,0.6592938895391988,0.706384707404704,0.752451027524402,0.27662069913692694,0.24354376551707796,0.2750102928205221,0.311540556322437
33699,Logan Evans,SP,0.8282662433290997,0.728116461657799,0.8253679287872583,0.9330659326749248,0.34373429521361476,0.28135238170327037,0.3408281896844149,0.409163688104336,0.9866006041464858,0.906456965723041,0.9863648291961449,1.0673347503762474,0.49424117076621965,0.42372632738441,0.491841224314152,0.5649666086128183
33703,Nolan McLean,SP,1.1715827796935936,1.0156383538788871,1.1652897017085113,1.3356859120448974,0.30167142550953885,0.23553127134535812,0.2976496940728796,0.3721883398501497,0.7481646293393744,0.6725241824142059,0.7465772306651648,0.8273323622337303,0.3288008241602463,0.2702016271901491,0.32574329900699905,0.39211329854872956
33825,Yoshinobu Yamamoto,SP,1.1772793837715432,1.069380570600898,1.1726578311725797,1.2844403147695633,0.289061132089125,0.24560718900299616,0.287285452066102,0.33420636271195375,0.7509473170900919,0.6979163934783661,0.7499367699350468,0.8031862777039985,0.3244519853989539,0.2820081153594978,0.32264064906256407,0.3676746563226643
33829,Shota Imanaga,SP,0.908396320316271,0.814414156498314,0.9057357972384881,1.0011881437402805,0.18486747373271833,0.15404492967466957,0.18360922717234493,0.21781575678397191,0.8748835809999493,0.8052122035884288,0.8729781407249195,0.9484531337396526,0.35563423703992997,0.303396348116531,0.353711355118152,0.40919792179549136
33838,Yariel Rodríguez,SP,0.9815005075612542,0.8625923568233631,0.9782085781255325,1.1039444991580556,0.4002353492967332,0.32850935385104413,0.3966973224801452,0.4757913865283908,0.9150336539659949,0.8383717679578163,0.9142944252193652,0.9931358934771097,0.4680634357003746,0.40245507786249973,0.4646883640582878,0.5362203696848826
33876,Rhett Lowder,SP,0.9315574409354401,0.7798614924279048,0.9251104728078641,1.089236585911196,0.34995047509181787,0.2625508394674221,0.3439415518243977,0.44505582649840486,0.8275146919313767,0.7287242245548109,0.8262317402523658,0.9262882630826705,0.38138062154367447,0.30358067829653124,0.3782884721797586,0.46148306875935624
35321,Tomoyuki Sugano,SP,0.6682958260033695,0.5793332757424459,0.6659176865034266,0.7573332555550889,0.24446308110765927,0.1976535949473919,0.2418654547020474,0.294914931775589,1.1183942848306616,1.0292784424303179,1.1157778049293565,1.212187272367334,0.536786547680894,0.4585008027284192,0.5341155554458151,0.6176549296685134
35323,Roki Sasaki,SP,0.9027266955085347,0.7631871444148067,0.8988155783313507,1.0426195455290403,0.4509959767380705,0.3555876784410781,0.44710829488190723,0.5506525943740348,0.9433863514316225,0.8461484533641993,0.9426783829619159,1.0430555216828867,0.5034079312576851,0.41660408578933605,0.4991121752003069,0.5948941969654323
35333,Chase Burns,SP,1.2769190274644717,1.1009076289536086,1.2708758759667376,1.4605764279676239,0.36318044738219585,0.2813970100185587,0.3589229261364062,0.45121091671411206,0.8411516360518847,0.7534360995314116,0.8374728599918771,0.9319061818834079,0.4336858800046039,0.3550511133311366,0.4293381726864396,0.5157309958576098
