playerid,PlayerName,position,Team,PA_atc,H_mean,H_p05,H_p50,H_p95,R_mean,R_p05,R_p50,R_p95,RBI_mean,RBI_p05,RBI_p50,RBI_p95,HR_mean,HR_p05,HR_p50,HR_p95,SB_mean,SB_p05,SB_p50,SB_p95,AVG_mean,AVG_p05,AVG_p50,AVG_p95,OBP_mean,OBP_p05,OBP_p50,OBP_p95,SLG_mean,SLG_p05,SLG_p50,SLG_p95,H_mean_t,H_p05_t,H_p50_t,H_p95_t,R_mean_t,R_p05_t,R_p50_t,R_p95_t,RBI_mean_t,RBI_p05_t,RBI_p50_t,RBI_p95_t,HR_mean_t,HR_p05_t,HR_p50_t,HR_p95_t,SB_mean_t,SB_p05_t,SB_p50_t,SB_p95_t
2136,David Peralta,OF,NA,NA,0.22689760121262798,0.20846399605697802,0.2266803202002966,0.2459415164325942,0.09264944939420215,0.07991200366058274,0.09231072008529906,0.10671716519218784,0.1067394941785459,0.09131190738184791,0.10624433534408041,0.12352653022107858,0.018052512032723386,0.012435820264067378,0.017724619201177474,0.024745554438032807,0.003346694746709512,0.0013655197080435048,0.0030502179989992913,0.00634295532586944,0.24741496422495904,0.22674778826490016,0.24713162216758605,0.26896583452891143,0.3015017490122835,0.2768583312065363,0.3013132975615036,0.3272100016521675,0.35485523996881924,0.3142202586726982,0.3539768206240922,0.39908730036390855,NA,NA,NA,NA,NA,NA,NA,NA,NA,NA,NA,NA,NA,NA,NA,NA,NA,NA,NA,NA
2396,Carlos Santana,1B,ARI,323.526,0.18674209256831778,0.17164432284649475,0.1864506264048123,0.2029523287785773,0.10201422860515928,0.08823033918434768,0.10169804267634733,0.11706535483670147,0.10799905250349422,0.092826453189832,0.1077607977275501,0.12421986116199922,0.027704463830211634,0.01994214631129603,0.027297254214851147,0.036891040143722804,0.005513306452191834,0.00265131760517329,0.0051571281280988895,0.009558682910201236,0.2097135171383663,0.19048373488437173,0.20950015173754566,0.2298607116928052,0.30223033804471666,0.27687079247475355,0.3021018313322319,0.3282763033843135,0.33983619370074614,0.29640690853625734,0.33940247458095646,0.3852236606579789,60.41592224025758,55.53140119323506,60.32162535824331,65.660355120418,33.00425532371276,28.54480871495527,32.90196095490795,37.87368598889868,34.94050146024547,30.03177109469359,34.863419845603374,40.18835480229696,8.96311436513305,6.45180282750836,8.831371467113932,11.935210653538064,1.7836979832518154,0.8577701795312939,1.6684650347713215,3.0924824472057653
2967,Tommy Pham,OF,NA,331.265,0.20359845896810702,0.18810666210624655,0.20341220258464038,0.2199471714684309,0.10647295204969877,0.0927194656154868,0.10611505113134065,0.12154170429637517,0.09832994002208255,0.08397359706587414,0.09807181518862607,0.11360329678433946,0.021012903651064292,0.014738523348744965,0.02066574201287666,0.028557458341087413,0.01231945934967635,0.007685290073294306,0.011949498630941802,0.018262380657999188,0.2270953557854737,0.20744245459433724,0.22689060006903417,0.24752934135844148,0.30397782979367816,0.27973287722689194,0.3037541869817928,0.32846699631270987,0.34802178027112224,0.30743420655156617,0.34715329099093833,0.39163547722374753,67.445043510069965,62.31315342262576,67.3833432892009,72.86079975648975,35.27076246074346,30.714713777114234,35.15220241302356,40.26251267373872,32.57326758141517,27.817513632026795,32.487759858460215,37.63279610926421,6.960839527969813,4.882356937122001,6.845837027895586,9.46008643736032,4.081005701470536,2.545867616129838,3.958450663978936,6.0496875286721
3473,Anthony Rizzo,1B,NA,NA,0.19393052637111824,0.17837241565878162,0.19370384600179671,0.21070368107804524,0.10178465444057731,0.08854684912001924,0.10157313795983365,0.11552332201435775,0.10353643455117857,0.08928095966391152,0.10325402630522246,0.11897357431882281,0.026391383318985804,0.018592763413120873,0.025893584491246353,0.03558538301953647,0.003805709864416715,0.0016210475899763777,0.003490085816222591,0.0069669508363488595,0.21484888698662255,0.19589861691740879,0.21458992019009843,0.23449146584736938,0.30068538786305643,0.2768335884884664,0.3005080149260713,0.3257069711098625,0.345974712138574,0.3061372179424555,0.3454234083845359,0.38819371992290463,NA,NA,NA,NA,NA,NA,NA,NA,NA,NA,NA,NA,NA,NA,NA,NA,NA,NA,NA,NA
4940,Jason Heyward,OF,NA,NA,0.20098533582509964,0.18422399841264595,0.20088928753416554,0.21855148782037986,0.11267654209918593,0.09743424986012317,0.1122325797091988,0.12906427953266825,0.10920449556559274,0.09292950477886379,0.10881498176126071,0.12721556299715925,0.028745765328805947,0.019534911108013055,0.028235766872438475,0.03976911867999314,0.00856122303193566,0.003963728004275678,0.007929497141878246,0.015105593928351693,0.22146056989375282,0.20167643175046143,0.221136208846693,0.24219876289515527,0.2966054662954636,0.2724682175014068,0.29638089136157253,0.32208736694853196,0.36959821617546584,0.3258851553534879,0.3686654157332936,0.41749378150100047,NA,NA,NA,NA,NA,NA,NA,NA,NA,NA,NA,NA,NA,NA,NA,NA,NA,NA,NA,NA
4949,Giancarlo Stanton,DH/OF,NYY,426.819,0.20142278679687367,0.18418888581230802,0.20109677967591894,0.21979709859804888,0.10522481198213919,0.0904828392303934,0.10482633927987978,0.1219335351503867,0.17457075987411108,0.15093779286907924,0.1738799079585187,0.2003170187895825,0.07131935918780774,0.05260557546331257,0.07051831529581061,0.09258335978731835,2.2981493248350977e-4,3.5551415792780684e-5,1.6796078571960492e-4,6.286672872419458e-4,0.22387759755976772,0.20380491616427013,0.2237047115903456,0.2447312994595882,0.29931202237075355,0.2745269960446137,0.2990052619345026,0.325344843841204,0.47213261435517606,0.4169864462823606,0.4702890312315018,0.5338592011175795,85.97107243785483,78.6153160535235,85.83192640449604,93.81357782652063,44.91194902540467,38.61979495747728,44.741873305099006,52.0435495393529,74.51011715870823,64.42311781458754,74.215248434947,85.49910964275081,30.440457569180914,22.453059113675607,30.09855681624259,39.51633704106344,0.09808937966767915,0.01517401973725886,0.07168885460005606,0.26832714287332005
5235,Justin Turner,3B,NA,199.271,0.21344210572724823,0.19487628877337596,0.21325629133673282,0.2334286789095255,0.09830302744571018,0.08422120428102384,0.09777834634455018,0.11421608422620007,0.11164793090509396,0.09468112217258408,0.11127880703920487,0.12994625996752776,0.021229255321528143,0.014698847177427633,0.020740466236927824,0.02922061532764661,0.003916481405836379,0.0015335753123790214,0.0035618303035311644,0.007515683606353272,0.23781010468271513,0.2164450263076188,0.23752311125486325,0.2603370747224582,0.3118225968940639,0.28648969894119886,0.3112480453751245,0.33856417592759913,0.3485713778515271,0.30386170066515916,0.34746390900775204,0.39649743432584394,42.532821850374475,38.8331929401594,42.495794430962086,46.51556627498005,19.588942582134113,16.7828435982839,19.484388854424857,22.759953319839113,22.24819483938898,18.867201896453,22.174639157509393,25.894521169989222,4.230374937176235,2.9290539758931815,4.132973447498844,5.822821236955467,0.780441166222421,0.30559708607307995,0.7097694864149586,1.4976577879216226
5254,Robbie Grossman,OF,NA,NA,0.1904110619027343,0.17498704181486652,0.1902259006621504,0.20613323850065743,0.10325752084776847,0.08978924179140449,0.10286467215912637,0.11795618682919846,0.0898706213664354,0.0763437348154156,0.08961756413953842,0.10450951468242703,0.0185379813056901,0.012649889066351602,0.018111469900055306,0.025519654735860188,0.011180658864791143,0.005968619924096273,0.010563008008227584,0.01847996400571718,0.21427296454343797,0.19520003927196852,0.214125180212622,0.23409150928780342,0.3029103941972255,0.27887756339230024,0.30242204235829356,0.3278797597715842,0.3251424385984993,0.2874197042425086,0.3244818383256899,0.3660618531184798,NA,NA,NA,NA,NA,NA,NA,NA,NA,NA,NA,NA,NA,NA,NA,NA,NA,NA,NA,NA
5361,Freddie Freeman,1B,LAD,621.491,0.2617153047422769,0.243195216215886,0.26160682933843243,0.2806548590231133,0.1425276193030028,0.12580724833554688,0.14225158865777401,0.1606271877249399,0.13360366159755618,0.11752442401700468,0.13331039676781573,0.150640108358429,0.03369950258599238,0.024987511064212244,0.033187768709504864,0.04407529555830527,0.014408691736047214,0.008797595104738369,0.013969893047277943,0.021697756773315716,0.3017951709132669,0.27943278641033453,0.3016620750808796,0.3252080573215752,0.383986274925253,0.35799239662980853,0.38378786274576066,0.41089782077705705,0.48603012030561127,0.43295025538575127,0.4851854523057967,0.5421691241717745,162.6537064595824,151.1436381212272,162.5862899723717,174.42446898913371,88.57963264824252,78.18807257530736,88.40808208650863,99.82835152636062,83.03347324992679,73.04037180675225,82.85121179762656,93.62147158378839,20.94393756167099,15.529513238808331,20.625899563038885,27.3923995118267,8.954872235727718,5.4676261792389536,8.682162799845816,13.484960554804758
5417,Jose Altuve,2B,HOU,599.471,0.24881623347500537,0.23053157127558757,0.24871091675968676,0.26811182755872587,0.14226148293122776,0.12461788838825004,0.14168734122875556,0.16131791758870906,0.11255137296625015,0.09778984790696728,0.11204675729407716,0.12905805244268959,0.03596199680654088,0.02620235066951552,0.03543321563175799,0.04760415598190844,0.01727811819366337,0.011045660744063443,0.016801374335837595,0.025165332793263114,0.28003034316586706,0.25808276643782896,0.27980141246185875,0.30276644151142207,0.3509021592767298,0.32459193078824,0.3507244706278039,0.37850572702762714,0.4620851615941277,0.4100144375301816,0.4602856301226401,0.5197182331084783,149.15811629749496,138.19699156414777,149.09498198084617,160.72526537845695,85.28163343426604,74.70481016999264,84.93745213374332,96.705413374821,67.47128410345094,58.62217791463758,67.16878164183773,77.36655975587156,21.55817418761387,15.707549358205137,21.241185207985595,28.537310990630633,10.357730791673573,6.621553291904457,10.071936674478899,15.085887214910231
5517,Kyle Higashioka,C,TEX,267.357,0.20472767579179765,0.18596618194414166,0.2041480103048885,0.22462958688741316,0.10192336551389637,0.08681150408969278,0.10162515486734049,0.11783976792457183,0.14269469435249207,0.12106558313090326,0.1420643861189042,0.166857796035216,0.04885001437957401,0.03395943090935732,0.04770026302949477,0.066732026699548,0.002833703870629903,8.781647122648956e-4,0.002430739743791142,0.006182685700444099,0.2223263470634483,0.20124030507470964,0.22185316928168813,0.2445850638939111,0.2751781708273255,0.2508678499186075,0.2748930677399422,0.300976256256565,0.4179388420565065,0.3665986731295436,0.4169638198059996,0.47371209347582144,54.73537721666765,49.71936050603989,54.58039959108408,60.05629246145813,27.249925233698796,23.209663298907994,27.170196529867553,31.505286833009755,38.15042539799923,32.367731109128904,37.981908079591875,44.61059977458725,13.06039329447977,9.079291569633046,12.752999222776634,17.841274462311056,0.7576105657399991,0.23478348297700571,0.6498752856807684,1.6529843008136331
5827,Wilmer Flores,1B,NA,246.748,0.20948681577921804,0.19348242861327528,0.20919919627088973,0.22628183824309184,0.096852323411136,0.0843905593314287,0.09660131585079085,0.11024105843997006,0.12567794139650604,0.10879957099285822,0.12543393334826422,0.14358308260674937,0.03356058690579067,0.024068350369283783,0.033004180327748184,0.04463590144580921,8.481657008848061e-4,2.2544937282770826e-4,7.005638489514142e-4,0.001972352750407497,0.2268978322593646,0.20764259259713524,0.22667311660314388,0.24734137919460358,0.29392201071992824,0.27044005996794246,0.29387554745262223,0.31812531170912717,0.37877185342303515,0.33733443956527126,0.37787971160326317,0.4234799634156563,51.69045281989049,47.74140229546845,51.6194832814495,55.83459102280642,23.898117097050985,20.823201733911368,23.836181483550938,27.201760687945733,31.01078068370507,26.84607654334578,30.9505721858175,35.42883846705019,8.281007697830036,5.9388173169200345,8.143715487511209,11.01381940995053,0.20928319036192414,0.055629181846491356,0.17286272860106355,0.48667409645754905
6184,J.D. Martinez,DH/OF,NA,NA,0.2161608816699767,0.1990898631605262,0.215881641953046,0.23436971784226476,0.10238971761838632,0.08874621778634977,0.10204807846486294,0.11661914276728655,0.13623164943429322,0.11749854747711189,0.13564030377038827,0.15663950026903115,0.03504823191602298,0.025116802751872596,0.034572022205500194,0.046779057564861705,4.680238124244967e-4,9.802123336316526e-5,3.7311681379074865e-4,0.0011470075708216374,0.23630768897329338,0.21521637840881985,0.2361158377487131,0.257337444337883,0.30283061039361286,0.2771375526318389,0.30278116791692844,0.3289658510400635,0.41324141886254945,0.3631077693974876,0.41157371620653926,0.4693464276368369,NA,NA,NA,NA,NA,NA,NA,NA,NA,NA,NA,NA,NA,NA,NA,NA,NA,NA,NA,NA
6887,Martín Maldonado,C,NA,NA,0.14504964729068703,0.13063104824993693,0.14479764168353662,0.1604657031247834,0.06719162821347778,0.05608724684991101,0.06682796696531254,0.0793305248817585,0.0845232042225343,0.06962496271465725,0.08428144217425354,0.10057040754733067,0.024979192520342614,0.016218155603091443,0.024274285531315953,0.036187765035153856,1.6675423298192425e-4,1.6636965759336375e-5,1.0291249252176185e-4,5.457927826273653e-4,0.14969016096942678,0.13455376008644718,0.14940059306247297,0.16581528842796633,0.2150372227999538,0.19466991612489346,0.21462460183249965,0.23610688772623198,0.26324521992277694,0.22967014918559878,0.2620734679499082,0.30088616062202356,NA,NA,NA,NA,NA,NA,NA,NA,NA,NA,NA,NA,NA,NA,NA,NA,NA,NA,NA,NA
7304,Salvador Perez,C,KCR,588.49,0.2266734427551621,0.209652577999053,0.22655818131289185,0.24427790462302643,0.09007196831995973,0.07843712977840749,0.08974541830882535,0.10248890729435153,0.14853940762330795,0.13060536968550823,0.14829262309152297,0.1675421704128678,0.04421024237622821,0.03276695822759626,0.04354731771503431,0.0580627057304312,3.1086306733614885e-4,6.61611630876388e-5,2.452845169961385e-4,7.973877531556332e-4,0.24643156399429197,0.2264920440039523,0.24608057048027487,0.26758820654645377,0.293183612894325,0.26967473389708385,0.29310847220413316,0.3171733343946044,0.4339513650558386,0.3856485371609907,0.4330811651535836,0.4862562007814371,133.39505432698536,123.37844562666271,133.32722412082373,143.75510409160484,53.0064526366131,46.15946650329502,52.81428122056063,60.31369705365294,87.41395599224049,76.85995400622474,87.26872576313035,98.59689186626858,26.01728553598654,19.283027247358124,25.62716100212054,34.169321695301456,0.18293980649665023,0.03893518286544456,0.14434748540705755,0.4692547188545586
7739,Travis d'Arnaud,C,LAA,228.172,0.19597982047437068,0.179024759167555,0.19560672267877743,0.2140791754365104,0.087613230069563,0.07481944593153148,0.08717837114560681,0.10197281779297189,0.11863509135720185,0.10064546027398368,0.11817660502655171,0.13843664122026256,0.032160765791968714,0.02204307721486577,0.03148813928793728,0.0445362642000713,5.648312661246206e-4,9.862801520077675e-5,4.2857077981349175e-4,0.0014951412402252585,0.21064071027991377,0.1908335994059987,0.2105643542851089,0.23079344081527722,0.2698279650877763,0.24640759496057082,0.2697540542043474,0.2936533818226045,0.3592843103791929,0.3161369341450721,0.35826922027206465,0.4061245573433087,44.71710759727811,40.848437348779356,44.631977127062,48.84687361769945,19.990885931432327,17.0717026170894,19.891663301035397,23.267341781457983,27.06920606515546,22.964475961635404,26.964592322118357,31.58736530050975,7.338186252285086,5.029613014270352,7.184711717607226,10.161928475058668,0.12887867965418692,0.02250415148439163,0.09778785197160404,0.3411493670646777
7802,Miguel Rojas,SS,LAD,198.309,0.23423258380657863,0.2148818543543423,0.23393742132947862,0.2543916746905972,0.10045858604958013,0.08631684322591969,0.09988742759063589,0.11633798186751597,0.08322802649856852,0.0696540300201594,0.08291708598358255,0.09786094580699659,0.013950375502290294,0.00932142668357753,0.013596515883972642,0.01976468232906907,0.018162833249345534,0.010394148398444703,0.01734802059491147,0.02823960862359141,0.25732225554901167,0.23519258691602288,0.2571255999842759,0.28003635669883187,0.3084412968592206,0.28347277492321543,0.30814519335477347,0.334670356691489,0.3451746357477543,0.3027166176270337,0.34380562534943426,0.39162115052535246,46.4504294620988,42.61300565515526,46.39189608642757,50.44815861621764,19.921841740906185,17.117406863288906,19.808575878071412,23.070868846165222,16.504866706904625,13.81302103926779,16.443204404318273,19.406706302039687,2.7664850154836857,1.8485228041935764,2.6963114684347307,3.919514387995358,3.6018532988444636,2.0612531747471707,3.4402686161562985,5.600168546535789
7859,Charlie Blackmon,OF,NA,NA,0.22918661493311893,0.21129132636195935,0.22896939913558928,0.247577837483612,0.11024566401541107,0.09607500667335098,0.10981091638114054,0.1258224622130172,0.10555580636980957,0.09057126374117895,0.10509514603334562,0.12192213806548935,0.020445252943896167,0.014475691102555747,0.0201013168881643,0.027530710121041538,0.005276175801983744,0.002686280476511097,0.0049731238084606555,0.008896445137008333,0.25429442134199715,0.2330092902328304,0.25395061113840744,0.2764526958476702,0.3201673666911227,0.29503102892059835,0.31982982714626396,0.3464349446289375,0.37737808545071344,0.3330407875079713,0.37646440818765303,0.42425682807895837,NA,NA,NA,NA,NA,NA,NA,NA,NA,NA,NA,NA,NA,NA,NA,NA,NA,NA,NA,NA
8090,Matt Carpenter,3B,NA,NA,0.17405252532548482,0.15660624433021272,0.17394094457313736,0.19200595091119144,0.09810756767955872,0.08278885464106969,0.09763887946248478,0.11491214890711045,0.10794561376957276,0.08948012824229017,0.10729516187611102,0.12843378907128705,0.027791222547185707,0.018507572860815027,0.027167366296190085,0.039358976963386194,0.004166224758509989,0.0012487886192989238,0.0035870102683470953,0.009036263648377549,0.19953684181953585,0.18036917071090058,0.19933995919546976,0.21942903133796995,0.30318825030098906,0.27766936261277736,0.3029381687811485,0.3298428895432236,0.3372643527873877,0.29408763155303436,0.33625268244573336,0.38334707769905096,NA,NA,NA,NA,NA,NA,NA,NA,NA,NA,NA,NA,NA,NA,NA,NA,NA,NA,NA,NA
8623,Donovan Solano,2B,NA,30.1233,0.23863327208912755,0.21699577812583268,0.23818073257871358,0.26077619797966317,0.08106348003919231,0.06830161082974975,0.0808560958995789,0.09457129888248893,0.08511012067830039,0.07029554823529666,0.08476356864173076,0.10120168827841469,0.013757036179957655,0.008671569056996151,0.013342057296838458,0.020346998465144952,7.397796757138749e-4,1.5899311662509742e-4,5.856488014165375e-4,0.0018543481525399184,0.26017344017470617,0.23725590347007003,0.25989771799556816,0.2839906883425584,0.3124180163186818,0.2861940109274285,0.3117664769464993,0.33997837358468624,0.3340282452589093,0.2910975459950208,0.3325649871411296,0.38172822926337424,7.188421645122416,6.536628923217895,7.174789661688363,7.8554396446007875,2.4418995282646017,2.0574699135078007,2.4356524336117853,2.8487996076268787,2.563797698228646,2.117533888156312,2.5533584072654483,3.048528816517169,0.4144073279597184,0.2612162761746122,0.4019067945698539,0.612918738865101,0.02228460510543177,0.004789397350032797,0.017641674539710786,0.055859085703405725
9218,Paul Goldschmidt,1B,NYY,440.134,0.23382672917952607,0.21645288874591162,0.23327418122310506,0.2526025158514844,0.12216307910584542,0.10677480235012121,0.12164571996980986,0.13858348131203738,0.10829016986910052,0.09400565650138064,0.10807333183390272,0.1232856705004021,0.027160942654032696,0.019869229469091428,0.026698592733233738,0.035859837912246825,0.011827957091355921,0.007001469856336761,0.011348768961022687,0.018179514087564956,0.2635803032012454,0.24181316965293922,0.2633936607548187,0.28597153589629887,0.34096188378741504,0.3147372612463916,0.34085531099785593,0.3679307036488292,0.4039091016557716,0.3576241751245763,0.40236595352179033,0.454823744649859,102.91509362070153,95.26827573529307,102.67189847845013,111.17895571177725,53.76812465917217,46.99522085756825,53.54041731319229,60.99530196379226,47.66218562516669,41.375085618578666,47.56674783338294,54.262215300023975,11.954454334090027,8.745123443149087,11.750958414049098,15.783133899668846,5.205886066446848,3.081584933748924,4.9949790778907595,8.001422253416315
9241,Starling Marte,OF,NA,251.838,0.23624862153520781,0.21841009746781725,0.23570340860675432,0.2559728074520594,0.11752097937253903,0.10191378577719903,0.11727031381192224,0.1341245455773432,0.09829774764410405,0.0837607792710195,0.09801833248800945,0.11383963381756285,0.018154494907470422,0.012692741173129901,0.017825025151345385,0.02508358457263347,0.031857846078814714,0.021536917413034186,0.031167906475890274,0.0443011640274203,0.25941499012392955,0.23759554574666422,0.25913243542855324,0.28164793798009774,0.3179756539159248,0.29264927515265554,0.3176638504929139,0.343277615855479,0.3703027473116437,0.32772201537171153,0.36945250353031805,0.4163324700618709,59.496380350183664,55.00396212610016,59.35907501670779,64.46367988311174,29.596248403221484,25.66576398255825,29.53312128976687,33.77765730910696,24.755108171195875,21.09414713005501,24.684740817115323,28.669145701347393,4.571991688507536,3.196514551558688,4.489018684064519,6.316999771602868,8.02301624079654,5.423814207463703,7.849263231075255,11.156716546337472
9774,Christian Vázquez,C,NA,188.758,0.19858579641395702,0.18205118750646387,0.1984124365000598,0.21571927408093697,0.0816534518841251,0.0704147631842527,0.08144769380175447,0.09362013138355017,0.08384111004535708,0.07055070198682323,0.08351249251368865,0.09814902980920255,0.01452495205818021,0.009730322633808025,0.014156749314094264,0.020595337027114143,0.0036903101932948684,0.0014765710068726258,0.003334077442876118,0.007048101862323046,0.21004379818432575,0.19141626213020488,0.20984965619395962,0.22922083810696656,0.2622507223481443,0.24031208954868655,0.2619582830814976,0.2849082456118202,0.2924622288770319,0.2574658689601094,0.29199007394798293,0.33041148564279965,37.4846577595057,34.36361805134511,37.45193468887829,40.7187387369695,15.412742270743685,13.291349869133173,15.37390378663157,17.671548759696165,15.825680249941511,13.317009405628779,15.763651061898845,18.526414568725457,2.74170090059798,1.8366762397123353,2.6721996870298055,3.8875346265640114,0.6965755714659528,0.2787145901152631,0.6293337899624103,1.3303856113283734
9777,Nolan Arenado,3B,ARI,559.18,0.2201172583035767,0.20403951920209445,0.21991748725143628,0.23733395887812925,0.09997123522703444,0.0874638704765473,0.09962618940580349,0.11332280945191797,0.11887824603996788,0.10331396338221517,0.11865708619152823,0.1352288501178051,0.026086227772696154,0.018994748031519848,0.025665751724049474,0.034486218039268324,0.004349146579190727,0.0019815157062200973,0.00403942144528289,0.007895234150661977,0.23757071625247908,0.21780850865092696,0.2374413432839293,0.25766638246843593,0.2967607101529055,0.27282778132158236,0.29643123650781,0.32125221335859616,0.3738567787753959,0.33251814183835243,0.37320933814665413,0.41849445283703424,123.08516849819401,114.09481834742716,122.97346052125813,132.7124031254723,55.90191531425311,48.908047093075716,55.70897259193719,63.367848589323486,66.47433762062923,57.77110204406707,66.35066945657876,75.61726840887425,14.586896845936234,10.621483204265267,14.351775049053984,19.28400340319806,2.431955784151871,1.108023952604154,2.258763683773286,4.414857032367164
9847,Andrew McCutchen,OF,NA,314.668,0.19653079097232978,0.1812583692426865,0.19629192863295458,0.21279428864637143,0.10630945352289557,0.09240051715978549,0.10590568062959492,0.12137881883359378,0.10450767924049348,0.09008871764729627,0.10418022533252883,0.12018256832998106,0.026194343865670367,0.01880134006508642,0.025817602709384116,0.03447662918989983,0.005271413746137851,0.0028507930528577155,0.0050337235529452195,0.008381620754346661,0.2260446118637695,0.20695266778569718,0.22570547586173278,0.24621018451805798,0.3169449633341598,0.29194536434153934,0.31663535610207166,0.34237867158335844,0.3671791503616759,0.32412750759203257,0.3663499943869025,0.41378511708465515,61.84195093368107,57.03620853285768,61.76678859907455,66.95955321977641,33.452183121142504,29.07548593363538,33.325128712353376,38.194030164729284,32.885222411247604,28.348036604639425,32.782183144936184,37.81760841125848,8.242521795522764,5.9161800756006135,8.12397340935648,10.848691953927398,1.6587452206697053,0.8970533483566316,1.5839517229581663,2.637427839528755
9874,DJ LeMahieu,2B,NA,120.828,0.2023659716599822,0.18493030996144194,0.2020875455403397,0.22079869248346218,0.08710125179726182,0.07403808937111062,0.08685319964834848,0.10069403272095823,0.07099310540429139,0.05910048035555115,0.07071698532957621,0.08382573645746497,0.012119478056925361,0.007912639035424912,0.011756775425388298,0.01747965440036615,0.0017265642666844708,5.851715492929624e-4,0.0015210738464150318,0.003549441854443067,0.2212005370823792,0.20133292441572337,0.22081013460258894,0.2423047596559675,0.29390850337635266,0.2689398791556147,0.2937981872935251,0.3195199764021869,0.2881039394050446,0.25270286907981104,0.28731888305185205,0.3268187109768479,24.451475623732332,22.344759492021108,24.417833952548165,26.67866441539177,10.524270052159551,8.945874262532554,10.49429840711065,12.16665858560794,8.57795493978972,7.140992840400534,8.544591903402035,10.128496084682578,1.4643722946621776,0.9560683493723213,1.4205476610988172,2.112031681887441,0.20861730721495125,0.07070510795797005,0.18378831071463547,0.4288719603886469
10028,Christian Bethancourt,C,NA,NA,0.200260059405359,0.18177171209386522,0.19984642258879132,0.22009009467019022,0.10376537537365016,0.08871958017921011,0.10322967084207416,0.1208287382730656,0.11190022186496904,0.09357105110321927,0.11145970840391223,0.13201903635146806,0.030064239144832656,0.0197964603228254,0.029370187395602904,0.04274143458815204,0.007721991576824909,0.003062106597680468,0.0070395578361623235,0.014781772691281985,0.21406859095317712,0.19224202144595526,0.21386912672131522,0.23691712678349194,0.2711086615211535,0.24562691643526083,0.2704991698107999,0.2975356075323816,0.35983737084755174,0.3113172363819118,0.35823560161318335,0.41175794569087004,NA,NA,NA,NA,NA,NA,NA,NA,NA,NA,NA,NA,NA,NA,NA,NA,NA,NA,NA,NA
10155,Mike Trout,OF,LAA,519.792,0.19963824653654574,0.18364413093589121,0.19928767376144912,0.21642752569417426,0.12754445252630484,0.11191403759157081,0.12728727643060186,0.14439750545063001,0.13057622209466943,0.11381380639037982,0.13009082882361608,0.1489107893054906,0.047739548485668026,0.03514359554821158,0.04697158668111598,0.062520149587973875,0.0035084997816538363,0.001669033114816882,0.003241286088723065,0.006233438564102383,0.2309356887774277,0.21146672381337261,0.23073054986280794,0.25140162651478065,0.336117702599209,0.31060647111303447,0.3360645077860495,0.36203952151710517,0.4402117641782077,0.39252080033073283,0.43947845633186566,0.4910006080224285,103.7703634437242,95.45675010742877,103.58813851981117,112.49729643562623,66.29658606755305,58.17202142779778,66.1629079904154,75.05666815319388,67.87247563503242,59.15950605126831,67.62017209588505,77.40263699467957,24.814635386462356,18.267359817195995,24.41545498415064,32.49747359463212,1.823690118505411,0.8675500608168968,1.6847945786295395,3.240091498111906
10231,Jose Iglesias,SS,NA,180.369,0.25653200516506464,0.2345582166288378,0.25626177319385396,0.2799239202217226,0.09877321512637227,0.08469765763151348,0.09850053640804182,0.11392061761083366,0.08801420544445973,0.07316566026791942,0.08767511363040115,0.10423091200424561,0.012490761236870842,0.008125628064853497,0.012108347067798179,0.018057765845380127,0.009299564256841638,0.004566341151777974,0.008664243622243733,0.016334336077524474,0.27898038843666556,0.2551021587444123,0.2786888193552445,0.30399707548212646,0.320955073441294,0.2942790529587883,0.32081378351033263,0.34860806153133606,0.3546362079542127,0.3098243724100939,0.3537651069821115,0.4026332981411463,46.27042123961754,42.30703097512684,46.22167976920225,50.48959756647188,17.81562603912864,15.276831809338454,17.766443251382096,20.547747877848458,15.875034221811758,13.196816976864357,15.813872570401825,18.800025367293777,2.2529461135331568,1.4656114084295604,2.18397045227169,3.257061167765368,1.6773531054422695,0.8236263872050413,1.5627609579004798,2.946207863967012
10243,Randal Grichuk,OF,NA,232.09,0.23061212788134994,0.21243919657441357,0.23042281669525086,0.24955404606058065,0.11109217856034181,0.09700391454898863,0.11069234296934519,0.12640612354645964,0.12206463756920732,0.10511598007770653,0.12174791871683341,0.14002568104226254,0.032340744207611655,0.023133533642597494,0.031820516755745876,0.04336155304817859,0.0025828053283510153,9.48087518349781e-4,0.00230454327975869,0.00513819288036226,0.25308013726390505,0.23233530807622732,0.2527941610275658,0.27469697336069343,0.31179365718326846,0.28722099672826346,0.31154140856499435,0.33654726154701164,0.4185306761624184,0.3727399272089222,0.4176924215105382,0.4691602592944854,53.522768759982505,49.305013132955644,53.478831526800775,57.918998550200165,25.783383722069733,22.51363852767477,25.690585879755325,29.33759721389782,28.32998173343733,24.39636781623491,28.256474454989867,32.498560313098714,7.505963323144589,5.369061823110452,7.385223733841061,10.063782846951769,0.59944328865698715,0.22004163213380068,0.5348614497991944,1.192523185603277
10324,Marcell Ozuna,DH/OF,NA,465.954,0.22300785937983994,0.20612776123177867,0.2226935399764733,0.24069929542562923,0.11454701693682477,0.0997435672295376,0.11423199517088695,0.1305401386705813,0.14343722187733918,0.12576265227354164,0.1432239899861075,0.16282943914742656,0.04799742757902497,0.03560803796760853,0.04739309537511477,0.0626213379095745,7.991544369570433e-4,2.4182741533624292e-4,6.889339755403328e-4,0.0017223749756625135,0.2513140269542247,0.23040035606573364,0.2512305054529462,0.27229951490460763,0.3279616097436647,0.3017172362280208,0.3279506896220521,0.35425121886671573,0.46236189638930925,0.4125636399970492,0.46098051133319995,0.5183457382975041,103.91140410947393,96.0460548569922,103.76494572619764,112.15479950075364,53.37364072978125,46.47591412487196,53.226855077855454,60.825699774112046,66.8351472826337,58.59961087746582,66.73579102998673,75.8710284885,22.364593370157,16.591707723159065,22.083002362416227,29.178662884317877,0.37236920651788213,0.11268045148558374,0.32101154163892026,0.8025475094098509
10441,Jon Singleton,1B,NA,NA,0.1857301040291741,0.16717526189794252,0.18541246035992792,0.20587363902082767,0.09599717038541919,0.08154965615739204,0.09567556854130854,0.11160969216748637,0.10365849064564871,0.08673064218365616,0.10316315636621196,0.12225977192074818,0.027479298197819486,0.017792318787255755,0.02682159311530466,0.039507380785934666,0.0016891981579520608,3.780280970521705e-4,0.0013532915786636768,0.004092702404884453,0.2027342311478118,0.18096886560453262,0.20218488722706043,0.2258279501034632,0.2839743823997221,0.256134266779922,0.28344423709969935,0.3126906036752828,0.33489372107926685,0.2918842868323307,0.33374698063238095,0.38165213471019366,NA,NA,NA,NA,NA,NA,NA,NA,NA,NA,NA,NA,NA,NA,NA,NA,NA,NA,NA,NA
10472,Enrique Hernández,OF,NA,250.109,0.1910823272147152,0.1759246987019073,0.1909493228887893,0.20690520196135348,0.09627526988961427,0.08353022179039851,0.09599315581851045,0.11000810441332434,0.10475049268973398,0.08978955668588709,0.1042782909129694,0.12118255678983744,0.026002742852384287,0.01825140091581347,0.025654968440748757,0.035095028943946054,0.001826092639692767,6.620158117753985e-4,0.001608787468663281,0.0037927291876534925,0.20494682910002546,0.18735719440752757,0.20461194109760594,0.22398803463059638,0.2721791247302838,0.25003990750236454,0.27169546601891753,0.2955406065158955,0.3375985145216041,0.299896889949045,0.33676258414845595,0.3784178991132871,47.7914097773452,44.000350467635336,47.7581441983922,51.74885315735216,24.079311476821537,20.891660241774783,24.00875220861183,27.51401698671214,26.199040976136676,22.457176233150534,26.080939061951867,30.308848096149454,6.503520012066982,4.564839631653191,6.416538501747231,8.777582594141403,0.4567222040209183,0.16557611266733316,0.40237222499990455,0.9485957043948274
10681,Gio Urshela,3B,NA,151.154,0.21849305772475824,0.2007033067833144,0.21825524898183288,0.23728441881829396,0.07865509365594527,0.06765278750025436,0.07829170463335164,0.09039889918730079,0.088040454827563,0.07441185110704324,0.08770094879075516,0.10255956263637725,0.012207372299056655,0.008143872686469876,0.01193598695218252,0.017192294873722026,0.001853516425595851,5.664647058378735e-4,0.0016066018198061145,0.003943575154463065,0.23008189698402334,0.20973210223396394,0.22979132682355358,0.25113409025571654,0.27932183872937205,0.2549423894118716,0.27916187611420457,0.30367190496884644,0.2985506474612336,0.2629691074928199,0.2979247372960546,0.33775340189236863,33.02609964732811,30.337107633525108,32.990153904599964,35.8664890420604,11.889032026470751,10.225989441813446,11.834104322149633,13.664155207757263,13.307666909005457,11.247648942234013,13.256349213517804,15.502288130738966,1.8451931524916096,1.2309789320506677,1.8041721717701964,2.598684139342579,0.2801664217945153,0.08562340614621794,0.24284429147097342,0.5960871588977101
10815,Jurickson Profar,OF,ATL,600.298,0.22073531101753668,0.2045930469698939,0.22063898830540796,0.23763499872313096,0.12310719022917421,0.10817387636546626,0.12277951543834434,0.13885039979908206,0.10595980516532871,0.09230874926375285,0.1056330138580493,0.12065148898331979,0.02651541159253367,0.019165093411213883,0.02607092862251674,0.03500750122561216,0.00991123632608093,0.005790055834206258,0.00949985291746049,0.015258533757927491,0.2528061477183624,0.2335884762594179,0.25248627885364333,0.27361363584030357,0.3390969606253317,0.31439938194775396,0.33910214763198343,0.36376617942684714,0.4034562532582543,0.36005035395722673,0.40263543737333685,0.4492501019310992,132.50696573320525,122.81679690993336,132.44914340175978,142.65181446349806,73.90100008019282,64.93656163443666,73.70429755860722,83.35161729858936,63.60745912113649,55.41275756553231,63.41128695295928,72.42684753370891,15.917148548174778,11.504767244564873,15.650326310239555,21.014932970732527,5.94969534407373,3.475758937162348,5.702742706645698,9.159667297816357
10950,Adam Duvall,OF,NA,NA,0.1881857841944781,0.17260156340531446,0.1878607804317456,0.20422929638071563,0.10326590703507242,0.08957875796166637,0.10288310969971727,0.11816349243697429,0.1386524804749155,0.11966683936946583,0.1382016687646398,0.15921363526863708,0.04696780760087744,0.03393249119046633,0.04626521813514199,0.06264904816662023,0.003118621396488038,0.0012077018728680943,0.002826604085931962,0.005987727227257381,0.20173389557886004,0.18333376948917512,0.20153106810636118,0.22118996224063436,0.26494774062962967,0.24209436261905537,0.26462643158760313,0.2890492551198743,0.38970651245807414,0.3449071163837575,0.3886534218658809,0.4377401415445976,NA,NA,NA,NA,NA,NA,NA,NA,NA,NA,NA,NA,NA,NA,NA,NA,NA,NA,NA,NA
11038,Kevin Kiermaier,OF,NA,NA,0.20520911588399693,0.18844157447611418,0.20493928723163385,0.2231900364121638,0.11051721697099436,0.095974050927775445,0.11012819614919553,0.12653826526570072,0.09390880653486602,0.07951769460198392,0.09346013709595379,0.10956350458385399,0.02018866757065036,0.013674374791476134,0.019754144416055434,0.028200223588704915,0.02150369234286412,0.012936173464736675,0.02076868917742008,0.032790081363280016,0.2229059795449289,0.2031643151040451,0.22259058701688028,0.24374959369722385,0.2863233195488732,0.26262827455287513,0.28643275842733257,0.31031393954450126,0.3412251815402266,0.3018391864798108,0.3403443641451541,0.38451356868212044,NA,NA,NA,NA,NA,NA,NA,NA,NA,NA,NA,NA,NA,NA,NA,NA,NA,NA,NA,NA
11281,Whit Merrifield,2B/OF,NA,NA,0.22307983276171667,0.20527992913057277,0.22276229417301885,0.24186194171388598,0.10701958281948239,0.09310648622738017,0.10652121304132997,0.12276503831387253,0.08519338695687675,0.07207711815076683,0.0847114766668671,0.09976369051857883,0.014258399667272256,0.009624088894727628,0.01397935170902137,0.019834957260703785,0.032136506082697684,0.021067625104709022,0.031313711801456305,0.04568823620494745,0.23910170530468056,0.21787135323878418,0.23898301379133793,0.26053239023297936,0.2936165819817569,0.2685609903114054,0.29324425797200937,0.3194555353152529,0.33229235346263114,0.2921681058495761,0.3312337476417111,0.376210606325191,NA,NA,NA,NA,NA,NA,NA,NA,NA,NA,NA,NA,NA,NA,NA,NA,NA,NA,NA,NA
11368,Yasmani Grandal,C,NA,NA,0.1798519751962613,0.1644746562990418,0.17964125143939286,0.19629777066447662,0.08773265287361741,0.07521863040678417,0.08760088044003558,0.10109817024465767,0.09182595965817233,0.07772493157006218,0.09146976044487767,0.1072063876008204,0.02192554164315302,0.014864525819957747,0.021413997454870895,0.030747108601418202,0.0011942278255389189,3.2419790111254865e-4,9.94250172519212e-4,0.00269400446036944,0.20553848871603175,0.1863678883019072,0.2054360579902463,0.2251838806327892,0.3000760275851686,0.27509070633474925,0.29978054955257977,0.3262003127054301,0.32476809289485675,0.28640238050444666,0.3237405563626051,0.36838475820302874,NA,NA,NA,NA,NA,NA,NA,NA,NA,NA,NA,NA,NA,NA,NA,NA,NA,NA,NA,NA
11442,Gary Sánchez,C,NA,209.259,0.18933105128613945,0.17354306117250773,0.18907748739994962,0.20580355203248435,0.10394283599254311,0.09008920799937488,0.10362517622685401,0.11909718903356267,0.13599130306218796,0.11667457119316617,0.13542403744869663,0.15746669911180255,0.049206651352116985,0.03482009190604908,0.048372257650897706,0.06712833041170668,0.001276088880765525,3.316519132417696e-4,0.001050632000788974,0.0029507986052087556,0.21346643170483767,0.1947268509186592,0.21323871288322557,0.2328737777582787,0.2973183981130068,0.27403192321484077,0.2969589572801493,0.3214917913656627,0.4096802730911517,0.36363662346537584,0.4083399333366575,0.46014603681101296,39.61922646108625,36.315447437897795,39.56616593582606,43.06624549476564,21.750973916963577,18.851977576741188,21.684500752055243,24.922158679974288,28.45740408749039,24.41520409331076,28.338698652476808,32.95132398943669,10.296934655292647,7.286417612167924,10.122330263769202,14.047207293623329,0.267033083100113,0.06940114771305947,0.2198542018530999,0.617481165327379
11445,Mark Canha,OF,NA,141.231,0.19270236160005308,0.17646007937859304,0.19233171303294389,0.20956073558050578,0.09824590082308185,0.08504617587625367,0.09795201553194594,0.11292285730045083,0.08042021402683562,0.0681521100531071,0.08010546544900621,0.0939291275030087,0.012962735005781916,0.008783014488692993,0.012693287504434849,0.018094112177090532,0.01047145696490298,0.0055677314775898394,0.00995686769193575,0.017274775741665273,0.21836077196280337,0.19894107698068883,0.21810819681501414,0.2382010478543185,0.3099525039893323,0.28484322136319784,0.3096637220956886,0.3359224411904189,0.3015521454198479,0.2657958148611523,0.30109574299872344,0.33959615434552853,27.215547231137094,24.92163347071807,27.163200163355697,29.59647224677041,13.875366819144672,12.011156465179182,13.833861105592256,15.94820805939997,11.357827247224021,9.62519065491037,11.313374990828596,13.265704606377422,1.8307400276015857,1.2404339192526,1.7926856875388382,2.5554495568826727,1.4788943386102127,0.7863362843114906,1.4062183809997777,2.4397338527711283
11477,Christian Yelich,OF,MIL,587.454,0.22260861390937817,0.20630370539944912,0.22248305647100555,0.23933696117292347,0.13177180556815316,0.11621954106471488,0.1314461160950519,0.1484228369924048,0.11193559108583018,0.09779172868536626,0.11165108486458823,0.1270976176519177,0.02720017745896424,0.01999500669161288,0.026837507675073813,0.035554591981797654,0.02582007433273798,0.017572281669785948,0.025241898416379784,0.03576568918830627,0.2553007999175942,0.23526535569901827,0.2552602441403924,0.27568582881444775,0.3446500263032958,0.3198769022517332,0.34429710204528485,0.37050050869340834,0.4121623356493642,0.3684481944443781,0.41112285120009134,0.4569694866798021,130.77232067551984,121.19393695172798,130.69856145611809,140.59945518887858,77.40987426823384,68.27363427663101,77.21854668450261,87.19158928253616,65.75701072573527,57.44814218313314,65.5898764080418,74.66400388008967,15.978853048978378,11.746146661014752,15.76580123375281,20.886687278074955,15.168105947064257,10.322907156042433,14.828454192295968,21.010697176427268
11489,Michael A. Taylor,OF,NA,NA,0.1905755895052562,0.17482720837861324,0.19036274387340962,0.2068469854527924,0.10469219538610541,0.09141946231868793,0.10433860684725925,0.11932080816166707,0.1048281739468257,0.08944058076594424,0.10422312431674635,0.12215869127506117,0.027617487108195535,0.01933720862384161,0.027054885002305858,0.037863724254325604,0.014297978936847245,0.008696551818771948,0.013736826137662332,0.021776476183011238,0.2027375509426301,0.18435748912122588,0.2026012442311053,0.22152832287070828,0.2642342511265672,0.24202242060621884,0.2640342497691204,0.2869704218762899,0.3409613613912502,0.3006957589145032,0.34003396742942404,0.38395484258559515,NA,NA,NA,NA,NA,NA,NA,NA,NA,NA,NA,NA,NA,NA,NA,NA,NA,NA,NA,NA
11493,Manny Machado,3B,SDP,627.922,0.24191346499515776,0.22530114218569242,0.24160795950657366,0.2592659655763775,0.1277634174408361,0.11307565713362763,0.1274784849437096,0.14322179964743012,0.14746614709465178,0.1303063864070353,0.14722442482076784,0.16552273748416838,0.04249511388277807,0.031944654433309516,0.04189561637269415,0.05436006987045588,0.013511692289022976,0.008372516242666213,0.013089417359849736,0.02010635672334799,0.2682997747624906,0.24864549758083537,0.26787004381735174,0.2894434276289829,0.3312960858150949,0.3073544731016395,0.33091837151344716,0.35683536835023805,0.4708319466775676,0.42278255364860445,0.4696359341840429,0.5220299635531411,151.90278676668945,141.47154380352436,151.71095314928675,162.79880363665012,80.2254606062847,71.00269277866174,80.04654522282404,89.93211887821361,92.59723801596793,81.82224676547841,92.44545528230618,103.93536836653398,26.68361689950177,20.05875130107258,26.307179223974856,34.1338837931964,8.484288845507885,5.257287144127455,8.219133127431567,12.625223726438119
11579,Bryce Harper,OF,PHI,612.561,0.23746953122184938,0.2205724127394643,0.2372431493935312,0.2554200593162046,0.1411500370379644,0.12532285184151035,0.14098096495888787,0.15792450173596853,0.13446168103000358,0.1185337435952266,0.13402820100184928,0.15196588666931132,0.04134574296487383,0.030784349601131772,0.040945920068443664,0.053163082798623314,0.01304747825069328,0.00818341039725141,0.012733506276690095,0.019060779797175274,0.27823815248309686,0.25736516362671724,0.2781438520098567,0.29950394738699027,0.37318777055819513,0.3474506357363174,0.373014836228305,0.3998132513775209,0.4910227941325253,0.4405084172120997,0.4896285164534455,0.5442398019421036,145.46457351478728,135.114057720099,145.32590083565088,156.4603669547936,86.4630078380125,76.76789144688742,86.35944087618132,96.73839070788662,82.36598179342003,72.6091485104356,82.10044883389381,93.08837550404002,25.32678965630608,18.85729197601888,25.08187374304592,32.565631162207495,7.992376324722927,5.012838056350721,7.800049338355562,11.675890333337483
11609,Willson Contreras,C,BOS,564.931,0.222886945835409,0.20581129471275386,0.22265622398225843,0.24029595931920608,0.1277308739472912,0.11218110057175679,0.12735564265029792,0.1448242256690537,0.13057172452296137,0.1137612055888827,0.13028641204238725,0.14833818239464036,0.04099883084411776,0.03015582528999781,0.040336001694127294,0.05430293914111143,0.007744972847442591,0.0039234171627150465,0.0072740138337165534,0.013057940739556509,0.25980786415697654,0.23912954467773412,0.25920622418135975,0.2818473144409134,0.34897104571066023,0.32353424650806023,0.34881741758649576,0.3749374757960817,0.45915396948167186,0.40994016275627354,0.45820986807184516,0.5129071737959173,125.91574519774345,116.26918053337076,125.78540327052124,135.7506365941584,72.15913034991718,63.37458132710314,71.94715055807546,81.81569463144419,73.7640149064811,64.26723163453309,73.60283304151788,83.80083771838657,23.161510507598294,17.035960536903755,22.787057773065026,30.677413711927223,4.37537525567859,2.2164599811497743,4.109315909095327,7.376835519938399
11615,Brandon Drury,2B/3B,NA,NA,0.20165152839049588,0.18508083245206744,0.20131691100113536,0.21953719153307055,0.10109957866965501,0.08823417384665627,0.10067460965253527,0.11556554626490984,0.11726104398938315,0.10079451525951931,0.11697413444514282,0.13478459420461317,0.03362631313089633,0.023853334829112904,0.03310996876563285,0.04511731052253836,0.0023739078127923453,8.280209587696383e-4,0.002099098532768729,0.0048862799186366,0.21717871860788604,0.19723429607005646,0.21698162728319237,0.23758413597874814,0.28265596546933874,0.2582897932627959,0.28230928257769716,0.30777239960568575,0.3737089940222715,0.3295108936888878,0.3726544421109006,0.420080333226752,NA,NA,NA,NA,NA,NA,NA,NA,NA,NA,NA,NA,NA,NA,NA,NA,NA,NA,NA,NA
11680,Elias Díaz,C,NA,132.932,0.21058464596188775,0.19310907129511745,0.21028791998032675,0.22864618992265004,0.08659609420566629,0.07470719802158972,0.08615640578374403,0.09986122728916669,0.11314043063035502,0.09691240002390211,0.11270378713804538,0.13056578027797658,0.026415887775858005,0.018426148382830715,0.02590292813913139,0.036072283919050166,5.015758883747138e-4,1.0728263018479722e-4,3.9310616914871576e-4,0.0012568737203301796,0.22766496291212274,0.20782701093597383,0.22766190113186624,0.24771515105573616,0.284263653834348,0.261195840967697,0.2840476904114574,0.3088143098506076,0.3596472249145465,0.31858410658143743,0.3586895774549803,0.40421270574153195,27.99343815700566,25.67037506540255,27.953993778824792,30.394395318797713,11.51139199494763,9.930977247405963,11.452943333644662,13.274752666003504,15.039983724554352,12.882759159977354,14.981939831834648,17.35637030391198,3.511516793820356,2.449424756826452,3.4433280433910136,4.795160845927176,0.06667548599342746,0.014261294595725463,0.05225638927727708,0.1670787373909314
11737,Nick Castellanos,3B/OF,PHI,293.939,0.22983758091170378,0.21249586814520477,0.2294202575093385,0.24819381334215154,0.11456287271380115,0.10060459463029549,0.11420402219535986,0.1298967820742797,0.12686573946026428,0.11065770866623165,0.1264876862089426,0.14454017145250786,0.03243909916729678,0.023597035429777567,0.031956057057682286,0.0427468512904487,0.008493022768437048,0.004436705177605828,0.008055529032977723,0.014048378843959432,0.24738042781598843,0.22677171870877974,0.24710267537141684,0.26834005414636025,0.30113502660825203,0.2770358547899627,0.3010944685216362,0.325743008333388,0.411952602679797,0.3658034639795291,0.41055912321610744,0.4609811916860916,67.55822869560531,62.46082298673335,67.43556107203746,72.95384129997869,33.674496242622,29.57161394103443,33.56901608008188,38.181730226131705,37.29078859121062,32.526616227643466,37.17966399657038,42.48599345657871,9.535116370136048,6.936088997193389,9.393131455478073,12.564966721463202,2.4964306195316177,1.3041206832002794,2.367834148424439,4.129366429014592
11739,J.T. Realmuto,C,PHI,476.77,0.2244282548765976,0.20779206675539139,0.22401940668360132,0.24203584974519396,0.11219524341701997,0.0980742333248942,0.11182628235859868,0.12742314460096082,0.10893695935759444,0.0942646653365414,0.10873724166972598,0.12443442390367217,0.02530640847372741,0.01836146609494335,0.024879169076190182,0.03370009671153676,0.01574811522844323,0.009397225408632404,0.015275061778769456,0.023819782900893087,0.24933194494731384,0.22898679462536886,0.2490732728169646,0.2700507166964387,0.3126924848465926,0.288538312768538,0.31261157196732614,0.33750907487615056,0.39058684660077087,0.34704862723006674,0.38921377266119317,0.43723609602557506,107.00065907751544,99.06902366696795,106.8057325245406,115.39543208301612,53.49132620393261,46.758852222309805,53.31541664010909,60.75153265140009,51.9378741129203,44.94256449250285,51.84265471087525,59.32660028455378,12.065336368019016,8.754196190086141,11.861641440455193,16.06719510915938,7.508228897464878,4.4803151580736715,7.282691204263913,11.356557893658797
11899,Joc Pederson,OF,TEX,409.534,0.19868647326066805,0.1833623002623315,0.19845721852425746,0.21481444120673346,0.11584997166465419,0.1013393497509274,0.11553030186312797,0.13092363067596105,0.11628161360359138,0.10079129502709702,0.11598061737140543,0.1332650141287659,0.033948935421984426,0.02450304896132451,0.033360746715018014,0.045370450353650844,0.006022062178667145,0.002753697575075291,0.005596966418712613,0.010882285972581795,0.2246711783496532,0.20607883445174316,0.22443358092612326,0.24444620290082675,0.3137315926500117,0.28955611417616095,0.31356693937827596,0.33779439549921164,0.3930741601744033,0.35127216183167564,0.3921355866594034,0.43821218241835685,81.36886614033442,75.09309627563367,81.27497853111325,87.97381736515838,47.44450229571249,41.5019092608963,47.31358664321425,53.61767816524903,47.62127434553319,41.27746221762715,47.49800615458115,54.57655429621001,13.90324331910697,10.034831653327071,13.662360045188187,18.580742015132046,2.466239212278271,1.1277327827108843,2.2921480453210514,4.456666103495313
12005,Nick Martini,DH/OF,NA,NA,0.19236503526117235,0.1715510767278143,0.191940701574939,0.21431194914590407,0.08994029012148351,0.07462800515329562,0.08967115810910564,0.10677219590095112,0.08868013981581571,0.0704316358791902,0.08792918713522255,0.10948121255848373,0.016639804198998374,0.009637234715608142,0.015908350396790883,0.026086543695532902,0.0012800450457363262,1.4828645236876725e-4,8.503630925815248e-4,0.0037813172778503805,0.2093604811759096,0.18662809426260055,0.20931756505645555,0.2325586632033334,0.28329934067724327,0.25565193834809946,0.2831160169090503,0.3116381194293246,0.30971206138079205,0.2651767986896567,0.3091339089043456,0.3575847755441405,NA,NA,NA,NA,NA,NA,NA,NA,NA,NA,NA,NA,NA,NA,NA,NA,NA,NA,NA,NA
12037,Jon Berti,3B,NA,171.559,0.1979766192736032,0.17924218522564084,0.19744870924545424,0.21832195703695276,0.09745736385630104,0.08263073438364188,0.09693611992722076,0.11415651072994076,0.05929287756316653,0.04775813916386719,0.05893442299690535,0.0722177396247144,0.007118899952680885,0.004289685557848425,0.006882153497660959,0.010769480432836697,0.06770841220082958,0.039534151200692286,0.06524449007941158,0.10400476124718239,0.21548222370423809,0.19438743501086259,0.21491481641321306,0.23837813452446402,0.29077704125064574,0.2645059290050516,0.29059399758061955,0.3180886006674789,0.25389932289942163,0.21835677326492028,0.25288921397411446,0.29235478023328115,33.96467082596009,30.750610055125716,33.87410310944088,37.45509662730258,16.71968788582315,14.176046160123217,16.630263798594065,19.584576824317907,10.172226781859287,8.193338596813891,10.110730674926085,12.389603192276377,1.22131135698198,0.7359341646189179,1.1806953719052165,1.8476012935770307,11.615987488762123,6.782439445839568,11.19327947353377,17.842952834805363
12144,Max Kepler,OF,NA,154.309,0.20127711324372766,0.18610210099054722,0.20076347581374235,0.21785336455547158,0.11445971474762034,0.1005066860363155,0.11414755192227877,0.12918762760079402,0.10999515336840267,0.09565616919901342,0.10959390905278499,0.12583232581545178,0.031073463625884513,0.022703294227729365,0.030597347903792475,0.040940785087559814,0.004905318114139791,0.002355964663963298,0.004600837399876828,0.008498081666988452,0.225759429722028,0.2071083873846518,0.2255184128477515,0.24531473220947042,0.3097327541691851,0.28655625732783235,0.3092849720528305,0.3347046693357024,0.3843666700280087,0.3434610758979053,0.3831863448744477,0.4275228418894303,31.05887006752637,28.717229101750352,30.97961118934277,33.616734831190264,17.662164122990546,15.509086215577808,17.613994589574915,19.934813627450925,16.973242121124848,14.76060781293056,16.9113265120262,19.41706036425655,4.794915098646613,3.5033226289866906,4.721446157686313,6.317531606076267,0.756934732874797,0.36354655133151254,0.7099506183375934,1.311330483951321
12147,Nick Ahmed,SS,NA,NA,0.19169588141088148,0.17430130239743033,0.19125663550783956,0.21022769750481668,0.08116571306453557,0.06925207899131913,0.08096967036223497,0.09411652617588324,0.06905821405149633,0.05644054379891478,0.06868844205314141,0.08284005284204474,0.009787951760291003,0.006137023354758343,0.00950668813626369,0.014500170057455615,0.01347020228817015,0.006165946573712242,0.012478565956452931,0.023975425241813786,0.20126753801157218,0.18137652840943227,0.20127685884760063,0.22170764575523233,0.2552316084089382,0.23070335221806088,0.2547883217069329,0.28098813861103616,0.2611943861280073,0.2264616707488535,0.2600520073948762,0.2999457112960495,NA,NA,NA,NA,NA,NA,NA,NA,NA,NA,NA,NA,NA,NA,NA,NA,NA,NA,NA,NA
12155,Eddie Rosario,OF,NA,NA,0.19154037847817945,0.17628938275362904,0.1913588426423204,0.20732087520290818,0.09599129549198256,0.08396877390621037,0.09570573198499505,0.10921657921751035,0.11032367011135522,0.09498983794005579,0.10999070147175505,0.1268024275491246,0.02666504002025624,0.01882281647072905,0.026203984918490207,0.035941266404611,0.01168820207907058,0.006248946698167607,0.011118031632206777,0.019178818719343165,0.1964558109286163,0.17884706556479288,0.19621311285298132,0.21543123804670386,0.245583488980749,0.22393419743082674,0.2456486261563457,0.2675728043105414,0.32880313473098344,0.2915017151416329,0.3281770948522895,0.36767859530636765,NA,NA,NA,NA,NA,NA,NA,NA,NA,NA,NA,NA,NA,NA,NA,NA,NA,NA,NA,NA
12158,Austin Barnes,C,NYM,42.7831,0.18573027137386589,0.16873853594452806,0.18542308860808754,0.20392692893130862,0.09721559117889271,0.08295880267350075,0.09673020326484194,0.11256628277828278,0.07797443509655534,0.06422281304124201,0.07751535196327991,0.09341408124952462,0.015478438874003785,0.009734441327996881,0.015014306506294747,0.02255910003466565,0.008830011048030512,0.003658376723365022,0.008030951921103636,0.016798537499795575,0.20987023721589113,0.18985025359901617,0.20982753036671173,0.23029034734676465,0.29577776909152764,0.27078744530872745,0.2955397216476965,0.3212096919876487,0.3019905653461984,0.2628630353622558,0.3009003030127061,0.3440621847562248,7.946116773215241,7.2191576571683385,7.93297454222867,8.72462619316107,4.1591843589656845,3.54923475066065,4.138417959300059,4.81593453273155,3.3359880541794364,2.747651032624761,3.3163470545802007,3.9965439795065363,0.6622155981903913,0.4164695767798233,0.6423585766894587,0.9651482326931039,0.3777752456689942,0.15651669719339806,0.34358901913576895,0.718693509707504
12161,Xander Bogaerts,SS,SDP,568.65,0.23418827810911608,0.21722311947667827,0.23401178503689224,0.252140910168519,0.11207420491671728,0.09868651182865293,0.11169836409739456,0.12659969401863475,0.08764217549270509,0.07569519848535793,0.08755817932948198,0.10016165750526268,0.015458436136047879,0.011131751346954034,0.015229077111729859,0.020673252227295345,0.0299574403308672,0.01947536426893008,0.029126714790782972,0.04313687455227626,0.25801401125928974,0.23785713139325343,0.25750150258483623,0.2794704424473688,0.32172694757815423,0.296668317001925,0.32110359195313054,0.3473733525395862,0.3564422388605143,0.31736857614058733,0.35556924702536097,0.39782591887251917,133.17116434674884,123.5239268904131,133.07080156122876,143.3799285673283,63.73099662589128,56.118084951363485,63.517274743983414,71.99091600369664,49.83772309392675,43.04407461869878,49.789958675709926,56.95692654036762,8.790439708763627,6.330070403445411,8.660014699585183,11.755844879051498,17.03529844414763,11.07466589152709,16.562906365778737,24.529783714151893
12434,Kevin Pillar,OF,NA,NA,0.21366331280525766,0.19480167670763823,0.21350809125093212,0.233404305371682,0.11304587322850557,0.09754349438163798,0.11262237918549156,0.12968654951881656,0.1308968568991793,0.11042532670537424,0.13036891681730844,0.1535996277057309,0.03469652245247532,0.023640640953634978,0.03389120345495794,0.04812741250274986,0.019836405517723383,0.010916783554060738,0.018988237575934836,0.031980299527830595,0.22608088647178012,0.20512075598277005,0.2258430669836972,0.24804998426341707,0.27188494376780836,0.2476666041222246,0.27147196140523894,0.2966898859887407,0.3911596472204523,0.3433247386625293,0.39020970335254596,0.44270478816834896,NA,NA,NA,NA,NA,NA,NA,NA,NA,NA,NA,NA,NA,NA,NA,NA,NA,NA,NA,NA
12510,Curt Casali,C,NA,NA,0.17205615620525458,0.1542140474872783,0.17168511498983036,0.19133306467647254,0.07151296245266756,0.05897059803283598,0.07108631777802088,0.08546157129018504,0.07696721240563156,0.061770578415754,0.07629957097360268,0.09427703347936624,0.01361850979356069,0.008230267598760825,0.013103033536624974,0.02090392534188676,4.711029906373708e-4,5.497206328303491e-5,3.048769559014187e-4,0.0014713176576148603,0.18646280494123618,0.16569835713841102,0.18598409818379352,0.20812251016764827,0.26546100390758626,0.23974772388113263,0.26497175579659304,0.29211383965525367,0.2639095110055166,0.22596768066926615,0.2629513102781784,0.30536659433732344,NA,NA,NA,NA,NA,NA,NA,NA,NA,NA,NA,NA,NA,NA,NA,NA,NA,NA,NA,NA
12533,Marcus Semien,2B/SS,NYM,581.727,0.21517682465500604,0.19903332332508905,0.21493907433666745,0.23198965995575005,0.12928341144442854,0.1132222402823501,0.1288150858314302,0.14661809082066551,0.11712513216626487,0.10205116789092214,0.1167230643879747,0.13358980834803857,0.03391555880823498,0.024534740078936294,0.033436841269913115,0.04481893658693396,0.012730243314555197,0.007585192984115466,0.01231769750506838,0.019388782373625027,0.23799242211104288,0.2179225404327355,0.2377118825305078,0.25849588635522763,0.31127250847699195,0.2861314046389858,0.3109792029168102,0.3368144652383005,0.41223744002632107,0.3661268094574558,0.4114412390317233,0.4612574474908282,125.17416867608269,115.78305807793407,125.03586289664653,134.9546489170786,75.20765108933307,65.86443417273068,74.9352134354604,85.29170211883329,68.13485175968476,59.36591974368246,67.90095807722335,77.71279844087944,19.72959627883811,14.272520741899372,19.451113361422745,26.072385523907332,7.405526252646251,4.412511559070538,7.165537216530914,11.278978203861765
12552,Eugenio Suárez,3B,CIN,597.264,0.20011010125061865,0.18540096076035478,0.19989440323045687,0.21537409996146256,0.11451382071220743,0.10094068080077667,0.11423662373860966,0.12915253968408008,0.14836676914287208,0.13098806509722793,0.14822165838858503,0.16702068086681804,0.05169388550725829,0.03887447883118575,0.051193358686892204,0.06660560240164262,0.0032092950281692105,0.0014115208803961894,0.002935463230867,0.005924205116504237,0.22263146186751018,0.20466657869926483,0.22241886309391207,0.24190317190555335,0.30211598480635304,0.27855522598771953,0.3019013041964229,0.3266311540438425,0.43042205026520114,0.3858424697059741,0.42938369460500336,0.47723059815633373,119.5185595133495,110.73331942757254,119.3897308510356,128.63519643938298,68.39498261385586,60.28823477779508,68.22942284061696,77.13816246187241,88.61413000534836,78.23445571223074,88.52746057579985,99.75543993723922,30.874896833607117,23.218326724629325,30.575950182767986,39.78112851281468,1.9167963857044554,0.8430506071089497,1.753246511120548,3.5383144447037864
12564,Trevor Story,SS,BOS,592.975,0.21300116755445742,0.19645078658063425,0.2126725153485149,0.2301400804799041,0.11728951665725532,0.10311252876787717,0.11699843925979275,0.13247665161548916,0.11373630509075602,0.09844745427437858,0.11338667754613604,0.13026083387795495,0.02928820338471384,0.02094853582380446,0.02871311438085823,0.039161970275462823,0.03983881185782831,0.026691436133043003,0.038932237379846725,0.05590719021862966,0.22894013395143784,0.2100574555615682,0.2286945672452153,0.2490333722494411,0.28869447122043757,0.2658631841732482,0.2882852858820989,0.31276106054551184,0.381654148640111,0.34044580427283894,0.38049255481225086,0.4266583064008036,126.30436733060439,116.4904051726516,126.10948478878562,136.46731422257113,69.54975113983598,61.14315174613197,69.3771495200756,78.55534249169469,67.44278551119106,58.37687919834964,67.23546511792003,77.24141796878034,17.367172402050688,12.42195803012045,17.02615899998941,23.22206932409257,23.62341946139574,15.827354340991175,23.085843460314614,33.151566119891925
12856,George Springer,OF,TOR,562.257,0.225227099130367,0.2084898299827039,0.2248930327757555,0.24260447719002334,0.1408383800990449,0.12366560458970613,0.14039349157196185,0.15939741872155144,0.11987963775120299,0.10470472003176896,0.11973956299174748,0.13636192740935357,0.035433457674224976,0.026361254869130758,0.034952410862798614,0.04623362760409696,0.025887895198319834,0.0170294518210527,0.02534120340691392,0.03679184571781457,0.2580448693086393,0.23789730982790305,0.2579236676151404,0.27903599748026464,0.3426592533277738,0.3165917012371155,0.34248298259964016,0.36940449360819416,0.4433387843504334,0.39531790886047213,0.4423239457198983,0.4944854794788438,126.63551307574275,117.22486633658514,126.44768192939796,136.40606553143095,79.18736507934868,69.5318518397944,78.93722339077655,89.62231445812334,67.40316548307813,58.87096177090232,67.32440746905095,76.67044821940091,19.92270961153671,14.821800078952851,19.652237674484557,25.995180755796742,14.555650290521713,9.574928492549626,14.248269003961198,20.686472797761265
12859,James McCann,C,ARI,192.403,0.21125399724299784,0.19298236303357738,0.2106349709556198,0.231233917900486,0.10088261079382768,0.08616817136719762,0.10061895873281246,0.11678856128434359,0.11713255873336632,0.09850345369109811,0.11643937110010383,0.13828067252465148,0.03086384629022023,0.020630064482536938,0.030142976757346427,0.04383338849386779,0.004388046341377214,0.0014439654097659058,0.0038464104952115113,0.009341587126931143,0.2316247847974256,0.21164156694566807,0.23127344584926063,0.2531506456606475,0.287760936948157,0.2641299076876286,0.2874973372847386,0.31259099900207654,0.38267337534268275,0.33561700093038066,0.3818801102582422,0.432960515585994,40.64590283154451,37.130385594749384,40.526800316774114,44.49009950580721,19.410116964564825,16.579014675562924,19.359389517069314,22.47046955679156,22.53665569797588,18.95236000052835,22.403284317773277,26.605616235760518,5.938296617777243,3.969286296633554,5.799599157043724,8.433675446385644,0.8442732802200001,0.2778232767351896,0.7400609185101804,1.7973493879829325
12861,Anthony Rendon,3B,NA,NA,0.18791370719555078,0.17073741176023083,0.1877060845079076,0.20621695906225535,0.0859563494336799,0.07384287634841998,0.08558358062100024,0.09934343413883376,0.07657997400974594,0.06366577289942038,0.07624368678702967,0.09111634613481971,0.010084790646100015,0.0065182634381405966,0.00987445718001052,0.014471985967241158,0.01123279763531917,0.004563791905705891,0.010296241540789643,0.021113717163143413,0.2047918301559914,0.18560204666658997,0.20473226669552944,0.22472558742138554,0.2871589201631621,0.2635718938396798,0.28655004247953136,0.31293060178606047,0.2671805670128571,0.23305520248525144,0.2664390294250941,0.3038494253504399,NA,NA,NA,NA,NA,NA,NA,NA,NA,NA,NA,NA,NA,NA,NA,NA,NA,NA,NA,NA
12916,Francisco Lindor,SS,NYM,669.074,0.22975152172537516,0.21383829241533955,0.22954284798544472,0.246274000052665,0.1426125368557498,0.12694366782941827,0.142263241261537,0.15974532144241782,0.12830792476378117,0.11331330018742478,0.12805210022128277,0.144089334606757,0.04086925942047264,0.03048024632545902,0.04039641709022492,0.052949633389035786,0.033563309100350845,0.02338127791238739,0.03285769271206946,0.04597044865224972,0.25883538980330273,0.23968146420898315,0.25865256026195815,0.2783830719130305,0.3353580649580945,0.31117118177426034,0.3351082210725439,0.35990773522731817,0.46182343977796286,0.4154406349000884,0.46099891613167143,0.511800707464663,153.72076964688364,143.07364165950088,153.58115147301342,164.77553031123676,95.41834048422393,84.93470760930019,95.1846358838216,106.88144119876425,85.84749645340212,75.81498300960104,85.67633090345454,96.40642746268132,27.34455887749331,20.393540329960167,27.02819236822515,35.42722301013573,22.45633747300814,15.643805137952679,21.98422789363516,30.757631961555326
12927,Brandon Nimmo,OF,TEX,627.559,0.21919766706808352,0.20389815557411745,0.21911004498132974,0.2349436324603308,0.13274238174216801,0.11679704559134238,0.13248094733755805,0.14920959784878016,0.1216010125956432,0.10665911459506763,0.12121162020048606,0.1378949482327287,0.035042717338282264,0.02584202064825477,0.03446053334367688,0.045866365156493234,0.010716273386744333,0.00645001347786934,0.010335982093623318,0.016135863670769347,0.25253265063571734,0.23298326635270253,0.2523177256232434,0.2730085352527167,0.34562927918726427,0.3199588569290629,0.3457385820403358,0.3714603455370513,0.4348591892627017,0.39010004157826234,0.43404445730864594,0.48334912693615645,137.55946874757942,127.95812261393756,137.50448071843832,147.44099104317272,83.30367634373322,73.29703713425722,83.13961083021059,93.63782601638262,76.31180986350924,66.93488729616604,76.06744316139682,86.53721581798298,21.99137265009508,16.217392635998113,21.626017844624517,28.783850251243734,6.725093810311886,4.047764008158205,6.486438586692156,10.12620646936434
12976,Austin Hedges,C,CLE,141.791,0.14379170146935086,0.13095547502564756,0.14351235956083397,0.15695869483656738,0.06796001369151054,0.05837227911911787,0.06778468148026537,0.07815765261705027,0.06717687839621399,0.0563404397312788,0.06690581968745613,0.07937471097550315,0.012478877543987334,0.00807197589547825,0.012178496924130193,0.018093950635355426,0.0035325781669873968,0.0011127865018274547,0.0030434347541289063,0.007628423603202914,0.1453480700663138,0.1308986096231363,0.14525152175933426,0.16021776775706797,0.2093618311256101,0.1902301528518724,0.20917657160495734,0.2295659813157762,0.21789243147794574,0.19121260404051318,0.2170763021387331,0.24738074692724743,20.388369143040727,18.56830775936159,20.348760974490208,22.255330299571725,9.63611830133297,8.276663828578842,9.611257771768306,11.082051722224174,9.525076764677577,7.988567289937752,9.486643079304091,11.254619643927567,1.769392525839508,1.1445335341957563,1.726801257369344,2.565559354537681,0.50088779087531,0.15778311088061664,0.4315316572226917,1.0816418111217445
12979,Javier Báez,SS,DET,311.126,0.19529989691021055,0.17993475714937898,0.19507640154049988,0.2114129258581456,0.09201278579577417,0.08034431486422856,0.0916780122573739,0.10468979441115067,0.09521112843233746,0.0823227082469134,0.09483282694303435,0.10949463973506639,0.0201083194979729,0.014291565696927837,0.01975614585260107,0.02715780318438493,0.012955577800411523,0.007742897144488904,0.012481493072662036,0.019884194282269882,0.2001776018568018,0.18259948835435627,0.1999818794728492,0.2182576692697193,0.2458356028804835,0.22466395462185723,0.24569482046964836,0.2677817574684645,0.3103328085880293,0.27613431621686213,0.30935422358640546,0.34694637202089723,60.762875726086165,55.98238125285768,60.69334050568956,65.7760579705414,28.62756999349603,24.997205306447974,28.52341324158771,32.57171697596366,29.622657544639424,25.612734926029177,29.504958115478505,34.06662928221226,6.256221012126316,4.44647766902237,6.14665063453636,8.449498673544944,4.030817098730835,2.4090166169762544,3.883317013725048,6.186489830265499
13066,Teoscar Hernández,OF,LAD,553.65,0.23747691938105556,0.22041249273917982,0.23728618212262376,0.2548684496043451,0.12403964864423678,0.1096439247680682,0.12370328334204034,0.1393521415510466,0.1516975370784216,0.13377095132051348,0.15147041031164998,0.17090692859213985,0.04735878559833046,0.035590617584390756,0.046837464625050465,0.06111871407350825,0.009608307226928372,0.005719770651181419,0.00924543423964352,0.014728556530994955,0.26066115144735313,0.240667314411684,0.26056549108944804,0.28092532405788334,0.31676835708100076,0.29257440050937733,0.3164506381127671,0.3413474776590353,0.473243450185592,0.42382156166760737,0.472706440131672,0.5242895241688769,131.4790964153214,122.0313766050469,131.37349473219064,141.10791712344567,68.67455147188168,60.70435894784095,68.48832282232063,77.15231316973696,83.98734140346811,74.06228719860228,83.86159266904501,94.62262101503822,26.22019164651566,19.70474542559794,25.93156228965919,33.83837604679784,5.3196392961888925,3.166751021026592,5.118734666778635,8.154465323385356
13145,Josh Bell,1B,MIN,540.401,0.20842656600942558,0.19325782598221164,0.20807204216543299,0.2248236761237241,0.09669245449798773,0.08444420702252024,0.09640789659331099,0.10988780995208296,0.11738735933300365,0.1033059065554738,0.11727251075206704,0.13260831934101464,0.031097419497821605,0.022952222865679148,0.030575325012606906,0.04122751025933067,4.498637444079052e-4,1.2291412958983692e-4,3.75382383143024e-4,0.0010296609415844306,0.23196467840242216,0.21302178947559483,0.23163796326844505,0.2516650927335258,0.3132004684942289,0.28918448811824704,0.3130735720032122,0.3380723792736524,0.3810877727535428,0.34077875482080394,0.3801976899650764,0.42440490137308456,112.63392469805959,104.43672241861314,112.44233965824215,121.49493940093662,52.25269910316706,45.633733919176954,52.098923726921846,59.38348238591558,63.436246370914496,55.82661520848459,63.374182082927774,71.66166838020365,16.80507659404229,12.403404188835877,16.522936212137783,22.27938777165255,0.24310681734177636,0.06642291854447746,0.20285701523287328,0.5564298024931679
13152,Jorge Polanco,2B/SS,NYM,509.154,0.21410332521577122,0.19810211139242337,0.21387851856147055,0.23073349921344713,0.11699503593571561,0.10244050683575283,0.11665339563841766,0.13261138040704787,0.13284213680765689,0.11547722182330385,0.13242715050804554,0.15093492223730343,0.041566794443925234,0.030284350213945842,0.04090772530999455,0.05517671513591393,0.006215151223835591,0.003183789263159327,0.005834914294648331,0.010595444364573735,0.23407345767273394,0.21459202482496345,0.23375441548969156,0.25374140221733293,0.30209306441677347,0.27838681993620024,0.302197750685965,0.32637000805317495,0.4247048161900352,0.37954463464926197,0.42346518809079675,0.47267836101287275,109.01156444691078,100.86448242389793,108.89710323964698,117.47888405852346,59.56849052681335,52.157993817450894,59.394543002882905,67.51961477977005,67.63710532416573,58.79568940022244,67.42581338977342,76.84911939681199,21.16389965830231,15.41939804883138,20.828331972484964,28.09344521831112,3.1644691062207864,1.621039038494624,2.970869952777376,5.394712880000175
13185,Orlando Arcia,SS,MIN,158.637,0.20409884537479966,0.18825792588420837,0.20376580499959301,0.22090040215118237,0.09385815902421642,0.08214775217449617,0.0935760832279093,0.10668373445808478,0.10129518279337817,0.08762900701369689,0.10096823180498465,0.11652715054662438,0.02461840293309943,0.017376800701005377,0.02400956076324532,0.03333749272621603,0.002274478398086791,9.426797169142479e-4,0.0020794080968214506,0.004249190804595795,0.2174600789663321,0.19919155291643867,0.21722498781086194,0.2366362183410942,0.2758950641264096,0.25337216006969193,0.27569560575171226,0.29880131679121114,0.3456328991100888,0.3076912417961064,0.34506265693473925,0.38480203575641714,32.377628533722095,29.864672588493164,32.32479600772044,35.042977096057115,14.889376773124619,13.03167296170555,14.84462911502585,16.923987583227195,16.069163912793133,13.901202785631833,16.01729738884735,18.48551758126485,3.905389586098094,2.7566035328053897,3.8088046907989477,5.2885598336087325,0.36081642963729427,0.14954388225212553,0.3298710622554645,0.6740788816686631
13301,Max Muncy,1B/3B,LAD,455.041,0.1858593174750033,0.17078001184063563,0.18562909308117437,0.2017084108756007,0.12800922563140926,0.1112410946858903,0.12766804642125631,0.14648876190531193,0.14600194298113622,0.1257642267688212,0.14526262944981183,0.16878219727432153,0.05094514256655065,0.0370179728158956,0.0500253113415356,0.06734883110401971,0.003500068175812158,0.001268465474966146,0.003145042016820416,0.006937997582248869,0.2187471761226098,0.19901709621339042,0.21859354767910033,0.23882969198434642,0.33291454806229837,0.30673749802027095,0.3325542410157213,0.36012141419176125,0.43553579467132675,0.38446172242002397,0.4343520292618126,0.4897621312716766,84.57360968314298,77.71190736797467,84.46884814475067,91.78559699324423,58.249446040542104,50.61925896696221,58.094195511574895,66.65839270615504,66.43687013607921,57.22787951311117,66.10045216747183,76.80281982990455,23.182128618625775,16.84469536811795,22.7635676981637,30.646479454404233,1.5926745227897403,0.57720379819407,1.431123064375979,3.1570733578241077
13324,Ildemaro Vargas,2B/3B,ARI,82.5427,0.22933167953564687,0.20840715122615042,0.2288509041516531,0.2510871211710388,0.09528080298937887,0.08156131816264035,0.09489824337544767,0.11040047571470583,0.09431111309038143,0.07758598128745696,0.09365458201225188,0.11294626845098574,0.015347100044122524,0.009661956631170922,0.014883296892267767,0.02267499633946483,0.01136407839059294,0.004716481901590378,0.010342140358564286,0.02143215452803553,0.24590052063927237,0.2235980889528622,0.24546009556818665,0.26938449049993113,0.2933842178681051,0.2677432533791723,0.29308288641488783,0.3195212094946813,0.33535474685659944,0.29175540731824245,0.3341763834170791,0.3832130190820364,18.929656024407038,17.202488961514764,18.889971526118657,20.725408916684707,7.8647347369114025,6.732291416703373,7.833157233466563,9.112753346776248,7.784693914485427,6.404156377616173,7.730502066662703,9.32288995286918,1.2667910748119922,0.7975239876197521,1.2285075103893905,1.8716554203495437,0.9380217133711958,0.38931115065840405,0.8536681889748642,1.7690679015612782
13355,Luke Maile,C,KCR,79.1918,0.18436406649462356,0.1672670777272976,0.1840037556916006,0.20284831488837893,0.08604018525981237,0.07310274448352848,0.08554726516134797,0.10026445951716195,0.08346768815801377,0.06840025938529769,0.08312471997856732,0.09996931249413668,0.0166138835873716,0.01037585463600699,0.016139547830928733,0.024531235792622647,0.004709838880110307,0.001474271003435996,0.00409247121902967,0.010185561522462135,0.2002177612490592,0.18092572113487285,0.19973458188542814,0.22062783454286766,0.2694701112361994,0.24579551004673988,0.26898893470581575,0.295169266820257,0.2944458148373794,0.25601128379954363,0.29315356011005866,0.3364163436218504,14.60012228102893,13.246180965964607,14.571588619978096,16.063923182977526,6.813677143058009,5.789137920590691,6.774641913204436,7.940123025191186,6.609956467071795,5.416739661188617,6.582796199598707,7.916749801173173,1.3156833462744142,0.8216826051637384,1.278119843917342,1.9426727186422141,0.3729806186259194,0.11675017444990271,0.3240901622831538,0.8066129509745169
13419,Christian Walker,1B,HOU,585.864,0.215794632212323,0.1994986187912846,0.21565226409265556,0.2324825289110747,0.11969242526647923,0.10484275232752249,0.11931171076835934,0.1354298964307866,0.14432580042275217,0.12648932947177122,0.14396322477876466,0.16352083122012687,0.048851431095258684,0.036366848853980456,0.04812903704674068,0.06383877342949988,0.003871976583548214,0.0018646792473920874,0.0035930655840311415,0.0067851505481079455,0.24045015779591383,0.21993551390242808,0.24038390634521684,0.26085031145480747,0.3149949921280883,0.29053836631119584,0.31467224390284443,0.34036344227231724,0.44102059650555037,0.39149043679896467,0.440243193516868,0.49339952588720637,126.42630640644042,116.87905879953718,126.34289805037956,136.20314431795788,70.1234830363206,61.42359424961164,69.90043611759408,79.34350084252637,84.55529073887529,74.10554452164978,84.34287072178618,95.80096826194841,28.620294827192634,21.306027536988406,28.197070160351682,37.400839156500524,2.268451689143891,1.0924484425941179,2.105047775322821,3.9751754407167135
13510,José Ramírez,3B,CLE,655.225,0.24513543576960592,0.2282671378170903,0.2447362071934614,0.2630617307302398,0.14519755146260035,0.128958280071582,0.1448250088457917,0.16259264187135544,0.14363048211238869,0.12688741855229677,0.14341443164692808,0.16141405916318546,0.043032508276789436,0.03249066025411696,0.04243353228251028,0.055169649700282035,0.047266274758640654,0.03357907628756162,0.04636733590616825,0.06360911845537129,0.27873300981422927,0.25871999806218077,0.2783328609783603,0.2998833345115263,0.3535296071738453,0.3289028067839221,0.3532848422169725,0.3795015621773151,0.4941300168410311,0.4430404965818038,0.4929272470860329,0.5486066576036441,160.61886590214004,149.566335376203,160.35728135833574,172.3646225177214,95.13706565708232,84.49668905990232,94.89296642098387,106.53476377015888,94.11028264208989,83.13980882092865,93.96872097585845,105.7625269151982,28.195975235659358,21.288692865003785,27.8035111898078,36.1485337248673,30.970044878730324,22.001850260517564,30.38103766911909,41.678284639920655
13590,Jesse Winker,OF,NA,286.131,0.20175313766172706,0.18605812008583092,0.2014235869933111,0.2183925139855743,0.11382479384225506,0.0996766059357662,0.11357450645331132,0.12868481796248277,0.10018234864678259,0.08649114673106437,0.09970252348598743,0.1148499192466491,0.023597264908012634,0.016594177701325825,0.023171695877223578,0.0319297736625629,0.011801443023729562,0.005907680333467446,0.011107900010162522,0.019997398594844236,0.2272578680396266,0.20828254254984768,0.22681559472347956,0.24742369002827957,0.31662674630143983,0.2927108212808543,0.3159635731447641,0.3425416200403396,0.3618301114046195,0.3217273447538653,0.3609352542086479,0.4055294874500631,57.72782703228762,53.23699595827888,57.63353236998309,62.488868419206355,32.56880208687828,28.520566933006716,32.49718710599242,36.82071564842315,28.665275600652546,24.747798305306176,28.527982747569066,32.86212224396295,6.7519090053945625,4.748108659858059,6.630140513045859,9.136098067842784,3.376758693822763,1.6903704814953735,3.1783145378078124,5.721875657341376
13602,Patrick Wisdom,3B,NA,NA,0.1735212406897044,0.15814849592934857,0.17321223004347044,0.19007127993425674,0.1128568148681219,0.0968349837067263,0.11250111606587232,0.1302224803353185,0.1310655974593225,0.11093804507614818,0.13057090966354273,0.15265714307949424,0.04972118529515246,0.034082892112603534,0.048771172469185255,0.06834706835235092,0.014463041111318714,0.007007422157422655,0.013502831212743396,0.025303812988524996,0.18644409677489024,0.16717651181387796,0.18622892762717208,0.20632095038604703,0.2640806163509925,0.2400522932910989,0.26350901868967586,0.2900774739273567,0.377264432857958,0.3293384078556309,0.3762998243615655,0.42939804319063496,NA,NA,NA,NA,NA,NA,NA,NA,NA,NA,NA,NA,NA,NA,NA,NA,NA,NA,NA,NA
13611,Mookie Betts,OF,LAD,631.764,0.2249434395324112,0.2092542838503949,0.22466371443933678,0.2417584833820297,0.14028287509673587,0.12457619506401027,0.13981537044688713,0.157656798500449,0.12807420074878084,0.11280099870444345,0.12765787771298945,0.1449359636565648,0.03950325376612031,0.029443420632356027,0.039045972760310924,0.05102726043183874,0.010502059375155918,0.006678152593692935,0.010192553730670774,0.015387927574035587,0.2566203264925694,0.23705210920213005,0.2563062410870548,0.27757639612089796,0.3453641715299315,0.3206268650871906,0.34528007675686073,0.37106582432702634,0.4542211297557772,0.40756794224523757,0.45334135080074195,0.5052411623003663,142.11116713275422,132.1993233824609,141.93444688905316,152.73430649536462,88.62567030261424,78.70275529841939,88.33031769500721,99.60188964783767,80.91266936185278,71.26361014551401,80.64965145546907,91.56532414352601,24.95673361229923,18.601293192379774,24.66783993494507,32.23718615946017,6.634823039086004,4.219016395201823,6.439288515103491,9.72153867588302
13613,Ketel Marte,2B,ARI,626.458,0.2489109965579497,0.2315447973753177,0.2487944221072848,0.26679602338583364,0.1424045000442726,0.12592398868764487,0.14178805065238964,0.16028182928735288,0.14403604668615388,0.12708433281198034,0.14362699292727316,0.16224310002834993,0.049952851149599485,0.03745145007899303,0.04929927815748665,0.06469029605056048,0.006734467202602582,0.0036635283021639524,0.006415409475788758,0.010803134271770936,0.2823025425278037,0.2616992290793375,0.28194324123975517,0.30391550562060216,0.3570962694316038,0.3320046720072333,0.35690864011175094,0.38285928929074614,0.5119250316612752,0.4598132862113005,0.51085585100064,0.5681881900625235,155.93228508170006,145.05309067414677,155.85925608448542,167.13650321824255,89.21043828873492,78.88609010528462,88.8242586355947,100.4098342116965,90.23253373491458,79.61299696472757,89.97627873523368,101.63848795756005,31.293363225475794,23.461760513585816,30.88392719598277,40.52575348324201,4.218860854808009,2.2950466131170253,4.018984589383673,6.767709889625077
13620,Carson Kelly,C,CHC,371.179,0.20461251322602536,0.18866388410433435,0.20422154284381577,0.22154373733382493,0.10333027674874289,0.09005829078188604,0.10307695739761383,0.1173823132104263,0.11078904644759652,0.09495959638621404,0.1104798318338209,0.1275256621249004,0.028321105757213687,0.019935543707792543,0.02783152794749778,0.038327387922938196,0.0029811635335247957,0.0010838778685191425,0.002647852154068855,0.0059637097337336235,0.2280317509210624,0.20889932245278325,0.22788356882972455,0.24866052473166572,0.3047396371294594,0.281011467920403,0.30434217022880045,0.3296864546940486,0.37299900272242226,0.33094670168610824,0.3720657216906373,0.41760855467249025,75.94786804672286,70.02807183796271,75.80274805122468,82.2323828798318,38.35402879332163,33.42774631412968,38.2600019698889,43.56984963513282,41.12256747137243,35.24700802703854,41.0077935002458,47.334847741858404,10.512199713856818,7.3996551779147275,10.330478712024277,14.226321521848275,1.1065452992102,0.40231270335906677,0.9828271146951234,2.2136038152575126
13621,Jeimer Candelario,3B,LAA,88.9837,0.2160951579614896,0.20023769547364542,0.21580046975829117,0.23298274699924304,0.11986005632873759,0.10532086305145882,0.11961323382515977,0.13508704290838003,0.12492304603156744,0.10903523941476351,0.12467983646624786,0.1413075295684907,0.03695214650212302,0.026931958598148283,0.03637253870637431,0.04918238825973925,0.006650891590926163,0.0032758033850149334,0.006222341748436227,0.011555830410875774,0.24128468358600802,0.2218005136258108,0.2410561359185916,0.2614678496294024,0.3177718553700508,0.2934506780370153,0.3177548537002097,0.3426907675678573,0.4211730728178708,0.3750147845371328,0.4203340311898016,0.4694048558235225,19.2289467074978,17.81789102271822,19.202724260830855,20.731666864156544,10.665591294339487,9.371840081512097,10.64362811472787,12.020544900046415,11.116114851159187,9.702359033511492,11.09447316416166,12.574066818863704,3.2881387187009645,2.396505324310047,3.2365630724863994,4.37643088218816,0.5918209420594964,0.29149310567115333,0.5536869914403247,1.0282805465322467
13624,Corey Seager,SS,TEX,533.572,0.2502608423847618,0.23212685239794215,0.24977570067806928,0.2695231465427925,0.1383312223793454,0.12182075280590828,0.13786444645887536,0.1565035656399929,0.14940579670443757,0.13121383254735886,0.14899204544798927,0.16907301567491542,0.052381034952852804,0.038864874475435185,0.05167204001998123,0.06827170540552907,0.004319398054410579,0.0019171655849493747,0.003976040056085713,0.007874184048770775,0.2848465724754429,0.2633564267174877,0.2847234400425481,0.3068317937570944,0.3609144816977412,0.33525143574565675,0.3605738786324364,0.38719390447766355,0.5246893350909353,0.47031290948783777,0.5232645267358687,0.5846011026408402,133.53217819292215,123.85638888767478,133.2733201621988,143.8100043471309,73.80966698739208,65.00014271615409,73.56060842595504,83.50592052566229,79.71874975918017,70.01202705995937,79.49798367377453,90.21262711969597,27.949053581863577,20.7372088036069,27.570753737541423,36.42787039663896,2.3047098586879615,1.0229458754926077,2.121503644805766,4.20144413127072
13675,Tyrone Taylor,OF,NYM,300.576,0.20226375857546167,0.18524062180196574,0.201888536921915,0.22043325904881045,0.10620978045873376,0.09225208769441572,0.10570484790189894,0.12151978313056334,0.09295628242640076,0.07876294694405814,0.09254646649570564,0.10838920612353047,0.019472326336691093,0.013202712540806212,0.019082905767431158,0.027204632636678244,0.027537571180448504,0.015533369275677632,0.02641950647233704,0.04309065256524869,0.21735904954292162,0.1973262223673316,0.2170537588965266,0.23881639309867367,0.2805693187583067,0.2558967673198278,0.2804825688428966,0.3065555261017455,0.33181566346500546,0.2901654729076575,0.3305291797285581,0.37591484492893024,60.79563149757797,55.67888513874766,60.68284887384153,66.25694727185525,31.92411097116436,27.7287635108367,31.772340362961177,36.52593033425221,27.94042754659784,23.67425154065722,27.81724671341322,32.57919401978629,5.852913960977262,3.9684185246653683,5.7358634839513885,8.1770596594022,8.27713299513449,4.66895800340608,7.941069577429179,12.95201598545219
13723,Jacob Stallings,C,BAL,107.354,0.16893936889682828,0.1533625265134275,0.1688191167594977,0.1850333852757246,0.06306099641855589,0.053234569018147194,0.06276808847743293,0.07395890252815805,0.07566224456618856,0.06313460332230711,0.07510264506396927,0.09018532285984573,0.012091602675599684,0.007828101607975544,0.011747581534399091,0.01759973262608246,2.1387336409966261e-4,2.820255332295603e-5,1.48562800195384e-4,6.207162945419164e-4,0.17660047177119834,0.15936312038241526,0.1763613246000977,0.19467939651851193,0.242972031600531,0.22108590555643526,0.24270701699104968,0.26614507830281364,0.24455466515292965,0.21321590260913936,0.24344537071019165,0.2796170890589134,18.136317008550105,16.464080671322495,18.123407460599118,19.864074042890138,6.769850209517649,5.714943922374174,6.738405370406334,7.9397840220078795,8.122644603158607,6.777752205062957,8.062569358197356,9.68175515029588,1.2980819136363284,0.8403780200226065,1.26114986804388,1.8894016963404563,0.02296016112955518,0.0030276569094326213,0.015948810852175255,0.06663637708425289
13755,Tomás Nido,C,NA,NA,0.19847845872013015,0.1791466912890147,0.1982617596381801,0.2191160831655764,0.087802640910365215,0.07465523425218558,0.0876182537741553,0.10201797183117987,0.09598537144916061,0.0786157870599643,0.09567983118279164,0.11505956290597352,0.020628216667030314,0.013101289931486832,0.01997499096177662,0.030403383116669135,0.002550223817653409,6.479304639037132e-4,0.002088944444730101,0.005936257078659304,0.21085900924447487,0.18903614924899853,0.21042033271027444,0.23480061187859344,0.2656580598246363,0.23984730494781029,0.26529854652218365,0.29211009164112367,0.3200972399131266,0.2743074209344543,0.31890771856748323,0.3698438746558693,NA,NA,NA,NA,NA,NA,NA,NA,NA,NA,NA,NA,NA,NA,NA,NA,NA,NA,NA,NA
13757,Chris Taylor,OF,NA,210.429,0.1830113847069954,0.16791247969576786,0.18284068198821768,0.19879872564524906,0.1047711436367181,0.09059557120180838,0.10444128669093196,0.11967917226080468,0.09742985867805543,0.0824589699527262,0.09692566277788342,0.1139577046789698,0.021757931607558702,0.014854103968621092,0.021218484369376248,0.030341324185792176,0.020467847180855855,0.011404070822256486,0.019636506731813455,0.032305161903377434,0.19775629852993462,0.18023271494289245,0.19743423083856226,0.2165081810128559,0.27367699842730636,0.25127637022591737,0.27352181514201157,0.2980536683511819,0.3190056375130732,0.2818234137708918,0.31792256469019753,0.35936003411168727,38.51090267250834,35.33365518990074,38.47498187009866,41.833017038804115,22.046886984330953,19.063935452425333,21.97747551708612,25.183968539668868,20.502067731764527,17.35175858818222,20.39597029268723,23.980005837890936,4.57849979024697,3.1257342440129676,4.4649844473634746,6.384694507092062,4.307028614420317,2.3997472190566103,4.1320904750687735,6.7979429141658105
13768,Travis Jankowski,OF,NA,NA,0.20346285797290628,0.1843552996617728,0.20312550252718725,0.22357961930894427,0.10129988456684148,0.08706492381968957,0.10086189538763402,0.11687242060555379,0.06463833241264677,0.05258521502340369,0.06438598533783732,0.07774575079341142,0.00851550253643153,0.0052629378097489255,0.008217386003458194,0.012701319332626686,0.040710736253633015,0.024836511439224225,0.0394174327113047,0.06089660966523143,0.22384251752797052,0.20211604158885013,0.22375285161256425,0.24651525840838837,0.29919043211700985,0.27297858299848377,0.2991362964483628,0.32581418419319835,0.2757417140129326,0.2393162107208489,0.27482490929695,0.3154168801247212,NA,NA,NA,NA,NA,NA,NA,NA,NA,NA,NA,NA,NA,NA,NA,NA,NA,NA,NA,NA
13770,Rob Refsnyder,OF,SEA,234.125,0.24791938393270924,0.22662761046612218,0.24766416345302206,0.2707970621121716,0.13998167845185278,0.12041409687018562,0.1396880445352614,0.16068714394554084,0.1314111937469033,0.11101417014588603,0.13079595062578492,0.15434409314624467,0.03743070238688318,0.025301917886149498,0.03658608032759374,0.05229830659825987,0.01095013778164644,0.005159753274166268,0.010187906748588924,0.019106300180642806,0.29035701316551743,0.2659713783475887,0.29020187033628253,0.3151903592484592,0.3743310252564001,0.3457050858934853,0.37416360108969865,0.4034886476441703,0.4899420179510261,0.43216035494896665,0.48867079282040027,0.5528127035886491,58.04412576324555,53.05918930038086,57.98437226843879,63.40036216701217,32.77321046754003,28.191950429732206,32.70446342681807,37.62087757624975,30.766645735993734,25.991192585405567,30.622601940261895,36.13581080786453,8.763463196329026,5.923811525094751,8.565716056697884,12.24434103231759,2.563701008127973,1.2080272353141777,2.385243667513382,4.473262529792997
13897,Tyler Heineman,C,TOR,143.982,0.23256632668391736,0.20692784488295063,0.23217263604059174,0.2600293753234914,0.10986304534012381,0.09115480661618476,0.109236027434915,0.13023037260042766,0.09313627318171833,0.07404572859275076,0.09214397186825893,0.11586341026922117,0.01841263053029181,0.010573959640015559,0.01769446753197379,0.028662941553475152,0.007964579582924085,0.0019576866468879,0.006634428774470558,0.018344420549959876,0.2653987761997541,0.23744887961632147,0.26490133920509173,0.2954108731744353,0.3353932447164289,0.3020752160679559,0.33497835655798386,0.3703572491648514,0.37559417603049383,0.31826442001285177,0.3744267424807384,0.4373594245994861,33.48536484860379,29.793884961936996,33.42868048239648,37.43954951782694,15.818300994161707,13.124651366211515,15.728021702133931,18.750829507754776,13.409946885250168,10.661252094241439,13.267073357535656,16.682245537383004,2.651087369012475,1.5224598568887202,2.54768482418865,4.126947650752459,1.1467560975085755,0.28187163879221366,0.95523832380582,2.641266359624323
14128,Joey Gallo,OF,NA,NA,0.14842084637727565,0.13568282852137298,0.14828560135733634,0.16109400215557038,0.10379430525512619,0.09086641485385184,0.10348978810491122,0.11806825725130372,0.10108311521789415,0.0872362037021535,0.10071609452015995,0.11562244188841418,0.037195792256932696,0.026858061330676693,0.03655196345579414,0.04952376750141208,0.006075726243687831,0.002828195100727342,0.005626040545987876,0.010819192187497995,0.1631231526346291,0.14764519404651752,0.16301518278651456,0.17921338979508836,0.2649879867433021,0.2421657392500653,0.26492450782258303,0.2882156722626963,0.3226384731084992,0.28671172480254636,0.32196678071043683,0.36095759704784447,NA,NA,NA,NA,NA,NA,NA,NA,NA,NA,NA,NA,NA,NA,NA,NA,NA,NA,NA,NA
14161,Byron Buxton,OF,MIN,533.456,0.22868874972925377,0.21162681589803514,0.22836244547646756,0.24623178816056235,0.15018161656719348,0.13235628255002993,0.14977408657623437,0.16931724084054714,0.15180669557880488,0.1332251868513454,0.1510990940052626,0.17206383546798343,0.06110492940171717,0.045416887808998274,0.0601722661566218,0.07973883242562181,0.023531577273574723,0.014841629748654562,0.022828046234288073,0.0344327826803053,0.2568349052948525,0.23611495403820873,0.2569001905378471,0.277669782753191,0.33024933478212665,0.3051897928197326,0.32989354993166864,0.3560755957811498,0.5069722443986149,0.4530739739120121,0.5054889381919041,0.5630894587089998,121.9953856755688,112.89359470170224,121.82131671409448,131.35382478498096,80.11528444746877,70.60625306400877,79.89788512861168,90.32329802983492,80.98219259668694,71.06977527697131,80.60471829167138,91.78848541340857,32.596791218922434,24.227911303036983,32.09925641484684,42.53715859044251,12.553061086052079,7.917356439198269,12.177758231958379,18.368374517504943
14162,Carlos Correa,SS,HOU,551.127,0.23983665956860759,0.22269606964747257,0.2396115218444667,0.2582908939228653,0.11208753684000086,0.098761696396601,0.11172334550089599,0.12688500098176722,0.11023877536217663,0.09609783978236788,0.109972437834034,0.12546246129618252,0.026034575520450905,0.018953332204933067,0.025649940289571745,0.03427182211356095,0.0015827554906987032,5.762758494614743e-4,0.0014124604158969733,0.003152804770787262,0.2704375781512329,0.24985325920724402,0.2701624987685557,0.29196164130846003,0.3460728277969007,0.3208364830961709,0.3456688178863901,0.37188358667665333,0.41930628986067947,0.3757081507201173,0.4183328479318664,0.465620949976042,132.180458678068,122.73381677660261,132.0563791995754,142.35108549502698,61.77446791601915,54.43023744996951,61.5737522358723,69.92974993607842,60.755565549030315,52.96211414573706,60.60877974615765,69.14574990678118,14.348357502859544,10.445693118108146,14.136374641970805,18.888126505980505,0.872299285322304,0.3176011800861539,0.7784450716320511,1.7375958349096712
14221,Jorge Soler,DH/OF,LAA,480.559,0.19221107153158146,0.17679296583761736,0.1922185366110591,0.20815945715938625,0.10613561410406232,0.09246130709967652,0.10578017143581675,0.12090362482506525,0.11786809305340568,0.1017039902461567,0.11756950866650442,0.1355268279681813,0.037852658813064946,0.027505522240826218,0.03736029097692771,0.05045607458284671,7.777087370158937e-4,2.159896794800219e-4,0.00066244064853798355,0.0017237974666439934,0.21541435921215804,0.19672733422879546,0.21525420550588067,0.2353471549911688,0.3044585020826344,0.28023499068883373,0.30411363624405335,0.3292310620069992,0.3910489460083815,0.3482816853656311,0.38996270453033016,0.4384242772583006,92.36876032414526,84.95945086995957,92.37234773527395,100.0329005730575,51.00442457823409,44.43311327851345,50.833613405024664,58.10132504230854,56.64257292965158,48.874767848702824,56.4990855152667,65.12863692156124,18.190435866547677,13.218026262529207,17.953824071581405,24.247120745458233,0.3737349329516209,0.10379578438123985,0.31834181562076486,0.8283863867729708
14274,Mitch Haniger,OF,NA,NA,0.1867076444925825,0.1712629409578047,0.18648782582991302,0.20301239753120623,0.09951299385184563,0.08621845904297269,0.09920694879509268,0.11396211549250208,0.11373353760345611,0.09801176379406465,0.11333596700224269,0.13054215171641792,0.03302758239510953,0.023645502366668236,0.03244176733707929,0.04457128798935521,0.0016364578158798793,5.751100781637366e-4,0.00143897441456124,0.003418112134510184,0.2004209324469866,0.18221316219878306,0.20014709018412832,0.2191991157990405,0.2728718078713304,0.2489043408592983,0.2728392542227156,0.2971132901835562,0.3528098168426063,0.31277636419578647,0.35238402480238107,0.39460311570900897,NA,NA,NA,NA,NA,NA,NA,NA,NA,NA,NA,NA,NA,NA,NA,NA,NA,NA,NA,NA
14344,Matt Olson,1B,ATL,670.518,0.22950539278611784,0.21399994445035506,0.22894736750731787,0.24613101642477012,0.1282505092728041,0.11353308215891605,0.127843910032751,0.1440971109262613,0.14949240899590527,0.13269552814265084,0.14928312815130876,0.16688308351995884,0.05127560069263525,0.03899452808072677,0.050711876660857066,0.06553721015314677,0.0016527855583159127,6.690940120750514e-4,0.0015104549607355838,0.003133594810183694,0.2648763462905407,0.24476327078427335,0.2646136390592687,0.28562868349040754,0.35592280623336725,0.330884865727396,0.35566673734697485,0.38185675345347136,0.48897636574586384,0.44158370812509246,0.487541497933199,0.5409190665723989,153.88749696016217,143.4908147529632,153.51333096627178,165.035276871104,85.99427497658206,76.12597518303208,85.72164286734014,96.61970662405487,100.23735109511641,88.97474013915397,100.09702452175925,111.89811139563577,34.38121322522441,26.146532979632756,34.00322611488456,43.94387907746767,1.1082224669908691,0.44863957878853933,1.0127872393625021,2.10113172493475
14366,Joey Meneses,1B/DH,ATH,57.5785,0.2259721969201799,0.2063448001186148,0.22570940091829172,0.24681770094784408,0.08886404653182839,0.07563126278987027,0.08861793812843635,0.10312390883176994,0.10824751407966715,0.09162256992199001,0.1078292755226466,0.12695943127309173,0.019039766967248524,0.01275704058791443,0.018592576651600155,0.026658520917870094,0.0015377058303509036,4.363886549399414e-4,0.001315718101033492,0.0033906137843345376,0.24236503725067968,0.21976455892886712,0.24205733958739747,0.26583584674558214,0.2989667862029804,0.2719588443244096,0.2986561556862799,0.32618826943164353,0.3494509450911466,0.3036175617420462,0.3480947129434812,0.3987560769809467,13.011140140368578,11.881024073629662,12.99600874077386,14.21139299402544,5.11665850323288,4.3547346645465455,5.102487950528173,5.937719984670066,6.232729489436115,5.275490142253302,6.208647940680707,7.310133613557712,1.096281222323719,0.7345312614912309,1.0705326747341595,1.5349576466695831,0.0885387951528595,0.025126604168459413,0.07575707468035692,0.19522645578130618
14387,Harold Ramírez,DH/OF,NA,NA,0.26299424668658644,0.24221822507832472,0.2627373963451445,0.2856040249101348,0.11419899206244111,0.09975825043624993,0.11368462917705656,0.12992256284780862,0.1192029062580566,0.10208781233879065,0.11864712340866523,0.1383728282688961,0.02383351293045572,0.016437817190703186,0.023396602285855755,0.03295361553350729,0.011095486283361575,0.005373751553540923,0.010353144605917065,0.019232171246619433,0.28363531017375176,0.2606438489265808,0.2835342999894758,0.30723904984921757,0.3267439151281764,0.3007668544459413,0.32651623777978467,0.35302168893230385,0.4211068800589124,0.37217036628267786,0.42032627199792755,0.473890341087308,NA,NA,NA,NA,NA,NA,NA,NA,NA,NA,NA,NA,NA,NA,NA,NA,NA,NA,NA,NA
14477,Jake Cave,OF,NA,NA,0.19445227191727751,0.17824166204213535,0.19416660406653524,0.2114310195300725,0.09788944502815662,0.08529661734646263,0.09746766004706096,0.1117724694405831,0.09284290677717338,0.07846053263439358,0.09244125245976298,0.10876537626663585,0.020154797252528903,0.013711976157388447,0.0197108002308476,0.02804566257133621,0.009956576820080982,0.0046280750576159465,0.009187039437581049,0.017938209601164917,0.20691589398081375,0.188167358293424,0.20658543039013605,0.2260749827222643,0.26925277294215627,0.2463668775934607,0.26916057277648825,0.2924407252069991,0.3203574225368265,0.28169160520241276,0.31953178894186973,0.36136395577830505,NA,NA,NA,NA,NA,NA,NA,NA,NA,NA,NA,NA,NA,NA,NA,NA,NA,NA,NA,NA
14551,Anthony Santander,OF,TOR,552.393,0.2080158158987804,0.19262256258058832,0.20780469657198591,0.22388925717016506,0.11482373617806022,0.10114537386447171,0.11455525177614792,0.12956467453993772,0.1405727866542782,0.12352538174331565,0.14007240174016458,0.15928466899401572,0.05084088092288172,0.03730702660406513,0.0500927213380781,0.06688562385669199,0.003091786367307524,0.0013180354612182654,0.00283845107945251,0.0058617915451647275,0.22787843098488667,0.2094693300697969,0.22770386830025052,0.24743633177317584,0.29683455925495544,0.2740236975940186,0.2966703542128979,0.3203293003467091,0.433841827849262,0.3892427776051546,0.43297964142762346,0.4814464597664142,114.90648059177501,106.40335521157893,114.78985975348903,123.674858435999,63.42782809860722,55.871996505117124,63.279519194381685,71.57061926313982,77.6514233383167,68.23455619733537,77.37501421445474,87.98773615961133,28.084146735633404,20.60814034689935,27.670868618104976,36.94715041906966,1.707881146796105,0.7280735625287413,1.5679405071320105,3.2380126170081796
14712,Manuel Margot,OF,NA,70.0239,0.23100031654302342,0.21321688615107623,0.23075861465360037,0.24911356601909,0.1101174189234231,0.09695212444563416,0.10969772806675213,0.12437898828993922,0.09742817778634384,0.08378843400280299,0.09712275355451902,0.1122179098866145,0.01923445566751588,0.013492604222845584,0.018856341367705892,0.026150868780460985,0.01716791799176792,0.010289422924688943,0.01658497448350599,0.026209436025415252,0.25099641543544854,0.2305033100853638,0.2508944330170928,0.2720449429930648,0.30714391414314296,0.2841224279931663,0.30709557132522747,0.330526294687902,0.3659456784784876,0.3255261224234423,0.36525922724038196,0.40947756876218144,16.175543065577017,14.930277914154347,16.158618156642245,17.443903435564156,7.710851130951887,6.788965866968641,7.681462740373444,8.709501838115875,6.822300978493162,5.867192923768876,6.800913982626284,7.857935700109304,1.3468716002165653,0.9448047688401169,1.3203945622981006,1.831185820396122,1.2021645726637575,0.720505521936126,1.1613445947355752,1.835286927300075
14813,Kyle Farmer,2B/SS,ATL,163.039,0.20968661663990104,0.19171828375850147,0.20962603844051708,0.22797272800555515,0.09602220534329176,0.08218807801422995,0.09568467161127896,0.11103903700253519,0.10643147528128671,0.08984914707230784,0.1058576880694187,0.1247704978708638,0.02299934324546523,0.015389959508242405,0.02247819440751886,0.03231678077421265,0.002759310476188615,9.733378282354405e-4,0.0024371291286617823,0.005672465865354557,0.22538076716261815,0.20505441276019207,0.22518317490949114,0.24644793879622368,0.28453218408680314,0.2601357321091107,0.28428909658029544,0.30974495923353423,0.35322654442719853,0.3086312707595126,0.35260245747518554,0.4006205667076388,34.18709629035283,31.25755726570232,34.17721968130346,37.168445601297705,15.655364336964944,13.399862051362035,15.60033317483131,18.10369355385633,17.352481298385705,14.648915089521998,17.258931605149954,20.34245720236776,3.7497899233974055,2.509163608264333,3.664822338007467,5.268895620646855,0.44987522072731556,0.15869202617767797,0.3973470960078883,0.9248331622215415
14854,Mike Yastrzemski,OF,ATL,443.04,0.193584197235478,0.1784999016218898,0.19343770943055075,0.2092932930931518,0.11437245596409373,0.10010245236202757,0.1141063411079557,0.12976521199101393,0.10326574315193525,0.08907210647091766,0.10294585164856178,0.11852491933697512,0.028171655146418777,0.020367778016589237,0.02778777088895157,0.037364716133132955,0.006337992755118234,0.003247241293435058,0.006012190712967746,0.010616253756962528,0.21749157186301035,0.19870201445388203,0.21728512541106376,0.23698483640258572,0.30552164917534697,0.28102034891164185,0.3053353086385921,0.33135027595348265,0.3677315252699922,0.3267768122455998,0.3672209519219193,0.41219999189758383,85.76554274320618,79.08259641456206,85.7006427861112,92.72530057198998,50.67157289033209,44.349390494472694,50.55367336446869,57.49117952049881,45.7508548460334,39.46250605087536,45.609130114378814,52.51128026305346,12.481170096069375,9.023740372469696,12.311094014641103,16.554063835623225,2.8079843102275825,1.438657782643468,2.6636409734732305,4.703425064484679
14968,Victor Caratini,C,MIN,364.948,0.22165773170611103,0.2038165052315767,0.22141057414146736,0.24015765891610147,0.1030945292569243,0.08980036553172073,0.10283749922404019,0.11765634800267051,0.11746302274837271,0.10134618794901343,0.1169601788379234,0.1355790740376903,0.02909531919565315,0.020335583286858774,0.028549440107162705,0.03966234685845086,0.0018486023394115145,5.809338671137322e-4,0.00159769246399188,0.004008194571589401,0.24906939880033283,0.22803614626442237,0.2489227980976591,0.2704180132283071,0.32120374459288675,0.29718516868129263,0.3208649365236268,0.346066031875992,0.39917542049115756,0.35420783296305086,0.39861400708202743,0.44764133203563167,80.8935458706818,74.38242595125345,80.80334621178022,87.64505730611339,37.62414226325601,32.77246380007041,37.53033966681502,42.9384488908786,42.86789522597312,36.98608859961655,42.68438334654247,49.47931191190699,10.618278549815226,7.421430449372536,10.419061068228814,14.474694161297924,0.6746437265635533,0.21201065293542234,0.5830746693489086,1.4627825925124087
15112,Ryan McMahon,3B,NYY,483.381,0.20425272079633122,0.18940663668433322,0.2040467497987846,0.21960574681696335,0.11000685246598063,0.09715158988759398,0.10965430364161681,0.12347755733791477,0.10721518196476175,0.09367420086951936,0.1070106127096441,0.12148363627595866,0.028052717456943908,0.020591410221094147,0.0275773219963045,0.03676959436948466,0.006128501731344465,0.0032523569673775284,0.005806711913830915,0.0101659931085724,0.22740788565472717,0.20944901955980993,0.22718118405335827,0.24616754416159564,0.3075170933142393,0.2845206307598347,0.3073041854202379,0.3310298451967648,0.37531716172105545,0.3364459769055664,0.37459135654107645,0.4161569188275093,98.73188443125137,91.55556944710968,98.6323219644863,106.15324550213056,53.17522235185818,46.961232671455065,53.004806948588374,59.68670514355858,51.82578187330849,45.28032889050913,51.72689698220047,58.72288158670917,13.560150617055003,9.95349646408271,13.330353483895664,17.773723295915865,2.9624012953990184,1.572127563247917,2.806854211619501,4.914047914814835
15161,Mitch Garver,C/DH,NA,209.539,0.17827414170532765,0.16303429613596626,0.1780655342684203,0.19427626439736786,0.09585678595763096,0.08235123840200044,0.09543450657470967,0.11102514726497031,0.11121704010012877,0.09446320073119883,0.11064043615553867,0.1294835560614831,0.03202375473876672,0.022517929484104207,0.031384581640651096,0.04363886937863059,0.002047493085669833,5.332430392989543e-4,0.001686314711009205,0.0047960678092523615,0.1963562880920812,0.17834010924055882,0.1961221039131478,0.21560585879368302,0.28355594547257845,0.2585908638919094,0.2835079051288929,0.3081676580167141,0.34627566404810867,0.3055952019445667,0.3452098667235487,0.39045149730503736,37.35538537879265,34.162043378034234,37.31167398507052,40.70845416556006,20.085735072776032,17.25579614351677,19.99725107315809,23.264098332754614,23.304307365540883,19.79372461801467,23.183486351595416,27.131854853567106,6.71022554420644,4.718384426169711,6.57629385240039,9.144045050728874,0.4290296536781711,0.11173521321166358,0.3533486982301578,1.0049632526829304
15172,Tim Anderson,SS,NA,50.1987,0.2171745209567122,0.1998418606635064,0.21675507319816734,0.23512289359350275,0.09035239124099188,0.07881508081324629,0.09003816261436787,0.10302854800048968,0.05966845008016277,0.05052963883099981,0.05930256222814722,0.06982094983283653,0.0070053252948549674,0.004687180387013181,0.00685482558437407,0.0098973090801021,0.019164289937610123,0.01151514585415081,0.018482181298685618,0.028959443594207396,0.22769137446358567,0.2078890702944468,0.22741746964033727,0.24808553737627584,0.2781064272404887,0.2552652090348452,0.27794950468669555,0.302053075899072,0.2624172483948703,0.23066565734774655,0.26191584403701673,0.2959518252651289,10.901878625149708,10.03180161088916,10.880822892952843,11.802863598632166,4.53557258218918,3.9564145972199065,4.519798713629869,5.171899172512181,2.995278625039067,2.5365221807857106,2.976911530522094,3.5049209143736113,0.3516582228788361,0.23529036209355858,0.34410333306231866,0.49683204931932134,0.9620224412911093,0.5780453521887603,0.9277814743583298,1.453726421152539
15194,Jake Bauers,1B/OF,MIL,305.469,0.19542028456659039,0.17986686109196875,0.19504257806164138,0.21176906563550094,0.12002115107362211,0.10538543667668095,0.11962163846384147,0.13584632207381764,0.11002286187059915,0.09429138260674935,0.10977567173020528,0.1269561408100164,0.032427997790731584,0.02287977542269844,0.03180678453737473,0.04430122536022015,0.024190703862982613,0.013788852453017897,0.023028162735582797,0.03808660682018574,0.21977456867698075,0.2010421458665936,0.21966265599450752,0.23897207738374635,0.3083968162993075,0.28482039758908767,0.3079507909834962,0.3329661811227569,0.3829130295952304,0.33944720579355925,0.38215368815926287,0.4280008009991997,59.6948389062718,54.943750190902605,59.57946127791153,64.68888471061084,36.662740997308276,32.19198395618905,36.54070227991119,41.496840157567,33.60857359275005,28.803094353501116,33.533064667754076,38.7811653770949,9.905748057136986,6.989062118596269,9.715986665847321,13.53265100956109,7.389510118321436,4.212066969970924,7.034389842675742,11.634277698755318
15223,Adam Frazier,2B/OF,NA,279.529,0.21377348712573388,0.19749738153124508,0.2134668757562138,0.2312217659349988,0.10158971209751018,0.08838105680127933,0.10120229767465289,0.11575731090222176,0.08065058238719322,0.06844030993496027,0.08023345925125214,0.09402221450587814,0.013276421100011608,0.00909651421760371,0.012952284708901373,0.01845392096692623,0.015692968650212386,0.00889969926596518,0.015035308691084694,0.024666265284411956,0.23100321374275012,0.21161235029176786,0.2307000363932019,0.2511695552738078,0.2941709598847407,0.2706977456598041,0.29424526043034643,0.31849034423098793,0.31755744355245163,0.2799985155483329,0.31669831098958656,0.3576478461671239,59.755889082769265,55.20624556204741,59.670182313258685,64.63318901004428,28.397270632904924,24.70506842660481,28.288977066698045,32.35752535918714,22.544176644109733,19.131051395809507,22.427578631043257,26.28193559861361,3.7111447136651448,2.542739522732547,3.620539192394492,5.1584060739639215,4.3866398338252175,2.4877240361159805,4.202804803110213,6.89493646868639
15271,Austin Wynns,C,ATH,154.119,0.2178879029005683,0.1963600045650129,0.21720871698334177,0.24134775133907047,0.09719134592273958,0.08114064873943688,0.09693191462416535,0.11471176786423633,0.11794780458788738,0.09609934798440647,0.11719899687419469,0.14292398765781564,0.030451214341441716,0.018943026096415183,0.029334431896922676,0.04595829158733175,0.0021138646919844593,3.6084844299147915e-4,0.0015732764951910043,0.005749919545127189,0.23937127096896432,0.21605886977434938,0.2390314562258966,0.26418573031926623,0.2942169170972132,0.26680584078461417,0.29404010892633037,0.32230245798967294,0.38819805872909197,0.3361044308795407,0.38665781568367663,0.44627618723838447,33.58066570713269,30.262807543555223,33.47599025275565,37.196274088626204,14.979033042266702,12.505315643073272,14.93904974996174,17.67926295146824,18.177997695280617,14.810735412008741,18.062592199254013,22.027302053834887,4.693110703088656,2.919480238953412,4.520993309521826,7.083045941147982,0.3257867124639529,0.055613601185403774,0.24247180016234238,0.8861718503754572
15274,Mike Tauchman,OF,NA,310.999,0.21085547256734716,0.19297434898728222,0.21065625071040278,0.22948179131735966,0.11703141021468376,0.1015968386255585,0.11661447545687363,0.13424642240879509,0.09567346055764704,0.08122502761196658,0.09521279531643169,0.11175348971271284,0.0211080761355478,0.014377656136621685,0.020592663671074797,0.02946901980655211,0.007595745176824955,0.003879043435915965,0.007200375018485206,0.012730563312557813,0.2415887604695003,0.22016697023079615,0.24125132485713274,0.2639444091355281,0.3324422843903942,0.3054841250181553,0.3321254434412837,0.3599313431956238,0.36666920153377397,0.32336049204771045,0.36509800731557374,0.4149546081343838,65.5758411129724,60.01482956069579,65.51388331468456,71.36860761790754,36.396651545356434,31.59651521571007,36.266985252612244,41.750503122712864,29.754350559967673,25.260902362293997,29.61108413061494,34.755223547163986,6.56459057007923,4.471436680833208,6.4042978090405915,9.1648356908179,2.362269154247384,1.2063786295264294,2.2393094303738805,3.9591924596421677
15279,Garrett Cooper,1B/DH,NA,NA,0.2067613663026336,0.18865424954434162,0.20641912779275268,0.22601587738509996,0.08222124464612202,0.06997244606311083,0.08193850278404431,0.09533139128478316,0.10519364315455829,0.08842158445329505,0.10469617957095323,0.12344722015994018,0.021036256059347138,0.013991318328778524,0.02056459456503646,0.029669781311577326,4.983337900945419e-4,9.536063460809452e-5,3.787701090684409e-4,0.0013146779784711338,0.22250331635545312,0.20174610852391375,0.22238581601241406,0.2438307575038357,0.28822476287600973,0.263500123734192,0.2881233048112841,0.3135043679073445,0.3349141178556629,0.2929441577651515,0.33398146458726585,0.3805121712523652,NA,NA,NA,NA,NA,NA,NA,NA,NA,NA,NA,NA,NA,NA,NA,NA,NA,NA,NA,NA
15362,Jeff McNeil,2B/OF,ATH,546.559,0.22133252288737637,0.20443352367948747,0.22109660166687167,0.2388322963656092,0.10065999083035293,0.08793727863942886,0.10042262980771105,0.1140550904136416,0.09268623048538718,0.07951529472277408,0.09231710168431524,0.10717713984146231,0.017232322778298365,0.012090866533972304,0.016859307615355604,0.02363111181234786,0.005417269101611223,0.002715036041846343,0.005096597306045839,0.009193477001733836,0.24120095443461217,0.22104390780598784,0.24093363207179064,0.26206923566803036,0.3065030049860707,0.2819995121652342,0.3062098062986953,0.3314378084564543,0.3483028681471178,0.30932279458098333,0.34758821802602285,0.3911657369340491,120.97128237680154,111.73498226873699,120.84233751044371,130.535941069291,55.016623928246865,48.0629110758876,54.88689212507274,62.33783616138954,50.65849344786273,43.45979996838467,50.45674277947765,58.578630374609794,9.418481105383975,6.608371921941369,9.214606310941143,12.915796841045033,2.960857182907528,1.4839273839954952,2.785591126995108,5.024777596590643
15429,Kris Bryant,3B/OF,COL,92.2087,0.20199632539661264,0.18553452683775018,0.2018151497327745,0.21969875256832214,0.1049860854847041,0.09083098573630144,0.10451425320105258,0.12046417933615373,0.09308255203391057,0.07880461940808338,0.09261790320856353,0.10935387041574543,0.020967957723650676,0.014102624580248883,0.02048932406592906,0.029281202005281493,0.004040681724571799,0.0014847715283176951,0.003565468218708602,0.008157394003383082,0.22466885845466852,0.2044016456396266,0.22428768133967486,0.24643965100466275,0.3092140721794389,0.2844588355279965,0.30897784106944787,0.33450881647233155,0.34465821794410684,0.3029210209385553,0.34382274347347996,0.389442102444547,18.625818569598636,17.107897524824054,18.609112597164483,20.258136365946644,9.680630460633434,8.375407114462899,9.637123419139897,11.107845373153598,8.583021115729249,7.266471509614138,8.540176451587472,10.083378231004344,1.933428123352788,1.300384679132795,1.8892939359980327,2.6999815713443995,0.37258600893652366,0.13690885242318784,0.32876718933843585,0.7521826964397496
15464,Hunter Renfroe,OF,NA,NA,0.18760786666946486,0.17257734515117554,0.18723580823040092,0.2037604759992517,0.09138331076715515,0.07943808218786969,0.09112129262891204,0.10449810199346268,0.10553980313006588,0.09080706926836858,0.10516572957903864,0.12169315119866989,0.02763750901433195,0.019646982520471073,0.027165485047168397,0.0373474456740437,0.0015010006253559634,5.12047606942023e-4,0.001321855350433005,0.0031036806367128,0.19980410336847104,0.18216667965695105,0.19934005082202066,0.21854873848342524,0.2662605027325877,0.24433266409563037,0.2660466333043662,0.2891316477390039,0.33416832015169917,0.2955631252424855,0.3333324721955867,0.3751893173732232,NA,NA,NA,NA,NA,NA,NA,NA,NA,NA,NA,NA,NA,NA,NA,NA,NA,NA,NA,NA
15491,J.P. Crawford,SS,SEA,597.787,0.21871353859979142,0.2030511367653248,0.21854054915217988,0.2351968306295944,0.11404631299601825,0.1006744079868847,0.1138185582771298,0.12858430043824381,0.08974097371054304,0.07779624868142697,0.08943372010025838,0.10249768628340009,0.019003329584777014,0.013616827287180971,0.018693752237002263,0.025510040998244367,0.0071670703720543676,0.0038148236353144484,0.006845288188743773,0.011643929372559337,0.24760927995369472,0.22847042111661955,0.247529791016679,0.2673701716081038,0.3323929693256131,0.30854086751620213,0.3320198130324944,0.3570062486188448,0.3646128203703568,0.3254231293284412,0.36371346002726157,0.40556049613573153,130.7441100989535,121.38132989353322,130.64069925603417,140.59760779157335,68.17540330695077,60.181852327255854,68.0392544968106,76.86602320607646,53.645987451504396,46.505586110524185,53.46231523757316,61.27178439029489,11.359943382495098,8.139962333522051,11.174882068500873,15.249570878217506,4.284381496499265,2.280451976483718,4.092024290484574,6.9605896078341285
15518,Amed Rosario,SS,NYY,270.735,0.2528367480326097,0.23416435894071327,0.2527426841512622,0.27265371855498516,0.11268920727164856,0.09935428327780152,0.1122112808218646,0.12741473157909491,0.10094172490557285,0.08702571853156774,0.10075401028602818,0.1157075564600871,0.01901430270757701,0.01336285362765152,0.018649231617747418,0.02581596146856426,0.016858937594616305,0.010248201269015014,0.016269715427704452,0.025416529644003785,0.2707066098969532,0.25016398361794207,0.27063320819923825,0.2919734804259277,0.31331158546368176,0.2908113084587543,0.3130970233990501,0.3370269098144185,0.38589748156648684,0.3437008045757095,0.3849919629672613,0.4318459555105939,68.45175697860859,63.39648771781401,68.42629059369197,73.81690449298391,30.508912530689777,26.898681883215595,30.379521113307515,34.495627354066265,27.328457892310265,23.560907906643994,27.27763697478784,31.32608529822168,5.147837243535863,3.6177921768822343,5.048999722030848,6.9892843281917445,4.564304469678445,2.7745467705667797,4.404781406319565,6.881144153169365
15640,Aaron Judge,OF,NYY,657.062,0.26929136442356005,0.2511216956382128,0.26878346032454403,0.2889207282487294,0.19074905942113685,0.16918587585348838,0.19015224038093392,0.21384817551643348,0.1979588822831427,0.17491686482509117,0.19764188422209303,0.22176754141892344,0.09422796334840808,0.07207945435360995,0.09328028309027013,0.1193292618961399,0.013471836531106198,0.008201780180376277,0.013042657706686753,0.02014428747105999,0.32688894775174415,0.30393491728705613,0.3263944966028278,0.35143314479408894,0.43167715813681634,0.40442779812320656,0.43130241532274993,0.4600039889182938,0.6988554033785322,0.6268328219855546,0.6972015062113519,0.7761598706649723,176.94112249087323,165.00252357943538,176.60739800776557,189.83883154456663,125.33395848137103,111.16560996004478,124.9418113691772,140.5115099011788,130.07125911072632,114.93122503570406,129.8629717307369,145.71502429980066,61.91361405363171,47.36067043649166,61.29092936785907,78.40672348000147,8.8518318548017,5.389078088878398,8.569834758071012,13.23604581430962
15653,Dominic Smith,1B/OF,NA,254.436,0.2208010744845673,0.20338844604250597,0.22049161769492198,0.23931650503350654,0.09670638018258552,0.08440778606786241,0.0964328456482956,0.1102241147022375,0.09679239468663163,0.08250258901131734,0.09640813768985859,0.1120080184290562,0.01831215844440321,0.012595294421194921,0.01794263422930647,0.025216161667275323,0.0035666700180206905,0.0013726828534083159,0.0032030791632277796,0.007019817086534101,0.24221811099039722,0.2220522299534747,0.24193162227574955,0.2633699086078786,0.3092115370248106,0.2858997193501703,0.30890323650155654,0.333406600602497,0.3496146398298146,0.30995501864266906,0.3488022840472851,0.39200562778562925,56.17974218755536,51.74934265727105,56.10100523982517,60.890734274705274,24.60558454813633,21.47637945596264,24.53598751536974,28.044982848378503,24.627469734487807,20.991628737683538,24.52970092125686,28.498872177015343,4.659272345960176,3.204696331351151,4.565252082767821,6.415899309974864,0.9074892527051124,0.34925993448979825,0.8149786499750233,1.7860941802293906
15674,Reese McGuire,C,MIL,128.163,0.2078203461284449,0.1899807409604869,0.20745880770598277,0.22687698229699532,0.09202505905129012,0.07912689105562956,0.09165631633879627,0.1055245879039098,0.10027873385479764,0.08357211474714775,0.09982675871243873,0.11848665140972907,0.020402429659169285,0.01328368851410167,0.019885140189897663,0.02930276345296142,0.0037601297574541303,0.0012587769124309627,0.003247908585894036,0.007917911769181331,0.221173837881297,0.20056378831644137,0.2209579674024925,0.24253004570235176,0.2757130352204665,0.25186454726578517,0.27518701770743237,0.3008828536077218,0.33181227025197235,0.29025994866519134,0.3308748893598339,0.3769902872687781,26.634879020859888,24.348501703718885,26.588543172021872,29.077234682129813,11.794207643190497,10.141139738362652,11.746948470929148,13.524347759528792,12.852023367032432,10.710852942338699,12.794096876862287,15.185604704625108,2.614836592408113,1.7024773710328125,2.5485392221578542,3.755530072421895,0.48190951010459376,0.16132862542788948,0.41626170809393737,1.014783326073587
15676,José Abreu,1B,NA,NA,0.1945133222263261,0.17807906596707787,0.194197280557125,0.21202084313275435,0.08342821048086813,0.071612539629284,0.08315413340368734,0.09606000548513033,0.11322862755746502,0.09670416358069629,0.11285791574413559,0.13057484118093973,0.023198201736242055,0.01632167456751223,0.022774299540091934,0.03168693901582885,6.566406557228575e-4,1.5504455887041163e-4,5.332259563508551e-4,0.0015693321213598637,0.19656120993628903,0.1778237436966537,0.19643305340247902,0.21514399998536113,0.25135114589404306,0.2285886696782783,0.2509702214055154,0.27460318201716877,0.3049056612865356,0.26688922461064374,0.3043634617273354,0.34490205709506366,NA,NA,NA,NA,NA,NA,NA,NA,NA,NA,NA,NA,NA,NA,NA,NA,NA,NA,NA,NA
15679,Rowdy Tellez,1B,NA,297.765,0.20252529296369462,0.1866345647369158,0.20240655030382237,0.2194000419121856,0.10179712979650439,0.08910423230142762,0.10144623867288932,0.1159096910956889,0.13475552183887554,0.11707350943009574,0.13438373910429027,0.15379049883833829,0.041817172578603325,0.03013581577187126,0.041206945830862596,0.05582125040137785,0.001660214824523015,5.583850588086764e-4,0.0014705795378561596,0.0034159406140831963,0.22052835136209542,0.20130137058436906,0.22054914089890162,0.24041040694308885,0.28989628018130187,0.2666156081204593,0.2897683220229619,0.3133475951163391,0.3979756899450718,0.3542587472522582,0.3966761348971025,0.4454536126390952,60.30494385933453,55.57324116888773,60.26958645121767,65.32965347998194,30.31162235385613,26.532121731234596,30.20713925843289,34.5138491691078,40.125477960352775,34.86039353545246,40.01477407438899,45.7934278865978,12.451690392867818,8.973391183311247,12.2699862253268,16.621614625766274,0.4943538672240956,0.1662675270361655,0.43788711608973935,1.0171475569524828
15711,Tyler O'Neill,OF,BAL,358.395,0.2008356146748742,0.1854378530731226,0.20059576962795345,0.21693899317469215,0.1252315723107874,0.1100060500310211,0.12499033263633946,0.14123372575042456,0.1264713649165299,0.10939287573545872,0.12601209904952657,0.14497994664498542,0.04471059064330076,0.032370382679243206,0.04393246121140705,0.06000436654762284,0.013524343572831866,0.007567104730868859,0.01287861916471559,0.021517643780312668,0.2227966547284341,0.20420960364742408,0.2227054278229305,0.24202063910989874,0.30192081483818095,0.27856916449201974,0.30176462123549475,0.3260764147474904,0.4183103395724419,0.3713021108447062,0.4178317104150838,0.46821628070319615,71.97848012140153,66.45999935214178,71.89252085581037,77.74985045884378,44.88236935832465,39.425618300867804,44.79591026520088,50.61746114032341,45.32670482925973,39.205859699209725,45.162106238855074,51.96008797782955,16.024052133605775,11.601383300327369,15.745174435862229,21.505264948835286,4.847057114785077,2.712012500019745,4.6156327155382435,7.711815942645158
15730,Tyler Wade,2B/OF,TEX,49.94,0.18375276534141596,0.16634187617081267,0.1833896011853529,0.20192905872577332,0.09919538687876805,0.08500918767872771,0.09873673288887864,0.11416851156019439,0.05737598834591014,0.04671203274186063,0.05699642049602281,0.06981174991323999,0.00877103784980197,0.00538476456867135,0.008405059491268074,0.013386182809301626,0.027739961871853323,0.014816458504952891,0.026371878841588342,0.04562324536353404,0.20123545467539894,0.1814849090481205,0.20081298360231625,0.22267804550400963,0.2857320559713009,0.2608468201182195,0.28551565649994204,0.3117644887112446,0.25904708863697967,0.22376078634860555,0.25786631008719374,0.29774088140983823,9.176613101150313,8.307113295970384,9.158476683196524,10.084337192765119,4.953817620725676,4.245358832675662,4.9309124404706,5.701575467316108,2.865356857994752,2.3327989151285196,2.846401239571379,3.486398790667205,0.4380256302191104,0.2689151425594472,0.4197486709939276,0.6685059694965232,1.3853336958803548,0.7399339377373474,1.3170116293489218,2.27842487345489
15878,Miguel Andujar,3B/OF,SDP,413.987,0.25102319319683014,0.23034759397581023,0.25049527374664193,0.2740875214522097,0.10475612351747035,0.09091020802475558,0.10437793123045484,0.11995087195584249,0.10222167312162206,0.08649289927990103,0.1018480623571055,0.11917656089036743,0.018641545318383024,0.01264215707379733,0.018238356493076605,0.02605883659073917,0.006758007830427579,0.0028757761281661192,0.006259876108213937,0.012293329552562262,0.26881858354317323,0.24648353133886067,0.26855209539448566,0.29244863660578635,0.3132187610764795,0.2880865561082293,0.3130041992597789,0.3389191001694126,0.37865190148487493,0.33443547135855156,0.37797646704579146,0.42598699018235,103.92033868197612,95.36090938726376,103.70178689255106,113.46867074343595,43.367673306627,37.63564428954449,43.21110661630231,49.65810162838337,42.31844379060095,35.80693589418839,42.16377379103104,49.337546913320544,7.717357421721434,5.233688680510136,7.5504424894993045,10.788019583690337,2.7977273876952222,1.1905339319711072,2.5915073304111633,5.089278621476593
15905,Luis Torrens,C,NYM,223.202,0.20509564288896562,0.18675811243107773,0.20463255966240534,0.22457188196928474,0.09119509982710546,0.07845988248360575,0.09083565082995483,0.10503366204603577,0.1015772033330929,0.08480761501937911,0.10096511142414677,0.12010655552873588,0.02175913242928967,0.01422320172201482,0.021222673971946417,0.030902406488121727,0.0020411281132534363,5.89262675083168e-4,0.001705728104656009,0.004637424674067157,0.22244667503305365,0.20102490772451956,0.22233537314290558,0.24503356214435215,0.2861673554230319,0.26104594501755735,0.28609492109299184,0.3118191652378698,0.33926744774866885,0.2941834671976368,0.3381924779705295,0.3862611479984458,45.7777576841029,41.684784210841414,45.6743965817682,50.12489319930829,20.354928671609592,17.51240269010577,20.274698936547576,23.443723435999278,22.672234938353004,18.929229287555458,22.535614800092407,26.808023407124907,4.8566818764823125,3.174647070757152,4.736943275886384,6.897478932961746,0.45558387713439347,0.13152460760391327,0.3807219244154305,1.0350824621011376
15986,Willy Adames,SS,SFG,654.315,0.20994142769933433,0.195270376039126,0.20964773042510398,0.2251505787491197,0.12988985732960068,0.11522832397921759,0.1296007836469308,0.14568642458279454,0.13829031008956097,0.12262087425649479,0.13788385413722454,0.15540179360137232,0.04982158047995957,0.03732827217106724,0.049240375192586866,0.0643507692805829,0.016386950969203465,0.010168049666915433,0.015929943168638203,0.024483503911424752,0.2331766918489016,0.21549582770115053,0.23315854132058478,0.25162717999269324,0.3090826741470213,0.28663042013590123,0.30872000040379566,0.33187362080488525,0.446238018928121,0.4005632884358608,0.4459638989515766,0.4944709241563716,137.36782526508995,127.76833609804075,137.17565473310194,147.31940093423026,84.98888199861767,75.39562080446176,84.79973675194154,95.32481290089122,90.4854242462511,80.23267733913839,90.21947401979808,101.68172458028194,32.599007431744745,24.424448405611862,32.21871609413748,42.105673601824606,10.722227823414366,6.653107417807772,10.423200764387506,16.01992386180389
15998,Cody Bellinger,1B/OF,NYY,608.739,0.22628789537569305,0.21076214876662253,0.22598080081569982,0.24273717629889124,0.12685685573418556,0.1125629527292163,0.12645734624939786,0.14191983154963672,0.13226726175040482,0.11686375228933223,0.13202895685858956,0.1486440041923792,0.03968754096454723,0.029811861661850396,0.03921065002396827,0.051093138763627394,0.015405160252513261,0.009792384686903067,0.01493003001401746,0.022519315812576064,0.25168607102444424,0.23293429775054394,0.2516298201754701,0.2707471930932167,0.3237559838500349,0.30070178600031805,0.3239349755975922,0.3473679832701482,0.4437926835664204,0.39957106611833815,0.44310989095820086,0.49103545950821886,137.75026714310403,128.29913967804504,137.5633267077483,147.76358596301077,77.22271550277239,68.52145928143041,76.9795184985122,86.39213633769431,80.51624065067968,71.13952370485582,80.37117516914095,90.48540246806472,24.159353999217515,18.14764285617315,23.869051884940422,31.102386197831777,9.377721846954671,5.961006461920686,9.088491540702975,13.708385788431741
16153,Austin Slater,OF,NA,168.832,0.20168820018583045,0.18498567923705372,0.2013780512106762,0.21939952625255343,0.11357590497215253,0.09904275593828435,0.11306598471562454,0.12980822422106897,0.09431571966852594,0.07941642438117573,0.09399549144390759,0.11054982190388668,0.021803067526010377,0.014686667555865623,0.02133828363710848,0.030527695559493064,0.01378884503180128,0.007250191920029311,0.013072786348697445,0.022934197348833008,0.22479997776562496,0.2053940688042329,0.22458110911271467,0.2454154455676837,0.3069815143528954,0.28297815067905135,0.3067264823345093,0.33129990545083277,0.3499977464796427,0.30965955426254027,0.3493209281980699,0.3933020407702035,34.051422213774124,31.231502196950252,33.99905914200088,37.0416608162711,19.175247188258457,16.721586570572423,19.08915633150832,21.915782111691517,15.92351158307657,13.40803376112266,15.869446811457806,18.664347531676995,3.6810554965513838,2.479579456791905,3.602585103020299,5.154051896700333,2.3279982844090736,1.2240644022423885,2.207104664823287,3.8720264067981742
16219,J.D. Davis,3B,NA,NA,0.21694766026412268,0.20003617746162658,0.21651815203144106,0.23524096867157906,0.10887335015459193,0.09479641171052726,0.10844762376548664,0.12412332960426586,0.11018162858079453,0.09400463331955491,0.10988725720595938,0.127760961852907,0.027481414847262842,0.018907840195195327,0.026859698693287998,0.03772349586920133,0.0028492719041921205,0.0010313650562989278,0.002502519134801884,0.005799176496837274,0.24358380523518966,0.22307992333346632,0.2430962307310635,0.2651235821845577,0.3228241529446561,0.29796222043382775,0.3223216851489608,0.34900617689121555,0.3904664653847363,0.34566376396050075,0.3889246867331849,0.4396288325130969,NA,NA,NA,NA,NA,NA,NA,NA,NA,NA,NA,NA,NA,NA,NA,NA,NA,NA,NA,NA
16252,Trea Turner,SS,PHI,627.096,0.26461542256718634,0.24642470037804237,0.26424419988006886,0.2836809732491378,0.143286578522136,0.12688104247227502,0.14280599442770828,0.1613283317876919,0.12100160882684165,0.10630634292112513,0.12066900028912265,0.13715909889113848,0.03152284439754622,0.023163990623733522,0.03106103374229404,0.04152701336761201,0.0329295155862055,0.023116988901991372,0.032349435510927074,0.04461123900953453,0.2934376288699528,0.2717400071509857,0.29336604917194153,0.3152543410291281,0.3517839667548376,0.32723671116697095,0.3514561573870538,0.37758248537440475,0.47349653129128016,0.423478328472689,0.4725055766857706,0.5265507288050412,165.93927303019228,154.53194390826886,165.70648076799168,177.89520360064134,89.8544402449174,79.56659421019378,89.55306788163816,101.16835155073444,75.87962488887709,66.66428242046588,75.67104740530766,86.01192227823738,19.767849630323646,14.526045864180796,19.478250015657625,26.041423974776023,20.649967506047126,14.496571272483182,20.286201611160326,27.975529537923066
16337,Nick Gordon,OF,NA,NA,0.22332170469469204,0.2022058963114715,0.22300407648392778,0.24488233138385343,0.11086599379011604,0.09592694494632205,0.11052958324845243,0.12759694567966717,0.10901097927852725,0.09084486417533903,0.10828163648762716,0.1291397885547672,0.026251344029244925,0.017371295503580093,0.02565195300265631,0.03714209607889202,0.015303177052841913,0.007745313614066441,0.014420440546429145,0.02604891601680077,0.2400135160922891,0.21638693228056047,0.2397424046217336,0.26458631532319,0.29342075196913603,0.2674150874056676,0.293185027312455,0.32104973246222346,0.3817750179964146,0.3299474963840533,0.38025615766760357,0.43744942702573075,NA,NA,NA,NA,NA,NA,NA,NA,NA,NA,NA,NA,NA,NA,NA,NA,NA,NA,NA,NA
16376,Michael Conforto,OF,NA,313.579,0.1899737652909443,0.17551703751561862,0.1896598141693553,0.20512875804889893,0.10261644090630131,0.09007629341282807,0.10223025767407844,0.11653211629655578,0.10197110458792236,0.08859256490233142,0.10167486288872764,0.11662183029959212,0.02611650609095504,0.018795213802485267,0.025726968915685197,0.034677038752344236,0.0026114866184170538,0.0010581026671225222,0.0023899329411267794,0.004880548987916755,0.21228347836636094,0.194322399310547,0.21205581298545956,0.2311491824231412,0.3009841634064182,0.27702092483607155,0.30053907589900997,0.326120331692293,0.35056001194710223,0.3117953685796283,0.349838832706129,0.391706986188675,59.57178334616903,55.03845710711017,59.47333486741226,64.32407082021568,32.17836092295706,28.246034012101212,32.05726197117984,36.542024496157666,31.975997005576104,27.780767909508185,31.883101829784326,36.5701569235158,8.189587863495591,5.893784348969528,8.067437185611649,10.873991134921354,0.8189073623166013,0.33179877625361337,0.7494327817455944,1.530437671081948
16426,Thairo Estrada,2B,NA,277.942,0.21038521101065022,0.19280719018030096,0.21007115030532664,0.2289526737168168,0.10244732590278187,0.08920770406746403,0.10206194624596203,0.11687092300853595,0.09608678488350562,0.08144670313753265,0.09556398653621397,0.11227387268667016,0.02110708591287413,0.014282597078455897,0.02057389532906837,0.02965861934194054,0.011079041603292327,0.005886219449825957,0.010366864082577412,0.018584972120446967,0.2234469856666856,0.2032452428565195,0.22314745733697505,0.24416877981985907,0.27950578912285085,0.2556253886393264,0.2792628883178814,0.30461364591046686,0.3405327896054778,0.2976604536422723,0.33976972123778676,0.3857746125281093,58.47488631872214,53.58921605309321,58.3875956581631,63.6355640381995,28.474414656070998,24.794567683919087,28.367301463495178,32.4833380828385,26.70655316409132,22.6374595634521,26.561245545848383,31.20562472227848,5.866545672796062,3.969733597180189,5.718349615551921,8.243375977137637,3.079330981302276,1.6360276063235262,2.881386936839731,5.165544321101271
16442,Ryan O'Hearn,1B/DH,PIT,515.918,0.24052791506813728,0.22224743539009892,0.24019958114537637,0.25979281622112604,0.11745166472995697,0.10216532025543075,0.11717445388176692,0.13334679543740655,0.1218515726301242,0.10575814142685738,0.12160187879166101,0.13929442800797684,0.029333608792344736,0.021011438973791673,0.02882472823098671,0.039309494653658655,0.006504911330927586,0.0028066032375537635,0.005956561012416109,0.011912630575071635,0.2703347634067702,0.24936277222594,0.26999887043108206,0.2922245387214302,0.34020969188506694,0.3141466458237755,0.3400719241903537,0.36745719662180487,0.43030727795257423,0.3838328877041944,0.42898431299484596,0.48046075067851185,124.09268088612325,114.66145237158905,123.92328750536029,134.0317901591709,60.59542796414994,52.70892769554132,60.45240989777343,68.79601200847591,62.865419648188414,54.562528808661405,62.73659810243617,71.86450270901939,15.133736780928912,10.840179572480652,14.871196139474202,20.280475862726266,3.356000844029498,1.4479771291122625,3.0730970444036942,6.145940541029808
16451,Luis Guillorme,2B/3B,NA,NA,0.20487621483298651,0.18510374290902024,0.20435460311624654,0.22588089211128848,0.08903689892900732,0.0762575926190497,0.0887299026064636,0.10306264730017697,0.06299519303929696,0.05150036204024589,0.06256502742579353,0.07554378521006494,0.008205683984996144,0.00513972015591167,0.007965516772300197,0.012253875430180828,0.007209687741216974,0.0028576107853840395,0.006526333449981584,0.0138103552269114,0.22271455609205118,0.19972175096974662,0.22246671433385226,0.24614587083623374,0.29569924525033847,0.2695018967421375,0.2951817033181008,0.3234454960501394,0.26937523091852,0.2311769888999751,0.2685488401322121,0.31131081262680665,NA,NA,NA,NA,NA,NA,NA,NA,NA,NA,NA,NA,NA,NA,NA,NA,NA,NA,NA,NA
16472,Rhys Hoskins,1B,NA,401.01,0.19737831658689445,0.18199195321283113,0.1969617713707175,0.21363499684240947,0.11503285589660402,0.10053965241086656,0.1145907011375209,0.1308270208766914,0.13282990436927045,0.1160118395723812,0.13233212357311847,0.15090066928176105,0.04414911333509773,0.03225826108734167,0.04337017471953967,0.05843573611221372,0.003431590702594191,0.0013449389934823011,0.0030982228771791057,0.006619918380346191,0.22379959253491769,0.20493608605531297,0.22349054332468893,0.24372285376327082,0.31711625027165946,0.292296961382119,0.3167107214544326,0.3432673779635928,0.4131399455271996,0.36843462228844176,0.4121094273865018,0.4625246110751958,79.15067873451054,72.98059315787741,78.98363993737142,85.66977008377462,46.129325543097174,40.3174060132816,45.95201706315726,52.46294364176202,53.26611995112114,46.521907786920586,53.066504874056236,60.512677388678995,17.70423593850754,12.935885278634883,17.391873764282604,23.43331453835882,1.3761021876472965,0.5393339857763376,1.2424183559775932,2.654653469702626
16478,Kyle Schwarber,DH/OF,PHI,662.175,0.20128184344713995,0.18655502691373924,0.20096615064528403,0.2165608005747076,0.14910907445326765,0.13212285284873146,0.14860341003186608,0.16766298664972898,0.16268850946087385,0.14385545952841491,0.16236044112457193,0.18328190480983844,0.07607707634312032,0.05787605070490736,0.07527648489934341,0.09651251080781006,0.006266999326965122,0.003252658356350575,0.005948420467875098,0.010318950011771966,0.23811729423446387,0.21878439147234427,0.2379057691284498,0.257680253547554,0.3490729146429455,0.3240791892365107,0.34889945308922915,0.3743850618157847,0.514885194919612,0.46166989089533217,0.5139225713470166,0.5716749896816017,133.2838046846099,123.53207494660526,133.07476080354095,143.401148120557,98.7363013760925,87.48845008510875,98.40146303785092,111.02223818478429,107.72826375225414,95.25748891322814,107.5110251016634,121.36469531745476,50.376338027505696,38.324073875522025,49.84620638822272,63.90817184416162,4.14985027933313,2.153829047116442,3.938895323315193,6.832950724045101
16505,Matt Chapman,3B,SFG,620.078,0.2005494540653273,0.18565894944107372,0.20038288485800146,0.21603784532807124,0.12653513383394122,0.11170667462108669,0.1261746423353753,0.14246496148887888,0.11278375785024963,0.09864545549059651,0.11266792666760564,0.12794264710548942,0.03310801343585829,0.024472273310481223,0.03267501295922674,0.043317782562266184,0.017584283443428002,0.010114711284948208,0.016827238780508874,0.027429232684698854,0.22737522106710537,0.2086060863283014,0.22715621291742494,0.2470072351477624,0.31878272964896603,0.29452951519709786,0.318637890037702,0.3435583479159111,0.39621259523119035,0.3542078879371159,0.3950464680571978,0.4410823113972559,124.35630437792001,115.12303005152211,124.25301847697982,133.96031505533975,78.4616527174826,69.26685138569418,78.23811987003484,88.33938839010104,69.93472700026709,61.1678767496981,69.86290263219557,79.33442073187766,20.529550755280138,15.174718289816575,20.2610566857314,26.86040397564489,10.903627309033949,6.271909944148114,10.434200568540382,17.008263744662695
16512,Isiah Kiner-Falefa,SS,BOS,268.884,0.2383440571631383,0.22101587412114285,0.23808948857597778,0.25645297593902416,0.10818827531758365,0.09540084545163388,0.10786212974933448,0.12181880347602113,0.08383685773069931,0.07201965500240298,0.0834901103564116,0.09686243272938297,0.013404036200258996,0.009475060505837464,0.013109383212973818,0.01839236356208583,0.028906030791596125,0.018906801260012207,0.02809366900235879,0.04183700123454052,0.25691338302195016,0.23711157600632746,0.2568334432945525,0.2773466594409289,0.307740801803795,0.28460245312901683,0.30762773310623953,0.3317737423593319,0.3405676592355017,0.3028466891407115,0.3396159611875904,0.3813020114936868,64.08690346625329,59.427632297189376,64.01845404626322,68.95610198238857,29.090096220493166,25.651760928417126,29.002400895520054,32.755127153846466,22.542389654061353,19.364932915666124,22.44915483307338,26.04475836200741,3.60413086967044,2.547692169051601,3.5249033958372524,4.945412284027887,7.772369183367533,5.083736349997123,7.553938096030241,11.249300239948193
16530,Mauricio Dubón,2B/OF,ATL,344.648,0.22649550502042748,0.2090872173630276,0.2262874404116515,0.24521233867620434,0.1035106121610628,0.09047787695752568,0.1032637372017334,0.11765306742916669,0.09204756509059331,0.07888198478000204,0.09177528442050553,0.1065155789907345,0.017883009175632875,0.012399800696318082,0.01745585563112519,0.02474364354882922,0.0072576925137970575,0.003660364943328526,0.006817844528283125,0.012200870020974728,0.24261873066978634,0.2220922791078669,0.24228288544247384,0.2637743025548928,0.29566372290931564,0.2723221221915627,0.29539941345257137,0.3203755998288938,0.35091792538452365,0.31070852383619396,0.3494665923669017,0.39509892622874576,78.0612228142803,72.06149128973274,77.98951376299487,84.51194210007648,35.67472546008597,31.183019337657313,35.58964049910302,40.54889438332744,31.724009213342804,27.186518290458142,31.630168224958393,36.71038126799866,6.163343346363519,4.273566510384635,6.016125731556035,8.527847261816895,2.5013492094951286,1.26153745698829,2.3497564809837224,4.2050054509888986
16535,Danny Jansen,C,TEX,335.261,0.19901384259632515,0.18350888372342797,0.1989250405770683,0.21531583953111572,0.11203772159346302,0.0977736854531243,0.11163886016988922,0.12722739642743294,0.1295037683963563,0.11199112505818506,0.1291960420463285,0.14815176678411593,0.04432765485972439,0.03159313332441554,0.04358156549002151,0.05953141569165351,0.001545634801920254,4.8943429851472e-4,0.0013304140837346627,0.003325351238951334,0.22741599359710793,0.20825369263690957,0.2270507461848649,0.24781654385732438,0.31869376320750126,0.29455894270037836,0.3185987404124958,0.3436937292130484,0.419766042631408,0.3733355933948738,0.4186474462390458,0.46872471580104896,66.72157988268657,61.52337186600019,66.6918080289085,72.18700367704139,37.56187857914601,32.77970355869991,37.428155899417234,42.654384153657595,43.417562896330814,37.54625657813219,43.31439425249415,49.66950948380949,14.86133389592606,10.591945471476878,14.611199227750102,19.95856195619945,0.5181910693265863,0.16408823235434353,0.4460359561269668,1.1148605817220631
16556,Ozzie Albies,2B,ATL,590.148,0.2248466177601186,0.20938680351710381,0.22455470761202123,0.2408643231318513,0.11958217847926599,0.10645535302883553,0.11927299866650654,0.13394934482941484,0.1187371749234757,0.10481131563063736,0.11828504444702842,0.13375138737322623,0.032535154231883856,0.024327594524122285,0.03210805006068845,0.04229442235607717,0.01355496431249748,0.008667602512058243,0.013166420357775096,0.019794626388404974,0.24427959644337627,0.2262145784187861,0.2440140470505946,0.2632440806864809,0.30435955255292485,0.2828280559112283,0.30424632037660565,0.3269770627027991,0.4097627252045483,0.36892145614777083,0.4084849491219362,0.45364314085993074,132.6927817778985,123.56920332201179,132.5205115878191,142.1455985676158,70.57118346518186,62.824413679261234,70.3887216170415,79.04993795238951,70.07250630673934,61.85418829678938,69.80568241032493,78.93311375553472,19.200556199637795,14.356881253221719,18.94850152721517,24.959968764594233,7.999435079091763,5.115168287286148,7.770136641300257,11.68175917386442
16572,Connor Joe,1B/OF,NA,NA,0.20490298157417489,0.18701035764519303,0.20469603947915388,0.2234293775889418,0.1054700213833765,0.09111872338651876,0.10507031460097209,0.12106959522351968,0.0887533747442375,0.07469295378445498,0.08853281872264773,0.10394759100180295,0.018314964673541708,0.012405639431257031,0.01786106745123303,0.025711288331677202,0.005297765907687723,0.002346582490200868,0.00488325554050981,0.009616841524425213,0.23059855945465496,0.2087201883710083,0.23026541526150207,0.25330006778095693,0.3199504013094074,0.293132789449149,0.3197307707043162,0.3475955617067923,0.3416748378603741,0.297321753730423,0.3405918850349676,0.3893144257439617,NA,NA,NA,NA,NA,NA,NA,NA,NA,NA,NA,NA,NA,NA,NA,NA,NA,NA,NA,NA
16578,Yandy Díaz,1B/3B,TBR,620.548,0.25737284090384827,0.2384926002806424,0.2571950603573414,0.2772972025423605,0.12121471317990576,0.10579428297989094,0.12087440041712014,0.137639488522468,0.12512479966621268,0.10880226684781648,0.12469157939984252,0.14298439699101442,0.028552912336839476,0.02055434339011828,0.028054729405229847,0.03803351835917085,0.0017282987707883683,6.026223958431977e-4,0.001534034631156775,0.0034859349185879522,0.29482365211754114,0.2727181926374346,0.2943724763661289,0.3178397985189818,0.37337700275370617,0.34613477417715394,0.3729991436659621,0.4013778670422967,0.45786577578593474,0.40616245202918494,0.45694591414834407,0.5135262824188972,159.71220167720122,147.99610611895207,159.6018803146275,172.07622444325673,75.21954783436416,65.65043071460536,75.00836743004307,85.41190932364047,77.64594418326894,67.51702908787883,77.37711021341347,88.72868158398002,17.718452644801065,12.75495668205112,17.40930622295657,23.60162375074675,1.0724923456151805,0.37395612249570465,0.9519421222950744,2.1631899418599168
16622,Luis Urías,2B/3B,NA,156.101,0.19566652049293312,0.1806135456685703,0.1954215819218817,0.21198541612938976,0.10650095686629886,0.0929433344132697,0.10611493086986931,0.12134363074335407,0.10201695659535354,0.08709782748465492,0.10174801170279042,0.11812389341212326,0.027241509891879248,0.01896818954074881,0.026699818795445106,0.03728499857575842,0.0044823505977959754,0.0018230526944351267,0.004064242907531736,0.008586707350338337,0.21814314924425562,0.19949349926968513,0.21779555210081825,0.23743785851753826,0.3048978119887551,0.2815097308247522,0.3048178878214646,0.32874735867841937,0.3615356106245114,0.3200467204799173,0.3603076641983118,0.4069094618035722,30.543739515467355,28.193955092409492,30.505504359587654,33.09113544321387,16.62490586778612,14.508547445245814,16.56464682371747,18.941862102668313,15.924948941491282,13.596057968182118,15.882966374817288,18.43925788552585,4.252426935632243,2.96095335550043,4.167868413787777,5.820225562674465,0.6996994106665495,0.2845803486540177,0.6344323821086116,1.3403936040951647
16725,Jose Trevino,C,CIN,263.855,0.205837976360657,0.18804998322366584,0.20564555542053434,0.22419624509927116,0.08913023072654255,0.076526696905441,0.08865180066332529,0.10302470779991788,0.09945488698200564,0.0840845022205775,0.09897698543281994,0.1168346410870891,0.021327445992631255,0.014189554754958675,0.020883591630089855,0.029977598788948824,0.002059504562018114,5.968998687059904e-4,0.001771256072784935,0.004386291153366333,0.21956773585128814,0.19934706272704936,0.21919783128901646,0.24045612977206549,0.2725092264647479,0.2492384229739936,0.272195102022484,0.29663338419462343,0.33250768798954444,0.2913935178861446,0.3313410794521301,0.3771584078769891,54.31137925264116,49.617928323480356,54.26060802548509,59.1553002506682,23.517457028351888,20.19195161198514,23.391220864021694,27.183584276547332,26.2416692046371,22.186116333410478,26.115572491376707,30.8274042240339,5.6273532623857205,3.7439849698696217,5.5102400695573595,7.909739328458093,0.5434105762112895,0.1574950148574191,0.46735477108466905,1.157344852271474
16930,Jonah Heim,C,NA,244.529,0.20307440304254493,0.18647213630204904,0.20281057034778033,0.22027850410309036,0.0968319915552144,0.08422238200504513,0.09639619400343263,0.11055887388746914,0.11560729895836318,0.0994755846710852,0.1152941269882359,0.13276627655247644,0.029499167979042992,0.020697073873009703,0.029005249910463708,0.040058647227880766,0.0035005259363653737,0.0014819871674018991,0.0031708113291587644,0.006659046965255151,0.21951504963918653,0.19934974649887036,0.21921087674903145,0.24076391977779213,0.27994909133389784,0.2559381272966142,0.27979551259922186,0.30445739475375927,0.36341469892313233,0.31942147254477987,0.3626139863863297,0.4098568252298306,49.65758070159047,45.59784501780375,49.593065956572374,53.86448232982458,23.67823006300502,20.594814849311682,23.571664923465377,27.03485087282894,28.26933720698959,24.324665244035792,28.192757578306338,32.46520483910051,7.213402046747404,5.061034777093189,7.09262475535578,9.795500947986456,0.8559801066934885,0.362388840057619,0.7753553235078635,1.628330095366877
16939,Lane Thomas,OF,KCR,380.377,0.19556347138417515,0.17927757464898503,0.19546100273742845,0.21246847113732678,0.11399740907469817,0.09946797802366208,0.11360519854375234,0.12979954849365066,0.09955478382271066,0.08467157127231244,0.09905147937526076,0.11552364695879891,0.025612103630472716,0.017624969519236748,0.025096783346160542,0.03518318775186807,0.03649112940342751,0.021198719212639595,0.03484895096514167,0.05716907713693319,0.21127813566663695,0.19193259244856117,0.21108906760304205,0.231445141726835,0.28110163567468527,0.2575234674681277,0.28111715021699535,0.30534103937411317,0.34908743289518007,0.3050511673643301,0.3478709350514779,0.3966345404113674,74.3878465546984,68.19306601225698,74.34886983825483,80.81811964580295,43.36199247160647,37.83533107670652,43.21280460647689,49.37276285736936,37.868350006131216,32.207118265848386,37.676904570323565,43.94253825924705,9.74225514264832,6.704133030818717,9.546239158862509,13.382875407492323,13.880386329087546,8.063505217946211,13.255739421267695,21.745802054115238
16947,Derek Hill,OF,CHW,131.255,0.20860279772872578,0.1885764220562923,0.20828905948050552,0.23020310304899333,0.11485635895291046,0.09969544545309285,0.11435531148746536,0.13228593904594405,0.10160346460731409,0.08422697849966691,0.10092628731862978,0.12109696936657967,0.025167638892928376,0.01629051524249227,0.02456200770086515,0.03667073242388522,0.02977294999982812,0.015209759139994462,0.028140479011110008,0.049722082480697476,0.22582449457586845,0.20371804465849092,0.2255420536645682,0.2496298219111352,0.289628652790787,0.2640904168280703,0.2893015886789656,0.31653595215327296,0.36313808543055043,0.31424323600471776,0.36219086413285695,0.4144023766084092,27.3801602158839,24.751598276998646,27.338980502113753,30.215308290695617,15.075471394364262,13.085525692945701,15.009706409287265,17.363190929475387,13.33596274703301,11.05521206297378,13.247079842006752,15.894582714210413,3.3033784428913138,2.138211578153323,3.2238863207770554,4.813216984297055,3.9078485522274398,1.996356935919973,3.693578572603244,6.526271936003947
16997,Gleyber Torres,2B,DET,643.005,0.22224154637956725,0.20707017842080314,0.2219328940074064,0.23820011626251691,0.11428786011804888,0.1013354964275427,0.11404397991432143,0.12812520106319708,0.09942429799065783,0.08752801870996953,0.09931601786526814,0.11224481821016087,0.022589852021244614,0.016809485992472582,0.022300172939051878,0.02942552126115114,0.008924278516085639,0.005341938468646271,0.008638891743268352,0.013670558180827028,0.24685774453964363,0.22847397657978194,0.2467615470762265,0.2654575421210862,0.3207879656161169,0.29847938792623036,0.32057990928841873,0.3441961286630596,0.3777521467602282,0.3397421573941171,0.37724049136326715,0.4172709874220776,142.90242552979365,133.14716007546852,142.70396051123234,153.16386575737968,73.48766549520602,65.1592308803921,73.33084930480825,82.38514490964104,63.930320729482936,56.28095367060396,63.86069606745674,72.1739793332245,14.525387798920393,10.808583540589833,14.339122700675052,18.92075729852649,5.738355707235646,3.4348931450318956,5.554850585380267,8.790237263062684
17022,Edmundo Sosa,3B/SS,PHI,217.303,0.23998211789335927,0.22020801826817596,0.23952548035800372,0.26195068693257534,0.1265566040055847,0.11011852945831896,0.12586759028376415,0.14510865844296206,0.13032221907032893,0.1105665923128617,0.12968600604556402,0.15179652706398047,0.03712250929428698,0.025257547827766652,0.03640257023165453,0.051446651767983326,0.011608841656800211,0.005683889288778328,0.010794565176752837,0.0201957961558944,0.26456608767270773,0.24155164283481748,0.2641849953130266,0.2891969691941945,0.3257863535127263,0.30039200138919575,0.32558145502204217,0.35209084957691394,0.45130892668991596,0.3960426298150749,0.4501484502852455,0.5092370881846202,52.14883416458065,47.85186299372944,52.049605458235284,56.922670122509416,27.50112972022557,23.929086806881084,27.3514049714328,31.532546805630982,28.319409170639688,24.026452209361786,28.181158171719197,32.98584072058415,8.066832637176445,5.488540915617177,7.910387719049225,11.179511769138081,2.5226361185476565,1.235126194119397,2.3456913966039217,4.388607092064321
17027,Alex Verdugo,OF,NA,201.484,0.21167900926609937,0.19591806429758268,0.211404773266138,0.22827686233311273,0.09757211336511633,0.08585665359221191,0.09731229362034183,0.11061473496829295,0.08454325215550083,0.0728291167276912,0.08428934961669937,0.09722356324825845,0.015400603714629901,0.010881762776587062,0.015059289819400322,0.020891257466120545,0.004036823354263973,0.0019344680970813924,0.0037556568828155798,0.007075473051173785,0.22863999892056328,0.21007608194788885,0.22829694309631687,0.2478560692770374,0.29356694632050967,0.27056786412778355,0.2933470903426429,0.31758262923230246,0.32157190002291514,0.28522759109725937,0.320803073870487,0.3608477550708214,42.64993350297077,39.474355266934154,42.594679336754545,45.99413533032489,19.6592196892571,17.298741992373227,19.606870167800952,22.28709926035154,17.03411261729893,14.673901754762134,16.982955318171058,19.588992417512106,3.102975238838491,2.1925010912778675,3.0342059499720544,4.209254119303832,0.8133553167105224,0.38976437007234727,0.7567047713772143,1.425594612242699
17040,Jose Herrera,C,TEX,25.4456,0.19483516281960997,0.17684995040232648,0.1944860334382394,0.21388065700092407,0.09334263783451378,0.08001360003773142,0.09285465725601799,0.10824135201265866,0.08173490938796733,0.06770422130466167,0.08128243146602376,0.09753820998455519,0.015404099248625989,0.009783041837594816,0.014944039857406076,0.02260189446841701,0.0037662403805746635,0.0012513323134658427,0.0033118002472497157,0.007922717989881412,0.21497076931701728,0.19360756304945767,0.21492949809393336,0.23678081812572221,0.2920234007953331,0.2665653293474201,0.2919240782312309,0.31783784803419374,0.30567166088322645,0.2643869456378116,0.3043485157503373,0.3504495176721386,4.957697619042667,4.500053097957439,4.948813812456064,5.442321645782713,2.375159425281904,2.0359940611200984,2.362742466673731,2.754266146773307,2.0797938103224616,1.7227745336298987,2.0682802381118544,2.481918275982997,0.39196654784083745,0.24893536938270264,0.380260060595612,0.5751187658855519,0.09583424622795066,0.031840901515526446,0.08427074437141736,0.20159831288332644
17128,Ramón Laureano,OF,SDP,523.368,0.21596508540851383,0.20031175932154868,0.21576577049623247,0.23226605183402338,0.12406883703457665,0.10950529280800841,0.12401312197425665,0.1391849660774677,0.12051270083914507,0.10499873949072165,0.12011440073063619,0.1368511133421342,0.03571924582116293,0.02602193432666362,0.03529982480412182,0.04728423114431555,0.014872589397042434,0.009079363681095595,0.01431328175997329,0.02259767674596732,0.23926662153240502,0.22051255416222984,0.23907283101311755,0.25914019228329993,0.3120910812061918,0.28825392989415544,0.31173982653749066,0.3367130258582286,0.4160095264704086,0.37263398112264234,0.4156165215994191,0.4623462579313951,113.02921482008308,104.8367648526003,112.9248997730722,121.56061901626916,64.93365910111231,57.311566086341756,64.90449962142276,72.84495732603212,63.072491212781685,54.952980289780015,62.86403368159161,71.6234934876461,18.694310246930403,13.619047724677287,18.47479870808363,24.747053485538142,7.783837367551305,4.751848411047639,7.491113648153702,11.826900883183425
17232,Yoán Moncada,3B,LAA,365.943,0.20854594756850334,0.1915943573628236,0.20828722857446125,0.22639843528861286,0.10594193129675644,0.09243842882074454,0.10565676954837151,0.12057256357018,0.11541789633427028,0.09904235336298219,0.11471075517017262,0.13381901291583445,0.03093558985682157,0.021461556988075597,0.030316692619920163,0.041995135343953,0.0024588848926988325,9.258232901946643e-4,0.0022048025233760826,0.004885181063200644,0.2300537802647186,0.20997445327420378,0.2295725324555463,0.251094892394573,0.30465991936637926,0.28030732494505994,0.3045097929632793,0.33035286787166945,0.3850602162396817,0.3419737596024711,0.3839474257502643,0.43402213262265615,76.31592969106082,70.11261391642375,76.22125328622407,82.84892260482086,38.76870816452894,33.82719595794972,38.66435521883972,44.12268563056237,42.23637123825187,36.24385591670979,41.97759787923848,48.970131043459205,11.320662558974856,7.853706548887348,11.094181447411444,15.367825813172193,0.8998117142888888,0.33879855228370603,0.8068320498118138,1.7876978138108333
17273,Jorge Mateo,SS,ATL,165.767,0.208735180098547,0.19036913661128008,0.20841484365578405,0.22808901979988025,0.12172950709867494,0.10591504013972877,0.12127449837300888,0.1387131757266623,0.09684551150179986,0.08137305562559688,0.09630199537772141,0.11436383138077488,0.02418867041429338,0.016076489902140223,0.023675870442454058,0.03403581131030291,0.06608086180578578,0.04113712423188759,0.06414160101002846,0.0971921253520271,0.22603807012931143,0.2047158854017742,0.22571158278809017,0.2485969011752575,0.289596874178321,0.26480886278872084,0.2895307513715078,0.31542562892193526,0.36239729170292106,0.31469822245187795,0.36068570042156045,0.41449689609878576,34.60140459939584,31.556920668642064,34.54830338828835,37.80963254516675,20.178735203226047,17.55721845884242,20.103309771798564,22.994067000681632,16.053789905118858,13.488967311888318,15.963692867778745,18.95774923649691,4.009683328566171,2.6649515016080785,3.9246780156342815,5.6420143334749815,10.95402621895969,6.81917767254731,10.632560774629386,16.111247043229476
17276,Alex Jackson,C,MIN,52.2176,0.17255834674056791,0.1547679268796394,0.17227985593543374,0.1912498490611614,0.1047120443274404,0.0892517951289895,0.10417002875621323,0.12152343240256425,0.10843447696432802,0.08903265729113517,0.10792780026683675,0.13006641198227317,0.03680369218830489,0.023242450264796113,0.03566536595269171,0.05400453088156228,0.004539895788044543,0.0012724469209232942,0.0038058978694405702,0.010368921174865396,0.19154348695321535,0.17069156425246026,0.19121867841464646,0.21361264468276545,0.27850597029840557,0.2521694186739055,0.27841114688410123,0.3053589895958905,0.35321343099071884,0.3044069010216628,0.35155250828018503,0.4075059607282232,9.010582726760278,8.081609698630258,8.996040605294104,9.986608118336102,5.467811645872551,4.660514537327521,5.43950889358044,6.345661983824138,5.662188144332495,4.64907168536558,5.635730703213574,6.791755874325547,1.9218004772120294,1.2136649709470175,1.8623598131712744,2.8199869917610663,0.23706246230179473,0.0664441243380042,0.19873485258729992,0.5414401783406513
17338,Willi Castro,OF,COL,518.566,0.21628831719590721,0.20031063311503264,0.21609815241831903,0.2328949965015583,0.12222638185628068,0.10826878469334987,0.12198907012320925,0.1372087670781001,0.09209156725659554,0.07978589121185008,0.09165084261039803,0.10572330557098282,0.020734494427425074,0.01476886044471822,0.020356736963321145,0.027934922859331086,0.029514422073406966,0.01889846108763096,0.028657597089007707,0.043366411562699075,0.24045222287189064,0.2212886569811779,0.24039285251381132,0.26000194972234486,0.31590074066225,0.29226346892802085,0.31563115641024886,0.3400019026259948,0.3663561299553581,0.32589785201252247,0.365549449521468,0.40931036956095146,112.15976749501283,103.87428377193002,112.06115450695803,120.77142675582708,63.38244593368405,56.14451060329167,63.259384137512136,71.15180150862206,47.75555566598372,41.37425046216425,47.52701084910367,54.82451167672228,10.752203837252111,7.658628885375749,10.556311660121594,14.486101207471885,15.305175796918357,9.800099372368438,14.860855492058372,22.48834657842261
17350,Rafael Devers,3B,SFG,657.247,0.23773604482157287,0.22198489557995016,0.2375687143280259,0.2540843666428185,0.1305224304954319,0.11607244625874498,0.13023018999477257,0.1458923545074607,0.14647774245500061,0.1303128343486437,0.14625506401037433,0.16358510920608949,0.048000910016694036,0.036413149516763964,0.04750882179675048,0.06125889024325158,0.0037732878890659734,0.00196281479180243,0.0035704233777716916,0.006251475243507423,0.26840065138419195,0.24989065275803632,0.26831213433841794,0.2874701320405941,0.34508352943462534,0.3223263992845405,0.34481866547046397,0.36876728413649307,0.48984172733249226,0.4422386046671966,0.4887699213630742,0.5398772498491919,156.2513022508443,145.8989066652355,156.14132478595204,166.99618772289253,85.78547587583114,76.28826708622135,85.59340168349428,95.887312322965,96.27205679532179,85.64771943714302,96.12570205562649,107.51582227037468,31.548454105742103,23.932433280444563,31.22503059944886,40.26222183570637,2.4799821452249438,1.2900541334677715,2.3466500537703108,4.108763349369523
17452,Jose Siri,OF,LAA,32.7958,0.18695216472583,0.17065391683178516,0.18677773978927895,0.20376136685827956,0.12256902197648877,0.10731816653984418,0.12224694525737267,0.13954706973423875,0.11693639377546185,0.10055652517356294,0.11640607192592559,0.13542800730516036,0.042466777110306615,0.030127067463512368,0.04157438343268069,0.05801629794986242,0.024680141905456192,0.014822122658170999,0.02385204416979108,0.0378427924794551,0.20398536903365802,0.18488353449573253,0.20383459086279976,0.22397199180344168,0.28022527834975935,0.25573133083878286,0.2802085791189719,0.3057732908355266,0.38808749947952753,0.3411823271300543,0.3869106922806403,0.4377406029657235,6.131245803915376,5.59673172563186,6.125525398581234,6.682517035210765,4.01974913093653,3.5195851262074216,4.0091863672717425,4.576557789590147,3.8350225829812916,3.2978316882871352,3.8176302536682702,4.441469841978578,1.3927319287541937,0.988041279119859,1.3634651641815094,1.9026909043040978,0.8094049979029602,0.48610337027284445,0.7822468701836343,1.2410846535977136
17484,Eloy Jiménez,DH/OF,TOR,38.5948,0.22670824388610822,0.20970466144458377,0.226461311989645,0.24485173935753282,0.09918975246267553,0.08752044255640226,0.09890879278959717,0.11187839712616814,0.11098624340507976,0.09645471471469727,0.11062034068748168,0.1264885256046948,0.024738166659656283,0.017839579167250683,0.02435095850487489,0.03312095432630155,0.0027733689278183053,0.0011194404803811558,0.0024893708454004643,0.005299836841096624,0.24490766939523584,0.22523492731871045,0.24458123036707574,0.2653933872243855,0.30211548499921487,0.27912303437520225,0.30182566830275004,0.3256519141652199,0.3777365503858127,0.33607216802680473,0.37715295634141655,0.42176190151867754,8.74975933113557,8.093509467521422,8.740229043977951,9.450003910156108,3.8282086583464694,3.377833976375834,3.8173650759559448,4.3179243614050336,4.2834918669703725,3.722650423470798,4.2693699247652175,4.881799348008076,0.9547645945961023,0.6885149900442067,0.9398203733039454,1.278296608032743,0.10703761909536193,0.04320458145221463,0.09607676990406185,0.20454614291475598
17548,Taylor Ward,OF,BAL,634.094,0.226019361313186,0.21000283328906194,0.22576115517081619,0.2434248690265871,0.13170673914422373,0.11620565363919744,0.13145895704311802,0.1482758894777038,0.14191668823532086,0.12413146916770901,0.14152769056503056,0.1610398278668622,0.050123698547626834,0.037330394250070884,0.049329577678026905,0.06525494056885972,0.005841762404543114,0.0030563702272396317,0.005537240009364182,0.009626555537301615,0.25724992657110785,0.23741639117692578,0.2570200123014591,0.278175449651379,0.336610516095657,0.31220480639795484,0.3361438739542043,0.36183382688575594,0.4784368058168868,0.42836733591283666,0.4772021682312143,0.5333344293167672,143.3175208925234,133.16153657159444,143.15379392688354,154.35424890054475,83.51445305091741,73.68530773869327,83.35733590729889,94.02085186247511,89.98852050988755,78.71101981042928,89.7418594211425,102.11438861141012,31.78313650685889,23.670979011604448,31.279589228170796,41.37776628507054,3.7042264901463615,1.9380260228712871,3.5111306664977717,6.10414110686973
17620,Myles Straw,OF,TOR,132.987,0.21566355578390692,0.19752207613075615,0.21539069446447012,0.23501125511080606,0.11173259592966397,0.09711279943123052,0.11129789797418305,0.12773960729933603,0.07296867373538334,0.060881350119029475,0.07258124072043382,0.08648482333423635,0.011808558426955836,0.00763838085371947,0.011497200651627942,0.017031744086551077,0.02505701829957186,0.014534595171067193,0.024193671719315767,0.038812139607957596,0.2389095645135178,0.2166251693327752,0.2387897666613112,0.2620054715102966,0.31434609052121,0.2867801085850579,0.3143289350353411,0.34169446738943343,0.3147004197601283,0.27375840261923273,0.31363595149418155,0.3596373781972149,28.680449293034428,26.267868338400866,28.644162284746486,31.253441783420765,14.858982734898223,12.914739857961052,14.80117355789268,16.9877071559168,9.703885014047422,8.096428108279373,9.652361459688331,11.501357200750089,1.5703847595255755,1.0158053545935912,1.528978223058045,2.265000550838168,3.332257692605163,1.9329122080147128,3.2174438209366456,5.1615100100434566
17678,Alex Bregman,3B,CHC,645.703,0.21808809402312726,0.20267391135828433,0.21794118867778858,0.23410447743702553,0.11609529782297856,0.10246414818739358,0.11574786474366436,0.13095412256740932,0.1191015084866186,0.1049798594587793,0.11873261890154732,0.1345410992147007,0.03199852870306632,0.023692152976197974,0.031470032929139066,0.041684036514066054,0.002474458109142368,0.0011175506817978802,0.0022858827541354402,0.004455197376390828,0.24785990963493063,0.22837072600323668,0.24769623745727437,0.2677824493320965,0.33647111131877583,0.3120346230163537,0.33639923479843875,0.36126759650809015,0.41449141453007277,0.37213764913051434,0.4138259584740566,0.45886244929326836,140.82013657501534,130.86715258577826,140.7252793528141,151.1619633945197,74.96308209019072,66.1614078770446,74.73874350857831,84.55746980414389,76.90420133433508,67.78581019211217,76.6660082225858,86.87359138622988,20.66154597915603,15.29809425318996,20.320294672443882,26.91550742924199,1.5977650244475543,0.7216058278889367,1.476001351993516,2.876734311527687
17696,Kevin Newman,2B/SS,KCR,25.1801,0.21706342733672118,0.19852501683438384,0.2169103626053089,0.23618425517857705,0.09371623685636198,0.08117166907346782,0.09333730232605222,0.10773562466485483,0.07932915129943993,0.06606751040946839,0.07883839682411592,0.09395030414841159,0.012003698271619373,0.007843159430853282,0.011740633765356055,0.017089045867468948,0.013677186055308072,0.006793968880934638,0.012838256156923297,0.023405210862420076,0.2265303373013738,0.2068144383156465,0.2262247659400551,0.2478960634345306,0.271633647041707,0.2489172540285865,0.27136821071503725,0.2960882496975025,0.30025225641412834,0.26247693585680293,0.2995681882055702,0.3408263530031656,5.465678806681373,4.998879776391468,5.4618246214379385,5.947143163822088,2.3597842156668802,2.0439107444368267,2.3502426063002275,2.7127938026235108,1.9975159626350274,1.663586518861455,1.9851587158709212,2.3656780534874184,0.30225432284920295,0.19749153878482872,0.295630332275042,0.4303038838474548,0.34439291259126276,0.17107281581882228,0.3232685738569443,0.5893455500368238
17766,DJ Stewart,OF,NA,NA,0.18323307898518337,0.16705368832145986,0.1829904115659607,0.20059471446359997,0.11047967169924412,0.09497257603930753,0.10999065951433817,0.12732991736576868,0.11029490282272993,0.09293339048079027,0.10974026605025008,0.12948776449171878,0.03524556693396255,0.023594839493779943,0.034318396525204665,0.049431233694989904,0.004140740963526552,0.0013681806030125556,0.0036401900732316948,0.008663285496279587,0.2068787396285644,0.18693035788275675,0.20665982853069131,0.22816071148697684,0.30305768053015075,0.27666862904894907,0.30266096686509997,0.32978097869053513,0.3728081780269158,0.32526905912962517,0.37171564311091654,0.42397189757796633,NA,NA,NA,NA,NA,NA,NA,NA,NA,NA,NA,NA,NA,NA,NA,NA,NA,NA,NA,NA
17838,Willie Calhoun,DH/OF,NA,NA,0.21733099815238416,0.19869924448469034,0.2169397082124766,0.23733863463677696,0.09784646888852863,0.08428533335537275,0.0976023824275131,0.11225185032126218,0.10325451442590941,0.08718301785634582,0.10279772662217512,0.12123208109329389,0.022658432944225055,0.015147867094656953,0.022152133386460465,0.032091152310167965,0.0022033015732213905,6.725972632218194e-4,0.0018759939065955183,0.004838855734663442,0.2373302063124617,0.21616457894693492,0.23714203580788493,0.2594917650733897,0.30305975873506524,0.27821567847259926,0.3029407872192206,0.3283921149143623,0.36199355153533075,0.3183098026117925,0.3611400789246797,0.4099788896895495,NA,NA,NA,NA,NA,NA,NA,NA,NA,NA,NA,NA,NA,NA,NA,NA,NA,NA,NA,NA
17893,Tyler Nevin,1B/3B,NA,NA,0.1920571775685008,0.17392279360633603,0.19174182378436677,0.21140152588149638,0.09913406605750805,0.08528763953771931,0.09870384350956413,0.114253248186843,0.09193067496492696,0.07663734666663002,0.09139548008996207,0.1087621505007523,0.020872090638468423,0.013884975757337223,0.020340354614938178,0.029602191555624914,0.0029898436037778873,9.592357930370257e-4,0.0026092823077016663,0.006333825587924238,0.21225518959333453,0.1918339788370674,0.21201220719688263,0.23399397553907272,0.2951527192510669,0.2706971532604312,0.2948538496088844,0.3205439385390472,0.3285035716864984,0.28644832372576173,0.32694844710835225,0.3753304757218881,NA,NA,NA,NA,NA,NA,NA,NA,NA,NA,NA,NA,NA,NA,NA,NA,NA,NA,NA,NA
17901,Andrew Benintendi,OF,CHW,493.386,0.21696074324686884,0.20141915228881346,0.21669818327710527,0.23304169080522677,0.10527592787876304,0.09325978345763364,0.1049397252827877,0.11854499281241888,0.10779521113980402,0.0942869620264165,0.10732852848530947,0.1225692421499728,0.025453907398836777,0.018636431485529684,0.024990397508081783,0.03370490010533565,0.005161806364057816,0.0029020394981197142,0.004920608011693663,0.008167990947565535,0.23599780892975372,0.21768427435236842,0.23561536410199327,0.25509429449800014,0.29959403570341125,0.2771284532831796,0.2992186192142824,0.3231306338040605,0.3733534977081434,0.3345168674532965,0.37241628520278747,0.41524870675432496,107.04539326759964,99.37738987116852,106.91584985435787,114.97950765962761,51.94166895239138,46.01307152102803,51.77579129837349,58.48843982374811,53.184648043423344,46.51986704636553,52.9543933552529,60.473948107406486,12.558601555882483,9.19495438491955,12.32991226492244,16.629525843371137,2.5467629947370294,1.4318256598192933,2.4277591044574898,4.029972381655569
17907,Brendan Rodgers,2B,BOS,101.187,0.21066383672628203,0.19326206771321294,0.21033552281638246,0.22940818386534134,0.09539217269336234,0.08283106776863083,0.09497267332513262,0.10927002093991386,0.09110784629411721,0.07683555052416444,0.09068949565042325,0.10647883214004625,0.018618689101275367,0.01264401384155366,0.01822621155900618,0.025960644846758946,0.002401298247895863,8.626942200051803e-4,0.0021024723421055615,0.004895674283625093,0.2256037426550807,0.20540290549044538,0.22510153468617883,0.2469884649493319,0.28744254379094913,0.2637090620972987,0.2870004201555848,0.3119384416510447,0.3313518604528806,0.2901699205634518,0.3303708008984524,0.37602885196239916,21.316441646822298,19.555608845696877,21.28322054722129,23.213125900782295,9.652447778323255,8.381427254304448,9.609999895750194,11.056705608847064,9.218929642962838,7.7747588508886265,9.176597996379378,10.774273587754859,1.8839692940907506,1.2794098285852902,1.8442556690211585,2.626879770108997,0.2429801658098387,0.08729344003966417,0.21274286888063546,0.4953785937371723
17919,Ian Happ,OF,CHC,635.387,0.21387204982422622,0.19927513138422318,0.21364132730427282,0.22905041495449052,0.12497481384096154,0.1108378781163877,0.12475914694340692,0.1402950102084811,0.11827420158525799,0.10439463266509799,0.11802972275593415,0.13354211583298994,0.0338956883447642,0.02514099047330685,0.033391044558562816,0.04399608076218517,0.01152316788803846,0.007114791703698422,0.011136634505116219,0.01705235051520058,0.24357978412313183,0.22509678467716376,0.24348774684303354,0.2619163737933644,0.3306684934041897,0.3068935377307041,0.33058559678533417,0.35505116494908284,0.4189907708385286,0.37703287348066145,0.4183311060763748,0.46369426926586993,135.89152012166562,126.6168279048274,135.74492203187998,145.53565600668887,79.40737204196702,70.42494686273723,79.27034009893049,89.14162565133617,75.14989012265231,66.33099246517861,74.99455145272472,84.85092435277598,21.536879730314688,15.974258513863019,21.21623562893155,27.954537767242545,7.321671074877092,4.520646156237829,7.0760727883022785,10.83484183680175
17929,Cedric Mullins,OF,TBR,449.921,0.21245798110687525,0.19656754726935402,0.21242980127618397,0.22895956248135269,0.12837001100420875,0.11308655863120594,0.12816127496401442,0.14433634336540635,0.11986491475983065,0.10453199422210295,0.11946796592736635,0.1363384439960234,0.03536124451467913,0.025728249343920342,0.034882768640030565,0.04704738297705256,0.04323168513790218,0.02934984613191821,0.042380243637764686,0.060189571944030094,0.23387275900298285,0.21505590750649603,0.23360707879312942,0.2534061374847867,0.30356264478562395,0.27974936787057936,0.30322101812244817,0.3274600540129169,0.40926407373472007,0.36513514317460694,0.4082169924186819,0.4571205267665076,95.58930731758642,88.43986743497503,95.57662861998196,103.01371531117267,57.756363721024606,50.8800175459108,57.662448993084325,64.939951943307,53.92974231365776,47.031139372402784,53.75114669800659,61.34152906113484,15.90976649328895,11.575679673065984,15.694490149291191,21.167605596418465,19.450843008930086,13.205112121518773,19.067761597746724,27.080552398629962
17954,Sam Hilliard,OF,NA,NA,0.20418801628785693,0.1849028576496643,0.20374607380370396,0.225583366873526,0.13490743159333346,0.11613351372055768,0.13447743490375474,0.15570724467495334,0.13351014535664016,0.1111354373067088,0.13287458720703385,0.15844011723778822,0.05150610414047919,0.03344264933097903,0.05025205180496212,0.074225414485576,0.025507414870928335,0.011700874403252503,0.023710590913918868,0.04501861458526601,0.22915638196805405,0.20612223216030975,0.22867832567723748,0.25395666900081054,0.3092456524098851,0.2818166457019953,0.309121688527611,0.33782179148447333,0.44354361254728886,0.3824398941356183,0.44159263975458163,0.5087729048276443,NA,NA,NA,NA,NA,NA,NA,NA,NA,NA,NA,NA,NA,NA,NA,NA,NA,NA,NA,NA
17982,Ty France,1B,NA,309.378,0.2208565521608109,0.20449004550750582,0.22070610466806767,0.23799056084796658,0.09697440170910786,0.08483707076303475,0.09666262147207828,0.11016010188400714,0.09709392543978325,0.0837907951029562,0.09686289521659264,0.11125027922709634,0.01829576512058176,0.012920957755319673,0.018003024111518585,0.02470529367869237,0.001587326849343436,5.843565286083075e-4,0.001407988819002789,0.003205092169042053,0.24364329715455235,0.2240132687120215,0.24330679844294414,0.26396403680582503,0.31503867916305045,0.2913731460246888,0.31466975352026666,0.3400567868525249,0.34853447053083725,0.31009880403168216,0.34751240319613325,0.3901395191555363,68.32815839440735,63.26472129902113,68.28161324999743,73.6290437340222,30.00174645196037,26.24672327852616,29.905288505788633,34.08111200067036,30.03872446470926,25.923028607362383,29.967248796318994,34.41838888672061,5.660307221475343,3.9974600684252897,5.569739593573397,7.6432743477264875,0.4910840059961735,0.18078705410778095,0.43560076484544485,0.9915850050738922
17988,Tyler Stephenson,C,CIN,428.041,0.2203125958648307,0.2027381734393881,0.22008722385101115,0.2387878297228752,0.11030269761827152,0.09629213734632193,0.10999281484226114,0.1250977445570827,0.12636246533382692,0.1092784192848973,0.1258924786879281,0.14476088478662813,0.03445824824985793,0.02446292282390509,0.03391609743355653,0.046359874031907417,0.001713431376609416,6.568266926892281e-4,0.001533910274937887,0.0033681564240569902,0.2471396433908653,0.22599369126510593,0.24688557956608911,0.26917153451208037,0.32407368471401937,0.2984335458346557,0.32363047969440767,0.3505350252389233,0.41721388475146376,0.36950166249972916,0.41601492394105455,0.46900856149849574,94.302823846578,86.78025049716912,94.20635538441066,102.21098142240923,47.21407699122256,41.21698276185698,47.0814344578963,53.54696367795823,54.08831602395661,46.775643869126725,53.88714247005943,61.96359388495309,14.749543039117437,10.471133948467159,14.51748026155697,19.843926840491683,0.733418879875271,0.2811487543653899,0.656576487994688,1.4417090439097782
18015,Paul DeJong,SS,NYY,92.4729,0.18174628391919964,0.16715989419417981,0.1816021858265362,0.1966437728501909,0.09960597622729712,0.08762016838155395,0.09928637005197018,0.11306310133618101,0.10299248949189668,0.0887475110833078,0.10270128623933983,0.11794922562056863,0.029807935922398197,0.021275739054349495,0.029314303571356254,0.0400744012616114,0.007877481398948838,0.003837554805882955,0.007361703611417601,0.013530307507337379,0.19368437633853441,0.17680021712765578,0.19343025321255153,0.21158942308671042,0.2619474528642402,0.241267438128635,0.2615054357864266,0.28439234361252896,0.33751970697844175,0.3005489845172163,0.33659854279702284,0.37753284008231525,16.806605938231755,15.45776017982897,16.7932807697187,18.184219942398418,9.210853479069224,8.1024910687306,9.181298569178832,10.455272863550533,9.524014181535213,8.206739717655614,9.497085772281848,10.90710694588828,2.756426277758336,1.9674292899989554,2.7107786627236696,3.7057961004248647,0.7284535496568559,0.3548698218089339,0.6807580818882587,1.2511867730952586
18030,Harrison Bader,OF,SFG,495.86,0.2218707389574138,0.20552758956618636,0.2215581623421518,0.2392925929537899,0.12416544071177725,0.10935746451641444,0.12373312292993058,0.140015873653493,0.11139401348835663,0.09664827934524821,0.11102413017763202,0.12719850350974168,0.028576887515194528,0.020584129610351307,0.028126846561922356,0.038010695266844564,0.026982237023997702,0.017786187569514368,0.026368755395654433,0.03859623318167936,0.24553030530245426,0.2265846377663732,0.24505898317985453,0.2661978060258947,0.3137041461869056,0.2901813359937665,0.3133384199694258,0.33816704255581664,0.4009253215551282,0.3584057094327984,0.39971050113640855,0.4469756893309595,110.0168246194232,101.91291056228917,109.8618303789794,118.65562514206627,61.568675431341866,54.22599235510926,61.35430633603538,69.42827110982104,55.23583552833652,47.924015796134775,55.052425189880616,63.07264995034051,14.170135443284359,10.2068465085888,13.94697813619482,18.847983355017547,13.379412050719502,8.819458968219395,13.075211050489207,19.13832818546753
18036,Jake Cronenworth,1B/2B,SDP,582.002,0.20582010671498,0.19001243651375244,0.20566007943986148,0.22239707889286472,0.10830532349289958,0.09503422067146096,0.10785444931632962,0.12325787574069727,0.10412588511711321,0.08999320360839766,0.1036575632973076,0.11968253355884338,0.023273782510695656,0.01643727486060487,0.022814013652782936,0.03135054825603002,0.004706468670635026,0.0021896057498189798,0.004397798942111985,0.008318105380601435,0.23051481401232174,0.21040321360825795,0.23027789865104178,0.251113651574945,0.31339363432259953,0.2886635483300462,0.31307326651109624,0.33925737281521146,0.36558267395479377,0.32243983461223336,0.36497691065025195,0.41015937433334637,119.78771374833178,110.58761807587693,119.69457755415824,129.43554470980504,63.033914883514534,55.310106499231615,62.77150521100247,71.73633019683729,60.60147338993012,52.37622448649465,60.32890915415962,69.65547389631396,13.545387968789893,9.566526843421755,13.277801573946974,18.246081786105982,2.739174179246926,1.2743549256061457,2.5595277799070595,4.841153967720796
18042,Dylan Moore,2B/OF,PHI,104.035,0.18027130094640792,0.16465717574369926,0.1800818964941834,0.19623440303061163,0.12432537210139201,0.10792571414923685,0.12405221102208118,0.14175316738723312,0.10098841668037188,0.0854818876214038,0.10041002709770369,0.11797300093233971,0.03145195423218338,0.021712099419811854,0.030645781325002168,0.04364256033527589,0.05220171394758841,0.034276405524388105,0.05046174823537029,0.07552056707866459,0.20212085405495966,0.1832091466956479,0.2019114768745051,0.22173535223071933,0.2942927005246668,0.26980709676581033,0.2939192263431209,0.3197365244404911,0.36438649810452306,0.32051151432584873,0.3628850679162921,0.41184384859217665,18.754524793959547,17.130109278495752,18.73482010177237,20.41524611928968,12.934190086568318,11.228051671515855,12.905771773682215,14.747290769130798,10.506329929342488,8.893108178692744,10.446157169109604,12.273321151995962,3.2721040585451977,2.2588182631401263,3.1882338601466005,4.540353764480427,5.43080531053736,3.5659458487297164,5.249787977666748,7.8567821960288695
18054,Sam Haggerty,OF,TEX,219.41,0.2200685032100831,0.19772408334413494,0.21994083926946167,0.24363206890890168,0.12588894804231884,0.10757254404772174,0.1252460152469218,0.1462231954291367,0.0858468606779739,0.06933374376224438,0.08521120793114928,0.10421316327384078,0.016917968445526364,0.010173861754483152,0.016338307942066692,0.025689221980628722,0.0607791461031856,0.033760137799133186,0.058266504808207734,0.09593410060686429,0.2482871386362465,0.2220526770003475,0.24799677289880626,0.27526063473169615,0.32965372837138,0.2991472689636524,0.3292487666978059,0.36168247509428214,0.35662868481640103,0.3033688839147277,0.35511444461746283,0.41490052455798077,48.28523028932433,43.38264112653665,48.25721954411259,53.45531223930212,27.621294089965176,23.602491889510624,27.480228205327112,32.08283130910688,18.835659701354253,15.21251671887404,18.696191132173464,22.865410153913405,3.7119714566329396,2.2322470075511482,3.5847881455688526,5.636472194769748,13.335552446499952,7.407311834507812,12.784253819968859,21.048901014152094
18067,Garrett Stubbs,C,PHI,26.3618,0.1871508004239038,0.16836597700026573,0.18681428565543046,0.2069158768273444,0.09317820120134732,0.07909554751777322,0.09274194531884589,0.10838805646121244,0.07642399253393656,0.062090226811152,0.07600455444967838,0.09208673684222178,0.013102126013564882,0.008011664382220424,0.01267600612114183,0.019655517157491118,0.01323652828724186,0.005624183998677475,0.012178780798006886,0.02442675243858663,0.20359736168303746,0.18210356950606857,0.20338312049066254,0.22643941065285358,0.27915598193010815,0.25280099437473175,0.27900333505232117,0.30670816946075985,0.2834504417563392,0.2418291893172995,0.2823666639750941,0.32879819729520376,4.933631970614867,4.4384302124856045,4.924760835591327,5.454674961747088,2.4563451044296776,2.085101004554034,2.4448446141063513,2.85730426681919,2.014674006381129,1.6368101411502267,2.0036168634915312,2.427572139287282,0.3453956255443947,0.21120189411121834,0.3341623381643167,0.5181548122023494,0.34893871140261246,0.14826361373633587,0.32105458364089795,0.643933162435533
18123,Nathan Lukes,OF,TOR,334.605,0.22726900216012574,0.2040671434325324,0.22660507383240397,0.25281445588656287,0.11973643340400811,0.10270461596801794,0.11937326065690718,0.13796929542131464,0.12649773550529902,0.10656165694917023,0.1258067919858989,0.14871811980339997,0.035567201073671346,0.023602304049080283,0.034551035557449844,0.05055606588167973,0.00632373092003231,0.0023060430384530596,0.005687669278681551,0.012582727528499966,0.2526723081815901,0.2266031418575761,0.2524008371226458,0.28047521258220237,0.32244101029407485,0.29091526602937773,0.3221059875246415,0.35422220288578143,0.4304838809309069,0.374465665449243,0.4287092019752291,0.491748880992803,76.04534446778888,68.28188652824251,75.82319072969153,84.59298101192337,40.06440929914814,34.365478025978646,39.94288988210443,46.165216094448986,42.32677478875058,35.656063223477105,42.0955816324417,49.76182647681665,11.900963315255801,7.897448946342508,11.560949252700505,16.91631242433945,2.1159519844974115,0.771613530881586,1.9031225789932404,4.210243544673731
18126,LaMonte Wade Jr.,1B/OF,CHW,153.81,0.1779961690015051,0.16197431751993752,0.17780506838511795,0.19439135251491993,0.08899551802423009,0.07660026261228767,0.08864713132260196,0.10251467427275393,0.07731573569938861,0.06474930981353318,0.0770350040321788,0.09097566728592099,0.01487349777141268,0.009861924321603826,0.01457705952245497,0.021126710038780822,0.0032896790785636506,0.001307001791686329,0.002955899652745485,0.006391667073629995,0.19541320679272658,0.1758652376549749,0.19514000864986164,0.21589281957028228,0.2860459524485763,0.26051180236923666,0.28576024335345496,0.3119910970327303,0.2855395847691626,0.2496807934911284,0.28505249868427945,0.3234386667413712,27.377590754121503,24.91326977774159,27.34819756831499,29.899333930319834,13.68840062730683,11.781886392395966,13.634815268729408,15.767782049892283,11.891933307922963,9.959091342419539,11.848753970189422,13.992967385247509,2.2876926922209844,1.5168625799058846,2.242097525148799,3.2494992710648782,0.5059855390738751,0.20102994557927428,0.45464692558878306,0.9831023125950294
18171,Seth Brown,1B/OF,NA,NA,0.19491576713309852,0.1783635383245266,0.1945384167225674,0.21274353619789219,0.09949029262929511,0.08647591278518935,0.09919598821396006,0.11381103202581414,0.11725718691244318,0.1001096211630498,0.1167747281110732,0.13619403993951928,0.03289695797684192,0.023043169528482493,0.03225822982412592,0.0452046237498627,0.007980315043864759,0.003915129762534295,0.007463037848424394,0.01385660167723779,0.20928704056072453,0.18904591644783827,0.20909008415552183,0.23046224871494814,0.27468424033657324,0.24982986013300804,0.27426109724382497,0.30087347306577866,0.36417348863233623,0.31854806706315475,0.36321731615471975,0.41410550016521674,NA,NA,NA,NA,NA,NA,NA,NA,NA,NA,NA,NA,NA,NA,NA,NA,NA,NA,NA,NA
18314,Dansby Swanson,SS,CHC,631.559,0.22507826326144037,0.2091273290255812,0.22514398170057567,0.2412714949693349,0.12813518861385143,0.11337428533343986,0.12770791478135662,0.14421750385090792,0.12111087942995441,0.10701258873149236,0.12072117151791772,0.13659399553946094,0.034826762381452096,0.02577370736869664,0.03445779172674571,0.04535056348361265,0.024305390324621652,0.016126639933443807,0.023704246027834792,0.03448681521331328,0.2491230881571628,0.23028801641819996,0.24909484235750917,0.2681831345598348,0.3164847276127229,0.29297141407397764,0.3161977295318751,0.3404107753106954,0.42686579614828096,0.3836913226616473,0.42586343160641327,0.4727657925843904,142.150202867132,132.07624679206702,142.19170793883387,152.37718409133817,80.92493158577538,71.60255027090194,80.65508295139881,91.08186251457555,76.48866590190258,67.58476352667257,76.2425423626846,86.26716722890642,21.995155222867503,16.27761685206668,21.76212848515179,28.64155652314692,15.350288008027725,10.184924589725837,14.970629917093312,21.780458529304923
18345,Kyle Tucker,OF,LAD,624.919,0.243269096876099,0.22528982145654206,0.2431833225216502,0.2614483881092617,0.1451504417196439,0.1283992190368028,0.14476409423022513,0.1633469353359552,0.13983585051166306,0.12242782299662533,0.13958579502207602,0.15804159511684812,0.04408352600278,0.032332611058219954,0.04349097602139776,0.057766172273850246,0.034094100956452024,0.022231529396155063,0.03325618837067741,0.04888084479523565,0.27658168185447335,0.2560211661360363,0.27610627477661903,0.2981936782710355,0.35295137463639437,0.3277628633991055,0.35273066439825906,0.3784361491352243,0.4958463088072623,0.4444863280234287,0.49456265452708514,0.5528716947496567,152.0234807507149,140.7878899348008,151.96987872690713,163.3840652488517,90.70726888899814,80.23911156125976,90.46583300225805,102.07860348320979,87.38607986589797,76.5074727192281,87.22981543940072,98.7631955788256,27.548632986131278,20.205262969891756,27.178337244315866,36.09917861120222,21.30605147560504,13.892905118715825,20.782423980415356,30.546568648593865
18353,Daz Cameron,OF,NA,NA,0.18943986836026352,0.17017537319749235,0.18901283346263675,0.20974979986808429,0.11274907472905896,0.09739547293690515,0.11230387690401086,0.12938457259817046,0.09615065821547984,0.07934438685448443,0.09558871328073318,0.1147163584477974,0.026560136893014383,0.016885434433119354,0.02571462708263398,0.03922904604415475,0.026367964841393324,0.012913842456465197,0.02490613267402398,0.044686926086782576,0.20606238207197966,0.18424241076817352,0.20574784528127607,0.22903421242955274,0.280246744071532,0.25408471368364216,0.28011658799319566,0.30710466675041204,0.3461542164803542,0.29878798759995,0.3445726638834322,0.3982751564562682,NA,NA,NA,NA,NA,NA,NA,NA,NA,NA,NA,NA,NA,NA,NA,NA,NA,NA,NA,NA
18360,Austin Riley,3B,ATL,627.065,0.24135063892110778,0.22370888372283795,0.241090467497002,0.25997683470920085,0.12763118608938742,0.112736750385645,0.12730991448861312,0.14395138931550414,0.1324316678328262,0.11670200506359682,0.13217434943458312,0.14949933069040053,0.0384931051341097,0.02835205065516736,0.038068839312522536,0.049954677089955775,0.004328190446584068,0.001921458414500993,0.003964387038535352,0.007966094498574288,0.27014569396573807,0.249648122989621,0.2701489080167996,0.291116954640317,0.3416469569937591,0.3168908806376926,0.3415000734595037,0.36620606129902616,0.46456271533209426,0.416119027425438,0.4634360920025414,0.5168519702307345,151.34253839506445,140.28001117166139,151.17939400100758,163.02237385692504,80.03304970514174,70.69327038057449,79.83159152880219,90.26687794112661,83.04326378959117,73.17974280520434,82.88190842819687,93.74579779937602,24.137678970920504,17.778578644082522,23.871636723506946,31.32482958941312,2.714056742387239,1.2048793206890653,2.4859283583191707,4.995259046748486
18363,Victor Robles,OF,SEA,357.228,0.2319071432444478,0.2135666199394771,0.2317876359645562,0.251595780757774,0.12427023372290821,0.10923152735213576,0.1239938602394276,0.14067908267992638,0.08352029793120837,0.07091321810287948,0.08330862367768155,0.09713984419433079,0.01512907595384089,0.01026305254022979,0.014784488906521339,0.02139404981356548,0.06751977120170558,0.04308331585179308,0.06551852687399362,0.09919491369823141,0.2594055032615876,0.23869090865030765,0.25898379004352745,0.2813654824340679,0.33198853592182237,0.30807942030655544,0.3317385830445493,0.3563330717929518,0.35888354485685114,0.3159839168492103,0.35790226552138155,0.4049949163084354,82.8437249669276,76.29197650773952,82.80103362034649,89.87705756853809,44.392807052367054,39.02056005294875,44.29407870561025,50.25450734758474,29.835788989369703,25.332187076455433,29.760173019130825,34.7010722618524,5.404529544838674,3.6662497328412074,5.281433403098805,7.642553626800369,24.11995282684288,15.390566755104338,23.405052318142992,35.435200630591815
18373,Ryan Mountcastle,1B,BAL,173.229,0.22143022599799547,0.20473484679251808,0.22141930255955872,0.23878279661164023,0.10214127230963646,0.08987322340447068,0.10181368520652363,0.11562182528103368,0.10933182881268032,0.09453732359506148,0.10902491265504001,0.125378404745585,0.02379488162129615,0.016938750924835023,0.023336176597193344,0.03193149643615701,0.005219179136841695,0.00242522259779266,0.0048469060384742045,0.009218424697584608,0.23916944399828408,0.21916811753243537,0.23908791971947047,0.2595503040310306,0.29725778698546773,0.2738640491498353,0.2969877449915581,0.3220887499321507,0.3678199948776385,0.32659362123078683,0.3671643110988626,0.41216335303603197,38.358136619406764,35.46601277502112,38.3562443630898,41.36410507423783,17.693830460926016,15.568648617133054,17.637082874640885,20.029053171608187,18.9394433733918,16.376606029048908,18.886276594319927,21.719175675672947,4.121963548375511,2.9342828839582467,4.042502535755206,5.531461196139043,0.9041131826959501,0.4201188853930247,0.839624686138848,1.5968984919378841
18400,Juan Yepez,1B/DH/OF,NA,39.2194,0.2413710232185962,0.21882064071887256,0.24090537550811186,0.2648584299755056,0.11981597967220659,0.10342835627383058,0.11943331747587926,0.13798093434926645,0.1238310039435525,0.10407308867243262,0.12343588810556996,0.14540700939175893,0.0326139193551598,0.02209179773348166,0.031767195102009614,0.045516310187318006,0.00582857680773142,0.002015160526482435,0.005172645645487684,0.011903200490016889,0.2666001542952854,0.24222130096854788,0.2664714081135597,0.29164826040178565,0.3303346521838529,0.3029487864967764,0.3301920388677432,0.3587188783439903,0.4380045511903822,0.38331039062003974,0.43701991474484103,0.4984493406223706,9.466426708019412,8.58201423660975,9.448164284202843,10.387588708581346,4.699110833156139,4.0563980760458715,4.6841030514135,5.411529456617621,4.856577676063763,4.081684093879604,4.841081469967591,5.702775664139151,1.2790983487577543,0.8664270520285107,1.245890331583756,1.7851223757604997,0.22859328525314165,0.07903338675232521,0.20286805862863969,0.4668363812981684
18401,Ronald Acuña Jr.,OF,ATL,624.907,0.23815447941733256,0.22166979618241983,0.23775417821794662,0.25622325674465263,0.15938863113087867,0.14173089656718427,0.1590461135948809,0.1780798972225405,0.11851613350396621,0.10431763851285825,0.11823136498715973,0.13340017612169974,0.036022661106085936,0.026453741657592702,0.03562295424251592,0.04705477343831929,0.05177552373275448,0.03610582389500726,0.050971023557210796,0.07004352190006674,0.27698796416811433,0.25727223600876786,0.2767896681839722,0.2972086489376404,0.37271937554052315,0.34818243882155897,0.3725386210439495,0.39737840513969197,0.4776001351566953,0.4292898090404754,0.4767147975144791,0.5302701866081251,148.82440126924703,138.52300732296743,148.57425024764237,160.11570670253064,99.603071314104,88.56862938110942,99.38902970823625,111.28337433364612,74.06156143956302,65.18882253015471,73.88360760003103,83.36270385968302,22.510813083820846,16.531128338021283,22.2610334668279,29.404857305019796,32.354887209264405,22.562782092757303,31.852149418065927,43.77068714000501
18564,Trent Grisham,OF,NYY,530.829,0.1877189700229047,0.1736967018741071,0.18738543628282422,0.20264026786594663,0.12303564471327684,0.1082967271826851,0.12276902743058282,0.13841621036658439,0.12113633733774695,0.1058779351978274,0.12095628023996527,0.1375331820237202,0.04502973658141035,0.03278777065295764,0.044527748656079044,0.058973234396185674,0.008687061461212219,0.004870488801451744,0.008307408584223791,0.013691905780741812,0.2119339456052225,0.19407412777339245,0.21177341167651698,0.22998219319025082,0.30555262929151195,0.28295317437632617,0.30543153126130773,0.32923227237359837,0.4066258289141769,0.3638018942459176,0.4057023183365053,0.45237377977295806,99.64667313828846,92.20324655913039,99.46962375657529,107.56733075101258,65.31088824750402,57.487043393657544,65.16936006194884,73.47533853268362,64.30268081265888,56.20307846312752,64.20710128350052,73.00660148046936,23.903090039773474,17.40469950793885,23.63662029135778,31.304703041292843,4.611344148393821,2.5853966999858273,4.4098133913549304,7.268060653685395
18568,Luis Arraez,1B/2B,SFG,609.026,0.27527701817472033,0.25634268296947926,0.27503233062171195,0.2954431234148678,0.11527086102566216,0.10177864987234322,0.11498024141924036,0.12926682876015314,0.08956099501580989,0.07792596217480034,0.08924415266024896,0.10266555183749364,0.012457476588787956,0.008842827380074445,0.01224702028221783,0.016706115144493404,0.01075478817596248,0.00609210750452238,0.01023805256746711,0.017138195197036302,0.300693368148719,0.27971597864868436,0.3004955992172139,0.32264226479138436,0.3519101878806749,0.32723322103766744,0.3517981823190962,0.3770701746199109,0.38110726378028237,0.3401120666145641,0.3801447940020456,0.4253288330979514,167.65086127087721,156.11935883817006,167.50184018921874,179.93254368086326,70.20295140701491,61.9858440171537,70.02595651059427,78.72685965248101,54.54497455049863,47.45893703946995,54.35200931806078,62.5259903733814,7.5869271369631734,5.385511787977219,7.458753774397995,10.17445848199024,6.549945623653725,3.7102518650492464,6.235240202954224,10.43760646807023
18577,Ke'Bryan Hayes,3B,CIN,507.044,0.21456769341767015,0.19776197893991898,0.21440000961835032,0.23202569366048634,0.09978823901510397,0.08769675900013524,0.0994243701938228,0.11295423947851836,0.0814122027283953,0.06950300141460905,0.08118159909273656,0.09416950639831038,0.013643590966363474,0.00948841076469152,0.013339700827707485,0.018896859631103092,0.01690531476797261,0.010084322517260333,0.01623489338014491,0.02578059896588788,0.23007811718526475,0.2104203655825984,0.22993020672015677,0.25045371259618293,0.28844902311317994,0.26532534344915754,0.2880193658918756,0.31240216236016904,0.3137713874156384,0.276163267281461,0.31294211114222914,0.35353656618234297,108.79526154126914,100.27402484961227,108.71023847692682,117.64723581638764,50.597027863174375,44.46611547046457,50.41253036055669,57.27276940214586,41.27956892021647,35.24107984926903,41.16264273037751,47.74808320222489,6.917900937948801,4.811041747772246,6.763815266484114,9.581539294793036,8.571738421211904,5.113195226441748,8.231805279042195,13.071898022059653
18795,Ramón Urías,3B,NA,223.464,0.21992097837183502,0.20160220988380348,0.21953449750117532,0.23924666812846573,0.10469248596500685,0.09046393860468534,0.10432413728945769,0.12004378874554593,0.10965891024958854,0.093566492095904355,0.10926208899864018,0.12707194597740276,0.024504605309575465,0.01675974673660946,0.024083349419117647,0.03403488964704653,0.004671786037289321,0.0019612530982992572,0.004269251661541606,0.008802813396647772,0.24067973282041744,0.2189698980470723,0.24030753265788163,0.2632321843979143,0.30632619354023183,0.28035986198264323,0.30601265202060757,0.333337920030816,0.37449774064754093,0.32791743025938314,0.37381105812433335,0.4227338607721,49.14442151088374,45.050836229474264,49.058056949602644,53.463017446659464,23.395001683684292,20.215433576357405,23.312689015251372,26.825465208234675,24.504818720014054,20.90874258971917,24.416143455992128,28.39600533589433,5.4758971208989715,3.7452000447496965,5.381761594593706,7.605572580087607,1.0439759950368208,0.43826946235834524,0.9540240532947335,1.9671118928684976
18819,Andy Ibáñez,2B/3B,ATH,88.7761,0.22125682131244614,0.20180045548176292,0.22093074627317588,0.24166568983705836,0.10515605509153106,0.09012182592993437,0.10479421066483804,0.12150184501931172,0.10268568844531796,0.08571652719268787,0.10242951455514754,0.12135722811716947,0.021830640912026127,0.014216609909264882,0.02130225351463358,0.03146589451133826,0.008486247021989812,0.003386437470990591,0.007622280009269141,0.016610113043840913,0.23977646386907264,0.21741349221306405,0.23959144629878704,0.26224112727192544,0.29899861277624534,0.27281135301592385,0.29903746418664745,0.32584132460054077,0.36143110155130515,0.31353544164513014,0.3601722988405148,0.41215093095043237,19.64231769451585,17.915057415894534,19.61337002422209,21.454137447543676,9.335344462411271,8.000664230938446,9.30322132540273,10.786459943618919,9.11603494599039,7.609578989710777,9.093292827099233,10.773621419052649,1.9380391606701226,1.2620951829658902,1.891130988240462,2.7934193977280164,0.7533759142488697,0.3006347115684078,0.6766762923308782,1.4745810565913253
18839,Josh Naylor,1B,SEA,606.51,0.26373387416840594,0.2445431925906425,0.2635573427675083,0.2834660279443447,0.14285823775903286,0.12638497196193496,0.14243031837594,0.1608241259832726,0.16345025350384412,0.14377700447527106,0.16306716103217475,0.18417174111088652,0.05008955742194746,0.03718192090899019,0.04947786800522064,0.06523499724930872,0.03079636485954423,0.019411439245372537,0.02962552690663771,0.046057157304031274,0.2929814429538804,0.27210833817111874,0.29259184929505594,0.31466911600209474,0.34911489311637395,0.3239571656649578,0.34887232394900275,0.37455581926413045,0.527229057252082,0.47102037401473773,0.5257724385897189,0.5871259027425858,159.9572320218799,148.3178917381506,159.85016396192145,171.92498060852452,86.64494978323103,76.65374934463317,86.38541239819136,97.54144065011465,99.1342132526165,87.20219098429665,98.9018638376243,111.70200270116378,30.379817471985355,22.55120685051164,30.008821723846367,39.56567818167823,18.67830325096217,11.773232016710898,17.968178324144837,27.93412647646801
18848,Yohel Pozo,C/DH,STL,168.22,0.21052150396316746,0.18704853465532423,0.20979627831799025,0.2359188659472248,0.10249815589715403,0.08657330488123903,0.10194485019999776,0.11971887025835667,0.11233449025640724,0.0904772162641419,0.11193180632724699,0.13639397007232165,0.029150827153292713,0.01742798580997088,0.02823599750237839,0.04367639481490633,0.0035034104951355035,7.995768520023768e-4,0.002772190456460865,0.008614576475220615,0.22822659442773127,0.2030258957540985,0.22757821401691042,0.25519214594948136,0.2926213781601512,0.2636884663820806,0.2922198576226619,0.3225698332786655,0.3736495035660593,0.3203889321554756,0.37236881583787435,0.43211797519623574,35.41392739668403,31.46530449971864,35.291929938652316,39.68627162964216,17.24223978501925,14.56336134712203,17.149162700643622,20.13910835486076,18.896907950932825,15.220077319953951,18.829168460369488,22.94419364556595,4.9037521437269005,2.931735772953301,4.749859499850093,7.347243135763543,0.5893437134916945,0.13450481804383982,0.46633787858584674,1.449144054661612
18872,Jahmai Jones,2B/DH/OF,DET,141.502,0.2523681915489757,0.22395947107260006,0.25164967885648715,0.28212445626711957,0.14089177281053938,0.12027202120566836,0.14036012403811993,0.1635451649666362,0.14745672674289642,0.12131990592203876,0.1465220564607898,0.17728896618642004,0.04720194695595322,0.02980598432616249,0.045722992324294026,0.069481552149891615,0.010811999405936622,0.0031566606536425714,0.00923191053623398,0.023768198226436835,0.28593997962824674,0.25671806423846777,0.28540981360201223,0.31633618320064955,0.36163629299998246,0.330088573196821,0.3613877466799085,0.39395092932770426,0.5132527605639138,0.4443993097915951,0.5117422520083943,0.5887210559095931,35.71060384056317,31.690713075715056,35.60893285755065,39.92117481070996,19.936467636236944,17.018731544644485,19.861238271642048,23.14196793310896,20.865421747573333,17.16700932778033,20.73316403331468,25.08674329331081,6.679169898161293,4.2176063941206445,6.469894859872253,9.831778592313963,1.529919539938844,0.44667379581173117,1.3063338046981807,3.363247585437265
18882,Brandon Lowe,2B,PIT,548.425,0.21464852362781944,0.1988432177732758,0.21436135601660689,0.2308704547464423,0.12737751765937103,0.11256499659235106,0.12706741872190722,0.14313608986928245,0.1388623765043676,0.12227638243543555,0.13857675292255867,0.15719297334012633,0.0515784229015432,0.038470547491790255,0.05097466874698334,0.06674492610122842,0.0064458815907665135,0.0033967189959336476,0.0060893344689245295,0.010586705595871,0.23955924731595518,0.22099053947138747,0.23929896562665234,0.2591358492758176,0.3169665757754972,0.2935171088628699,0.3166667096702732,0.34071301814223,0.45494283981102773,0.40854869226806506,0.4537660462787443,0.5045518429507204,117.71861657058687,109.05059170730877,117.56112667340763,126.6151291443176,69.85701512234056,61.73345825616013,69.68694911256196,78.49941008656121,76.1555988344078,67.05942503715373,75.99895572155422,86.20855640405877,28.286896579778826,21.09821000818507,27.955782707564335,36.604586097066196,3.535082611416125,1.8628456153449104,3.339543256119935,5.806014016415553
18889,Danny Mendick,2B/SS,NA,NA,0.20730109992885962,0.18584464763632674,0.20709175325076357,0.2297324101176172,0.10555479273608566,0.09010374620967042,0.10505980080987082,0.12260585909960808,0.08944274864876291,0.0727746892867945,0.08881701641437652,0.10795740804463323,0.01818665789090397,0.011220812737279316,0.017537022080636143,0.0273570347959606,0.017741736619186876,0.006902152044157846,0.015996756021443348,0.03485529224440925,0.22346488486486785,0.19950532943958899,0.22291004651984664,0.24881415422821304,0.2873975309360137,0.2604466657276687,0.2867710348959785,0.3162783485123053,0.3329434383916403,0.2839378119962586,0.3314727050563866,0.386610455461627,NA,NA,NA,NA,NA,NA,NA,NA,NA,NA,NA,NA,NA,NA,NA,NA,NA,NA,NA,NA
18900,Leody Taveras,OF,BAL,81.9085,0.21276472851351758,0.1960807681285225,0.21248912631115058,0.23026869164292857,0.1115642798876768,0.09844758866718649,0.11119174789583053,0.12609245634685856,0.09773100094954372,0.08381633707971049,0.09752011033266661,0.1125874346600199,0.02305614098319293,0.01602531074206542,0.022659635141260376,0.031224988787561782,0.02663377647097367,0.0164884313005142,0.025786712325892407,0.03962601945167873,0.2281642322322862,0.2092072516690278,0.22799206398099126,0.2474340777937446,0.28539942987750583,0.26310637926955643,0.28512125471982896,0.3078883601615326,0.3585539308723648,0.3163612749066521,0.3579515315603945,0.4020832894503174,17.427239765449457,16.060681596255083,17.404665602456877,18.860963129434815,9.138062819179774,8.063694316346245,9.107549282525635,10.328043960686665,8.004999691275701,6.865270445693467,7.9877259571832235,9.221867891850241,1.888493923721858,1.3126091649164655,1.8560167249679256,2.557591994106004,2.1815326800727473,1.3505426751781675,2.1121509265453584,3.2457078142578273
19151,Estevan Florial,OF,NA,NA,0.18898274035120227,0.1680192310176058,0.18841410115834611,0.2117620094913892,0.11182653431040657,0.09602377423262842,0.11129001108572334,0.12935140497538175,0.10179448180300044,0.08253523681863482,0.10109052282028502,0.12365404959611569,0.03019411632845763,0.018143596638761528,0.02915060165526401,0.04600005530901803,0.01739623101409938,0.006401408133463646,0.015642404363377424,0.035217295166554204,0.20586928274648755,0.1827133988949189,0.20538492122150442,0.23083145814042416,0.28135567504474346,0.25406332366072215,0.2808391644434717,0.3098849554094725,0.35699283746358784,0.30744696504244384,0.35596182339171434,0.412458480092325,NA,NA,NA,NA,NA,NA,NA,NA,NA,NA,NA,NA,NA,NA,NA,NA,NA,NA,NA,NA
19197,Will Smith,C,LAD,504.2,0.22692698152974788,0.21011977898320824,0.22668462962975466,0.24423790276253632,0.12264158294176286,0.10795893092987856,0.12232150640414916,0.13865968386298358,0.127045741969872,0.11053388067768649,0.1268426621082281,0.14427020053693906,0.03525421212804862,0.025756291111429335,0.03475136135272848,0.04652207646983721,0.003311176689431236,0.0014539606068388238,0.0030366542702817325,0.00608135940071304,0.26304146737739686,0.2425675695009683,0.2627718993617229,0.2844367874217146,0.3536157813108844,0.3282295396948217,0.35328175574497056,0.3791895390879045,0.4453679077141796,0.3980816875068765,0.4444376886025364,0.4961441362166424,114.41658408729889,105.9423925633336,114.2943902593223,123.1447505728708,61.83588611923683,54.43289297484477,61.674503528972004,69.91221260371631,64.05646310120946,55.73118263768953,63.9540702349686,72.74103511072468,17.775173754962115,12.986321978382671,17.5216363940457,23.45643095609192,1.6694952868112292,0.733086937968135,1.5310810830760495,3.0662214098395144
19238,Lourdes Gurriel Jr.,OF,ARI,290.703,0.23787179438445538,0.22080219850578187,0.23757248697929523,0.25619010547125715,0.11075590916948184,0.09750719367373835,0.11044549771143916,0.12470242434539976,0.1258652492276574,0.11037630236587365,0.12565459260483813,0.14262029785471628,0.02955967568959087,0.021743818758171957,0.029047600442585586,0.03876785994005598,0.009487430347112266,0.005233261276117086,0.00900719904826778,0.015098712025195174,0.2565155270477349,0.23643035050584627,0.2560874896766443,0.2769048841582884,0.3051765665831111,0.28177198090290634,0.3052675185841024,0.32867803024768366,0.4125613224033723,0.36954570390291386,0.41138596449124726,0.45905006215197663,69.15004424294433,64.1878615122263,69.06303468234205,74.47523223081086,32.19707506329588,28.345633722536757,32.1068375212085,36.25136886448074,36.58940554622769,32.086722226666566,36.528167034004255,41.460148447259584,8.593086401991135,6.320993344456862,8.444224591460957,11.269933188154093,2.758024464196577,1.5213247527510652,2.6184197849285886,4.389240881860313
19251,Pete Alonso,1B,BAL,657.959,0.21989843266417564,0.20479110159318398,0.21958710287716687,0.23589779605116584,0.12544325687135258,0.11085865321571022,0.12510449393846906,0.14110682824671864,0.15462879006709074,0.13691781365791308,0.15427465844162047,0.1729754461049519,0.05502590234852856,0.041873779851801574,0.05446665443038901,0.07037401641615923,0.003464718082596175,0.0016301037610379466,0.0032283090471168976,0.006024740995282218,0.24935663729414312,0.23068421359946728,0.24908282419163763,0.2693052275645658,0.33297441129824545,0.30910074222284945,0.3328981078975929,0.357578485731649,0.4755751179039105,0.42847206801511223,0.4743394478098262,0.5271317263944125,144.68415285728832,134.74414841314973,144.47931062195784,155.211077992029,82.53651984781827,72.94044861115547,82.31362772726116,92.84250760638274,101.73940408375294,90.08630775654683,101.50639999359015,113.81075154376805,36.2047876833355,27.55123031751151,35.83682548236432,46.303217467159705,2.2796424449068966,1.072541440508766,2.1240949923319867,3.9640325605148927
19252,Cavan Biggio,2B,NA,NA,0.18215153264672454,0.16679230516342128,0.18205346778337994,0.1979553474115107,0.11027281605329123,0.0964782310433805,0.10992705913393186,0.12544323185544737,0.0875489393467418,0.07410012058828322,0.0872341269317546,0.10175149011339332,0.02279931507922149,0.015711651505663025,0.022343293163136484,0.031868293447300765,0.007297176382097196,0.003570405433733845,0.006838391752497888,0.01261878076683916,0.20459041693912322,0.18597359263090676,0.20431294416461027,0.22429352852932108,0.30219525048314033,0.2781485332830968,0.3019681753562638,0.32732722619544086,0.33178763237092307,0.2928905356145023,0.3306790956449519,0.37471801166112945,NA,NA,NA,NA,NA,NA,NA,NA,NA,NA,NA,NA,NA,NA,NA,NA,NA,NA,NA,NA
19260,Jake Fraley,OF,TBR,372.384,0.2225677148281606,0.2037568899199225,0.22214979610097868,0.2421616927767295,0.12536822209362314,0.10938760981731518,0.12502281508628707,0.14348860736398014,0.10704612082598255,0.09058646614491903,0.10652259411346948,0.12521069138739238,0.026277726850569744,0.01772997836097994,0.02575832811369117,0.03666037386599637,0.03249136686220389,0.01884226115600874,0.03109987310506203,0.05090729273039961,0.2503762125339203,0.22838204395346187,0.2501215052169128,0.27349441871989155,0.3275755643203409,0.30216384018891324,0.32737000525997273,0.3546258786780891,0.4001969473939319,0.3512827716491963,0.39866644593581113,0.4546652569900066,82.88065591856976,75.87580569594043,82.72502967126685,90.17713980296963,46.68512001611176,40.7341956942111,46.55649597309193,53.43286156462838,39.86226265766269,33.732950608909526,39.66730968635022,46.62645810160273,9.785405035522563,6.6023602619751545,9.591989256288773,13.651736661715193,12.099265157614935,7.016556578319158,11.58109514635542,18.95706129611713
19262,Garrett Hampson,2B/OF,CIN,52.4075,0.20857331342526647,0.19122032483878804,0.20831054943227473,0.22682768879070192,0.10486999498849808,0.09109204974332781,0.1045251366161597,0.11941401326433711,0.07501976680137201,0.06295350229981463,0.07465727312819036,0.08851827260489314,0.013235606617350897,0.0088315941077207,0.012923288983504429,0.0187511247251699,0.023122886966896752,0.01320152686335522,0.022023359366489498,0.0365750135439831,0.22661775298820935,0.20609265530070775,0.2264092075321465,0.2478035620106159,0.2940350577930848,0.26997891985004474,0.2938671471291988,0.3188554421137771,0.3121132461331487,0.2733115958893673,0.3110882597857387,0.3538880391436408,10.930805923334653,10.021379173988784,10.917035119371938,11.88747210029871,5.495974262359713,4.773906596923452,5.477901097211389,6.258189900150747,3.9315984286429035,3.299235671777535,3.9126010414656363,4.639021371540937,0.6936450537988171,0.4628417682003726,0.6772772674030083,0.9826995690343415,1.2118126987176416,0.6918590190912887,1.1541892059992984,1.9168050223062942
19287,Adolis García,OF,PHI,552.69,0.20377412939637546,0.18809191808707068,0.20372691898237083,0.21998441530374244,0.11430756793967596,0.10000592456779668,0.11402664276874519,0.12929109694024185,0.13342990209404335,0.11605586349986376,0.13297216377095927,0.1524245881687591,0.04115662277003553,0.02997513456756857,0.04063419887437596,0.054162551945684194,0.013664418531873196,0.007984798734107066,0.013088034278307101,0.02110653750962152,0.2193916006738172,0.2004031578515164,0.2189650851015182,0.23979758586206065,0.2806724263807967,0.2568744411336878,0.28016397615008665,0.3055301659530261,0.4018618180240412,0.35722121330130924,0.40105147067180813,0.4511141394123118,112.62392357608276,103.9565222075431,112.59783085236654,121.58318649422542,63.17664972457951,55.27227444937555,63.02138519185779,71.45789636790228,73.74537258835683,64.14291519773971,73.49238519457148,84.24354563499146,22.746853838770942,16.566957124149475,22.45811537587885,29.9351008348602,7.552187478380997,4.413118412353635,7.233625665277553,11.665372216192718
19290,Randy Arozarena,OF,SEA,657.283,0.20597086020752312,0.19008429937113988,0.20586970464599036,0.22213133659247852,0.12538692093396156,0.11074402093867002,0.12497274772803882,0.14118363686676602,0.10921838255732035,0.09533788176232647,0.10879222846315996,0.12418468304261618,0.030304738827934437,0.02201534086708319,0.029875373248383387,0.04033662806530527,0.028464027552399084,0.01877081318440275,0.027678293754651084,0.04042518052090323,0.23147239493176447,0.21158979750838378,0.23135144148861236,0.25185994720577237,0.3154614208493576,0.29093452943935616,0.315443700430541,0.341021481322957,0.39237850777886496,0.3486046642788991,0.3913379847868792,0.43894257435805695,135.38114490978143,124.93917854356094,135.3146570788305,146.00315130951407,82.41469155223706,72.79016231463184,82.14246254492853,92.79760439069857,71.78738614242319,62.66396893838723,71.50728230095118,81.6244810242999,19.91878965104123,14.470309291139042,19.636574954817178,26.512579904648042,18.708921421723527,12.337736402283793,18.19247195393833,26.570783928320836
19293,Nick Senzel,OF,NA,NA,0.19374014896149652,0.17780170516881383,0.19337853728709503,0.21064544244556638,0.10429915900050023,0.09093708813385193,0.10389212901399239,0.11872016740618761,0.08940839868977131,0.07601638261397271,0.0890080595400651,0.1039503641703449,0.020781242164227682,0.014167702305925371,0.020359165083843313,0.028794078564839818,0.00940263700658139,0.004874186274065519,0.008868833656132408,0.015449261112098942,0.2105885574928854,0.19136439409454922,0.21042055831321949,0.230353826405543,0.284388748724111,0.2610987375634265,0.2842084719011877,0.30909198828008516,0.3282160045959832,0.28844573557490705,0.3274166972610748,0.37110913879689295,NA,NA,NA,NA,NA,NA,NA,NA,NA,NA,NA,NA,NA,NA,NA,NA,NA,NA,NA,NA
19296,Alex Call,OF,LAD,167.788,0.23283497077761803,0.21192553129412203,0.23226096960597054,0.2548705672149942,0.12966120997740022,0.11178863511737809,0.12925539453633303,0.14879011492429883,0.10384526370877574,0.08736384399301865,0.10337415481143263,0.12147937998018599,0.024637991879761536,0.016351628137752434,0.024158951386219804,0.03480888973983449,0.01483025485714939,0.007492600172648425,0.01393528985831111,0.025206483909465522,0.2694065713733358,0.24425469230483038,0.2690230261749196,0.2952969992013336,0.357656877872021,0.3290594477621208,0.3570285757962307,0.38803255634980754,0.41771206914132786,0.362583147600647,0.4163230518902903,0.47708657221577316,39.066914076834976,35.55856104477815,38.97060356824659,42.764222731869445,21.75559509968803,18.756791509074635,21.68750413846225,24.965195802918256,17.423989107168065,14.658604655900614,17.34494268750066,20.382782208115447,4.133959381521429,2.7436069819772055,4.053582135191049,5.84051399166735,2.488338801971382,1.2571683977683341,2.338174414746305,4.229345522201402
19318,Matt Thaiss,C,NA,NA,0.18786157786510643,0.17082008316699931,0.18731719387633344,0.20620706820072077,0.09492335350034779,0.08210065208472872,0.09449559750765787,0.10937560872816511,0.08139093999709057,0.06817082326967895,0.0810855028037859,0.09572438758367642,0.01559415758035998,0.010340122206599967,0.015188038229339751,0.022338204439956995,0.005984525722739319,0.0021497887745584704,0.005285958962720001,0.012141715196537093,0.21097724124209316,0.1908497201210796,0.21057440577083492,0.23221208565696463,0.29952522882177623,0.2744933571430467,0.29913285281946067,0.3260487005133451,0.30483748699682095,0.26691052171791124,0.30370405354191304,0.3463098814697598,NA,NA,NA,NA,NA,NA,NA,NA,NA,NA,NA,NA,NA,NA,NA,NA,NA,NA,NA,NA
19326,Bryan Reynolds,OF,PIT,642.259,0.22663719945595787,0.21100741805202777,0.2263172359045984,0.24333242040703063,0.11763097208609974,0.10414096560581626,0.11743913484427268,0.13203155272457,0.11872276016307157,0.10419872902103058,0.11827086239659514,0.13404437342271336,0.030792547415789098,0.022797493462600914,0.030387762982990625,0.040134807370676436,0.008639456064984195,0.004881721800449497,0.008274602726151901,0.013740100163045327,0.25124938393397045,0.2318644045115128,0.2510941129766949,0.27074962277518155,0.32020920307631123,0.2957108047614112,0.3201318970828111,0.3445215128295787,0.4144611171278859,0.3713567546858238,0.41338692824307355,0.4600056020889243,145.55978108538406,135.5214133106773,145.35428161485146,156.28243699819907,75.54955050104634,66.88547242902595,75.42634130594773,84.7984530213296,76.25076121957419,66.92257150231808,75.96052581197479,86.09120523009847,19.77679071071729,14.6418953537966,19.516814265692577,25.77694124708328,5.548768412840684,3.1353297618348934,5.314438072295594,8.824702990617329
19339,Nicky Lopez,2B/SS,COL,36.1686,0.22136091024549104,0.20414286986380825,0.22106549532994518,0.24015853584524138,0.10026280084575255,0.08774089356159277,0.10012368151111778,0.11369029464708419,0.06319470671826813,0.05356734424582638,0.06290377637688298,0.07402589242893927,0.007948845723628355,0.005247168588234458,0.007779754116754276,0.011180916788257347,0.019863548900094598,0.011605251715702081,0.019081696371312483,0.030590173809533272,0.24148080378308348,0.22110676730993098,0.24102844063827672,0.26318406252039594,0.30789709881617544,0.2840252002772737,0.30741777782678337,0.3327838332474094,0.28771435356741265,0.25267314023910414,0.2869600799652796,0.3246869634630982,8.006314218305066,7.383561802956135,7.995629474390655,8.686198019572197,3.6263651386696854,3.1734652828718244,3.6213333871030144,4.112018790972529,2.2856640694103527,1.937455847089596,2.2751415262649295,2.6774128929053327,0.2874986214396245,0.1897827418004168,0.2813828147472387,0.4043981069477647,0.7184367547479614,0.4197457072045423,0.6901582433754526,1.106403760447485
19346,Eli White,OF,ATL,103.676,0.205562231015643,0.1848835333653274,0.20536785952769038,0.22721006155753815,0.13344167478345015,0.11467030328136489,0.1326224684599025,0.1545150385959759,0.11885514537382277,0.09792618933013678,0.11849590050563513,0.1413977717698807,0.040212191597417866,0.025450708597123076,0.03933794501304475,0.05802853884604785,0.03996792465601991,0.021696109465048456,0.03827878645797386,0.06455358868019662,0.22918048434610525,0.20551048207167608,0.2287048412061432,0.25428159521211047,0.30417028812821173,0.27574684733512267,0.3038736980899327,0.3337300584558059,0.41590951717676133,0.3581026704737277,0.4141910408575502,0.47932937246453955,21.311869862777804,19.167985205183683,21.29171820439283,23.556230342039324,13.834699074848977,11.888558362998786,13.749767040048852,16.019501141476397,12.32242605177645,10.15259560499126,12.285180980822227,14.659555386014151,4.169039176053895,2.638627664515332,4.078400787172428,6.016166793402856,4.14371455663752,2.2493658448983638,3.9685914648168983,6.692657860008064
19352,Sean Murphy,C,ATL,337.002,0.1881189450860561,0.17313246862835918,0.1878725710774745,0.20399249727197338,0.10115509888817986,0.0877812043660553,0.10084962994530723,0.11544414792328439,0.12362823363900191,0.10592127131584443,0.1231656831886003,0.1430686579938986,0.03969005917772873,0.027912294711098712,0.03901230844828485,0.05393325303327049,9.135463787079103e-4,2.8402486334593225e-4,7.720840712373568e-4,0.0020329251515001003,0.21093972883986445,0.19167279238913834,0.2105786509269923,0.23034266930756966,0.2993205579170349,0.2749158761017391,0.29901013425294976,0.3245516349521289,0.38413292604287913,0.3388711224467296,0.38278100798881803,0.43294384218725396,63.396460731891075,58.3459881926943,63.31343219825106,68.74587956564957,34.08947063551439,29.582441433769368,33.98652699082843,38.904908738442685,41.66296199281092,35.695680275982205,41.50708156592468,48.21442388125981,13.375629323012937,9.406499142229688,13.147225971688892,18.175614138718224,0.30786695671732317,0.09571694699730586,0.26019387617513173,0.6850998419058368
19354,Luke Raley,1B/OF,SEA,265.661,0.19530552278137714,0.17663938419545738,0.19514298750454645,0.2146004187270815,0.11320584909159209,0.09789294105711432,0.11284394874462628,0.13012595307553088,0.10832885991173895,0.09158733520306503,0.10781032827856063,0.1268733353155748,0.030145690992007486,0.020587839738190724,0.029473762568066574,0.04236743090420871,0.01388965569582787,0.00714170078476899,0.013010830633109028,0.023550292519136682,0.21662222171940174,0.19465636665451602,0.21627637002989034,0.23947680087848608,0.30167098887694743,0.2746090467956531,0.30145802636167746,0.32958925835004843,0.37021068479976943,0.32055440722654266,0.3688931673692108,0.42381657258816036,51.885060487623434,46.9261954447494,51.84188120344532,57.0109618394552,30.074379075521446,26.00633661417405,29.97823626744616,34.56939081999861,28.778753253012482,24.33118305738146,28.640999620810696,33.70529713327092,8.0085344146277,5.469386092687486,7.830029237595134,11.255374061442991,3.689939821809328,1.8972713721825147,3.4564702768223774,6.2563942609263705
19358,Weston Wilson,OF,BAL,30.0249,0.19247063896024455,0.16944144856279508,0.191923098083207,0.21724637098039024,0.11327468325005738,0.09568136870550098,0.11264748748537229,0.13290666708009985,0.11161523860917215,0.08886617995574735,0.11072953953988601,0.13715183336280928,0.03425634393089541,0.01992701400380288,0.03266694863702903,0.053568268625429086,0.013380564862848077,0.0037655821808477217,0.011502242604262403,0.029796491535491874,0.21063520909390626,0.18467868953161132,0.2100410642362065,0.2380416577235447,0.2868102872520261,0.25715158684205547,0.2864378287875905,0.3182199396294711,0.3721910428857786,0.3137473340834041,0.3707572176552033,0.43561469501764183,5.7789116877174465,5.087462548953066,5.762471827638482,6.522800564049119,3.4010610371146477,2.8728235272457963,3.3822295469995542,3.99050938841329,3.351236377716533,2.6681981665533185,3.3246433517311234,4.117970081535012,1.0285433008907416,0.5983066027627811,0.9808218661319328,1.6083819086516458,0.40175012195052723,0.11306122842173476,0.34535368396871824,0.89463667870399
19363,Austin Hays,OF,CHW,450.242,0.23708567721844936,0.21866779448779192,0.23682678983229105,0.2560040780251889,0.12369421482615092,0.10837320022983812,0.1232772915692139,0.139840663805636,0.12232107034503889,0.10568347672524847,0.12198957413232454,0.14023086919480943,0.03255149298849515,0.02303719871933617,0.03184302389138102,0.04394587831969601,0.010082135968282857,0.005033264793732965,0.009474270286461984,0.017148853155944218,0.26146988439213276,0.23997530496246894,0.2611375590213231,0.2834631417191871,0.32385761837838345,0.2996425581746859,0.32349711076442955,0.3493329042065264,0.43308926598706604,0.38440499426441194,0.4324863466953487,0.485158627303038,106.74592948218908,98.45342512577241,106.6293675076704,115.26378809821709,55.69233067175585,48.79416641788278,55.504614310706,62.96214015317717,55.074083354291005,47.58313992772933,54.92482983648607,63.13782700800939,14.656049306126032,10.372314425791355,14.337066762903175,19.786280146416573,4.539401062631611,2.2661872072599176,4.265714402317217,7.7211339426386365
19392,Zach McKinstry,3B/OF,DET,420.222,0.21632685485164452,0.19857843433414277,0.2160863924976313,0.23517849127539447,0.12018509917424607,0.10453680472863038,0.11965959186318204,0.1372184440885453,0.09229558104901016,0.07865948226299539,0.0918183681675776,0.10742194122437339,0.020616446809361644,0.014085505264095792,0.020196175657920364,0.028535987517576376,0.0385906529023329,0.02346377469195841,0.037286120722298186,0.058027129434396287,0.23957388787885525,0.21832946375419018,0.23914188819243606,0.2618947872527597,0.3114167985971147,0.28594503571579344,0.3110274386192041,0.3380060057826219,0.3636640694977782,0.3191447031152602,0.3623813748942904,0.4113832913265037,90.90530359946776,83.44702683276213,90.80425602813962,98.82717596072881,50.504422745200024,43.92866515667451,50.28359301193008,57.66220901177668,38.784633659577146,33.054444955520445,38.58409830811579,45.14106298518863,8.663484511123569,5.919039193088862,8.486877327322611,11.991449746610979,16.216641343924135,9.859994328604147,15.668448222165587,24.384276385180875
19452,Jake Rogers,C,DET,190.537,0.19246530784628513,0.17550292936271675,0.19219377905440171,0.21005707778710875,0.11130384217033308,0.09656759423715487,0.11100024555267227,0.12724370157523393,0.1281624713236736,0.10956285819088582,0.12770016147843744,0.14863806662360696,0.04554233507739729,0.031377947623274664,0.04472803555331406,0.06257773611936017,0.003229751126415854,0.0010842303315297588,0.002851649124629845,0.006687764718903935,0.21572650680752192,0.19552335012888541,0.21540300181112096,0.23657818632517574,0.2968752871506449,0.27216382602509803,0.2965781093352723,0.3221207715278642,0.4052919018618475,0.3577939418704145,0.4041748516563191,0.45647357046178916,36.67176236110763,33.43980165198396,36.62002607968854,40.02364543032234,21.207500175608754,18.399699703164778,21.149653786869518,24.244633167040348,24.419692798598795,20.87577831111681,24.331605667617033,28.321051300262198,8.677499898642049,5.978660006295885,8.522345710221801,11.92337410697453,0.6153870903738976,0.20658599467868566,0.5433446692595968,1.2742666262457991
19455,Andruw Monasterio,2B/3B,MIL,176.454,0.22883297104302922,0.20689013030308157,0.228566775253652,0.25212052896258585,0.1181478781651048,0.10122341748242202,0.11775751860610453,0.13642761167522416,0.09928840900694975,0.08194119313023351,0.09867987708454438,0.1182215839914916,0.021837002555816554,0.013946347248781991,0.021183641265215193,0.031833891648019454,0.019939874332301898,0.009506031945979493,0.01854871655560951,0.034719150625042335,0.25320734287699975,0.22886015493994416,0.25283895095859926,0.2786709567707424,0.322509425906388,0.294587038496939,0.3220358542068177,0.3518653125831337,0.38217013256315535,0.32887291153746023,0.3804609718272311,0.44129586762241674,40.37849307242668,36.50659105249996,40.33152176060791,44.487675817564124,20.847665693745405,17.861276908443294,20.77878518812157,24.073197790540004,17.51983692291231,14.458851292602224,17.412459031076196,20.86067138163466,3.853226448984054,2.4608887574365776,3.737938235812282,5.617217516859625,3.518470585431999,1.6773773609958655,3.2729952311035206,6.1263330043912205
19458,Cooper Hummel,DH/OF,NA,NA,0.16906963404146297,0.15014461372720175,0.16873042776532793,0.189327213862658,0.09469982353366074,0.07971883564171266,0.09397302168635023,0.11157554192564137,0.08043027314532734,0.06371184436472946,0.07969955453223049,0.09964637764366097,0.01843924915346453,0.010670200955748064,0.017557323511870785,0.029105426178113087,0.008898726654260957,0.0026875476611429826,0.0075797512637566,0.019656585178618634,0.18366143732147952,0.16143124657155933,0.18323829878582373,0.20743355143469042,0.2696866657028164,0.24196544252603136,0.26954607664571584,0.29825982730123707,0.288467416708681,0.24505680562350574,0.28636737467062934,0.33763350413441423,NA,NA,NA,NA,NA,NA,NA,NA,NA,NA,NA,NA,NA,NA,NA,NA,NA,NA,NA,NA
19470,Tommy Edman,2B,LAD,471.49,0.21288776581336916,0.1961515459787817,0.21260162489991494,0.23042208267286546,0.11883706638769374,0.10431858957964366,0.11854977027775887,0.13473253754646874,0.10428334494563897,0.0897857465919722,0.10411630633561282,0.12005831747710821,0.027316723520792785,0.01914670159007224,0.026765674993808084,0.03716100955299687,0.020232047388354272,0.012558114441858897,0.01964111104592094,0.02990676133347464,0.22992493228633953,0.21047857990391752,0.2296584640298534,0.24990307682845414,0.2936301341957199,0.26955332721663866,0.2934210407114752,0.31746132683570866,0.3745263658252208,0.33159596460235,0.37335663239944705,0.4216927567945126,100.37445270334543,92.48349241353579,100.2395401240609,108.64170775942934,56.030488431133726,49.18517180090619,55.89503118826053,63.52504412778455,49.16855430841932,42.33308166064897,49.08979727417809,56.60629610728175,12.87956197281859,9.02747833270316,12.619748102830574,17.521044394142496,9.539208023135156,5.921025378192051,9.260587447041264,14.100738901119959
19522,TJ Friedl,OF,CIN,582.551,0.21582242149598352,0.1982828563880328,0.21533283894083421,0.2342571581614109,0.11842663423337747,0.10368589319687538,0.11812266187214207,0.1344765076943633,0.10200511922843242,0.08800501117024251,0.10162187748874182,0.11708303285567859,0.024540595878624193,0.01738979948845238,0.024167996338558588,0.03300770131068254,0.017796709116001626,0.010655172970593608,0.017173045291911222,0.0266807219300714,0.24072216450951003,0.21990253772883153,0.24039137838706168,0.2628045680676337,0.31754226243321576,0.2917140944009698,0.3173730475460721,0.343650849231891,0.38110121351855386,0.33606455999959506,0.3801544752059224,0.42905921828582305,125.7275674649067,115.50987627170491,125.44236065782192,136.4667417440881,68.98955419928829,60.40232076773295,68.81247479627824,78.33942403385905,59.423184211642536,51.26740726223595,59.19992635294404,68.20683787310843,14.296148669688403,10.130445081797424,14.079090435023645,19.228669406239426,10.367490692235863,6.207181669192278,10.004174707848176,15.542881241085025
19556,Yordan Alvarez,DH/OF,HOU,550.49,0.2425659992177624,0.22500481372985617,0.24220291777403835,0.2611081994060547,0.1319995079171323,0.1164918476062822,0.13169872687752482,0.1487019694659694,0.14432205097985612,0.12597176034987034,0.14401173037632564,0.16343481047343072,0.044557561443602095,0.03272827399639044,0.04389593505415965,0.05856351647387653,0.004260377376247782,0.0019266040423355022,0.003918689679799992,0.0076648189439990164,0.2780490538193358,0.25745734710210577,0.27763499275226167,0.2998684164872777,0.3641936539289722,0.33906391765144345,0.36390786158795835,0.3902517581035119,0.4943974101353011,0.441832187562561,0.49320809627641965,0.5503406009643718,133.53015690938602,123.86289991014853,133.3302842054304,143.73745269103904,72.66440911330216,64.12759718878229,72.49883215880864,81.85894717132149,79.44784584390099,69.34619435500012,79.2770174548635,89.96922881751888,24.52849199908852,18.016587552272973,24.16427328796435,32.238630183704295,2.3452951418506416,1.0605762592652705,2.1571994818330977,4.219406180482019
19566,Nathaniel Lowe,1B,NA,339.54,0.2217944309485473,0.2056567214349125,0.2216868944598377,0.23794441027898564,0.10895408655864006,0.09590985028566187,0.10862328945433908,0.12306216383894918,0.11902492722033588,0.10406835559182923,0.11878215517146073,0.13498848367039748,0.02955291641607711,0.021554002109285375,0.029135090707224184,0.039125638893315884,0.002358086963358265,0.0010514306504251518,0.002179048125536735,0.004272785089323514,0.24739127805710479,0.22838814624361153,0.2471391085026582,0.2673288819000556,0.3232680880635095,0.29905581700135875,0.32294742914866814,0.3480738695362686,0.4004834340826328,0.35848951768028064,0.3992394577788398,0.4460938858106941,75.30808108426976,69.8286831960102,75.2715681448933,80.79164506612679,36.994270550120646,32.56523056599364,36.881951701326294,41.784527109876805,40.41372378839284,35.3353694576497,40.33129296691778,45.833989745446765,10.034397239914822,7.318445876186757,9.8925286987309,13.284719429836477,0.8006648475386653,0.35700276304535605,0.7398740005447431,1.4507814492289062
19599,Chas McCormick,OF,CHC,112.921,0.1924868859734925,0.1753827756577611,0.19214521414504404,0.21080586810097035,0.10352574013736783,0.08993557995560121,0.10293636223930627,0.11862317613689588,0.09076525215300522,0.07557141503715523,0.09042478824407954,0.10727427866941922,0.01981088424002929,0.013056084351108594,0.0193191691828922,0.028350309168309534,0.021777920427871113,0.011110334197545159,0.020395934773789863,0.03681123040769806,0.20725930444448912,0.1865528521929438,0.20690337639007256,0.2287149760028023,0.27748386502170713,0.2529471107679526,0.2772898117074276,0.3028016476225997,0.32072318488329093,0.2780274209938818,0.31936410071079474,0.3678645200716934,21.73581165101275,19.80439841005004,21.697229726472518,23.804409431829676,11.690230102051714,10.155615624166446,11.623676960424705,13.395047672554421,10.249303038369504,8.533599757410606,10.210857513309707,12.113518821629487,2.2370648592683473,1.4743061010115337,2.18153990330137,3.201345261594681,2.459184552635634,1.2545900479209968,2.3031293505911252,4.1567609488676736
19600,Bryan De La Cruz,OF,NA,NA,0.22296126574861422,0.2059409292633481,0.22281058595630115,0.2411667083878526,0.10671177526132157,0.09355000570476492,0.10642268317709679,0.12096636370459303,0.11424933597029932,0.09925000237890391,0.11398519501666932,0.13037421264250584,0.028678728966683102,0.020711426285103744,0.028215416760271957,0.03823955685025636,0.006664005579910495,0.0034725719314207975,0.006328016276904987,0.011040429843803799,0.24018498685368866,0.22064381557685533,0.23985622878456148,0.2610200520214629,0.29475090148623717,0.27059000670714367,0.2946187214587366,0.3192880169506419,0.39002602695472927,0.34682578835486966,0.3891307640750221,0.4361566243714169,NA,NA,NA,NA,NA,NA,NA,NA,NA,NA,NA,NA,NA,NA,NA,NA,NA,NA,NA,NA
19608,Otto Lopez,2B/SS,MIA,558.248,0.23588005728966274,0.21577354073749785,0.2357466038097784,0.25701951395918204,0.1210491894131618,0.10560809102943261,0.1207246760655624,0.13750627573365462,0.10797702578281582,0.09286251002602249,0.10755691711039164,0.1244894000917052,0.02462324416004096,0.01738609983691922,0.024131382761325766,0.03349654306729832,0.02664900552631687,0.0165921421736266,0.02569978420536835,0.039838115291570886,0.25671831289128794,0.23474490613112897,0.2563322701313002,0.2795313650261118,0.31495646095056834,0.28984453152246464,0.31491444103679817,0.34084060452788506,0.40150565211227524,0.3549099182081338,0.40047428866660306,0.45087813774708174,131.67957022183967,120.45514756962672,131.6050700836012,143.48062962868548,67.57546789151876,58.9555056009987,67.39430896424808,76.76260341576123,60.27795868920537,51.840310497007,60.04343386304192,69.49595862239426,13.745876805854547,9.705755461760482,13.471296163744588,18.699378174233157,14.87675403705534,9.262530184142703,14.346853133078472,22.239548185288864
19610,Keibert Ruiz,C,WSN,331.294,0.22211581206867032,0.20424479460412434,0.2219261570818716,0.24126794560249012,0.09658620785424449,0.08443764365527337,0.09623330371136413,0.1099097427505286,0.10639069537367965,0.09103664517155606,0.10593030009140372,0.12298728155357881,0.022107271519004018,0.015560997394431553,0.021716054990759313,0.02983051280025194,0.004034094113562619,0.0019046823173497131,0.003749962014182119,0.007216478451868639,0.23857570853414028,0.21811094536596207,0.23845476214328445,0.2594570530646666,0.2903865797094106,0.2667447901596442,0.2900923341650731,0.31517530949217754,0.359334035534885,0.3170812055886402,0.3581603001654079,0.40475587430736953,73.58563584347806,67.66507498357876,73.52280428428156,79.93062277043136,31.99843114486407,27.973684717130133,31.881516119752664,36.41243831479362,35.24659903312782,30.15989432546549,35.0940728384815,40.74494845501134,7.324006410616917,5.155265070790807,7.194398722108615,9.882669907646665,1.336471175258614,0.6310098236440558,1.242339915526451,2.3907760122333688
19611,Vladimir Guerrero Jr.,1B,TOR,668.178,0.2579281529891502,0.24107506624593733,0.2576530329653332,0.2758283801765108,0.1372698091930868,0.12228721490546755,0.13694032000545397,0.15373506587752087,0.1425081778921837,0.12639543459190755,0.14217306016478987,0.15930660683786113,0.04086462711352831,0.03099448782668007,0.04037874444522948,0.05284421131239324,0.006963838877438872,0.00388775515858756,0.006615063446087989,0.011058234111342748,0.292497786236034,0.27255967196461495,0.2923916704854854,0.31255202340249605,0.3665491144068535,0.3427836321380368,0.36614797361195617,0.3909024549121319,0.5017910082274296,0.45121250232309984,0.5008113580016215,0.5546061646232594,172.3419174079844,161.0810556140779,172.1580882607104,184.30245540958063,91.72066656701834,81.7096266811055,91.50050914060422,102.72238884791014,95.22082928764353,84.4546486947516,94.99691099478896,106.44516994370838,27.30484481546312,20.709834887055436,26.980188705924544,35.30933942629229,4.653083933449351,2.5977124663547184,4.42003986328018,7.388868752048775
19612,Bo Bichette,SS,NYM,617.246,0.24885832431101412,0.2318781978949242,0.24845910481175404,0.2670418310468754,0.11396175246046905,0.10068379464281017,0.11355349323035914,0.12810645807003174,0.11688680247213315,0.10245675445618044,0.11657579410436707,0.13236043270040515,0.02667679910971266,0.019465870407773138,0.026310054374700853,0.035038161785615043,0.007730260822567829,0.004439739143831692,0.007447914065121483,0.012069000688609914,0.26755457618432954,0.24828255350357023,0.2674580807788428,0.2875015673927884,0.314776344887099,0.2923705425675768,0.314562382843398,0.33832574697889933,0.4159892630516677,0.37292689740205287,0.4152256559532948,0.46086391086362544,153.60680524767622,143.12589013785038,153.36038860863593,164.83050204635964,70.34243585921467,62.146669508096004,70.09043948246625,79.0731988178948,72.14791127871429,63.24102186105955,71.95594260774415,81.69894764259428,16.4661475432737,12.015230645716338,16.239775822566603,21.627165209523742,4.771472571686702,2.7404112275735364,4.597195165039975,7.4495423990417144
19627,Brent Rooker,DH/OF,ATH,642.941,0.24566869066101082,0.22688274922502868,0.24512742312323935,0.2661366549857555,0.14318584409896978,0.1256251892514503,0.14280358855192626,0.16211387590580228,0.16050424943150157,0.14082734124929427,0.1599325574645579,0.18225534247966632,0.05930261662864056,0.04361997813976611,0.05843085866185922,0.07812973979839564,0.009548323177851642,0.004996966172418729,0.009069944292200847,0.01571975525029172,0.28102897920697884,0.2586647423387265,0.2804970547308324,0.30517880437535383,0.358452032925659,0.33108245600502834,0.3580864767569115,0.3869612206911367,0.5371396801412535,0.47760650272543426,0.5360119273098285,0.6024964365135398,157.95047364228097,145.87222166948916,157.60247055027864,171.11016709319665,92.06004979083573,80.76958480251672,91.81428202716403,104.22965748875244,103.19476263373906,90.54367161016252,102.82719842882032,117.17943214921915,38.12808363783479,28.045072365159367,37.567594698914434,50.2328130357203,6.1390084522911135,3.21275442786107,5.831439053171905,10.10687516037781
19698,Edward Olivares,OF,NA,NA,0.22628461679311684,0.2067486418069198,0.22600392678054482,0.2473570288287186,0.11803529123870388,0.10251175383813432,0.11769889031425262,0.13482847847755797,0.10807962267186456,0.09168068814235246,0.10759261376889379,0.12672862921005412,0.026608491587214275,0.018197390732866508,0.025950393642623436,0.03709180091231508,0.016083328140522227,0.008316186051419582,0.015249188392658423,0.026891577845789372,0.24759295314137728,0.22476251541445413,0.2469772159511901,0.27113763398031576,0.3094683796613722,0.28397776115074397,0.3088701086787668,0.33629957172172503,0.3945531518090653,0.34538700481275336,0.39344350299117725,0.4484572614857989,NA,NA,NA,NA,NA,NA,NA,NA,NA,NA,NA,NA,NA,NA,NA,NA,NA,NA,NA,NA
19709,Fernando Tatis Jr.,SS/OF,SDP,648.619,0.2255703691112172,0.21016744890537334,0.2252488227423483,0.24240349599095648,0.1357757114766413,0.12047131638873271,0.13531490551694514,0.15261825997712689,0.11511202986405754,0.10149791936462492,0.1148455064227687,0.12950862756167797,0.03384340164445598,0.025144041069036435,0.033446938825430025,0.04386199795799402,0.030147202544786412,0.020550179246764173,0.029485469150171972,0.04195713391239161,0.2539117672838031,0.2355700311678701,0.25383343216338794,0.27348726254525935,0.3336670044905722,0.31083079361031735,0.3336151386085886,0.3572016702427747,0.4337332752594843,0.3900474493526374,0.43273874808923685,0.4803783551934871,146.3092272425486,136.31860054155436,146.10066615831923,157.22751316615822,88.06670620226761,78.13998476474342,87.76781870149544,98.99110316810406,74.66384969839514,65.83347896036365,74.49097753042982,84.001756500428,21.951473331225394,16.308902774157346,21.6943200140116,28.449725253516124,19.554048367396817,13.329236712856932,19.124835514715397,27.214194241121533
19722,Carlos Narváez,C,BOS,415.23,0.22012033165017197,0.19870579288511753,0.2196830268396519,0.2433478974987271,0.11169340683632183,0.09670471908851581,0.1115332688096208,0.12781930754684695,0.12272937487833072,0.10408484276126785,0.12219829793484777,0.143103752720195,0.033295469544718084,0.022596672236055947,0.032689693942436135,0.04625593720304891,0.003603059234421525,0.0012270068175782806,0.0031698275215620918,0.00749855084175838,0.24495413712496014,0.2215388091047706,0.24469328583414512,0.2695024404005793,0.31696335463529723,0.28948008349676063,0.3164418271611906,0.3462024589698348,0.4112333867029396,0.36311591410133953,0.40967761435315897,0.46416445387421046,91.40056531110092,82.50860637968735,91.21898323462867,101.04534747839645,46.37845332064592,40.154700507124424,46.31195920781885,53.074411072677265,50.960918330729264,43.21914925976125,50.74039925148684,59.420971242006566,13.82527781905329,9.382816212577511,13.573741615717758,19.206852804822,1.49609828590885,0.5094900408630295,1.3162074817782274,3.1136232660233323
19734,Josh Rojas,2B/3B,KCR,77.1998,0.19508500031828716,0.17878915162099485,0.19480100810121956,0.21195695458902333,0.09698504699768268,0.08443768884300645,0.09665802694326178,0.11090713213591914,0.07506467436304994,0.06333906162240273,0.07473764268818996,0.08822592304971646,0.012805048868291216,0.00856152262837386,0.012497888479923194,0.01820893627740569,0.018994228565280002,0.01085832062807146,0.0181094869530176,0.030011548777122567,0.21051219759742712,0.19146938899702265,0.21025515578171544,0.23037391459443737,0.28159948350625563,0.258109724866636,0.28134856132407376,0.30626100964931774,0.2899410931899105,0.25519654259276026,0.2891822641226162,0.32822907132363205,15.060523007571703,13.802486747310477,15.03859886521253,16.363034502881682,7.487226231211703,6.518572691142329,7.4619803484144205,8.56200841946653,5.794977847892582,4.889762889437166,5.769731067999727,6.811023614253501,0.9885472116223082,0.6609478346059363,0.9648344910723745,1.4057262388284637,1.4663506463939031,0.8382601808229911,1.398048770875568,2.3168855632841066
19755,Shohei Ohtani,DH,LAD,658.279,0.25654797279725994,0.23925527706725347,0.2562046125771505,0.27525329384415137,0.17806197946461114,0.15848884276389918,0.17757078409703725,0.19968470592509346,0.17189754873210522,0.15256466773596872,0.17165840897290777,0.192353694318391,0.07632740312515648,0.05839479306804482,0.07542345403698072,0.09754330265684297,0.03842827020369796,0.025956884771074946,0.03753059839790005,0.05372162199399069,0.2996460790020047,0.27890572179536455,0.2994603901678601,0.3209070530904761,0.38965135566637077,0.3638916386798495,0.38946310995675526,0.4159578251739158,0.6121454122445025,0.5506105616325173,0.6111718498399272,0.6762826495919323,168.88014298500747,157.49672453255454,168.65411616267406,181.19346301843413,117.21446177998476,104.32987692577679,116.89111818461359,131.4482485316646,113.1565464818215,100.43011691256575,112.99912580027676,126.6223975422161,50.24472660182489,38.44006598603948,49.64967590000963,64.21070772964393,25.29652328142009,17.086872150218444,24.705604782771246,35.3638156045822
19779,Dairon Blanco,OF,KCR,52.7076,0.23052966897265825,0.2065526492311892,0.23017854600267879,0.2559318791978823,0.1509215705486905,0.12874913106610184,0.15003250034280818,0.17570372885814575,0.11226122448730078,0.09219942179007395,0.11147021437626987,0.13496096703060909,0.03056723457367188,0.018726744525832464,0.02952918177862497,0.04604687213836258,0.19697901396475775,0.1259399116351722,0.19105381696511164,0.288084008034039,0.25947852923464054,0.2328481522534353,0.25921284123810007,0.2869922687372356,0.3332177614190424,0.3029195917388152,0.33299467663777715,0.36468628866974423,0.43087484538856535,0.3685575381152905,0.4290062984319164,0.5002740166201596,12.150665580343283,10.886894414617828,12.132158731290792,13.489555116010301,7.954713771852159,6.786057700579669,7.907853015068596,9.260921859163602,5.9170197157868545,4.859610243942502,5.875327471258682,7.1134686658625315,1.611125573015268,0.9870417597697672,1.5564123015150535,2.4270201179199598,10.382291076448865,6.6379904865020025,10.069988163070319,15.184216661854913
19818,Joshua Palacios,OF,NA,NA,0.1926394952697562,0.17266003087856427,0.1923216530023062,0.2142008985373503,0.09883996830360353,0.08396572962860287,0.09841394656902272,0.1147583606578262,0.09593995333752738,0.07883056196232135,0.09530815238591367,0.11521847363910527,0.02303786613214306,0.014288717732651226,0.022373192358721213,0.03390362959791423,0.00828280989450977,0.0031532397617180107,0.007363896790335077,0.01659610688415479,0.2063701542505873,0.1831637510713375,0.2061257461684392,0.2305171314258505,0.2729763756895858,0.24615728808589604,0.2725607279906972,0.30037422547572756,0.3298050089568782,0.28310529845543075,0.32841628603775774,0.38078067589257253,NA,NA,NA,NA,NA,NA,NA,NA,NA,NA,NA,NA,NA,NA,NA,NA,NA,NA,NA,NA
19844,Abraham Toro,2B/3B,KCR,41.3997,0.208312330769084,0.19074197035010215,0.20795601657016355,0.2268763056310571,0.10475511268070374,0.09093149070696485,0.1043643517399046,0.11961868071765291,0.09706017762070444,0.0819138026681826,0.09664326674053816,0.11365128699984835,0.02248389494476613,0.015419000335754548,0.0220054560690244,0.03129741483848072,0.008470038663583363,0.00394932508779465,0.007906255922955952,0.014880016855012985,0.22652690998325992,0.20534534211367228,0.22648120154664406,0.24812986945925994,0.29392782226352604,0.2691926880873221,0.29351622115400944,0.3198020230273136,0.35220893989335406,0.30857432566468634,0.3509087588823334,0.39921783441538194,8.624068000140849,7.896660349903125,8.6093166991998,9.392610990234076,4.336830238447331,3.764536435821133,4.320652852726529,4.952177496106616,4.018262235443878,3.3912068563219595,4.001002250078258,4.705129186407622,0.9308265055448345,0.6383419882001375,0.9110192796207895,1.2957035850886502,0.35065705966075217,0.16350087383717218,0.32731662333359957,0.6160282337924812
19858,Luis Rengifo,2B/3B,NA,390.028,0.2406363814272687,0.22260998503759466,0.24023345492525683,0.259981760762206,0.12562547998888648,0.11088317751914148,0.1251916640632365,0.14194079430668455,0.10769553508674959,0.09330012201325438,0.10742983606123385,0.12291487514231654,0.024926936522673214,0.017695024695284348,0.02449965911222691,0.033590246073002684,0.030626881048321827,0.018804462019973423,0.029736319270038593,0.04544521347471982,0.26608624118788277,0.2457421312716692,0.2658020321440475,0.2874907744606277,0.33013692967747793,0.30625913394670096,0.3299612300028614,0.3552927535049738,0.4117558186172334,0.366702635514717,0.41099351679180285,0.46024129270066144,93.85492657531476,86.82412724424297,93.69777395758807,101.40016618656169,48.99745470910542,43.24754396143572,48.828254351256014,55.36088412184756,42.00427415881477,36.389659988585585,41.90064409929092,47.940242922007435,9.72220319806519,6.901555091852364,9.555553044223638,13.101136495361091,11.945341161514866,7.334266712726195,11.597997132254612,17.72490572111802
19864,Riley Adams,C,WSN,102.871,0.18859360480783052,0.171839331609097,0.188411109024062,0.2065051683953104,0.09223955893341527,0.0794374989959988,0.09178553497525371,0.10602844881175916,0.09485598301218123,0.07971981889836967,0.0944728752665254,0.11175292935406313,0.021567183319927716,0.0143222329258264,0.0210249040214684,0.030753858125679285,0.0025629816882807056,8.086752188791876e-4,0.002188466151512071,0.005590560444704896,0.2058986693648957,0.18583789486962593,0.20556183162862807,0.2268805450873346,0.28077604812767815,0.2559257737312606,0.28072581576202243,0.3064146490761797,0.32224856597638224,0.2806276744110518,0.3211110889281288,0.36829652123375295,19.400812720186334,17.67728388195942,19.38203919641428,21.243393177993976,9.488775667039363,8.171814959217393,9.442069768439325,10.907252557714475,9.757929828446095,8.200857489894187,9.718519151542734,11.496135595581828,2.218637715304284,1.4733424233126875,2.162852901592476,3.1636801392467535,0.26365648925512447,0.0831892284413209,0.22512970147219827,0.5751065435072373
19890,Emmanuel Rivera,3B,NA,NA,0.2094708204304334,0.18995391455827146,0.2091908580096094,0.22991419848938222,0.09375744336280173,0.08083248766115057,0.09336393884481345,0.10771144761008478,0.0866949802585452,0.07211314806376538,0.0864248082391097,0.10283952708131765,0.015432828896886202,0.010021310878593093,0.015034585209417785,0.02215627847128055,0.004863856056085175,0.0018727235907563856,0.004352712944281339,0.009440987374145724,0.22608473624733977,0.20351927060201142,0.2259087615564638,0.24937940010505052,0.28988898816545083,0.26462905683978655,0.28953838655897424,0.31596823962953036,0.317468329576564,0.273715926616714,0.31659576422167324,0.3655344971992466,NA,NA,NA,NA,NA,NA,NA,NA,NA,NA,NA,NA,NA,NA,NA,NA,NA,NA,NA,NA
19892,Pavin Smith,1B/OF,ARI,394.373,0.2280156652417329,0.20832749701394368,0.22783651619209094,0.24905107554522674,0.12561260187623488,0.10955008180527305,0.12513918467782317,0.14377326617676328,0.13435269730315322,0.11423081523467007,0.13384414511018772,0.15648120033825122,0.04158974925759119,0.028445813725912678,0.040546667995939006,0.05806995345575715,0.005665347361707365,0.002212480037277938,0.005126191571418579,0.011016904911912985,0.25945055424426017,0.2360900188847238,0.25917380995466194,0.28304748461896284,0.3426060034534791,0.31551823351106223,0.3424804722231193,0.37005723534123847,0.45904704174899624,0.40257986370708393,0.4572888148711818,0.5193944611665053,89.92322194837793,82.15873997988001,89.85257040022348,98.2190198159977,49.53821863973638,43.203594411790945,49.35151567894716,56.700294301928665,52.985076293536444,45.04954929654254,52.78451703954006,61.711960420997144,16.401874183964008,11.21826089652936,15.990511097562454,22.901221754207313,2.2342600350786186,0.8725423897414122,2.021631548595059,4.34476984082586
19896,Connor Wong,C,BOS,224.324,0.20060959070992454,0.1827967809685399,0.2002511112402023,0.22003848965277262,0.09567010771017646,0.08223134247888399,0.09541715081801092,0.10987152745384496,0.08252682728340402,0.06907298787675295,0.08206413914418062,0.09739001230868069,0.014756603893511726,0.009754692758415803,0.014321140700616547,0.02127959826014046,0.009998703845446846,0.004978399444641702,0.009372755840447066,0.01715847407563437,0.2165140537215215,0.1948355495663699,0.21621646964649316,0.23889478717630624,0.2824259979102628,0.2559193496135262,0.28211669107145176,0.3092316734345612,0.3041317334149104,0.2625497504449029,0.30338917863529824,0.35005506686036314,45.001545826413114,41.00570509398675,44.92113027784715,49.35991415286857,21.461101241977627,18.44646367023317,21.404356940099483,24.64682052455632,18.512748003522326,15.49472893246473,18.408955949379173,21.84691712113249,3.310260411808125,2.1882116983388666,3.2125755665251066,4.773524600107749,2.242949241426018,1.1167744770198051,2.1025340811524478,3.8490575385426045
19901,Gavin Sheets,DH/OF,SDP,490.847,0.20948667215278632,0.19306435961757581,0.2092353384148673,0.22702731409193513,0.0951730313054015,0.08298926973361667,0.09479281878760788,0.10854241581809186,0.1110798845957372,0.09560980273026495,0.11070751490059721,0.1279165092533218,0.026227383833662864,0.01851287789512279,0.025808565889806533,0.035504449224035575,0.002323552845960349,8.94138222929657e-4,0.0020866173422342304,0.004574565663789458,0.22715002917977,0.20758626042825618,0.22664638025814882,0.24845885945740856,0.2919236995328293,0.26737871603210844,0.29173294742073863,0.3168515653960612,0.3633327238633961,0.32008740686889037,0.36236304437226236,0.4088538638993302,102.8259045661787,94.76506172520823,102.70253815492237,111.43567604008408,46.71539689716241,40.73503408093654,46.528770723440964,53.277719177062934,54.523228114163814,46.92978484074236,54.34045156641344,62.78743481746524,12.873632672601916,9.086990576187334,12.668057141313867,17.42725238827019,1.1405089437810993,0.43888506431035335,1.0242098625836453,2.245411832374064
19913,Jesús Sánchez,OF,HOU,439.764,0.21999809221612268,0.20319116832984824,0.21965876872859458,0.23762149102083754,0.12136627901915913,0.1069630818425521,0.12100726759923808,0.13737127418538406,0.10971143367985679,0.09502828732650856,0.10932634540452865,0.12549304610783418,0.028709888222935232,0.02051947554448495,0.028251999662138157,0.03863920275610944,0.02456456159325692,0.014324777565234016,0.023564231031394458,0.03816786605043039,0.24264460106198563,0.22289662239464644,0.24222801337420274,0.26322783213417894,0.31069132907334485,0.28662745505244835,0.3105983512356559,0.33551522929702776,0.39892849396972513,0.3547077262099901,0.39762226993306093,0.44795022810943474,96.74724102533098,89.35616094940738,96.59801877116166,104.4973773772876,53.372520326581494,47.03851272340808,53.21464002851133,60.41094102086124,48.247138920788544,41.790019747854714,48.07779096047714,55.18732392856559,12.625575284470889,9.02372664334488,12.424212379420524,16.992130360837713,10.802609864497038,6.299521481197572,10.362700495290152,16.78485344580147
19918,Daulton Varsho,OF,TOR,551.626,0.2120890660993045,0.1957893741858018,0.21191097371016726,0.22917985352859233,0.13447047625655106,0.1185446801962398,0.1340238343514737,0.1516545200170308,0.14298557752236857,0.12393438023401171,0.1424529195560951,0.1631732877506572,0.05678819205515602,0.04116584255694302,0.05580560137626398,0.07592584427935826,0.014100913947033293,0.008082315222769818,0.013442634195277178,0.0221938650334855,0.2368377577233247,0.21777382191635974,0.23665763676169654,0.25707270839100727,0.31334149212827833,0.2899978167231109,0.3131036492696486,0.3370527436133253,0.4665234804184241,0.4140253599422383,0.46512892624111646,0.5234003530912702,116.99384317609494,108.00250932461711,116.89560278384472,126.42156588256327,74.17741093549624,65.39232775793097,73.93103164796602,83.65657625891463,78.87456218635408,68.36542643096693,78.58073420305051,90.01062802874402,31.325843230617494,22.70814906631625,30.783820664782994,41.88266977644528,7.778430756946187,4.458415217075624,7.415306530603968,12.242712992961472
19921,Blake Perkins,OF,MIL,220.466,0.20926585397188627,0.19020979771999832,0.20890693535417398,0.22891974648599706,0.12279571256129954,0.10663306370597399,0.12213989207273943,0.14102352558797132,0.09509698394027175,0.07962610761615599,0.09460297319954124,0.11221195787108884,0.02288330757121204,0.015274421452154754,0.022291820322236186,0.03288662192634427,0.038202119044516036,0.021863704327094186,0.036301918949470796,0.060060182764754916,0.2331539642627435,0.21160848566901957,0.23255248704082293,0.2569268560546119,0.3116927555769325,0.285936739409224,0.31139327659434,0.33920040719884675,0.36704226275270724,0.3182424833367876,0.365554781368291,0.41965967242786134,46.13600576176588,41.934793264137156,46.056876409793325,50.46902082878183,27.072279565539464,23.508965023001263,26.92769344570857,31.090892592277687,20.96565166137595,17.554849441703446,20.85673908941006,24.73892150400747,5.044991286994835,3.36749059987075,4.914588459162124,7.250381989613416,8.422268377268272,4.820203438177147,8.00333886311403,13.241228253414457
19948,Cristian Pache,OF,NA,NA,0.19231549569078557,0.17375194683538525,0.1919099755646152,0.21259661489239018,0.096986739125604,0.08415656580975384,0.09666396785257136,0.11100040607352206,0.08390828925790693,0.06945832923411056,0.08337487391711218,0.09985402668391691,0.017787755663168855,0.011463458441383955,0.01730652540677547,0.02588739292502965,0.01096587705380857,0.00453486187201505,0.010078160819457279,0.02046350101525473,0.20555920924563367,0.1855593032075529,0.20524022033624362,0.22704946085522373,0.271544457115442,0.247802917375893,0.2714064484063168,0.2955316557711516,0.3102502452702368,0.27030614811055154,0.3090024365638462,0.35416155657805065,NA,NA,NA,NA,NA,NA,NA,NA,NA,NA,NA,NA,NA,NA,NA,NA,NA,NA,NA,NA
19950,Andrés Giménez,2B,TOR,557.735,0.21461509919399066,0.19881688594947142,0.21442728936098068,0.23078313133313386,0.1108777740772351,0.09736805630794476,0.11055170511395004,0.1252044031760556,0.09250148323468635,0.07988669900663005,0.09210497685547911,0.10609548991190183,0.019916227480321323,0.014075610972507833,0.019548459613788503,0.026957995356698027,0.02601914106004566,0.016993041887429748,0.025442925146701892,0.03751566899610471,0.23231192521442856,0.21419032303310065,0.23203573379079973,0.2513951170878551,0.2946942823582919,0.2729297612664138,0.29444128788473317,0.3173707833210346,0.3491095963855236,0.30999144103821274,0.3483453497168935,0.3911633386364478,119.69835234896038,110.88713588502844,119.59360423174657,128.7158297540854,61.84041532496672,54.30557288491157,61.65855525172893,69.83087780539738,51.59131475189779,44.55560807046281,51.37016926649064,59.17316806601457,11.107977133737013,7.850460885751657,10.902860122696332,15.035417540267975,14.511785639124566,9.47761421708563,14.19040985669578,20.923801647542458
19953,Josh Lowe,OF,LAA,475.458,0.2194171659051853,0.20174662123549572,0.21913527451491716,0.2380984283041112,0.12207021092537766,0.10728704042660749,0.12188925058919856,0.1380010133650309,0.10538588917207166,0.09055132529082172,0.10504752144268328,0.12201292936633917,0.026546242729940408,0.018797222558973443,0.026084280549856842,0.03586655826165016,0.04195178185100556,0.026785405911776434,0.04073197397986272,0.061364157826568115,0.2394704387176196,0.2187495545379961,0.23896518257573499,0.26059508934376724,0.3026296038308852,0.27900523722081794,0.30217795754959953,0.3275536981644712,0.38707474397264535,0.34122007929812304,0.385901502588608,0.43615889122232504,104.3236468669476,95.92204503938633,104.18961935031349,113.20580252461612,58.03925834615821,51.01048166715395,57.95321930663917,65.61368581251087,50.106564093974846,43.05335202012351,49.945684450095314,58.01202337066089,12.621623475892006,8.937289843444395,12.401979861673835,17.053042057967662,19.946310295315403,12.7353355240014,19.36634288451757,29.176079751904425
19955,Gavin Lux,2B,TBR,447.199,0.23314148019147524,0.2144014870822276,0.23281688580750431,0.2530258890078716,0.11427815274100288,0.10037728419106341,0.11392306437733418,0.12928910775972458,0.09825353687720026,0.08449629407962325,0.09789177917185757,0.11361789376779205,0.02057442618449282,0.01432603756131124,0.020202137824791085,0.028174471532203392,0.006765892956569546,0.0034629472904064047,0.00640201068213324,0.01118539821906138,0.25882742899639466,0.2378162428741557,0.2584665595098621,0.28075533820323134,0.32958174417249864,0.30491902870406457,0.3293179958573516,0.35529104940277106,0.38224943483605994,0.3387088984766477,0.3811714097463743,0.4295834394024,104.26063680014754,95.8801306216851,104.11547851623013,113.15292453843118,51.10507562762375,44.88862111295937,50.94628046647947,57.81795970104107,43.93888343794708,37.78665821611344,43.77710575387553,50.80980847506284,9.200862815279004,6.406589671380826,9.034375833108749,12.599595494729826,3.025700564284944,1.5486265653224538,2.862972775039303,5.00209889816603
19956,Mickey Moniak,OF,COL,487.931,0.24346022970835252,0.22359593637735492,0.24290717739048284,0.2649921848701883,0.13605233846342457,0.11902775944640538,0.13591710943146046,0.15394227091154003,0.15057177475008693,0.13017827463329712,0.15014733449012857,0.17232783475638921,0.052504571231957606,0.03739842826204693,0.05172287723949244,0.06988809643072505,0.01947778231092942,0.01095707745377777,0.018594103753149877,0.0306214111174024,0.2663356828147975,0.2438059826097192,0.26610918542570233,0.2894340605470444,0.3206424320195154,0.29436242549707226,0.3204597260760954,0.347481153067132,0.4968551591603875,0.4395938315978293,0.4953646051009132,0.5573811714885624,118.79179334182615,109.09938883253916,118.52194197131568,129.29790175589582,66.38415355879721,58.07733369444402,66.31817112200193,75.11320618813863,73.46863662558467,63.51801572009929,73.26153906510292,84.08409274051974,25.618607945780305,18.24785250032882,25.237195214342783,34.100568779540104,9.503813800754102,5.346297759099241,9.072639638378172,14.941135747925271
19960,Taylor Trammell,OF,HOU,50.899,0.18571569834883273,0.16752569330070916,0.1854471857692906,0.2047423772431291,0.118263723886623,0.10197284858327581,0.11779181164557384,0.13590836886952504,0.10222087213873447,0.08435331267769873,0.10162491132495993,0.12216670973619811,0.03198597761700268,0.02020363983610868,0.03103867821775738,0.04659810733464395,0.02035641820143137,0.0086502188227523015,0.0185537929742475,0.03781046319896045,0.20621031283542793,0.18465942504374505,0.2059847502754792,0.22872502532446726,0.29248376557544276,0.26645374304120373,0.29194881362675495,0.31961818379522616,0.3652493108718516,0.3151899974518083,0.36411215363398025,0.41963165942568303,9.452743330257237,8.526890263312795,9.439076308471122,10.421182259298028,6.019505282105224,5.1903160200401555,5.995485420948063,6.917600067089955,5.202940170989446,4.293499261982188,5.1726063615291356,6.218163358862748,1.6280542747278193,1.0283450640180958,1.579837682605633,2.3717970652260427,1.0361213300346552,0.4402874878592694,0.9443695085962236,1.924514766363888
19997,Santiago Espinal,2B/3B,CIN,189.393,0.21240314173263175,0.19412788846057544,0.2122781389160096,0.23137999580953952,0.08846019317372993,0.07672587958938376,0.08810856833238406,0.10147907134367776,0.07367728100208765,0.06191551649654164,0.07319241554293317,0.08669904848177117,0.010221514958414682,0.006701542289043734,0.009968416832707789,0.014648541203962268,0.00951307231320984,0.004625915144593476,0.008903149999523182,0.016460723548027613,0.2254567247783583,0.20402070042646736,0.2251327347909997,0.2476835765987664,0.28223872386845966,0.25698007484585245,0.28208884807310886,0.3078389547080985,0.28505023683517183,0.24796806727522053,0.2843023596156823,0.32472592270229506,40.227668222168326,36.766463179213765,40.203993563719806,43.82175154635612,16.753741365752234,14.531344513072158,16.687146082175214,19.21942575899316,13.953961280828386,11.72636541582951,13.862131156922741,16.420192889108087,1.9358833825190318,1.2692251987488599,1.8879483691970262,2.774331164242026,1.801709304615751,0.8761159469799922,1.686194287859694,3.1175458149315936
20017,Miles Mastrobuoni,3B,SEA,47.3487,0.20366250815661108,0.18320453304591622,0.2030705878908935,0.22527623715256304,0.10093122611355128,0.08654600133155961,0.1004160981618294,0.1174139740321842,0.06530622012490199,0.053425920081869804,0.06488311957796156,0.07847947643874674,0.009535923914999219,0.005820349554829767,0.009204103982688625,0.01433679760790217,0.03331055912269975,0.017394099949545862,0.03145143986927607,0.05531502989567754,0.22134621826750073,0.19827385370904096,0.22121903929897185,0.2456433779849052,0.291760785220474,0.265230892495837,0.2912671199704505,0.3196244436007135,0.2796206815974601,0.24026797006389125,0.2783420437096109,0.32308649146379204,9.64315499995493,8.674496473831173,9.615128344869548,10.666536970065561,4.7789623458827055,4.097840653247617,4.754571707035012,5.55939903225768,3.092164624827947,2.529647862180429,3.0721313639610286,3.7159011860552877,0.4515136006741235,0.27558598496676817,0.4358023582451289,0.6788287288972775,1.5772116707329737,0.8235880202810621,1.489184790938392,2.6190947560214672
20036,Isaac Paredes,3B,HOU,473.257,0.2241899405788672,0.20731825778922094,0.2240400535047956,0.2420055561320285,0.12598502969056605,0.11157108181884491,0.1253079861207454,0.1425635510523221,0.1430741096869398,0.12506591723728502,0.142624688817806,0.16209464865351023,0.04911586530911081,0.03614640895791836,0.048360302979617645,0.0645017768674399,0.002438506955351743,0.0010259344856369185,0.002217208104244155,0.004638371395105941,0.25591680148865076,0.23610994794027856,0.2556530538438838,0.2767085367442046,0.34296412847597374,0.3192517907324479,0.34274040932623084,0.3673514238031622,0.47502516803158046,0.4247853617299862,0.4737725073431154,0.5293505203345423,106.09945870853296,98.11481672655334,106.02852360151905,114.53082347837542,59.62329719626822,52.80179546834108,59.302881587545606,67.4691984803688,67.71082392811206,59.1883207939658,67.49813235584841,76.71242713781429,23.244427068593854,17.106541064197568,22.88685190722491,30.525917414954,1.1540404861688998,0.48553067686907114,1.0493092557902761,2.1951417313336523
20043,Luis Robert Jr.,OF,NYM,516.757,0.21521510348565828,0.19911659509274252,0.21492434399701393,0.23178838274631242,0.12397301134368272,0.10971515333560274,0.12367181883611914,0.13946914100690572,0.11000668462241431,0.09558153390334911,0.10958896953139148,0.1250739322985082,0.030088957974600008,0.021741882729908825,0.029647192628944143,0.04001654222147058,0.05163052910754288,0.034504351468094885,0.05046753848854787,0.07287213853947896,0.2340065937001179,0.21500968295891648,0.2336773537459816,0.25380956582375885,0.29662527102733277,0.2742787736687355,0.2962910861836038,0.3201385555185065,0.39249896891814046,0.34987887533462153,0.39157164544139866,0.4382833804205996,111.21391123193831,102.89489433034034,111.06365923086491,119.77826930283615,64.06392142292744,56.69607349224606,63.90827808629641,72.07165489930557,56.846724325424944,49.39242671529297,56.63086712813326,64.63283003278019,15.548679656080374,11.235270093859494,15.320394321355288,20.67882830874047,26.680437330026532,17.830365151598308,26.07945378672653,37.657187695245526
20123,Juan Soto,OF,NYM,675.807,0.22270735853821833,0.2078662620134596,0.22246782258483352,0.23862967768991006,0.15930709875541238,0.14234900497054345,0.15879753212276454,0.17737586790997953,0.1394224043947561,0.12424330767928433,0.13906489836578995,0.15520180939648007,0.05315083593702277,0.04053576857832929,0.05259472965915428,0.06755107668858464,0.02462452057783229,0.01649796269767222,0.02405200177004597,0.03465241791751292,0.26721108178103226,0.24891102498756848,0.2670123855841495,0.28653957152459103,0.3819251794306606,0.3581155970876144,0.3819852280319087,0.4065059814701333,0.515548365576565,0.46635647141047987,0.5141946816566287,0.5683719684935638,150.5071918516377,140.4774749325301,150.3453117775886,161.26760659058505,107.66085248859898,96.20045400212805,107.31648379128914,119.87185316463953,94.22263684680694,83.96449703281411,93.98103176988941,104.886469202807,35.91970698209155,27.394356155614982,35.54388646676408,45.651490483682316,16.641423378143106,11.14943867682577,16.254511160209457,23.418346595580655
20126,Dylan Carlson,OF,CHC,86.0566,0.19731737151983111,0.18139070080334938,0.19708388364876478,0.21450650984686034,0.10130719277839347,0.0889284490493483,0.10103171768589,0.11464559074013732,0.08626967079986496,0.07373879010823682,0.08610530932881857,0.09968374192116088,0.018694245641292382,0.013013816807324111,0.018338406605810403,0.025813105754346904,0.010121847631896611,0.005021441228403672,0.009536031142593548,0.017278251233310223,0.21430438331828428,0.1957924040955812,0.2138779586640232,0.2338337755038379,0.2849380710872809,0.2626039452161874,0.28471608108190194,0.3074946680940422,0.32473288842903425,0.2875730512269867,0.3235665216538583,0.36490051579748883,16.9804621139335,15.609866982753516,16.96036894160829,18.45970091528732,8.718152566053096,7.652879968460147,8.694446116207562,9.866009744087702,7.424074552155659,6.345709564828493,7.4099301627864085,8.578443905012573,1.6087632194544421,1.1199248274611682,1.5781409219135836,2.2213881166595297,0.871051792919074,0.4321281592162434,0.820638417625716,1.4869075550844846
20178,Miguel Vargas,3B,CHW,576.849,0.19487234855544214,0.17846526071602234,0.19475135618031286,0.21168719511238754,0.11936678657273185,0.10496071406208315,0.11897381065777485,0.1352299805291996,0.10600891122356157,0.0915377152157865,0.10579053763174134,0.1213384417621385,0.031152536107752087,0.022115991791433552,0.030592554968976865,0.041935052764394014,0.010888536761924935,0.005966568438084913,0.010376093701779896,0.017589013626938738,0.2173366667260432,0.19891279182102412,0.2170912667887745,0.23712754505197803,0.3046926566184879,0.2813687782638735,0.30428164508119526,0.32938548266404855,0.3772506547133184,0.3347575138842445,0.3764180353991068,0.42215828037422687,112.41191939185825,102.94750717877677,112.3421250612573,122.11154681338564,68.8566114676938,60.54648294599861,68.62992370412677,78.00727903828826,61.151134430400276,52.80343948451124,61.02516584233237,69.99395879204783,17.970309301220684,12.757587748896654,17.647284741299337,24.190193252087923,6.281041542579637,3.4418090369408443,5.985439275778032,10.146204921685985
20202,Brandon Marsh,OF,PHI,466.019,0.24485685216074385,0.22605921171826993,0.2446793780640524,0.26488250775570066,0.1336977247560043,0.11747220229519226,0.1332699635034098,0.1507279470099269,0.12397438425078264,0.10764456293564718,0.12353515193143433,0.1417580412716805,0.03347559357363405,0.0239783779391158,0.03292775200786381,0.044901287232857794,0.02172400456264,0.013161417009580147,0.020983471949091684,0.032749540874687996,0.27406749423479626,0.25191015194759486,0.2739119421661397,0.2964353978526896,0.34210863168912004,0.3170184943615146,0.3419118953170026,0.3682791504248726,0.4564384085755878,0.4057557550287921,0.45498212805193433,0.5108916375450708,114.10794538709769,105.34788778573643,114.02523908603163,123.44028138180387,62.305679993068374,54.7442782414032,62.10633512189553,70.24208713761912,57.77441857416547,50.164411574707366,57.569727967935094,66.06194063538729,15.600262641591366,11.174379708808807,15.344958062952685,20.924852974969156,10.12379888227693,6.1334703933875305,9.778696614243758,15.261908288881225
20220,Jo Adell,OF,LAA,574.3,0.22487114261905516,0.20736300470830857,0.22449885782632129,0.24361235930366462,0.1325436441225799,0.11704384607678776,0.13206859073361726,0.14954553222949277,0.15930878785870367,0.13932204246938593,0.15880316189322347,0.18076327476242038,0.06352933870446925,0.046845252440986085,0.06258193652192609,0.0835486600701574,0.016189816325430248,0.009549540682584828,0.01559041533625729,0.024960555328780307,0.24748958556507913,0.22765246073245402,0.24735151681292192,0.26806886621219833,0.31077877474648935,0.28735858622323257,0.3106620684547805,0.3347106293739244,0.49405194705240874,0.440670075426545,0.4930362422285782,0.551228138454184,129.14349720612336,119.0885736039816,128.9296940496563,139.9065779480946,76.11981481959764,67.21828080189921,75.84699165831638,85.88399915939769,91.49103686725351,80.01264899016833,91.20065587527823,103.81234869605801,36.48489921797669,26.903228476858306,35.94080614454215,47.981995478291395,9.29781151569459,5.484301214008466,8.95357552761256,14.33484692531853
20287,Ben Rortvedt,C,LAD,34.8081,0.18142545737900886,0.1638125231023554,0.18104018863532223,0.20011974815240327,0.08382366528074155,0.07210952622889995,0.08351551074679806,0.0965965353019041,0.07744832715989042,0.06396120630184438,0.07695428272075627,0.09269744688631522,0.014134611761847243,0.008961028247280093,0.013777703190429424,0.020464051371694287,0.0031166479445504237,0.0010492593668513907,0.0027217820860180606,0.00658341476037954,0.19459268486096737,0.17423087060651787,0.19420662346775047,0.21641753522177817,0.26565214188499414,0.24166583392358512,0.26513509066653157,0.29150651315385634,0.27702115711023967,0.23932996088328037,0.27660342603089716,0.3162746806685065,6.315075462994279,5.702002685399097,6.30166499003716,6.965788205663669,2.91774252345858,2.5099955999281724,2.9070162496256216,3.3623418604422084,2.6958291166141817,2.2263680650752296,2.6786323683723565,3.226622000963549,0.49199897966755507,0.31191636733415024,0.4795756704227865,0.712314746551072,0.10848459331870561,0.0365227249672999,0.09474006302832526,0.22915615932076708
20308,Jake Meyers,OF,HOU,446.077,0.22287468148452172,0.2042700545060224,0.22258650145729736,0.24271077237415759,0.11586420640950428,0.10131954446868117,0.11551237697692135,0.13142279486219352,0.09371510571009824,0.08000516436766032,0.09319691931688315,0.10926285184667317,0.01938525895435939,0.013429067777350718,0.01892463695232073,0.026877663722305038,0.027775944859590965,0.016320293091413973,0.026789228256176224,0.042738917270978255,0.2457841552792851,0.22378902607902812,0.24542899064588658,0.2679681214420462,0.3127300752546687,0.28762902462812373,0.31271821859240634,0.3388881467028778,0.36369366791516017,0.3200414333419944,0.36266858816228165,0.4106899216807831,99.41926929257099,91.12017310388295,99.29071881056683,108.2676932083471,51.68435760253244,45.196318437955895,51.527414584734146,58.6246860637427,41.80415320984349,35.68846370563281,41.573002178117285,48.73964516320843,8.647318158583774,5.990398266917276,8.441845277780375,11.989507600254665,12.390210155131758,7.280107381338671,11.950058572830322,19.064847999486165
20311,Corey Julks,OF,NA,NA,0.20600529143833834,0.18591567223255,0.20560170231777114,0.22746190880084835,0.10678980277718803,0.09197482232758636,0.10654757373617062,0.12235613839869594,0.0863651433579802,0.07188158011326175,0.08579785878205447,0.10255142386330798,0.017759276796574675,0.011432570428055663,0.017245000087551615,0.025763178358648275,0.02755878975734241,0.015410877246998531,0.02628299687865713,0.0441722120307924,0.22230216529757044,0.19990411774364353,0.22205093067155413,0.24552760436929685,0.285966602134726,0.2604305459486391,0.28557793987983215,0.3125392174584941,0.3283245470134031,0.285900816532037,0.32697750600368436,0.37600380577152304,NA,NA,NA,NA,NA,NA,NA,NA,NA,NA,NA,NA,NA,NA,NA,NA,NA,NA,NA,NA
20321,Stuart Fairchild,OF,CLE,25.7558,0.2057000189282502,0.1861504073177722,0.20554032940417366,0.22606817468234333,0.1261795215485255,0.10919550402585923,0.12566497262570164,0.14532765914612808,0.10580656258356716,0.08881403926226279,0.1052882479445493,0.12501973150356918,0.02974277943107281,0.01970497376015837,0.028945462675701424,0.042223320135611184,0.03527770081978552,0.019991868725146314,0.0334622362287572,0.05671511743116318,0.22930976936335176,0.20627441814575717,0.22926072571504436,0.25290071198774017,0.3093404163475418,0.2824975570658328,0.30871835073393905,0.33801625277843445,0.3878250464169855,0.3364418639018252,0.3867405683312445,0.4426482607392007,5.297968547512227,4.794452660795077,5.293855616068016,5.822566693483498,3.249854521099513,2.8124175625892254,3.2366019019530463,3.7430301234358456,2.725132664589839,2.287476632430988,2.7117830564102228,3.219983200659627,0.7660490784708252,0.507517363171887,0.7455135475828307,1.0874953887487746,0.9086054067742318,0.5149065725111235,0.8618466638606247,1.4607432215335525
20325,Alex Kirilloff,1B/OF,NA,NA,0.22022906849895948,0.2012461485780166,0.21990477289765492,0.24001875370317827,0.10570259107609972,0.09155616973706537,0.10540824442529997,0.12047390299748018,0.12008758614705059,0.10200072916299681,0.1193220562508303,0.14067977372234217,0.0313907370374376,0.021702101225998766,0.03071519606148876,0.04307418705530793,0.004094541745246016,0.0016640648934055137,0.003700414703452882,0.007888236083370448,0.23998006789171633,0.2189248851084842,0.2397377797887965,0.26172652958090825,0.30331414980138083,0.27862877504690725,0.30306180236111113,0.32870593736142373,0.39789643155591375,0.34848049950165233,0.39663477841117256,0.4505313482506611,NA,NA,NA,NA,NA,NA,NA,NA,NA,NA,NA,NA,NA,NA,NA,NA,NA,NA,NA,NA
20352,Ernie Clement,3B,TOR,552.921,0.24828707831097452,0.2274783116672623,0.24796211251019795,0.2698566051950247,0.1252563869172334,0.1090254111038589,0.12497136093225375,0.14234243581577652,0.1072842479428089,0.09158061987238292,0.1071227571144909,0.12424906793193624,0.02367881143294908,0.01641784740346616,0.023305694022783055,0.032570788388802965,0.01666152271697208,0.009092513983864875,0.015867234848554963,0.026936050739394923,0.2743863242366463,0.25083399279417173,0.274169125916209,0.2983347386076316,0.3338109890454744,0.3074780794304499,0.3334659643924671,0.3612651121826308,0.41483456262395685,0.3644249961853906,0.41312429552317,0.46967241768819085,137.28313962678234,125.77753556537435,137.10345921125116,149.20938400103827,69.25688671066361,60.28243933295677,69.09928985802269,78.70412195369498,59.319713656785844,50.63684792045784,59.230421986501426,68.69991888999412,13.09251209631764,9.077772604171914,12.88620764477123,18.009072886725328,9.21250580219092,5.027441924472551,8.77332735969786,14.893508110876981
20391,Luis García Jr.,2B,WSN,504.754,0.2534859154075292,0.23562704679468222,0.2532276101673646,0.27260355832902616,0.1260759104000062,0.1119449827409959,0.12574818475290261,0.14171356950260655,0.12225304765812356,0.10638699880729201,0.12180089257982515,0.1387903955888892,0.030274288437832305,0.022083106178988957,0.02990213472928081,0.040058062894352355,0.027259777076555896,0.016906274883197646,0.02639253683538428,0.04053908040454493,0.27293866155751145,0.2532808033244789,0.2726788078612601,0.2935861646516875,0.31825565468932715,0.29558232477365537,0.3180715093447317,0.34204209159194765,0.4383878599648035,0.39232555081795034,0.4371392849600415,0.4885757162766836,127.94802974561199,118.93369437780304,127.81764914241796,137.5977364808093,63.63732007804474,56.50467781844865,63.47189924676661,71.53049106071867,61.7077148176285,53.699263195975874,61.479487733237065,70.05500733507418,15.281068186149607,11.146536176269393,15.093222113143407,20.21946747817593,13.759481518499895,8.533509872393545,13.321738537807558,20.462262990515672
20437,Royce Lewis,3B,MIN,503.058,0.21958016981843623,0.200914874961645,0.219275896698439,0.23926794443495344,0.11738184857209645,0.1029469939882548,0.11702871900010303,0.13283069269735023,0.12437257880058009,0.10698381042267423,0.12405550332219432,0.14285649076307322,0.03562041304446407,0.02536171858388806,0.035059135508061987,0.0476852509471347,0.013180516888150124,0.007196898584826676,0.012573044205200007,0.02119577610053924,0.2391599835340841,0.21850234274620361,0.2389476673563567,0.26092093210096085,0.30070125463903363,0.2763987408569669,0.30022523705108695,0.3257750442725683,0.4132008490230218,0.36542675830937565,0.4120392917022657,0.464960904982783,110.46156106852288,101.07183516845521,110.30849404132333,120.36565359155881,59.0498779789817,51.788308901743484,58.87223332275383,66.82154260694361,62.56662074626222,53.81906170360965,62.407113390256434,71.86510053029009,17.919133745322004,12.75841542737356,17.636778590414647,23.98844697096369,6.630564464719026,3.6204574082857377,6.324970471779505,10.662704733585068
20454,Jazz Chisholm Jr.,2B/OF,NYY,591.907,0.22793715642406584,0.21088690019901365,0.22774419781851712,0.24572290989135168,0.14256210758695367,0.1261677766685979,0.14217467707908443,0.16008942133144116,0.13780204808589658,0.12054123845896475,0.13755928800240824,0.1559365040277488,0.048953965539494264,0.03613989151153528,0.04823413531995385,0.0642599196035569,0.04820023789039395,0.03260244050182539,0.04722711261668896,0.06724978238485335,0.25375750197834845,0.23410624565162078,0.2535507444799193,0.27397479292711185,0.32388813005818035,0.2999726986784968,0.32373282495406674,0.34840370702581347,0.47790175259320616,0.4259786549952348,0.47703613493184527,0.5318704451874171,134.91759844749956,124.82543243609759,134.80338489816504,145.4451104250603,84.383509415471,74.6795901845798,84.15418658584963,94.75804911202935,81.56599687637879,71.34920283253045,81.42230548364147,92.29990828955272,28.97619488058543,21.391454764918315,28.550122334827925,38.035896232782555,28.530058208989416,19.297612750113963,27.954058547606515,39.805616942071396
20503,William Contreras,C,MIL,608.264,0.2404425989985889,0.22269777157994233,0.2404078710350978,0.25891189603356424,0.1312183672165993,0.11552766649229092,0.13077826605661763,0.14756938515041143,0.12405955592343677,0.10821507185861606,0.12378499674737246,0.14068360893271195,0.03228413378330386,0.02356019665237218,0.03175843010802548,0.042633730970912345,0.009684848368873318,0.0053193809090666,0.009229611032751328,0.015510576601101807,0.274441750291799,0.25342540736245267,0.2742476503026232,0.29626458075081225,0.35486435589861465,0.3290290194193017,0.35460379241136,0.3810308858537507,0.45117896986581724,0.40357439802785244,0.4499423938599927,0.504009470994213,146.2525770372777,135.45903733230205,146.23145326729275,157.48678552895993,79.81540891663755,70.27132053126684,79.54771122466246,89.76114448912986,75.46096172421335,65.82333246900924,75.29395726154377,85.5727747038471,19.63727635156754,14.330819456558512,19.31750973122801,25.932563735291026,5.89094460824436,3.2355879092724864,5.614040125225454,9.43452536569259
20505,Drew Waters,OF,KCR,55.9208,0.20839861771434312,0.189489517231352,0.2081264779853299,0.2281823994569738,0.11138960672661719,0.09717314527052828,0.11089478813185485,0.12736909840324245,0.08898117400697722,0.0747930652379178,0.08863475434138185,0.10400565774669009,0.019476610084892428,0.013074574663239538,0.019095073007319593,0.02740418240659284,0.026092062763869144,0.014167835496729115,0.024815983560144743,0.04223478089184137,0.22749019446282379,0.20613357393307885,0.2272529466340722,0.24973545918672402,0.29558165320567054,0.27050134860913533,0.2953265556050435,0.3214962807060611,0.3443101142555943,0.30145713721486694,0.34330118311333735,0.3916599571973057,11.65381742148024,10.596405395190988,11.638599150122037,12.76014232355354,6.228995919837814,5.434000022044158,6.201325268163829,7.122581877988041,4.975898435409372,4.182488042556554,4.956526370573546,5.816079585721107,1.0891476172352526,0.7311406748280855,1.0678117586277176,1.5324638035225968,1.4590890234057736,0.7922766952454895,1.3877296534701422,2.3618027352964828
20529,Nolan Jones,OF,CLE,128.457,0.19713932060283773,0.18045565129549157,0.1968987078126896,0.21468311999886308,0.10277011277889662,0.08957703804639158,0.10248474157465909,0.11717638416909057,0.08469880231823616,0.07173081140959077,0.08430573809050136,0.0986571154116989,0.017577293216253016,0.012114192821269904,0.01725205462462751,0.024100898446375453,0.01589324800599439,0.008855067391196297,0.015246803983131284,0.025234704155029136,0.2148058033780024,0.19445382761879465,0.214870144143889,0.2350009703697859,0.28753561237044406,0.262636804594853,0.2875344938980734,0.3127154446592397,0.32057686743246044,0.28118853258527426,0.3196925914376249,0.3633858261969605,25.323925706678725,23.18079159846496,25.293017309494665,27.577549545693955,13.201540377238723,11.506797576325322,13.164882448455982,15.052126781208866,10.880154049393662,9.214324841241801,10.829662197891533,12.673197074440605,2.2579263546802135,1.5561528672418679,2.2161471809157756,3.0959291117260515,2.0415989591060213,1.1374953918709028,1.9585586992610953,3.2415743916425774
20536,Vidal Bruján,2B/OF,NYM,32.5718,0.19877860548517548,0.17979246486869768,0.1985607340843555,0.21940005761828146,0.10828377722050728,0.0935566122057896,0.10806520812516389,0.12450226972888725,0.08376621591304399,0.06910654657209082,0.08335152219678985,0.09971786011847891,0.018565950654517955,0.011833330318698529,0.018082969845541308,0.027066129749595352,0.02209429852436948,0.011276979938761877,0.02103109824131431,0.03680898970789703,0.21611845036176774,0.1946789243628105,0.21589460608637964,0.23831429977716237,0.28809085367547616,0.2628728288185681,0.2877482475947682,0.31442012555942367,0.32879926921932834,0.28595728935139086,0.32749873147074254,0.37539059652736184,6.47457698214204,5.856164207210248,6.467480518448811,7.1462547967311405,3.5269975348709193,3.047307261444538,3.5198783460112133,4.055263029155371,2.7284164314764867,2.250924613636828,2.7149091106894,3.2479901962070716,0.604726431528828,0.3854328684745848,0.5889948772150024,0.88159256497787,0.7196510726760579,0.36731153516936416,0.6850207256964416,1.1989350509676806
20538,Jose Miranda,1B/3B,SDP,75.9262,0.23743364080425777,0.21727341354938237,0.23712801633406086,0.25854655343492405,0.10597890247997885,0.09205617516153068,0.10555390523097156,0.12093914401380455,0.11771434887418453,0.09979861641979225,0.1174954785106466,0.1360896516943574,0.02655739800932138,0.018518442739334624,0.0259496237366384,0.03628057998682284,0.003057018893873011,0.0011353624523076276,0.0027388363604613723,0.005969955864825783,0.25674204744465506,0.2345018934547736,0.2565479176926455,0.27918733652738886,0.3103331148585217,0.2858117490032927,0.3097441298533416,0.3358903124864449,0.39870110030330935,0.3512103863678126,0.39759163534825215,0.45074161933951107,18.027434098432234,16.496744651833115,18.00422919378317,19.630457325410728,8.04657534547537,6.989475566549411,8.014306919347792,9.182449636220927,8.937603195491109,7.57732971001243,8.920985200495055,10.332770112476119,2.016402312735337,1.4060349871152684,1.9702563217527544,2.754646572195508,0.232107827939981,0.08620375662639938,0.20794943727166224,0.4532760629839353
20543,Elehuris Montero,1B,NA,NA,0.20977914287828855,0.19130222121483914,0.2096269154201906,0.2291625806913209,0.1030339675098284,0.08997435466594521,0.10273581887640328,0.11766521619532976,0.11434424201838939,0.09727031183145282,0.11379320635453768,0.13308163011928295,0.030498333060787045,0.02119361637052451,0.02985133164768034,0.04208752329879366,0.0024506979087328944,8.301227720660064e-4,0.0021697874368386705,0.005061693915344321,0.22779748850306983,0.20794977576331125,0.22746818985329278,0.248826396838781,0.29241406575461043,0.26887544416138054,0.2919376685937016,0.3166173268492385,0.37840685097109045,0.3336111672040251,0.37750006919563733,0.42739046651042767,NA,NA,NA,NA,NA,NA,NA,NA,NA,NA,NA,NA,NA,NA,NA,NA,NA,NA,NA,NA
20572,Kody Clemens,1B,MIN,278.397,0.20712439929169965,0.18830330853966862,0.20670943032854344,0.22747024031951624,0.1213027599853206,0.1048959721985286,0.12084796170171411,0.13905967096375627,0.14252000874449083,0.12115589336151976,0.14212721367312764,0.16619438023105648,0.0533376476624256,0.03678911263424807,0.052316900034936324,0.07309488691068544,0.007775559174707863,0.0031742723368564855,0.007099361558594334,0.014554692726699766,0.22854243018970413,0.2064632021961725,0.22829704913750382,0.25170915793394594,0.2984389556950009,0.2727419312289676,0.2981694764852604,0.325358710607394,0.4391853545411986,0.3839810622047058,0.43773511472182036,0.4984919014938005,57.662811389611306,52.42307618751812,57.547285275175504,63.32703249423236,33.770324471633295,29.202723972153766,33.6437099938721,38.713795217296855,39.677142874440015,33.729437244167016,39.56778990495771,46.26801687318543,14.8490410962763,10.24197859003676,14.564868019026168,20.349397231274093,2.164692347561145,0.883707895763835,1.9764409598279868,4.051982791035035
20599,Iván Herrera,C/DH,STL,547.157,0.25241099829126795,0.2306643970498071,0.25207575419078,0.27572457178939574,0.13445711209086564,0.11730521944953495,0.13406878422613405,0.15311423243942635,0.12936625261182788,0.11065687039025782,0.12894642382849547,0.14941801695549592,0.03469290894038518,0.02450286877714407,0.034060303765376825,0.04703988618394971,0.012686458537783647,0.00690169660543629,0.01206476199695039,0.020659879140216848,0.28437760217905184,0.26125571686345517,0.2843250089031135,0.30753952051871564,0.35580563967249496,0.328692551640971,0.35574261922016803,0.38224821746370075,0.4720640039539575,0.41827895775277274,0.47060909869194867,0.5297322470731944,138.10844459205532,126.2096394965813,137.9250134357646,150.8646295265704,73.56915008030178,64.1843719583492,73.35667377081883,83.7775240788592,70.78365068032991,60.5466812321223,70.5539384227281,81.75511390331829,18.982467977094334,13.406916171495817,18.63633362735229,25.738203004751373,6.941484594158087,3.7763116095407043,6.601318979965385,11.304197490723631
21009,Leo Rivas,2B/SS,SEA,147.82,0.22461240388491602,0.1990023899925215,0.22417624339891373,0.2518659203680579,0.13033555483229875,0.1116063754930745,0.12966768916012117,0.15115359401339962,0.0950651770357699,0.07609827046166544,0.09426205799221375,0.11619591856575924,0.021534794793824075,0.012649375710212794,0.020653854272963828,0.033423594539085145,0.04255617288885668,0.019321589556937423,0.03945316829029641,0.07698036973029337,0.2532641227732864,0.22614442904405027,0.2529028427865153,0.282599803115499,0.3366242907790971,0.3064006573561018,0.3361255861828908,0.3679846222393288,0.38737606183701834,0.33008462009929745,0.3863541342961295,0.4492831656999533,33.20220554226828,29.416533288694527,33.13773229922742,37.23082034880631,19.2662017153104,16.497654425386273,19.16747781164911,22.34352426706073,14.052534469427506,11.248846339643384,13.933817412409036,17.17608068239053,3.183273366423075,1.869830717483655,3.0530527386295128,4.9406757447675655,6.290653476430794,2.85611736830649,5.831967336671615,11.379238253531966
21270,Sean Bouchard,OF,NA,NA,0.18925632457760602,0.16717173832978707,0.18892390201860076,0.21246124641943234,0.1083817066540963,0.0920725158074057,0.10781260674357876,0.12654671949131338,0.08342325371708603,0.06603901756463576,0.08279196024004057,0.10290998957322178,0.019181287833698067,0.010897141022200052,0.018350360679102305,0.030206867596261573,0.027494803404418563,0.010924928441401855,0.024942954813991003,0.052252390622831234,0.20707048576728537,0.18246941406696843,0.20675421846683756,0.23351227071201297,0.28516774045003856,0.2564988577012539,0.2847053351702059,0.31482076850037877,0.31901002436192527,0.27158544982288124,0.3172324344557081,0.3730119128022723,NA,NA,NA,NA,NA,NA,NA,NA,NA,NA,NA,NA,NA,NA,NA,NA,NA,NA,NA,NA
21454,Lars Nootbaar,OF,STL,532.5,0.2054735604419786,0.18964548235614972,0.20516616510932792,0.22255117645861486,0.11825009211008712,0.10423448549328318,0.1180862608126082,0.13332209667278214,0.09669657912966423,0.08410322507665793,0.09643695059513543,0.1105042124854341,0.024414537727621432,0.017530697005095287,0.02405514173812001,0.0326251661491097,0.011166309893258675,0.006257038226358022,0.010653232360231548,0.01766167819855657,0.232193390045373,0.21301720856990689,0.2318299010036869,0.2524192992053458,0.32073488704790065,0.2971469086155194,0.3205687545440271,0.3461766792868755,0.3727300922791267,0.3314400996369801,0.3722496686649335,0.4157927554536516,109.4146709353536,100.98621935464973,109.25098292071712,118.50850146421242,62.96817404862139,55.50486352517329,62.88093388271387,70.99401647825648,51.4909283865462,44.78496735332035,51.352676191909616,58.84349314849366,13.000741339958413,9.33509615521324,12.809362975548906,17.372900974400917,5.946060018160244,3.331872855535647,5.672846231823299,9.404843640731373
21479,Nico Hoerner,2B/SS,CHC,601.77,0.26419511747373725,0.24523693281225428,0.263934414002945,0.2840218257151411,0.13231407006090304,0.1168593526116064,0.13188023819556477,0.14894048411872524,0.09623623993993617,0.08302384038244877,0.09595369630531278,0.11008432593427178,0.017283356316292964,0.012189687683478577,0.01695709496231514,0.023328231030066825,0.04228445764283533,0.02873825566136658,0.04163662494220597,0.05916691230324683,0.2931964730034478,0.2718316687810066,0.29274652504699467,0.3159981093821065,0.35519966849919116,0.3298802568353654,0.3548333546287099,0.38103298056489104,0.410290571054234,0.36548907690334703,0.40891900228360445,0.45798614632020784,158.98469584217085,147.57622905843024,158.8278123145522,170.91581406060047,79.62263794054962,70.32245262108638,79.36157093894501,89.62791512812528,57.91208210865539,49.96125642694619,57.74205582564807,66.24544481746673,10.400605330455617,7.335388357286903,10.204271035472381,14.038229586963313,25.445518075729016,17.293820109340565,25.055671791471287,35.60487281672484
21496,Brandon Lockridge,OF,MIL,65.4109,0.20834272362894155,0.18524812743282623,0.20788175053103086,0.23327826328041104,0.109856524202426,0.0939170772292271,0.1094182332433935,0.1276436241072162,0.07884535788339245,0.06278453947848017,0.07826143008148613,0.09669889229373398,0.014798770160940415,0.00857551078551678,0.014239999618410703,0.022725825628567013,0.0516772805665799,0.025994494431967354,0.048902082418447734,0.08655692519135064,0.22602330041921237,0.1999362480661354,0.2255012264772909,0.2530980016320571,0.2914648718219326,0.26214912563901116,0.2912373986908375,0.32053953314141664,0.31780862776224134,0.27033945876985427,0.3162734402140269,0.3695340213291315,13.627885061020333,12.117246738695853,13.597732395810207,15.258941151608639,7.185814118952467,6.143200546933251,7.157145112860288,8.349284332114708,5.157345819974795,4.106793233372919,5.119150576917081,6.325161573936204,0.9680008751202573,0.5609318784403595,0.9314511910399006,1.486516707607634,3.380257431412501,1.7003232758399733,3.1987292228648427,5.661766377998918
21501,Trevor Larnach,DH/OF,MIN,437.964,0.22428742518110284,0.20645900549423363,0.22405676251170306,0.24284467730122153,0.12319548873660802,0.10786229367931499,0.12273643506963203,0.13973126682242018,0.12664747389317235,0.10945997356399526,0.12631875325361513,0.14472990949215972,0.03727673075651736,0.02642499068684261,0.036709698618175225,0.04979542909663094,0.006515265441277943,0.0031732309324806994,0.0060759408646488995,0.011303686383377903,0.25345470741025444,0.2327365423605228,0.2532943992646278,0.2756739859558944,0.33463287606358555,0.3090180576563542,0.334627211050053,0.36037884840614215,0.4383324006712463,0.3873244647665956,0.436935985277534,0.49276261554241063,98.22981788201652,90.42161188227654,98.12879593667552,106.35722624955218,53.95518902903979,47.23980158896751,53.75414004883632,61.197264542614434,55.46703425614933,47.93952786198162,55.3230664499663,63.38649008082424,16.325866109047368,11.573194621172336,16.077526445610495,21.808605308876874,2.853451713723853,1.389760912112977,2.6610433648450904,4.9506077032097195
21523,Jonathan India,2B,KCR,516.432,0.20242561345636575,0.1874454269594818,0.20217718781687538,0.21823665548545168,0.11263648444750456,0.09882114847342748,0.11235772178500031,0.12740337020394615,0.0883013136948581,0.07610064836874962,0.08815226768663159,0.10118603444190441,0.020128928804497768,0.01422663871315026,0.0198107033926438,0.02713315287057026,0.00842879126850266,0.004661382891202821,0.008013106383136352,0.013507681764338433,0.2271027282256963,0.20825120560565785,0.22669956061137123,0.24623669177445465,0.3154691667633236,0.29098454289179204,0.31532097326154207,0.3405276791051259,0.3468601641888974,0.30838317947740995,0.3458449669322264,0.38970975293681964,104.53906440849788,96.80281673553911,104.4107694586446,112.70439246566279,58.16908493619368,51.0344033484291,58.02512297687128,65.79517728116433,45.60162403406296,39.3008100383701,45.52465190594253,52.25570613890158,10.395222960364391,7.347091483909615,10.230881174469822,14.01242840325434,4.3528975323753665,2.4072872892696555,4.1382245556558725,6.975799108920826
21524,Joey Bart,C,PIT,338.087,0.22562765722085998,0.2067765833538296,0.22539340320851925,0.24548203564801965,0.11252545674630444,0.09813552196970071,0.11212139300513349,0.1282496201910135,0.1193146654519309,0.10150749841539151,0.1188246931907887,0.1390572531746796,0.030313933871888715,0.02077672064801899,0.029643029906873043,0.042080757004341614,0.003228850276525983,0.001198743628754846,0.0029068559558831607,0.006433757539625098,0.25450055232004315,0.23266768798812792,0.2541833608626217,0.2770607434424506,0.3309163565949288,0.30487867691859794,0.3307201511008745,0.35803670599145043,0.41344220924317177,0.36494158753421635,0.4124965760068757,0.46520913984425594,76.28177774682888,69.90847473634618,76.20257951055865,82.99428498613202,38.04339409498783,33.1783442161702,37.906785396926566,43.35952934151918,40.33873729864696,34.31836561676447,40.17308404679418,47.0134495540679,10.24874696094524,7.024339153726796,10.021923052124986,14.226956893326843,1.0916323034398399,0.4052796372148396,0.9827702095566702,2.1751697852992304
21534,Cal Raleigh,C,SEA,630.678,0.23107507351389345,0.21315101748362777,0.2309136052621551,0.24936006382612838,0.15379797451976723,0.13563679170941284,0.15334213058036716,0.17359400558483926,0.18843174327945228,0.16573772718513496,0.1877410842828347,0.2125197270122755,0.09078447255641375,0.06770011835512123,0.08950914591106426,0.11796943611638241,0.013234039569357611,0.007084333711100853,0.012547333831170997,0.02171761780134789,0.26743373012569943,0.24544546747789012,0.2673043130391239,0.2894836204230279,0.35213915970654364,0.3260949781531072,0.351863127867353,0.379332254906992,0.5763333583245297,0.5144922213304853,0.57520543448686,0.6408075617643164,145.7339652135953,134.4296574045394,145.63213073952545,157.265906333735,96.99699897417776,85.54314052170908,96.7095082301648,109.48192025423525,118.8397549879984,104.52713830566655,118.40417155332962,134.0315163926479,57.255769582933915,42.696975243971146,56.45144912489819,74.40072803100783,8.34641760752332,4.467933416249664,7.913327405975262,13.696823759718484
21538,Nick Fortes,C,TBR,308.024,0.19517613255322283,0.17798538808489017,0.19497008138420474,0.21323471514377657,0.09420368290818472,0.08151646133320346,0.093759505837327,0.10781698264624467,0.08875059577413284,0.07515457836622097,0.08821866381159083,0.10416968794577657,0.018155493484067527,0.012367163997076925,0.017752535139120736,0.0254814971581508,0.005080135583745362,0.002271294312875087,0.0046648125478494,0.009212150990267976,0.21131072094869385,0.19071082986544993,0.2112673409065286,0.23273530578666551,0.2795154414050525,0.25561769424676034,0.2792129077463044,0.30432247103270094,0.3145638884552112,0.2745201769881179,0.3137123027314881,0.35824229224018994,60.11893305357391,54.82377117946021,60.05546434828828,65.68140989744663,29.01699522411069,25.109026485698664,28.880178026036813,33.21021826262687,27.337313512731495,23.149413846676847,27.173465701901453,32.08676395980988,5.592327724936416,3.8093833230356227,5.468206883692526,7.8489126806422425,1.5648036830475816,0.6996131594290358,1.4368742202387637,2.837563596626303
21558,Matt Vierling,OF,DET,255.344,0.22451546293205335,0.20538975078903673,0.22406610035640528,0.24470294633348583,0.11552955408397633,0.10032884984393575,0.11507388871032845,0.13209610692244048,0.09985321512109746,0.08374307124107269,0.09927354164606553,0.1172337637884528,0.022649671184251634,0.015338058163037233,0.02207785721124204,0.03216104496966246,0.011020614812142464,0.005674659205342381,0.010356696941700938,0.0187509212837528,0.24772030519333096,0.22512955716551075,0.24739952602730347,0.2714898775942696,0.31616315605436107,0.28977890318390986,0.3162561425869733,0.34260307460232836,0.37940617705399843,0.32848784981071394,0.3780865306200516,0.43349935475613627,57.32867636692223,52.4450405254758,57.21393432940595,62.483429128577605,29.499778458018852,25.61836983454993,29.383427038850108,33.72994832600364,25.49691936188151,21.383290782980463,25.348903218072955,29.93493818079869,5.783457638871549,3.916481123582579,5.6374483717473876,8.212129866733491,2.814047868591705,1.448990180128945,2.6445204238816844,4.787935244278574
21562,Romy Gonzalez,1B/2B,BOS,353.985,0.26501289341936574,0.24089192324891806,0.2643897165953024,0.29114476484881124,0.1379742178648869,0.12003523230312443,0.1375258316636695,0.1578170301814025,0.13884686774791294,0.11808757349115469,0.13817938237829921,0.16232623144873376,0.0368905862087972,0.024977267860637718,0.03632195448770953,0.05118488858764294,0.023550517758667015,0.012556544628864045,0.022526790883781164,0.03855535590980134,0.29140547912039927,0.26590817398553007,0.2910606421055776,0.3178395191240755,0.34331310397926695,0.315658092808314,0.3429801212863606,0.3718721440669298,0.490122378246036,0.4291762948368205,0.4884997046591507,0.5557036421526973,93.81058907705419,85.27212745126826,93.58999382898813,103.06087958500645,48.84080351090199,42.4906717068215,48.68208152146405,55.86486142876377,49.149708479744966,41.8012297022664,48.91342867118225,57.461051039380024,13.058714159121077,8.841578163647844,12.857427059331858,18.118682786696787,8.336530028801743,4.44482845044844,7.974146070995276,13.648017661731027
21614,Kyle Isbel,OF,KCR,454.048,0.21712787421732552,0.19916905654406727,0.2168973362141161,0.23602707034447223,0.11276254191882447,0.09818383853052143,0.1124463469374267,0.12805495483781157,0.0943494460045776,0.0803424488922368,0.09408609380510519,0.10946881559286667,0.020816535226659615,0.01427148955151543,0.020370567016247003,0.028775808116230237,0.015404947144119146,0.008737321045165655,0.014692890900268388,0.024259396058243322,0.23736420225163266,0.21659652350920253,0.23722844712299862,0.2593686122883671,0.30272039742565604,0.27774361751955484,0.3023977657917753,0.3281240449425437,0.3598526636443352,0.3161684252053487,0.35893903815261613,0.4075735800396747,98.58647703262821,90.43231178572066,98.481801713347,107.16761923576694,51.19960663315841,44.58017551710619,51.05603893424472,58.143096134198665,42.839177259486455,36.47932823462233,42.7196027200204,49.704096782309925,9.451706186594345,6.479941287886478,9.249215212592919,13.065598123558107,6.99458544089301,3.9671631459153756,6.6712777274850605,11.014930261453264
21618,Alec Bohm,3B,PHI,567.614,0.25055486392112486,0.23250403786113544,0.2502744711682796,0.26933268474071775,0.11374714727171752,0.1001945358818869,0.11337503842828166,0.12852040217156568,0.12786814646262393,0.1116123570961218,0.12736556766631238,0.14577500870843027,0.02976216603845937,0.021410453442310146,0.029285245979539326,0.03970738889821776,0.00477594334808938,0.0023360731275887717,0.004483322882387645,0.008217880788973606,0.273204648347685,0.25258206899196084,0.27290569238799034,0.29487254451060313,0.32591599151393524,0.3013374336483445,0.32560808489140636,0.35119011760916097,0.4343065952813528,0.38693410079026813,0.4331841460099717,0.4839886610888118,142.21844852972538,131.97254694651053,142.05929367771188,152.87700251641778,64.56447325148866,56.871821290061355,64.35325906243067,72.94997955821108,72.57975008623582,63.35273646075808,72.294479325346245,82.74393579302695,16.893422113754077,12.152873120203433,16.622715611430237,22.538469842072978,2.710892307582405,1.3259878122431732,2.544796834563581,4.664584186152465
21622,Jake McCarthy,OF,COL,350.446,0.2145095497869877,0.19668274864932253,0.21419305528428517,0.23329446799903195,0.10998958729536625,0.09602135136154129,0.1097215142606245,0.12501369142863733,0.08703137220001084,0.07365707956985944,0.0867730114909403,0.1015005093363644,0.017353455022095277,0.011881580506843391,0.016925325746501005,0.02414738713990892,0.028098916330522417,0.01696747965823699,0.027070766419353822,0.042711100375152654,0.2322931779509956,0.21142173396390032,0.23211526189279175,0.25402545799298576,0.2949742259068516,0.2713530092260717,0.29487443207649106,0.31955962937706694,0.3385638967085924,0.2971067670307108,0.33760544764631617,0.38411614151974477,75.17401368465069,68.92668253316049,75.0630994521566,81.75711313238875,38.54541090931192,33.6502984992467,38.451465786578815,43.81054810640024,30.499796262005,25.81282890693896,30.409254784954065,35.57044749489156,6.081448898673202,4.163852362301239,5.931412706558292,8.462355233632522,9.847152832366259,5.94618537631052,9.48684180859687,14.967934282070749
21636,Jeremy Peña,SS,HOU,634.43,0.2550095052059875,0.23588678146957423,0.2547661397622585,0.2752551963288658,0.13355864145408283,0.11785906597175469,0.13312186936894163,0.15092401405147762,0.11453767262198267,0.09921460815501415,0.11414597094364025,0.13119817596719788,0.027226841651846325,0.01953126726859869,0.026784281592348226,0.03622871194696717,0.030865190386043597,0.01936345165147523,0.029834766075424214,0.04613712959107541,0.2812977023383304,0.25930199607588394,0.28077922768527735,0.3039820558575273,0.3401900802491517,0.31513325614436366,0.3400346280944037,0.3658067694529622,0.44140779003306796,0.3905679207889851,0.4405404856316549,0.4951314028671637,161.78568038783462,149.65365076774196,161.63128204936964,174.63015420692233,84.73360889771376,74.77332722446032,84.45650758373763,95.75072223467895,72.66613564156445,62.944723851785625,72.41762834577368,83.23605877886935,17.273525149180863,12.391221893217066,16.992751770633483,22.984581720514377,19.58180273661764,12.28475463124543,18.928070641231383,29.27077912646597
21646,Rafael Marchán,C,PHI,153.802,0.20154313640820565,0.17943463601418466,0.20127066988672543,0.22559576400461456,0.09748058172388728,0.08337042978117358,0.09711004066782848,0.11315882865141215,0.10063390351874536,0.08120345407844828,0.10017825727874266,0.12213340302053026,0.023221620587750704,0.013838896325070755,0.022317211083070124,0.035466464876591164,0.0038763956739040735,9.684537709311115e-4,0.0031325123199334314,0.009355115569142858,0.21992727700739625,0.1956619792829035,0.2193701325418887,0.24601043099454775,0.28911650822283885,0.2620918451807316,0.28876551511449355,0.3171447454517425,0.3434810054406186,0.2947023717264412,0.34248676703162373,0.3961524540054193,30.997737465854843,27.59740588825363,30.955831569918143,34.69707969543773,14.992708430297311,12.822538841204059,14.935718474793356,17.404054164244492,15.477695628990073,12.489253644173502,15.407616325985177,18.784361651363593,3.5715316896372338,2.128449932588532,3.432431698998351,5.454813230949474,0.5961974074377943,0.1489501268767468,0.4817866598304016,1.4388354847653098
21693,Miguel Amaya,C,CHC,285.533,0.23137054902835372,0.21053186112109323,0.23095786768029908,0.253656597174923,0.11314732318599985,0.09826635010000016,0.11263613163918768,0.12937750320447142,0.14163498776443673,0.11978819047138908,0.14093167827038058,0.16577653721829427,0.04121527241394961,0.02801073925711613,0.04040160561562617,0.05695106911085144,0.002107168086589287,6.715046334174196e-4,0.0018332062292921334,0.0045329159395340254,0.2580047731063426,0.2354169529583632,0.257926776202242,0.2814753921906591,0.3266617091805234,0.3010494480133912,0.326514679145428,0.3536822168699311,0.45043423229349516,0.39454212779828135,0.44872759351599867,0.510053591167715,66.06392697571293,60.11379390148912,65.94609283235884,72.4273291611473,32.3072946312681,28.058285743103347,32.161332575332175,36.94154662248234,40.441462961342914,34.20348138986714,40.24064489157658,47.33467200155122,11.768320378172273,7.997990412302141,11.535991656246587,16.261409616428743,0.6016660252680989,0.1917367324935761,0.5234408742684707,1.2942970869629689
21707,Oswaldo Cabrera,3B/OF,NYY,206.25,0.21470576490728074,0.19629959161818733,0.21451216595420974,0.23392511070301533,0.11458153803225461,0.09987950880462085,0.11421610577302294,0.13106083866122098,0.09756201916970247,0.08241321583516986,0.0971246633019213,0.11430989840231012,0.022994694963715208,0.015613584126118622,0.022485993909473805,0.03213606787371297,0.01248988901685241,0.006337670621649341,0.01175837979232123,0.021267297251844428,0.23576353799201677,0.21523918846900877,0.23551791258856497,0.25712818294223105,0.30680671353772826,0.28275619306864647,0.30647986452611636,0.33246047893234637,0.3666391352810965,0.3214813856551921,0.36568332989953223,0.41550043614955556,44.28306401212665,40.48679077125114,44.24313422805576,48.24705408249691,23.632442219152512,20.60014869095305,23.55707181568598,27.03129797387683,20.122166453751134,16.997725766003786,20.03196180602127,23.576416545476462,4.742655836266262,3.2203017260119657,4.637736243828972,6.6280639989533,2.5760396097258096,1.3071445657151766,2.425165832166254,4.3863800581929135
21711,Oneil Cruz,SS/OF,PIT,524.634,0.2093075606810984,0.19257769347606596,0.20900196745684324,0.22699217503879018,0.12526213682677748,0.10973683133313192,0.12491767162752791,0.14219382844870496,0.11392093847932665,0.09926984391549429,0.11346507719827303,0.13011646997299187,0.03396552202481226,0.024547874930571145,0.03343459643697813,0.04507685702342458,0.049323386229400905,0.032470469251188315,0.04827378653391044,0.07045179779777012,0.23049151284190708,0.21171975636254195,0.23005075269241346,0.25024840440462787,0.3023125388041832,0.2784928210911757,0.3021849165277598,0.3270703089207542,0.4017128329137763,0.3567801631720797,0.4008253551764719,0.4502986683005759,109.80986279036738,101.03280563912239,109.6495381947535,119.08781275930065,65.71677589197958,57.57167276962633,65.53605773663648,74.59971699435788,59.766797638163055,52.08033529276143,59.52763731083878,68.26352410781061,17.819467681965357,12.878649816325263,17.540926067117585,23.64885180762733,25.876725411075515,17.03511216512793,25.326069724431573,36.961408485835335
21716,Enmanuel Valdez,2B,PIT,52.7121,0.20888392977075412,0.18974601073224612,0.2087226287538548,0.22932542958469854,0.1104720298380666,0.09594904179595531,0.11010338467407324,0.12663328112499272,0.1089601106225027,0.09113682045826431,0.10853467437880508,0.12793942159001953,0.029679092598422992,0.019740718982811586,0.029032017843343017,0.04153953885804466,0.009379391130446087,0.0041965544927919565,0.008672084851657954,0.016728448103063134,0.22639694333967456,0.2055641589922624,0.22613636301283488,0.24811370817287232,0.2916023832492751,0.26758346791703036,0.2912504311719847,0.3164617730841261,0.37742678134594987,0.329929929733488,0.3762928411228965,0.42872671652182925,11.010710594468968,10.00191069231923,11.00220807913607,12.088224976811588,5.82321268402715,5.057675486052576,5.803780623278216,6.675106177988729,5.7435162471444245,4.804013193678074,5.721090609323011,6.743955584795269,1.5644472969573326,1.0405747530938627,1.5303386277600814,2.189636326239136,0.4944074032071872,0.22120920007949887,0.45712380390907925,0.8817916292534742
21797,Andrés Chaparro,1B/DH,WSN,283.722,0.2113214519072175,0.18852713453199144,0.2107272964666853,0.235704873780646,0.1079600561134818,0.09203203653150853,0.10748205699425309,0.12501464787100938,0.11855427079608256,0.09642690266796071,0.11767032062693704,0.14291065215570647,0.03353245026586348,0.020626625256491928,0.03240910288409844,0.05040481507374747,0.0050968433108554215,0.0012803133337466234,0.004217824050260891,0.011700417351744893,0.23130217801083497,0.20657256728570447,0.23098117566962345,0.2569677229139942,0.30091736292753357,0.2729015659282085,0.30057520689076445,0.3299299435921676,0.3935096072100624,0.3406160189872963,0.392306195173168,0.4513666334007845,59.95654497801956,53.489295663685674,59.78797000812089,66.87465819879245,30.630643040629284,26.111513468792662,30.495024174523472,35.46940592325852,33.636454818806136,27.358433678759148,33.38565870891583,40.54689605092135,9.513893854331318,5.852227371022402,9.195175488482178,14.30095494235378,1.4460865778425218,0.36325305967725946,1.1966894751881205,3.319665811871764
21837,Jonathan Aranda,1B,TBR,569.876,0.24931665960341942,0.2268436786811625,0.2487457725168819,0.2738439755415936,0.12863083810484516,0.1113349468064556,0.1282776864767125,0.1473457507650767,0.14090061041807062,0.12034043323512333,0.14024496867354846,0.16360365384970088,0.0408352297461925,0.028262940449760566,0.0398482457463212,0.056209977516329064,0.0028594265983927355,9.867862556442787e-4,0.0025342640402180217,0.005937818645521862,0.2828558125048805,0.25862587349186944,0.2822278709981602,0.30867332059505653,0.3598411544095491,0.33183531586047854,0.3598028097922862,0.38819822809014176,0.48606469655755896,0.42590692857003676,0.4844451130504349,0.5506936398912624,142.07958070815823,129.27276823210616,141.7542458588306,156.0571094057412,73.30362749583674,63.44711414627569,73.10237485860301,83.96880706299885,80.2958762626084,68.57912473029914,79.92224176780711,93.23379584125213,23.271017386841194,16.10637145174775,22.708558892930537,32.03271714709554,1.6295185921856585,0.5623458042215389,1.4442162541832853,3.383820338435416
21840,Freddy Fermin,C,SDP,451.848,0.2256210029563326,0.2052419161460013,0.22539573142214125,0.24666527589970427,0.09460684685563475,0.08098441406277529,0.09432070047661562,0.1091100536138209,0.09507385915603209,0.07991200020150625,0.09467529734573008,0.11150471538017699,0.01684004098153551,0.011235529952623613,0.01642877764154279,0.02389095755010601,0.0027488228083952853,9.52034696813509e-4,0.0024214628601502133,0.005638352314398855,0.24574153828651302,0.22245873947828904,0.24563185891242967,0.2696327307508372,0.30488870462713263,0.2771928815998347,0.304728682784294,0.3328748867451745,0.34324990192896404,0.2980540342281599,0.3424343968599082,0.39226603843015556,101.94639894381298,92.7381493267384,101.84461045163168,111.45521158472958,42.74791453802485,36.59264552543689,42.618619868957815,49.30115950529775,42.95893311193479,36.1080774670502,42.778843755073446,50.383182635102216,7.609138837424857,5.0767517380330744,7.423310319775827,10.7950813871003,1.242050088327793,0.4301749736857904,1.0941331504331535,2.547678216556494
21853,Will Benson,OF,CIN,240.706,0.20137126093145566,0.183859933442732,0.2010834191551107,0.21987420109881067,0.12294790371353508,0.10753638876900797,0.12246193261613485,0.13967762471470188,0.11778401274806866,0.10047568205922013,0.11700596501356625,0.137052257216555,0.03848538604301155,0.02687353085066467,0.03763424070655286,0.053142211018854114,0.02037170749023999,0.011594214090935966,0.01958434093871887,0.031819874790814245,0.2223064340149706,0.20166243635594233,0.2220594785156306,0.2436974101437531,0.29815533347866474,0.2738938479655863,0.29754823511241935,0.3240115325709293,0.40331686161068037,0.353962985718813,0.4024040214074009,0.45637984198062004,48.471270733766964,44.25618913926625,48.40198549115007,52.92503944969032,29.594298111270174,25.88465399503283,29.477321952299352,33.621242334577026,28.351318572536613,24.18509952574664,28.164037814555478,32.989300625568085,9.263663332869138,6.46862011694009,9.058787543511512,12.791649045504299,4.903592223145707,2.7907968969728323,4.714068369995264,7.659234781397734
21865,Bo Naylor,C,CLE,449.265,0.19024696122978246,0.1742050956836539,0.1898633834051468,0.20703348000454955,0.11070417797699245,0.096764042489902,0.11030995366882508,0.12527133491709708,0.11273642984313749,0.09701273875309374,0.1123078794821128,0.1295614247459442,0.03407426427768125,0.024511006702814888,0.033441774313719926,0.04569814359787217,0.007970043367618812,0.0042429022512117335,0.00757872004516876,0.013025184191312739,0.21095810542337223,0.19294754992438976,0.2106865503628521,0.22995115888495551,0.2916742217260856,0.2681863392119481,0.29152418955728693,0.3159441289118932,0.3736577417390629,0.33096562250741784,0.37262841140586456,0.4183462351772759,85.47130103689821,78.26425231231676,85.29897294551327,93.01289639424395,49.73551251883351,43.47269754922582,49.5584013350247,56.280026281529615,50.64853215347716,43.58442807590866,50.4559994755314,58.20741348848662,15.308374340712467,11.01193742634013,15.024218737053381,20.53057648349804,3.580661533553265,1.9061874798906393,3.404853661092743,5.851759375710118
21871,Jerar Encarnacion,OF,SFG,142.067,0.22460352600932407,0.2002223473161107,0.22404951317801466,0.25105086894918166,0.12259293070398486,0.10551487035590433,0.12231019296919785,0.14128665026662876,0.12866861557598727,0.1044287472812004,0.12765814749163784,0.1551036193619082,0.04031835552369197,0.02456261173316865,0.039228742218904614,0.060701940991837684,0.012435207851808376,0.004178952745923294,0.011064460916287652,0.0254227487549867,0.24622563827728963,0.22047534879966268,0.24540713561166838,0.274198698885398,0.3095459690984722,0.2816414958108206,0.3091957112104661,0.33910429667789105,0.4362499162535911,0.3758072412162331,0.4352942658497778,0.5021678514269878,31.908749129566644,28.4449882161579,31.83004218866101,35.66604379900339,17.416409886323017,14.990181086852262,17.376242184555032,20.07217054342915,18.279564209033786,14.835878839998298,18.136010039694515,22.035105891888215,5.727907814184348,3.4895365610960707,5.573109720813122,8.623742650887404,1.7666326738828606,0.5936912797550846,1.571894768994238,3.6117336473746957
21897,Christopher Morel,DH/OF,MIA,314.382,0.19482464151362938,0.17944461351259217,0.19467277426407203,0.21083143355902964,0.11273387214658485,0.09907761252194332,0.11225574748299473,0.12775957367667223,0.11215093477749452,0.0966532990100957,0.11183025536679239,0.12883275031580077,0.03406545451188412,0.02457350874744621,0.033454886425205305,0.04556148545416514,0.012461366048332092,0.0069543408667795716,0.011928681929648167,0.019769375928153903,0.2143336875075098,0.19634943333009966,0.21404946659504093,0.23335401534316735,0.2924174767817185,0.2694071425061493,0.29220480385058784,0.3160108197218816,0.37758191519102163,0.33407088014084596,0.3761927743505888,0.4238396056326802,61.24936044833783,56.41415648531575,61.2016161186875,66.28160774515486,35.44150019318764,31.148217979873586,35.29118640519885,40.16531029161957,35.25823517721828,30.386057449391906,35.157419342722925,40.502697709782076,10.709565720355153,7.725468827039634,10.517614104128894,14.323710920051345,3.9176291810067396,2.1863195903798953,3.7501628824066504,6.2151359430448805
22054,Dane Myers,OF,CIN,234.59,0.21813334275741236,0.19666442776818105,0.21780103218118824,0.240684849371104,0.11760830693186829,0.1019892490345369,0.11722538819895839,0.13531073234460078,0.09835024860990928,0.08210616684055973,0.09785381580684241,0.11625637338633633,0.021845732559305726,0.014163056642085283,0.021328859659135953,0.031412269891814296,0.03868629548516069,0.022294771912681487,0.03727885022298601,0.05967105223587067,0.23904947963952475,0.21505638057579812,0.238737037429333,0.26387092880615426,0.30563645189172045,0.2779192216650531,0.30506259757595044,0.33391569091974743,0.3668988671383012,0.31815950006075666,0.3659459815376881,0.41946965330974817,51.17190087746137,46.13550811013759,51.09394413938495,56.46225881396729,27.58973272314698,23.92565793101201,27.499903817593648,31.742544700719897,23.07198482139862,19.261285679126907,22.95552665012716,27.27258263270064,5.12479040108753,3.3225114576667867,5.003537187436703,7.369004393920716,9.075418057863846,5.23013054299595,8.745245473810288,13.998232144012901
22184,Mark Vientos,3B/DH,NYM,439.131,0.22515615335946432,0.2072406473900001,0.224603134122714,0.24479223792663363,0.11458699769001353,0.099792533382168,0.11418504022256126,0.13076582165812026,0.14172789188147802,0.12281302406382655,0.1412916447353827,0.16205898157168935,0.04657992532420918,0.03374103663250181,0.04584624129828226,0.06185912727447583,0.0028107955685984986,0.001043730314968576,0.002509205856452034,0.005592861525951286,0.24620977630763138,0.2258332860881074,0.2459174376820607,0.2676519475966662,0.3090627421863779,0.28513944448621903,0.30879874120110096,0.3339452866938381,0.4487838237764351,0.4000414532388186,0.447856354222812,0.5026249419836107,98.87304678089492,91.00579272901813,98.6301988904415,107.49586023296054,50.31870288261333,43.82199497664481,50.14219089797355,57.423326030552005,62.23711088980532,53.93100607017221,62.04554124429333,71.16512263655751,20.454689187545302,14.816735157467152,20.13250578755599,27.164260419167846,1.2343074688342273,0.4583343369424657,1.1018700769496381,2.455998874752514
22186,Brice Turang,2B,MIL,635.37,0.2457911577317585,0.22716257913623078,0.24547376277038374,0.2655306064920473,0.13535916674364076,0.11939531237471712,0.13500780970025061,0.15215013131506053,0.11279572558005987,0.09759710536057398,0.11253006271833624,0.12903505464790133,0.027168208530774635,0.019515121834246106,0.026757406156115642,0.03611667297016353,0.04168075071921805,0.027670568282540185,0.04066011332045076,0.05864180346267421,0.27257913952331364,0.2519771466062053,0.2725395232874576,0.29394770905732454,0.3393050948093579,0.31446645971534154,0.3393520686627055,0.36460427498722864,0.431532545502017,0.3837496959866241,0.4304246567231479,0.4818179570447551,156.1683278880274,144.33228790578696,155.9666646514187,168.7101814468521,86.00315377390703,75.86019962352403,85.77991204924824,96.67162893365001,71.66702016180264,62.01027283294789,71.49822594934929,81.98500267163706,17.26186465419828,12.399322959824948,17.000853149411196,22.9474505050528,26.48269858446957,17.581048969677557,25.8342162004148,37.25924266607932
22197,MJ Melendez,OF,NA,142.014,0.2025434094937857,0.18622902236124322,0.20219974510795208,0.21978143979695602,0.11387906491031198,0.10034121306559543,0.11352492380628296,0.12876562352960622,0.10834678921276268,0.09363290274809125,0.10786338272268337,0.12471386157474691,0.031533681446034044,0.022801311977047913,0.0310021459505587,0.04202632396993853,0.008870331254846408,0.0048116648930595285,0.008425071365138273,0.01441790157793009,0.2240028319692692,0.2055002150228249,0.2239231084884801,0.24340866046631054,0.30056828716554407,0.2769717286343885,0.3004332638741659,0.3243832181996925,0.3854674521534607,0.3420674562151747,0.3843487414912319,0.4324910224420375,28.76399975585048,26.4471283816096,28.715194601760707,31.212041391324917,16.172421524173046,14.24985703229747,16.12212852942547,18.286521259933497,15.38676092326128,13.297183050867432,15.318110433979157,17.711114337676108,4.478224236877079,3.2381055191084824,4.402738755022644,5.9683263722668505,1.2597112228257579,0.683323778122956,1.1964780848487468,2.047543874688164
22217,Luis Campusano,C,SDP,280.512,0.23456364708903465,0.21392352166224265,0.2342032821288515,0.2566359524905125,0.11282730319811878,0.09842663722729256,0.11239415426356093,0.12865584327453236,0.13063972514286465,0.11148229494532702,0.13007959379083012,0.15221214936529692,0.03496057138007054,0.02410259244969594,0.034250282218114714,0.04802554804083464,0.0027812198654919205,9.261967842430198e-4,0.002446316336269797,0.005767508712686338,0.2594835675393273,0.2374643371202026,0.2592286893922302,0.28229332903233617,0.32254073301364244,0.29620370490272263,0.3223300128581065,0.3495770952419343,0.4334364562910657,0.3827084967486465,0.4324407896307225,0.4873762034248497,65.79791777223929,60.00811490851901,65.6968310765284,71.98946430501864,31.649412474710694,27.60985286190229,31.527909000780003,36.08950790862562,36.64601057927525,31.272121519703575,36.488887013453336,42.69733444275817,9.806859798966347,6.761066413249107,9.607615165567795,13.471742532030607,0.7801655469088696,0.259809312341578,0.6862210881197134,1.6178554040130702
22239,Jeremiah Jackson,3B/OF,BAL,212.553,0.24450921682864835,0.2186281757944338,0.24373959941280604,0.27268617688498026,0.12114756977813121,0.10422844781129725,0.12072132384648784,0.13946185782782503,0.12230024574412801,0.10089115018289933,0.12153755269815911,0.14661323928796377,0.03207080249556029,0.020021313137117656,0.03110288504427728,0.04695717921229099,0.006165131088411347,0.0017930484526101815,0.00524573129690205,0.013626852621581458,0.2692012992981613,0.24226346994927497,0.26885065392091745,0.2974018984049112,0.3315189071400409,0.30312671747345327,0.3311641023661173,0.36128929770171136,0.43895986722549335,0.38259245351047844,0.4371745200585226,0.5023432140087583,51.971167564579694,46.470074649634284,51.80758307399016,57.96026495543321,25.750279399051124,22.154069267634664,25.65967954754253,29.643036266877694,25.99528413365164,21.444716644825803,25.833171438651814,31.163083850374562,6.816745282838826,4.255590171233769,6.611011524816268,9.980889313110087,1.310417108235097,0.3811178277476519,1.1149959243504213,2.8964284052750036
22244,Jack Suwinski,OF,PIT,176.274,0.16715476104345936,0.1526253697169414,0.16685460104045408,0.18251016811159906,0.10802533030989554,0.09449773321489652,0.10760979251914343,0.12289012232121377,0.08910178930795912,0.07550188145228137,0.08879157785670508,0.10423588051697948,0.02641497560445343,0.01818687247566822,0.025858433077338254,0.036626542559543736,0.02467238929374584,0.013546905158691098,0.023450785394885446,0.04005361511283343,0.18257378249032233,0.16531848006242372,0.18237582693889542,0.20068135680315047,0.26940653647643953,0.24740584585367142,0.26871696748922347,0.2932232905678973,0.31938176548347535,0.28053263249924504,0.31798596609740953,0.36199521905552645,29.465038348174755,26.90388442148413,29.412127943805,32.17179737370402,19.042057075046525,16.65749342472267,18.96880856651949,21.662333422049635,15.706328808471186,13.309018651119446,15.651646595112831,18.37407560225004,4.656273409699423,3.2058727587759397,4.558169432274723,6.4563071631410125,4.349100750365754,2.3879671599431145,4.133763744698037,7.0604109503996
22263,Nolan Gorman,2B,STL,503.681,0.19700115021802797,0.18134736917335248,0.19672159589743285,0.213289743370779,0.11823123818646619,0.1040287160141853,0.11785473076229905,0.13352012603535313,0.11933100075583652,0.10355608515468673,0.11899967536387103,0.13638223834566893,0.04087071403199573,0.029711843854063173,0.040159252734167886,0.054402376409297334,0.008680568935879722,0.004623540055959007,0.008226216833321153,0.014091326690791222,0.21734187256931786,0.1994629569857716,0.21707582636527084,0.2355813648351754,0.29594900090932547,0.2734302988591243,0.2957041205908204,0.31941090687198026,0.4006603299338317,0.3565673369677939,0.3993207689580978,0.4485476961857147,99.22573634296654,91.34122425260335,99.08493014321488,107.42999123073733,59.55082828099748,52.39728771074086,59.36118864508555,67.25155060161269,60.10475779170049,52.159232526797766,59.93787548694992,68.69314219218487,20.58580211434964,14.965291224258392,20.227452576398413,27.401443352211288,4.372237642192834,2.3287892789254885,4.143389120824032,7.097533518944413
22266,Xavier Edwards,2B/SS,MIA,577.969,0.26113949737671643,0.23953596773676922,0.26074286608700203,0.28403471193976215,0.12293401885599972,0.10799196432870162,0.12253370182186155,0.1392612795279264,0.08054549126017231,0.06821782722445861,0.08010217195378874,0.0939799763723704,0.011783133131865029,0.008120886234875196,0.011519196473684922,0.016339816425083937,0.04450664130985767,0.029460651010369234,0.043368008515378274,0.06342496303376903,0.28884183413762315,0.2660743644540771,0.28846843954096224,0.3125443387392631,0.3502279296559594,0.3235023160075066,0.349817801825981,0.37813903092040346,0.3689263403537666,0.32600784936031535,0.36785666599528616,0.41542778209965303,150.93053415932343,138.44436373685278,150.7012935694385,164.16325842511242,71.0520519441833,62.41600763109535,70.8206811082795,80.4887024674761,46.55279703815054,39.42778938309312,46.29657222195933,54.31751296396256,6.8102856730909,4.6936204962845824,6.657738466699201,9.443907359389339,25.723458971217127,17.027343003812096,25.06536451362467,36.65766245966446
22275,Jake Burger,1B/3B,TEX,536.533,0.21610144857874,0.19794036600782086,0.21583534272830696,0.23498807183273707,0.11145480154059982,0.09674745340941958,0.11108650640853551,0.1275677502352083,0.13995721832487126,0.12072028599259613,0.13943979634150255,0.16068802500936294,0.044446561281172865,0.031758629129715034,0.043631636453198126,0.059960546497154016,0.0019470092421242388,6.976477364489071e-4,0.0017224838797730564,0.003985687313884867,0.23628819256623504,0.21512150765881832,0.23603587417195168,0.2583888299121251,0.3027233661073046,0.27640881834487685,0.3024865312906011,0.3289706814356929,0.4284349149842243,0.37795907438376014,0.4269299675801613,0.4838105296575488,115.94555851029712,106.20153839527416,115.80278394004672,126.07885514463392,59.79917903498264,51.908201420116114,59.60157654289078,68.44430773694702,75.09166621949815,64.77041720446557,74.8140522504954,86.21442812234852,23.847046863871523,17.039552562853398,23.40981280114375,32.17081189375754,1.0446347097046442,0.37431103298014146,0.9241694434662773,2.138452771580589
22277,Nick Allen,SS,HOU,154.097,0.19779291083214118,0.18105288617731632,0.1975104299175881,0.2154135973214221,0.09088573000310601,0.07887025194688277,0.090544442932359,0.10366194231398931,0.06600382360481552,0.05567087256911955,0.0656564996907994,0.07745825147257944,0.010116614789283915,0.006803593215883758,0.009870220948642178,0.014198605550893034,0.01537351541474946,0.008219146432194251,0.014566197120115938,0.025041556503737114,0.20877210226726514,0.1899276719193237,0.20856435620127173,0.22835388749011712,0.26693800759820524,0.24470821591723452,0.26666143540612264,0.2899463193394962,0.27084851099499413,0.23790347536584364,0.270094497735968,0.30755221622629747,30.47929418050046,27.899706601265915,30.435764719010574,33.19458910643918,14.005218336288628,12.153669214258795,13.952627022547725,15.973994324758813,10.170991206031259,8.578714450283616,10.117469632853116,11.936084177170075,1.5589399891842837,1.0484133037880394,1.5209714375229137,2.1879625195759638,2.3690126048666476,1.2665458077618374,2.2446072776185058,3.858828732556378
22458,Taylor Walls,SS,TBR,326.36,0.18814865295356722,0.17226446594018138,0.18777758513062964,0.20519447321828566,0.11595212611284254,0.1013261220091947,0.11567910664501604,0.13194400755941185,0.08369604228750033,0.07085995362457577,0.08340132428895775,0.09754259560578371,0.019746523976499515,0.013417493992611494,0.01931824370943324,0.02747647049053646,0.0489441330835469,0.030135615845314653,0.04758303283684082,0.07345594664173397,0.2084719901498538,0.1891647347631684,0.20819091502642617,0.22840890774104392,0.2931979501982725,0.2697650891472027,0.29303939311170313,0.31792716985361175,0.3267004747941213,0.28603283521061446,0.32600508567641323,0.3700230026220029,61.4041943779262,56.2202311042376,61.28309268323229,66.96726827951971,37.84213587818729,33.068793178920785,37.753033244667435,43.061246307089654,27.315040360948608,23.12585446491655,27.21885619494425,31.834001501903572,6.444475564970382,4.378933339428687,6.304702017010633,8.96722090929148,15.973407273146366,9.83505958727689,15.529198596631371,23.973082745996297
22514,Triston Casas,1B,BOS,204.346,0.20182911737807468,0.1842404125416487,0.20134588395233988,0.22042595061815656,0.10843096369646475,0.09459957104826897,0.10808300697292511,0.12378372686168179,0.11850315792570644,0.10087288027155973,0.11790780252033473,0.13813433755039697,0.03633985179451598,0.025329793672093284,0.035596097370124063,0.04998406536261127,0.001957780747121607,6.761511523670351e-4,0.0017197314543918184,0.004018587282370296,0.2254907418400478,0.2057742107338249,0.22532009319214674,0.24593948529456852,0.30816953599360364,0.2837698198003685,0.308067754505681,0.3329136056158998,0.3949965738475785,0.34810178289927307,0.3939205307134534,0.4458856125852144,41.242972819740054,37.64879134123574,41.144226002124846,45.04316130501782,22.157433707517786,19.33104394542957,22.086330142889356,25.294709449277228,24.21564630948641,20.612969591972146,24.09398781382032,28.22719934107342,7.425903354802163,5.176042017717574,7.273920113195372,10.214043820588163,0.4000646645513119,0.13816878338159413,0.35142024377915054,0.8211822368032405
22515,Heliot Ramos,OF,SFG,612.78,0.23316945318021814,0.2148631870871837,0.23286479622307782,0.25289724756832893,0.12248303729472074,0.10800610403054779,0.12216416892809161,0.13810287566015955,0.11933775008426875,0.10358882803141876,0.11902979413910542,0.1363815977886689,0.03282256701431795,0.023970025093869068,0.03233040002571021,0.04339199922783859,0.00996216838625382,0.005637106907754153,0.009519138395736402,0.015729110104203855,0.2581397362091712,0.23763007790607663,0.2577188219099355,0.2792364807716237,0.32415167312842336,0.2994335918239064,0.32395963503852787,0.3491554957365232,0.43195721179433977,0.3854257374023514,0.4302446968935674,0.4825044376515847,142.88157751977405,131.66386378328443,142.69488982957762,154.97037536492059,75.05515559345896,66.18398042783907,74.85975943575598,84.62668014703257,73.12778649663821,63.47716204109279,72.93907725256102,83.57191549294052,20.11301261503375,14.688351977021087,19.8114225277547,26.58974928683493,6.104617543728615,3.45430637093359,5.833137626139352,9.638484089654037
22532,Tyler Freeman,OF,COL,322.959,0.2252365260181213,0.20636172072806547,0.22487312004455812,0.24539865142376519,0.12102525179507906,0.1058693361880021,0.1207064057116187,0.13720775802778215,0.08861524903566828,0.07518103624303127,0.08837443158410654,0.10280486003072004,0.01797964846436374,0.012270861278037323,0.01761261305428917,0.024952970200441436,0.033721230472977363,0.020678825764525666,0.0325964960261069,0.05055684452530831,0.2504734781781555,0.22912386642015367,0.25042540969198956,0.2725143116543215,0.32311011604961654,0.2970347773252044,0.32307490602960054,0.34931160241634307,0.36475332037312164,0.3223786324007231,0.363685032876471,0.41111360906523975,72.74216320628643,66.64637496461529,72.62479797647045,79.25370306516778,39.08619429448694,34.19145494594097,38.983220082218665,44.312480324894494,28.619092213310392,24.280392284013136,28.541318049971466,33.20175479066131,5.806689288402449,3.962985087493656,5.688151899400176,8.058786302964366,10.890574872322297,6.678412890085445,10.527331760095457,16.327787951049046
22542,Lawrence Butler,OF,ATH,557.838,0.22265868639735956,0.2047213873039961,0.22240313910881987,0.24070620749864574,0.13181059233530695,0.11627201785576723,0.13146223821094044,0.1482932448134576,0.11992075722568038,0.10450688792730266,0.11944213352367936,0.13651824616544458,0.037179682717595974,0.02713053125730844,0.036645017099942556,0.049164864017134595,0.032544394237935655,0.02121147658125022,0.031644119253254915,0.04703981555531623,0.2444433059252329,0.22503811939501767,0.24424373509690817,0.26420411743679956,0.310587034452823,0.2870046803013742,0.31058692601841886,0.3347872121054824,0.430446277607602,0.38472058376033297,0.429285196440798,0.4797594958302802,124.20747630253025,114.20136925088657,124.06492231418585,134.27506937862952,73.52895720714295,64.86094989662547,73.3346320391146,82.72360710024955,66.89635536925908,58.29791334759066,66.62936088058224,76.15506540443927,20.7402398478183,15.134441295514426,20.441983048997756,27.426029413590328,18.15449979290155,11.83256767313146,17.652292195997216,26.24059662974649
22557,Michael Siani,OF,NA,NA,0.21163758024065057,0.18976701054061185,0.21117865465718805,0.2343234786989212,0.11184308747014124,0.09666148438292063,0.1114831313616145,0.1278815574365107,0.07627703184681156,0.06264725019627676,0.07593905495098063,0.09095723169553538,0.013869790350568519,0.0086206675585101,0.013459006777758246,0.020359699520112684,0.04902180611391724,0.030414144951512238,0.0476256814376986,0.07279978804155622,0.23092336135206668,0.20751930442350627,0.23067991395836335,0.2549034899493016,0.29921132900345077,0.2725942122316641,0.2983978085093082,0.3275807123527194,0.3209354840237547,0.2792036384593132,0.31948478290406274,0.3656010849578798,NA,NA,NA,NA,NA,NA,NA,NA,NA,NA,NA,NA,NA,NA,NA,NA,NA,NA,NA,NA
22558,Jarred Kelenic,OF,CHW,103.423,0.20521658053699593,0.18959008073794126,0.20493090335305164,0.2218020305342044,0.12088274748320323,0.10668358107292082,0.12048808054065932,0.1359477306295114,0.1159453562311465,0.10061634844616985,0.11554772425548152,0.13260894385594707,0.035711890734911336,0.02600570579783718,0.03519284743791992,0.0472499295450984,0.02175442362340914,0.013390795514454877,0.020968365261132153,0.03233349570769466,0.22413463525232755,0.20644588556162474,0.22393328262479967,0.2426172045338958,0.2952844889922701,0.2738301849934785,0.29528465090285694,0.31726713607398765,0.39970630072195873,0.3565260257692469,0.39827491317205777,0.44663178328174,21.224114408877732,19.6079749201601,21.19456881748266,22.93943140393902,12.502056392955328,11.03353600530469,12.461238753756609,14.060122144895958,11.991416577493865,10.406044605348225,11.950292285674665,13.714814800413613,3.6934308754767353,2.6895881107297144,3.639749860571992,4.886729463342712,2.2499077544038433,1.3849162444914667,2.1686112404020705,3.3440271265769046
22563,Gabriel Arias,SS,CLE,433.166,0.21104129506071143,0.19324380683347384,0.21078002720537506,0.2296619549234417,0.11228454218808404,0.09879771401981355,0.1119426307755338,0.12722417768795094,0.10499462499045227,0.09012996368152444,0.10455417445102011,0.12137336648798815,0.027115890475147255,0.01903036220940433,0.026571194188260802,0.036873784270962384,0.01622827165623072,0.009103604016840315,0.015419040347488373,0.025901796134476726,0.22767456416459217,0.20853677332800286,0.22736799333032445,0.24754689106626096,0.2893239525099504,0.2663999880302232,0.28903722050255864,0.3133489347612395,0.37281512059119803,0.3300644636811651,0.37181507841200057,0.4187293887783341,91.41591361626813,83.70664683082853,91.3027412644435,99.48175036636755,48.637846001443606,42.79581059110656,48.489741602514876,55.109188152378955,45.48010172861425,39.04123584807122,45.289313530250574,52.57481566813588,11.745681813557637,8.243305876798836,11.509737901752178,15.972469637515692,7.0295355202428365,3.943371737558652,6.679004031160149,11.219777424386745
22581,Alejandro Kirk,C,TOR,485.742,0.238190461376154,0.21996303515668167,0.23790034319352465,0.2569288954210355,0.10230478144389267,0.08982629131338042,0.10206270797648528,0.11599950724339272,0.12381730657495568,0.10711065261188102,0.1234840663290212,0.14210906317846306,0.027889818141857092,0.019995823510681705,0.02746405579142574,0.03724667692766589,0.0012732589030744108,4.5625663775247143e-4,0.0011377441287822693,0.0025711931400406473,0.2646876388975084,0.24429748530482376,0.26441083739530735,0.2859942678838324,0.3295112641255133,0.30534918008564654,0.3292022470176724,0.35445455516121216,0.41419931476203237,0.36854756741775335,0.41300852349300177,0.46368788824445756,115.6991110897758,106.84528462307686,115.55818850350906,124.80115551960462,49.69372914811932,43.632402395144034,49.576143897913916,56.34583264742007,60.14326613033212,52.02814262100031,59.98139734679142,69.028340566433,13.547256043861948,9.712811303725553,13.340445388238722,18.092275344198285,0.6184753260971705,0.221623011735161,0.552650108602957,1.248936498229624
22664,Gabriel Moreno,C,ARI,440.465,0.2511622805138406,0.2303278400345599,0.25080249403183064,0.273901668061122,0.12008356752299683,0.10511695183613479,0.11978962345963506,0.1363793852003437,0.12402948123750308,0.1063468791754773,0.12345435578500055,0.1433633326338067,0.02805138284673021,0.01974760348990137,0.027580685024533983,0.03805164260376535,0.007927894190676937,0.0040326960243318635,0.00747744715958304,0.01331208156701156,0.2801882655839849,0.2581415234856348,0.280023117109457,0.303579989485317,0.34360637547388523,0.31786351241734023,0.34361125503785095,0.369952317450988,0.4390171022940098,0.3883843737076341,0.43832713056313366,0.4935162725374593,110.62819388652879,101.45135206082242,110.46972053373028,120.64409822254208,52.892608569016794,46.300338190503105,52.76313649714815,60.07034590226939,54.63064545327679,46.84207813602661,54.37732282084026,63.14653030854967,12.355652345585021,8.698128171179405,12.14832642933136,16.760416759467503,3.4919599146965172,1.776261454357334,3.2935537631457437,5.863506007413746
22715,Maikel Garcia,3B,KCR,642.29,0.24544506356567145,0.22700484787278677,0.24524760903520149,0.26497300267005885,0.12787893445049553,0.11262483820486477,0.1275224309935307,0.14455759283689193,0.10645807844021973,0.09194357213238492,0.10603478691451947,0.12220182300391971,0.022707658109951633,0.016145190890283278,0.02231592987494162,0.030517122739337977,0.0328429563603294,0.021578698746651963,0.03209919130425662,0.04643064860241222,0.27092825620249983,0.2507456832776901,0.2705991536942096,0.2924239983945947,0.33310861680538123,0.30909624222100474,0.3326498275305263,0.3583078746095544,0.40980003549111793,0.36438338206276066,0.4088845703632058,0.459317015137611,157.6469098775951,145.80294374021221,157.52008680721954,170.1895098849521,82.13536080820877,72.33780733060259,81.90638220283482,92.8478963032073,68.37695920136873,59.05443694490951,68.1050832873267,78.48900889718759,14.584901727440833,10.369894656920046,14.333298599376253,19.60084276424939,21.094702440675967,13.859782417987088,20.616989582810984,29.821941290843345
22799,Geraldo Perdomo,SS,ARI,656.81,0.24799346453071633,0.2293918961085645,0.24780864474392103,0.26682483970233745,0.14966902855909703,0.13242026709671798,0.1492264393072927,0.1685999592025395,0.12198107873582519,0.1060570361656473,0.12148251220721881,0.1392815611791428,0.03268692025226875,0.023836474572024605,0.032060012879139954,0.0435684128425593,0.03224556043724606,0.020761655249372284,0.03145068280846218,0.04616999020214781,0.2842379866787765,0.2630483224040556,0.284153600975402,0.3058903183722785,0.3689950274308021,0.34340564597391576,0.3685762491970644,0.39517228408938104,0.4736357447902158,0.42296595029940354,0.4719343281738315,0.5294254318344843,162.88458743841977,150.66689128306624,162.76319595425477,175.25322296489225,98.3041146479005,86.97495563179532,98.01341760142292,110.73813920381997,80.11839232447733,69.6593219239588,79.79092884282338,91.48152219807278,21.469096090892634,15.65603486365148,21.057337059147912,28.616169239121373,21.179206550787583,13.636462784340209,20.65712297542604,30.324911264672703
22823,Oswald Peraza,3B,LAA,250.37,0.17972262642611012,0.16238949555322557,0.17949346033801067,0.19817383216216783,0.09848066440475149,0.0853495556945064,0.09819210038319093,0.11238461677998222,0.07902600713517212,0.065868437406153807,0.07865767557782027,0.09348478004329043,0.016979117734565542,0.01102286745510089,0.01657675857102111,0.0244614593793759,0.022316228630860177,0.012133891146503262,0.02110133219870422,0.03652773728026085,0.19125271346870867,0.1722320576004312,0.19099132130933516,0.2110790737750098,0.26098595167124067,0.23804317113195372,0.26060061459279393,0.2851130343857424,0.2914094124592531,0.25487131787905765,0.2903761627137507,0.3313950319777806,44.99715397830519,40.657458001661084,44.93977766482773,49.61678235844196,24.656603947017633,21.36896825923357,24.584356172939515,28.13773650320415,19.785741406433043,16.491480673378728,19.69352223441886,23.405784379438625,4.251061707203175,2.7597953247336098,4.150323043426555,6.1244155848143444,5.587314162308463,3.0379623263500215,5.283140542589575,9.145449582858909
22842,Alexander Canario,OF,NA,NA,0.20621868982874095,0.18414794718440194,0.20591957995316174,0.22934891003232608,0.1110883856343364,0.09618779241383592,0.11073602844757417,0.12748969663753926,0.09846142117585882,0.08105117760193195,0.09804248448057337,0.11726419441908748,0.024810232982080252,0.015731039906281104,0.024119806770841582,0.036282424095164904,0.01527085393350892,0.006333901608997305,0.014088757777511363,0.028318686334904423,0.2243726451536462,0.20119992915757728,0.22410198435170994,0.24879412043086888,0.29241179011999113,0.2662176840968405,0.2921880019538744,0.3201842749326136,0.36110932428871867,0.31410317112977065,0.3598477600472071,0.4122522910559513,NA,NA,NA,NA,NA,NA,NA,NA,NA,NA,NA,NA,NA,NA,NA,NA,NA,NA,NA,NA
22857,Wenceel Pérez,OF,DET,460.05,0.2247056103290299,0.20587941642574717,0.22440201204409427,0.24479271527214252,0.12493821730878177,0.10962620216418945,0.12471041583943385,0.14182957900706097,0.11075319268544807,0.09454903052321473,0.11047489626209016,0.12802738098464256,0.02970177302307528,0.020954253344443414,0.029174894433256125,0.040437797604771356,0.0194359297757961,0.011196992609998256,0.018692839777265574,0.030220866708644493,0.2488971708294613,0.2286515625152453,0.24863568385024448,0.27071642064917134,0.318787521632104,0.29397190823763886,0.3186573987861107,0.3446519053518166,0.41173270724394545,0.3643397016638799,0.41064840102337685,0.46170887570399566,103.3758160318702,94.71482552666498,103.23614564088557,112.61688866094917,57.477826872905055,50.433534305635355,57.37302680693154,65.24869782219841,50.95200629494039,43.497281492204934,50.82397602537458,58.89899662198481,13.664300679265782,9.640004251111193,13.421910184019481,18.60340878807506,8.9414994933549945,5.1511764502296975,8.599640939531028,13.903109729311899
22896,Lenyn Sosa,2B,CHW,412.449,0.24093117052602347,0.22130685101800837,0.24046467213558614,0.2611500812282027,0.11307575471358787,0.09924434131343743,0.11256823131329485,0.12835228232280937,0.1311497353629594,0.11340385019085013,0.13062113926454066,0.150339672145286,0.0361221959421436,0.02606626959634132,0.035373081621067344,0.048658625960103695,0.005546358284897811,0.0025472798040170083,0.005213165142099439,0.009645121551735629,0.25694391424453755,0.23639012292520073,0.25680171719904754,0.27860572230421116,0.3030913316499656,0.27920511784235413,0.30295321767811856,0.32766072568304583,0.4330177400147765,0.3859304909939464,0.4319960593740456,0.4846744679283556,99.37182035228786,91.27778939552654,99.17941355765038,107.71108985249099,46.6379819558646,40.933229330385956,46.42865443693715,52.93877049176041,54.092577200717244,46.773304607365944,53.87455826852053,62.00744743665107,14.898563594141187,10.751006828741382,14.589592141527605,20.06920161861881,2.287589928247817,1.0506230078870111,2.1501647496937712,3.9781207388918087
23003,Yainer Diaz,C/DH,HOU,529.09,0.24521640255606758,0.22619730761710724,0.24495418544020153,0.26558470062233913,0.10845707808248381,0.09488745561010653,0.10801580659705096,0.12345095046886037,0.12780099586149116,0.11033456755867535,0.12745847076052852,0.14642402299579305,0.03187533496113649,0.023001541388592457,0.0312923553513445,0.04280465158058016,0.0024355144516246233,0.0010203868988854922,0.0022235067452973075,0.00454339065746239,0.2642085358864099,0.242829443733501,0.2639268489756689,0.2863652616868566,0.3127647057337994,0.28821186029585966,0.3126809443365704,0.33835178313303216,0.42702960711419163,0.37752424082806685,0.42562359663507654,0.4806398141238173,129.7415464283898,119.67873348713528,129.60280997455624,140.5182092522734,57.38355544266136,50.20400388875127,57.15008311243369,65.31666338356933,67.61822890035636,58.37691634961954,67.43700229468804,77.47148632684414,16.864920974587704,12.169885533290383,16.556472292842866,22.647513104769157,1.2886063412100721,0.5398765043313251,1.1764351838693525,2.403862562956776
23312,Ryan Noda,1B,NA,NA,0.16706403761109923,0.15091651676163412,0.16695106644850136,0.18451599620352702,0.09324970752294345,0.07971946404378469,0.09294263530763378,0.10795527998870837,0.08381763725739243,0.0698704674506995,0.08343041696249243,0.09921932639539774,0.01991642836086666,0.012978291542910914,0.01943890092728364,0.02858610543554183,0.0039511178302024715,0.0014854593355058537,0.00352933007235646,0.008006730426843925,0.18180797288471037,0.16244924592353335,0.1815266370351965,0.20202551264358945,0.2709084772550487,0.2452482518361776,0.2703584624823962,0.2973475424091623,0.29105544135833833,0.25183447793425473,0.2900897241301399,0.3340309046705206,NA,NA,NA,NA,NA,NA,NA,NA,NA,NA,NA,NA,NA,NA,NA,NA,NA,NA,NA,NA
23359,Nelson Velázquez,DH/OF,STL,23.4951,0.2017154336737389,0.18369245000976583,0.20135395804191747,0.22089625398031612,0.12254452900382018,0.10740845685651,0.12201489799027046,0.13914449992029318,0.1354772213346794,0.11611392152194844,0.13480397326935212,0.15694055132529644,0.05048352095837428,0.035708904157792036,0.04939809859589013,0.06856738066920573,0.010073648588189777,0.004801209575637702,0.009468395675189112,0.0175323301792892,0.22319370458293558,0.20349734723391458,0.2228278925372837,0.24435194537466753,0.3014877779302582,0.2777721761847676,0.3013411991280346,0.32682844703227915,0.430521305879725,0.38074650695756995,0.429156704201058,0.4845241186281815,4.739324285707863,4.315872482224449,4.730831379590655,5.1899795768929256,2.8791959633976556,2.523572434689388,2.8667522297712034,3.2692139400772806,3.1830508629804264,2.728108197550331,3.1672328323607553,3.6873339474429727,1.1861153732690997,0.8389842740777397,1.1606132663202982,1.6109974655610555,0.23668138094437766,0.11280489910056539,0.22246090322813572,0.4119238507954177
23372,Hunter Feduccia,C,TBR,256.006,0.16386447304529098,0.14407594034417973,0.16341506157373978,0.18489119028481876,0.08015604735269433,0.06726400802411567,0.07989805768617116,0.09434460055014493,0.06733985249472724,0.05291306873447472,0.06656082184993245,0.08404737884750897,0.012054523288028158,0.0066319768857585485,0.011415930058003707,0.01943656203441712,0.005683518767215347,0.0013915671795128185,0.004643664210597513,0.013355395899363846,0.1737479211392464,0.1514072325563555,0.17317291027376497,0.19798394848630893,0.24849930413907145,0.2228002694427803,0.2483246104860899,0.27536415538107234,0.24539436531257716,0.20564763548758258,0.24388660256825442,0.28884432844902236,41.95028828643276,36.88430518375207,41.83523625324682,47.33325406005531,20.52042905857386,17.219989638221755,20.45438215600593,24.1527838084404,17.239406277765138,13.546063074437933,17.039969758513806,21.516633269235378,3.0860302888749365,1.6978258746155028,2.9225465904292967,4.975876500182989,1.455014905519732,0.35624954735835856,1.1888058998982267,3.4190614826125403
23395,Eric Wagaman,1B,MIN,125.336,0.22636218591249666,0.2037102015198285,0.22614512263894104,0.24995870777231774,0.10909954000947114,0.09459468354822445,0.1086946270585018,0.1250502655011433,0.10461128023123956,0.08796220781815114,0.10401474240074021,0.12277434562108602,0.022650494452298726,0.015063456936147171,0.022104125540861275,0.03197546839415708,0.006675061217506113,0.0027442277499255736,0.006142258329484316,0.012394529417282973,0.24829189344505148,0.2237452400478089,0.24822221505614722,0.273683474726568,0.31294385607942865,0.2844822941814049,0.31271202471046544,0.34222407015152195,0.3757656366151318,0.3278015924728542,0.37473595080310557,0.42735566357228727,28.37133093352868,25.532221817689223,28.344125091074314,31.328824597351215,13.674099946627075,11.856119257200259,13.623349777004382,15.673300076851294,13.11155941906264,11.024831279095793,13.036791753539175,15.388045382764437,2.8389223726733133,1.8879934385489419,2.7704426787893888,4.007677306650072,0.8366254727573462,0.3439505292646717,0.7698460899842462,1.5534807390445788
23401,José Caballero,2B/SS,NYY,345.655,0.2134768860193225,0.1945107456563639,0.21314465398489557,0.23334601506763325,0.13043421394482813,0.11336954754165711,0.12976676975725468,0.14916499837190456,0.09073471136786965,0.076671120079928,0.09052111000544008,0.10609322676430255,0.020302360335217356,0.013732640344061759,0.01992306876900278,0.028329406832727864,0.10861217402833875,0.07173452005188637,0.10618195220003955,0.1536758246574692,0.23900785864391236,0.21719941690928746,0.23857339741065525,0.2621507037509512,0.3196154654120576,0.2927582122949487,0.3194430390838105,0.34705892994157833,0.3674040385601425,0.32016882208361996,0.36624736453674334,0.418139953255842,73.78935303700891,67.23361178985046,73.67451537314908,80.65721683820277,45.085238221099566,39.186750955511485,44.85453280044386,51.55962751224067,31.36290665786098,26.501756011227513,31.28907427893039,36.67165429721499,7.0176123616695545,4.746755798126667,6.886508335349656,9.792201118766549,37.54234101376543,24.79539552853478,36.702322687704665,53.11881717197751
23565,Davis Schneider,2B/OF,TOR,324.729,0.20368365346985914,0.18549015458398482,0.20348343782630987,0.22217767561800156,0.12791970576220338,0.11140132453514057,0.1275260428266583,0.14585911609704172,0.11485053535003344,0.09794089027649755,0.11439198394919879,0.13328870415364127,0.038054723964911025,0.026364712225420445,0.037320333760828606,0.052001444761988334,0.011381082522231398,0.005661479220227815,0.010702917355247182,0.019433108755964948,0.23198166924315447,0.2109298481290912,0.23182758307892726,0.25365080368297976,0.3251345274187844,0.29971410483725636,0.3247881204444376,0.35120642003016594,0.4202848032944067,0.3692548589269969,0.4191571383272049,0.4748542270632303,66.14198910761388,60.2340324079028,66.07697328189977,72.14753442575802,41.539238132454535,36.17524071497166,41.41140436105792,47.36468491107626,37.29529949368101,31.804247358596772,37.14639455583937,43.282707611107774,12.357472458401592,8.561386636248555,12.118994661820112,16.88637715611571,3.6957675463616795,1.838446485705358,3.475547649852062,6.310493973215741
23690,Brayan Rocchio,SS,CLE,471.452,0.21113080283473615,0.19277152477123394,0.2108026687696531,0.2302699613365951,0.11347405087279185,0.0998169645070261,0.11303746098506204,0.12826096377045343,0.09652334142331424,0.08226294164440129,0.09636224259055984,0.11179053064911255,0.02244506782768839,0.015500535606077087,0.022069593548830316,0.030728746735920492,0.019704857536663567,0.011532636467130552,0.019064319978006315,0.030319931222366515,0.23076004773465608,0.21142991129763322,0.2303435673905111,0.25103120580001664,0.2997716054979179,0.27614896208966505,0.29940876551595585,0.32529029864916736,0.36080066539700484,0.32096799474837484,0.3597387820102097,0.4051480914867121,99.53803925804202,90.88252089644779,99.3833397967905,108.56123381206044,53.49756823207946,47.05890755076647,53.29173705632947,60.46888789150781,45.506122360704346,38.78302836413628,45.43017199380461,52.70386925558541,10.581772117499346,7.307758512556255,10.40475401778315,14.487129106143188,9.289894495375112,5.437084527701633,8.987911782271032,14.294392214647138
23691,José Tena,3B,WSN,239.801,0.23479596029928246,0.21340888031095107,0.2343359470870039,0.25817499811029937,0.11403486688108037,0.09928670260153287,0.1135837611075525,0.13037107520329427,0.09543716677690808,0.0797933496520128,0.09494667334493989,0.11248906903610276,0.01856145551793986,0.012227589157141778,0.0180903760555082,0.026408434164384608,0.019364831740808636,0.01006736089875813,0.018393928452741636,0.03216216806409869,0.25626754458739043,0.23361453193078893,0.2559707423848028,0.2800939867030466,0.31528953037517776,0.29043483004866694,0.3149108108784576,0.34120535526092405,0.3698093397184873,0.32474942790879036,0.3686971166958035,0.418312091320237,56.30430607572823,51.17566290744637,56.19399444741062,61.91062272184789,27.345675112949955,23.809050570550184,27.237499497352196,31.26311420482517,22.885928030269334,19.13452503990232,22.768307214789928,26.974991243926475,4.451055594657496,2.932188107471755,4.338090268486922,6.332768921053593,4.643706016277651,2.414163210883098,4.410882436895897,7.712520063938929
23697,Julio Rodríguez,OF,SEA,659.737,0.24084756679513297,0.22449420248604962,0.2406574614227995,0.25811656286603324,0.13734845577530416,0.12198092199661124,0.1371557512623019,0.15392410224342068,0.12715829294922934,0.11184672772148845,0.12678532829663214,0.1430030804505173,0.03844490271919678,0.028789312373074874,0.03792760754614819,0.049705120150835655,0.033632038515619495,0.022923031899492054,0.03303092388179168,0.04672218716227448,0.2665995609941663,0.2481115905156018,0.26644071084824544,0.2852499650781315,0.32935071519584735,0.3065559879216548,0.3291068224229508,0.3530490065945203,0.4636809901572992,0.41613399438649856,0.4626043512309321,0.5146752193316396,158.89605117472064,148.1071316655389,158.77063162669347,170.28904683554816,90.61385816783184,80.47532753527831,90.48672387053726,101.54942544176762,83.89103071544571,73.78942460679161,83.64497213443519,94.34442328718292,25.363524785254725,18.993374577075297,25.02224601967317,32.79230685295186,22.188300194179256,15.123172296275188,21.791722629001594,30.824355591877474
23698,Ronny Mauricio,2B/3B,NYM,145.599,0.2178335255297033,0.19686784234181795,0.21725814854238745,0.24019058286862893,0.11492442349769194,0.09972881601702224,0.11440153124776034,0.13138013895956432,0.09590822502455244,0.0794684934766261,0.09563848137481623,0.11363962355915477,0.022234774777597742,0.014452962866043645,0.021628990261077286,0.03229572816213861,0.02526588063329503,0.01300726739635764,0.023841202733867563,0.04208810148851884,0.23802336337153582,0.21602988176868074,0.23766694193889665,0.2614385247949703,0.3048492985219216,0.27980965833750326,0.30418663391574075,0.3312065501148385,0.3662766985497414,0.3211671438673714,0.3647639562632192,0.41565551946683543,31.71634348359927,28.66376097712635,31.632569169623068,34.9715086750895,16.732881136840447,14.520415883262421,16.656748548142655,19.128816852373603,13.96414165534981,11.570533181703283,13.924867249691868,16.545815550589374,3.2373609728434536,2.1043369403330883,3.1491593530225916,4.702225724679219,3.6786869543271226,1.893845125642276,3.471255276848383,6.127985488626854
23733,Ezequiel Duran,3B,TEX,282.177,0.21745748495598288,0.19907516752782486,0.21711981727363033,0.23691823469996967,0.10284412204810721,0.08944934006781302,0.10276080239824001,0.1168739245847111,0.08441229412096753,0.07139381211828358,0.08400681304524119,0.09856766089415334,0.015239191863525035,0.010366903468588536,0.01490544914846721,0.0212015732638909,0.018353255064440945,0.00998288001476964,0.017368415906526626,0.02999950059102426,0.23249894492408357,0.2117414997194308,0.23214140250549967,0.2537667817526365,0.2875282530796324,0.2641105673229919,0.28750189845061525,0.3115833152490925,0.32499141425050015,0.2850387017435873,0.32448390939300903,0.36787864195697445,61.36150073242439,56.17443354749904,61.26621867882119,66.85287671293335,29.02024582716875,25.240546432315277,28.996734938328174,32.97913341754003,23.819207918172257,20.145691722100906,23.704790484667022,27.81352684812951,4.300149442473904,2.9253017200559075,4.205974924367032,5.982596338884943,5.178866454318753,2.816939133927653,4.900967495255964,8.465169078273453
23772,Wilyer Abreu,OF,BOS,506.983,0.22989644134060885,0.21075902020896223,0.2296652841075496,0.25046327524923395,0.1336613829162299,0.11680660523782463,0.1332867091956963,0.15146034281926873,0.14023104416300344,0.12043102004812493,0.13969367984363104,0.1620786528419372,0.047859511164867266,0.034002257230652914,0.047094073671707946,0.06434982672756656,0.014346430487670541,0.008020729076211815,0.013661318124563122,0.0230486293240862,0.25659339346124943,0.23523130871117212,0.25617809176274875,0.2790068428448648,0.3274256210213106,0.3014769434414422,0.3271770001276529,0.3539406702725618,0.4749783907972037,0.4218321238974709,0.4731967567732078,0.5332627430282576,116.5535875201859,106.85124034260029,116.43639473269782,126.98062267568238,67.76404889501897,59.21896314328804,67.57409568816169,76.78781898354133,71.09475546289198,61.056479837058525,70.8223208881636,82.17112165376385,24.2639585488979,17.238566377568105,23.87589475230351,32.62426820382188,7.273396367930674,4.066373289245095,6.926056046745385,11.685263240613194
23782,Leo Jiménez,2B/SS,TOR,116.096,0.21805463167470446,0.19469768395136908,0.21738203919356996,0.24339230356282932,0.11042210999969976,0.09456175172416498,0.11009920535898632,0.1276970698794972,0.10075649647655285,0.08222116951806954,0.10025963010976369,0.12131446152808019,0.023558940813646345,0.014345638437822128,0.022864276089055006,0.03508771067640517,0.007005661098214067,0.0020473788047518852,0.00604921924879116,0.015085349024857678,0.23957038550953197,0.21489508935177948,0.23918552615784067,0.26560072930656664,0.31120677121117224,0.28305552438067816,0.31099378776663633,0.3415970635520285,0.37698944795819567,0.3275453807600085,0.37651955994591685,0.42989669211159076,25.31527051890649,22.603622316018146,25.2371852222167,28.256872874430233,12.819565282525144,10.978241128168657,12.782077345356877,14.825119024730107,11.697426214941881,9.545548896369802,11.639742017223126,14.084123725563998,2.7350987927010864,1.6654712400773979,2.65445099683493,4.073542858687935,0.8133292308582604,0.2376924897164749,0.7022901579076586,1.751348680389877
23789,Blaze Alexander,3B,BAL,353.89,0.21936162171626739,0.19858388405583677,0.2189679179703261,0.24135043685313118,0.1183117577300302,0.10303308004647856,0.11795568889072647,0.13488965414055096,0.10596980206875836,0.08940065997704964,0.10546328392279841,0.12409513053564493,0.02596200026863379,0.01746743254410256,0.02539947959913807,0.036285297158348044,0.012584373993785243,0.005977612466936352,0.01180264193287612,0.021879752775553946,0.2437330234873269,0.221340419343002,0.24344262472624828,0.2673203792012201,0.31807828958105966,0.2928536630420863,0.3175621159221359,0.34473286260081926,0.3890854846584169,0.3420676398674077,0.3875214410259271,0.44171063209261197,77.62988430916987,70.27685072852007,77.4905564905187,85.41150609795459,41.869347943080385,36.462376697648295,41.74333874153919,47.736099703799574,37.501653254112895,31.637999559278096,37.32240154743913,43.91602574525938,9.187692275066812,6.181549703032455,8.988621835338972,12.84100381136779,4.453484112660659,2.1154172759241057,4.176836953625529,7.7430257097407855
23792,Alek Thomas,OF,ARI,437.146,0.21699591188989012,0.2000923704174438,0.21658514573973522,0.23494334784913096,0.1139767000761837,0.1000419093185617,0.11351571828541908,0.12892940042277598,0.10079840123690617,0.08647620945568672,0.10045265785493138,0.1163083604821153,0.02438511001916632,0.01717532363385354,0.023917848534189476,0.033095480175342355,0.018785115366928788,0.010844423032251041,0.017896741417713132,0.02929680643767485,0.23416726420704087,0.2149932477264003,0.23405428209429152,0.25382833033783025,0.29345742779316347,0.27100677916160354,0.2933126822571608,0.3171626000394312,0.37174842833738986,0.3292501678499394,0.3709199651377112,0.4166479125213069,94.85889489901791,87.46957935850389,94.6793301195423,102.7045447388562,49.8244585315034,43.73292049097198,49.62294218559781,56.36097167721483,44.063617907108586,37.80272905871563,43.91247757065183,50.84373455131478,10.65985330443848,7.508124025244539,10.455591815326793,14.46755677673021,8.211838042191452,4.740596150856414,7.823488923787625,12.80698174700381
23800,Parker Meadows,OF,DET,467.729,0.20969581593452355,0.19169486694603421,0.20931522547264586,0.2291698777452382,0.12005436295403077,0.10522439785572671,0.11980213105646274,0.13601727948320547,0.09723864274026799,0.0825121412564873,0.0969102308438248,0.11278203002887864,0.024571225956629892,0.01677211472739766,0.024086928469958226,0.03389839139227369,0.02440947618965077,0.013978673780995385,0.02338751058250027,0.03833082673261113,0.2326101666584437,0.21244292933478381,0.23244028539617945,0.2534794079602047,0.30882313751498713,0.28441940151892725,0.30863859519537595,0.3335472377998868,0.37366130733341285,0.32946570316604606,0.3724735718641624,0.42143691595368404,98.08081429123877,89.66124842180163,97.90280109509517,107.18939774790252,56.152907130125854,49.2165023846612,56.03493095690826,63.61922611540021,45.481333130262804,38.593321317755546,45.32772536235133,52.75142612337738,11.492674945468542,7.84480444933098,11.266154966325091,15.85526070751678,11.417019888709165,6.53823110891119,10.939016937242268,17.92843925681747
23986,Curtis Mead,2B/3B,CHW,98.3279,0.22146760642548521,0.20070164250768577,0.22112867467169442,0.24350980935407102,0.10407963193568348,0.09052170498900051,0.10368957751439725,0.11867239357428347,0.0830038755433256,0.06906862250095029,0.08267547924445082,0.09813371004764362,0.015035789366809611,0.009771818199456096,0.014646379323562407,0.021635172677936687,0.01509129013959196,0.007376758293383176,0.014253524942337205,0.02594093964868321,0.24018523056379637,0.21865328148757612,0.24002525459391483,0.26256412880576974,0.30298052821376614,0.27772868242535254,0.30294561484453164,0.32762828711628994,0.33243031527477396,0.29292629057234115,0.33176546810787677,0.3747794453089765,21.77644465784447,19.734571034331477,21.743118210250902,23.94380818318616,10.233931641008692,8.900809155987943,10.195578408877902,11.668807248132788,8.161596774036566,6.791372606411191,8.129306255600435,9.649281628193698,1.4784375932807188,0.960842362734299,1.440147721489312,2.127341095558891,1.4838948677167842,0.7253411517959516,1.4015191751776384,2.550718119681758
24064,Ezequiel Tovar,SS,COL,629.418,0.24031330161549147,0.2228654331491203,0.24006489873275325,0.2588433961082727,0.12193475850776511,0.10789454207236793,0.12159521625834482,0.13711588931765517,0.11572983335804213,0.10069152614118415,0.11538681359553564,0.13176161428074615,0.030259052468740298,0.021983614538129262,0.029823832666214148,0.04017681350396884,0.0125036701371763,0.0075332462994889314,0.01199002200643855,0.01925315457468375,0.26001382324949346,0.24116289088894888,0.2597550696881968,0.27978813273671554,0.31202495489747845,0.2896524009036668,0.31186550306492067,0.3353788215062517,0.42362268553483734,0.3785692064092446,0.42235521038612706,0.47229287891140137,151.2575176762194,140.275515201853,151.10116843057207,162.9206926916768,76.7479318304405,67.91076688210568,76.53421782689489,86.30320882253989,72.84244025255217,63.37705900073185,72.62653743967485,82.93313173735868,19.04559228676958,13.836882695360243,18.771657109103177,25.288009602041058,7.870035050401232,4.741560819331724,7.546735671248539,12.118282046088297
24257,Jhonkensy Noel,OF,BAL,29.9987,0.18841665222495482,0.1711742893076174,0.18811507366766267,0.20686227325461912,0.11016926129861442,0.09558328695703258,0.10981944748096928,0.12558685870480504,0.12398925280987422,0.10543545667070724,0.12346741062984931,0.14432411479976034,0.04710583118750071,0.03248899191419727,0.046201815305689876,0.06448193030981332,0.005857256103991623,0.0019213330253384626,0.005203761122033618,0.012058787566105102,0.20119735897388963,0.18263650356779748,0.200763229740118,0.22084580082621805,0.2669301929937938,0.24428524533067578,0.26668398016322914,0.29088101090474916,0.3919864216759808,0.34755923057275867,0.39081632427864754,0.4394611195681029,5.652254625100752,5.135006152652422,5.643207660434112,6.205599276683342,3.304934618918744,2.867374350437933,3.294440659147353,3.767442498227835,3.7195163982675736,3.1629266340275453,3.7038618112616604,4.329535822643571,1.4131136980444776,0.9746275217364295,1.3859943968107988,1.934374082784997,0.17571006868681352,0.05763749302722094,0.1561060687715499,0.36174795055931713
24262,Ceddanne Rafaela,OF,BOS,549.458,0.23282749964251745,0.21391791382137737,0.2325227649219922,0.25244660678815545,0.12813191448138214,0.11311789783076925,0.1277837502898546,0.14400201905502139,0.11660423201791847,0.10133444171444059,0.11607895329341139,0.13352923443796724,0.03137041517370851,0.022932960531482978,0.030805647683440303,0.04126969789293789,0.03028385658423535,0.019748403366012007,0.0295077078982419,0.043420430091978116,0.2541127197288771,0.23398106482884581,0.254117005639773,0.27514145989057337,0.31268368379131517,0.28839850918279564,0.3123976893782733,0.3374616354978312,0.4240830812038381,0.3782326539623793,0.4232627711274761,0.4715011926086842,127.92893229857835,117.53890909246635,127.76149336850798,138.7088076726063,70.40310546711126,62.15353390629881,70.21180386676292,79.12306138593394,64.06912811610144,55.67901967553309,63.78050951869123,73.3687060958166,17.23672558051553,12.600698627707573,16.92640956484774,22.675965664857866,16.639707271060786,10.850918216682224,16.213246166352196,23.85770267747811
24336,Johan Rojas,OF,PHI,104.464,0.22660036985446871,0.20778933711955264,0.22623674388263793,0.24700698755012362,0.11866282749537402,0.10412928614815019,0.11829648521638896,0.13435741116883423,0.0891900027902816,0.07577144718854871,0.08893527773100204,0.10403905501854405,0.01776738592627833,0.012238228999628873,0.017413581073153217,0.02457168473323468,0.05299014445031123,0.03394448596796739,0.051307771763281385,0.07814501112964144,0.24692732553018487,0.2267242801151316,0.2467463115552488,0.26781154533841695,0.3058976711481372,0.28201582999526303,0.3058523897672366,0.3302517260957115,0.35909905483573257,0.3185835410248938,0.35826489488376106,0.4033969556486747,23.67158103647722,21.706505312856947,23.63359521295589,25.803337947436113,12.39599361147675,10.877761748180362,12.357724031644855,14.0355126003411,9.317144451483976,7.915388459104553,9.290534852891398,10.868335843457185,1.8560522034027394,1.2784543542172306,1.8190923332258777,2.566856473972628,5.535562449857312,3.5459767821577453,5.359815069479427,8.163340442646863
24488,Max Schuemann,SS,ATH,107.61,0.19186361956536968,0.17310750805852756,0.19160839556870374,0.21118272887828252,0.10556910285217719,0.09140209575190372,0.10505060418574969,0.12134326201197898,0.0744610171260436,0.06236340698230939,0.0740696028913847,0.0881680661236559,0.014489837313349485,0.009507684528614007,0.014132611188642064,0.02080568166379382,0.025453558224894972,0.013822804460200296,0.024154667064570853,0.04097269626222184,0.21027799772483943,0.18923902510547222,0.21003517070534602,0.23214976433385295,0.2897593989333765,0.26343160431718227,0.28956689129875995,0.31663688763393394,0.3018041118923632,0.2630632920988998,0.3003322932418816,0.3446357516269725,20.64644410142943,18.628098942178152,20.61897944714821,22.72537345459198,11.360291157922788,9.83577952386236,11.304495516428524,13.057748425109057,8.012750052933551,6.710926225366314,7.970629967141908,9.48776559556661,1.5592513932895382,1.0231219321241534,1.5208102900097724,2.238899403840853,2.739057400580948,1.4874719879621539,2.5992837228184693,4.409071844777692
24589,Richie Palacios,OF,TBR,172.982,0.21849049940638476,0.19800835974942932,0.2181060300944293,0.24072819347354324,0.12500931022870837,0.10896737558217306,0.12461804922642597,0.1424591940585322,0.09683622705935709,0.08131102581728071,0.09629181097064751,0.11403310663165912,0.02288748772685008,0.015187936383065889,0.022352509593397123,0.03274866361491517,0.04143360034977322,0.024345634836327984,0.03984745053357194,0.06426007540129834,0.24374160602416187,0.22043784581204084,0.2432999167463727,0.26825342125354873,0.31935687470151114,0.2930271404627394,0.3188153600374165,0.3471336926359079,0.379647933113765,0.33160008503047544,0.3787786681741411,0.431524181583721,37.79492356831525,34.25188208617578,37.72841729779457,41.641644363440456,21.62436050198243,18.84939456295546,21.556679391285616,24.642876306633017,16.750924229181706,14.065343867924852,16.656750045324547,19.72567485135766,3.959123401965981,2.6272396114155034,3.8665818144850213,5.664929329435256,7.167267055704471,4.211356605257687,6.8928916881983415,11.11583636306739
24598,Addison Barger,3B/OF,TOR,457.567,0.21807966625686537,0.19904995346025514,0.21787127990500443,0.23787344121818677,0.11979453695782095,0.10485982230347826,0.11928573845969137,0.1363263426328743,0.133986842580192,0.1156971498809792,0.13342211508424295,0.15395311352824576,0.04406806355878324,0.03146726445436692,0.04323675498446662,0.05924562260189633,0.007948007339999136,0.003657605832700497,0.007464171329013919,0.013894449484985553,0.23702156076187642,0.21635074628985626,0.23676081411732314,0.2582557554970993,0.30067869925611485,0.27657967214408735,0.3002709673068159,0.32536488385853907,0.43296255791206834,0.38382463574017534,0.4314563342116854,0.48510368327125286,99.78605865015511,91.07869005494857,99.69070793229317,108.84303687788207,54.814026892179264,47.98039431193564,54.5812174897856,62.37843561949639,61.30795759889072,52.93919777959001,61.0495569327518,70.44386429777883,20.16409163840177,14.398381794591309,19.78371226797744,27.108841797081897,3.636745874541385,1.6735997280512684,3.4153584825029117,6.357641567496385
24605,Michael Helman,OF,TEX,149.508,0.21720844816233634,0.19188203306045803,0.2163431926396714,0.24542438205419403,0.1330749954779087,0.11326779669482155,0.13246258571987912,0.15476463003390914,0.1339143285580765,0.10772953499755927,0.13291649116797122,0.16325011763313507,0.04661663980954336,0.027565316234391495,0.044919863045318184,0.07156590916383031,0.02589222320896184,0.00939797794752334,0.023340267584776975,0.05124497974435535,0.24119040305103737,0.21286505599645372,0.24076810945505245,0.27052546791488935,0.31367926003930935,0.2830235215496286,0.312947113884411,0.34506158809943027,0.44771764846304485,0.37928888099551883,0.44522822225148706,0.5234882607213194,32.47440066785458,28.68789899880296,32.34503804517199,36.692908512158446,19.895776423911173,16.93444174824938,19.80421626580769,23.13855030710969,20.021263434060902,16.106427318415093,19.872078761541044,24.40719858709476,6.969560584645209,4.121235299571404,6.715878884179432,10.699675947265943,3.871094507525467,1.4050728869783196,3.489556726064836,7.6615344316190805
24610,Steven Kwan,OF,CLE,647.684,0.24304556168475053,0.22382065514693075,0.24305746086898505,0.26204861411473274,0.12540827428710588,0.11039658469549066,0.12492662782545415,0.14157716467363418,0.08899467335336418,0.07646587020553174,0.08868508335834577,0.10234743462120216,0.016699625265248697,0.0118927189640255,0.016427622637373983,0.02259148929816127,0.022212735189953762,0.01402444589248011,0.021461199536753656,0.032769611454908,0.2726360353377127,0.25134331386597464,0.2727019107282169,0.2944752117294861,0.3459196479947691,0.3204894650742605,0.3454774298292629,0.37258200303253264,0.3823281657922781,0.33699173956198386,0.38163056035977894,0.42956426163683986,157.41672157422596,144.9650572081847,157.4244284854677,169.72469458428654,81.22493272336988,71.50210156191417,80.91297801650144,91.69726432447807,57.64042601620032,49.52572067819961,57.43990952986682,66.28879584519869,10.816080090297337,7.7027237894958915,10.639908340264931,14.632146154590282,14.386833178770011,9.083409213425087,13.900075560762755,21.22435302556063
24617,Jarren Duran,OF,BOS,602.534,0.2556330373530169,0.23683865875919605,0.25523256223578106,0.275713712232418,0.14134356033868956,0.12480580598750624,0.14108154348645455,0.1590844706245244,0.12286841247255978,0.10730056547859468,0.12244366996807088,0.14017182623877109,0.03246031228900421,0.02355122998860866,0.031950245889631204,0.043018368536723965,0.0361527216514717,0.023853229688908482,0.03535267022899545,0.05127948779789788,0.2850981650020651,0.26375240150275686,0.2848556094166921,0.30752759797087065,0.34744695025540334,0.32218682123760695,0.3469341922579645,0.3734822161373775,0.4679409002207732,0.41757051984286425,0.46673297325309016,0.5231572816239748,154.02759652846268,142.70334441681342,153.7862966541741,166.12688588624772,85.16430078511198,75.19974150487609,85.0064267230674,95.85380242327719,74.03239604074133,64.65223892007957,73.77647424054162,84.4582911509517,19.55844180474286,14.19041680995633,19.25110945686305,25.920029667906437,21.78324398754785,14.372381897376783,21.301185803757544,30.8976349008186
24618,Ryan Jeffers,C,MIN,504.215,0.22426144642283727,0.20657174598833394,0.22384292723514948,0.24305182829637648,0.11846406232823808,0.10353316495961563,0.11812708229955468,0.1349617333900905,0.1254572422557988,0.10841381284147908,0.12517735333862418,0.14351766540768573,0.03492506630002812,0.02482407071271517,0.03427563825908688,0.046758391342373244,0.004498977994069022,0.0019723250908028622,0.004155066139416821,0.008150929484309892,0.25455395813626,0.23360590206207021,0.2543175656059322,0.27676566930811347,0.3340444014395057,0.30917377876327684,0.33384602322178303,0.3600752030897696,0.4309306706244158,0.38271904053283523,0.42991218532486486,0.48340466055691583,113.07598520809088,104.1565729035078,112.86496155587089,122.55037760445745,59.73135718683256,52.2029747701126,59.56144680166996,68.04973040128448,63.25742340400759,54.663870641866374,63.116299213634385,72.36375966353626,17.609742304468675,12.516668814411679,17.282290944805492,23.576282290694724,2.268452189279512,0.9944758956591652,2.0950466734860522,4.109820909931312
24641,Willie MacIver,C,TEX,24.9079,0.18677750758841327,0.16522157728755818,0.18638969059547103,0.20979889698070978,0.09725609714523505,0.0828134887968973,0.0966627980047412,0.11347741444848554,0.09335981630748252,0.07449982887332277,0.0928009729879714,0.11503659426760342,0.02194476029789172,0.012672308229551111,0.021028900318613625,0.03411025735870049,0.010204701442504096,0.0030004447788523378,0.008658478019472636,0.022529032800278417,0.2015279127540263,0.1772993276530795,0.201047755720537,0.22754120003172904,0.27120422298263225,0.24383172700801564,0.2711217415150756,0.3004621291427112,0.3185325663793259,0.26918402504094546,0.3166574713270419,0.37206274519340665,4.652235481261439,4.115322524920771,4.642575774382933,5.225649946105821,2.4224451420838,2.0627100976042385,2.4076673064222933,2.8264840913414333,2.325396968605144,1.8556342875938363,2.3114773550870926,2.865319986358039,0.5465978950238571,0.3156405861508361,0.5237857462459964,0.849614879264776,0.2541776830597478,0.07473477850717615,0.21566450466122247,0.5611508960860548
24679,Brendan Donovan,2B/OF,SEA,548.189,0.2472941746970595,0.22762997079162425,0.24676935330181932,0.26887597084312415,0.12134565187771314,0.10613967984487649,0.12089098459413661,0.13781692364659975,0.10470278151042235,0.0897721953557195,0.10435018928932015,0.12110185392034696,0.022589765498052042,0.01590019291346414,0.02212851686850053,0.03081533455024671,0.007039179820002571,0.00359199089455052,0.006637731068133231,0.01195541551373144,0.27738629077690147,0.254154444942326,0.2769701376347158,0.3007191461591624,0.34946675267270616,0.32258583192178003,0.3489250289214947,0.37694131955838295,0.4177645529084543,0.36901877029991925,0.41593466218414754,0.47206336463181825,135.56394633300633,124.7842460582897,135.27624501717102,147.39484958052137,66.52035155719169,58.18460495448299,66.27110795367516,75.54972155690587,57.39691309341691,49.21212999985651,57.20362591632312,66.38670419874107,12.38346095861165,8.716310853038994,12.130609533626435,16.89262743176519,3.858800946347389,1.9690898964927548,3.6387311565088876,6.553827275056924
24703,Jonah Bride,1B/3B,TEX,28.532,0.1860988229843531,0.16883907876283835,0.18560471324939862,0.20503410805594807,0.09064748725344303,0.07734221409380111,0.09024098688271519,0.10555446475007305,0.08207526229692665,0.0674734242019559,0.08154701019596283,0.09828127380867428,0.0160231133060844,0.01015890408602835,0.015519241654425774,0.023431885665304616,0.002284359834178796,6.488274681388414e-4,0.0019378746952360827,0.005142172420586266,0.20331086487723798,0.18253135486995306,0.20295571284052244,0.22502898354337192,0.28362171824154275,0.2580871673828476,0.2830233032302554,0.3103397984155636,0.29561976448550054,0.2551302515619416,0.29435387045685063,0.34076768977191496,5.309771617389562,4.817316595261304,5.295673678431841,5.850033171052311,2.5863541063152367,2.2067280525243333,2.5747558377376296,3.0116799882490843,2.341771383855911,1.9251517393302058,2.3266992949112115,2.8041613043090945,0.45717146884920007,0.28985385138256087,0.4427950028840762,0.6685585618024713,0.06517735478878942,0.018512345320937422,0.055291440804475914,0.14671646350416734
24729,Logan O'Hoppe,C,LAA,447.752,0.20577768390357332,0.18938875310652717,0.20540472737137794,0.2232580017749872,0.10609670020980909,0.09325466548001585,0.1058760176140334,0.12009026686030166,0.11869011514663894,0.10233253458610281,0.11838114269085542,0.1359092583085748,0.03444365196091833,0.024772666202259562,0.03386265704487135,0.04581796002920232,0.003482921526822887,0.001526247246097291,0.003199680186499643,0.0063926986174956965,0.2251356420279456,0.20696565890585147,0.22497221282788316,0.2441524667305177,0.2928601729587547,0.26954432778847837,0.2928637357693531,0.3168482438517997,0.38856153788737585,0.3449283460688184,0.3873010663525024,0.43446027821924016,92.13736952319276,84.79919298095375,91.97037748998922,99.96421681075407,47.50500971234244,41.75496297800806,47.406198638718685,53.77065716723379,53.143736437137875,45.81959702599671,53.0053934021159,60.85364222618099,15.422214052805105,11.092010837394124,15.162072417155235,20.5150832389954,1.5594850794780013,0.6833802569345543,1.4326632028655881,2.862343591380933
24759,Mickey Gasper,C/DH,BOS,38.0105,0.16660809638424878,0.14633043719014585,0.166391735709374,0.1875809410469348,0.09016251249476957,0.07551284497566034,0.08970342861564926,0.10605992921165122,0.07724365707917713,0.06054794059674566,0.07659029606276829,0.09622473370243292,0.017058310735129284,0.009290449552199811,0.016208320132231203,0.027805415517842373,0.009059120852222442,0.002184024199824182,0.007374426719073477,0.021733436473376434,0.17717412027115678,0.15421167609581923,0.17689085045030545,0.200862556196419,0.2547493160086005,0.22812177489583074,0.25455178576436166,0.28242611171261695,0.27296389355927114,0.23013980600353412,0.2718212390360556,0.32101560205736035,6.332857047613488,5.562093082816039,6.32463307018116,7.130045359664515,3.427122181182439,2.8702809939473375,3.409672173395136,4.0313909392994685,2.9360700274080624,2.301457496052601,2.911235448493854,3.6575502403963265,0.6483949201976317,0.35313463270389095,0.6160863523861742,1.0568977465409475,0.3443417131534011,0.08301585184741707,0.2803056468053424,0.8260987870712749
24770,James Outman,OF,MIN,218.871,0.1550701503779204,0.1401990900045008,0.1548220015144046,0.17027165526301655,0.09676959014303733,0.08319293599266067,0.09632678826280636,0.11175753883652507,0.08502078093413032,0.07071453991227064,0.08447127184441414,0.10100666463573174,0.024523014273850514,0.016090146518118423,0.023795061309884718,0.03545045466034505,0.011498572960933972,0.00555191348856713,0.010761011310300172,0.02001325307723718,0.1638741362284298,0.14642401118429504,0.16369560342707035,0.18161407155472775,0.24523706503114576,0.22198553868047707,0.24512504574471938,0.26889573132277655,0.28849969524740854,0.24886770758424873,0.2870987190110377,0.3327116077608066,33.94035888336582,30.685515028375093,33.886046293459245,37.267527459071694,21.180056964196726,18.208521093649633,21.083140473868692,24.46048428268908,18.608583343834038,15.477362065138587,18.488311739858766,22.107429695487244,5.367376657131937,3.5216664585670974,5.208048863955779,7.759076461964382,2.5167041625325792,1.2151528571561763,2.355273306496709,4.380320714267979
24816,Andy Pages,OF,LAD,579.604,0.2399209973073814,0.22088438245205075,0.23966135513292305,0.2600111978308125,0.13175219521932705,0.11589687616721438,0.13124678865808978,0.14925548506691783,0.1295404863999606,0.11259249890356925,0.12918643016971054,0.14774890297561583,0.03896911288725522,0.028382950129367663,0.038422799689465006,0.05130502984465896,0.015079417440308813,0.00873588961096999,0.014579548221431045,0.023044528669932614,0.2647464569323869,0.24399825011833182,0.26444261490307636,0.28593094665835933,0.32759615478433557,0.30268479906945206,0.3271679426255011,0.35356564492826303,0.461825159640426,0.41175024483862344,0.4608234170834491,0.5151958513499905,139.0591697233475,128.02547160673842,138.90868008046274,150.70353030753026,76.36409935790284,67.17429301402213,76.07116369338347,86.50907616672585,75.08218407936278,65.25906273450435,74.87697167208492,85.63585516027884,22.586653705904677,16.450871426782015,22.270008391212677,29.736600518083716,8.74009066607275,5.063356562076651,8.45036446733432,13.356700995207625
24878,Heriberto Hernández,DH/OF,MIA,343.934,0.23785068201572612,0.2141822647424545,0.23735111375971002,0.26343231160349634,0.12406442155799187,0.1073003366347897,0.12368544483384299,0.14218555204950933,0.13611843512762523,0.1145884320186391,0.13581753314695974,0.15922976059431082,0.040558415432390756,0.027096963455126424,0.03961503041058064,0.05723697299577448,0.005632448477092233,0.0018678902501325953,0.004948689963848845,0.011672293889657539,0.2662644257579931,0.24085700872850827,0.26577973123590276,0.29338232368432865,0.33877310504099806,0.3090990639381837,0.33859947306605265,0.369476873569512,0.4630114629777018,0.40686619989090084,0.4618669200298371,0.5221944355725396,81.80493646839676,73.66456304193134,81.6331179598321,90.60332865903692,42.66997276412638,36.90423398014976,42.53962978348296,48.902445658595944,46.81575786718466,39.41085777789862,46.71226744536646,54.764528480243705,13.949418053323884,9.319567028975452,13.624955869232643,19.685741070328703,1.9371905345202403,0.642430965289104,1.702022734026389,4.014498726645476
24934,David Fry,DH,CLE,225.525,0.1968891008792886,0.17828978081191205,0.1964417784090231,0.21715341226747,0.10797645628513922,0.09284822464412121,0.10767238855544178,0.1241954595268823,0.11858458476071156,0.09933283537756243,0.11786544220773636,0.13983259113142163,0.03658893268169385,0.02488064914406863,0.03568517094250793,0.051413345480297704,0.006965223459561244,0.002948053718800801,0.006382225016634692,0.012905528917654447,0.21345042646808496,0.19155587731025786,0.21345874167067924,0.2358103443400416,0.28526890009301137,0.25947333421120844,0.28451174286575054,0.3127601392716195,0.3816097720026837,0.3309407662852591,0.3805447725215774,0.43745784931331966,44.40341447580156,40.20880281760647,44.302532075694934,48.97352330162118,24.351390303706022,20.939595862865435,24.28281542896601,28.00918100980013,26.743788478159473,22.40203769852477,26.581603853899743,31.535745114913865,8.251719043039007,5.611208398216078,8.0478981768091,11.59499473944414,1.5708320207175495,0.6648598149325506,1.439351296876539,2.910519409154019
25040,Vinny Capra,3B,NA,NA,0.14251822986062304,0.12580674086701574,0.14209045511830476,0.16094525036539264,0.07373810796214861,0.06218932134928997,0.07339404537930734,0.08637402910261585,0.05809862745932739,0.045311852795000676,0.05754384891385307,0.0725080445806044,0.010695420810810784,0.005972905507333398,0.010166779731552491,0.017164033750917608,0.013654816387847695,0.004104617095797071,0.011691095513541451,0.029524740787178875,0.14114090242391458,0.12307548576415764,0.1406963209211302,0.16043319488595278,0.2021102615238797,0.17957959924059777,0.20152706663181447,0.2258335014477367,0.2068072406983678,0.17409715227141515,0.2056950345387809,0.24240262718581895,NA,NA,NA,NA,NA,NA,NA,NA,NA,NA,NA,NA,NA,NA,NA,NA,NA,NA,NA,NA
25180,Daniel Schneemann,2B/OF,CLE,213.979,0.19782412121962156,0.17911153739788283,0.19725148548372956,0.2183159198004393,0.11243870379266052,0.09726297038715331,0.11206698775003601,0.12891825154892042,0.09838755788555499,0.08281439712033578,0.09808041305705997,0.11587845411651056,0.02623335488721087,0.01782491969120093,0.025732646876116254,0.03667522011046334,0.015879357607654663,0.00826758682629263,0.014994150972251997,0.02624599316373057,0.21699747859140442,0.19468512874005517,0.21680845540090735,0.24026197053878628,0.29251079940236224,0.2667628392637601,0.29224024764719614,0.3198999199011247,0.36018705374000937,0.3142307699415976,0.3590810259972065,0.40996384365622573,42.3302076344534,38.326107660861574,42.20767561232297,46.715022202978204,24.059521398849707,20.81223314047268,23.979981971764957,27.585798548186446,21.052871248793174,17.72054188141233,20.987148705536637,24.795555733396814,5.613387045410495,3.8141584906034844,5.50624604590448,7.847726924016836,3.3978490615283374,1.769089961503271,3.2084334308915103,5.616091371181904
25353,Michael Stefanic,2B,NA,NA,0.20123902077159475,0.1783690451462399,0.20059852992037486,0.22674087765892598,0.09485765796680579,0.0800612672904184,0.09425802001889691,0.1108135289774526,0.07489083305864241,0.05935873897448307,0.07444336062357308,0.09210101654813256,0.013310356780834259,0.007594247677980708,0.01271053995033152,0.020947797467197916,0.007566854562716745,0.0021139715952752714,0.006396151720083446,0.017137413314923026,0.2173486645350947,0.19191021489202267,0.21671803095351777,0.2446177356660109,0.2860851471989912,0.2575103177069105,0.2859020968810485,0.3159352414074746,0.2966315717329297,0.2503051351520865,0.29541912867649056,0.34715009989470524,NA,NA,NA,NA,NA,NA,NA,NA,NA,NA,NA,NA,NA,NA,NA,NA,NA,NA,NA,NA
25477,Isaac Collins,OF,KCR,397.236,0.23420521371542175,0.21133793118887315,0.23368889029887674,0.2589436534053724,0.13225765629115335,0.11524132149314992,0.13175211126092984,0.15132803550982882,0.11062643489607075,0.09350291686425145,0.11007874893689223,0.1298203303913051,0.027985509958959365,0.01877334864593375,0.027299842037441877,0.03900687155388188,0.03073762867852412,0.01767277069808419,0.02955542982377367,0.04796655491708956,0.2631250869348728,0.23753896310875194,0.26292919571660867,0.289812004806115,0.33783675664535273,0.3084789011810753,0.33758548687834905,0.36894919712869273,0.42381766382467995,0.37266139970683065,0.4227092958661097,0.4817171774915828,93.03474227545927,83.95103443374322,92.8296400267646,102.86174110413651,52.53750235447259,45.7780015846529,52.33668166884672,60.11294351378236,43.94480249237556,37.14272468348779,43.72724191269532,51.56930876332048,11.116852034057182,7.457449922716139,10.844480051585261,15.494933628577824,12.210092665742206,7.02026074102417,11.740480721476557,19.05404240904499
25479,Brenton Doyle,OF,COL,568.541,0.2185943760859373,0.20097879433845228,0.2181041637772423,0.23707590190678318,0.12398849878964553,0.10847480697994755,0.12363730349766897,0.14098013673737583,0.11567848217511752,0.09975777840690388,0.11516292820429017,0.13295205223426634,0.03300729485192823,0.02343577745842831,0.032392169521841374,0.044547082939013154,0.03299361261986457,0.02107472382957419,0.031885791973302866,0.048589560120934246,0.2384787263728607,0.21746714130528674,0.23841406211676358,0.2601547034121349,0.3007028654701461,0.2759983426210345,0.3005170532579797,0.3259576617375387,0.40712748051586173,0.35749457490262343,0.40664020519292976,0.45849425882433453,124.27986517427489,114.264684711978,124.00115937807712,134.78737034598444,70.49254509036386,61.672375235186365,70.29287616786822,80.1529879208044,65.7679599343235,56.71638709323954,65.47484636419534,75.58869272932203,18.76600042241013,13.32420035199229,18.41627645211722,25.32684308122948,18.758221512510424,11.981844560789941,18.128380054293586,27.62515710071608
25483,Nick Sogard,2B,BOS,124.258,0.22968481648960384,0.20383410412971584,0.2291498385738825,0.2575136529644068,0.11547143870907235,0.09852410719642164,0.11500168261611199,0.1339909969814788,0.09405169381452702,0.07560953817472967,0.09346150482313154,0.11453117316877366,0.019693910576322762,0.011357682003689291,0.018874029502936714,0.030664094677616584,0.01702628426254852,0.005632013795825728,0.014907690007885707,0.0350338456139697,0.2521195350223274,0.22428460271806652,0.2517370831193676,0.28105608558309775,0.3176759253033155,0.2880618008077291,0.31742201515982815,0.34881441028154125,0.36880723832762596,0.3153971845281984,0.36658329331573775,0.428298506422323,28.540175927365194,25.32801811095023,28.47370064151349,31.99813149005126,14.348250031111911,12.24240851201296,14.289879078512843,16.64945330292459,11.686675370005497,9.395089994515558,11.613339666312678,14.231414515605477,2.4471259403927137,1.411282850414424,2.34524915797591,3.810259076451281,2.1156520298957537,0.6998227702417134,1.8523997449998622,4.353235588300647
25493,Joey Ortiz,3B/SS,MIL,535.651,0.21535671161919923,0.19701708570826382,0.21515370505949577,0.23486425768787353,0.11489990614421268,0.1004045225038353,0.11470256392111025,0.13076175706122115,0.09772443171427345,0.08310117484814869,0.0975002759958834,0.11294265293764769,0.022212341443099786,0.015300400858118637,0.021824964004264515,0.03041735398203772,0.02090971282686779,0.01244506117572985,0.020095295090432643,0.03223684432937998,0.2367251749964713,0.21649203292811445,0.23651236821604144,0.25806215252846615,0.3069074926152245,0.2815667519415947,0.30676026334949846,0.33282508954960854,0.3664183861292581,0.3230200059565276,0.3652868639892217,0.41258561031744223,115.35603793553568,105.53239897671722,115.24729726882396,125.80527449476713,61.54624962605366,53.78178288370188,61.44054306690662,70.04266593160015,52.34618957218228,44.51322740858569,52.22612033747094,60.49784498870392,11.898062906337843,8.195675020052105,11.690563793848291,16.293086077832484,11.200308585424558,6.666209463840869,10.764064910485335,17.267697901876716
25543,Korey Lee,C,CHW,105.571,0.2015755859006822,0.18200996022429886,0.20096265301418856,0.22324702499997218,0.10397505735381363,0.09004823891383652,0.10357724890133051,0.11899668426329534,0.10614807903089689,0.0890703475894572,0.1058500594491319,0.1244812365350473,0.026598719220773174,0.017968150567445256,0.025973441055167683,0.037423159855713026,0.00970170989484171,0.004232598707956996,0.009047396009466108,0.017475375515145074,0.21773006575620782,0.19619021199021353,0.2172825463530938,0.2408352452331855,0.28140493051123494,0.2551027885754099,0.2811805274850827,0.3084670159122058,0.35547451653725154,0.31107212297263287,0.35468317347481226,0.4014483861857244,21.28053617912092,19.214973510839453,21.2158282413609,23.568411676272063,10.976750779899458,9.506482630372636,10.934753743762363,12.562598954360352,11.206158851370816,9.403245665366585,11.174696626104303,13.141608622241478,2.8080533868562445,1.8969156235557632,2.742042145635107,3.95080040912748,1.0242192153083343,0.44683967819772796,0.9551426441153464,1.8448928685093806
25575,Kyle McCann,C,NA,NA,0.21720067924360073,0.1941019942788978,0.21672741286371697,0.24209895204633797,0.10644585057824783,0.09124037847618827,0.10604831610263765,0.12342760085596263,0.11432645587600578,0.09341460336824481,0.11341765880523244,0.13784492523410705,0.028619749202965752,0.017641689760622904,0.027542255188394184,0.042788283879726434,0.0034780411571328574,9.118209251116409e-4,0.0028421872054421723,0.008193265255510677,0.24092786008308426,0.21574276868941575,0.24055394226547844,0.26723942488913116,0.31254385505151633,0.2842939932634464,0.3122019445338797,0.34213916082292817,0.38900424953180535,0.3371525954804779,0.38776670604871916,0.4453825113022246,NA,NA,NA,NA,NA,NA,NA,NA,NA,NA,NA,NA,NA,NA,NA,NA,NA,NA,NA,NA
25621,Bryan Ramos,3B,STL,31.0271,0.20096766339608285,0.17792347725074564,0.20051981873870806,0.22583913958461715,0.10422028161234341,0.08813436962997134,0.10396963064997666,0.1218312551962658,0.10678666415409206,0.08526892881949874,0.10555313993732,0.13163119848329916,0.028437409152532823,0.01656065579381746,0.027149113732480572,0.04413856615380237,0.0066854763427187805,0.001545658312671611,0.005512607496001472,0.01583995304027331,0.21526024924446704,0.19097747358791667,0.2150223505261014,0.24058007217897542,0.2791287780254393,0.25159014372622535,0.2790699974000284,0.3077095515227806,0.3578203295360139,0.3072473890063161,0.35641224377181746,0.4134017898266865,6.235443788956602,5.5204495210066105,6.221548467987769,7.007133567805875,3.23365309961434,2.734553899946084,3.225876127139891,3.7800705381000586,3.31328050737543,2.6456475813754694,3.2750078281492216,4.084134358461172,0.8823303375165512,0.5138291233803537,0.842358266689048,1.3694917059106415,0.2074309430331699,0.04795729503309334,0.17104022403918726,0.491467806975864
25629,Cody Freeman,2B,TEX,190.133,0.21395670639371206,0.18995674032946192,0.2136310901655349,0.23881346954786392,0.10996960667751716,0.09434237639991383,0.10949352273774066,0.12742728420576327,0.10640855033076167,0.08630247626570695,0.10566609758767948,0.1281811492363463,0.02767156278664099,0.016633437711011372,0.026708775192031218,0.04222223607540984,0.011350986350927472,0.003319142657792822,0.009735146345076419,0.025039807255157955,0.23000364582221025,0.20552831712317132,0.22965499030409686,0.255557829443784,0.2903291522899261,0.2634939122964924,0.2904520939138404,0.31840588938460923,0.37346934116877056,0.32210125491147346,0.37247390092126653,0.42765316434473355,40.68023045675566,36.11704490906158,40.618320066443644,45.40632140554401,20.908851226416374,17.937599052044817,20.818331958694845,24.22813182789439,20.23177690003871,16.40894871982766,20.090612132638263,24.371466447754234,5.261277247312411,3.1625654123077256,5.078219553586472,8.027840411725899,2.158197087860893,0.6310785509541227,1.850972580028415,4.760893672844948
25660,Will Brennan,OF,NA,NA,0.24067886349301476,0.2196779110941784,0.24040549127525937,0.2623662537473953,0.11222129131510505,0.09765346326915991,0.11189311198512401,0.12800988395854737,0.0963757645465918,0.08180317148914956,0.09597035242097698,0.11261893024934239,0.018696054297560417,0.012784711819539638,0.018322558327681177,0.025916400797800734,0.017473828535781895,0.009983527882572332,0.016660118672245906,0.027695037978076053,0.260650415556568,0.23788449504992362,0.26068651992601,0.2836477884922325,0.31317281648990514,0.286752337728735,0.3131588120813603,0.3391481852861905,0.3748686053001506,0.3292598159114541,0.37365548592653797,0.42414754713998937,NA,NA,NA,NA,NA,NA,NA,NA,NA,NA,NA,NA,NA,NA,NA,NA,NA,NA,NA,NA
25690,Grant McCray,OF,SFG,57.5054,0.20048098573890713,0.1789164508791133,0.19995648749036504,0.2231803294494931,0.1142514479567074,0.09833393819090741,0.11375593101312427,0.13159806494021142,0.10414750682607456,0.08430340818367058,0.1037177898410111,0.1262762782376902,0.02957641355092155,0.017684962338785956,0.028581102950033847,0.045001527432747566,0.029588680553943578,0.012954543210188402,0.027543251953812246,0.0528235666296688,0.2148802195787287,0.1915101524057717,0.21453209213074165,0.23902121266924817,0.2780554885102951,0.2514599012086404,0.2776530035125634,0.30580789457143237,0.3672040987175784,0.3176949900707228,0.3655434415328546,0.42096932271697196,11.52873927731015,10.288662074383762,11.498577795728439,12.83407411712488,6.570075215329642,5.654732449243407,6.541580315282117,7.5675993636128345,5.989044039036148,4.84790120896525,5.96433299192328,7.26156789056967,1.7008034918111643,1.016980833276822,1.6435677575828764,2.587830835631122,1.7015089107267471,0.7449561891191682,1.5838857209047548,3.037640328465756
25764,Bobby Witt Jr.,SS,KCR,663.196,0.2712102092124135,0.2517627881209097,0.2708318438888758,0.2911222944523069,0.15265457341482278,0.13539423189393596,0.152522124957359,0.17085569046402954,0.14468782801173516,0.12696968502563735,0.14423515389395125,0.16352104332688655,0.043073212739393164,0.032090141128029354,0.04249865291927506,0.0561570273379004,0.04335089865403842,0.029697738436393114,0.04238500779227055,0.06039975643898426,0.3000650848724831,0.2790561117870755,0.2998833757568627,0.32166636829217105,0.35659910744281914,0.332314350126275,0.3563987479407503,0.38202824187459916,0.525266617433448,0.4690453673437986,0.5238951187179401,0.5861592264830399,179.8655259088358,166.96807403063482,179.6145955397269,193.07114119159215,101.23990247041681,89.79291301513075,101.15206318322066,113.31081049298254,95.95638878607072,84.20578723026259,95.65617712185289,108.44650185021786,28.56598239591459,21.282053235544556,28.18493662145154,37.243115902386194,28.750142583763665,19.69542134006217,28.10956762780266,40.0568768713086
25768,CJ Abrams,SS,WSN,604.984,0.23420306819974068,0.21743841593250307,0.2338655021333635,0.25179129773062414,0.1371658722215185,0.12171759446569497,0.13667708296627762,0.1538711270296077,0.11406307785877476,0.09986926724006978,0.11372934453266853,0.12939300993294972,0.03158669021095587,0.02333686503030335,0.031061005798553483,0.04162581916909416,0.0447520016114144,0.030333298814804247,0.04382622600491827,0.062082458443946886,0.2590596502834568,0.24031555040287877,0.2587375195265199,0.27937078840365204,0.3257401719959748,0.30250490360788956,0.32557293141803134,0.349521680976826,0.4323942305037237,0.38755106790271743,0.4312425089330061,0.4811876216271946,141.68910901175192,131.54676262450946,141.48488694265077,152.32970646626393,82.98315804006315,73.637197170234,82.6874483612705,93.08956991488019,69.00633709531299,60.41930877196638,68.80443377275195,78.28070072127566,19.10944219058493,14.118429953493042,18.791411532032082,25.18295458419526,27.07424494287993,18.351160450175534,26.514165513359476,37.55889403925276
25782,Pedro Pagés,C,STL,328.302,0.21551889169065971,0.19589325182640216,0.21518133768250475,0.23631353325917787,0.1029300873301592,0.08983993106342304,0.10260803638567081,0.11733042974388308,0.11819971935349001,0.10042562881000212,0.11780696526759142,0.13689409066527353,0.03006407927495987,0.02059762730894434,0.029485339889827794,0.04142323717767369,0.003393609068834438,0.0012714244387946223,0.003046708930580595,0.006691049565774715,0.23453613263033035,0.21306295878399364,0.23414331175713382,0.256544306009221,0.29578638474660596,0.2717662042389886,0.2952727395341195,0.3210326395241652,0.3852266187734545,0.3393863580312186,0.384025106087197,0.43470348706276524,70.75528317982698,64.31214636111149,70.64446352384168,77.58220559605462,33.79215353066593,29.494629047983913,33.6864235614885,38.51981474577631,38.80520426318948,32.969934789581316,38.6762623112808,44.94260375359063,9.870097354127877,6.7622422407810445,9.680096056510244,13.59933161190463,1.1141286445164837,0.41741118610515215,1.0002406353274707,2.1966849545429707
25807,Jared Triolo,3B,PIT,513.808,0.20873748794728111,0.19065766707367016,0.20858171348980303,0.22790657262320502,0.11130962803493823,0.09700593369239666,0.11105412669817774,0.12643115483775363,0.08683985570030561,0.07349912509568342,0.08645616974878353,0.10114563367668825,0.01751055518345748,0.01199978576757264,0.017174833788944528,0.02435110616864022,0.019932623799212443,0.011508626576174139,0.01903704838544705,0.030874134988611978,0.23110253821681898,0.210279965118141,0.23071982783614722,0.25360654452832776,0.3079485345427496,0.28268779025893237,0.30755737091655777,0.33359892642496186,0.3390877649578505,0.29629163069653114,0.33776585735210884,0.3853965327319144,107.25099120721661,97.96143460378832,107.17095304476871,117.10022026638372,57.19177736137554,49.84242477862294,57.060498730537304,64.96133880487652,44.61901257766262,37.764438467162904,44.42187166628297,51.96943574815183,8.99706333770192,6.1655859256649626,8.82456699943001,12.511793158296694,10.241541569025747,5.913224403850882,9.781387756829778,15.863377550228742
25816,Shea Langeliers,C,ATH,528.42,0.2301753912743845,0.2117126978705226,0.2297832991019248,0.24952627036506064,0.13122869389900035,0.11482207807644355,0.13091466525024736,0.14882137921499117,0.16045086338636846,0.13962283547712032,0.15998498866025002,0.18326407095982516,0.05951983116766393,0.043398034561061845,0.05852652721208719,0.07904761949201328,0.008544926195054512,0.004343750531618764,0.008071715978837244,0.014387269723069106,0.2574053858344265,0.236126660567728,0.25735002540264285,0.27950811041185947,0.3258500834278627,0.30080089115298586,0.3256758570086234,0.3515137541922968,0.49744307512794306,0.4413083119744913,0.4961898595472029,0.5585418494337535,121.62928025721024,111.87322380874154,121.4220909114391,131.85467178630535,69.34386643010976,60.6742824971543,69.1779274115357,78.64019320478563,84.78544523062482,73.77949872281991,84.5392677078493,96.84040037659081,31.45146918561697,22.932389422756298,30.92658750941111,41.77034309196965,4.515309899990705,2.295324655917987,4.265256157537176,7.602521067064176
25845,Michael Toglia,1B,CIN,71.2348,0.18809813423807265,0.17197877949479057,0.18794815968515824,0.20478644535160684,0.11212449904251992,0.09812145734558379,0.11170696271902711,0.12738183635651112,0.11460072832436397,0.0977521121234312,0.11439439057022557,0.13234116634477158,0.03684199078732423,0.02583904027301981,0.036359679178352,0.05008697537501202,0.01042361220404337,0.005525181753398868,0.009920961975474601,0.017075476505977075,0.20564596688316353,0.18715460192798547,0.20511819443860996,0.22561247393199105,0.28252695790819493,0.25962925218207683,0.2819549473967492,0.30691529063944234,0.3727642624202899,0.32834958342838655,0.3717228659572225,0.4203733896585956,13.399132972822258,12.250873961555508,13.388449565540311,14.587921477332644,7.987166264394099,6.989662389721193,7.957423147897353,9.0740196364888,8.163559962040402,6.963352156690197,8.148861533391905,9.427296516336536,2.6244318453368845,1.8406388660405117,2.5900744743340693,3.5679356734439067,0.7425239306325887,0.3935852171670177,0.7067177421305382,1.2163681538079758
25878,Corbin Carroll,OF,ARI,650.436,0.22711390758916222,0.21073574507068815,0.22691968131171197,0.2442453602082893,0.1542993695042932,0.1367574075044717,0.1539105264849565,0.17288364068845147,0.12433449065296126,0.10864234300316315,0.12392500625929971,0.1410753459433744,0.04264899713871517,0.03157953961383952,0.042077122843415166,0.055787803596900554,0.04270052554760422,0.029318826256503734,0.04185732030493163,0.05900933154638117,0.26028077504568253,0.24118414123912002,0.2602424746497157,0.2797172650332789,0.34759190005305385,0.3235213522652479,0.34749596813456574,0.37279674560487663,0.4765651420886482,0.4254821716109289,0.4756772451980363,0.5296759170596695,147.72306159666434,137.07011508079813,147.5967298336647,158.86597511243886,100.36186470289447,88.95194110757856,100.10894720476918,112.44974371483363,80.87162876234952,70.66489101360543,80.60528537127387,91.76048371402467,27.740443102917343,20.540469428267322,27.36847547377959,36.28639582035361,27.7739590350815,19.070020074975265,27.225507989858514,38.381793573701984
25931,Michael Harris II,OF,ATL,567.237,0.235840662052108,0.2189935751245635,0.23545764274507325,0.2539118730578039,0.11973716615170024,0.10578331509405405,0.11940064717886001,0.13471161816084243,0.11265835893839367,0.09845500573335517,0.11234838687856823,0.12799304391509114,0.028892964707874162,0.021186221022305572,0.028450106974801995,0.03774045018016499,0.022083731806021488,0.01429089706816515,0.021547489562727763,0.03164645874019542,0.25474499364433006,0.236039220116533,0.2544475215142209,0.2747317165638875,0.3044391927456673,0.28198118371877434,0.30441264889482844,0.327035740233098,0.4125873703135107,0.3694209586861228,0.4116633753434856,0.45979555948872614,133.77754962045157,124.22125857293202,133.5602868977871,144.0282091376895,67.91935091639199,60.00421030400593,67.72846490379501,76.41341415070177,63.903989549137606,55.84732208717118,63.7281619278384,72.60239025126455,16.389158622000416,12.017608454029546,16.13795333006576,21.407779738846248,12.52670977845221,8.106325580254794,12.222533337093008,17.95104231641223
25961,Kerry Carpenter,DH/OF,DET,480.54,0.23991742757268647,0.22098419362755914,0.23964201683290565,0.2605111712364831,0.12817242456146302,0.1121286210892197,0.12769370958540965,0.1458113337359806,0.15543600385618672,0.13451633485749068,0.15491184434356242,0.17831820889101824,0.05390460886375655,0.03894235825692367,0.05312696146201708,0.07154649478394645,0.004657558192086729,0.0021705040154277734,0.004333222865846783,0.008240404648963974,0.2670039742998241,0.24484907218275634,0.2666919780579453,0.2900357756938834,0.33511598447723173,0.30965668253919904,0.33523887127492547,0.36103096697184667,0.4983867053743725,0.4410160336836377,0.49755094723419535,0.5590202689538193,115.28992064577876,106.19174440578728,115.15757476888449,125.18603822597959,61.591976898765445,53.882287578213635,61.36193520417276,70.06817831348812,74.69321729305197,64.64047955241857,74.44133768085548,85.68903210048991,25.903320743389575,18.7133608367821,25.529630060957686,34.38095260347763,2.238143013625357,1.0430139995736623,2.082286915954013,3.959844050013148
25976,Riley Greene,OF,DET,629.487,0.24655207862535491,0.22895282928253136,0.24626457174872504,0.2650985524061635,0.13749349640950576,0.12149250051967483,0.13717776285090683,0.1545468883402217,0.14812934186916418,0.1300147055470047,0.14780184649597577,0.16724060469616786,0.05029236898974575,0.037442290393777104,0.04979750012455894,0.06554776065594797,0.007650086032876666,0.004360758106014707,0.007286672604466669,0.012178808998286756,0.2774299800604637,0.2578325394330434,0.277116265758533,0.2979431485643662,0.34885551838553824,0.3249403712246349,0.3488869645905718,0.3734997224120021,0.5127110062839934,0.4594557553733288,0.5113998929282247,0.570664938778541,155.20132831763877,144.1228296465728,155.02034647638968,166.87609245849862,86.55036857433055,76.47794967462855,86.35161840372878,97.28525710062114,93.24549502519454,81.84256695066735,93.0393409452123,105.27578652837661,31.65839247824808,23.56943505310757,31.34687896090823,41.26146321203072,4.815629706577433,2.7450405378808798,4.58686567776791,7.666401939904535
26031,Vaughn Grissom,2B,LAA,318.466,0.21428566890374107,0.19346038811819477,0.21388631322779245,0.23660094700134252,0.11161047246678409,0.09671598716790311,0.11124926834660243,0.12742808529308794,0.08716667486795937,0.07230172466557626,0.08674654910332785,0.10366169200374843,0.01893824614127671,0.01216114993459389,0.018421546204204255,0.02748816000086855,0.0235939661188507,0.011777205360921292,0.022338278625237632,0.03979913451094342,0.23314325586007165,0.21182252491187567,0.23287351367004686,0.25526615420965254,0.2975811349563505,0.2732119991798786,0.2972599588091033,0.3227484068957068,0.34439600653663666,0.30239920585368546,0.34328642564483547,0.3902184556069086,68.24269983309881,61.61055596244902,68.11551862840216,75.34935718772955,35.54414072460686,30.800753569413434,35.42910949326909,40.58151261094854,27.75962227849955,23.02564104734741,27.62582650674041,33.01272440566575,6.0311874956278295,3.8729127750703776,5.866636133468113,8.754044362836604,7.513876014005907,3.7506394824711604,7.113982240664928,12.674671171162107
26121,Francisco Alvarez,C,NYM,437.953,0.21796939335403395,0.20025842007532477,0.21760950819107977,0.23691921338410907,0.11848850953026858,0.1038933372463005,0.11808670475433522,0.13412912708790495,0.13742899029817637,0.11867004270922701,0.1369293449827728,0.1580492143732282,0.04444189978150051,0.032212480237521164,0.043651071803535446,0.059230332545006634,0.0036155644486972408,0.0015166723186383164,0.0032699580987162217,0.006870139862269687,0.2435137082379502,0.22421989101527182,0.24324717674975832,0.2636140692467231,0.3180462968513325,0.29402598276050695,0.3177460018588756,0.3429658932019726,0.44345481816312105,0.3964051213711646,0.4423892933403957,0.4949354537975197,95.46034972757923,87.7037758472487,95.30273694080795,103.75948025921072,51.892398214309715,45.50039872702904,51.716426607275366,58.742253595529235,60.18743858805723,51.971901214634094,59.96861742324029,69.2181275823984,19.463463335007493,14.107552357463106,19.11711784957376,25.94010182908329,1.5834472970003026,0.6642311919646066,1.4320879592070654,3.008798363100596
26123,Brett Baty,3B,NYM,446.451,0.22323497910760076,0.2044684364594531,0.22302834478464884,0.24304214771483182,0.12246471422286535,0.10750553026792405,0.12213852184069846,0.1387588110782811,0.1194369817267736,0.10245937064018303,0.11894971534675355,0.13811200113549502,0.03339650216524411,0.02368008478499327,0.03292714409060346,0.045174116506708266,0.010440092986660517,0.005359600990549917,0.009852955030865572,0.017623495649964557,0.24717375741773212,0.2267830536010072,0.24670132161757669,0.2689429004795806,0.31869351252223244,0.29403554085983474,0.3187603431333696,0.3433749417554401,0.4187034055042798,0.3709200920050989,0.4175263274803801,0.46976633736978296,99.66347965756748,91.2851379257593,99.57122755745127,108.50640988943438,54.67449412951246,47.99595149364496,54.52886521430167,61.94900996470968,53.3227599288998,45.74308848168035,53.105219366273474,61.66024101894289,14.9099017881754,10.57199753234503,14.700356406394006,20.168029488536412,4.660989953987575,2.3927992218320013,4.398861626484966,7.868027256422327
26143,Troy Johnston,1B/OF,COL,243.813,0.23759939898949858,0.2102655788531568,0.23698092566346968,0.26697537458874754,0.1201185735259236,0.10188477031604076,0.1196846653143433,0.13971928452799293,0.11967357252471246,0.0959765828312122,0.11880491553172454,0.14630876993114939,0.030112623083942677,0.017767857708341762,0.02920920469790282,0.045836212484650314,0.012147460673797598,0.0038520264012780656,0.010639179292947457,0.025568879628799314,0.2637942354208804,0.2352190621015231,0.26339335829033717,0.2946973253691757,0.3319068909654397,0.30123971884139233,0.3315225629798987,0.3631943490209719,0.42517287505305035,0.3626780872572213,0.42288486790514535,0.4940713695701193,57.929822265826616,51.26548157692472,57.77903042878753,65.0920670046063,29.28646976707601,24.840831505064845,29.180677304285982,34.06537791862354,29.177972737967718,23.40033858982634,28.966182870536354,35.67198012322332,7.341848971965316,4.33203469144393,7.12158382500978,11.175464474520046,2.9617088292606137,0.939174112974809,2.593970220951398,6.2340252489364465
26149,Dominic Fletcher,OF,NA,NA,0.21733244111265662,0.1965394476514515,0.21687636021196716,0.23986326698270544,0.09762702611206169,0.0844237607504107,0.0973605877246331,0.11167536891200079,0.08716865677112684,0.07251437751547504,0.0866668335499586,0.10339377047892788,0.016461486176120206,0.010571175314298114,0.01603643126477895,0.02395141819681594,0.005823421115641221,0.0020907920269280385,0.00520210266724287,0.01173260943132915,0.23466608489006893,0.21237609474739402,0.23447242489383743,0.25765128054913894,0.29379966628122867,0.2688416443842058,0.2934834492674251,0.31951294295176275,0.3328528646599981,0.29018057427599686,0.33137996298403405,0.37906387473955167,NA,NA,NA,NA,NA,NA,NA,NA,NA,NA,NA,NA,NA,NA,NA,NA,NA,NA,NA,NA
26151,Kyle Stowers,OF,MIA,582.516,0.23911388336637499,0.21700698541560767,0.23885318158356747,0.2617091668975034,0.13256158971091936,0.11542384146801044,0.1320525162117822,0.15131647283395286,0.14734842271472687,0.12612274217323924,0.14676934567366062,0.1705685232943776,0.05028896563312514,0.03545772850663983,0.0493131849921886,0.06830660774341739,0.009018898335673774,0.004195247185997588,0.008347419683872384,0.01616855834031937,0.26684665224615617,0.2426054100746074,0.2666359588964257,0.2917947818883828,0.3342622583773403,0.3073557180731154,0.3337338565083663,0.36225677270894874,0.4929489971828239,0.4331633089502705,0.4913674985411058,0.5558433484672114,139.2876628830473,126.41004111635812,139.13579992333337,152.44977706446608,77.2192469920459,67.236234436579565,76.92270353362252,88.14426648934288,85.83281380609183,73.46851527978663,85.49549216443809,99.35889391534766,29.294127104745524,20.654694178773806,28.72571926890973,39.78969191626452,5.253652582903344,2.443798609798571,4.862505524570605,9.418443930169477
26197,Andrew Vaughn,1B/OF,MIL,533.603,0.22899772740844657,0.2119663518026112,0.22869657176647595,0.24695756625293502,0.10406991007022175,0.09149040235547956,0.10379526557729951,0.11766555817482582,0.1266317565367013,0.10984969915429389,0.126320827056649,0.1444550875210041,0.03274360335909553,0.023736608788272443,0.03223387560285729,0.04352317362812182,0.0020574754026667615,8.54952471312174e-4,0.001868334302385709,0.0038900721675242562,0.25025414795110756,0.23016551591355489,0.25008057844224185,0.2704779787048404,0.31201306371265025,0.2876409998547022,0.31202385361968843,0.3359511421433786,0.41403848489823863,0.3675444374499948,0.4133529294870594,0.46133106688375486,122.19387433832931,113.10588122092874,122.03317678430686,131.77729822526487,55.53201622320053,48.819553168090955,55.38546509784375,62.786694838761576,67.57108518325342,58.616129017828676,67.40517227990907,77.08166806647034,17.47208498322345,12.66592565924854,17.200092723311457,23.224096017486684,1.0978750472891918,0.45620520354959,0.9969487887559214,2.0757541788074456
26202,Jake Mangum,OF,PIT,347.956,0.2550727453615643,0.22965018123040168,0.25434636326135096,0.282617572765107,0.11729523633605274,0.10104200032994812,0.11673073603335696,0.13514867012841997,0.08824798094277428,0.07282293440984905,0.08788663791199539,0.1052088584466976,0.014035253446651944,0.00882276278846335,0.013615253997775523,0.020580849981499973,0.052965007552051024,0.032165825508298516,0.05113416721520109,0.07966809830298208,0.27726598107539024,0.2494598511147136,0.27694098217925267,0.3058954256302075,0.3269463300931956,0.2962338482107039,0.3267298885889618,0.3589362151695305,0.36596135107990024,0.3153019561803428,0.36492548578497763,0.4217196290942364,88.75409218502848,79.90815846020566,88.50134317496664,98.33848014905558,40.81358125454757,35.15817026680743,40.617159987222756,47.0257906632045,30.70641445692397,25.33917696551344,30.580682981306268,36.60805354967911,4.883650648283224,3.0699332488225535,4.73750932004998,7.1612302361628055,18.42949216778147,11.19229198056552,17.79244028753251,27.72099281311243
26208,Tyler Fitzgerald,2B/SS,SFG,89.9022,0.21510041529188417,0.19506564737495838,0.21490630838860025,0.23632761158598653,0.11886175420800947,0.10301763916623133,0.11843716742611873,0.13624895653415883,0.09654664030131997,0.08137435774239009,0.0961504012000853,0.11330298096736796,0.022440126372510423,0.015078040295110383,0.021923668101151025,0.03154666019112604,0.03146851657417778,0.0184652540810754,0.030321191689687468,0.0487939317759922,0.23499373816188768,0.2130890362547962,0.2347708926326614,0.25821283481622503,0.30390615015433364,0.2777134464266901,0.30352692929682284,0.33084118749883146,0.3678100901934922,0.3209843506869185,0.36658146819951987,0.4196035994445297,19.338000555654027,17.53683084343298,19.320549918013615,21.246372202325677,10.685933199159308,9.261512399850362,10.64776191337641,12.249080940125253,8.679755365697329,7.315733784627902,8.644132598770309,10.186187255524507,2.0174167291667064,1.3555489942190726,1.9709859943632995,2.8361141538346515,2.829088870755045,1.6600669654476568,2.7259418395246207,4.386681813311606
26224,Darell Hernaiz,3B/SS,ATH,194.346,0.20721949666177292,0.18734439644481377,0.20696160446911172,0.22809066296837036,0.09860414004527118,0.08544719331935967,0.09814594092298756,0.11294489209224219,0.08476056851699965,0.07030247677538533,0.08432475293406662,0.10052307650019734,0.015812511856433672,0.010042611284412844,0.01528250721458799,0.02306261025346602,0.01186325166932215,0.005014764787949407,0.011006043742105419,0.02172507442135086,0.22309622552075678,0.2030477176835803,0.22283579302100598,0.2442104428784155,0.2878133568917844,0.2639862765294493,0.2875839105251837,0.312078585696793,0.3192631066817904,0.28085648297332766,0.31830488498040155,0.3614905692596542,40.27228029822892,36.40963407146378,40.22215998215399,44.32850798525091,19.163320201238275,16.606320232844276,19.074271034618942,21.950387998558902,16.472877449004812,13.663005151389036,16.38817843372411,19.536257825507352,3.0730984292504586,1.9517413326804987,2.970094147126318,4.482126052320107,2.3055755089260828,0.9745994774788155,2.13898057710322,4.222181313491855
26284,John Rave,OF,KCR,141.963,0.1931092162961985,0.17245914648287997,0.1927369266127252,0.21509062048357938,0.11135930881538543,0.09561229795395532,0.11081499557621496,0.12882598143370289,0.0879980759420902,0.07165338851962198,0.08733285325354671,0.10640473630733827,0.02126646854495297,0.012847129345920777,0.020496498316584393,0.0322116594887295,0.03190409278668445,0.015256738197300081,0.029859364546194433,0.05499395653464178,0.21084909129265675,0.1871389013885389,0.21054187124668913,0.2353272579341945,0.28574391125491905,0.25893733822590376,0.2852831938222863,0.31427384642526274,0.3324179668796819,0.28460208483953753,0.3309678672467304,0.3851612460699438,27.414363673057228,24.482817812149086,27.361512312722308,30.534909755710377,15.808901557358562,13.573408654437358,15.731629216986205,18.288522802272762,12.492470854966951,10.172129994411096,12.398033846433252,15.105535580398662,3.0190516740471582,1.823817023334951,2.90974439051727,4.572863815998505,4.529200724276084,2.1658923247033113,4.2389249690714,7.807107051527351
26288,Adley Rutschman,C/DH,BAL,568.004,0.20826180623021545,0.19186532623651906,0.20811502949335434,0.22552143093047866,0.10623368039822229,0.09264250714638034,0.10585472833359462,0.12087250713155498,0.10295466426637692,0.08844168612346781,0.10254874699774236,0.11892026825389869,0.025094478610985873,0.017771972931794354,0.024581521782515957,0.03404339251557898,0.002338509766835684,9.991601580980095e-4,0.0021459353421010743,0.004269666641595568,0.23265633855881376,0.21230538610678495,0.23260485010180104,0.2539577519565379,0.31529203985449367,0.29014932731539345,0.3150898926585317,0.34144344589754805,0.36983675383039855,0.32591459218931873,0.3690801530335084,0.4183077734767076,118.2935389859873,108.98027276364778,118.21016921234325,128.09707485423561,60.34115540091185,52.621314629172616,60.12590911239508,68.65606754075176,58.478661121959156,50.23523148487421,58.248098489705654,67.54718804928747,14.25376422895442,10.09455171315092,13.962402698556193,19.336783122418925,1.328282901601736,0.5675269664403019,1.2188998580547787,2.425187731092849
26289,Gunnar Henderson,SS,BAL,658.346,0.24040136825131195,0.2236708237488791,0.24024722716995747,0.2582087663018764,0.14645390422607732,0.1300483437739102,0.1459446475877396,0.16431495975169422,0.12256454109414207,0.10739187833206475,0.12215740455571292,0.13871894927397826,0.03707697642595587,0.027604246434494994,0.03652360708504225,0.048389541439007595,0.03452028483188146,0.02242115626949535,0.033536981623938214,0.049718429937913214,0.2713099165480802,0.2519883679720307,0.27127907636569293,0.29072393736344304,0.34734681227818864,0.32393875484759554,0.34718922714028316,0.37118557079199116,0.46851317721654195,0.41885793974079294,0.4676585110242581,0.5200485556023218,158.26727918277822,147.25279213177956,158.16580101843283,169.9907084597751,96.4173420316211,85.61680693017868,96.08207496079801,108.17609649268888,80.68987537116405,70.7010135324015,80.42183865963538,91.32506537872649,24.409479122122345,18.173145223164042,24.045170630009224,31.857061048204894,22.72629143792983,14.760878545397187,22.078937704193226,32.73192947590541
26294,Bryson Stott,2B,PHI,574.5,0.2343514886606111,0.2165332491881736,0.23386799313454731,0.2532418241605982,0.1263351241262253,0.1111242579826439,0.12596138637873244,0.14280594484576767,0.10500428301128092,0.09052536375049779,0.10475192776862419,0.1202970526526729,0.02443443751114984,0.01759284949611872,0.02395661247741472,0.033020976771136884,0.03970793393002377,0.02631419709828132,0.03886586317233917,0.0568899656717494,0.2579073377335826,0.23724291619571042,0.2575931706043623,0.2789793541270739,0.3217047793667804,0.2975183429631868,0.32133426097428636,0.3462705061981401,0.4001315484736825,0.35336982567630826,0.39947172194258457,0.45000398477549625,134.63493023552107,124.39835165860573,134.35716205579743,145.48742798026367,72.57952881051644,63.84088621102892,72.36481647458179,82.04201531389353,60.32496058998089,52.00682147466098,60.1799825030746,69.11065674896058,14.037584350155583,10.107092035520205,13.763073868274757,18.97055115501814,22.812208042798655,15.117506232962619,22.328438392508854,32.68328527842003
26295,Oliver Dunn,3B,NA,NA,0.20879298313159322,0.18567683628145545,0.20835590415657157,0.23338606644434706,0.1086775498967704,0.0929924801398804,0.10827570317735233,0.12579439882246235,0.08953261876055837,0.07173440925865826,0.08895733584686463,0.10956468482866975,0.019012489479759673,0.011055519602902903,0.01822753091065766,0.0292159024246493,0.01867082623564438,0.006800829053529276,0.016542426523018176,0.03680641538880421,0.22740706480366069,0.2023967210846884,0.22706111129362835,0.2538109904050126,0.2956503846210181,0.26857520483621683,0.2952597538366669,0.3235753425374108,0.3391301524276469,0.28972539170131356,0.3380754474007488,0.3911485086514934,NA,NA,NA,NA,NA,NA,NA,NA,NA,NA,NA,NA,NA,NA,NA,NA,NA,NA,NA,NA
26299,Josh Jung,3B,TEX,519.269,0.23041925900789284,0.21204432023620026,0.22995105010995334,0.25038934414306824,0.11586474101136116,0.1014466780957548,0.11550216321609114,0.13131045048811776,0.12181997336897703,0.10479726564804323,0.1214070176281562,0.1404220180513273,0.0322745852112618,0.023008917293318006,0.03168075115510065,0.043312983811118186,0.00818837276396915,0.004051917402734068,0.007637102186869863,0.014067464338799948,0.24982310952323666,0.22888964801611775,0.24959580350864688,0.27193622772664405,0.3062465548090088,0.28178372261022483,0.30586558793806323,0.3316702160266279,0.4153387549739574,0.3664318538003279,0.4143146428510067,0.4671147106679744,119.64957820576952,110.10804212473147,119.40645183954537,130.0194243438269,60.16496820022849,52.678115088104505,59.97669279105643,68.18544631451442,63.25733575133533,54.41797133579376,63.04290063675504,72.91680089149469,16.759191588066706,11.947817473983948,16.450831971557957,22.49108979061553,4.251968136773496,2.104035097800317,3.965710415473727,7.30479813974431
26319,Michael Busch,1B,CHC,579.488,0.23109907718594608,0.2114023809340104,0.23089392023304522,0.2513508430059264,0.1325740139335143,0.11598890204420728,0.13220874526429854,0.15036224629757772,0.14778178937784792,0.1278281730244448,0.14732930841677147,0.1695680111699231,0.050795818609654445,0.03687773574331057,0.04985249594787228,0.06831155073128593,0.004807103786527999,0.002199874239523225,0.004483848794475656,0.00851815141186631,0.2630098212525247,0.24077398680758835,0.2624923259498385,0.2867049260508217,0.3454570083053147,0.3189151409064217,0.34531693122525997,0.3731834208890648,0.48747089121381265,0.43037400245496277,0.4857714246586703,0.5495644525977545,133.91914204032955,122.50514292268782,133.80025604800693,145.6547973118183,76.82505018630435,67.2141768677936,76.61338137571784,87.13311738249072,85.63777356299035,74.07489232958947,85.37556627581807,98.2626276568364,29.435567334471436,21.370205330419555,28.888923171840613,39.585723910171424,2.7856589590475376,1.274800723312835,2.598336570213109,4.936166525359584
26323,Spencer Steer,1B/OF,CIN,426.74,0.2210649659619133,0.20383013024855465,0.22095289292421139,0.23957210175523155,0.12406247301160593,0.10908785375914973,0.12366807792921594,0.14075568982592482,0.12973992071470974,0.11215923738699482,0.12949891261269453,0.14836057697369467,0.03881723913506241,0.02800069711898982,0.03818930252781248,0.051954907619774726,0.01826248003650138,0.01084769634000524,0.017573620481655963,0.02811587702644111,0.24678231930524755,0.22661568494448311,0.24662022666444702,0.26807002143371134,0.321650272391534,0.2966737980893025,0.3212548114143257,0.34746595094741345,0.43467612173547876,0.3836360589925835,0.4337860802751057,0.4878515732921744,94.33726357458688,86.98246978226821,94.28943752647797,102.23499870302751,52.942419732972716,46.55215071317956,52.77411557551361,60.06608307631516,55.36521376579524,47.86283296252617,55.262365968341264,63.311392617754464,16.564868628496534,11.949017488557717,16.2969029607187,22.171237277662666,7.793330730776598,4.6291459361338365,7.499366804341866,11.99816936226348
26365,Jonny DeLuca,OF,TBR,265.944,0.2075832546350685,0.18714835386293904,0.2070697537046329,0.22934982692026645,0.11071513607115223,0.0964698678528733,0.11034335625408048,0.12591356074350005,0.08947460344648958,0.07438111757375489,0.08919645285590655,0.10567198166370703,0.019677205172841706,0.012634673881122858,0.0192057404884478,0.02847565036000565,0.03458038689955534,0.020225852005810396,0.03333952819083653,0.05323020905946553,0.2247107287951389,0.20262970151570592,0.22451378160037877,0.24816349296996384,0.28920351023630864,0.26348853001424405,0.2886909458865674,0.31622399051671496,0.341781787543487,0.2997436766237146,0.34049720412265405,0.388943006465722,55.20552107066866,49.77098181972546,55.0689585792249,60.994210370483344,29.44402614730651,25.65558253626454,29.34515353563518,33.48595599836938,23.795233938973226,19.781211932034672,23.72126145831121,28.102829491572905,5.233034652486215,3.3601157106413373,5.1076514484597615,7.572928359341343,9.196446413615345,5.37894398583324,8.86644748518383,14.156254718110501
26368,JJ Bleday,OF,CIN,323.655,0.20505094333687712,0.18847401537411723,0.204735604792242,0.22281603369648387,0.12704161821114118,0.11141015232092819,0.12657872701503053,0.14457743476566934,0.12002829556772528,0.1030838022532315,0.1197400616778293,0.13833318512757062,0.04099103827785559,0.029179496438615806,0.04028470867180528,0.05534638292750658,0.007826733492490407,0.004012673365290852,0.007389773591343766,0.013062954329649372,0.23280768704549987,0.21307116210990895,0.23248170001036395,0.25378099228977924,0.32296426414802887,0.29746361428038315,0.32291765471207706,0.3483684501166062,0.42587779885886495,0.3757890840848823,0.4247925536628777,0.47927230544246946,66.36576306569695,61.000557445909905,66.26370216903308,72.11552338603548,41.1176549421269,36.05845284943001,40.9678378920497,46.793209649082705,38.847758001972124,33.36358801826964,38.75446966233784,44.77222703246387,13.266954493819352,9.444089919840199,13.038347385173138,17.91313356640214,2.5331614285119826,1.2987217980432106,2.3917371717063665,4.227890483562667
26374,Kameron Misner,OF,KCR,59.3169,0.20321281003190525,0.18166138241824875,0.20267930321158706,0.22639697998177824,0.1166197347143778,0.10071672516835278,0.11605865990863565,0.1341409412801681,0.09831136644514883,0.08075305947763915,0.09768115957028929,0.11795872155218368,0.0254770782836252,0.015977672049876972,0.02464888981121239,0.038094461745457005,0.030278862063653475,0.014753373965115014,0.02839605943230332,0.05236240192833808,0.22240844889361094,0.19809428139551669,0.22179448367245258,0.24850600013266602,0.2935270982229146,0.2653291753020526,0.2932776999253787,0.3227838371151453,0.36177661053008914,0.3126157258390883,0.3605117731953783,0.41621643244483947,12.05395393138152,10.775590054765019,12.022307960671387,13.429167021881142,6.917521142079276,5.9742039151386646,6.884239923934549,7.956824799821603,5.831525492290249,4.790021153729174,5.794143574114893,6.996945690438723,1.5112213048419676,0.9477459752153473,1.4620957320427042,2.2596453779090986,1.7960482331435268,0.8751244081513307,1.6843662177399927,3.105975358943037
26396,Josh Smith,3B/SS,TEX,476.546,0.22136514463361207,0.20328152491942655,0.2209577673126224,0.24079125953709574,0.12564747226137724,0.10985622520493817,0.12525038051937826,0.14244040966929028,0.09818488840490937,0.0841950448564434,0.09768198725154556,0.1135679919929366,0.023082222603832313,0.01605367999103574,0.022614027850796664,0.031547220750851736,0.01853894620065379,0.01072276705857797,0.017716212238285508,0.028963616451092404,0.2514645514048825,0.23040938012464302,0.25131626359621273,0.2734933470159171,0.3384385975057885,0.31234403338259964,0.3381129253921354,0.3653903739628599,0.3905377656998266,0.3444805587214001,0.3899241080014115,0.43991272370115897,105.4906742145693,96.87299757425305,105.29654018176095,114.74811156736482,59.87680031627028,52.35154469651246,59.68756783498763,67.87940746626161,46.78961582980594,40.122811846158676,46.549960296775026,54.120372312265964,10.999740852965873,7.650316985008118,10.776624516185747,15.033701859935391,8.83466065613676,5.1098917506970976,8.442590077306006,13.80249556530228
26420,Kyren Paris,2B/OF,LAA,56.4735,0.19651232402888674,0.17549733599328576,0.1962234636236735,0.21924820989045438,0.12234242686426677,0.10554470884041046,0.12181814458415763,0.14102385922904878,0.10329338053144438,0.08328119737761498,0.10271783944366193,0.12592117040585402,0.03208898396760338,0.019450569732102404,0.030953443196379195,0.04861290671831953,0.040267094009537194,0.01881905615115813,0.03800731486364409,0.06956840266570652,0.2138355478350816,0.19065391553698943,0.21337041626252756,0.23840021627852329,0.28708418717393697,0.2601665408967122,0.2867117876920127,0.3146120347775348,0.37715517822097283,0.3268372119028387,0.37587487121673047,0.4318414705821971,11.097738731045336,9.910948804216824,11.081425772951524,12.381713781248575,6.90910504351917,5.960479114698921,6.879496988173426,7.964110914171687,5.833338725442524,4.70318070010474,5.800835905821642,7.111209216914997,1.8121772360944495,1.0984417497658852,1.7480492743507205,2.745340987557018,2.274023733547599,1.0627779675524285,2.1464060959520044,3.928771187941777
26438,Dominic Canzone,OF,SEA,409.69,0.23062470609224306,0.2099455051070339,0.23041211789928656,0.25219240945156485,0.127207876739075,0.11077598057612054,0.12681182093451485,0.1449313066729651,0.13080319754350264,0.11119154395060234,0.13025781431007866,0.15287429738467173,0.04107785227575158,0.02790592766096859,0.040176362074910085,0.05717314303024177,0.010333417185203976,0.00465322409982782,0.009576639705990646,0.018546876952971837,0.2559614724618005,0.23280094626963715,0.2558629367329506,0.279557421312722,0.32355432869446416,0.2976739999766908,0.32305841045836925,0.3502860505842128,0.4532582738178713,0.3971753657370977,0.4520822588956071,0.5128567604777889,94.48463583893106,86.01257398730071,94.39754058215871,103.3207082282116,52.115795021231634,45.383811482230826,51.95353491866139,59.37690703084708,53.588762001597594,45.55406364112227,53.36532394469612,62.631070895526165,16.829185298852664,11.432779503422221,16.459853778469913,23.42326496805975,4.233497686606217,1.9063793814584595,3.923453521147308,7.598470018863032
26466,Matt Wallner,OF,MIN,479.808,0.20278297424514327,0.18511101972521077,0.20231423574281335,0.22185773614906382,0.1279892138934794,0.11194579555108335,0.12764639488857377,0.14579121577298212,0.12683463790450272,0.10863774235508548,0.1263899204051499,0.14628011307959735,0.04559690068299281,0.03214060540669425,0.044615777683820926,0.061893695762533445,0.008868224514997813,0.0043229423941212935,0.008315366613343766,0.015236420877779048,0.2307993633074909,0.20962364455678062,0.23051197061166373,0.2530962567557081,0.3230203025617519,0.29713067931508413,0.3227502964363625,0.34952338878971323,0.4352996371782376,0.382394092070795,0.4338903474214169,0.49346891940454973,97.2968933066137,88.81774815231392,97.07198882328778,106.44911666621002,61.41024873980256,53.7124882717742,61.2457614386968,69.95179165760301,60.85627394368364,52.12525788390886,60.64289492975416,70.18636849649545,21.877757722905415,15.421319598975154,21.40700705891875,29.697090376429646,4.255045068092071,2.0741823442385496,3.9897794240152455,7.3105566285254096
26467,Luis Matos,OF,SFG,152.425,0.2199432954265941,0.20137441882709978,0.21966862555030664,0.24006128049960562,0.11551783461640901,0.1008893119042495,0.11536358784346226,0.13088044295806472,0.11211678689032124,0.09531496974029496,0.11166867714359599,0.1307384133856766,0.030108216892639723,0.02088584813011312,0.02949504979210129,0.04150977663356937,0.013711409030494203,0.006924955302839944,0.012960853487337349,0.023230154309928214,0.23827909108694065,0.2188776967849344,0.23790244791428627,0.25845309797531935,0.2980675795274485,0.2758388705565853,0.2979706063837293,0.3205778924902167,0.39809046462344094,0.354823089491405,0.39653800808607054,0.4463220540612001,33.524856805398606,30.694495789720687,33.48299024950549,36.59134068015239,17.607805941406145,15.378053367005231,17.584294877039735,19.949451517883016,17.089401241757216,14.528384262664462,17.02109811361262,19.92780266031176,4.58924495986061,3.1835254012324925,4.495782964561039,6.327127703371811,2.089961521473079,1.0555363120353785,1.9755580928073955,3.540856270690808
26477,Spencer Horwitz,1B,PIT,477.699,0.23736197571475676,0.21648682452272314,0.23705273337412833,0.2597187960440905,0.11945557313045915,0.10385814870958807,0.11914681266972893,0.13676191222195608,0.12428946653316837,0.10620291030004755,0.12403629832533189,0.1436816489447052,0.03217497071442592,0.0222229622073752,0.03159667860513893,0.04400166521590749,0.00241964971694634,8.606575353204104e-4,0.002126567927361942,0.004902647248476047,0.2689326498255367,0.24529777682539555,0.26874394824436076,0.29297443126169315,0.3487147145403564,0.3214619379827491,0.3484081204430264,0.3766903703973587,0.439455062426738,0.3859956329256298,0.4380090026355057,0.4961986056574532,113.3875784369636,103.41553958768033,113.23985368008773,124.06740915146598,57.06380782884721,49.612933780421514,56.91631326551684,65.3310287065162,59.372953873428,50.73302404742242,59.25201567371272,68.63658001923673,15.369951335310548,10.615886823500926,15.093701772996262,21.01955147197379,1.1558642501355496,0.41113524396502477,1.0158593723328722,2.3419896879497593
26517,Noelvi Marte,3B/OF,CIN,527.086,0.23636789061693772,0.21668855382665803,0.23602732398116139,0.2571810608077104,0.1246033695465937,0.10943954221789728,0.12433351648380714,0.14099213434908253,0.11574189592064761,0.09931697567885232,0.11536805290607234,0.13335526104427647,0.029769411915543456,0.020960032387827166,0.029273586301034923,0.0402120484853094,0.025757090751435077,0.015644605044001156,0.024981292945822055,0.03846534804799126,0.25737782513845103,0.2371883760655367,0.25700170812583006,0.2782592644611932,0.31337132170573645,0.29018590255945126,0.3130389968835373,0.3375306283058347,0.41897115388053924,0.3733620187198766,0.4181928559181405,0.4665538530742083,124.58620599371923,114.21350308227788,124.40669808793443,135.55653661689286,65.6766916408359,57.68405054946261,65.53445586938398,74.31498012552052,61.00593295323047,52.34858744266356,60.80888553405005,70.28969112278351,15.691040248916138,11.04773963117027,15.429697509067294,21.19520778792779,13.576201935810909,8.246052294222393,13.167289773641563,20.27454644122352
26536,Warming Bernabel,1B,WSN,107.636,0.22852077156396192,0.20353534088049066,0.22790265305204654,0.2558031430213187,0.11269631985012799,0.09653891514956048,0.11221419973234684,0.13040696935708462,0.1156327746627386,0.0939782561342197,0.1148066811560749,0.13941851618665102,0.029585771013842906,0.017854628079313612,0.028587409984428866,0.04459650603915108,0.006360095203016301,0.0016998006992277237,0.005304145958815952,0.014351345448048614,0.2501343090336951,0.22403896479372237,0.24955880068420214,0.2772481222123851,0.31221748215295986,0.28413311747218595,0.31219180115054057,0.34109991594211253,0.40323067850325045,0.34791857717853586,0.4021194817659248,0.46237819871403546,24.597061768058605,21.90772995101249,24.53052996391008,27.533627102242658,12.130181083388376,10.39106267103809,12.078287602390883,14.03648455371916,12.44624933359853,10.115443577262871,12.357331932915278,15.006451408266368,3.1844940488459947,1.9218007479449999,3.0770344610839855,4.800189524030065,0.6845752072718626,0.18295974806207527,0.5709170544231138,1.5447214186461604
26540,Angel Martínez,OF,CLE,267.01,0.214691296409445,0.19579520799144912,0.21455453304414324,0.23470014046235224,0.11441264914425048,0.1007947969518499,0.1140473388552858,0.1292225104023002,0.09770838457523168,0.08334907657558421,0.09734229801849038,0.11334140437421604,0.023442487500386393,0.016202111900515473,0.02304271395055449,0.03207466127948361,0.017340375600847887,0.009912111197275789,0.016627245701397703,0.02722330601811877,0.2347164544741261,0.21490086734730376,0.23449264575222345,0.255102998839469,0.30162416634818207,0.2778099087091053,0.3012300518590416,0.32679077500621,0.37070633943534664,0.32980799713708203,0.3695794252696012,0.41510956694377904,57.32472305428591,52.27927848579683,57.288205868116684,62.66728450485267,30.549321448006317,26.91321873411344,30.45177994774986,34.50370250251817,26.08911576543261,22.25503693644674,25.991366993917115,30.263288381959423,6.259378587478171,4.326125898556636,6.152635051937554,8.564255308234918,4.630053689182394,2.646632810784608,4.4396408747302,7.268894939897892
26546,Agustín Ramírez,C/DH,MIA,499.99,0.21782762145079748,0.1981811391743478,0.21738050911067858,0.23962742645005908,0.12437751445014153,0.10822804897942978,0.1238978065738645,0.14183111146750962,0.11921603325433962,0.10152036613745045,0.11872878478466842,0.13802068920453486,0.03516288137530957,0.024320171564408615,0.03452532388258879,0.04798162227784704,0.020677988823801684,0.012171582706760964,0.01992368152717643,0.031617066488306624,0.23957018406641564,0.21750798953798,0.2390278209206998,0.2634404471923328,0.3080479804819714,0.28065906161078824,0.3075878953433209,0.33569827698356425,0.41502471269325625,0.36643287334305674,0.4138990763993344,0.4665356637881012,108.91163244918424,99.08858777578216,108.68808075024819,119.81131695076505,62.187513449926264,54.112942209225096,61.947664308866514,70.91413742264014,59.60682446683727,50.75916786506385,59.36320510448636,69.00896439537539,17.58108905884103,12.159842580488665,17.26231668805557,23.99033132270074,10.338787632012604,6.085669637553415,9.961641526772944,15.808217073488429
26548,Luisangel Acuña,2B,CHW,351.006,0.2170117797468772,0.19388649454016668,0.21659774462280884,0.24224655177015936,0.1126935411602358,0.09680312934910726,0.1122585535952741,0.13002591332314634,0.07132620870022835,0.057743072646093255,0.07090184783562478,0.0867708904289039,0.011843509771586089,0.007000042022539104,0.011391695893699297,0.018037282982085245,0.0668006342826685,0.039207032191109215,0.06440551771583988,0.10257695577651646,0.2362388614420071,0.21203864556270424,0.23592914017501132,0.26237069116434725,0.30360852849916387,0.2758740212887991,0.303262467938179,0.3321220940729703,0.31157296682589486,0.26905827691175216,0.31004342616314706,0.35773119820023325,76.17243676183237,68.05532290256573,76.02710794907364,85.02999315063654,39.55610910848973,33.97847922031274,39.40342586326278,45.6398757319043,25.03592721103235,20.26816495721461,24.88697400139131,30.45710316588784,4.1571429908853466,2.4570567501633604,3.998553608863815,6.331194550409813,23.447423437022337,13.76190354127248,22.606723151366094,36.005126939291934
26599,Jonatan Clase,OF,TOR,31.2522,0.20424522366132394,0.18196191369190212,0.20371726304950583,0.22883284558599076,0.10899383951431621,0.09333029106753012,0.10861976489994098,0.1257555116522866,0.08857627766965838,0.07095511572420216,0.08789449631355709,0.10845847129815338,0.019754293989978987,0.011640764529940433,0.01895654082804837,0.03053842973221441,0.024738375464882736,0.009324745223699415,0.022532474083100648,0.047906657263681984,0.22170053553689034,0.197935389399193,0.22143060318835645,0.2464267881358881,0.2902492237524692,0.2629329297839357,0.2898861839876695,0.3182540084256069,0.33894785768510033,0.29196807792646184,0.3381342584369401,0.38989182153144797,6.3831125789084275,5.686710119082063,6.3666126482757655,7.1515298568225,3.4062972712693127,2.9167769225006643,3.394606616605935,3.930136401259591,2.7682035449876974,2.2175034676359107,2.7468963776905486,3.389565836704149,0.6173651466336213,0.3637995012426044,0.5924336052663333,0.9543931136771111,0.7731286577036082,0.29141880268009884,0.7041893865398781,1.497188434136042
26668,Elly De La Cruz,SS,CIN,638.698,0.233262758671553,0.2165980847302219,0.2329431383331082,0.2508781182091495,0.14593092390431917,0.1288654539790495,0.14562962199137502,0.1636035765186793,0.12039227247456499,0.10545398560678823,0.12000152208158735,0.13656834137249996,0.03649694640367519,0.027159419943988565,0.03597803987123617,0.04767157100498433,0.05253341053600307,0.036553476229805815,0.05137876252247872,0.07174207627523099,0.2612359303695039,0.2427437837113756,0.2608293980611271,0.2805697845469455,0.33468955032849157,0.3108956323112265,0.3345976154466838,0.35933953797344786,0.45467994405632944,0.407635749871047,0.4537960262074813,0.5056109701424667,148.98445743800355,138.34076352102326,148.78031656707952,160.23535234394737,93.20578923584084,82.30610772551096,93.01334830664725,104.49327711532743,76.8943036449597,67.35324969908443,76.64473215046567,87.22592649793297,23.310526674134536,17.346667199385607,22.9791021096788,30.44773705774148,33.55298424252409,23.346632161024512,32.815512865582114,45.82152063283748
27462,Austin Martin,OF,MIN,333.926,0.2391518843059006,0.21677603038763513,0.23885461057073254,0.2625846686882043,0.12482628223257966,0.1086653756878442,0.12428357616815644,0.14238625422619366,0.08192504761539705,0.06816089316183678,0.08149147949526889,0.09666652938556729,0.014413298494101504,0.009353791254013576,0.014030391838076674,0.020767868160950092,0.03847597269670584,0.0220232163877471,0.037006418863813895,0.06033925011382837,0.2682281116453881,0.24467702071312453,0.26810577626473064,0.2924197980067592,0.3425759931471271,0.31544241282168334,0.34213398017589514,0.37080310230583147,0.3644154658403873,0.31785946130996845,0.36323016077063525,0.41420195316965436,79.85903211873216,72.38715272322145,79.75976468944243,87.6838480763773,41.68274112079639,36.286194241939064,41.501517455527804,47.546472328735945,27.356903450019075,22.76069440995951,27.21212378193716,32.27946749160494,4.812975112941339,3.1234740982877374,4.685112624921591,6.93493114351342,12.848127658720195,7.354124555494838,12.357405425517918,20.148844433510252
27464,Dillon Dingler,C,DET,416.217,0.24473433462572708,0.2214038349855553,0.24414572552656566,0.27042011308707664,0.11254432218165868,0.09741606197553387,0.11220469630325158,0.1284411724188809,0.12646757770430386,0.10719338971396035,0.12590921542401873,0.14741059510283255,0.030505666108395422,0.020856794836837285,0.029852732761124972,0.04241535920903344,0.002720560103663586,8.600352849656726e-4,0.002361250915886983,0.0058714765721621254,0.2711842917057777,0.24592911329866463,0.27076159678831163,0.29718752214663857,0.3335668372618567,0.3049083105587807,0.3333590375889666,0.3638758513535988,0.4332743064935685,0.3815827369720281,0.4320863036822613,0.49066446583284895,101.86259055491624,92.15203998618287,101.61760144149058,112.55344820876377,46.84286014548343,40.54622106727078,46.70150208125046,53.459399460669346,52.63795578935224,44.61571108657543,52.4055559161388,61.35479566191565,12.696976830638016,8.680952576603904,12.425214871637152,17.653993563906273,1.1323433646665466,0.35796130620255734,0.9827927724577324,2.4438083644356032
27465,Spencer Torkelson,1B,DET,615.785,0.21413325249910012,0.1982598469636245,0.21380031102439445,0.231443647816961,0.12436800937137184,0.10933617870312466,0.1241459319282566,0.1403549243662915,0.13281901886588796,0.1153180266337536,0.1325026607035651,0.15104834907747858,0.04502743670924358,0.03313511740657368,0.044487887517554045,0.0587637204103346,0.0034014046698324645,0.0016133432140863094,0.0031707238542225255,0.005990906883762864,0.24257497122891183,0.2236291150190256,0.24257222213545937,0.2621168618919619,0.32920607442898553,0.3052835532238154,0.32896819432195934,0.3545783362768819,0.4444909731589167,0.3967928123842957,0.44334560791809074,0.4951656140050649,131.86004489015835,122.0854398624955,131.65502452415674,142.5195266709673,76.5839546507502,67.32757880270361,76.44720269244148,86.42845710089681,81.78795953233082,71.01111103066596,81.59315092134483,93.01330763667514,27.727220114001554,20.404108272206976,27.394973814997016,36.18581757287789,2.094533974612784,0.993472551086138,1.9524841885724178,3.689110595417915
27467,Tyler Soderstrom,1B/OF,ATH,583.241,0.22995306624056183,0.21129057153386616,0.22970665042264876,0.24966644749974848,0.12119527146063591,0.10682690962972022,0.12075887221525866,0.13723078575909806,0.1409284589040371,0.12268580377112735,0.14045875788085438,0.16114675821669078,0.04324505313476174,0.031264618829156425,0.04261479256943822,0.05722110776049324,0.008699442363731331,0.004364992697354185,0.008252232299440828,0.014635346370513393,0.2514873216777949,0.2317727397656621,0.25153982490976423,0.27151554622895374,0.3189733738204845,0.2955859720091941,0.3187814086348001,0.342759022110214,0.45097847511190625,0.4037176689619918,0.44976506925387316,0.5020399769738186,134.11805630721153,123.23332423198363,133.9743364991561,145.6157085062008,70.68605132197274,62.30583359934765,70.43152538969967,80.03862071692211,82.1952552996495,71.55539087727608,81.92130640518738,93.98739640906095,25.222288035371573,18.234807550536022,24.854694232991715,33.373696111337836,5.073871463665025,2.545842705797552,4.813040218558168,8.5359340524846
27475,Jordan Walker,OF,STL,497.176,0.21530029067576778,0.1982282463090919,0.21497351935864956,0.2332301178742794,0.1123642561258998,0.09917118730624938,0.11191492047217369,0.12724234347830124,0.10285887998962565,0.08890454198483612,0.10256076372747695,0.11774685053130728,0.02578939427815061,0.018535967653135605,0.025365901808753408,0.03442364476116487,0.017683123929096278,0.010474982493386254,0.01695296838024251,0.027409970872685978,0.23336320727095267,0.21467965086347693,0.23326878341626556,0.2528143602296454,0.2941802429322408,0.27179833027180633,0.29406148574674873,0.3169995046557822,0.37665384149848496,0.33547806508835903,0.37585496244390115,0.42079853812217455,107.04213731701552,98.55432658696907,106.87967446065595,115.95641708426274,55.86481140365036,49.30553422017184,55.641412500673425,63.261839361167894,51.13896651772212,44.20120456585288,50.99075026697208,58.54090815975322,12.821867889633808,9.215638253915348,12.611317597668783,17.114610007776907,8.79162482257237,5.207909896131804,8.42860900741545,13.627579678598524
27478,Patrick Bailey,C,SFG,487.532,0.21510617748233593,0.19756670781537705,0.21462351794736562,0.23410235226882528,0.10029794510812177,0.08747396802723788,0.09997465408024678,0.11438061756682098,0.10720975816965202,0.09132582057518193,0.10691211674938537,0.12408622496672055,0.023608994439123312,0.016543388292601532,0.02318629977143663,0.032302884972408095,0.004340226307288528,0.0019862999275684357,0.004009563053175579,0.007831471602906767,0.23406531316935741,0.21375513414769529,0.23387085527914805,0.2549342305981323,0.2955513266974815,0.2718500836664247,0.29527153352204955,0.32051661450600916,0.3625433337096389,0.3196234211239351,0.361482714951609,0.4086396644454371,104.8711449203182,96.3200921946464,104.63583295191505,114.13238800632492,48.89845777445282,42.64635858025534,48.74084305305087,55.76421124358737,52.268187819966784,44.5242599566596,52.123078103061346,60.4960054304752,11.510140276894665,8.06543118106861,11.304063100168042,15.748690116368063,2.1159992120449904,0.9683847762872946,1.9547902944407964,3.818093013508342
27479,Masyn Winn,SS,STL,608.285,0.23255327362315387,0.2146929685439237,0.23245885260767407,0.25135928713151995,0.1227513585729952,0.10821674331628418,0.12244800708748399,0.13852712180198448,0.10485777161295111,0.09069469251314392,0.10462091259032233,0.11990400564139324,0.024815610805026526,0.017968071610748725,0.0243717169087913,0.033009992126476435,0.017675263620501386,0.010857428532922698,0.017038003160084123,0.026568448722845396,0.25197365686226114,0.23280522495385092,0.2515568392608213,0.2716790860560947,0.3125085301734165,0.2895227289292295,0.3123547863369692,0.336330144965698,0.3949485683741118,0.3527306804825162,0.3940160977512327,0.4399376865928,141.45866804586015,130.59451237074063,141.401233158459,152.8980839727966,74.66781014957438,65.82662170814592,74.4832859912102,84.26397028532013,63.78340960558396,55.168221035357746,63.63933181500421,72.93580807157488,15.09496381853556,10.929708439744287,14.824949819864116,20.07948306065372,10.751597731396686,6.604410915148883,10.36396175223177,16.161188831376013
27482,Robert Hassell III,OF,WSN,253.931,0.2109432296202929,0.1887882410849103,0.21044666094325537,0.2346636346351606,0.10740593113557483,0.09229732955902054,0.10708706973204257,0.1235096717081415,0.09159180867735564,0.07418069119658777,0.09119309598838886,0.1102038728630902,0.020093597074860796,0.012157953849171075,0.01946841383264752,0.030054410242629233,0.020169809218192877,0.008371044728210248,0.018741311765684384,0.036094391219084455,0.2263257817590004,0.20280214440279407,0.2258950469026412,0.2514006726741015,0.28607612132174426,0.25885826303720877,0.28586266529869153,0.31406629116997725,0.34441738560075275,0.29827537621238037,0.3435772343647846,0.39322028712315144,53.565025240710604,47.93918684693236,53.43893105998178,59.58837140654097,27.273695499187653,23.437153192251646,27.192726704127303,31.362934446520082,23.257999569249595,18.83677709624073,23.156754057427573,27.98417963999736,5.102387198816477,3.0872813788738602,4.943633792938018,7.631746447321084,5.121739824584936,2.125667758879157,4.759000037972002,9.165484856653336
27490,Nick Gonzales,2B,PIT,421.339,0.23660746403248167,0.21630502687099243,0.23609425023933572,0.2581076845475197,0.10847172483510172,0.09436827221746423,0.1081715744132028,0.12357611773308694,0.10210967979538983,0.08686583441885902,0.10179117769445702,0.11829764846491886,0.021402728608576588,0.014842226963138944,0.020977152383985533,0.029508384067700802,0.006524620977348399,0.003022676468429193,0.006053348607566662,0.011690318428414283,0.25557504749322896,0.23381714908221363,0.25532731232939176,0.27854973576163716,0.31000313996604273,0.2851579514709361,0.30975629626308754,0.3351571683743956,0.3793689967765166,0.3345020431681708,0.37823341831751456,0.4272541681535309,99.69195228798179,91.13774371679708,99.47571530159148,108.75083369956741,45.703368070296925,39.76103344783416,45.576902991684456,52.067437869541116,43.022790375309754,36.59996380820764,42.88859301860482,49.843412906560445,9.017804269209051,6.253609066421999,8.83849240831608,12.433033034700989,2.749077277974997,1.2735714805314877,2.55051184896353,4.925587076309646
27506,Ha-Seong Kim,SS,ATL,311.098,0.21980291477210048,0.20192828385703918,0.21939817791587565,0.23864158963509416,0.124530988993238,0.10900492844707459,0.1242224155144602,0.1411153854400118,0.10031636808991111,0.08510954122440438,0.10005020294811856,0.11638418290148118,0.024057620475157606,0.01652857152887023,0.023582966137685006,0.0332596090912028,0.04510791844600613,0.027268578852169753,0.04326795497166132,0.06924625267343254,0.2447958619158166,0.22383804731013468,0.24466967506127202,0.26685263693907685,0.31809989822375284,0.2926176673777672,0.3179348582289228,0.34390792999858877,0.385076134799863,0.33746083930534504,0.38401661718735147,0.4367988278601422,68.38024717977092,62.81948525135718,68.25433435327308,74.24092125229852,38.741341613818356,33.91121523002801,38.64534502171754,43.90071417961679,31.208221480035167,26.477408055829756,31.12541803675379,36.206886532285,7.484277614580582,5.142005545488471,7.33661359950153,10.34699786905501,14.032983212715616,8.483200343752307,13.460574255773894,21.542370714199517
27531,David Hamilton,2B/SS,BOS,143.138,0.20597398288787364,0.18604742103922595,0.2057273185760461,0.22685976355985274,0.1257150730468903,0.10890911237281259,0.12523031571443616,0.1441281835204987,0.09684376619968145,0.08098389036543073,0.09635410263675954,0.11375926701791465,0.024668349215657144,0.01637914681340904,0.023985498945628746,0.03534135476759719,0.0841325525465758,0.05214710415922434,0.08148840119098275,0.12550370624820673,0.22473571230903613,0.20296531080020155,0.22426009842577635,0.2480897388415864,0.2956974972418354,0.27016699500413366,0.29540828436064204,0.3223729053170034,0.3662728781101437,0.31954312545741237,0.36524635621513024,0.417822320635095,29.482703962604457,26.630455752712724,29.447396926338087,32.4722528364302,17.994604125785784,15.589032526819649,17.925216930732965,20.630219932757143,13.862023006290004,11.591872099127023,13.791933543220487,16.283273962410266,3.5309781700307323,2.344478316577743,3.4332363480794075,5.058690838724327,12.042565306411767,7.464232195143054,11.664086769674888,17.964349504955816
27534,Edouard Julien,2B,COL,354.853,0.19508324339189595,0.17825678678993476,0.19481233384019056,0.21267426803678938,0.10997847966171538,0.09562852771447136,0.10959840385005015,0.12586338040560732,0.0868644891544488,0.07302985386553462,0.08654974953346684,0.10180586161679714,0.020910653922705177,0.014154210169334153,0.02047593576114087,0.02907260807784209,0.008784391107194428,0.0043376266316841735,0.008191377305380549,0.015177502870479144,0.21716261064569756,0.19725348759214037,0.21684958570037477,0.23793274462455125,0.30359061109706637,0.27900205633371766,0.3034100268346266,0.32851084699280414,0.33821127466540485,0.2968492196629673,0.33712368652165625,0.38376115671455246,69.22587416734446,63.25495556276872,69.12974110019314,75.46810203565882,39.02619344339869,33.93406994506331,38.89132240140185,44.66299812707098,30.824124569923622,25.914862733746556,30.712438271199307,36.12611541230532,7.4202082764337005,5.022663941218732,7.265947232648121,10.3165021942465,3.117167537561264,1.539219823133024,2.906734810946204,5.385782426098136
27555,Garrett Mitchell,OF,MIL,353.346,0.2317545800677016,0.20782303367081256,0.23145176839671816,0.25690124264792635,0.13867407499320633,0.12048281604550128,0.13815018480716781,0.15898214007489667,0.11670172549622934,0.0973049737865331,0.11609470193453517,0.13799554156077806,0.03372862458933058,0.02156793919856592,0.032920849359854065,0.048592561156985056,0.03782701986557851,0.020920752699492264,0.03615152836534814,0.06058940880403514,0.2608481758102539,0.23528876385200512,0.2606548306023424,0.2870157017993023,0.33698325047866734,0.30786695776918804,0.33697706791773696,0.36690667271698163,0.4430518895923719,0.3872999186317715,0.4418819806456201,0.5032892884527136,81.88955384860209,73.43343765544694,81.78255655590678,90.77502648467419,48.99992970254949,42.5721211184137,48.81481520087352,56.175703266904435,41.23608789719065,34.382323267576325,41.02159854976026,48.760172628334686,11.917874584141604,7.620945044056473,11.632450437906995,17.169987114576042,13.366026161422704,7.392264283354794,12.773997941782305,21.4090252432706
27562,Austin Wells,C,NYY,455.779,0.21190909680908662,0.1938983012827466,0.2115956141938339,0.23098811130752853,0.11608215275695123,0.10180563487597388,0.11571200188123598,0.1317830345237416,0.13792118178873625,0.11894109102364689,0.13765369429876106,0.15781292404431924,0.04454011515312325,0.03209535757852064,0.04373309638697562,0.05946470404917293,0.005487634175482646,0.0024983954766414217,0.005144123159314409,0.009709184042747877,0.23531712993416512,0.21491695906814304,0.23505550087523097,0.2562445295419891,0.30771574649583483,0.28289218264196986,0.30740163082587924,0.3329972701595231,0.43157265576884896,0.3826449433312637,0.4306960760268763,0.48410645206842795,96.58371623454869,88.37477386034897,96.44083744165142,105.27953038363404,52.907807501410474,46.4008704581365,52.73910050542786,60.06393969219642,62.86157831448842,54.210851525666754,62.73966313379502,71.92781670799577,20.30044914437536,14.628389981780558,19.93262693815936,27.102763346827988,2.501148416867305,1.1387161919481505,2.344583309429162,4.425242193819585
27577,Casey Schmitt,2B/3B,SFG,278.474,0.22233778620282338,0.2031827179751482,0.22197834638799824,0.24280434259456846,0.11177258298338687,0.09702577636646646,0.11142642743929297,0.12726159651461247,0.1257809345388481,0.1073758366046669,0.12500790817199534,0.1469999577667578,0.036869457301608496,0.02560654274962279,0.03607434352488919,0.05093446798312745,0.00423225817311376,0.0016212212120426345,0.0038141152638476077,0.008211484426295252,0.24280680665845544,0.22128825462034604,0.24268601203785323,0.26508890147172715,0.3068692880780404,0.2805797485464217,0.3067327228572441,0.3327909724798634,0.4196614251654558,0.3693179614687676,0.41793874693592203,0.47434299380458717,61.91529267504504,56.581104205411414,61.81519803205142,67.61469649967985,31.12575827371567,27.01915604787538,31.02936295472967,35.43904582781019,35.02671996477118,29.90137872264801,34.81145222028823,40.93566623914011,10.267185252608124,7.130756385658457,10.045766738749991,14.183925037133433,1.1785738624996813,0.4514679558023606,1.0621319339846986,2.286684914128144
27615,Alec Burleson,DH/OF,STL,582.682,0.2501939561287829,0.23108121539153353,0.24997002716481764,0.27067976974501395,0.12200616833895327,0.10718656167301026,0.12155942762569479,0.13832995474236265,0.13285723899673457,0.11526921072125319,0.13226918311648658,0.15248424826108722,0.03488000498859262,0.024919795832072197,0.03433063101161203,0.047027777174639344,0.009760382951537923,0.005348351532150665,0.009266167099537143,0.015856793638573397,0.27472997343756245,0.2527680936387901,0.2744856297597987,0.29679490451578694,0.3325266497284165,0.30693836407404634,0.3323757650728293,0.358738459344117,0.45510935767591754,0.40342595271535775,0.453885017548771,0.5113161259328289,145.78351474503148,134.64686474676955,145.65303536845028,157.72022959456422,71.09079818007797,62.45568012875297,70.8304904077951,80.60237468918936,77.4135217330953,67.16529424148125,77.07087215668064,88.84982674526682,20.323951066763122,14.520316475023492,20.00384073910812,27.402239259673202,5.68719945896802,3.116388167456614,5.399228777892501,9.239468230911225
27630,Nick Loftin,2B/OF,KCR,132.31,0.19817339100191309,0.17908781696884862,0.19792634186562233,0.2186687917858754,0.10446052037976197,0.09020543021270042,0.10419425566056757,0.11973963100812593,0.09039207510330947,0.07475151657831264,0.08995104015178573,0.10754206253251059,0.021430497949741355,0.013917960935730448,0.020866869967703858,0.03087495676607992,0.009187294725868895,0.003616796999562119,0.008303856700154991,0.01732747210757825,0.21587707133715886,0.19447256588004325,0.21567171842575616,0.2379784500721312,0.2888090743150603,0.2639206323388043,0.2883890381203399,0.31463323636769824,0.3391548292361318,0.29551856224574313,0.33827224625363594,0.3853549651214051,26.22032136346312,23.69510906314836,26.187634292240492,28.932067841189173,13.821171451446308,11.935080471442392,13.785941966449696,15.842750578685141,11.959775456918877,9.890373158476546,11.90142212248277,14.228890293676475,2.835469183730279,1.8414854114064956,2.7608955654268974,4.085065529720034,1.2155709651797135,0.47853841101206396,1.098683279997507,2.292597834553678
27647,Anthony Volpe,SS,NYY,454.823,0.21154247623828148,0.19557777953786598,0.2113871037306431,0.22773812155357093,0.12201995728622793,0.1080514180930538,0.12171699198428892,0.13709746855457133,0.10912769135079214,0.09511222568909439,0.10879229564091616,0.12441359148342006,0.030604900377850637,0.02252715013559845,0.030168169610853925,0.04031344558883338,0.029294492261532995,0.01913987609978533,0.02864481850935155,0.04181426387593208,0.23099008817248853,0.2133991911406309,0.23093322244678355,0.24919693403305077,0.29818248102370554,0.27561102200575477,0.29816943368248094,0.3212579146452837,0.39178035601393724,0.34988972090404247,0.39104840365343874,0.4348609830450958,96.2143836701239,88.95327242275081,96.14371668008228,103.58053565935978,55.497483032794044,49.144270131337,55.35968744527024,62.35508194039579,49.633783963241335,43.25922782459097,49.48123828028841,56.58616291926356,13.91981260455516,10.245866006123293,13.721177406917414,18.335482263049965,13.32380885386722,8.705255867332662,13.0283222888788,19.018088938843057
27653,Christian Koss,2B,SFG,104.943,0.23316110619800168,0.2082527520733857,0.23237201633951343,0.26018862105492596,0.12070456867628747,0.1032813318871447,0.12033103497880834,0.13968529743887662,0.10571463310980496,0.08587004410062761,0.10514736308237013,0.12757891026948165,0.02503995256332948,0.015464036843920174,0.024066837239593127,0.037650763771474305,0.01721456783717217,0.007028161339514939,0.01580855752283618,0.03202070473499361,0.2559268566205999,0.22911076613445047,0.2552715664219436,0.28373890741523267,0.3196322872892898,0.29012898140933124,0.31915446404568315,0.3509884459047745,0.397108431409388,0.34094733035704133,0.39539595875780525,0.4569524576614852,24.46862596773689,21.854668560837315,24.385816510717557,27.304974459367095,12.667099550595635,10.838652812232626,12.627899803781084,14.658994169128029,11.094010742442261,9.011460038052164,11.034479723953169,13.388513580410212,2.6277677418534857,1.6228424185115147,2.5256461004346216,3.9511841024698278,1.8065483925363588,0.7375563354527163,1.6589974521189974,3.3603488170044344
27676,Vinnie Pasquantino,1B/DH,KCR,629.939,0.24173327665823016,0.22281510277603261,0.2416041864973835,0.26161919553546464,0.11577947439967086,0.10157010113576889,0.1152161041327244,0.1314636779215486,0.15493272350700038,0.1348102984126045,0.15468121453863293,0.17707292787525034,0.048277774350809106,0.035272256065452735,0.04755359054818292,0.06340551202000957,0.0017159497826028328,6.628325150853926e-4,0.0015532749228447135,0.003371428829815718,0.26867780533780894,0.24727586692949446,0.26835185198710176,0.2910265810712024,0.33483523540625126,0.3096950266788138,0.3345847704198446,0.3604564358536968,0.48291248606134696,0.4297519187224805,0.4816794293282948,0.5406154656404845,152.27721856480883,140.3599230276312,152.19589963797526,164.80413441641505,72.93400632385426,63.98296793936512,72.57911742126427,82.81409780622239,97.5981649132763,84.92226457173766,97.43972960525188,111.54514311280731,30.412052896774338,22.21936971361523,29.9558612763318,39.94160483637281,1.0809436901030458,0.41754405172037706,0.9784684516218759,2.1237945056252836
27684,Michael Massey,2B,KCR,317.527,0.22004120076708727,0.20147786367343332,0.21953211256656782,0.23977974825409606,0.10517461946045989,0.09161675113438156,0.1048356360322774,0.12008210568965404,0.10509748546065982,0.08947386822251756,0.10455243549635589,0.12199082480396818,0.024845988302217598,0.01736606080368728,0.02435345924055076,0.03440934825589843,0.007117231996249718,0.0034381304660991885,0.0066697539388045676,0.012224073384736545,0.2359720190902864,0.2146962422679823,0.23558461299051048,0.2581093951902318,0.2912458146353871,0.26759554586566825,0.2907276209812967,0.31662260713637586,0.36964532400770816,0.32542151296516764,0.3688500772783274,0.4190406955016237,69.86902235597091,63.97466161863426,69.70737310692458,76.13654412387835,33.395781393421444,29.090792137446773,33.28814500242095,38.12931077331878,33.37128926586693,28.410368955091332,33.198221185851395,38.7353806275296,7.889272127638247,5.514193188812411,7.732880852274361,10.925897123650659,2.2599133240731843,1.091699252509077,2.117826958926798,3.881473349635241
27735,Brett Wisely,2B,TBR,48.5237,0.20659984016433883,0.18711695316153834,0.20643771557126145,0.2269028646117814,0.10223962586991547,0.08911673552427711,0.10187783080963697,0.11680253078216894,0.0951398793589612,0.07940402968891412,0.09469583883543611,0.11233020509627405,0.021554824861113864,0.014307709477350055,0.021031024210383727,0.030502640454891632,0.010023609399258546,0.004214759107666401,0.009339063897832366,0.01822968582642216,0.2200173311844555,0.19974126434573175,0.21963897919996977,0.24118539417763515,0.2793300483735066,0.25566786813985803,0.27923978319957277,0.303696013330868,0.33954620851920647,0.2988728326053769,0.3383952596674008,0.3837779976161707,10.024988664182327,9.079606900124537,10.017121779065219,11.010166531562698,4.9610449338240175,4.324273739559365,4.943489298857581,5.6676909629147305,4.6165389640504255,3.852977315415962,4.594992474899051,5.450677173030073,1.0459198551132307,0.6942630023660908,1.0205031094773969,1.480100974641025,0.4863826154068019,0.20451570651267215,0.45316593485924833,0.8845718061355609
27769,Pete Crow-Armstrong,OF,CHC,619.082,0.22779528537629343,0.20979353961073918,0.2276603069244197,0.24662215073510035,0.1354206640216477,0.1194645243613393,0.13480250809105637,0.15269756162643844,0.1323610361596943,0.11543107375835479,0.13203625593197393,0.15057867805332678,0.04266437349496691,0.03134304078402722,0.04195620872102353,0.055860848039259,0.04833667148401831,0.032944543939998,0.0472988433701865,0.06733859091286862,0.24942894070648966,0.2298366905970903,0.24945672371642336,0.26916002045438864,0.3107419833729947,0.28669824930933163,0.31063308629770703,0.3350142358139247,0.4545384016270736,0.40712381192965175,0.4536558796514673,0.5055039194937201,141.0239608613265,129.87940408929563,140.94039813138357,152.6793343213874,83.8364955238497,73.95833667066665,83.45380631402736,94.53231184681876,81.94233498781587,71.4613000044698,81.74126939487829,93.22054916660964,26.412745672011106,19.40391237465714,25.974333607428687,34.58244552584054,29.92436325566902,20.395374151461844,29.2818625513018,41.68810953952053
27790,Evan Carter,OF,TEX,410.247,0.21186975678251502,0.1925469068199233,0.21167426642859888,0.2322467916800798,0.13004034410062246,0.11364082889215538,0.1295326089163557,0.1476296427611476,0.10850992585385404,0.09152998646331358,0.10799965384506532,0.12681203496305482,0.031252252247791865,0.021361388887380456,0.030486709933616993,0.04354357420670443,0.03861068391672006,0.023268350569205894,0.0371496893598767,0.05881925027114733,0.2349107401727343,0.21461589050495117,0.2347899719656777,0.25586351821250425,0.3115228406008085,0.28749450828071604,0.3110091184842825,0.3370381096457824,0.403897370622767,0.3572949169893024,0.40324426498134947,0.4527327500469772,86.91893211075644,78.99179088215308,86.8387327795334,95.2785495463777,53.34866104624806,46.620809130520065,53.14036421010818,60.56461805383252,44.51587155176606,37.54990235661501,44.30653399097652,52.02425690748835,12.82114272789987,8.76344570688117,12.507081290136572,17.863620687577875,15.839917244782656,9.54577101596501,15.240548610821335,24.13042096598738
27815,Jordan Westburg,2B/3B,BAL,581.651,0.24291167467728553,0.2226306847973991,0.2425190467500663,0.2641121833658616,0.1304214970584358,0.11406123513266195,0.13009201120852207,0.14770212754053844,0.13594876389020483,0.11657604319484291,0.1351491285862476,0.15672873089692657,0.04186899648135876,0.02960156222092511,0.04100972234880257,0.0565886669719743,0.009287127568546378,0.004875153938499559,0.008738561776721568,0.015481930453713915,0.26893607239370704,0.24661086788308284,0.2687415417249889,0.2921570529953776,0.3343952565389028,0.30904604515163053,0.33412841628940315,0.3607578393307019,0.4725934861001126,0.4174786047500554,0.47153673486926984,0.5313721713655968,141.28981848771778,129.49336044309197,141.0614460612228,153.62111556693677,75.85979418553624,66.34383147614795,75.66814841144806,85.91109018608171,79.07473446550152,67.80657210032356,78.6096257913195,91.16142305492824,24.3531436723788,17.21777826736331,23.853346013903362,32.91485473291582,5.401867037372568,2.8356381634822063,5.082793195991877,9.005080330333152
27845,Matt Mervis,1B/DH,WSN,41.9675,0.18520209122790068,0.16476416455237974,0.18464425265298862,0.20701265255984408,0.10154183698140612,0.0865997964594,0.10114902967209596,0.11801922964257704,0.11821480501316878,0.09558250912782373,0.11737043252253491,0.142846889175993,0.03887090577750813,0.023631656430989974,0.037333211251433004,0.059207457898741864,0.0031967785840191763,7.46707832148117e-4,0.0025542262826463145,0.007850183355548459,0.2016138444238911,0.17861370266731183,0.20121750237898034,0.22565562680993806,0.2790771946689229,0.2525752865339755,0.27873595312701505,0.30719865065284857,0.36862990304718274,0.3164331192544964,0.367486271233185,0.4251550197220595,7.7724687636069225,6.914740075851997,7.7490576732143,8.687803496305257,4.2614570435171615,3.6343769579098693,4.244971902763687,4.952972020024852,4.9611798293901606,4.011358951821943,4.925743626889484,5.994926821493486,1.6313147382175726,0.9917615412675718,1.5667815431945147,2.484788989365449,0.1341608052248248,0.031337460945676104,0.1071944915169592,0.32945256997398
27883,Thomas Saggese,2B/SS,STL,336.237,0.2347037786252753,0.21011934525316367,0.23407760369024505,0.26150852655630613,0.10715837303392599,0.09234495096835323,0.10687944008563537,0.12340477929896385,0.08989036006176636,0.07346658683660952,0.08929781476852211,0.10835498162878458,0.01621122346246263,0.009847358448529945,0.01568707293763066,0.024187229558386317,0.013121639050110743,0.005527663232792923,0.01207028649328169,0.024192155529915778,0.25302599665918046,0.22824177682627197,0.25253531158492587,0.2799549393367383,0.3081943035508485,0.28012870644519083,0.30808101436934576,0.33734212807039743,0.35604356126269804,0.3096190839216849,0.35560812104671236,0.406188031292391,78.9160944136267,70.649898289888,78.70555123199694,87.92884244371271,36.030609873808174,31.049789278746186,35.93682229607378,41.493252777145706,30.224464996088138,24.702184758181076,30.02522934432357,36.43295395791765,5.450813143348048,3.311046262658363,5.274574343330121,8.132641505023141,4.411980549292086,1.8586049024045943,4.0584769196415555,8.134297798912291
27899,Colt Keith,2B,DET,477.202,0.23731778887577665,0.21845883189366216,0.2370125995572278,0.2573753750256439,0.12053438809008875,0.10588476451696152,0.1202287457862395,0.13605840744010425,0.11166462767071511,0.096572407976305355,0.11132158899072751,0.12766938779846435,0.028112019225732546,0.019973425455610153,0.027692466130166585,0.03764059288339418,0.00862941918257299,0.004458361711401697,0.008205701044747956,0.014098431951857438,0.2618542528709781,0.24176428135366324,0.2618385322807956,0.28241834248193204,0.32759518739216587,0.3026683766057337,0.32727004279105987,0.35369294470802176,0.41772116246644814,0.3737011004697499,0.41647313128954866,0.4658990453229831,113.24852348709837,104.24899149731937,113.10288653390822,122.82004371298731,57.51925106536653,50.528421397023074,57.37339794668506,64.92734414723263,53.28658365372059,46.08454623110887,53.12288490955315,60.924087196202784,13.415111798558023,9.531358574268076,13.214900222247755,17.962166205141468,4.117976092762197,2.127539125404313,3.915776949955814,6.727799924290273
27915,Alejandro Osuna,OF,TEX,102.597,0.20503087727568564,0.1825758049921155,0.2047051881307888,0.22914726029134797,0.10554407844357801,0.090366270410916,0.10506371094118055,0.12202313885819692,0.08192448907477423,0.06596487273110943,0.0813197465789628,0.09990212751568898,0.01610919112861604,0.009540546041615484,0.015506880944456212,0.024788228420262334,0.02588737345601318,0.011357498245262457,0.02411435453252341,0.04650076311255484,0.22301528369080573,0.19874168653343843,0.22267248374239856,0.24750313057239096,0.29298291459112336,0.2651959030215435,0.2925307362258684,0.32159814305135126,0.32420618251462113,0.27899940025982417,0.3226554958020014,0.3730992543773216,21.03555291585352,18.731729864776074,21.002138186654538,23.509821464111425,10.828505816075772,9.271308245348747,10.7792215514323,12.519207977434428,8.405206805604612,6.767798047593634,8.343162039761847,10.249658576727143,1.6527546822226198,0.9788314022316238,1.590959464258374,2.5431978712336547,2.655966854466584,1.1652452474691921,2.474060431973304,4.770838793058789
27962,Adael Amador,2B,COL,169.853,0.1872954855859001,0.16651757833690595,0.1868566082668392,0.20970394236453457,0.09058261966005167,0.07660991525574083,0.09024823002158369,0.1056401948071227,0.07886972072490858,0.06244758541159533,0.07822620956788463,0.09696787239353308,0.015912077680635652,0.009017875654103547,0.015298050361041999,0.024996436967182928,0.009478277695484861,0.00253702612842681,0.008072812420716134,0.020893437139011466,0.19691064446863105,0.17518797540420056,0.1964976481216792,0.21989350499817845,0.26138960863850164,0.2357273234202461,0.2611344936524882,0.288119451264665,0.2893562174006514,0.2479543697298739,0.2884058114198706,0.3329952583872471,31.81270011322189,28.283510233258486,31.73815548394744,35.618843722443295,15.385729697118757,13.012423935933349,15.328932613856056,17.943304008574213,13.396258674287898,10.606909724915702,13.28695637373391,16.470284029658774,2.7027141302890074,1.5317132334764498,2.598419747974067,4.245719808186922,1.60991390141119,0.430921498991679,1.3711914080958976,3.548812978372515
28022,Edgar Quero,C/DH,CHW,432.131,0.2407271795975569,0.2171093283173352,0.24025706254247342,0.26547287456031615,0.09989074064734971,0.08529754215942946,0.0996176573958738,0.11557820311303205,0.09780934219462732,0.08084211644763632,0.09724228050877383,0.11593909562362355,0.018309760585819276,0.011724686590495297,0.01776891265462105,0.026763844000789235,0.0026295474276704,6.530505727582173e-4,0.002172639953610311,0.0061212282304232484,0.26290088757068464,0.23809322624635726,0.26269056336872265,0.28888099785515026,0.3215031350302178,0.29294851975746233,0.3213823062495792,0.35072675802599107,0.3714749893888937,0.3262403898422173,0.37058534662026993,0.4212270726931222,104.02567684667186,93.81967115509838,103.82252469354158,114.71905875662397,43.165885646679875,36.85971219089641,43.04787790813634,49.944924489437646,42.266448851906496,34.93438462263353,42.02140391853694,50.100877330932065,7.91221515171067,5.066600541037323,7.678497994354048,11.565486671905052,1.1363089594666376,0.2822033970565812,0.9388650757935773,2.6451724764410285
28080,Jasson Domínguez,OF,NYY,292.09,0.2339989831735554,0.21115431422619718,0.23392846766332562,0.2581761224668536,0.13272657349049075,0.11571118248809859,0.13219511086719699,0.15132693826250326,0.1081715317587618,0.0915117362962382,0.10763576659594057,0.12677248329420523,0.027382949316381158,0.018363909851848676,0.026822970894931963,0.03834090546775424,0.04735816789343112,0.030207349473037177,0.045990298550901,0.06885129635361409,0.2601863021173834,0.2354470273354085,0.2600436683283431,0.28485128662192644,0.32814357130444227,0.29935541912777347,0.32827676421821206,0.35727933350852553,0.42078445265602454,0.37127414233694905,0.41999131902204684,0.47378931559355875,68.3487629951638,61.67606364232993,68.32816611978078,75.41066361134327,38.76810485083744,33.798079292948714,38.61286993319956,44.20108539709457,31.595822711416734,26.729663054768213,31.43933106500828,37.0289746454044,7.998285665821772,5.3639144286264795,7.834721568700677,11.198995078076335,13.832847259992295,8.823264707579428,13.433306303732671,20.110775151927136
28163,Junior Caminero,3B,TBR,635.478,0.23968503059806667,0.2193453584810957,0.23923888013954545,0.2606222600201301,0.13556376638381182,0.11903744201359902,0.1352175446976117,0.15316861120254713,0.15939003942476843,0.13965361898672993,0.1588758063095324,0.1811447643550198,0.05986838026010996,0.04480650637840622,0.05909484015717004,0.07775840089405568,0.009837987793877605,0.005209402647384809,0.009388778537118945,0.015889440514729628,0.2638392846855046,0.24313980116531864,0.2636890192810436,0.28524716463515387,0.3240537651632705,0.2992331290621784,0.32378579844242494,0.3498843695924227,0.507689649897613,0.45395854959903137,0.5071560253274883,0.5626726714412632,152.3145638743982,139.38914971684972,152.03104507331804,165.61971255307222,86.14779113405196,75.64567557591788,85.9277748693489,97.33528270977223,101.28886347357299,88.74680248644916,100.96207964196903,115.11351256279927,38.04503855093415,28.473549060336826,37.553470833398094,49.41375308335271,6.251824807277752,3.3104607755548034,5.966362207211272,10.097389879419353
28253,Javier Sanoja,3B/OF,MIA,239.421,0.22833262538207025,0.2054868469463857,0.2280735274892034,0.2528107593464936,0.11790079691291472,0.10167315874350952,0.11753521938756534,0.1359647218682864,0.1077073394852393,0.09009772373415628,0.10723087491246408,0.12739961288529494,0.02603624954453768,0.01707674704357415,0.025296269192767593,0.03749747596338593,0.015719630466208567,0.007201020722517595,0.01486757066346656,0.027455053846475154,0.2480505901405814,0.22415344158894765,0.24765464575044815,0.27321472103031214,0.30746156667958574,0.2793692740064164,0.3072994902572622,0.3360134241337339,0.39432854486664826,0.3459480655336029,0.39343444920315523,0.44586782903108363,54.66762550160064,49.197866382750604,54.60559202499257,60.52820481349684,28.227926697686954,24.34268933952979,28.14039976099028,32.552809674426996,25.78739892689548,21.57128711415543,25.67332330241706,30.5021427166102,6.233624902202756,4.088531853919567,6.05645806640161,8.977683192629822,3.763609645850121,1.724075582405885,3.559608635817827,6.573316446976928
28312,Coby Mayo,1B,BAL,63.6433,0.20785986454273403,0.18597578919606214,0.20767376388801018,0.23036089131732024,0.11374796019381282,0.09867034706926447,0.11333169570457205,0.12993199812209277,0.11339437273247994,0.09467162033039762,0.11304087150568673,0.13370283061402063,0.03246670050255285,0.02090235662164614,0.03159457258752223,0.04647302879368418,0.007653339199154654,0.002788338082582501,0.006880767080151293,0.015156610682025685,0.22947489683115993,0.20610315257581674,0.22930487133092833,0.2535065608719181,0.3040467009407799,0.27611898909136057,0.3037553157488405,0.33226896631059394,0.3894914003256566,0.3410443443291219,0.38899434588743936,0.43970594966316595,13.228887717052585,11.836112944541743,13.217043657253798,14.660927314375607,7.239295555002888,6.2797064996333205,7.212803109234791,8.269301136083788,7.216792082125041,6.0252143341735955,7.194294097497873,8.5092893596173,2.066287960094122,1.3302949531784118,2.0107828615594534,2.957696913425081,0.4870837626535594,0.1774590370912229,0.4379147235121928,0.9646167206193653
28552,Yanquiel Fernández,DH/OF,NYY,63.5781,0.21125973973127543,0.18796665893656858,0.21060853014062014,0.23707994022358364,0.0998122889221719,0.08448891362968872,0.0993995118089219,0.11662919589727276,0.10352622594553913,0.08375208249633682,0.1025652258383643,0.12664500728891567,0.024603071897372587,0.014556634478096128,0.02373224969912117,0.03762309563521021,0.004319826144832485,9.096264391829157e-4,0.003419594882931766,0.010870725712381011,0.22736442483770425,0.20309367054975827,0.22701065648491503,0.25321919237758334,0.288904038214372,0.2615229702623687,0.2884022912080304,0.3176504119442261,0.35934064143088884,0.31110055104357354,0.35789365228180753,0.4125979932107516,13.431492858609003,11.950563038535051,13.39009019013336,15.073092147529023,6.345875686322737,5.371644599639712,6.319632101738817,7.415062679676398,6.582000745788082,5.324798276160352,6.520902184874109,8.051848937915409,1.564216565398344,0.9254831625118434,1.5088513445956957,2.3920049366049585,0.27464633861877424,0.057832320713015334,0.21741134542652413,0.6911400864143311
28806,Jackson Chourio,OF,MIL,632.677,0.251106749421297,0.23258906827077128,0.2509060061359454,0.27120037258042456,0.14219150835710237,0.12547128024035248,0.141791054403492,0.1599220125142642,0.133438760987539,0.11677847080760252,0.13303367333211866,0.1510660427608343,0.03993034656808227,0.029629450874431654,0.039429729645408695,0.05181816197387142,0.03374375644698769,0.022761948326417886,0.03282429977458645,0.047263525435620825,0.2771445861443739,0.25655551337258115,0.2769120210293917,0.2978728438454841,0.3345694050797648,0.30930876394939577,0.33435693835422586,0.36114777391043135,0.4870444503476553,0.4364697509223604,0.48612556766624115,0.5403225284242825,158.86946490361794,147.15375394634677,158.7424592440715,171.58223812306528,89.96129693284647,79.38279316862548,89.70793892683811,101.17897911148712,84.42363498531323,73.88305257514155,84.16734534274484,95.57601073579636,25.263011875654584,18.745872090882795,24.94628306286824,32.78415926314305,21.34889859761083,14.40096118131309,20.767179508486034,29.902545482032277
28824,Samuel Basallo,C,BAL,421.263,0.1801862202554827,0.158703191852232,0.17987115613797577,0.2028787205224222,0.0903465306275034,0.07525746551235894,0.08987334563397423,0.10723544543807237,0.11470050649578141,0.09098800362997815,0.11403133494593037,0.14105953144625152,0.03465318658109977,0.020078551631357033,0.033363383453638214,0.05351789565702178,0.002098880517766955,2.803849328421367e-4,0.0014244138497231241,0.006241699093493978,0.18873573740025457,0.16646371684180702,0.1881899439771103,0.2120220088768777,0.25092359211054277,0.22461837457196662,0.2505850576154932,0.2790599546452294,0.3420111125882441,0.29390542059294,0.3408515021810391,0.3956728633247306,75.9057877034854,66.85578270924681,75.77306284815208,85.46529844343713,38.059650531733965,31.703185694132863,37.86031520180488,45.174325451578675,48.31907946793236,38.32987937317549,48.037182253327465,59.42316139564225,14.59810533871383,8.458350895880358,14.054759003829995,22.545109278163967,0.8841807035560608,0.11811579796387703,0.6000528515759124,2.6293968852225533
29490,Jackson Merrill,OF,SDP,611.214,0.2545026600144773,0.23471306728711952,0.25403879009356556,0.2755233524551084,0.13188039202901847,0.11648215933017811,0.13142096511778367,0.1490527147523518,0.1387694524450979,0.12084205489859698,0.1384314842805528,0.15779614340248582,0.040654017286085885,0.03022114484877967,0.04005885328180474,0.05327820784460931,0.014779871379788086,0.008913626170717951,0.0142715848327873,0.02219341987834658,0.27933316153551196,0.2592488439129952,0.27912175576895915,0.30050476952416916,0.3321555589340667,0.30730922283730805,0.3320747802998669,0.3572662079532107,0.4878204072934975,0.43636281668398264,0.4871084322655311,0.5400409324972362,155.55558883808874,143.45991270882948,155.2720650482486,168.40373034749663,80.6071419336245,71.19552653283549,80.32633377350103,91.10310599464395,84.81783210677807,73.86035574279106,84.61126123305381,96.44721199360698,24.8483045214977,18.471586827602017,24.484531949785005,32.564386529535035,9.033664305525797,5.448133106309203,8.722992451987258,13.564928937523726
29518,James Wood,OF,WSN,632.511,0.23463141823789058,0.2162063199206805,0.2340941427424449,0.25471509564031997,0.13789121341382762,0.12192429039804868,0.13743516518446747,0.15504167411944184,0.13091939415296738,0.11425371403123152,0.1306501749850103,0.14876365613731996,0.04119761243768629,0.030380910382607366,0.040704107858839086,0.0539255752270586,0.024593526783496175,0.01585452882274798,0.024013970457703135,0.03536907492369303,0.26524223318873424,0.24566340900259567,0.2647013082807952,0.2863213609315999,0.3405411415084032,0.315956655840304,0.3403646312282882,0.3668288501993368,0.4747191821174268,0.42626209123900133,0.47360472892312416,0.52750623825954,148.4069529810664,136.75287561934954,148.06712032016654,161.1100998585544,87.21770928759352,77.11845484396017,86.9292537659927,98.06556433896228,82.80795691508754,72.26673091560828,82.63767282994385,94.09464890707238,26.05794304057339,19.216260007013368,25.74579596590217,34.10851951244206,15.555676219355949,10.028163880205147,15.189100468172267,22.371328949060004
29524,Bryce Teodosio,OF,LAA,219.76,0.1968446655645796,0.1754533531315224,0.19615541059556824,0.21960287491746938,0.10399014547270506,0.08954948290497078,0.103601027384692,0.11991580883748681,0.07775169685510457,0.0627005445198082,0.07716073482845939,0.09473481232163741,0.015469471342689192,0.009205141539014184,0.014879437131906153,0.023718370187720914,0.03762612583352525,0.01781696880206143,0.035513403691883626,0.0657398819756775,0.21109618480196957,0.1880580800800586,0.21049452578864802,0.23544264217600006,0.27582085911969123,0.2494480611108284,0.2753640541597111,0.3029229991447208,0.3059595887921625,0.26254766552282693,0.30453776791080533,0.35297378341645463,43.25858370447201,38.557628884183366,43.107113032482076,48.25992779186307,22.852874369081665,19.679394363196376,22.767361778059914,26.352698150126102,17.086712900877778,13.779071663673047,16.956843085902236,20.818922355803036,3.3995710222693765,2.022921904613757,3.2699051041076963,5.212349032453548,8.268717413175509,3.9154570639410196,7.804425595328345,14.446996462974885
29554,Adrian Del Castillo,C/DH,ARI,258.042,0.22153924476445033,0.19752946043183195,0.22136307799113206,0.24675403513670258,0.10806073888416831,0.09190361312881676,0.10762466790487593,0.12556348414352578,0.11901177723701298,0.09647834706365299,0.11827440122237509,0.14416181884939575,0.0318536107186776,0.019308178883532024,0.030595309278474363,0.048380095615838795,0.003862882458545118,8.994255362299818e-4,0.0031111211120262187,0.009321546014924416,0.24185441964912543,0.21632839008832844,0.2416783170928989,0.26831168570323827,0.3058238393382959,0.27779463462769316,0.3057515786346875,0.3345652209373399,0.40049754788117964,0.3464498196461914,0.39906690707285386,0.4595441383631774,57.166429797508286,50.97089702875078,57.12097137098769,63.672904734744996,27.884209183148556,23.71499213898613,27.771684555509992,32.40065257536367,30.7100370217933,24.895465632999144,30.51976304022411,37.19980405953577,8.219569417069005,4.98232109546437,7.89487479683608,12.484096632902274,0.9967859153678992,0.23208956421985694,0.8027999139894695,2.405350376783126
29571,Tim Tawa,2B/OF,ARI,150.713,0.19725285949058374,0.1767873712351168,0.19682990682980955,0.21875523852077375,0.1177713113392662,0.1021160564950109,0.11724384062217587,0.13480809400495242,0.09600640445166223,0.07969281555890304,0.09538144083099527,0.11452619176258881,0.026447877716950882,0.01672681793242404,0.02561317412890754,0.03900277763487719,0.030073010976150488,0.015118667664943785,0.028441432054904077,0.05000581206823417,0.2159850824887426,0.1930687262775316,0.21554404960062834,0.23962034385973158,0.2913351274032056,0.26460979413377994,0.291265274279286,0.3182931693885149,0.3604012272430122,0.3127303324564703,0.3592754656494046,0.4117779777209761,29.728570212404346,26.64415508095816,29.664825748041086,32.969258263181374,17.749667645874826,15.390217222532577,17.67017095168999,20.317332271768393,14.469413234123369,12.010743311328953,14.37522309196179,17.260585939115046,3.9860389943548182,2.520948911049424,3.8602383124900417,5.878225625685245,4.532393703248569,2.2785797597866724,4.286493549290758,7.536525954239776
29575,Trey Sweeney,SS,DET,91.5348,0.20013013421614612,0.18086393234595835,0.19999003052368294,0.21986046980085372,0.10845544174818908,0.09472232833081198,0.10812024837513506,0.1236235006969766,0.10141221842244015,0.08615753426452194,0.10110569965504909,0.11812866854096189,0.026744078648034797,0.018154017359918187,0.026177333199799147,0.03751688604405975,0.012104607854759022,0.005732171827805994,0.01127918227035241,0.02114625440060766,0.2157158320365614,0.19512239082894345,0.2154361987221064,0.23681452954764393,0.28169899507796237,0.25840202894095937,0.2814295354532025,0.3059601976680551,0.35652288515008324,0.3136759227248881,0.35564843143755825,0.4031185685876184,18.318871809448094,16.555343874500828,18.306047445979214,20.124884131127185,9.927447169332138,8.670389379295209,9.896765310968313,11.315852411597614,9.282747130854375,7.886412667396163,9.254689996784988,10.81288404916324,2.4480138902321356,1.6617243482366393,2.396136958976975,3.4341006606658,1.1079928590637962,0.5246932018238561,1.0324376932802537,1.9356181673087423
29576,Ben Rice,1B/DH,NYY,553.155,0.2104930049275728,0.1912971650784376,0.21021664848773325,0.23002430132483007,0.12188919733765113,0.10600888558440093,0.12165196559972756,0.138966485514044,0.13742276396743164,0.11778980697121678,0.13693325384179145,0.15905311919887957,0.048742021546847966,0.034715833705191754,0.04786239669537986,0.06584435324509999,0.004518103445806118,0.0018331060812519521,0.004112937946971536,0.008577042005321604,0.23615940796744284,0.21447520814396825,0.23592234427385744,0.25894862955817805,0.31985910922539473,0.29322631305178515,0.319739718616073,0.34621588303704154,0.44417989795190865,0.39194440927139873,0.4422183510724932,0.5016005044988423,116.43525814071153,105.81698334896315,116.28239019423208,127.23909239933637,67.4236189533084,58.63934510543929,67.29239303131729,76.870006294521,76.01608900240464,65.15602067516342,75.74531402885614,87.98102815045623,26.961892928746686,19.203236993195343,26.475324044032845,36.422133219293286,2.4992115115648827,1.0139917943749235,2.2750921900570398,4.744433670453672
29591,Colton Cowser,OF,BAL,519.922,0.20486905912443598,0.18798943540265192,0.20447430874628564,0.22322677606058783,0.12635468908154854,0.1109879092043919,0.12599716983108863,0.14288541365683655,0.119265546834284,0.10292727491441128,0.11887779731943166,0.13689610434942645,0.04001614171526361,0.028624750356885595,0.03945051678707376,0.05342249456151105,0.022917704775413612,0.013656086444564092,0.022170829600801956,0.0350095970923058,0.22658813825538382,0.20747110128097387,0.22626012619812252,0.24685500824190912,0.3019873040492441,0.2776769191590252,0.30175646421441754,0.32714811576590563,0.41447527478126855,0.36701832190193506,0.4131325604387461,0.46474119336488307,106.51593095809501,97.7398432334176,106.31069155198632,116.06051186297294,65.69458265665688,57.705055729365846,65.50870053291926,74.28927003928978,62.00878164117461,53.51415462805055,61.80718213791355,71.1752963655625,20.80527243288329,14.882637455052674,20.511191588968963,27.775530217409948,11.915418902242596,7.100099776430652,11.527102067708155,18.202259739425816
29592,Connor Norby,3B,MIA,473.497,0.22350466631455942,0.20375215866972374,0.22331979667980578,0.24428984979415158,0.12526042307433172,0.1093233219734071,0.12490331352258172,0.14221683095831145,0.11377669750251533,0.09699579599354077,0.11346314911682842,0.13195018176496806,0.030973735693264965,0.021394413020588886,0.03044508759193906,0.042379002649460706,0.0171027544171365,0.009419390532255704,0.016443870260973957,0.027441481831750502,0.24677709468996514,0.2252756579102806,0.24646702478334193,0.2688626013814642,0.31593872610787777,0.2905904862545063,0.31575456754642295,0.3420850993484417,0.41125072242284966,0.36372611038357183,0.4113263349806234,0.4609313640733521,105.82878898594495,96.47603587363818,105.741253768498,115.67051100798139,59.31043454442685,51.76426498444235,59.141344243001875,67.3392428082676,53.8729249373485,45.927218415553575,53.72446071737091,62.47801521516708,14.66597092955388,10.130190382009776,14.415657639520369,20.066330617511696,8.098102908250882,4.46005315885148,7.786123236960386,12.993459322888368
29606,Justyn-Henry Malloy,DH/OF,TBR,201.425,0.20462629795749823,0.1851243741803287,0.20439703564878842,0.22514813514250515,0.10741217798793631,0.09293042052843312,0.10703706859160211,0.12331567140583957,0.10739521367697813,0.08969895160472072,0.1070029608131027,0.12660803081474037,0.0282638994072728,0.01847197807477719,0.02761377561617833,0.040446572808444735,0.0047474529496854085,0.001601615781444084,0.004131818862554172,0.009975916433544273,0.22761525404379024,0.20634047672032618,0.22757160740455018,0.24978351079339156,0.30931652110317465,0.28364103194775764,0.3091164689928958,0.33601198779374697,0.37471121464988477,0.3293350238924127,0.3735615051281139,0.4238188764727611,41.21685206608908,37.28867706927271,41.17067290555721,45.3504631210791,21.635497951220074,18.71850995493964,21.559941541063456,24.838859112921238,21.63208091488532,18.06761132698087,21.553071381779212,25.50202260685908,5.693055938109924,3.720718183711996,5.562104753488721,8.146950927940981,0.9562557103903835,0.3226054587773746,0.8322516143899741,2.0093989676266553
29617,Henry Davis,C/OF,PIT,273.892,0.1712663318397437,0.1554494978327075,0.17101140915218038,0.18819104127156025,0.09508007175175145,0.08218211590922692,0.09488572561963386,0.10891948595229213,0.08332039363030755,0.0700489419718792,0.08290720534061234,0.0979901394542437,0.020585403762541858,0.013949373590862568,0.020141367137397184,0.028862067053583976,0.007408262133170851,0.003117408559701577,0.006799872908055777,0.013777603157785484,0.18385457948484588,0.1662838676408698,0.1837268834818096,0.20207140260918613,0.2621947806688587,0.2403485990690824,0.26195041187826695,0.28507810360490266,0.2968181055853999,0.26120454405117316,0.29609330767030356,0.33519877887097815,46.908478160251086,42.576373860395925,46.83865687550899,51.54402067595018,26.041671012230708,22.509024090609977,25.98844116141276,29.832175846445196,22.820789252192196,19.18584481456194,22.707620285150995,26.838715275401714,5.638177407330114,3.8206218315485305,5.5165593279959895,7.905089269440222,2.0290637321784306,0.8538332652337843,1.8624307905332127,3.7735752840921815
29622,Sal Frelick,OF,MIL,536.001,0.24517872791427253,0.2257414806453307,0.244979651111551,0.2656499461392927,0.1279485162937578,0.11270075746926157,0.12748562496902754,0.14456209286019125,0.09640325397862223,0.0830289222288307,0.09602360845111774,0.11099083690974647,0.019514417065428672,0.013862888469384573,0.01912642244660412,0.026449829691939524,0.0297504175738923,0.01897290975573494,0.028953919908175918,0.043318060657318934,0.2735744360802346,0.25242278430732507,0.2733192995602378,0.2955301340662757,0.3428439667437018,0.31768257081466256,0.34264787358809295,0.36874293368272165,0.399970247591695,0.35473317136968086,0.39922072064807235,0.448217773148964,131.41604334077797,120.99765936737789,131.30933797544245,142.38863678060702,68.58053268197048,60.40771870428167,68.33242246902373,77.48542633515537,51.672240535795495,44.50358534357548,51.468750153407555,59.491199574461014,10.459747061486834,7.430522082478601,10.251781557802254,14.177135164709275,15.946253570023845,10.169498601983683,15.5193300247022,23.218523830383607
29630,Joey Loperfido,OF,TOR,67.5637,0.2458929955199697,0.22271196275205388,0.24532744803245818,0.2709988278206308,0.12642693409243452,0.10986440310736886,0.12610597685289285,0.14423275997114823,0.11919522574373552,0.09917391555312209,0.11874852904143826,0.14085306921286483,0.03025178729563145,0.019813102165403246,0.029528064888854018,0.04317038878378741,0.014409755991889109,0.006662920166488379,0.013316831611660002,0.025821476096522872,0.27236621354209306,0.2481788472125476,0.27206811089554567,0.29836020744263375,0.3350724738702936,0.30760277775755657,0.3352122821813003,0.36218151150374134,0.44064485003636705,0.3845309668197979,0.4393875791931404,0.5022031412102146,16.613440581412576,15.047244237790942,16.575230100630595,18.30968350322475,8.541871446941018,7.422845572225337,8.520186388295796,9.744898924862667,8.053270473582023,6.700556678256475,8.023089991597022,9.516554512377235,2.0439226813058546,1.3386464907726552,1.9950253177310662,2.916751196671177,0.9735764309091981,0.45017153925257086,0.8997344159607128,1.7445944645426423
29634,Will Wagner,2B/3B,SDP,116.268,0.21096549662248498,0.18791199531644281,0.21046428194892697,0.23495026481773434,0.10141533731269002,0.08686702027336365,0.10096232809851038,0.1173409248678593,0.07865379114602197,0.06300505781911388,0.07812870439307441,0.09634983141167597,0.014231354639824787,0.008478835474756174,0.013736297571733336,0.021605136742658244,0.010442020787087083,0.0034934211715121856,0.009100887894286359,0.021603069337648113,0.23126285939668612,0.20634557794671726,0.23098463673363773,0.25701393059809685,0.30412117517848103,0.27595787270644917,0.3037324921650606,0.3336019845993581,0.31843543668563995,0.2732978733807375,0.3169956446320342,0.36808149233943954,24.528536361303082,21.848151871452174,24.47026113363784,27.317197389828337,11.791358438671843,10.099854713143445,11.738687963357606,13.642994652536265,9.144918988965683,7.325472062512732,9.083868202373976,11.202402198572742,1.6546511412631484,0.9858172429789509,1.5970918460702914,2.511986038795389,1.214072872873041,0.4061730927693788,1.0581420336928864,2.511745665749671
29646,Caleb Durbin,3B,MIL,558.933,0.23039772876028536,0.20911358488609882,0.2299429315480101,0.25352834904002014,0.1253319109430558,0.10947877370888441,0.1247679322889264,0.14286162943074246,0.1052264484647264,0.08936917210847488,0.10485785876317814,0.1222271502716267,0.024566462174540383,0.016834832707464803,0.024008483954045395,0.03444816922474224,0.027666219279577995,0.016503081038412745,0.02668185166179024,0.041956228858602555,0.2555933610160371,0.23228529993785074,0.2551686867302704,0.28008755216767817,0.3248583326139542,0.2971815916063079,0.3248226087120173,0.3532200346848475,0.39901629813007145,0.3515979009768324,0.397736646275074,0.45073801022108706,128.77689372917257,116.88048334114187,128.52269255892392,141.70536071398558,70.052140979135,61.19129942542789,69.73691469804649,79.85007912261318,58.81453451973492,49.95137947410619,58.60851757207945,68.31678778277113,13.731006402602379,9.409543549681425,13.419133961886455,19.254218569292853,15.463562940592368,9.224116594043151,14.913367394879405,23.450720864625303
29668,Marcelo Mayer,3B,BOS,474.865,0.21679910573281913,0.19391364449066475,0.21612694480053318,0.24198115399810727,0.11319940304756865,0.09630418772258995,0.11280261797374087,0.13148176008696263,0.11217981025183427,0.09073599613202923,0.11147590126566115,0.1365624731257279,0.030304659403695998,0.018423421424508056,0.029321254292197875,0.04570597698969585,0.007380913763489182,0.0019602192964610996,0.00620592460669731,0.016951920183487536,0.23587355979818364,0.2110139332646886,0.23562432994625535,0.26144449066172604,0.3004897500012389,0.2721530058889475,0.3002912132914438,0.32905903943973214,0.39115097380359554,0.3384279458193075,0.3897126357828824,0.44820112628990705,102.95030734381515,92.08280279105952,102.6311216427052,114.90838069331122,53.75443452818369,45.731488102887674,53.56601518410046,62.436086003695515,53.27026559523728,43.08734880323606,52.936003854518184,64.84873880084878,14.3906220877361,8.748638014749018,13.923637419464544,21.704168763211918,3.5049376142992905,0.9308395362140001,2.9469763883593183,8.049873577931809
29695,Matt McLain,2B,CIN,546.302,0.21463262680460735,0.19613617427624966,0.21431906571055304,0.23349770476404055,0.1244546386978212,0.10943735205453005,0.12401319177073558,0.14058996122104053,0.09929780888262629,0.08546146808486003,0.09893302724172706,0.11451468741911408,0.025784193271578056,0.01830258534343578,0.025389650006822324,0.0346703873590462,0.02501242039024591,0.01541654574886125,0.024272239892451714,0.037122008389024186,0.238366657364843,0.21821113188459923,0.23832343277089107,0.25923437183616127,0.31427000191853605,0.2884844584001868,0.31403746247443953,0.34012098107121636,0.3833887906854661,0.3398756213864107,0.382278162355867,0.4317007636098049,117.2542332886106,107.14958427946374,117.08293423580655,127.56026310800489,67.98981802989712,59.78584430209388,67.74865469073639,76.80457699497688,54.24659158819651,46.687770937695205,54.04731064820998,62.55960276643686,14.085956352649635,9.998738978289653,13.870416578027049,18.94050195502166,13.664335284032122,8.422089775694399,13.259973197726158,20.27982742694069
29704,Braxton Fulford,C,COL,204.328,0.2049101643530603,0.18218798978188255,0.2042494946934782,0.22883191567195704,0.10032074331714125,0.0857772681146262,0.09988262330710268,0.11608760249531334,0.102978693374465,0.08317634689589164,0.10231762415181626,0.12510268496508797,0.024020752934217945,0.014218433205059937,0.023200265637142684,0.036821786532264006,0.005807389623665151,0.00170147241805023,0.004859939414845849,0.012920574127970545,0.22272431619556843,0.19837524414135954,0.22260815778384957,0.24829430414638373,0.2884729877865054,0.2611067999385506,0.28812000440735785,0.31651881851890457,0.3500174606943858,0.3009320184520796,0.3492526608810754,0.4022012690602312,41.86888406193211,37.2261075761525,41.733890751729014,46.75676766541964,20.498336840504837,17.52669763932534,20.408816655093677,23.719947642662387,21.041430459817683,16.995256608543748,20.906355507692314,25.561981413546494,4.908112405542885,2.905224019923487,4.74046387710609,7.52372199856444,1.1866123070242531,0.3476584562353674,0.9930217007566227,2.6400350704199655
29712,Colson Montgomery,SS,CHW,549.568,0.2293508382115094,0.2058910028701964,0.22898909041877225,0.25459514867292227,0.13714887402750747,0.1189186502439445,0.13674421961167937,0.15670046691482303,0.1684386597337488,0.14334541705760834,0.1677284180022881,0.19631376958670213,0.07437099875323328,0.05180627191918973,0.07291192141374021,0.1015178016053145,0.0059648678581099325,0.0018556526350343903,0.005212853345679123,0.012582706321713344,0.25472920568568896,0.22975799905939348,0.2542705252283703,0.28091257054001034,0.3239500541535405,0.2952600160722981,0.324198242797853,0.35298852198822017,0.5256983905189099,0.46450749158848814,0.5237812216120753,0.5936138216239573,126.04388145422278,113.15110666536809,125.84507644326382,139.91734666588053,75.37263240154923,65.35388477726408,75.15024728355141,86.11756220144547,92.56849735255686,78.7780541615157,92.17817122468146,107.8877657242247,40.8719210428169,28.47106924608526,40.07005882750638,55.790935192629476,3.278100499045759,1.0198073073305798,2.864817387478184,6.915052747811359
29715,Hunter Goodman,C,COL,569.038,0.22953898755780588,0.21025827009006862,0.22905683030399981,0.24982288938875982,0.1187768304326858,0.10393714823762118,0.11864412865837749,0.13438437907756348,0.1607069279918823,0.14034691283469541,0.160313089921777,0.1827818958025908,0.056669590727286,0.041226464835589095,0.055635110035409455,0.07470369226127922,0.0031083105396410376,0.0011862115485826736,0.0028234557502524113,0.005958930815519034,0.25109265116434554,0.2301940086051912,0.2508497236887495,0.2728116479446335,0.3106739446392133,0.28539159612477266,0.3106650532469308,0.33628991062736124,0.4785070833678547,0.42626587544486133,0.47761814979409645,0.5345614276781128,130.61640640191874,119.64494549551247,130.34204060252745,142.15871733200112,67.58853003575467,59.144186958839484,67.51301768350581,76.46981830153857,91.44834889064472,79.86272658562942,91.22424006290815,104.00984442371467,32.24715056827337,23.459425097113947,31.658491744329325,42.50923963697381,1.7687468128562567,0.6749994471823875,1.6066536132121316,3.39085807340132
29766,Zack Gelof,2B,ATH,147.76,0.19187814838522876,0.17527298245340198,0.19160814465208917,0.20908603558491998,0.1109982342118378,0.09725371615470423,0.11064593792032462,0.12557004487169843,0.09302046732983746,0.07884691321809652,0.09272600642448187,0.10795264710544705,0.02494143103999671,0.017334727945755572,0.024433251307166337,0.034324146390463835,0.02621727127834816,0.015422698904263244,0.025221179136125923,0.0406733795050278,0.20650684165434632,0.18817281100290262,0.20616939699026743,0.22605252882971044,0.2752251711074113,0.25308837337166196,0.2749505875821102,0.2980273307848682,0.33968467729725466,0.29918133912515327,0.33906703570175545,0.38231539002718884,28.3519152054014,25.898335887314673,28.312019453792693,30.894552618027774,16.40109908714115,14.370209099019096,16.349043787107163,18.554229830242157,13.744704252656781,11.650419897105941,13.70119470928144,15.951083136300856,3.685345850469914,2.561379401264843,3.6102572131468977,5.071735870654936,3.8738640040887242,2.278857990093937,3.7266814291539663,6.009898555662907
29779,Max Muncy,2B/3B,ATH,376.989,0.20752887342756704,0.18530330646653806,0.20709684039219073,0.2310142024507521,0.1051653308959227,0.08989197187899921,0.10465218396400455,0.1222039993662064,0.11550462025318331,0.09494480550689573,0.11462505824117272,0.13839338258810124,0.03396668378410443,0.021587828493203037,0.03301201377536433,0.049506416373097495,0.005909278396317352,0.001577811001992923,0.00508519039750379,0.013331573091998413,0.22218728512429228,0.19848585869398092,0.22187317030241246,0.24699202244017995,0.2833879970967664,0.25603289153476055,0.2828495618999464,0.31218674611272684,0.3826146483961974,0.3344996494177117,0.38148536557517515,0.43619957588155184,78.23610246458506,69.85730820151372,78.07323076261159,87.08981316770658,39.646172929123,33.88828458669203,39.45272218040611,46.06956351706678,43.54397128462732,35.79314728323911,43.21238608128146,52.172782908505695,12.805066153085745,8.138373875824119,12.445166061160823,18.66337440207765,2.227732953349282,0.59481739183031,1.9170608427645561,5.02585640837939
29782,Niko Kavadas,1B/DH,LAA,21.3275,0.19274986820038373,0.1713461761306492,0.19248464489808725,0.21546806194136872,0.10291840181989305,0.08753509339267822,0.10249340952277078,0.11991720359793441,0.10381498135755392,0.08313123017881308,0.10316408463246657,0.12702899748605345,0.02841439544630266,0.01668181928884585,0.027294436769172335,0.04399313525154423,0.005767270751299502,0.0014397995435979228,0.004753358306171364,0.01338651682862162,0.21071279385084118,0.18754198821517098,0.21034897156538027,0.23487176813826127,0.2883251520358734,0.2620955981306536,0.28784039247615323,0.31581646140026043,0.3527626171696021,0.3031316070473891,0.3514821133017262,0.40702629084329156,4.110872814043684,3.654385571426421,4.105216264063956,4.595395091054542,2.194992214813769,1.8669047043323448,2.185928191596894,2.557534159734946,2.2141140149032315,1.772981311638636,2.2002320149989307,2.709210943883805,0.60600801888102,0.35578150088285987,0.582122100194523,0.9382635920773097,0.12300146694834013,0.0307073247660847,0.10137724927486978,0.2855009376624276
29788,Brett Harris,3B,ATH,175.935,0.17194604870749397,0.15261321316836002,0.17127343520075827,0.19284090457170994,0.09963107808392066,0.08487234330802218,0.09916227969733249,0.11553866556128574,0.08980470916972305,0.07250616236468516,0.08897281360857312,0.10946423019858638,0.024332983033367724,0.014433249512902552,0.02339617275233312,0.03714610267348065,0.00699357574068067,0.0020179487817024912,0.005895578033945479,0.015471562536168736,0.18647920384838382,0.16453052792343803,0.18598801824320155,0.20988237942064275,0.2696563292772319,0.24313850434774426,0.269448169369058,0.29699399248630654,0.3131744349590672,0.26847484883102063,0.3121595460321348,0.36089346043111814,30.25132807935295,26.85000565877542,30.13299182204541,33.92746454582379,17.52859372269458,14.932015719896883,17.446115678550193,20.327295125524806,15.799791507775225,12.756371675630882,15.653431962224312,19.258589339988294,4.281023369975551,2.5393137530525105,4.116205653181727,6.5352995738588175,1.2304147479366536,0.3550278189088278,1.0372385214021977,2.7219893548008467
29794,Kyle Manzardo,1B/DH,CLE,550.042,0.21823302335194034,0.19922864520109562,0.2180381828826971,0.23806436668924685,0.1095917744836198,0.09550083655722166,0.10918559778493536,0.1246999997644527,0.13602192706726274,0.11737185441605898,0.1355789558142411,0.15597744868355712,0.04333911932192882,0.03105845126914715,0.04261515150888688,0.057735121020357515,0.002680664995189684,8.832130040782716e-4,0.0023819700776049105,0.00555963554345823,0.23991504932736563,0.22009299086823164,0.23961602879410826,0.2608073400751313,0.30845080612173625,0.2840636547221786,0.30833928709248715,0.33343431370619253,0.4322425898240973,0.3838292242757507,0.43130229635183825,0.48311792858071867,120.03732863054798,109.58412246370105,119.93015818916449,130.94540038248672,60.28007882051921,52.529471141607324,60.05666457682142,68.59023727043909,74.81777280793133,64.55944954671791,74.57412001397681,85.79414782880113,23.838335870072374,17.08345265298424,23.44012316625116,31.75674143627949,1.4744783352841242,0.48580424718922066,1.3101835854259603,3.058033053594852
29844,Liam Hicks,C/1B,MIA,231.121,0.22417366499446933,0.2021676815421548,0.22392902853119753,0.24774076098589662,0.10989684418585317,0.09437802646344573,0.10952312249631871,0.12704637997525,0.10476160225322097,0.08737494461169434,0.10425463528339869,0.12361841530460721,0.023478348431812002,0.015416560717146597,0.022856925390815665,0.03372700109947784,0.005853797832151029,0.0020263196168925405,0.00523423739064379,0.01182114409968604,0.24849280194988044,0.22391998160396154,0.2482297829265233,0.2743468157921487,0.3201109885609409,0.29170414188981125,0.31981632882725464,0.3493567164307803,0.3820401630125093,0.3323909706071458,0.38087275455316816,0.43526576625830204,51.811241627186746,46.725196725704365,51.75470100315891,57.258092419821416,25.39946852507857,21.81274385425804,25.313093594471678,29.36308638625976,24.212606274366685,20.194184573599408,24.09543556133439,28.570811763616124,5.426339367908822,3.5630909295076387,5.282715453250708,7.795018221112419,1.3529356087645779,0.46832501617582084,1.2097421799629835,2.7321146454635374
29858,Denzel Clarke,OF,ATH,367.697,0.2136329956026178,0.1907504448133306,0.21315711859428957,0.23813772255699253,0.11556412521368517,0.09976592951494852,0.11512212581130231,0.1328612340435253,0.09227201431386868,0.07507006075341768,0.09171182794048063,0.11184645421280703,0.02103617254728853,0.012781564251446576,0.020326708526882144,0.03167795350687415,0.03256162112212213,0.015403954254750446,0.030552385014912614,0.05643376515264843,0.2329799898228405,0.20829222298154693,0.23268292349917213,0.25923957736947634,0.2991378716321752,0.27164661039068877,0.29908736698567406,0.327468774698729,0.35721102086397793,0.30856724632711857,0.3560248267756182,0.41058715476683233,78.55221158409576,70.13836630652722,78.37723303576449,87.56252617103848,42.4925821486964,36.68363298485802,42.330060294438425,48.85267717410212,33.92814284716657,27.60303612884942,33.722163998230904,41.12560567468651,7.73493753712035,4.699742830564151,7.4740697452089835,11.647888470617104,11.972810401740942,5.663987767608974,11.234020312828324,20.75052614533337
29931,Jacob Young,OF,WSN,325.211,0.22311319378019578,0.20420622784203302,0.22290432752572698,0.24296156406099015,0.11299227978431661,0.09900829541774593,0.11264021368946271,0.12784687696452635,0.07823566494668517,0.06636906946833172,0.07784241016453303,0.09119573962606746,0.013401232719327529,0.009215835858239195,0.01308614763569807,0.018595819036348854,0.040541013138485814,0.025871920248417724,0.03946033745156899,0.059206046630506895,0.24495075778182054,0.22423260629295025,0.24465170773289052,0.2666161561780925,0.31099587733768913,0.28667305358020034,0.3107410569472431,0.3361698405999627,0.332645684392668,0.2941731888732364,0.33187683361437276,0.3750823095656151,72.55886486245126,66.41011156273541,72.49093925896919,79.01377320983867,36.74633230093739,32.19858676110057,36.63183653416386,41.57721070451058,25.443098832976432,21.58395145086563,25.31520805201795,29.657857679533027,4.358228293885225,2.997091195293827,4.255759158753005,6.047564904630048,13.18438342378011,8.413833055908176,12.832935802962202,19.25445763075378
29993,Brady House,3B,WSN,488.107,0.21857408895977834,0.19548275824235817,0.21786080810263397,0.24347724911681176,0.10577881096861921,0.09098260164484018,0.10528052341134697,0.1216667179808661,0.09910414272003036,0.08130760237341703,0.09848149207392495,0.1190306435254038,0.021066622701553916,0.013289806309586382,0.020311896735737665,0.031387326514032525,0.015287890339570996,0.006716616492529065,0.014360054169821985,0.02732738415236228,0.23266578680151703,0.20876863325202505,0.23223125141741094,0.2579143875010921,0.28535444538191407,0.25880776757056834,0.28485083057409877,0.3133663837147298,0.35188742061916245,0.307019938467236,0.3501504652751018,0.4021158256922718,106.68754283989053,95.41650267740272,106.33938546055236,118.84294963465965,51.63137808545982,44.409244741058004,51.38816044074234,59.38637671348661,48.37342579064586,39.68680987168147,48.06950565172729,58.09969031925427,10.282766006987378,6.4868474883532805,9.914378979990705,15.320373782784875,7.462126289976981,3.2784275263188847,7.0092429606693,13.338687496457096
29995,Daylen Lile,OF,WSN,541.554,0.2632774214795548,0.2371759694906019,0.2630758248072048,0.29029900785825774,0.13867283490502166,0.12060614488579817,0.13826182842314289,0.15856007716507192,0.12286809552971853,0.1032164799608301,0.12235451420617466,0.1445618723622625,0.03203325870312496,0.02143291549404395,0.03137272982587093,0.04511481848672049,0.022994661708651037,0.012088534769225587,0.02186775814929759,0.037906751286783405,0.29288996117588795,0.2659002652477107,0.29271258378896875,0.3201350682879265,0.3525060655153049,0.32242124260032107,0.35229821695779584,0.3832442253149274,0.4795353482195763,0.4214177531880227,0.4778459547932342,0.5438313243525807,142.5789407119388,128.44359498151343,142.46976522764098,157.2125889016709,75.0988284341541,65.31474018748354,74.87624622986672,85.86884402905335,66.53970860650118,55.89729758870738,66.26157658641071,78.2880602252727,17.347739383712135,11.607081117461476,16.990027328119705,24.432110410757428,12.452851026966803,6.546594358413193,11.842571896784706,20.5285527863627
30011,Christian Encarnacion-Strand,1B,CIN,83.6983,0.20375298444843906,0.18556931931361323,0.20343072033566478,0.22296672233543122,0.10304671283854197,0.08974346517183482,0.10260948524455007,0.11763958971486904,0.12265188260470992,0.10385643393680502,0.122118040763578,0.1434026809787598,0.03652298242730967,0.025112918487344378,0.03572781275085697,0.05079671453213527,0.0039435115178231735,0.0014363133799116887,0.003554563603523243,0.007886246589446826,0.21771810096699043,0.19814680267136134,0.21737481911434675,0.23860942650996886,0.2757430913096903,0.25301187851738915,0.2756015914638738,0.2994504127841153,0.38156077634103663,0.3354880136288559,0.3810272866391062,0.4307667211361405,17.053778418260787,15.531836558706594,17.026805459870573,18.661935616047625,8.624834685174138,7.511375470991783,8.588239478843926,9.846233671832024,10.265754065813793,8.692606964572889,10.221072411242181,12.002560613364532,3.056911540095693,2.101908585429296,2.990357189965052,4.2515986519250175,0.33006521007221934,0.1202169881658625,0.29751093085676944,0.6600654329174973
30038,Carson Williams,SS,TBR,377.558,0.18579125133415228,0.16412382104746975,0.18523876617050747,0.20872318699080653,0.10839265212801119,0.09213598386888745,0.10795696552194159,0.12588509867554154,0.11008098930652582,0.0877320624360341,0.10958575253143554,0.13452040697203294,0.03581681141887944,0.021266651509107764,0.034449285372840775,0.055294144898056063,0.016997380258310952,0.005375232754566158,0.01507109620877147,0.03524355304245816,0.1949897486043661,0.17282272520104935,0.19462267296831298,0.21877738190232773,0.25639566354571686,0.23104450092808818,0.25607306310540634,0.2828185712206847,0.35627070578400166,0.3059047700536437,0.3551774661583451,0.41131545587400886,70.14697327121986,61.96626162704058,69.93837807780446,78.80510903387493,40.92451295214765,34.78667779756941,40.76001598853322,47.52892608574011,41.56195816059328,33.12394202922416,41.37497755426374,50.78925581554681,13.522923685689284,8.029394410475708,13.006603286799017,20.87674675942025,6.417496895567366,2.0294621283484893,5.690212942391338,13.306485399604417
30116,Seiya Suzuki,DH/OF,CHC,607.283,0.2384029871186705,0.2193869448878877,0.23824224939910804,0.2585591298763399,0.1313598727055197,0.11469097685452095,0.13110609211715551,0.14904024839504804,0.14433717805660304,0.12529935949022447,0.14393322777631984,0.16500742068896088,0.0451865545509278,0.0325206155421105,0.04443232358832791,0.06022295193834926,0.009411519896663202,0.005132449592811101,0.008944614755946993,0.015314186800692395,0.26878241269051,0.24528440119205044,0.26864455938617204,0.2926058423199918,0.34253339651649795,0.3157603298640061,0.34213476821734745,0.37010032001461823,0.48225450457211494,0.4252629281371863,0.48054015665662203,0.5434052797559438,144.77808122638757,133.2299620523511,144.68046794183854,157.0185640686933,79.77261757622611,69.64988049714405,79.61850093918255,90.50960916608996,87.65351450174806,76.09217092930199,87.40820236368684,100.20620145825423,27.44102640735109,19.74921696825949,26.98299476569054,36.572374921976554,5.715456037405319,3.116849386071104,5.431912482835758,9.30004530288488
31166,Heston Kjerstad,OF,BAL,35.5559,0.20491096274442042,0.18480673157077232,0.2045809628153703,0.225741976205981,0.10998315354224518,0.09509258036479461,0.10947292482133582,0.12610278613903625,0.10582955778576607,0.08771106328384023,0.10529208828953235,0.12554463583567965,0.028648778460031738,0.01878466807737127,0.0278311232752749,0.04129783871654857,0.00963817032611068,0.00372606677825132,0.00872941887068752,0.018642809483531714,0.22394059852566814,0.20195997516010947,0.22373543997732243,0.2469168255084081,0.29367485278774486,0.26868341680402513,0.29346547175403775,0.319585823747377,0.37291124736151604,0.3253980047719749,0.37200450843109045,0.42409091415960587,7.285793700244338,6.5709696670572235,7.274060255767025,8.02645913178224,3.9105500090327157,3.381102278192601,3.892408367654934,4.483698053680959,3.76286517367492,3.118645795013895,3.7437549620137833,4.463852517309842,1.0186331020470425,0.6679057796922052,0.9895606360633469,1.4683818236217292,0.34269382029815876,0.1324836577608261,0.31038234442427837,0.6628618697155053
31347,Zach Neto,SS,LAA,642.542,0.23090292031152365,0.21349844187305625,0.23060359532182184,0.24985596657188874,0.1403448596136777,0.1239152234613339,0.1400264212102211,0.15767952140953032,0.1286154649319799,0.1121357262966902,0.12825867014704462,0.14622638623085207,0.041266591740471134,0.030383685441845564,0.04071436635992923,0.053995839536128715,0.04062345955525671,0.02658505621474948,0.03982577915362012,0.058303713101833764,0.256812049661086,0.23748424715612826,0.25661135689196996,0.2770129272899024,0.32739858010018064,0.3035659615997598,0.3270384284329601,0.35228076275178316,0.45983649596014137,0.4105597366834243,0.45890596341679213,0.5123855092032307,148.36482422280704,137.1817158379973,148.17249534527406,160.54295247303455,90.17746678589171,79.62073551329242,89.97285673725789,101.31571504552244,82.64083806832423,72.05191384612792,82.41158243362234,93.95659466154416,26.515518390105804,19.522794011174334,26.160690389641648,34.69459472722322,26.102278949553757,17.08201519033756,25.58973578892538,37.462584423878475
31349,Victor Scott II,OF,STL,505.604,0.19786852929666504,0.17998173294709252,0.19743462114812427,0.2169110113856642,0.11192044923229391,0.09826251592293843,0.11156289881491555,0.12682908903746898,0.0819142790067958,0.06907536049097085,0.08153775646445516,0.0958249998102359,0.017373607806272874,0.011815423256598975,0.01698138731683714,0.02422464741174142,0.05934776546145343,0.03904357427927827,0.05791260216570808,0.0842911218358199,0.21372098891835256,0.19430739932957938,0.21340491808930145,0.23368775471603911,0.2829358234482933,0.2593132824229369,0.28235736599640554,0.3075851074508821,0.3218894834899316,0.2838741195797165,0.3210811505561808,0.3629105552092006,100.04311988651102,90.99948410498176,99.82373419097623,109.67107500063736,56.58742681364473,49.68192110070136,56.40664789241656,64.12529473370046,41.41618712295199,34.924778565676824,41.22581581945438,48.44950320405451,8.78416560128279,5.973925260229468,8.585857352942126,12.248078629966109,30.0064676083727,19.74058732990021,29.28084330539067,42.61792836467788
31363,Graham Pauley,3B,MIA,345.5,0.21312915720254144,0.19024228797970746,0.2127553923978253,0.23697911070339797,0.11165437603663828,0.09618309114154965,0.11122311560245576,0.1287700752435557,0.09678058473758516,0.07909141710022156,0.0961588985018576,0.11706699312702577,0.022301652390299787,0.013474548615482378,0.02152998193556413,0.03372635332962229,0.011268451355303374,0.003998553988795001,0.01023137474668924,0.02204711185158857,0.2345824822197399,0.210008386132852,0.2342919513378275,0.2592239457388551,0.3071597473011642,0.2803873909529183,0.3067904567907444,0.3352424028624014,0.36221529396615443,0.31347623695289817,0.36150743329357954,0.41413982390308746,73.63612381347806,65.72871049698892,73.50698807344864,81.876282748024,38.57658692065852,33.2312579894054,38.42758644064847,44.49006099664849,33.43769202683568,27.32608460812655,33.2228994323918,40.4466461253874,7.705220900848577,4.6554565466491615,7.438608758737407,11.6524550753845,3.8932499432573158,1.3815004031286728,3.5349399749811323,7.617277144723851
31370,Jakob Marsee,OF,MIA,571.341,0.25620203368399075,0.2297322981588333,0.2555238145312518,0.2840749677392315,0.14102425356277296,0.12269499216641291,0.14059251113839133,0.16108387254707135,0.12146625113442786,0.10097035178568645,0.12092893606347155,0.1440332667912172,0.031581414200658534,0.02039333845151946,0.030702504102819772,0.04573909338678952,0.04757076574446226,0.02788801934983374,0.04578560353631933,0.07373853947053985,0.2856378789944418,0.2583318298479856,0.28537637441819885,0.31367079371788714,0.3486262194400384,0.3196996617610779,0.3485965455500927,0.378728689510778,0.4673835255497301,0.4080354058899998,0.4661132861684007,0.5308513461470182,146.37872612704496,131.255480962366,145.99123171809993,162.3036761431003,80.57293805480826,70.10067951935052,80.32626590631965,92.03382082491629,69.39864938939515,57.68850175958588,69.0916592594399,82.29211068176083,18.043756770818447,11.65155038422958,17.54159939660915,26.13261935470171,27.17912887120681,15.933568863353358,26.159192510044225,42.12985087963771
31382,Dalton Rushing,C,LAD,198.842,0.20130059974866987,0.1795958240464189,0.20085326161216294,0.2250471449376942,0.09952855640589063,0.08536554109371794,0.09915693460188035,0.11544512779583448,0.11707031553422925,0.09600163955350309,0.11642383140406554,0.1409716719511581,0.03197314806615458,0.019888137690602922,0.031068946384138443,0.0476170110795235,0.003090951134717413,7.45550254513308e-4,0.002504407653759198,0.007421763426176769,0.21754218896731145,0.1942391453586816,0.21730707438691937,0.24180233340546037,0.28240784731298657,0.25650318227631347,0.2819385530791816,0.3097624771386044,0.3700164188213217,0.32196699957183905,0.36819975277223005,0.42396110947323534,40.027013855225015,35.711192845038035,39.938064245485705,44.74882439370099,19.790457212860105,16.974254922157062,19.716563190107095,22.95534010117932,23.278495681457215,19.089158012097663,23.1499474840472,28.03108919411218,6.35760470777031,3.9545970746748664,6.1778114369148565,9.468261717074613,0.61461090552948,0.1482467037079352,0.4979814266887865,1.475758283187841
31394,Brooks Baldwin,OF,CHW,387.308,0.21656243265203698,0.1965637830723162,0.21628053886816506,0.2377454154256894,0.11441053706872624,0.10019885652815634,0.11407271035158946,0.12998551763686833,0.10929911843481672,0.09278670236735528,0.10881190467957566,0.12781786225330577,0.028666933969372723,0.019458562597880702,0.02800290928104846,0.039876410291737774,0.018503931719946683,0.009759565496099055,0.01767143286843096,0.03036234744175411,0.23391436038061067,0.21345272480612767,0.23351064636865443,0.2557189762967148,0.2936855207893433,0.2693636173189189,0.2932448661495575,0.319149472576383,0.38677500798548214,0.34122445639929366,0.3857812569885757,0.43419803382659794,83.87636266559514,76.13072569417264,83.76718294795127,92.0807013576929,44.31211629101422,38.80781872420717,44.18127330085341,50.3444308649002,42.332422962752,35.93703212049564,42.14372117763709,49.50488059360335,11.10293286180981,7.536456962659979,10.845750787824317,15.444452717272373,7.16672078658911,3.779957793163133,6.8442873214062585,11.759580062970901
31396,Tyler Locklear,1B,ARI,210.264,0.18406124210225988,0.16350290297449913,0.1837259470641851,0.20613122139838455,0.09895077650185455,0.0848848772217755,0.09844173464074689,0.11435048615077895,0.08307542361834862,0.0664520104891114,0.08250596577853442,0.10155554448304858,0.01824871555194085,0.01061813352610954,0.017485982887056432,0.02825732725978866,0.013493069003668236,0.004365402482230974,0.011896942013338591,0.028254080402347483,0.19848406183814693,0.17660945938233139,0.19811411380023808,0.22187335251569232,0.2733899402380835,0.24806688076384914,0.273102455925302,0.2998326896470276,0.3021998803616601,0.2601746332859971,0.30166656600543884,0.34796381690389877,38.701453009389574,34.378774391030085,38.630952533503816,43.34197513610993,20.805786070385945,17.848233824159404,20.698752892502004,24.043790620007385,17.467770871688455,13.97246553348252,17.348034388457762,21.35347500518373,3.837047926813291,2.2326112277338965,3.676672705764034,5.941498658952203,2.837106660987298,0.9178869875238136,2.5014986154926255,5.940815961719191
31431,Jordan Beck,OF,COL,523.917,0.2187416906221898,0.20019791418093005,0.21827538816162007,0.2383498746982174,0.11621090957918126,0.10226966179021715,0.11581378785381902,0.13127475306945488,0.09997673544171629,0.08567899130565776,0.09961985694095501,0.11536315716886916,0.0236601179390816,0.01659154436589798,0.023181660286944093,0.03217980133913271,0.03061160340103221,0.01930526446332848,0.029836282353560166,0.045124748630115966,0.2369246116520493,0.21722963461829706,0.23669280147530358,0.2572567409663129,0.298589497845787,0.2752932034480953,0.2983483570174145,0.3228502603212435,0.37334335966983534,0.33262772153451237,0.372201644311281,0.41803688855616256,114.60249032570582,104.88709060393033,114.3581865394715,124.87555130226596,60.884871113995914,53.5808143961452,60.6768122910093,68.77707480388959,52.379511302417676,44.8886800878863,52.19253658893433,60.44071921444243,12.395938010289814,8.692592149548172,12.145265912554889,16.859544978194393,16.037939419058592,10.114356241833667,15.631735541830182,23.641622928044466
31500,Ryan Ritter,2B/SS,COL,210.128,0.22347002855146283,0.19984934992927622,0.22333273886187083,0.24876637049528807,0.11098590081113442,0.09553662617737993,0.11062766173079525,0.12793751534287084,0.09097399046533686,0.07381435644779966,0.09048249751362292,0.10986893730140407,0.018156199564043726,0.011064638689696189,0.017542196228472015,0.02741069799524261,0.017687297279678507,0.007323785396924323,0.016221000764156432,0.03282563815659696,0.2425876891915834,0.21817125791369718,0.24246399108446925,0.2679068747904667,0.30570359658611096,0.27798991428892506,0.3056607855815105,0.3340551059671649,0.3557870482242623,0.308196571167564,0.3547090038712736,0.40605313576746754,46.95731015946178,41.99394420193895,46.92846175156719,52.27277989943389,23.321245365642053,20.07492018540049,23.245969304168543,26.883254223966762,19.1161826685003,15.510463091663246,19.012906237542555,23.08654005726943,3.8151259019933796,2.3249903985884806,3.6861066090963672,5.759755148344339,3.716596402784285,1.538932377884914,3.4084864485706623,6.897585694569406
31539,Drake Baldwin,C,ATL,516.952,0.24723253497247535,0.22423965282167108,0.24678742806290305,0.2709358991775202,0.12218840037531932,0.10592848609805092,0.12183654174061037,0.139598243954186,0.15670156171525884,0.13465162330762298,0.1561616341167101,0.18047725766994552,0.04903455007791133,0.0347075156354297,0.04825181731723753,0.06595400362552445,0.0024421808337069116,7.153326839516299e-4,0.002076961426467811,0.005343147748893943,0.2759354425465174,0.2518883952083677,0.27573059989350646,0.30117169408523525,0.3400997429254797,0.31137514992099563,0.33997107184803077,0.3698718137699183,0.4976509282051341,0.4419550187151775,0.4962363235366548,0.5583982274778081,127.80735341909107,115.92113700546851,127.57725451197386,140.06085495161742,63.16553795082207,54.759942745359616,62.98364392589201,72.16559140860436,81.00718573182648,69.60842597212232,80.72806907990152,93.29807930699367,25.348508731876418,17.942119622766654,24.943873465780577,34.09505408222211,1.2624902663464554,0.36979266163416297,1.073689363335388,2.7621509150862216
31545,Drew Gilbert,OF,SFG,220.279,0.19532162091618122,0.17431421596258406,0.1949009788511806,0.2181635500690323,0.10942268580298717,0.09388524128629258,0.1091527660761302,0.12629348618234032,0.10538616319817848,0.08454460209208332,0.10481163064009072,0.12829366060075276,0.030491186981626162,0.01836561436404152,0.029486339278055627,0.045823344453518135,0.014169114279651814,0.004549484385741267,0.012296917432464152,0.030071938358890486,0.21019887505537982,0.18702943814224635,0.20988543701712492,0.23385033821636095,0.2776366433348672,0.2514133065241155,0.2774116946964452,0.30455974674836883,0.362654947183143,0.31289302135627445,0.3614991932115472,0.41614583884992146,43.02525133379548,38.39776117802205,42.93259272035921,48.056848645656366,24.10351980599621,20.680947065303243,24.044062158483882,27.819802842759742,23.214358643131558,18.623400404242023,23.087801185768544,28.260399263473214,6.716568177125629,4.0455591664967026,6.495221329830815,10.09392049287652,3.1211583244074217,1.0021558710067007,2.708752675105771,6.624216509758037
31562,Zach Dezenzo,1B/OF,HOU,82.097,0.2244676602095188,0.19968597553296663,0.22408677133919272,0.2510219162153595,0.11591671076109414,0.09879117098804772,0.11549477871062096,0.13461171236034353,0.1083206718820867,0.08759986561835069,0.10748900475629725,0.13226268122140578,0.026388737321979713,0.015819094144286564,0.025368584427515217,0.040561253881868896,0.01240148954574289,0.003854956516754353,0.010715563622572383,0.026911711433086214,0.24867906926044567,0.22211115434576098,0.248305302014521,0.2760380979594115,0.3209259268698115,0.292171154958962,0.3205108514745072,0.35086647747258803,0.3940012448741215,0.339164413275599,0.39169496622609884,0.453113090665727,18.428121500220865,16.39361953332996,18.396851666633705,20.60814625553237,9.516414203353545,8.110458764605754,9.481774847805848,11.051217749647122,8.892802199503672,7.191686167669736,8.824524823477734,10.858369340233748,2.1664361679225683,1.298700171963494,2.0826846757457167,3.3299572599397904,1.018125087236854,0.3164803651559821,0.879715626722325,2.2093707735220787
31564,Alan Roden,OF,MIN,188.098,0.19220913037213289,0.17135397319739704,0.191821585479024,0.2135935643154021,0.10250099310091676,0.08827064798777966,0.1021066542044301,0.11838941016820319,0.08484115292015611,0.06837794048909318,0.08419765606923438,0.10329098231333031,0.019254000683580214,0.011685906979508094,0.018458623128923532,0.029386206263416974,0.013786084091986232,0.00490676377520908,0.012356481724592094,0.027506661782614465,0.2075604889742929,0.1851385073801748,0.20713220340572863,0.23079438085910722,0.27874153810839025,0.2526453042856754,0.27852905978134074,0.3056670060147597,0.3193606149075472,0.2754189360002683,0.3184884098202827,0.3659134937224585,36.15415300473745,32.23133965048399,36.08125658543346,40.17652226059851,19.280231800296242,16.60353234520538,19.206057442544896,22.268811273818685,15.958451181975525,12.86175385011745,15.837410711310849,19.428827191172807,3.6216390205800715,2.1980957310315135,3.4720300933042587,5.5274866257362065,2.5931348455344265,0.9229524525892776,2.324229499432324,5.173948067986216
31567,Trey Lipscomb,3B,NA,NA,0.19550265159680025,0.17481966215472847,0.19516535059763984,0.21742024459827425,0.09926619231526122,0.08527451360624139,0.09888598456735917,0.11411556889466752,0.06808278433229692,0.054485458906097614,0.06770646598597216,0.08290315738318005,0.011003302242397928,0.006449443074752204,0.010602530851889102,0.016871182696600952,0.03627471797159792,0.019440615573626006,0.03465042612105945,0.05837826508663745,0.20962871537402947,0.1872224022911312,0.2093493120407977,0.23295019925007956,0.27712983146909753,0.2511928662385239,0.2771547577655481,0.30352263683886266,0.2786359483518074,0.24015526123167538,0.2777171941344974,0.3206139650589084,NA,NA,NA,NA,NA,NA,NA,NA,NA,NA,NA,NA,NA,NA,NA,NA,NA,NA,NA,NA
31580,Chase Meidroth,2B/SS,CHW,533.78,0.2280516205318078,0.20663795965989143,0.2279627411627481,0.2505313575588235,0.11119228238342177,0.09657534503365664,0.11091420459748608,0.1270066216257128,0.07391488311023264,0.06173979719346685,0.07353588785230689,0.08790981996205646,0.011669668395915414,0.007489253779982449,0.01133255661982959,0.01695311083540598,0.028130067253117078,0.016530478624416405,0.027011031709435918,0.04306735311493439,0.25019637811063744,0.226940037839125,0.2501837432121826,0.2738648559436614,0.3182091501133367,0.29052642762091957,0.3179896427892348,0.346436795190341,0.32844502190121144,0.28755980959503635,0.32726725208270613,0.3728105423599894,121.72939400746836,110.29921010725684,121.68195197785167,133.7286280377488,59.35221649062287,51.549987672065235,59.20378413004612,67.79359449137297,39.45428630657998,32.955468945928736,39.251986217804365,46.924503699346495,6.229035596371729,3.9976138826790315,6.049092072532638,9.049231501723003,15.015267298368833,8.823638880140988,14.417948505862704,22.98849174568968
31595,Brooks Lee,3B/SS,MIN,549.766,0.2204341075621504,0.20151400499666117,0.22010043613534086,0.24044897418431496,0.10678782264517891,0.0935625687814716,0.1064652837625589,0.12129803532826802,0.11843349704339011,0.1017239722001858,0.117949937728765,0.1366770026919498,0.03025870745730569,0.02142924377519744,0.029719504001653452,0.04084953870659577,0.007918290761303274,0.003724441537956131,0.007367564491157131,0.013759941960589333,0.23663796185913324,0.21671160726272173,0.23656842892597835,0.25688761660365284,0.2921995052870876,0.2684109928631755,0.29195027732775175,0.31654976195688,0.39169680316040206,0.3485867510379492,0.390758148329171,0.43899466551896527,121.18717757801316,110.78554847099441,121.0037363723818,132.1906707414141,58.70831410434943,51.43751918871451,58.53099319300695,66.68553569028059,65.1107099355564,55.92438130060734,64.84486546539222,75.14036906194247,16.63520856397312,11.781069633315196,16.33877283697301,22.45768749657033,4.353207038678655,2.0475713265559903,4.050436460045491,7.564748251905355
31680,Cole Young,2B,SEA,375.821,0.20587753150334986,0.18373164716936516,0.20523905295557798,0.22984396506984908,0.10218238148506333,0.08705275974515345,0.10186696223843678,0.1184540312585623,0.0923706456350107,0.07555391809239773,0.09191174146475797,0.1108975473511236,0.02119134702724495,0.012967739450960665,0.02057142766182147,0.03173408180629234,0.0071509835245974936,0.002097741340022712,0.006229081205566078,0.015186441986616027,0.22305220030853198,0.19925173696900764,0.22283740803534796,0.24769361001784146,0.2924442706417348,0.26400506991962963,0.291993929014589,0.32161053766714576,0.34200609382669633,0.2977354263622842,0.34084968441949226,0.39050947342944675,77.37309976712045,69.05021137083799,77.13314612081828,86.38018879651575,38.40228479209799,32.716255220183314,38.28374361541155,44.517512481624145,34.714828413195356,28.394749051403007,34.54236258902681,41.67762714304663,7.964153231126224,4.873548808199488,7.731174515293406,11.926334358522595,2.687489779197755,0.7883752481486757,2.3410195277570494,5.707383813852022
31695,Dylan Beavers,OF,BAL,406.26,0.22017791374806425,0.19633846541361455,0.219617855657952,0.2455282921366455,0.12772356277292726,0.1096614886832701,0.12696721986237924,0.14790266853554757,0.11025697654989206,0.08949766092818191,0.10958016249333594,0.13301334525143552,0.031109485283167482,0.018979195325858286,0.03019060205154815,0.04616261123396045,0.017560196004796875,0.006337314657081935,0.015810708449784112,0.034351157157660094,0.24863357988453372,0.22271127300070534,0.24826524050389093,0.2760982662326744,0.33158702108000204,0.30294836002907943,0.3310991058559049,0.361260967042601,0.41861943670103885,0.36351223762928986,0.4173544433118128,0.4791076528551553,89.44947923928858,79.76446495893505,89.22195003959958,99.7483239634336,51.88897461212943,44.551076392465305,51.581702741290194,60.086938119251556,44.79299929315915,36.35931972868318,44.518036814542654,54.03800164184819,12.638539491139621,7.710487893083187,12.265233989461953,18.75402243990877,7.134005228908778,2.574597452586107,6.423258414809293,13.955501106870988
31765,Nacho Alvarez Jr.,3B,ATL,89.9922,0.2186355668649992,0.19515483728310978,0.21806626024681766,0.24358321644247596,0.10060903544029826,0.08537459233719337,0.10017953790539438,0.11714109097049147,0.09123323263908151,0.07368330407724995,0.09049218214512045,0.11065794510745867,0.017858068145270793,0.010746532055220361,0.01728588706950762,0.027095087448395307,0.005583686540752704,0.0014177313397825222,0.004760649283110526,0.012529259377214986,0.2370801685462031,0.21182359134150835,0.23647592244079974,0.2635251917468095,0.3001250023814362,0.2719723701394445,0.299726062485888,0.3297458897516575,0.34232695415521797,0.2958171509205394,0.3413881315166165,0.3930102535330574,19.67549566042838,17.562413147749073,19.624262505383662,21.920589530734585,9.05402843915041,7.683047388527173,9.015377011089832,10.541784486834661,8.210279318302751,6.630922637180692,8.143590554040108,9.958351927699443,1.6070868401428382,0.9671040620198017,1.5555950063365438,2.4383465286734802,0.5024882359127255,0.12758476227597668,0.42842130241553905,1.1275356157262064
31781,Jackson Holliday,2B,BAL,559.206,0.21295077706828516,0.1949501889325035,0.21264339733343102,0.23180316368545065,0.11783585203286286,0.10311731787554466,0.1174265303897386,0.13350642833444026,0.10089747481221781,0.0868558630519625,0.10070673029526106,0.11626995842798325,0.026465721488570768,0.01872632598229728,0.02603716215681788,0.0353743147583583,0.023507050560584504,0.014715068446518065,0.02281413768899876,0.03440859084921988,0.23090043513272604,0.21194339235462567,0.23087350562208342,0.2504892152041822,0.2980333853857255,0.27415368103478743,0.2976712028235139,0.32251167532246644,0.3747537082452446,0.3346821309005602,0.3737950849754444,0.4179677865091115,119.08335224124748,109.01731535218956,118.91146364923863,129.6257199518861,65.89451547188911,57.66382285991183,65.66562035312417,74.65759576318901,56.42247329984107,48.57031975383574,56.31580782149176,65.0188583726788,14.799790250737706,10.471873847256534,14.5601373010655,19.78152905876251,13.145283715782218,8.228754565703582,12.75780268051424,19.241490454428853
31792,Otto Kemp,1B/3B,PHI,206.846,0.21888366417442384,0.19580891118256588,0.21831315014724462,0.24465518085037738,0.11783818108061736,0.10144436384240797,0.11735712148416078,0.13562340266747303,0.1242496780474643,0.10318316325968568,0.12339086506032898,0.14755989206485493,0.03604901486171615,0.023341257727637232,0.03496034663502415,0.051833529348185456,0.006240539617696434,0.0020085195677742623,0.005419484398404183,0.013149816401489592,0.24164524503044157,0.216724180957845,0.24111060959305997,0.2679681288820601,0.31278654958910745,0.2852314108297312,0.3124831907673674,0.34199116994432127,0.4157536519128009,0.36444331854434203,0.41433539829758337,0.47327581502535687,45.275210399822875,40.50229004246902,45.15720185535696,50.60594553817716,24.37435640380138,20.98336088334672,24.27485115051272,28.053158348156124,25.7005489054058,21.343024587612945,25.52290687426881,30.522173434046984,7.456594528086538,4.828045795930851,7.231407860068205,10.721558211554768,1.2908306577620365,0.4154542385158351,1.1209986698723118,2.7199869233825162
31812,Roman Anthony,OF,BOS,602.296,0.2562190834674336,0.23129818824766057,0.25580629597409166,0.28311267085652875,0.14132644649745904,0.12154105801291182,0.14089533686478764,0.1630991823841613,0.11804749151097325,0.09827855413550778,0.11741738881199429,0.13964208186048524,0.03157091712812747,0.02076764969583073,0.030794771977437654,0.045055993928319465,0.016675188182055843,0.007563324675127504,0.015508379638282083,0.029589529438378004,0.29196430019399255,0.26517791402079843,0.29159237221848255,0.31958372305165283,0.3672414768231541,0.3364836666764222,0.3669989237300568,0.39966446123848876,0.4794092040444667,0.41916585815375507,0.4779476730841819,0.543860017886908,154.3197290961014,139.309973588813,154.07110884001153,170.51762920620385,85.1203534196336,73.20369307694475,84.86069781231414,98.23398515325081,71.09953194709315,59.192780041599796,70.72002361190891,84.10586733624282,19.015037102602665,12.508272341200065,18.54756798292279,27.137044919051103,10.043399141299506,4.555360198530596,9.340635022618747,17.82165522261732
31837,Masataka Yoshida,DH/OF,BOS,217.055,0.24324224826189178,0.22153704204635724,0.24295425021160355,0.2664577227233096,0.10890793013543114,0.09378273583632554,0.10863441392416082,0.12546356107578285,0.11485722854043552,0.09658525200743032,0.11413308143478894,0.13491472825655262,0.02346994146491802,0.015282803924955969,0.022991234364911656,0.033454554274610256,0.005877557129056317,0.0024977529445887174,0.005365688039356039,0.011069705000122318,0.26608331213999503,0.24203511041276618,0.2656914758623564,0.2915549066878639,0.3232381047432671,0.29490908280659744,0.3233029003018061,0.3516579769868742,0.40130245563894434,0.34854096435063636,0.40029774652942773,0.4591967322956711,52.796946196484924,48.085722661372074,52.73443477967961,57.835981005707964,23.639010775546005,20.356011726953643,23.579642714308726,27.23249324930405,24.93033574084423,20.964311874472788,24.773155990828112,29.28391634172603,5.09426814466778,3.3172090059313177,4.990362375075899,7.261478278075529,1.2757531626473189,0.5421497653877041,1.1646494173824251,2.40273481880155
31855,Colby Thomas,OF,ATH,265.352,0.2136106116879933,0.19090338083697855,0.21309706750345747,0.23804951182441245,0.12460677721761153,0.10755337690701329,0.12430271939442401,0.14329946028237248,0.12609349280366672,0.10299515711726706,0.12539257129796652,0.15160073517829178,0.04223405558800403,0.026321129102342005,0.04089827194489848,0.06326783841758847,0.01741314892366739,0.006124201247423729,0.01569289852341826,0.034703116395589956,0.23380427935639506,0.2093978154221579,0.23337100143645922,0.2597608289409736,0.30084292889327596,0.27367457387232924,0.3004015683562745,0.3293523246712953,0.4273583037656533,0.3698590630045578,0.4263288544162911,0.49026177284728834,56.682003032632394,50.65659391185393,56.54573305617744,63.16691406163149,33.06465754824765,28.539503669029788,32.9839751967492,38.0247983848481,33.459160502438564,27.329970931381048,33.273169579058006,40.22755828103008,11.206891118388043,6.984364249564655,10.8524382571227,16.788247459783936,4.6206138931929885,1.6250690494063813,4.164142008986082,9.208541341802585
31912,Chandler Simpson,OF,TBR,454.059,0.25702613961695037,0.23226754741151978,0.25664436270402785,0.28337762974532094,0.1198243940853743,0.10424229683394677,0.1193881938500258,0.1371012029780638,0.07539256056502196,0.062421042244285366,0.07502895735678178,0.08992779357132635,0.010640643841587407,0.006776407309929427,0.01032618074609468,0.01554388334291991,0.08325023807993286,0.05623914681530873,0.08176569850271642,0.11543218123270915,0.2801787533651646,0.25480348224749266,0.2799853869541568,0.3059245587510513,0.3328924954567583,0.30470459250172993,0.33276727211222057,0.36201358691742036,0.3482066440236275,0.3047706623786236,0.34721694954616894,0.394998353552655,116.70503192833287,105.46317031012727,116.53168268502819,128.67016318453068,54.407344554010976,47.33215305812504,54.20928391134887,62.252035123016675,34.23267065759331,28.34283602039797,34.06757334846298,40.83252402120287,4.831480102067337,3.0768887267392455,4.688695303391005,7.057840126802871,37.80051985233624,25.535890763812265,37.12645129644492,52.41302077834269
33189,Nolan Schanuel,1B,LAA,600.293,0.22990297629553427,0.2120000898848849,0.22960898085260453,0.2484522634958686,0.12025718959744797,0.10585196905309757,0.1198798118518424,0.135903080599134,0.09912381148568758,0.08586687040575433,0.09873009469673075,0.11370350829278947,0.021833734294223597,0.01572988737603389,0.021515011443543564,0.029047481336357088,0.009352667931046985,0.005444750358691824,0.008961601118825498,0.014586075313029747,0.2629193579922126,0.24281319783169053,0.262775354017171,0.2829958224865292,0.34804558551606335,0.32336944502169007,0.3477596516945037,0.37337506737699117,0.39365024408796373,0.35186141222767126,0.3925389679267324,0.4392287378951515,138.00914734937516,127.2621699572672,137.83266394295254,149.14415461072545,72.18954911502084,63.5421960587911,71.96301189597803,81.58166796209595,59.503330168177854,51.545281236481486,59.26698473578459,68.25542010360347,13.106637860682365,9.442541282621512,12.915310764479097,17.436999713845804,5.614341090331988,3.268445527070191,5.379586420423115,8.755918907884565
33197,Ben Williamson,3B,TBR,228.421,0.22882153943389202,0.2061990616225872,0.22833278092380338,0.25329500142373584,0.108532408220073,0.09379662618951859,0.10809349106382947,0.12461973434521931,0.08462245001173595,0.0696982587087252,0.08416498101048721,0.10145828168960899,0.01473424905097793,0.00924397112105957,0.014195529444818724,0.02197169594314527,0.01606230570831226,0.00740860514063102,0.015059156205221743,0.02819874634938162,0.24888955434670046,0.22494043468833672,0.24875397610710845,0.2735412655846905,0.30982508155308447,0.2817811071731367,0.3094389227789511,0.33843966383938956,0.34026861625497845,0.29732233363414856,0.33867152628945274,0.38968528419660214,52.26764485902905,47.10019585489299,52.15600215139609,57.85789752021116,24.791081218037295,21.425119150836025,24.690823322290992,28.465764338869338,19.329544654130736,15.92054595250572,19.2250491273965,23.175202161822174,3.3656119024734297,2.1115171274435482,3.2425570313149374,5.018796759029185,3.6689679321983943,1.6922809948280781,3.4398275195529555,6.441185839872099
33252,Kyle Karros,3B,COL,228.874,0.2120390331780623,0.18802864171163683,0.2115123836938056,0.23810345742488867,0.10168213722410024,0.08629264647694752,0.10136977720963494,0.1181064677419178,0.08290105656530199,0.06564710892864889,0.08233319696026081,0.10235480971042511,0.015404920896011849,0.00878869837580513,0.01476898545357776,0.02412130090037439,0.007712795843610962,0.0020848622770736932,0.006610482255859541,0.01732301202505798,0.23156041731483007,0.20663235920515466,0.23106054099497897,0.2577037755428016,0.30161850458868417,0.27332153986086605,0.30131150389443895,0.33075035128832625,0.324311257557211,0.277679459738523,0.322789968132503,0.3760612643934341,48.53022167959583,43.03486734310917,48.40968530553606,54.495690714663965,23.27239747502872,19.750143169764886,23.200906389077986,27.031499697963692,18.973896420326927,15.024916408935585,18.843928121082733,23.426354717663838,3.5257858651538156,2.0115045520640233,3.3802367767021564,5.5207386222722885,1.7652584359106154,0.47717076880296444,1.5129675158275966,3.9647870542231196
33266,Jacob Wilson,SS,ATH,578.318,0.26198686755637923,0.23968995818536543,0.26167990333927593,0.28553325760393244,0.12216346634967903,0.10690242170068724,0.12168058752275175,0.1385149747310748,0.1114416383649376,0.09565989541499058,0.1109061353167511,0.1292607853864552,0.02401205744003413,0.01654295099276959,0.02348343958448528,0.03308821347623613,0.0099161176256132,0.004795673111173291,0.009383436187296038,0.016778043904048665,0.2861093867423295,0.26353761510767926,0.28600152561989156,0.3088525876541052,0.33938748958007997,0.3138437135724718,0.33907537696527423,0.3653354140290497,0.4300880788929164,0.3824429973793568,0.42885148009611923,0.48064585530817877,151.51172127147012,138.61701723784415,151.33419833936338,165.129022470991,70.64933153241368,61.82359471309804,70.37007401498275,80.1057031565257,64.44870541593399,55.32183939660652,64.13901436411287,74.75383888312399,13.886605034605658,9.567086332236522,13.580895813620359,19.135509441149928,5.734669313009375,2.7734240823075154,5.42661004896467,9.703044794501615
33321,Luke Keaschall,2B,MIN,539.443,0.26516548624314334,0.23697178862880122,0.2649614840259007,0.2948138594380152,0.14152906715732633,0.12245754911019432,0.14105644273298473,0.16284838966560616,0.11670236711916504,0.0962685222841077,0.11602720358154682,0.14011417788961,0.02839628725727493,0.01791909075588474,0.027549278429734144,0.04182655731687722,0.052405679315674095,0.030091578164703845,0.050504627524715,0.08129544074170404,0.295830182595648,0.2677151446274952,0.29571288822433534,0.3243519689613268,0.3579780378898578,0.3277252780243357,0.35749463153908795,0.3893992629732589,0.4645341117555323,0.40449545383431873,0.4633330257531586,0.5289251617427945,143.04166539545997,127.83277257328642,142.93161782738395,159.03527277682122,76.34686457454958,66.05886766465055,76.09191063720948,87.84742386638358,62.954275025863744,51.931380466505914,62.59006278164036,75.58361246330489,15.31817838692616,9.666328074626731,14.861265403971075,22.563043558688197,28.26987686708518,16.232691199902337,27.24436778581483,43.85425644002705
33322,Matt Shaw,3B,CHC,259.637,0.2147529201675995,0.19424091461744014,0.21433544718034941,0.23643390584201837,0.1259816528209788,0.10984733404693892,0.1256143418388461,0.14331050998742176,0.1095129140688531,0.09279549512500598,0.10906031389129547,0.12786584176211077,0.029950262267123186,0.020359179730116698,0.029412897865910337,0.04132780844001558,0.03066262274924329,0.018453258844023705,0.029616318189784413,0.04651892161885547,0.2369949495744824,0.21438744549051114,0.23652834687632818,0.26037308722891234,0.3086192742002753,0.2815791738428894,0.30834449893873017,0.33680057623328247,0.39686621979498216,0.3507593362607104,0.3961076027580861,0.44764836507688965,55.75780393355503,50.43212834852831,55.649412499564384,61.386990011104125,32.70949839348047,28.52043226994508,32.61413087201248,37.208710881604226,28.433604470094814,24.09314396777118,28.316092717794284,33.198703557589155,7.776196244249062,5.285996347588309,7.6366765632113625,10.730228199940326,7.96115138274528,4.791148766485783,7.689492005841056,12.078033252354778
33333,Wyatt Langford,OF,TEX,617.139,0.225133230014787,0.20788622472195822,0.22488408029243417,0.24357006009962892,0.13521981524258858,0.119830870591935,0.13482433570198013,0.15217391196044228,0.11971811377732483,0.10430050469075754,0.11946587232563849,0.13609959670514693,0.035908327783742054,0.02626374756932968,0.0354288728461639,0.047013227303541974,0.031862954677560895,0.02104013617019864,0.03113402737153488,0.04550266584961913,0.25314533249394217,0.23374968686445416,0.25305628392552626,0.2728462801670602,0.3292250917846376,0.30436068054204785,0.3290428697326302,0.3544557573456249,0.4417774349125916,0.3962020938930959,0.4410016478025768,0.4901867713811596,138.93849643809563,128.2946968386846,138.78473642759255,150.3165833198249,83.44942155899588,73.95230364623617,83.20535571078432,93.91245585335538,73.88271701842447,64.36790916434941,73.72704898117222,83.99236901101767,22.16042950013079,16.20838291118855,21.864539159408746,29.01369608488059,19.663871986755254,12.98468859594022,19.214022518041666,28.0814696997681
33541,Dylan Crews,OF,WSN,554.035,0.20413884919312925,0.18579120275502117,0.20358859808913232,0.22410291198148202,0.12290093984221193,0.10786783769965913,0.1224387615148515,0.13953444264016102,0.0968754108420363,0.08182574179244241,0.09653891097897876,0.11281325282153334,0.025687679798550005,0.017430028593477052,0.02518936780213022,0.03573212796842766,0.0523023507210833,0.0337680750676865,0.05082167708064345,0.07526990091467488,0.22426944822663594,0.2045445583348645,0.22389063497771566,0.24539800162065747,0.29785374075243837,0.2742369455832401,0.297627046266452,0.3223513371440303,0.36958327010895675,0.32789185467479154,0.36872451126443073,0.41535525855743893,113.10006731271535,102.93482901837815,112.79520894231241,124.16085683966038,68.09142220547989,59.76255745993064,67.83535923588074,77.30696492814161,53.672368245867574,45.33432485397583,53.485935544238494,62.50249052697822,14.231873677189652,9.656845891787059,13.955791390253216,19.796849518987816,28.977332881755384,18.708695470125686,28.156987861374294,41.70215955326189
33549,Kyle Teel,C,CHW,462.645,0.24102232338662846,0.21720323585258167,0.24022984888994123,0.2675635052226782,0.12449704208019534,0.10747757055826668,0.12418099582124736,0.14287320464034595,0.12066246833806661,0.10089258652602849,0.12007784136350086,0.1421191777965462,0.03029152786477423,0.01993802184768388,0.029544071118613464,0.04327158688320775,0.008271401313358667,0.003114806385436851,0.007482744234592137,0.016047439381243894,0.27267576197559934,0.2469896742428158,0.27248733815476994,0.2998115476474645,0.34643449795140485,0.3172798266236584,0.3462364231667025,0.37673587087255284,0.4403938847751852,0.3859074144302884,0.43941071028830825,0.49796229998164715,111.50777280320672,100.48799105101764,111.14113843968686,123.78691787374595,57.59793403319197,49.723960630929284,57.451716811720985,66.09957376083285,55.823887664264824,46.67745069333445,55.55341291761685,65.75072701168311,14.014223908998472,9.22422611772171,13.668416782670926,20.01938331358165,3.82672246061882,1.441049600190432,3.461854206412879,7.424267592535581
33644,Kristian Campbell,2B,BOS,168.178,0.21265778240494415,0.18995470615140167,0.2124732417597509,0.23577834522718788,0.10979889141899245,0.09471352374314554,0.10939754351326073,0.12645878896638066,0.09633317625294338,0.07927180945239419,0.09596851243305712,0.11481477126264082,0.02286670171563279,0.014543773158403297,0.022291203234654364,0.03351264113418983,0.009715030779095838,0.0035432675141459035,0.008695363774044488,0.019325758632206383,0.23309440125495692,0.2091853379008549,0.23272164071858845,0.2584856989412664,0.30524817680390265,0.27793530582754444,0.3049856397286179,0.3335803121076171,0.3621940431647355,0.3159089700138798,0.3609297463440302,0.41247838300495454,35.7643605292987,31.946202571130428,35.73332485267139,39.652730543618006,18.46575796106331,15.92873099607473,18.398260072973162,21.267586210787965,16.201120915867513,13.33177437008475,16.13979248396668,19.309318601408407,3.845676161131691,2.44594268223395,3.7488899775977016,5.636088960665777,1.6338544463667797,0.5958996439940297,1.4623688887912538,3.250167435247205
33704,C.J. Kayfus,1B/OF,CLE,397.391,0.21585371045702842,0.19242172159145182,0.2156335634692088,0.24106516512220216,0.12008498641534794,0.10286234289839868,0.11961216220042376,0.13855040786806697,0.12042326563846585,0.09836260692038044,0.1198875195998402,0.14452753710624577,0.03519194216828452,0.021910131250006255,0.03396542278835599,0.05271346891738715,0.02053167147513686,0.007778972284498207,0.018641689232490384,0.03941562300212425,0.23651064861094676,0.21153092460765227,0.23650323558219377,0.2619403076173763,0.30580770983492467,0.27824545840343967,0.3054195670335189,0.3349574248499685,0.4098106177668594,0.3558820088895966,0.40891567856316485,0.46824636929091296,85.77832185222898,76.46666036494864,85.69083742059236,95.79712703307705,47.720692836581534,40.87656930673755,47.5327967489886,55.058685133099004,47.855121955335584,39.088414726696904,47.6422213013001,57.43394249818812,13.984961090196755,8.706888967571237,13.497553327287575,20.9478581265494,8.159101459176112,3.0912935751090274,7.4080395257885865,15.663413840437158
33824,Jung Hoo Lee,OF,SFG,564.028,0.2399579742015655,0.2192693469827636,0.2394804549671839,0.26206763972131686,0.11660672060264571,0.10176716213579305,0.11617406422299027,0.1325733099452534,0.09317681767912854,0.07901755754989533,0.09290728084783731,0.10818359768080942,0.01801564271805016,0.012301608858989756,0.017654621964917103,0.024863892263717314,0.015803081036536954,0.008863936937891517,0.015048198956570714,0.02500758093887339,0.26439287865446653,0.24189714474783902,0.2638609766125394,0.28797361813326217,0.32747251889424367,0.30106080025141047,0.3269831546703345,0.35544474541593324,0.37775957844070884,0.3333641441578427,0.3768727412434526,0.4271340771328741,135.3430162729606,123.67405123999418,135.0736820542308,147.8134866967349,65.76945540806905,57.399528925127086,65.52542509556476,74.77505886180138,52.55433412192352,44.56811494975236,52.402307802043985,61.018578232711576,10.161326930976395,6.938451841518274,9.957701117628265,14.02393142571995,8.913380190875866,4.9995086232050765,8.487605561076666,14.104975861790882
34979,Christian Moore,2B,LAA,440.886,0.20040793976915014,0.1791775454182841,0.20002076246667078,0.22288022837121452,0.11453619411786023,0.09817384910857559,0.11409152445291351,0.13187312761722633,0.10596930477611825,0.08624108783666405,0.1053481965354211,0.1281943295458917,0.03142800879242602,0.019504440511486365,0.030414722437267727,0.04676269205354947,0.015225029107076233,0.005712937243446973,0.013867839015813798,0.02982929888193284,0.21778632470943793,0.1947129793195107,0.21738276393042022,0.24234489115571606,0.2902871400015055,0.26335736900088236,0.2898221094949075,0.31811534142753206,0.3739955625795112,0.3244087830805564,0.37260188285482887,0.4276189107577984,88.35705493306153,78.99687128928561,88.18635388088062,98.26477236567129,50.49740447984693,43.28347563808346,50.30135584994723,58.14101574264845,46.72038290552368,38.02248825195547,46.44654497771567,56.51908517617001,13.85616908445754,8.599234759347178,13.40942531647722,20.617016248721214,6.712502182902412,2.5187540495143623,6.114136072326082,13.151320266859843
35041,Jac Caglianone,OF,KCR,501.533,0.1724615793322225,0.15369648082530152,0.1721309955735919,0.1922162795496138,0.09596292146443,0.08186442467393694,0.09572817760526421,0.11132105936339708,0.09245083063987637,0.07544374784768536,0.09178401884986133,0.11156681177428036,0.025677245733792833,0.015985737019697625,0.024895274100270873,0.03786116033738035,0.008107814590509596,0.002424205974189264,0.007074198470964426,0.017528498195430783,0.18147058055575072,0.1613989096355761,0.18116744381008998,0.20326398562278175,0.25192178391243664,0.22653270858832258,0.2517638177580699,0.2780348954220634,0.3132817729885358,0.2720447060403768,0.31225056311622257,0.35831484934508,86.49517326722756,77.08385711775595,86.32937460301027,96.40280733135646,48.12857189081997,41.05771049999362,48.01084009890098,55.831184865702625,46.36714244330912,37.83752918929318,46.032714325827506,55.954437809590154,12.877986084606322,8.01737464470001,12.485801505331152,18.98862132748738,4.066336575022049,1.2158192948530642,3.5479439817382015,8.791120285448986
35108,Cam Smith,OF,HOU,405.497,0.22097868675691154,0.20013096768867378,0.22041494161084157,0.24346466141236595,0.11653154844322261,0.10147941751607203,0.11621555647587237,0.1330011785576105,0.10175922170548792,0.08591564362199058,0.10135052863830632,0.11921167763980717,0.02416846097541863,0.01638261210720659,0.02360597988064058,0.03410545603681886,0.016971259337724556,0.008812080361419238,0.016218740351688174,0.027497716058171327,0.24283070856442224,0.21992884806068808,0.24263440102598688,0.2661038689587944,0.31027921786142687,0.2825053078403047,0.3099294659440217,0.33876197228921057,0.38460515059364075,0.33962845953466425,0.383734798870014,0.4332537845139227,89.60619454386736,81.15250700485416,89.37759757837144,98.72418980873016,47.25319329908144,41.149599364514664,47.12505950429682,53.93157890157539,41.26305912391023,34.838535741786316,41.0973353112473,48.33997764790889,9.800238420149329,6.64310006163595,9.572154023660113,13.829660106561938,6.881794747669295,3.573272150314417,6.5766505563885,11.1502413684403
35110,Nick Kurtz,1B,ATH,579.594,0.2571835014375235,0.23316029852837186,0.2566378007373492,0.2827724871694952,0.1564475252602157,0.13669538397539177,0.15575208134018995,0.17847881916431485,0.17478645263455542,0.15169961540036458,0.17437407576886027,0.19899477132915377,0.07386650421309426,0.05405592742399576,0.07266404510488048,0.09769784015102322,0.005585584327294841,0.0021512092755652874,0.005019496446202731,0.01081450998131232,0.29644579070387733,0.270746966772702,0.2962015280761042,0.32340517030706856,0.3770296643707626,0.34709948207309493,0.37664858705860615,0.40877694408940396,0.5915625329366321,0.5261177004640147,0.590539038968608,0.6621283030331873,149.06201433218,135.13831006525317,148.7457294805632,163.89323692851642,90.67604695566946,79.22782437983322,90.27297183228606,103.44525271472192,101.30517922827252,87.92418688835892,101.0661680711768,115.33617549374956,42.81258264288416,31.3304911993834,42.1156445585181,56.62508196449215,3.237371162594126,1.2468279888619873,2.909270023240426,6.268025098108733
35322,Hyeseong Kim,2B,LAD,150.781,0.24225581732915244,0.21652031018495185,0.24184299208263774,0.27006848670425554,0.12777067478834297,0.11033656766300423,0.12732649023142384,0.14702546883146708,0.10079682234740159,0.08189192621702006,0.10049191402976261,0.12131911318532945,0.022018607975115276,0.013405089816265713,0.021184384241140355,0.033332096439631836,0.05300435206779388,0.029708526269181298,0.050914731376267404,0.08373293173899288,0.2651213470458063,0.23847816400442212,0.2645062213982794,0.2933834935159741,0.3244649873651624,0.29608692715524343,0.32399323552219494,0.3545728687364114,0.3967409805874201,0.34360012295342435,0.39514799160884856,0.45592611552414575,36.52757439270694,32.647148889997226,36.4653281892122,40.721196493754356,19.26539011526114,16.636658008795443,19.19841552358432,22.16864721587744,15.19824567036356,12.347746526928502,15.152271289321638,18.29261720519716,3.3199877290958564,2.0212328475863606,3.194202640263384,5.025846833264128,7.992049209134029,4.479481299393425,7.6769741116449755,12.625335180537085
