playerid,PlayerName,Team,position,pos1,PA_atc,z_HR_p50,z_R_p50,z_RBI_p50,z_SB_p50,z_OBP_p50,z_SLG_p50,composite_mean,composite_p05,composite_p50,composite_p95,expected_rank_overall,p_top20_overall,p_top50_overall,expected_rank_pos,p_top12_pos,p_top20_pos
2396,Carlos Santana,ARI,1B,1B,357,-0.19874214798288103,-0.2578462729714235,-0.11463149666187819,-0.5311160496422983,-0.2913936405452471,-0.6539773056621415,-0.32775925327114175,-0.5368091348899279,-0.3347879580686627,-0.10471848911824153,290.0896666666667,0,0,37.243833333333335,0,0
2967,Tommy Pham,NA,OF,OF,266,-0.5525936073694286,-0.5055168754222197,-0.5303231921905733,-0.3792257187276956,-0.16405164699508815,-0.5566980281590461,-0.4357706896336446,-0.6237431905206317,-0.4388651347114328,-0.23631189076073217,311.694,0,0,108.88466666666666,0,0
4949,Giancarlo Stanton,NYY,DH/OF,DH,413,1.2823689979215556,-0.02064588541270211,0.8049173176385837,-0.7486893914628012,-0.09837142127767355,0.980844053219377,0.38054690747217185,0.08229865860498142,0.3752541854449939,0.6922297448784741,154.83883333333333,0,1.6666666666666666e-4,9.568333333333333,0.9933333333333333,1
5235,Justin Turner,NA,3B,3B,210,-0.6687524348519602,-0.7597128628427999,-0.6218524966387707,-0.6739642027714066,-0.062110211397472,-0.6523928925641096,-0.5626383105126668,-0.7386731167692807,-0.5643135361138492,-0.3828820236134399,338.5566666666667,0,0,43.97716666666667,0,0
5361,Freddie Freeman,LAD,1B,1B,651,0.8804188682482074,1.4702489046002465,1.393101704976699,0.2981355691671148,1.928333667099682,1.1513860540877119,1.2061738903784676,0.8521275022456298,1.2006753614865322,1.5847645209895647,43.50483333333333,0.0945,0.6748333333333333,7.274333333333334,0.948,1
5417,Jose Altuve,HOU,2B,2B,623,0.614680759002271,1.3388311868133143,0.869101746680163,0.5118953590696051,1.0090427534677069,0.6683642755922256,0.8529523032415807,0.5134329531105147,0.8448952131537772,1.216455122142684,80.83283333333334,0.003,0.13083333333333333,7.624333333333333,0.9176666666666666,0.99783333333333335
5517,Kyle Higashioka,TEX,C,C,283,0.1322621611345731,-0.4716335122749643,-0.033845865162626984,-0.67385417554065,-0.7030526338523669,0.5330412330986936,-0.18964357881468105,-0.4527145366215765,-0.19303385130053805,0.09438915219229789,263.2973333333333,0,0,29.372833333333332,0.0011666666666666668,0.0495
5827,Wilmer Flores,NA,1B,1B,203,-0.5415714221519894,-0.7698962612325737,-0.5755538413680557,-0.7466435380692487,-0.3015049923573361,-0.15073939202163136,-0.5053803704340567,-0.6820893546471367,-0.5060037795758898,-0.32645191067422696,326.20666666666665,0,0,40.989,0,0
7304,Salvador Perez,KCR,C,C,626,1.3374006297709964,0.4055603546856389,1.5402861152777683,-0.7467379983108017,-0.49286322809555416,0.5521519236557448,0.44821994541753224,0.14093569641001155,0.44019264742852954,0.7843250398317639,142.826,0,0.001,11.9755,0.5898333333333333,0.9751666666666666
7739,Travis d'Arnaud,LAA,C,C,231,-0.49099263566724216,-0.7703629424880365,-0.5344747197443029,-0.748079240975108,-1.0947047944657373,-0.5726287037164384,-0.6915440880831045,-0.875015675530423,-0.694987464817987,-0.4998881140757053,366.85133333333334,0,0,47.796166666666664,0,0
7802,Miguel Rojas,LAD,SS,SS,175,-0.8333707124481562,-0.847558235789281,-0.8679406137758285,-0.4053066885497103,-0.15900007135399102,-0.619061480775932,-0.611903504872583,-0.782125904978728,-0.6143356933501939,-0.4337565304741763,349.36566666666664,0,0,32.735166666666665,0,0
9218,Paul Goldschmidt,NYY,1B,1B,385,-0.033223164788150135,0.058925736456021255,0.026056196469062723,-0.23429802695387775,0.7097739707047659,0.2303709808351496,0.14049503285495937,-0.10168794885863391,0.1353574751470798,0.3929779146234581,200.0615,0,0,27.606166666666667,0,0.031
9241,Starling Marte,NA,OF,OF,287,-0.6143984518645109,-0.3398599398064983,-0.46406760174846406,0.3197298946556377,0.16191954971416733,-0.3143815400155712,-0.19569554935434955,-0.41654494341405707,-0.20003703831140768,0.0405273321278771,264.3625,0,0,93.35966666666667,0,0
9774,Christian Vázquez,NA,C,C,154,-0.8578226529960149,-0.998907904819896,-0.9406623625291173,-0.7244553994144449,-1.3779328833933593,-1.2531085705705438,-1.0104714851770575,-1.15598557394797,-1.0116605375465952,-0.8613788668994263,434.56483333333335,0,0,61.31066666666667,0,0
9777,Nolan Arenado,ARI,3B,3B,595,0.22843249787625566,0.48150033932685365,0.8105762015346019,-0.48459013465782114,-0.41254038472639876,-0.2573321223188277,0.07791127542241172,-0.18059662045743463,0.07169304118536056,0.3517937430916387,212.02666666666667,0,0,25.77166666666667,0.0036666666666666666,0.13266666666666665
9847,Andrew McCutchen,NA,OF,OF,357,-0.2408305204535749,-0.19169036970939174,-0.15996478089448224,-0.5410051176427164,0.14735416188610387,-0.2971324974531508,-0.20095605088119073,-0.4103335545448795,-0.2048737013888059,0.025209952405238312,265.3895,0,0,93.7005,0,0
9874,DJ LeMahieu,NA,2B,2B,98,-0.9528450413212075,-1.136394946668796,-1.129655777880528,-0.7466857611377723,-0.5261097161814237,-1.4338750490036898,-0.9785609636974457,-1.113034127967291,-0.9816497506206776,-0.8331556701272964,428.48466666666667,0,0,69.5695,0,0
10155,Mike Trout,LAA,OF,OF,560,1.2148743269008635,0.8959557772754998,0.8537686766519978,-0.5230052296254668,1.0286948910778375,0.7261919388015452,0.7157790811315535,0.39856132940682243,0.7114868818376371,1.055949785942218,99.31683333333334,0,0.03666666666666667,36.53366666666667,0.005833333333333334,0.0685
10231,Jose Iglesias,NA,SS,SS,154,-0.8913876398593366,-0.9111853598210832,-0.9063933742873582,-0.6244979383984101,0.36690388652417066,-0.43488876078037986,-0.5544933817832938,-0.7258322326598572,-0.5567058730447005,-0.37489215812600035,336.87233333333336,0,0,31.8105,0,0
10243,Randal Grichuk,NA,OF,OF,273,-0.23369845733316325,-0.4509390076386772,-0.2557145567223207,-0.7302765431487657,-0.08993793696589897,0.43568382619693224,-0.20437649891518925,-0.40902171607747917,-0.20761345277266902,0.012449736873570415,266.0948333333333,0,0,93.95,0,0
10324,Marcell Ozuna,PIT,DH/OF,DH,525,1.0664133278797254,0.5028878433138602,1.0303441502729127,-0.7384649895165885,0.4537527117765786,0.9036537015457476,0.5537287028320887,0.25536977089809415,0.547662358426434,0.8646004267726097,124.51566666666666,0,0.0033333333333333335,8.3135,0.9995,1
10472,Enrique Hernández,LAD,OF,OF,196,-0.63311492119969,-0.801796406626718,-0.720132155354495,-0.7413059838571942,-0.9637329280137295,-0.6573507262120455,-0.7414122297566696,-0.9010000290594393,-0.7451970996801054,-0.5729717757436008,377.787,0,0,128.78466666666668,0,0
10681,Gio Urshela,MIN,3B,3B,42,-1.0152705075360036,-1.2965570088706984,-1.232409417347087,-0.7500283609645375,-0.9016609642036735,-1.282944638256161,-1.0724882667916713,-1.2049250153602344,-1.0731139453575858,-0.9350792697802902,446.031,0,0,55.63033333333333,0,0
10815,Jurickson Profar,ATL,OF,OF,644,0.5752503922327985,1.1005488562629664,0.9057367064997943,-0.054577708550458896,0.5822568587158725,0.21908512838767957,0.5727084730805962,0.2603984875957127,0.56883803950516,0.9032756739919485,121.59316666666666,1.6666666666666666e-4,0.007,44.78916666666667,8.333333333333334e-4,0.015833333333333335
11442,Gary Sánchez,MIL,C,C,144,-0.43688460571078647,-0.9241956863046337,-0.7092632522161026,-0.7471847355361876,-0.4192593533077858,0.3477048546282978,-0.4723679479822144,-0.6540644482472284,-0.47511354026309716,-0.2784447641435073,319.36583333333334,0,0,39.405166666666666,0,0
11445,Mark Canha,TEX,OF,OF,98,-0.9323122584197787,-1.0997936553542864,-1.091675016517203,-0.6420052598568697,-0.24213395650343916,-1.1421077341037575,-0.8498734802589551,-0.9949478028318629,-0.851680932863722,-0.7009384186289201,401.41683333333333,0,0,135.92883333333333,0,0
11477,Christian Yelich,MIL,OF,OF,630,0.1934257762973432,1.1468953590986908,0.7110620505427201,1.1551250114623262,1.0567581411282814,0.11334555032498142,0.747265338406165,0.4080505736775415,0.7415187756686756,1.117938719698186,95.187,6.666666666666666e-4,0.06,34.95066666666666,0.012,0.1005
11493,Manny Machado,SDP,3B,3B,644,1.3141728454284043,1.1556750374448679,1.5472802376994363,0.21462976947614854,0.6818201866453474,1.0300543063214254,1.0128185695011174,0.6521585583860556,1.0029604095054028,1.4034896037815061,62.30316666666667,0.021666666666666667,0.3455,5.544,0.9771666666666666,1
11579,Bryce Harper,PHI,OF,OF,665,1.1622838632589656,1.5260962370919844,1.408739856360016,0.23731088519409393,1.8325264026310695,1.2150126644834482,1.2478023501323325,0.8844009437605084,1.2349106043805949,1.6420884295637732,40.16133333333333,0.12566666666666668,0.7425,14.343166666666667,0.44133333333333336,0.8365
11609,Willson Contreras,BOS,C,C,609,1.2556899312629102,1.0319290722228351,1.2180117633147818,-0.2312075972660141,1.0115599428693591,0.8961764924985953,0.8835336625557917,0.549094702537775,0.8744598814983993,1.2530706023184446,76.94566666666667,0.003833333333333333,0.162,5.491833333333333,0.9888333333333333,1
11680,Elias Díaz,KCR,C,C,19,-1.0156466053330004,-1.3512435708951922,-1.2740203741334646,-0.7518180621553914,-0.6165331638880176,-0.4261290415664022,-0.8998275570517089,-1.034149798997957,-0.90032713541699,-0.7611765706477448,412.0781666666667,0,0,56.215833333333336,0,0
11737,Nick Castellanos,SDP,3B/OF,3B,364,-0.1428937330175411,-0.09953890081442329,0.019805455294134265,-0.39259528209816896,-0.11294188474808238,0.20139771723465055,-0.0728226087921331,-0.2877502460453517,-0.07749982124334548,0.16782972804613694,240.9275,0,0,30.347833333333334,1.6666666666666666e-4,0.0145
11739,J.T. Realmuto,PHI,C,C,500,0.12153283384180541,0.37127034813638693,0.38570005076057423,0.1827149654552333,0.031637624502561926,0.04707808824997726,0.20650905960732396,-0.0673689036611381,0.2007760490303928,0.49594184054612034,187.3535,0,0,17.549166666666668,0.1325,0.752
11899,Joc Pederson,TEX,OF,OF,434,0.3847478894506952,0.1700634918291088,0.2600487776737165,-0.4762884077803845,-0.05934237904883084,0.08750359283041625,0.07640817838101946,-0.18055058284513192,0.07240816261572705,0.34728493613079126,212.312,0,0,75.95,0,0
12037,Jon Berti,NA,3B,3B,168,-0.9506559350130936,-0.9023813872269884,-1.0345251348868203,0.5423719122313594,-0.6483944094793117,-1.829233583481989,-0.7860634771783163,-1.0107975842138959,-0.7911435665596649,-0.5461556726179638,387.45733333333334,0,0,49.3485,0,0
12144,Max Kepler,NA,OF,OF,140,-0.67599410602345,-0.9004352341825714,-0.8604947056202659,-0.7194354563134662,-0.016374557060071564,-0.05556445633141813,-0.5247769927190465,-0.6813679252812945,-0.5271921287068198,-0.3606254907911863,330.30333333333334,0,0,114.614,0,0
12158,Austin Barnes,NYM,C,C,6,-1.034263609050997,-1.3851710606259917,-1.3235104088697172,-0.7504039170144591,-0.4193174643734063,-1.1936897289383295,-1.0125911355883652,-1.1515902138682115,-1.014622065028797,-0.8691713655734452,434.98966666666666,0,0,61.422666666666665,0,0
12161,Xander Bogaerts,SDP,SS,SS,609,-0.24543990807970767,0.6943603689076576,0.315659941429403,1.3811876863741943,0.17652639000726508,-0.5105781475753286,0.3220090995770675,0.009215627245916307,0.31190241675594116,0.6669526337044509,165.842,0,1.6666666666666666e-4,22.027166666666666,0.0018333333333333333,0.278
12533,Marcus Semien,NYM,2B/SS,2B,644,0.8248956804197463,1.1977834350986458,1.0018509236532016,0.23180622764089587,0.04626394848348757,0.2181050703240553,0.6040498696691121,0.27125059238070354,0.5983714511522029,0.957263979117832,116.73333333333333,0,0.013833333333333333,12.255333333333333,0.5621666666666667,0.9453333333333334
12552,Eugenio Suárez,CIN,3B,3B,616,1.6734269609245187,0.8169954666591592,1.4650275339572176,-0.5438457578144273,-0.16578197384358745,0.5475134890772891,0.6477993716661297,0.3319846026041465,0.6397539869608431,0.9918551498806925,109.64,1.6666666666666666e-4,0.0205,11.249333333333333,0.6453333333333333,0.9768333333333333
12564,Trevor Story,BOS,SS,SS,665,0.6006568244834896,1.060174714808679,0.9217659356268759,2.37574125865365,-0.4310076870959011,-0.06143317787983732,0.7651652195413295,0.3583136237379264,0.7560515397727764,1.2045144923698201,93.95033333333333,0.005333333333333333,0.103,15.5805,0.19866666666666666,0.9128333333333334
12856,George Springer,TOR,OF,OF,595,0.7713456415125182,1.1759091755754545,0.912693574180178,1.0571810858019457,0.718576779495955,0.5766824165011066,0.8894731004924401,0.531274576124541,0.8791113915070243,1.2802068881028663,76.64966666666666,0.007333333333333333,0.1805,27.9505,0.057,0.2668333333333333
12859,James McCann,ARI,C,C,194,-0.552463585208081,-0.7924575961418558,-0.6304156962624412,-0.6538097931309887,-0.5237556679010864,-0.10408748033576384,-0.532600790695326,-0.7195213157643906,-0.536725585138498,-0.32875288185355056,332.2026666666667,0,0,41.68516666666667,0,0
12916,Francisco Lindor,NYM,SS,SS,630,1.197650698399404,1.4261049847890943,1.1902745192065107,1.7142605491583156,0.7725507896708199,0.9579660906151755,1.2300556242980296,0.8266591379551858,1.21778331194127,1.6612000318107256,42.29533333333333,0.1375,0.688,8.5485,0.8465,0.9996666666666667
12927,Brandon Nimmo,TEX,OF,OF,630,0.7681840498425391,1.224183126620062,0.950812709691256,0.03646468404034468,1.3300921179867098,0.5600880601766973,0.8285404362653048,0.5073538699881895,0.8177017581071289,1.181256545043393,83.73416666666667,6.666666666666666e-4,0.09966666666666667,30.630333333333333,0.0225,0.164
12976,Austin Hedges,CLE,C,C,141,-0.8850202745531417,-1.1030843751798463,-1.0460342722070428,-0.7289355568374596,-3.0899227272038763,-2.2210841574583804,-1.498365268090249,-1.626290045535702,-1.4987068582386844,-1.3675112353499168,479.37416666666667,0,0,71.94583333333334,0,0
12979,Javier Báez,DET,SS,SS,385,-0.39854416193148395,-0.26263631144833915,-0.22700241950532,-0.178143289961338,-1.795508813082448,-0.9972474030986997,-0.6303448700456022,-0.8380061945496632,-0.6340410194608124,-0.4083933694212879,353.45916666666665,0,0,32.99133333333333,0,0
13066,Teoscar Hernández,LAD,OF,OF,595,1.0154028372278336,0.931284484543611,1.3365822409209793,-0.12962992432379927,0.4140610219931398,1.030788595551643,0.783737367711786,0.4573377297474509,0.7760774215446637,1.1328784115931885,89.876,8.333333333333334e-4,0.07033333333333333,32.928666666666665,0.013666666666666667,0.12483333333333334
13145,Josh Bell,MIN,1B,1B,574,0.2915700803970404,0.3588550514379282,0.7096573931091292,-0.7448431237113291,0.23902951831446664,-0.126707080691067,0.13533298354002923,-0.12268480179338859,0.13013392379847075,0.4063684017036126,201.02016666666665,0,0,27.6895,1.6666666666666666e-4,0.04083333333333333
13152,Jorge Polanco,NYM,2B/SS,2B,546,0.8485923077923223,0.6414288583973917,0.8392270507149866,-0.3308621307590701,0.10393158205071473,0.4933504029140827,0.4501731875090052,0.14989995881692497,0.44313501046146997,0.7754513890027759,142.37366666666668,0,0.0013333333333333333,15.8975,0.262,0.8206666666666667
13185,Orlando Arcia,MIN,SS,SS,98,-0.8672320047266591,-1.113887680887326,-1.0395740205608193,-0.745435083669338,-0.8482003914031822,-0.612572505439463,-0.8620734093386042,-1.0079821030864229,-0.8635559389491327,-0.7147947709805478,404.064,0,0,35.964333333333336,0,0
13301,Max Muncy,LAD,1B/3B,1B,455,1.1356804554845814,0.43803537237851575,0.7355301507140379,-0.6046266925109336,0.531167050090511,0.6052779878785652,0.49353593395949974,0.196213364225484,0.48743358386978564,0.8137802573577269,134.76866666666666,0,0.0015,19.3525,0.035,0.624
13324,Ildemaro Vargas,ARI,2B/3B,2B,98,-0.9430858715924395,-1.1173685583714765,-1.0697294233267192,-0.641592303878477,-0.4705790242603389,-0.872091770745195,-0.842048611339443,-1.0048164446858767,-0.8431677224967367,-0.673611659473592,399.7348333333333,0,0,61.74366666666667,0,0
13419,Christian Walker,HOU,1B,1B,595,1.2787783423039238,0.8589081783442518,1.2827522076487017,-0.5032973557362395,0.3021965901443383,0.6801937109746029,0.6685312636863364,0.34339068409539597,0.6615814695250708,1.0095735274214237,106.538,0,0.0225,15.868166666666667,0.17716666666666667,0.8883333333333333
13510,José Ramírez,CLE,3B,3B,679,1.3329139961821812,1.6782460459806106,1.6820619840908684,2.938672366976084,1.182328504269131,1.2721167404310472,1.7058455916496738,1.2471256407843916,1.6935598994700285,2.2121220693046904,15.9115,0.7431666666666666,0.9871666666666666,1.4148333333333334,1,1
13590,Jesse Winker,NA,OF,OF,308,-0.4744815687199433,-0.3344449683404611,-0.4505133948970328,-0.30506141722453634,0.1310658850505082,-0.5321891707763294,-0.31280865768109056,-0.5209690973536171,-0.3172482537952639,-0.09127896640071746,287.05266666666665,0,0,100.9255,0,0
13602,Patrick Wisdom,SEA,3B,3B,14,-0.9853130999486999,-1.3562038819788462,-1.2856275885626474,-0.7453046878247024,-1.426351235939641,-0.30633144781413,-1.0078102007854375,-1.188575467350255,-1.011057069105114,-0.8210530521857691,433.45616666666666,0,0,54.240833333333335,0,0
13611,Mookie Betts,LAD,OF,OF,651,0.8403212874817165,1.4808954088208552,1.0693512714972577,0.052677488363316184,1.2633450148075376,0.7375092809613379,0.9235900615017757,0.5897261660214053,0.9165010873210103,1.281863555168373,71.86566666666667,0.004833333333333334,0.2035,26.1165,0.05533333333333333,0.3006666666666667
13613,Ketel Marte,ARI,2B,2B,637,1.6003310280072274,1.4354396605493813,1.4679604671851387,-0.25587734447106414,1.414654133710583,1.4954130859713726,1.2102921723802829,0.847331044021301,1.1996050935895597,1.6046312748780398,43.3515,0.10216666666666667,0.6788333333333333,3.7988333333333335,0.9985,1
13620,Carson Kelly,CHC,C,C,373,-0.1694840776501046,-0.20247945437643744,-0.05684062331068873,-0.6417592406074768,-0.22652668155852076,-0.21987652053256418,-0.23890937123386607,-0.46456404495086695,-0.24374732543328687,0.0024449143570166166,272.66183333333333,0,0,30.967833333333335,0,0.0165
13621,Jeimer Candelario,LAA,3B,3B,7,-1.0293532530714997,-1.3772174000441264,-1.313381080589084,-0.7507586922538747,0.42695411816213025,0.24493234690830057,-0.6281526941555097,-0.7636802853633945,-0.6287207052328694,-0.48727848636640775,352.96166666666664,0,0,45.602833333333336,0,0
13624,Corey Seager,TEX,SS,SS,560,1.496657599114119,1.0166680115916322,1.2682185221738504,-0.502345565435517,1.4886196668165375,1.7225032810550576,1.102710803655058,0.7528179368877599,1.0971713449223626,1.4806844183916692,52.757666666666665,0.04083333333333333,0.5016666666666667,10.342166666666667,0.7226666666666667,0.9998333333333334
13675,Tyrone Taylor,NYM,OF,OF,280,-0.5387079921328963,-0.47401472337398565,-0.5233251595300183,0.13545838559654372,-1.1207810592099086,-0.7614721482978668,-0.5302206842484534,-0.7686509958939263,-0.5344292907803596,-0.2758104720707811,332.02883333333335,0,0,115.07433333333333,0,0
13755,Tomás Nido,DET,C,C,13,-1.0265888780092967,-1.3680557271624472,-1.300774882816241,-0.7512903436363968,-1.304262743769794,-0.8805212819149237,-1.097745244375739,-1.2768036194704286,-1.1002223526194974,-0.9139836022201716,448.9575,0,0,64.44883333333334,0,0
13757,Chris Taylor,LAA,OF,OF,147,-0.7685448106156485,-0.9121148732700793,-0.9149877142199907,-0.39671378957566805,-0.9857509957148933,-0.9025517512266275,-0.7991368726970767,-0.967359198693429,-0.8029984799260417,-0.6205994187998395,390.40416666666664,0,0,132.599,0,0
13770,Rob Refsnyder,SEA,OF,OF,266,-0.20652696302505932,-0.21498117270048592,-0.1765407081822134,-0.4863438913295972,2.0705914071610128,1.4580296938098007,0.42367530023717936,0.17027796303362622,0.418249118042841,0.698132311020366,146.7255,0,0,53.84883333333333,0,1.6666666666666666e-4
13897,Tyler Heineman,TOR,C,C,154,-0.8220663309645492,-0.8467963534953411,-0.8397382662740491,-0.6574646160588383,0.9890106388047697,0.03763760473479751,-0.34339791262557273,-0.6112821349656684,-0.3480257994943171,-0.06344511721513638,293.5316666666667,0,0,34.745333333333335,1.6666666666666666e-4,0.007166666666666667
14161,Byron Buxton,MIN,OF,OF,560,1.984368938224951,1.2279888398279402,1.3239196406360212,0.747087007644839,0.5747260020478142,1.579396067966421,1.2642969048782202,0.8472029451192238,1.2551824315684486,1.7257810436814935,39.9615,0.17266666666666666,0.7265,14.3055,0.4706666666666667,0.8115
14162,Carlos Correa,HOU,SS,SS,567,0.2825371406197795,0.6061853377008924,0.6737838374554338,-0.6771527423898211,0.9484527527311959,0.4426033033385924,0.39189035586402027,0.11796499945450412,0.3875675632170871,0.6799648132341309,152.53133333333332,0,0,21.114833333333333,5e-4,0.39816666666666667
14221,Jorge Soler,LAA,DH/OF,DH,504,0.5664078914523476,0.2659005064885568,0.5228494067270517,-0.739535833636983,-0.21768274604536164,-0.015174273021225064,0.0798064146350155,-0.18481390403228942,0.07306849580215422,0.3660802743983134,211.63116666666667,0,0,11.649666666666667,0.8408333333333333,1
14344,Matt Olson,ATL,1B,1B,686,1.8754915547784343,1.3309486823810412,1.845530805603225,-0.6457853801256568,1.2613987850823167,1.2781985455419989,1.1722228408254876,0.8181674695992619,1.1640433586180503,1.5629669102141852,46.4965,0.07166666666666667,0.6163333333333333,7.765,0.9291666666666667,0.9998333333333334
14551,Anthony Santander,TOR,OF,OF,56,-0.7982602098050421,-1.20137567834027,-1.0942799166188402,-0.7466286245574043,-0.42376727126929103,0.6260363642630857,-0.5977342925985463,-0.7408691510584299,-0.599220156919895,-0.45001767326663034,346.20883333333336,0,0,119.35833333333333,0,0
14712,Manuel Margot,NA,OF,OF,63,-0.9506037028270575,-1.1862514920837548,-1.1515241480254035,-0.6406068949107431,-0.053017804738007365,-0.3415891816227008,-0.7116489186643177,-0.8599658857027369,-0.7132057885450729,-0.5554219872323863,371.36766666666665,0,0,126.882,0,0
14813,Kyle Farmer,ATL,2B/SS,2B,28,-0.9988325380284104,-1.3167907256117841,-1.2445989313929235,-0.7497668676335307,-0.7015896152721065,-0.4677685708634541,-0.9058748744057871,-1.0547792075777782,-0.9076253242356589,-0.7532800525577467,413.321,0,0,65.3595,0,0
14854,Mike Yastrzemski,ATL,OF,OF,455,0.1762272287729769,0.21954476886558422,0.1318916678642856,-0.41769881708503653,-0.3020711096443899,-0.29916191681122306,-0.06817002429621899,-0.3223205128794309,-0.07356390609349732,0.19820171412070772,240.0615,0,0,85.17533333333333,0,0
14968,Victor Caratini,MIN,C,C,400,-0.07022555997175259,-0.10980941051936624,0.12471692055787956,-0.7215541076921388,0.34190486009173304,0.10318842608381672,-0.03667133795864342,-0.2684676012295178,-0.043566366053003874,0.2168204630973336,234.06166666666667,0,0,24.440166666666666,0.004,0.19166666666666668
15112,Ryan McMahon,NYY,3B,3B,490,0.2563566824676458,0.2735221627117482,0.32310299890260824,-0.42135643165064285,-0.22729541289748112,-0.18306019795002443,0.018049325496942593,-0.235297491172834,0.013790189956959374,0.2851454280425782,223.544,0,0,27.547666666666668,6.666666666666666e-4,0.07583333333333334
15161,Mitch Garver,SEA,C/DH,C,45,-0.9152899209968344,-1.2671278869993157,-1.1853863543030347,-0.7492354600992277,-0.8477186751785133,-0.5876925749193862,-0.9178667724558265,-1.056464125722991,-0.919946032403197,-0.7761345533581054,415.9248333333333,0,0,57.096,0,0
15172,Tim Anderson,NA,SS,SS,42,-1.0230411630600305,-1.280957680056651,-1.2591776865763773,-0.6615864626899668,-0.9328715659542435,-1.5512889556430873,-1.111215091280211,-1.238501752903857,-1.1133907207095555,-0.9799649381207158,452.35783333333336,0,0,38.837,0,0
15194,Jake Bauers,MIL,1B/OF,1B,315,-0.029063722403494398,-0.2162975706374686,-0.21922946511458935,0.1208274544553094,-0.09251846491463024,0.046826638515212654,-0.0450341937576999,-0.3065231038098261,-0.05242056262528757,0.23989732866550725,235.62466666666666,0,0,31.713833333333334,0,0.007
15223,Adam Frazier,LAA,2B/OF,2B,182,-0.8654086402691638,-0.8291942288143754,-0.9067037049659066,-0.4194017054073696,-0.5174306148040368,-1.0849870712820362,-0.7598307414369582,-0.9205361226164535,-0.7615639418059832,-0.5942713789928868,381.9211666666667,0,0,57.141,0,0
15271,Austin Wynns,ATH,C,C,166,-0.6922126180306514,-0.8912850443017062,-0.7239343960479525,-0.7436838426990156,-0.2938952281135696,-0.021657383199386895,-0.5468847336672997,-0.7664640281064263,-0.5504987117156463,-0.3229585546210053,335.43416666666667,0,0,42.224833333333336,0,0
15274,Mike Tauchman,NYM,OF,OF,70,-0.9067052628218762,-1.1397196510591094,-1.1154826861641869,-0.7346078416366177,0.5253221941069648,-0.1687781585611594,-0.5770617936271623,-0.7357327939767332,-0.5792881115739806,-0.41151625373781786,341.718,0,0,118.0465,0,0
15362,Jeff McNeil,ATH,2B/OF,2B,581,-0.2963792743658787,0.44774836758700864,0.23374023274417943,-0.3894948168214518,0.029776747786094557,-0.6694813341013144,-0.08968221632555885,-0.3308830121126991,-0.09692428570298567,0.1689642404798648,244.167,0,0,31.571833333333334,3.333333333333333e-4,0.013166666666666667
15429,Kris Bryant,COL,3B/OF,3B,91,-0.9010811117899673,-1.1035341904319957,-1.0851819633369097,-0.7400422731067977,-0.01807709102674718,-0.6568441679579244,-0.7386122613475657,-0.8946331491090798,-0.7407909533428252,-0.5782597936981287,377.25333333333333,0,0,48.29983333333333,0,0
15491,J.P. Crawford,SEA,SS,SS,637,-0.0020065472206963536,0.9002250509004797,0.5018008485259613,-0.2649132193179375,0.6756064312610894,-0.2711699226005509,0.2735277600335088,0.0022680942227230683,0.2666319299596927,0.5669625562270496,174.7075,0,0,22.756333333333334,6.666666666666666e-4,0.17716666666666667
15518,Amed Rosario,NYY,SS,SS,231,-0.6869029536521298,-0.5760921903690652,-0.6202304683828525,-0.328417663240571,0.20994069318684752,-0.031181503354419188,-0.3272109850391984,-0.5156012645923317,-0.3308889246203074,-0.13422146646566843,289.7961666666667,0,0,28.748666666666665,0,0
15640,Aaron Judge,NYY,OF,OF,644,4.553782036997767,2.353700468181274,2.693762098671,0.19069648001612136,3.1651407394187645,3.7584070485339156,2.8096539261673565,2.29072929820503,2.794221272004478,3.374208727585457,1.6455,1,1,1.0518333333333334,1,1
15653,Dominic Smith,ATL,1B/OF,1B,7,-1.0321543879865018,-1.381612906158276,-1.3173822539187268,-0.7513331241972495,-0.16200682061998883,-0.5064120302507419,-0.8540591397749525,-0.9859502961172526,-0.8558642377618337,-0.7178565211099255,402.37166666666667,0,0,48.14383333333333,0,0
15674,Reese McGuire,MIL,C,C,13,-1.029119058602574,-1.3669186649024674,-1.303276408003567,-0.75035802046342015,-0.8130053740405346,-0.9354946821825711,-1.027706448408276,-1.1699678849125004,-1.029747444046102,-0.8822855997729173,437.81966666666665,0,0,62.0335,0,0
15679,Rowdy Tellez,NA,1B,1B,280,-0.12475004641433991,-0.510527662889415,-0.21957599362613006,-0.7354893386009712,-0.5507967190574217,0.06345001806301678,-0.3314309492576455,-0.5427031123345576,-0.3341876755056894,-0.11180161099232325,290.7696666666667,0,0,37.31066666666667,0,0
15711,Tyler O'Neill,BAL,OF,OF,392,0.4474987845549038,0.14874828045893757,0.18269948776383838,-0.12892091266381284,-0.26469873876857497,0.38041652131042386,0.1431421704905763,-0.14045132794978626,0.14048451440303528,0.44231067185386,199.47916666666666,0,0,71.73016666666666,0,0
15730,Tyler Wade,TEX,2B/OF,2B,35,-1.0295118384750839,-1.3025041158058657,-1.2852906340237022,-0.6448248462022443,-0.8592003756416535,-2.0504104612208836,-1.189346959818562,-1.3399783927006517,-1.189440495222271,-1.0365085741446287,462.0855,0,0,79.01416666666667,0,0
15878,Miguel Andujar,SDP,3B/OF,3B,364,-0.49846786073944455,-0.20392893191289066,-0.18274500454125067,-0.5085129207704301,-0.06122440850700418,-0.18820395919094962,-0.25885825685149055,-0.48211393432013466,-0.2608717345846517,-0.021657014708517663,276.57616666666667,0,0,36.028166666666664,0,1.6666666666666666e-4
15905,Luis Torrens,NYM,C,C,218,-0.6373402042759057,-0.7844492052175125,-0.6565647908629618,-0.7385028070911523,-0.7681130335932418,-0.6590182535093848,-0.6920317163303595,-0.9040810497674527,-0.6967492042381396,-0.46492782292411833,367.01883333333336,0,0,47.7975,0,0
15986,Willy Adames,SFG,SS,SS,679,2.0043080476593884,1.4261065462490707,1.5910602954717805,0.5767919622128409,0.0940902568675914,0.8245576198427403,1.104521357106844,0.7075813132319978,1.0948401392409273,1.5408857103885816,53.58566666666667,0.06416666666666666,0.49783333333333335,10.368666666666666,0.6948333333333333,0.9986666666666667
15998,Cody Bellinger,NYY,1B/OF,1B,616,0.7470819194302598,1.0541288728643234,1.0773510872480356,0.35752913883575654,0.4604159898564936,0.6187253630031899,0.7349408820214315,0.4052859897134905,0.72566105342189835,1.0874372259394363,96.78883333333333,5e-4,0.04766666666666667,14.672333333333333,0.2713333333333333,0.9346666666666666
16153,Austin Slater,DET,OF,OF,28,-1.0001889518585187,-1.3056277723509768,-1.2583154699483186,-0.7393472027107626,-0.01708254551371511,-0.5448823394974615,-0.7983806488696201,-0.9403593569500801,-0.8013660515660574,-0.6505183555125273,390.2935,0,0,132.64266666666666,0,0
16252,Trea Turner,PHI,SS,SS,644,0.5824654696887162,1.4999293232194595,1.0704045551416002,1.6848175934249752,1.3050911105479672,1.0276028965533315,1.2114217804985457,0.8245784613103943,1.2015416429831998,1.6281932766728413,43.587,0.11466666666666667,0.6716666666666666,8.779,0.8321666666666667,1
16376,Michael Conforto,NA,OF,OF,294,-0.3861796365250618,-0.4450835692275615,-0.41625374259020864,-0.6662742343774162,-0.19661904926513002,-0.4670747661883113,-0.42024103033043614,-0.6031867839776637,-0.4219428277263668,-0.2282100570095578,308.47766666666666,0,0,107.87533333333333,0,0
16426,Thairo Estrada,NA,2B,2B,154,-0.8402821655244948,-0.9164874286920168,-0.9235979702154413,-0.5472347774831147,-0.9505500000994456,-0.8722730344097734,-0.8299263069550148,-1.0158322836707492,-0.8342618555148609,-0.6297853862905956,397,0,0,61.058166666666665,0,0
16442,Ryan O'Hearn,PIT,1B/DH,1B,546,0.3459186409571806,0.5650116387814457,0.8038370394686016,-0.4132092625176747,0.6657720435959114,0.5101937092253037,0.42660587665251154,0.14124590914803226,0.41871704028746726,0.7337588653172615,146.45816666666667,0,8.333333333333334e-4,20.799666666666667,0.015333333333333332,0.476
16472,Rhys Hoskins,NA,1B,1B,294,0.029201932811346323,-0.3177800860147208,-0.1332094266052401,-0.6427384839886134,0.4315848624953104,0.42256819754327335,-0.02467025374138458,-0.2500483563717088,-0.028489171011733157,0.21399502424921982,231.71616666666668,0,0,31.326833333333333,0,0.0026666666666666666
16478,Kyle Schwarber,PHI,DH/OF,DH,686,3.6372422664776023,1.759389427368679,2.1387581044921276,-0.25545777073523024,1.075726683911114,1.5987537008267472,1.68145666681349,1.238327648090948,1.6723409077598337,2.17204261454459,16.6015,0.724,0.986,2.5395,1,1
16505,Matt Chapman,SFG,3B,3B,672,1.0569776187433524,1.2121383526803768,1.0045595709148627,0.6303983542934457,0.1923844749784797,0.10535735167756162,0.7245679654226759,0.35684436562230537,0.7180877903393206,1.1197160609883463,98.88966666666667,0.0011666666666666668,0.060833333333333336,9.876,0.7451666666666666,0.9838333333333333
16512,Isiah Kiner-Falefa,BOS,SS,SS,168,-0.88279075103276,-0.8392085781922214,-0.9186940360044198,-0.20689212318959924,-0.007475347104049712,-0.7753057285082022,-0.593675395909521,-0.7640175160484997,-0.5982589068191795,-0.4121016342774155,345.35,0,0,32.43516666666667,0,0
16530,Mauricio Dubón,ATL,2B/OF,2B,336,-0.6153717178796851,-0.31415706674817845,-0.4055771777127371,-0.5035667557936891,-0.4606406355890558,-0.6474060731962468,-0.47630743793045915,-0.6784481540245769,-0.4788976262604847,-0.2587354801956538,320.3085,0,0,43.928333333333335,0,0
16535,Danny Jansen,TEX,C,C,352,0.2498358602497787,-0.16874565450069307,0.10361577052340076,-0.7347981977124454,0.06054364709544248,0.37353874562405376,-0.001301487586493488,-0.25623771898275366,-0.0067623132782878475,0.2646011224576816,227.23033333333333,0,0,23.392333333333333,0.010833333333333334,0.2786666666666667
16556,Ozzie Albies,ATL,2B,2B,630,0.5452945711033335,0.989927207514931,0.8857249766346065,0.27972837885617974,-0.0977409498786244,0.19207103158152972,0.48113827842396495,0.16675953442723945,0.4761420416991487,0.8116540564348192,137.11383333333333,0,0.0016666666666666668,15.117,0.326,0.8535
16578,Yandy Díaz,TBR,1B/3B,1B,651,0.5669555746802615,1.0739439802946986,1.2029052947055683,-0.6406087584680608,1.9112547571742062,0.8384957112507403,0.8402144467649807,0.5357459340249695,0.8304575667344614,1.1691079504256177,81.92183333333334,6.666666666666666e-4,0.09566666666666666,12.819,0.462,0.9871666666666666
16622,Luis Urías,NA,2B/3B,2B,112,-0.8209158141676904,-1.031520696166665,-0.9968334209610277,-0.7316701069198064,-0.1891764656480726,-0.5231361722373431,-0.7007294199876125,-0.863069465916644,-0.705193814119229,-0.5251507375173765,368.86966666666666,0,0,53.99366666666667,0,0
16725,Jose Trevino,CIN,C,C,282,-0.5711332858853717,-0.6139353465813122,-0.47496829653873995,-0.7323162214558714,-1.060166251909768,-0.7545794628414662,-0.6831836915325115,-0.8714849093350142,-0.6865283865840988,-0.47614259078518917,364.9861666666667,0,0,47.401,0,0
16930,Jonah Heim,ATL,C,C,45,-0.9449204941673474,-1.267604363711607,-1.1822597770869316,-0.747897191838818,-0.9319139073295403,-0.3821034382027555,-0.902848584971676,-1.0656344145880594,-0.9032356479391508,-0.738588436764084,412.6025,0,0,56.422,0,0
16939,Lane Thomas,KCR,OF,OF,420,-0.17461796669573132,0.04829490647319475,-0.12022921570160987,1.192692311172776,-1.1029757307745243,-0.7450182239788505,-0.12558219264980286,-0.46109200621513846,-0.13644827992315006,0.25145599322661577,251.15483333333333,0,0,88.9135,0,0
16947,Derek Hill,CHW,OF,OF,84,-0.8834925649749223,-1.1088486344196264,-1.0886124158838706,-0.4732295696767691,-0.5900952881957355,-0.4567527155121066,-0.7519304971158657,-0.9590049943024711,-0.7577206081570758,-0.5342694012547162,380.062,0,0,129.475,0,0
16997,Gleyber Torres,DET,2B,2B,665,0.2643755015586567,0.9752937595784524,0.716210333677419,-0.11122127582600094,0.23446159942206174,-0.159110519703697,0.3370169982031483,0.0511685890000481,0.3312044707604189,0.6403494728105829,162.8485,0,0,18.955666666666666,0.10283333333333333,0.6215
17022,Edmundo Sosa,PHI,3B/SS,3B,245,-0.35858369759466646,-0.4205996319204203,-0.35670509043507415,-0.4505515362897843,0.7158522591934262,0.8637189210021216,0.014774826187654142,-0.2528573603455098,0.011533227164268633,0.29145745062404405,224.13516666666666,0,0,27.6595,0.0013333333333333333,0.073
17027,Alex Verdugo,NA,OF,OF,189,-0.8109159719625989,-0.8225479137216624,-0.8718633634445838,-0.6615864626899668,-0.4179185186876393,-0.960141865345383,-0.7503194827339965,-0.9048459719982005,-0.7522997901806151,-0.5878069372502318,379.82433333333336,0,0,129.41716666666667,0,0
17040,Jose Herrera,TEX,C,C,6,-1.034603539222672,-1.3853911153482383,-1.3242490398445126,-0.7513625938792823,-0.29494965965342496,-1.1884757223267957,-0.992680850130977,-1.1834776414671717,-0.9929151595183545,-0.7945842951597781,430.27733333333333,0,0,60.318,0,0
17128,Ramón Laureano,SDP,OF,OF,560,0.5522791384934174,0.8075627193746053,0.7124109535960745,0.21332924822203894,0.24027969740211624,0.37204009084126777,0.5009918001304038,0.17673611815523485,0.4941046731795612,0.8366160700964385,133.75883333333334,1.6666666666666666e-4,0.003833333333333333,49.111,8.333333333333334e-4,0.0085
17232,Yoán Moncada,LAA,3B,3B,427,-0.12060901644404502,0.024837710006740017,0.09857136161062116,-0.644661922300825,0.1330470441135463,-0.1370710157971042,-0.09688243339696832,-0.3481342157816566,-0.10198741705563749,0.17203122717047487,245.506,0,0,31.108166666666666,0,0.019
17273,Jorge Mateo,ATL,SS,SS,105,-0.8509784504842608,-1.0102531048869916,-1.029148708234216,0.028114329109860933,-0.6282756737776384,-0.426292159046994,-0.6388704605190408,-0.8631266736689172,-0.6437981767005905,-0.39824421231372625,355.3473333333333,0,0,33.1065,0,0
17276,Alex Jackson,MIN,C,C,32,-0.9544173752248244,-1.3003909413410861,-1.2305301943484392,-0.7484712998563248,-0.8687132267097408,-0.44758584461355977,-0.9160106724061795,-1.1115079063166928,-0.916622472075848,-0.7102211537052939,415.0421666666667,0,0,57.038666666666664,0,0
17338,Willi Castro,COL,OF,OF,546,-0.07152786547245173,0.7081329397891745,0.25498802056864756,1.121028836075247,0.13094858419317085,-0.2617263511580732,0.33315064490516916,0.01002078310589163,0.32258583998542745,0.684791899179688,163.84033333333332,0,3.333333333333333e-4,59.648,1.6666666666666666e-4,8.333333333333334e-4
17350,Rafael Devers,SFG,3B,3B,686,1.9153391622285412,1.4402423826405713,1.7774205939289849,-0.4651148937836933,1.0722140934120676,1.3537342745834529,1.2001131007216612,0.83276048360087,1.1969701467216518,1.5975964911191132,44.22366666666667,0.09266666666666666,0.6643333333333333,3.7506666666666666,0.9981666666666666,1
17452,Jose Siri,LAA,OF,OF,42,-0.918440668730814,-1.2448945958399018,-1.189812047460968,-0.6377201675804343,-0.8488511685710896,-0.039773755365885774,-0.8048116227514417,-1.018746365473482,-0.8077375408761173,-0.5809159909380726,391.4601666666667,0,0,132.8285,0,0
17548,Taylor Ward,BAL,OF,OF,658,1.6636592546858566,1.3159611087662078,1.5532551370267416,-0.3461383129016816,0.7897940891999875,1.1327483270672827,1.037653931338876,0.6615993977219221,1.0304548589341083,1.4387075719481892,59.79216666666667,0.028166666666666666,0.38766666666666666,21.587333333333333,0.16033333333333333,0.5058333333333334
17620,Myles Straw,TOR,OF,OF,182,-0.8694109759398376,-0.7542496066428928,-0.9347702893157264,-0.23427660617839027,0.37716670724089796,-0.9294067397290509,-0.5438639892052699,-0.7513663318382643,-0.5456490935573093,-0.3217535046666586,334.7336666666667,0,0,115.8875,0,0
17678,Alex Bregman,CHC,3B,3B,672,0.7524233909005459,1.1039012181247678,1.1447640257957605,-0.6029586522610102,0.8949468888447363,0.3624129828620704,0.6273073468551187,0.323882246054319,0.62151715623024,0.9506030187102964,112.57766666666667,0,0.010666666666666666,11.6385,0.6116666666666667,0.9773333333333334
17696,Kevin Newman,KCR,2B/SS,2B,14,-1.0312157419254055,-1.3632299502199292,-1.3061139105705921,-0.74595247048561375,-1.0829400664314093,-1.2965564812630839,-1.12976666976084,-1.2605242407066346,-1.1304648245771904,-0.9928822593987889,454.92333333333335,0,0,77.07166666666667,0,0
17901,Andrew Benintendi,CHW,OF,OF,525,-0.054201017051433445,0.3599605400476269,0.3235134583495206,-0.44081660293269126,-0.038548989148182736,-0.24775404942222917,-0.0022208668770249494,-0.2354166114415526,-0.008708886092318749,0.2570140887367746,227.46983333333333,0,0,81.00033333333333,0,0
17907,Brendan Rodgers,BOS,2B,2B,21,-1.0226944175767176,-1.3429718079367303,-1.2835490276940313,-0.7502629599093606,-0.8388230751023662,-0.9800219046544362,-1.0297363124719112,-1.1861457774107944,-1.0319744174983656,-0.8673158683066832,437.9678333333333,0,0,72.23433333333334,0,0
17919,Ian Happ,CHC,OF,OF,658,0.8531524566067716,1.1677292625716942,1.07076790157017,0.10217461925537041,0.5794645460887353,0.37125276168073285,0.7095933367409607,0.37338392593148134,0.702182880058648,1.0736436401616807,100.68166666666667,8.333333333333334e-4,0.042333333333333334,37.01616666666666,0.009,0.0745
17929,Cedric Mullins,TBR,OF,OF,476,0.42200556548027257,0.53379829272443,0.3966334739031647,1.728322434669153,-0.09487594913517552,0.2727261501958368,0.5588316092703628,0.20804146765981815,0.5471242627956211,0.9414960430079391,124.46266666666666,0,0.014333333333333333,45.721,0.0036666666666666666,0.025833333333333333
17982,Ty France,SDP,1B,1B,49,-0.9624824992780676,-1.2536755695893649,-1.1873826595100168,-0.7497865599270146,0.12020118105399462,-0.41985204507802504,-0.7362832454398287,-0.8806517597521496,-0.7364717454712799,-0.5921507233905575,376.83383333333336,0,0,45.9715,0,0
17988,Tyler Stephenson,CIN,C,C,450,0.23674202864053995,0.18170242352948035,0.3718956039382817,-0.6546994990152013,0.5358154469382885,0.34979691210164954,0.17958252639991149,-0.11983612307328725,0.17619738071087332,0.4857888268464906,192.54683333333332,0,0,18.3055,0.117,0.6835
18015,Paul DeJong,NYY,SS,SS,42,-0.9447308342464751,-1.2708844304925235,-1.2062296211227785,-0.7418120070728755,-1.294629011043174,-0.6300135173734649,-1.0031678691870602,-1.132234313790981,-1.0056952730029673,-0.8692232974576192,433.297,0,0,37.462,0,0
18030,Harrison Bader,SFG,OF,OF,532,0.10682257354591312,0.6996931464024416,0.4783384064667198,0.911192312210146,0.23900102477360083,0.15138075643420468,0.44849150165859136,0.13494032509264842,0.4394745505416149,0.7971024088596911,142.955,0,0.0026666666666666666,52.38366666666667,6.666666666666666e-4,0.0055
18036,Jake Cronenworth,SDP,1B/2B,1B,630,0.19831731894708304,0.7618232377838562,0.6605944267074626,-0.40323443171234397,0.13620571623173544,-0.3422517277301925,0.18413962870719275,-0.10253101854780415,0.17698026559021657,0.4956005850539678,191.70733333333334,0,0,26.501666666666665,5e-4,0.09466666666666666
18042,Dylan Moore,PHI,2B/OF,2B,42,-0.9365736618132376,-1.2384221303271121,-1.2049299007430807,-0.5136664592535897,-0.42384186397740964,-0.29567024018554144,-0.7587182477415422,-0.9194281369229289,-0.7593068520498156,-0.5926317173413911,381.624,0,0,57.099333333333334,0,0
18054,Sam Haggerty,TEX,OF,OF,259,-0.7092520965293485,-0.3832532394752538,-0.652912703581012,1.0034107265348153,0.5752459468404771,-0.4824980566425852,-0.08168504384156931,-0.4234231101965897,-0.09346408445901297,0.29706188292912966,242.65283333333332,0,0,86.08966666666667,0,0
18067,Garrett Stubbs,PHI,C,C,19,-1.0328649834841483,-1.3569198430525162,-1.3068005335748047,-0.7439219058421969,-1.7833059688478685,-2.233330220005394,-1.4003545479186037,-1.568652446360293,-1.4034830474363131,-1.2269638565333711,476.14433333333335,0,0,70.58066666666667,0,0
18123,Nathan Lukes,TOR,OF,OF,294,-0.33486526726784005,-0.2988802657827393,-0.24963597310806898,-0.5731921237332673,0.4856164295563497,0.4146121434397384,-0.07635622933272215,-0.38457185838765373,-0.07704903837962696,0.2409417977959638,241.63083333333333,0,0,85.71983333333333,0,0
18314,Dansby Swanson,CHC,SS,SS,686,0.9685037841036527,1.3394000971152384,1.246078829370909,1.1779063856109016,0.2945354469538428,0.5114360626437442,0.9424920077155137,0.5676208199921846,0.9314044277408005,1.351852737647707,70.55183333333333,0.013166666666666667,0.25266666666666665,12.8975,0.43016666666666664,0.9881666666666666
18345,Kyle Tucker,LAD,OF,OF,651,1.3447764192654292,1.5290957963959722,1.4602550043420965,1.8592705683856234,1.112715687773676,1.2861823977722375,1.454483602946059,1.008054791113413,1.4443382083495275,1.9291811590737302,27.438,0.41533333333333333,0.901,9.824666666666667,0.7378333333333333,0.9406666666666667
18360,Austin Riley,ATL,3B,3B,672,1.505671855641375,1.2757071384763932,1.5045533438377412,-0.4662515092600629,0.7430590857397927,1.0507114449911548,0.9557866973421859,0.5919965347656887,0.9482708797181902,1.341713442773694,68.73283333333333,0.014666666666666666,0.25866666666666666,6.231833333333333,0.9623333333333334,0.9996666666666667
18363,Victor Robles,SEA,OF,OF,350,-0.6220249036600459,-0.04220659631110762,-0.417677867935298,1.895984020498581,0.5478498081290952,-0.42406429562060177,0.17721669927682485,-0.14671182306728658,0.1687781331590994,0.5320563446580248,193.08183333333332,0,0,69.47333333333333,0,3.333333333333333e-4
18373,Ryan Mountcastle,BAL,1B,1B,154,-0.7312265201905008,-0.9130274452406064,-0.8325396678982078,-0.6587775676852672,-0.3854144508339295,-0.29351312763980963,-0.6273424117310827,-0.8019054470071985,-0.6297128051489266,-0.44172760887754914,352.80566666666664,0,0,43.6865,0,0
18401,Ronald Acuña Jr.,ATL,OF,OF,651,1.0108606937808775,1.8515887540787994,1.0498367361618457,3.2674416194327716,1.913323888125971,1.1865620942579787,1.734242489353591,1.2618960233504302,1.7178135812559718,2.248932757667692,15.075333333333333,0.7705,0.987,5.5201666666666664,0.9463333333333334,0.9938333333333333
18564,Trent Grisham,NYY,OF,OF,560,1.0298465837626274,0.7669592605207372,0.7188290996164046,-0.18057240186046195,-0.014720438481088505,0.19917904996223795,0.43800893573626104,0.10938656280922249,0.43060516012733496,0.7867972509325928,144.88866666666667,0,0.002,53.03516666666667,6.666666666666666e-4,0.004333333333333333
18568,Luis Arraez,SFG,1B/2B,1B,623,-0.5918327742762504,0.7717228749098612,0.12159692464612822,0.0793871912771872,1.2646878247964906,-0.5659468570411084,0.19682801717169923,-0.06487726762862747,0.18737919189976285,0.481858174299111,189.254,0,0,26.222,3.333333333333333e-4,0.09083333333333334
18577,Ke'Bryan Hayes,CIN,3B,3B,532,-0.34111452093151595,0.26261803826360985,0.022625974330986516,0.2998310244948016,-0.6882675901015629,-0.9819668262908979,-0.22289629825397764,-0.5070279834878156,-0.22947322147889626,0.07938806419159564,269.80833333333334,0,0,34.9115,0,0.007333333333333333
18795,Ramón Urías,STL,3B,3B,329,-0.3687455546472391,-0.33504869830830153,-0.24481285832354377,-0.6079042034447834,-0.12676824778785614,-0.2570380942022181,-0.30631243819904064,-0.5461079750564353,-0.31033342831684096,-0.05620754036930759,285.97133333333335,0,0,37.346833333333336,0,5e-4
18819,Andy Ibáñez,ATH,2B/3B,2B,231,-0.5961105269624503,-0.643185489820085,-0.5946809246045588,-0.5542615795498722,-0.33288803041892123,-0.3562966261653162,-0.5005268695095982,-0.7273524015772883,-0.5041700164558647,-0.26273847989676496,325.5821666666667,0,0,45.025166666666664,0,0
18839,Josh Naylor,SEA,1B,1B,623,1.4385201454324503,1.3701671863653733,1.7851009335619352,1.4368580819997743,1.1091632115818764,1.713806586481382,1.4985795881405939,1.0556051899013705,1.49224599120293,1.9742432279284774,24.920833333333334,0.47833333333333333,0.9288333333333333,4.082166666666667,0.9925,1
18848,Yohel Pozo,STL,C/DH,C,173,-0.6702507686058952,-0.8564290342927072,-0.7659636981995798,-0.7317789718601436,-0.6384636363170494,-0.3742410111260173,-0.6544841873969982,-0.9300878361586881,-0.6604725491404055,-0.3530331248436487,358.89216666666664,0,0,46.42916666666667,0,0
18872,Jahmai Jones,DET,2B/DH/OF,2B,126,-0.44094432719777243,-0.8085016719074647,-0.7048562792646242,-0.627385485491017,1.840363124677848,2.1654816437512316,0.2552742366381739,-0.11093900673996585,0.24593836587927198,0.6540263391213841,178.60133333333334,0,1.6666666666666666e-4,21.42,0.09316666666666666,0.4505
18882,Brandon Lowe,PIT,2B,2B,546,1.1368524740642934,0.7832036295602043,0.9518966235527996,-0.3601291498984792,0.30862047506862966,0.795643158445067,0.6195916161069545,0.2969821692225006,0.6114162042912445,0.9728256254425498,114.18516666666666,0,0.014833333333333334,11.892,0.5973333333333334,0.9561666666666667
18900,Leody Taveras,BAL,OF,OF,77,-0.8943385333247951,-1.139409908136697,-1.1087981219709833,-0.5284705308624287,-0.8524424146636532,-0.46111269823087114,-0.8232173656710112,-0.9916360444327965,-0.8252695870110399,-0.6459448076636664,395.5788333333333,0,0,134.1125,0,0
19197,Will Smith,LAD,C,C,500,0.5113664222856016,0.5337313309841138,0.6755348294596204,-0.6080204257192701,1.1991367362701673,0.7895589133564036,0.5346697279773241,0.24791018525315106,0.5286794257704301,0.844656073002827,127.56116666666667,0,0.0035,10.227,0.7671666666666667,0.9956666666666667
19238,Lourdes Gurriel Jr.,ARI,OF,OF,469,0.11172538646244319,0.23624805765382267,0.4563333533269154,-0.24137906667430692,-0.1348577585749141,0.26357174867161015,0.1300953598639465,-0.1276245725136984,0.12419166244970922,0.4066008364334074,202.0815,0,0,72.5505,0,0
19251,Pete Alonso,BAL,1B,1B,679,2.184201535010562,1.2828543991313115,1.933164885622401,-0.50740583328808,0.6321131133823042,1.164029094845429,1.1335223470402302,0.7536525386200457,1.1262280483303813,1.531017229915719,50.37766666666667,0.0615,0.5483333333333333,8.351666666666667,0.8848333333333334,0.9991666666666666
19252,Cavan Biggio,HOU,2B,2B,7,-1.0327180710805224,-1.3798117503094587,-1.3214757241300847,-0.7503909259659673,-0.2262813740956121,-1.012978877073035,-0.9500070640621957,-1.0946165376949146,-0.9499475531918649,-0.8058152218828647,422.5586666666667,0,0,67.89483333333334,0,0
19260,Jake Fraley,TBR,OF,OF,406,-0.278616568774661,0.18893660785226063,0.004336715322481187,0.6872820934814103,0.4176356361339265,0.02411044428391472,0.19286996240506976,-0.12946485640439587,0.1837704924545187,0.5342215461607716,190.17633333333333,0,0,68.55183333333333,0,1.6666666666666666e-4
19262,Garrett Hampson,CIN,2B/OF,2B,21,-1.025629259048972,-1.3350167259817205,-1.290056977985741,-0.7346861995229844,-0.5004895967387288,-1.004240927772286,-0.9681756842629947,-1.1172950130501422,-0.9700368061152391,-0.8156528889262169,426.172,0,0,68.907,0,0
19287,Adolis García,PHI,OF,OF,609,1.1240425072169806,0.8053823057318789,1.0967414614256523,0.22776712971335827,-0.7709542767052053,0.1798405824662014,0.4645773090375679,0.10831326477496571,0.45527870307607227,0.8480045443042807,140.6785,1.6666666666666666e-4,0.005833333333333334,51.540333333333336,0.001,0.012166666666666666
19290,Randy Arozarena,SEA,OF,OF,679,0.8529438187422449,1.269660967567912,0.96274474323979,1.5812427423184165,0.15647049095693835,0.05243776401796287,0.8335810029373113,0.43620967812821665,0.820719606792691,1.2895218421419006,84.81783333333334,0.008166666666666666,0.15433333333333332,31.045166666666667,0.058666666666666666,0.21783333333333332
19296,Alex Call,LAD,OF,OF,140,-0.78201669805069,-0.8247102743680017,-0.8772369991784494,-0.5575885919883456,1.5176604328270886,0.4032803829887268,-0.17412723542066874,-0.4209258510130061,-0.1783064339968235,0.08980686572098927,260.2785,0,0,92.00466666666667,0,0
19318,Matt Thaiss,BOS,C,C,6,-1.0333210239417765,-1.3856844988853403,-1.3228798278152614,-0.7509465908547899,-0.5226831377246663,-1.0659461230651899,-1.008425413893283,-1.153868995650236,-1.0112567764731852,-0.8569464169949459,434.1478333333333,0,0,61.2255,0,0
19326,Bryan Reynolds,PIT,OF,OF,644,0.5828816412193947,0.9822175621244074,0.9598553551319504,-0.10148861499013098,0.42505519448365725,0.2917806902191885,0.539727923860467,0.2249468924212857,0.5341915436219257,0.8779910331498004,127.0335,0,0.003833333333333333,46.76616666666666,5e-4,0.0105
19339,Nicky Lopez,COL,2B/SS,2B,7,-1.0355680447987994,-1.382183437445007,-1.3260152052524203,-0.7476902862413943,-0.2887189747018114,-1.6341490118201514,-1.0636377468202411,-1.1965251931921657,-1.0645854222174274,-0.9256367246570159,444.404,0,0,74.07516666666666,0,0
19346,Eli White,ATL,OF,OF,63,-0.8641230039166463,-1.1358638597425912,-1.0991356593024966,-0.5091781199914576,0.28353557327906037,0.577227527174666,-0.44561267548172273,-0.6862126119470496,-0.4501889815269643,-0.19608285757207264,314.14666666666665,0,0,109.5375,0,0
19352,Sean Murphy,ATL,C,C,348,-0.10084948534216048,-0.30661012027486934,-0.11019756978813416,-0.7405989865403191,-0.17006876207910587,-0.22466162620658126,-0.26138979439832044,-0.5002632259568338,-0.267389469862348,-0.007209299453612377,277.19016666666664,0,0,31.791,1.6666666666666666e-4,0.013666666666666667
19354,Luke Raley,SEA,1B/OF,1B,280,-0.41234813276231713,-0.4473582972472556,-0.481222290833052,-0.2843196110664797,-0.46033297751965185,-0.5257218258950045,-0.41703197067403813,-0.7007748480914117,-0.4238152080958865,-0.11272234636578203,308.5523333333333,0,0,39.14233333333333,0,0
19363,Austin Hays,CHW,OF,OF,483,0.2624216294031468,0.4872348462248446,0.47382635838074183,-0.23288016124618938,0.39870897931993954,0.5488187752676491,0.3428906631460758,0.03490862069674289,0.3340725956754227,0.6812457267915666,161.99383333333333,0,3.333333333333333e-4,58.965333333333334,1.6666666666666666e-4,6.666666666666666e-4
19392,Zach McKinstry,DET,3B/OF,3B,469,-0.2039758364855793,0.3596013467067082,0.06110148577785742,1.20493733597015,-0.11680310314520619,-0.3028858948197609,0.19054768113064874,-0.1526332335025082,0.18175766265682763,0.561093237601815,190.60833333333332,0,0,22.630666666666666,0.04816666666666667,0.365
19452,Jake Rogers,DET,C,C,179,-0.36600645646570984,-0.7769183814680187,-0.6069672232581005,-0.7339941575151752,-0.3262487217575302,0.31448767870617733,-0.3998061911703498,-0.611266861192763,-0.4043838436996555,-0.1739381587371058,304.48566666666665,0,0,36.66116666666667,0,5e-4
19455,Andruw Monasterio,BOS,2B/3B,2B,49,-0.9420192011882226,-1.214089628547781,-1.1740941405131005,-0.6513738703931105,0.5953217944279512,0.22310167774309853,-0.5178409765560592,-0.7725022335251551,-0.520423718089991,-0.25040801738865887,329.3781666666667,0,0,45.842666666666666,0,0
19470,Tommy Edman,LAD,2B,2B,504,-0.07986101607693898,0.47723620090174257,0.16418224544901477,0.510752402691113,-0.21504101684669058,-0.3262161058257135,0.10717289923122716,-0.19127980838472722,0.0995876043347668,0.4327051705890146,206.439,0,0,25.666,0.012,0.17516666666666666
19522,TJ Friedl,CIN,OF,OF,623,0.061954126937081036,0.9224074296062085,0.5600485757693711,0.5312670849174175,0.23678070667128143,-0.2122366569853598,0.36784705452182365,0.019140320617802353,0.3555384076623066,0.7525381488407946,157.8025,0,0.001,57.4625,0,0.0033333333333333335
19556,Yordan Alvarez,HOU,DH/OF,DH,560,1.3296520471452749,0.9306327962587404,1.1563753512704507,-0.4733548615317591,1.4957307760883807,1.3682822077510925,0.9851664160192737,0.6393425917098868,0.9797374028500687,1.3584926938272754,65.09366666666666,0.010833333333333334,0.2945,5.5216666666666665,1,1
19566,Nathaniel Lowe,CIN,1B,1B,112,-0.8104919541442934,-1.017579335279955,-0.9493910282186742,-0.7437069987200091,0.5205962114005439,0.03922325571204227,-0.48260543885812757,-0.6407212054865223,-0.4865620136130875,-0.317925185290227,321.2853333333333,0,0,40.473,0,0
19599,Chas McCormick,CHC,OF,OF,84,-0.9220397920525918,-1.1406748827004174,-1.1246889037190613,-0.525575457284686,-1.2982125185234192,-1.1733182705691694,-1.0198149255788855,-1.195524176236239,-1.0209195365337298,-0.8399743904778524,435.7416666666667,0,0,144.73583333333335,0,0
19608,Otto Lopez,MIA,2B/SS,2B,609,0.12715302655155886,0.8880582352189959,0.6505974599086973,1.1071479464080105,0.19451206544191618,0.06664078359648802,0.528156861534833,0.08877149139400449,0.5183052766650749,1.016462180099952,131.1545,6.666666666666666e-4,0.027666666666666666,14.444666666666667,0.43383333333333335,0.812
19610,Keibert Ruiz,WSN,C,C,320,-0.5720201973414645,-0.4753739797957488,-0.386190552372221,-0.6281378935941182,-0.7653962032917174,-0.7134993418373887,-0.5768038677277599,-0.815769923586458,-0.5809162867173672,-0.32907569268914477,341.87533333333334,0,0,43.3615,0,0
19611,Vladimir Guerrero Jr.,TOR,1B,1B,679,1.3714971332049886,1.5319160121875393,1.6757556160548734,-0.23706018821613692,1.7503392867173464,1.539584317044911,1.2902385979221307,0.9261400705351895,1.2823280405311488,1.6845783199203392,37.00233333333333,0.174,0.79,6.213666666666667,0.9753333333333334,1
19612,Bo Bichette,NYM,SS,SS,658,0.3823446785477653,0.9835282467645226,0.9796998649270312,-0.1803714917727985,0.32668466162114296,0.35313335802163814,0.49004662094529755,0.17974828146002014,0.4827274759979249,0.8214612685759217,135.56266666666667,0,0.002,19.688333333333333,0.009833333333333333,0.6105
19627,Brent Rooker,ATH,DH/OF,DH,665,2.3723453780811687,1.5784096220418404,2.0865766411126745,-0.12360889070249649,1.3845118884603296,1.9908695747443763,1.5722041024559863,1.1063914280555804,1.5651533870184273,2.0784510312429845,21.489833333333333,0.5791666666666667,0.952,2.8783333333333334,1,1
19709,Fernando Tatis Jr.,SDP,SS/OF,SS,672,0.9426270520261353,1.455349017205269,1.010583791161543,1.7046739797443682,0.6911931934646625,0.5158101340705241,1.0698597132241645,0.6601016861101682,1.0579536095505024,1.5100007954534225,57.19433333333333,0.0505,0.44516666666666665,10.9185,0.6355,0.9955
19722,Carlos Narváez,BOS,C,C,423,0.1415365387646226,0.0684108533291993,0.25299327813346606,-0.6210367380850844,0.15665941499527708,0.24947688413941876,0.06588442354160488,-0.3156582781146964,0.056717280461534555,0.4789672620717254,214.40233333333333,0,1.6666666666666666e-4,21.731666666666666,0.08183333333333333,0.439
19734,Josh Rojas,KCR,2B/3B,2B,14,-1.0290409671515977,-1.35892967045677,-1.3046642539924362,-0.743217243909404,-0.845467190542478,-1.2334568111636932,-1.075983242935613,-1.2091045891817456,-1.0782349527186663,-0.9381500338146869,446.57466666666664,0,0,74.6835,0,0
19755,Shohei Ohtani,LAD,DH,DH,679,3.7672921142227747,2.313542505852742,2.368074356473949,2.3190918589163196,2.0781662319843948,2.822857443211147,2.634378055739186,2.074837449565367,2.623983675388115,3.2284939703495588,2.3135,0.9998333333333334,1,1.0258333333333334,1,1
19779,Dairon Blanco,KCR,OF,OF,56,-0.9363030469685907,-1.150752001382307,-1.157567551967727,0.468771194234734,0.5508656598120503,0.23478563472960978,-0.31406452724570894,-0.5930731262966568,-0.32032946850462723,-0.020191488570506778,287.6855,0,0,101.01133333333334,0,0
19858,Luis Rengifo,MIL,2B/3B,2B,434,-0.24737538684107685,0.2664186056629644,0.0857557937927548,0.6742369012707095,0.5591877035860939,0.16855713792057805,0.268441070078877,-0.02530720360018177,0.2621006503205263,0.5857150029570651,175.7385,0,1.6666666666666666e-4,20.9245,0.0605,0.4696666666666667
19864,Riley Adams,WSN,C,C,61,-0.934096125186919,-1.2283661498598253,-1.162943858533056,-0.747618662419612,-0.8735967656478814,-0.8715679403065445,-0.9612109161211767,-1.1447096467863673,-0.9624038491993194,-0.7769667470710289,424.3915,0,0,59.03783333333333,0,0
19892,Pavin Smith,ARI,1B/OF,1B,455,0.5477427844648306,0.38915460095948307,0.5866703989384803,-0.5118955529000465,0.9689880506408844,0.932276767297442,0.5046251281715898,0.1505913194404616,0.5003867321457891,0.8749760135137703,133.54083333333332,0,0.004666666666666667,19.2205,0.057,0.632
19896,Connor Wong,BOS,C,C,211,-0.8216431894376147,-0.8030970943783515,-0.8615207133597775,-0.4973908938969772,-1.2228804485312383,-1.4490664789839935,-0.9273517921956691,-1.1528099482515741,-0.9307299077434413,-0.6861359434452786,416.93266666666665,0,0,57.55983333333333,0,0
19901,Gavin Sheets,SDP,DH/OF,DH,497,0.0772301198476627,0.07448985312724082,0.3839939223135236,-0.6400238670514767,-0.631629296647469,-0.3179675526948783,-0.16060943479931894,-0.432908079243753,-0.16613907902469877,0.12851720104339986,257.72566666666665,0,0,13.1765,0.19033333333333333,1
19913,Jesús Sánchez,TOR,OF,OF,420,-0.019260337822154645,0.13855522223076577,0.06437105166886165,0.4030398334601212,-0.2394634441289727,-0.016307791257595492,0.07412036004533971,-0.22661773301551627,0.06680769012121443,0.40145594871107515,212.76183333333333,0,0,76.08066666666667,0,0
19918,Daulton Varsho,TOR,OF,OF,595,1.6647664973688043,1.1478270129259354,1.310950545586327,0.181169691442503,0.13735165898862123,1.0413992078825667,0.9399140572303087,0.5216727316318888,0.9283200062504775,1.392999836861841,71.61083333333333,0.021833333333333333,0.2688333333333333,26.065833333333334,0.10883333333333334,0.3571666666666667
19921,Blake Perkins,MIL,OF,OF,217,-0.6777462793728224,-0.5901763713571613,-0.7250945500038257,0.17065147922993368,-0.013339992841402176,-0.4626785535944673,-0.36213146489037856,-0.6579756219550784,-0.36779827742680926,-0.036593096074997354,297.5581666666667,0,0,104.17883333333333,0,0
19950,Andrés Giménez,TOR,2B,2B,595,-0.28972930797885577,0.5603936950090223,0.2016759915408652,1.0878743762171996,-0.5995017798368871,-0.8859593559843411,0.032419530264918714,-0.2847478147107858,0.024370013427240156,0.36538539108407625,220.7795,0,0,27.927833333333332,0.008,0.107
19953,Josh Lowe,LAA,OF,OF,497,0.03920844353834139,0.46503788820762737,0.23907430506446747,1.7113506166186243,-0.37023853764016945,-0.17190842159488645,0.3401676736621233,-0.0504602788344882,0.3316285224759786,0.7576472306464915,163.08766666666668,0,0.0023333333333333335,59.263333333333335,6.666666666666666e-4,0.004166666666666667
19955,Gavin Lux,TBR,2B,2B,455,-0.3028863255996298,0.22003872954941417,0.028806599303388244,-0.4313507499386424,0.6551897058793988,-0.14604294258198058,0.018769427591612094,-0.255222300703701,0.015454113437240237,0.3055656789994716,223.462,0,0,28.361333333333334,0.0018333333333333333,0.06616666666666667
19956,Mickey Moniak,COL,OF,OF,490,1.4117901492054061,0.8231014631675653,1.1811522580222684,0.16111013713354197,0.6805826592135145,1.9968463420159779,1.0655046711003537,0.6091255777804805,1.0551682565992588,1.55139177797387,58.54366666666667,0.06633333333333333,0.4435,21.1805,0.23283333333333334,0.5391666666666667
19960,Taylor Trammell,HOU,OF,OF,14,-1.0186667986245483,-1.3540352955574122,-1.2968055039894606,-0.7441757436892238,-0.7552571211161465,-0.49734217254129276,-0.9319618357058245,-1.1439129122508844,-0.9363360160142262,-0.706832452553499,418.1381666666667,0,0,140.188,0,0
19997,Santiago Espinal,LAD,2B/3B,2B,21,-1.0270996769770089,-1.3440668856829108,-1.2917841505710979,-0.7453829086095647,-0.8054838131188825,-1.3058963006147153,-1.0784183135982857,-1.228228436592353,-1.0793784100715516,-0.9212205087054531,446.6263333333333,0,0,74.70466666666667,0,0
20017,Miles Mastrobuoni,SEA,3B,3B,14,-1.0312644700900728,-1.3574246601955466,-1.3084752401698716,-0.7370881678141141,-0.4935851443148497,-1.3469268709144262,-1.033234684376837,-1.2324983858397391,-1.0363861768477693,-0.8235300954648218,437.58816666666667,0,0,54.735166666666665,0,0
20036,Isaac Paredes,HOU,3B,3B,476,0.8180167029753855,0.5125678627702934,0.8063992703511711,-0.638454388278481,0.9601308663886353,1.1514418775859527,0.6161120824467796,0.29324442713080195,0.6071974808539764,0.966583309474011,114.83,1.6666666666666666e-4,0.013,11.9595,0.576,0.964
20043,Luis Robert Jr.,NYM,OF,OF,567,0.42534741358368766,0.7623343260438706,0.5216533250987757,2.919092755490664,-0.6549024921438167,-0.13130876402560243,0.6621858378996931,0.22520555871210282,0.6494793636627243,1.1392092702938847,109.63283333333334,0.0031666666666666666,0.06566666666666666,40.2365,0.020333333333333332,0.09333333333333334
20123,Juan Soto,NYM,OF,OF,686,1.9573066811697573,2.036225427320372,1.5376743826977606,1.3421071101059432,2.3954037868034286,1.5894737057224408,1.829962911661187,1.3893918131510126,1.8159990653413864,2.303429812697841,11.712833333333334,0.8805,0.9986666666666667,4.351,0.983,0.9991666666666666
20126,Dylan Carlson,CHC,OF,OF,21,-1.0232565806238147,-1.340746329150741,-1.2892368053824725,-0.7459716782761515,-1.1444057674682038,-1.231170935154862,-1.1195902681927723,-1.2622607815525144,-1.1215180656785932,-0.968923690409165,453.13966666666664,0,0,148.71566666666666,0,0
20178,Miguel Vargas,CHW,3B,3B,602,0.8146442036067887,0.9666814912969616,0.8318128648677452,-0.059057844505338075,0.10746148010169221,0.19623581808771945,0.4972014106077125,0.08487110978032272,0.4895774188777938,0.9490714058183143,135.84416666666667,1.6666666666666666e-4,0.018333333333333333,14.911666666666667,0.3785,0.818
20202,Brandon Marsh,PHI,OF,OF,497,0.4931180521572598,0.7250202845093103,0.6281241510910522,0.41954967543516647,1.0784902390684046,1.0235009162389397,0.7474307691124497,0.3878221940753892,0.7354524309935182,1.1376572668641627,95.59466666666667,0.0011666666666666668,0.07016666666666667,35.06433333333333,0.017,0.1135
20220,Jo Adell,LAA,OF,OF,602,2.353465792838601,1.1662389478577257,1.7402421869561682,0.31087416127168555,0.15887287416199988,1.6013786893331126,1.2458254273492435,0.8019510971883441,1.234038301967166,1.7190495712800877,41.8875,0.17166666666666666,0.6945,15.018333333333333,0.4483333333333333,0.7778333333333334
20287,Ben Rortvedt,NYM,C,C,13,-1.0333210239417765,-1.374839876632907,-1.3167435237341731,-0.7510065382730244,-2.235770011598942,-2.3063249995652186,-1.4954801817035428,-1.6779043671084577,-1.500210951010315,-1.3049012738465613,478.83916666666664,0,0,71.805,0,0
20308,Jake Meyers,HOU,OF,OF,490,-0.21648681624090468,0.36053580007855923,0.1245699145260552,0.725243116604344,-0.0839793209663097,-0.32453884127909294,0.11805583257689925,-0.2093100177470189,0.10902577867097574,0.4763830129298812,204.39566666666667,0,0,73.29483333333333,0,0
20321,Stuart Fairchild,CLE,OF,OF,14,-1.023062330962213,-1.350724830702971,-1.29581940275228,-0.7340967129638466,-0.30631211623810295,-0.3338621429526223,-0.8254238057445279,-1.0409598840904164,-0.8285670933100255,-0.6009760899933796,395.8881666666667,0,0,134.085,0,0
20352,Ernie Clement,TOR,3B,3B,644,0.12836828007065848,1.1113443452325384,0.8392711638957908,0.27342326270622175,0.6681194564424586,0.2670699265478982,0.5711759361396405,0.20881515971898865,0.5618765920112349,0.9723066779994293,122.59916666666666,1.6666666666666666e-4,0.01633333333333333,13.023833333333334,0.4856666666666667,0.9185
20391,Luis García Jr.,WSN,2B,2B,525,0.44593949253257403,0.7002805230899802,0.7129977452452203,0.8984939887130705,0.15332728282163688,0.7124498636459684,0.6246577980665652,0.2736879175299248,0.6175164030021507,1.0129429942109707,114.04933333333334,5e-4,0.0265,11.919333333333332,0.5888333333333333,0.943
20437,Royce Lewis,MIN,3B,3B,567,0.2892915950025333,0.4701277593687152,0.5058933413639487,0.1673827079277948,-1.0103839674669102,-0.45915131997884745,0.017873408505938704,-0.3521740647531899,0.007051146222424744,0.4304102018632743,223.66366666666667,0,3.333333333333333e-4,27.7135,0.016666666666666666,0.15166666666666667
20454,Jazz Chisholm Jr.,NYY,2B/OF,2B,609,1.3195934781588854,1.320933521053898,1.2297261503084247,2.724748181956106,0.4148460849035457,1.0769204575796631,1.3761777359814584,0.9007250961340423,1.3667833567089347,1.896682628657038,33.0235,0.315,0.8136666666666666,2.949333333333333,0.9983333333333333,1
20503,William Contreras,MIL,C,C,610,0.627948203948042,1.0977780680080371,1.0095787479243636,-0.11175296390484822,1.3550936285834438,0.8324050743113278,0.8231576409684007,0.46831516093219033,0.812031416530606,1.2072129461280479,84.961,0.0028333333333333335,0.11866666666666667,6.178333333333334,0.9783333333333334,0.9996666666666667
20529,Nolan Jones,CLE,OF,OF,112,-0.9072530611444353,-1.0774102467916897,-1.0897687250747803,-0.5272460081417562,-1.3288024610485036,-1.4720582285359591,-1.056541944257823,-1.255218197636184,-1.0598309473694756,-0.8506672339179326,441.6515,0,0,146.07,0,0
20536,Vidal Bruján,NYM,2B/OF,2B,28,-1.0208794033105408,-1.3121170619626263,-1.2720534259852079,-0.7313703972284136,-0.608858635068463,-1.006672403403143,-0.9765050728469109,-1.1963495375142779,-0.9809592306472648,-0.7412937282643903,426.68916666666667,0,0,69.15966666666667,0,0
20538,Jose Miranda,SDP,1B/3B,1B,14,-1.021711124108978,-1.358532445584843,-1.2914674709543106,-0.7508172756373805,-0.2138039883271971,-0.05397279815824561,-0.771812986856921,-0.9782162053518568,-0.7754768678334396,-0.554201888076274,384.37466666666666,0,0,46.58283333333333,0,0
20572,Kody Clemens,MIN,1B,1B,231,0.08937379410092527,-0.4967006271364627,-0.22526210141971503,-0.6163656168804592,-0.10385961166675459,1.0441276025260247,-0.03246269255518673,-0.33255897173274573,-0.03988964667635031,0.28997881657783214,233.20533333333333,0,0,31.387,0,0.01
20599,Iván Herrera,STL,C/DH,C,601,0.7834905108267286,1.206298609809717,1.1383547483881256,0.11108998846877573,1.6270362950590125,1.3075322098203825,1.0579060745325017,0.5624841796330534,1.0414203479659094,1.6061235502618392,60.49366666666667,0.085,0.431,4.3705,0.9873333333333333,0.9995
21009,Leo Rivas,SEA,2B/SS,2B,161,-0.8164056272985708,-0.7748521787471281,-0.9053171187958362,-0.0047712274228504875,0.6880814764016396,-0.3664652538672438,-0.3407987634081969,-0.6706637179300816,-0.34812675423290684,0.008215031457667157,293.484,0,0,39.5875,0,0.0025
21454,Lars Nootbaar,STL,OF,OF,539,0.2025680904504893,0.6102088458211009,0.33463739283708327,-0.07779127435677845,0.31056069223591537,-0.12655436026810085,0.22742203525010193,-0.08381280756172113,0.2190246006469087,0.5638515230830251,183.57133333333334,0,0,66.29366666666667,0,0
21479,Nico Hoerner,CHC,2B/SS,2B,665,-0.12812587642621037,1.34356088986984,0.6446995857273712,2.45205395196027,1.2651344400241524,0.141470447374785,0.9766721213827436,0.5649788660463164,0.9637427461811846,1.4270321780508357,67.2615,0.027166666666666665,0.30983333333333335,6.215166666666667,0.9481666666666667,0.999
21496,Brandon Lockridge,MIL,OF,OF,42,-1.013876327423615,-1.2681225339026416,-1.247883293014052,-0.5235915102902604,-0.7454646533902586,-1.295469439378946,-1.0027734548761522,-1.2337141945436405,-1.007748220827566,-0.7581605447769181,431.3295,0,0,143.4795,0,0
21501,Trevor Larnach,MIN,DH/OF,DH,427,0.26373428975492175,0.24060760350859609,0.3356321857462493,-0.48442466108800486,0.7910960879785687,0.6710746184336885,0.3207463567912068,0.029926561610283484,0.31774180356927206,0.6306159673662403,165.84816666666666,0,1.6666666666666666e-4,9.983666666666666,0.9841666666666666,1
21523,Jonathan India,KCR,2B,2B,553,-0.06972465374107728,0.5749147009690605,0.18867890347896146,-0.20836386225460984,0.133023156772055,-0.5528284132019841,0.029185791682895156,-0.24730763917391485,0.025756580656211003,0.32261925989236795,221.37066666666666,0,0,28.008,0.003,0.08266666666666667
21524,Joey Bart,PIT,C,C,301,-0.3296142189976875,-0.3405046353309144,-0.2315915799627402,-0.6590871012388542,0.7127945990364581,0.3553451130357205,-0.07049522246653864,-0.31895241982465106,-0.07785169519165894,0.1922189990992922,240.56483333333333,0,0,25.530666666666665,0.003833333333333333,0.14866666666666667
21534,Cal Raleigh,SEA,C,C,637,4.3269909227075525,1.7201065884638977,2.6127235599442606,0.0724189712839381,1.2242627671486244,2.7335029051934536,2.1365731940981085,1.5781464799984455,2.123436222981929,2.7274618353598634,6.462666666666666,0.9708333333333333,0.9996666666666667,1.0541666666666667,1,1
21538,Nick Fortes,TBR,C,C,314,-0.6386617790291156,-0.5023156286864565,-0.5368753264168202,-0.599899620725479,-1.0473585400647492,-1.1750783183341602,-0.7345020160849588,-0.9694083829012332,-0.7402343941004625,-0.48547141996670945,376.2341666666667,0,0,49.486666666666665,0,0
21558,Matt Vierling,DET,OF,OF,224,-0.5968859762976642,-0.5959942474088409,-0.6492623267708092,-0.49687855459525976,0.13590115008913575,-0.16755302254963944,-0.37954236633170574,-0.629703532099859,-0.38479449695157725,-0.11244413368450583,300.707,0,0,105.27333333333333,0,0
21562,Romy Gonzalez,BOS,1B/2B,1B,259,-0.10066804305700337,-0.2281164463223568,-0.12872835283758396,-0.15662068063178344,1.3949418660532809,1.8187861471754965,0.4538856193742702,0.11852464596284332,0.4481632714957842,0.8163071635394754,142.2235,0,0.0035,20.279666666666667,0.035666666666666666,0.5408333333333334
21614,Kyle Isbel,KCR,OF,OF,490,-0.27343027265186354,0.29655021357869205,0.05202749038398576,0.04835731712100257,-0.26994503971767947,-0.4800174256898314,-0.08433001751212955,-0.38314050232317376,-0.08934103909409445,0.2299356441941496,243.1235,0,0,86.2465,0,0
21618,Alec Bohm,PHI,3B,3B,609,0.400156103682481,0.7738265733932538,0.97556852503072,-0.42820107765691656,0.6276937972987893,0.4963162540254842,0.48978187032738424,0.179787487262353,0.48406135344300805,0.8277722060406698,135.65116666666665,0,0.0026666666666666666,14.794666666666666,0.335,0.8793333333333333
21622,Jake McCarthy,COL,OF,OF,357,-0.7180453255209597,-0.26020166194156946,-0.5414691002259464,0.51982945953958,-0.7180686936634546,-1.2200566790699496,-0.4678970863126169,-0.7438220891913764,-0.47532729924829764,-0.1689834779876197,319.04633333333334,0,0,110.9935,0,0
21636,Jeremy Peña,HOU,SS,SS,651,0.4701240193971754,1.3685941204836967,1.0465372554433294,1.441087774908353,1.0393457686559264,0.840168401249554,1.0570815096415422,0.6221531904108202,1.0451580332216643,1.531412516959731,59.108333333333334,0.05616666666666666,0.43616666666666665,11.152333333333333,0.6081666666666666,0.9926666666666667
21646,Rafael Marchán,PHI,C,C,128,-0.8877550880704674,-1.048233180887816,-1.0107295439449047,-0.7375446772368137,-0.9127731898533453,-1.1461265387493804,-0.9404945048361819,-1.190262841901397,-0.9458784754335052,-0.6684390768642022,419.1015,0,0,58.053333333333335,0,0
21693,Miguel Amaya,CHC,C,C,284,-0.0700602061356177,-0.32016121232362005,-0.0158304958481049,-0.7316540394135798,1.034907808645071,1.2797957342181094,0.21947446097826664,-0.15964415319778602,0.2111163472287464,0.6347795462419383,185.35633333333334,0,5e-4,17.522666666666666,0.21466666666666667,0.69
21707,Oswaldo Cabrera,NYY,3B/OF,3B,161,-0.7977954732084528,-0.853503107511536,-0.8901060862393755,-0.5328532237471528,-0.28141158232440955,-0.6194912284505516,-0.6514361766885554,-0.8896228393592261,-0.6534020773438995,-0.4008588113797653,358.11333333333334,0,0,46.138,0,0
21711,Oneil Cruz,PIT,SS/OF,SS,539,0.5891083016372152,0.6201279380943262,0.4788355703945,2.428708019329391,-0.5450621736908796,-0.08862018223582732,0.6040456405932446,0.16393025452390972,0.5941764119464875,1.0791016221170586,118.7465,0.0023333333333333335,0.04683333333333333,17.958333333333332,0.09466666666666666,0.7335
21716,Enmanuel Valdez,PIT,2B,2B,14,-1.022330935254505,-1.3577205858004158,-1.2961322206661654,-0.7482925447593951,-1.0079728198397806,-0.6113923225567814,-0.9967002823104916,-1.2098891034894665,-1.0006560937248605,-0.7678814834059651,430.598,0,0,70.23083333333334,0,0
21797,Andrés Chaparro,WSN,1B/DH,1B,238,-0.49708019407458953,-0.6290341862052551,-0.5272263193409956,-0.6401114162262611,-0.43920368183976893,-0.23635321895348382,-0.47787465509931015,-0.7871542505125019,-0.4891403549709241,-0.13998442380276954,321.331,0,0,40.4365,0,1.6666666666666666e-4
21837,Jonathan Aranda,TBR,1B,1B,609,1.694566163033353,1.3131070805416323,1.7332681361236726,-0.6207415345733795,2.1937039682636694,2.1990102434696386,1.445752424143887,0.9243268627768763,1.4329813236175695,2.0115777820574783,29.406833333333335,0.4073333333333333,0.8546666666666667,4.818333333333333,0.9706666666666667,0.9996666666666667
21840,Freddy Fermin,SDP,C,C,467,-0.4316175408602275,-0.07159209297497514,-0.07679126656756144,-0.6290863227517723,-0.5410439715243811,-0.90481090159232,-0.42617147554143897,-0.7042164476598199,-0.4299378194998801,-0.13001186336423476,310.35833333333335,0,0,37.72866666666667,0,0.004
21853,Will Benson,CIN,OF,OF,217,-0.32600933501483725,-0.5586861653157371,-0.5540118144944906,-0.2201890544846804,-0.3140632208233191,0.18873511074740085,-0.27914693553883185,-0.5724473158238514,-0.29049825602365376,0.03970085925252279,280.88466666666665,0,0,98.7645,0,0
21865,Bo Naylor,CLE,C,C,461,0.1010122966847928,0.08053893860982203,0.11459278581255669,-0.3239097292573816,-0.9950268812391008,-0.63221686778259,-0.2569700788504481,-0.5803483757221989,-0.26460325563929654,0.08996665706846378,276.64033333333333,0,0,31.8,0.003,0.04883333333333333
21871,Jerar Encarnacion,SFG,OF,OF,105,-0.6928089038558761,-1.0044176924041457,-0.9286664720855666,-0.6290149860585934,-0.03081471769863225,0.5803862615494206,-0.4319665422832239,-0.7383761944357222,-0.4404104512833408,-0.10481524635780139,311.85433333333333,0,0,108.67416666666666,0,0
21897,Christopher Morel,MIA,DH/OF,DH,315,-0.1816379380406553,-0.33074385873340323,-0.2990100895847878,-0.306636701850236,-0.8350186158815935,-0.39959238864273083,-0.3758032786268512,-0.6440752300506721,-0.37914196081073215,-0.09547785272916323,300.033,0,0,14.683333333333334,0.023166666666666665,1
22054,Dane Myers,CIN,OF,OF,231,-0.6396815679098515,-0.5881142105264405,-0.67880138294599,0.30536570864135915,-0.4469439515993716,-0.574151065332362,-0.4159157116954651,-0.7100688743882426,-0.42476651427439416,-0.0969886891679455,308.4526666666667,0,0,107.59583333333333,0,0
22184,Mark Vientos,NYM,3B/DH,3B,441,0.7299721326511367,0.2099606175450084,0.6341034507911125,-0.6356053156496775,0.10873934824526017,0.9329183042379654,0.34752159628881496,-0.029841309135248115,0.3423219606592754,0.7495222861046675,161.65483333333333,0,0.0021666666666666666,18.467333333333332,0.1735,0.6331666666666667
22186,Brice Turang,MIL,2B,2B,651,0.8976063976897684,1.8227718232037275,1.4454308846610129,2.1442326108313363,2.1097438333874337,1.8117733506745215,1.7321049298276265,1.1988086567502183,1.7146011934554446,2.3285165895767794,16.074166666666667,0.7341666666666666,0.9775,1.5285,1,1
22197,MJ Melendez,NYM,OF,OF,49,-0.9250071996574512,-1.2380141141111876,-1.188387241447654,-0.7382250503281563,-0.6192407509317424,-0.374690502551474,-0.8331363636006995,-1.036132269275635,-0.8355828034215786,-0.6147382647215551,397.519,0,0,134.58683333333335,0,0
22217,Luis Campusano,SDP,C,C,215,-0.6310250908873893,-0.7273008824403664,-0.6312737479327614,-0.7311236467065461,-0.3225914202346695,-0.31493175657667616,-0.5428965509808276,-0.8278858488016038,-0.5477840251987455,-0.24661102315105876,334.94533333333334,0,0,42.13783333333333,0,8.333333333333334e-4
22239,Jeremiah Jackson,BAL,3B/OF,3B,266,-0.33299731909121466,-0.3838555102405339,-0.3251820077834565,-0.6207359763919302,0.7066942753083345,0.6801871076917418,-0.02423128426876419,-0.3925030245139953,-0.02947419972730809,0.3513051045114018,231.76416666666665,0,0,28.919666666666668,0.006833333333333334,0.10083333333333333
22244,Jack Suwinski,LAD,OF,OF,7,-1.0319745482217237,-1.382942679792714,-1.3226600477101536,-0.7466535259683759,-2.0731946388333355,-1.6591501127036927,-1.3605312461331254,-1.5197269551021706,-1.3630602877343079,-1.1922144103693857,474.5788333333333,0,0,153.79583333333332,0,0
22263,Nolan Gorman,STL,2B,2B,532,0.6262396855095342,0.45166635755366924,0.4730407672560071,-0.22320198811272202,-0.861919115096115,-0.2626078948368738,0.052190093401160854,-0.2959662085548413,0.04413691315534783,0.4159467959324581,217.10016666666667,0,0,27.342,0.012666666666666666,0.15066666666666667
22266,Xavier Edwards,MIA,2B/SS,2B,602,-0.4362506260158861,0.9104534933905174,0.14235870468144313,2.456249083636484,1.1035258852169016,-0.3685631624151936,0.6626180448239423,0.21014522193424046,0.6531139366946321,1.1586269636554019,109.94233333333334,0.004333333333333333,0.0735,11.545,0.6283333333333333,0.9161666666666667
22275,Jake Burger,TEX,1B/3B,1B,588,1.178440949563917,0.6585357593062264,1.1805049366179987,-0.6342164697039838,-0.24639836076462004,0.5112211353497871,0.45575811116245785,0.06611288362585857,0.44601836323335553,0.8706613348706125,142.45866666666666,1.6666666666666666e-4,0.007333333333333333,20.335,0.0535,0.5326666666666666
22277,Nick Allen,HOU,SS,SS,126,-0.9731242177791114,-1.0875342004007953,-1.1256663077145022,-0.551991451955353,-1.8834967175440467,-2.1161621774286417,-1.2801440669233688,-1.4533107983498257,-1.282280215076217,-1.1000777421432182,469.52316666666667,0,0,40.51883333333333,0,0
22458,Taylor Walls,TBR,SS,SS,315,-0.5998712043761696,-0.31304144108360726,-0.5682197157085306,1.0015435639329802,-0.6763425964157714,-1.0693288872581812,-0.35040548797467025,-0.6331693402945484,-0.3555976926981321,-0.03759418383580775,295.01366666666667,0,0,29.210333333333335,0,0
22514,Triston Casas,BOS,1B,1B,140,-0.7650682144119161,-1.0008995156405167,-0.9419793219820948,-0.7443121885322601,-1.0037455398644015,-0.9605697758284069,-0.8886651880602096,-1.1284639139086428,-0.8938767964395411,-0.6348758211924795,408.9255,0,0,48.50416666666667,0,0
22515,Heliot Ramos,SFG,OF,OF,644,0.5771322063767086,0.9431308910779268,0.8586716147907942,-0.035975632988571454,0.030895478207083132,0.13304261485816288,0.4428179430821162,0.00558989136935861,0.43563691959277684,0.8987867008764696,145.27283333333332,1.6666666666666666e-4,0.0105,53.00966666666667,0.0021666666666666666,0.0195
22532,Tyler Freeman,COL,OF,OF,357,-0.4884091652490257,-0.0394112095857006,-0.33608607552620007,0.5344393149789628,0.4146511006257625,-0.27720101918120965,-0.012523568924040461,-0.3356708022254394,-0.023329036779946938,0.34261199782509316,229.4245,0,0,81.70666666666666,0,0
22542,Lawrence Butler,ATH,OF,OF,588,0.8601556710140905,1.0738128312865531,0.9156913666837887,1.3821263013019296,0.21933040109624874,0.7446811504771349,0.8899834618018647,0.4223507413207644,0.8782079066146382,1.3924081589377042,78.7925,0.023833333333333335,0.232,28.754666666666665,0.10116666666666667,0.30533333333333335
22557,Michael Siani,LAD,OF,OF,7,-1.0344378784681185,-1.3796939619743709,-1.3240035242027735,-0.7425344212349959,-0.44623273851122125,-1.2297966858696276,-1.0162415565846885,-1.2335954300219463,-1.0175494723240484,-0.7915561054896876,434.11816666666664,0,0,144.23583333333335,0,0
22558,Jarred Kelenic,CHW,OF,OF,63,-0.8421296318634032,-1.1602022132255545,-1.101585153234565,-0.6302528792715086,-0.2918277505477627,0.3893712849445572,-0.5961085031647687,-0.8015174807168506,-0.5958694349961436,-0.3881149537277112,345.9981666666667,0,0,119.28233333333333,0,0
22563,Gabriel Arias,CLE,SS,SS,455,-0.0989975626450974,0.1384682110695442,0.07922004289926643,0.03995176354532654,-0.7117950208084052,-0.3710849926437814,-0.13402779643422458,-0.47323552266328534,-0.13895071090676536,0.22478578452118902,252.78533333333334,0,0,27.050166666666666,0,0.007
22581,Alejandro Kirk,TOR,C,C,495,0.13521144407498442,0.18292178513595214,0.5361737850477071,-0.7320184344878906,0.6655816680913399,0.32882524766317084,0.2046378654358264,-0.08531687008033707,0.20036848652474654,0.5166105799466286,187.73866666666666,0,0,17.631166666666665,0.14366666666666666,0.7333333333333333
22664,Gabriel Moreno,ARI,C,C,456,0.12676772605013525,0.3836349936540316,0.47586592424128826,-0.37145696144093393,1.2652022087946757,0.9035746487988993,0.48374141282496363,0.09706004955041155,0.4762341267853947,0.8963918015019311,137.50966666666667,0,0.009,11.531833333333333,0.637,0.9533333333333334
22715,Maikel Garcia,KCR,3B,3B,665,0.4183636048518833,1.350990655860377,0.9664927952720844,1.736258566302889,0.9286744869589911,0.5025857855026208,1.0104193755024748,0.5483622818927845,0.9977432455201113,1.5223486446651557,64.8845,0.05433333333333333,0.3755,5.967,0.9361666666666667,0.9976666666666667
22799,Geraldo Perdomo,ARI,SS,SS,686,0.952374341357672,2.122538278684186,1.491409566938566,1.686691029461193,2.4465854441787016,1.763739750111629,1.7678464869047266,1.2705085620518362,1.758366729576243,2.2999210705674105,14.221833333333333,0.7955,0.9863333333333333,3.24,0.9965,1
22823,Oswald Peraza,LAA,3B,3B,147,-0.8804647848514549,-0.9963874813606217,-1.0198229228274127,-0.41468351758483374,-1.9200449547846636,-1.6989187219443667,-1.1412893510133757,-1.3645128558712087,-1.1468891216263732,-0.9046604384274541,453.53933333333333,0,0,56.620333333333335,0,0
22857,Wenceel Pérez,DET,OF,OF,469,0.24152674255411122,0.5030652830998048,0.3370551082786158,0.27426296848418863,0.4424677987544806,0.5203529697930109,0.40890635019012506,-0.008981054881804602,0.39911808602685217,0.8635817004685807,151.0435,1.6666666666666666e-4,0.008,55.031333333333336,0.002,0.014333333333333333
22896,Lenyn Sosa,CHW,2B,2B,406,0.5601903848087904,0.17396453872429735,0.5415774493061845,-0.5333515246305679,0.3647428948994531,1.3415876532037345,0.4249540469463885,0.038552897652877206,0.41553227648118596,0.8334905636707821,147.86416666666668,0,0.003833333333333333,16.7995,0.2723333333333333,0.7266666666666667
23003,Yainer Diaz,HOU,C/DH,C,509,0.15027535321839536,0.24104135682594557,0.4905370126723574,-0.6319452052676785,-0.27710622825149955,0.08159760094224185,0.026452828739618694,-0.2981671761208994,0.02308995826236459,0.3661575368755254,221.87233333333333,0,1.6666666666666666e-4,22.713833333333334,0.03816666666666667,0.36483333333333334
23372,Hunter Feduccia,TBR,C,C,262,-0.8242338223993,-0.8148303707598649,-0.8653618714310585,-0.6306258755220522,-2.3526294699630066,-2.2852730460968136,-1.277064273636809,-1.5046633206683941,-1.2815223368145219,-1.0365391648699547,467.5725,0,0,68.4715,0,0
23395,Eric Wagaman,MIN,1B,1B,112,-0.8100943304274697,-1.017618195738215,-0.9691995745286814,-0.7144496304822796,0.0731733237174124,-0.09060951850992285,-0.5710645485012251,-0.8362953478514412,-0.5769124003035594,-0.2910978239154303,340.8065,0,0,42.401333333333334,0,0
23401,José Caballero,NYY,2B/SS,2B,315,-0.5154619990334874,-0.10368615883368779,-0.42706193215380805,3.145754765283715,0.29085423760454726,-0.2816487315293529,0.37355879197184344,-0.039260824677964705,0.35773608604398965,0.8316995588017358,157.46966666666665,3.333333333333333e-4,0.006666666666666667,18.2545,0.22766666666666666,0.62716666666666665
23565,Davis Schneider,TOR,2B/OF,2B,322,-0.09534094137724729,-0.1718036410963945,-0.2733571856428738,-0.33544129937447686,0.07868805685133862,0.00732801002917699,-0.11148292655211668,-0.4465827378159026,-0.1212000067733475,0.25723902983344205,248.429,0,0,32.237,0.0026666666666666666,0.039
23690,Brayan Rocchio,CLE,SS,SS,539,-0.16002589532446537,0.5130092186126214,0.24108779020220988,0.41210802876699737,-0.15312688328515578,-0.39120597720304107,0.10244746336533218,-0.28617706800268056,0.09247597858065792,0.5172781352369143,207.4545,0,1.6666666666666666e-4,24.617166666666666,0.0015,0.08833333333333333
23691,José Tena,WSN,3B,3B,315,-0.5724895475476526,-0.32068493996101444,-0.4497746863835276,-0.0984333069158413,-0.09216084023131443,-0.48889850391229095,-0.3156476313117607,-0.6418174362041529,-0.32719277057645213,0.04004268777130477,288.33183333333335,0,0,37.3925,0,0.007833333333333333
23697,Julio Rodríguez,SEA,OF,OF,686,0.986348014237674,1.4780370146821757,1.213326276146952,2.0093652890399847,0.47443934825345446,0.7097629907327658,1.1648426430749903,0.7107309981847758,1.1510132663631087,1.6659151078690637,49.11666666666667,0.124,0.5743333333333334,17.685666666666666,0.3445,0.673
23698,Ronny Mauricio,NYM,2B/3B,2B,133,-0.7965798746836976,-0.9435228737774612,-0.9542902473428586,-0.39131146571594055,-0.3593628253397773,-0.4732318629296598,-0.6369727447031648,-0.90712859731968,-0.6430470722196382,-0.3513455124093004,355.1596666666667,0,0,51.301,0,0
23733,Ezequiel Duran,TEX,3B,3B,287,-0.7205518448384458,-0.5496040445491008,-0.6615548960170904,-0.15719372109939195,-1.238318546136108,-1.2836363352262694,-0.7522066522378045,-0.9934742278046085,-0.7577559552530383,-0.4926729643658575,380.03333333333336,0,0,48.55133333333333,0,0
23772,Wilyer Abreu,BOS,OF,OF,518,1.3285310704361992,0.8277657100451489,0.9933927767415458,0.08107598177399147,0.5819561477311875,1.306806074042346,0.8821818414478199,0.38790776387857817,0.8639204907538762,1.4355980598454152,80.64616666666667,0.034833333333333334,0.243,29.442666666666668,0.112,0.3135
23782,Leo Jiménez,TOR,2B/SS,2B,77,-0.9107329875191836,-1.1418486985412408,-1.1126354745372349,-0.7328878760126583,-0.07353769399948795,-0.3837366769589348,-0.7080556677083867,-0.9616741427810389,-0.7137234519623851,-0.440137881786246,370.44716666666665,0,0,54.72,0,0
23789,Blaze Alexander,BAL,3B,3B,294,-0.47163131555465054,-0.34202822314550646,-0.41518816583824797,-0.3554177711350889,0.23997507479208993,-0.1427855093399308,-0.22838423342816372,-0.5569461544039876,-0.2325174645141418,0.12537459145152102,271.1075,0,0,34.9545,6.666666666666666e-4,0.014166666666666666
23792,Alek Thomas,ARI,OF,OF,420,-0.3027658607935041,0.02726286358653851,-0.10120858196540838,0.09790684868708205,-0.7037016405534492,-0.4736684862339263,-0.22146614604783632,-0.5087107376308079,-0.23167794489469623,0.09777558613762524,269.5805,0,0,95.06083333333333,0,0
23800,Parker Meadows,DET,OF,OF,525,-0.14608854753536826,0.4648971546936091,0.10303039078304647,0.7059854113736963,-0.3788498300593377,-0.6009106939967306,0.04889781701846014,-0.3373505440221975,0.04132061593789184,0.4631381609204857,217.7525,0,0,77.7705,0,0
23986,Curtis Mead,CHW,2B/3B,2B,49,-0.9687673426265211,-1.2404453912325648,-1.2060820342303118,-0.7100571012735913,-0.31144770292278756,-0.6674633371135907,-0.8357929034203553,-1.0732351828688547,-0.8407565291824283,-0.5836531428870123,397.9728333333333,0,0,61.49733333333333,0,0
24064,Ezequiel Tovar,COL,SS,SS,651,0.6277104642631771,1.0567298017311022,0.9422762148540442,0.15714327366965125,-0.10321062755837687,0.30056084085592866,0.5195880514389717,0.10431224289288518,0.5091471014251457,0.9820871951535602,132.05283333333333,3.333333333333333e-4,0.019333333333333334,19.217333333333332,0.04516666666666667,0.6231666666666666
24257,Jhonkensy Noel,BAL,OF,OF,14,-1.0202570555018005,-1.3638271918819482,-1.299284575467503,-0.7495846989875086,-2.2930749427825106,-1.1150294353369374,-1.2949926607847932,-1.49020085348466,-1.3005575955494262,-1.0852609833571427,469.91066666666666,0,0,152.6235,0,0
24262,Ceddanne Rafaela,BOS,OF,OF,609,0.5032285002732575,1.0298060214542346,0.8385668176526027,1.3333168057061464,0.01853301468636579,0.41395622297800716,0.7212781466355409,0.2468150037363644,0.7055607642546333,1.243868382145642,101.69816666666667,0.0095,0.1075,37.273833333333336,0.044,0.15083333333333335
24336,Johan Rojas,PHI,OF,OF,175,-0.8786379450122613,-0.8421997435235689,-0.9544810259360879,0.33422690765639074,-0.9655597481074646,-1.2656658320742822,-0.7445480155957499,-1.004386298173268,-0.7510061883266624,-0.4655702035223596,378.3593333333333,0,0,128.90283333333332,0,0
24488,Max Schuemann,NYY,SS,SS,14,-1.0300310174542076,-1.360094079512035,-1.3086573380288984,-0.7396781256575886,-0.9968572888072817,-1.426786158144431,-1.1312768862167006,-1.3320807356744464,-1.1349130365354818,-0.9190266364974484,452.9003333333333,0,0,39.029833333333336,0,0
24589,Richie Palacios,TBR,OF,OF,189,-0.7451345836649166,-0.6788596478628341,-0.7992856406197302,0.09240829231207083,0.2618398231447213,-0.2758059118620284,-0.3409131500601074,-0.617455443198162,-0.3437335620848313,-0.04165250517910448,293.103,0,0,102.768,0,0
24598,Addison Barger,TOR,3B/OF,3B,518,1.1414092906379667,0.6789906592099814,1.0064941252791115,-0.31138700902959204,0.2077973461576984,1.1193300108995778,0.6651215715333655,0.1940715902927981,0.6490627034116853,1.1814307467551417,110.02283333333334,0.004833333333333334,0.08216666666666667,11.480166666666667,0.6126666666666667,0.9193333333333333
24605,Michael Helman,TEX,OF,OF,175,-0.5482003056967545,-0.6868794217042482,-0.665800198988542,-0.2470073920102089,0.0806268301914338,0.4866084919668416,-0.23829794043654187,-0.5730647054602738,-0.24708554212742267,0.1390017418870069,273.16116666666665,0,0,96.19266666666667,0,0
24610,Steven Kwan,CLE,OF,OF,665,-0.37810494549330104,1.136594274239588,0.2641330599755596,1.0537067268290514,1.0651912049346284,-0.4875603760633016,0.4662512916280102,0.12438315473992079,0.45423022736320173,0.8502144942923133,140.2135,3.333333333333333e-4,0.0033333333333333335,51.373,5e-4,0.008
24617,Jarren Duran,BOS,OF,OF,602,0.8011470833184808,1.3426417710901628,1.0824538344507273,1.5834884931019455,1.2364212622455608,1.284546595781435,1.2464047966005942,0.8177946049535283,1.2369839771590168,1.7208300907511884,41.66416666666667,0.16616666666666666,0.6983333333333334,14.918166666666666,0.45416666666666666,0.7788333333333334
24618,Ryan Jeffers,MIN,C,C,523,0.491431098484717,0.5276263511074892,0.7477880018581822,-0.5376722826046485,0.618907247918667,0.5913814394846342,0.42353512871128596,0.09680278775981933,0.4133888714520093,0.7803516254466676,147.52733333333333,0,0.0015,12.592,0.5263333333333333,0.9548333333333333
24641,Willie MacIver,TEX,C,C,13,-1.0271532316407062,-1.3652720605210433,-1.304757418321128,-0.7479183813824175,-1.4425687755308412,-1.2618455515505937,-1.1810530934230967,-1.3955192638183416,-1.1845708664809083,-0.9508349978142011,458.90633333333335,0,0,66.521,0,0
24679,Brendan Donovan,SEA,2B/OF,2B,560,0.09010031808798724,0.7633536352138297,0.5123908287893362,-0.33250563188641524,1.2427090373216125,0.4022950150443325,0.46501718993308083,0.1330675128854387,0.45401942329391,0.8198770714735006,140.09716666666668,0,0.002,15.576333333333332,0.305,0.8165
24703,Jonah Bride,TEX,1B/3B,1B,14,-1.0295547930754205,-1.365109648081372,-1.3043228519824583,-0.7512569182659148,-0.7633911691746316,-1.3514040444681161,-1.0898745407506656,-1.2764555475209052,-1.0898823187806015,-0.8982084644073355,447.49916666666667,0,0,51.33533333333333,0,0
24729,Logan O'Hoppe,LAA,C,C,445,0.13104973953120916,-0.042259550279864694,0.13504172458188424,-0.6087074112594688,-1.080092574651164,-0.48839836511500134,-0.3038572914384094,-0.6204017112582989,-0.31137811502522406,0.031632555703677456,285.9551666666667,0,0,33.41616666666667,6.666666666666666e-4,0.0285
24759,Mickey Gasper,BOS,C/DH,C,6,-1.033739218913911,-1.3877737649263744,-1.3257154466522518,-0.7504237594225637,-2.0130941277356587,-1.8407693966924732,-1.3849070661818477,-1.5773523048172937,-1.3877118962494959,-1.1861555921125868,475.10766666666666,0,0,70.34333333333333,0,0
24770,James Outman,MIN,OF,OF,189,-0.78782580026308,-0.9064471911612747,-0.9581995201044036,-0.43756466589853626,-2.6818712774859046,-2.0567549658472704,-1.29241356727329,-1.5047559763555973,-1.2983666335659256,-1.0630120217348287,469.286,0,0,152.487,0,0
24816,Andy Pages,LAD,OF,OF,602,1.0247912072699015,1.1799710566996875,1.1519205775215529,0.2464669623622855,0.7016199389259148,1.1569652817731293,0.935860745132355,0.46624032012088906,0.9182522663700861,1.4566743521361822,73.53666666666666,0.03866666666666667,0.2935,26.7715,0.13783333333333334,0.36933333333333335
24878,Heriberto Hernández,MIA,DH/OF,DH,350,0.13165985512455725,-0.01726334088841896,0.14553060813263907,-0.5645055936693562,0.9240658914198088,1.0443743586542205,0.2996116909000829,-0.09812541906264158,0.2919081931492527,0.7347948299672855,170.64066666666668,0,0.0025,10.112833333333333,0.946,1
24934,David Fry,CLE,DH,DH,221,-0.4367024693686721,-0.6735207294635215,-0.5853237870648703,-0.5742790275477341,-0.9463963156378689,-0.38594503353602183,-0.5842746732106836,-0.8656294057074172,-0.5907993275669887,-0.2822419359789231,343.8035,0,0,16.151333333333334,0.0021666666666666666,1
25180,Daniel Schneemann,CLE,2B/OF,2B,189,-0.6602401554557469,-0.7515360367740125,-0.7728170198900179,-0.41312471135911577,-0.5644000553929948,-0.496534472070981,-0.5961671067441393,-0.8654120020394251,-0.602270348204066,-0.30466289049345346,346.28383333333335,0,0,49.403,0,0
25477,Isaac Collins,KCR,OF,OF,448,-0.041692334614391216,0.459697920681169,0.18260197649780627,0.8004848108275804,0.8978302795768418,0.4292194662737785,0.4800127948346532,0.04739802559780541,0.47549795517384746,0.9294234593235108,138.87416666666667,1.6666666666666666e-4,0.013666666666666667,50.78183333333333,0.0033333333333333335,0.0245
25479,Brenton Doyle,COL,OF,OF,595,0.7013804924466904,0.9896593887342556,0.9144972363434787,1.388094309267664,-0.026461951795902487,0.5166280602443788,0.7737625860168048,0.3192226756824301,0.763951927484429,1.2635578892336343,93.86966666666666,0.009666666666666667,0.1335,34.341166666666666,0.04683333333333333,0.19033333333333333
25483,Nick Sogard,BOS,2B,2B,14,-1.0275793545175604,-1.3549401109639336,-1.2994464162482173,-0.7458876450612337,0.1688990784727542,-0.40744937988619756,-0.7639435313194951,-1.019771725213417,-0.7704050731280012,-0.49513671816488297,382.4843333333333,0,0,57.626,0,0
25493,Joey Ortiz,MIL,3B/SS,3B,630,-0.10524668530833231,0.7138786710003333,0.38869774617920577,0.7382151183681182,-0.5318427785980654,-0.7579740659519175,0.09934720986965359,-0.29878392021495187,0.0877618532251115,0.5417892676758793,208.1975,0,1.6666666666666666e-4,25.3475,0.04133333333333333,0.24816666666666667
25543,Korey Lee,CHW,C,C,102,-0.8566142170059641,-1.0882795883301146,-1.0273647147111673,-0.6478826386769869,-1.020828534543366,-0.6981238085146171,-0.8793308724460761,-1.1288819115086157,-0.8857978905812881,-0.617141238040035,406.92133333333334,0,0,55.508833333333335,0,0
25621,Bryan Ramos,BAL,3B,3B,21,-1.0098512565670985,-1.337765674247497,-1.2735579787450728,-0.7478141778328751,-1.0790462672097805,-0.6473849210785834,-1.0056763286430046,-1.2264806730301807,-1.009083938733986,-0.7708736830293879,432.079,0,0,54.13883333333333,0,0
25629,Cody Freeman,TEX,2B,2B,210,-0.6977410931984969,-0.7124407990890749,-0.730026211516752,-0.515016122786895,-0.6809523302110787,-0.5790524084969516,-0.6332841233917158,-0.9282946658153174,-0.6415619740364303,-0.317769321896216,354.33633333333336,0,0,51.29816666666667,0,0
25660,Will Brennan,SFG,OF,OF,77,-0.9345274604136671,-1.1273771709315659,-1.1078367469457806,-0.6279412414866617,0.20701347767429185,-0.1119867998810199,-0.601668895445398,-0.8615332592202636,-0.6055215499133513,-0.32689430852518064,347.4025,0,0,119.65933333333334,0,0
25690,Grant McCray,SFG,OF,OF,14,-1.0236831414733587,-1.3569825938858657,-1.2991399173495433,-0.7389417119584969,-1.1331277899754224,-0.6214709545864141,-1.0149477158512983,-1.2425590043697166,-1.0171575005904834,-0.7769523245920302,433.63033333333334,0,0,144.0605,0,0
25764,Bobby Witt Jr.,KCR,SS,SS,679,1.8283021137785493,2.026670476680027,1.9024066031053537,2.6463597229690032,1.7803438729204644,2.2734287120564147,2.1016779585771843,1.555241616827648,2.088071266356824,2.687648598131037,6.987166666666667,0.9636666666666667,0.9996666666666667,1.7153333333333334,0.9998333333333334,1
25768,CJ Abrams,WSN,SS,SS,630,0.812024630801272,1.4357885696079888,1.033940502836889,2.5139739652545723,0.7127689166201431,0.881078138385653,1.2587220963155268,0.7693298992435615,1.2520634497537322,1.7891849416891745,41.70433333333333,0.19833333333333333,0.6958333333333333,8.289333333333333,0.8305,0.9983333333333333
25782,Pedro Pagés,STL,C,C,358,-0.27699972373318044,-0.28899422464951663,-0.11944278233925439,-0.6349754931339053,-0.6207081522279624,-0.30946132111869884,-0.359043846601455,-0.6885025878986627,-0.36381008920514724,-0.005891655062618767,297.18966666666665,0,0,35.4165,6.666666666666666e-4,0.021
25807,Jared Triolo,PIT,3B,3B,553,-0.27088862587469864,0.4271628860836148,0.034809218540455704,0.5773922317049784,-0.49876814999188734,-1.0153712416014777,-0.1049015773622032,-0.4609587841965711,-0.1157228718484781,0.2783364902898549,247.15283333333332,0,0,31.310333333333332,0.0025,0.06016666666666667
25816,Shea Langeliers,ATH,C,C,524,1.7070170567502718,0.8102641925800298,1.3808556661623301,-0.3152873230555978,0.6441693717748409,1.7199199110690948,1.013527151800047,0.5781401345169862,1.0024129819102128,1.4754354109320502,63.589166666666664,0.0405,0.36716666666666664,4.5235,0.9895,1
25878,Corbin Carroll,ARI,OF,OF,637,1.3489145059207381,1.756335848600401,1.1902632575152563,2.5801360399543842,1.2464087721448731,1.2611279019946555,1.5881913596075428,1.06079425615216,1.5753647457514368,2.1512191255305684,21.7425,0.5811666666666667,0.9365,7.860666666666667,0.8341666666666666,0.9591666666666666
25931,Michael Harris II,ATL,OF,OF,574,0.15095848556903693,0.5966683644112997,0.44630248218218976,0.7920460686727969,-0.6402762286504577,-0.26651753731619704,0.19867547029844013,-0.13720767801968772,0.18851631818731435,0.566242918722218,189.121,0,1.6666666666666666e-4,68.17333333333333,0,5e-4
25961,Kerry Carpenter,DET,DH/OF,DH,490,1.3778513122631213,0.6489526566594561,1.107552131280811,-0.5110021888772782,0.8662113735866233,1.6705340885256266,0.8791721340407515,0.4734027922394244,0.8674242777006484,1.3214003600155255,78.759,0.009833333333333333,0.1985,6.189,1,1
25976,Riley Greene,DET,OF,OF,651,1.9024490124217643,1.5649366748984883,1.7728676643113146,-0.18979067685776235,1.4331038864385715,1.9488697339668914,1.4274492927656914,0.9739211392447882,1.415643839578662,1.917997905572741,29.4055,0.37916666666666665,0.8765,10.525,0.6923333333333334,0.9223333333333333
26031,Vaughn Grissom,LAA,2B,2B,259,-0.8289989110078256,-0.7102401687719955,-0.852666676842258,-0.12156939194068131,-1.8916280557269758,-1.9231384175227597,-1.0340057428101437,-1.2840560191749566,-1.044151906769907,-0.755533110274438,436.179,0,0,71.81183333333334,0,0
26121,Francisco Alvarez,NYM,C,C,446,0.5327642081284819,0.2508895843643424,0.5480108681937296,-0.6136590518544818,0.3261116582569141,0.7368347105840367,0.3168910259302587,-0.07301865600785507,0.3063492263053065,0.7287549176271141,167.30333333333334,0,0.0016666666666666668,15.1475,0.35383333333333333,0.8268333333333333
26123,Brett Baty,NYM,3B,3B,441,0.282331623584009,0.38353258675785035,0.41222853422568984,-0.2849721394246841,0.7306513892706344,0.8369631219879697,0.41377157922339475,0.03391638135066369,0.4045859436505467,0.8245070210915089,149.76766666666666,3.333333333333333e-4,0.005,16.789833333333334,0.25,0.7385
26143,Troy Johnston,COL,1B/OF,1B,273,-0.35295545827553926,-0.36634258438604395,-0.318195954688667,-0.4427366414961485,0.7157752993554585,0.5319068283738732,-0.009270972544855828,-0.3864624536721727,-0.018492038347110395,0.39542918591989923,228.83216666666667,0,0,30.764166666666668,0.001,0.0385
26149,Dominic Fletcher,PIT,OF,OF,7,-1.0346556038233947,-1.3845937165335211,-1.3239853179558612,-0.7510181483967369,-1.5089840168173723,-1.7121217511246247,-1.2794970979419267,-1.4808356417743938,-1.2829990284896975,-1.0743708998155035,468.8408333333333,0,0,152.389,0,0
26151,Kyle Stowers,MIA,OF,OF,609,2.3777569161972725,1.465732757276703,1.9839042134521172,-0.21581003087322437,1.5600599620567337,2.501299717389113,1.6428234542685367,1.037482697081501,1.6331799268590907,2.2963755555358665,20.651666666666667,0.627,0.9275,7.477833333333334,0.8393333333333334,0.9518333333333333
26197,Andrew Vaughn,MIL,1B/OF,1B,560,0.5955098647194585,0.41115047948054223,0.8337057661719076,-0.6399967741665153,-0.024605078921313576,0.29333412375081325,0.2614722886000628,-0.04032047072256704,0.25271208139669177,0.5902341311523011,177.08433333333332,0,1.6666666666666666e-4,24.690833333333334,0.0026666666666666666,0.1875
26202,Jake Mangum,PIT,OF,OF,343,-0.7400333175112628,-0.18334017243020934,-0.4770081776103964,1.2986212145874219,0.5247259934536567,-0.5597643253720432,0.001592096342821665,-0.3421515784921529,-0.006134556386725111,0.3771468910137827,226.72083333333333,0,0,80.7495,0,0
26208,Tyler Fitzgerald,SFG,2B/SS,2B,21,-1.0230248924804695,-1.3332659926627795,-1.288069388661628,-0.6802105793756612,-0.9425977779589323,-1.0447652722709249,-1.0403298047158505,-1.2617441205962612,-1.0442556628848418,-0.807209656422383,438.1933333333333,0,0,72.3505,0,0
26224,Darell Hernaiz,ATH,3B/SS,3B,161,-0.8276677092838132,-0.9060900601190705,-0.9138480846706529,-0.5898163957118809,-0.6184698058360856,-0.8555097968010789,-0.7687325425170942,-1.0212411855114887,-0.7718173613973458,-0.5059551767233961,383.58133333333336,0,0,48.9185,0,0
26284,John Rave,KCR,OF,OF,133,-0.8510159423211183,-0.9661146979419539,-1.0069579160805473,-0.29813468652462843,-0.9700696132304614,-1.048274483105677,-0.837378276034164,-1.092780180395902,-0.8444280616441642,-0.5531498847440854,398.099,0,0,134.555,0,0
26288,Adley Rutschman,BAL,C/DH,C,566,0.049174951842963124,0.4590457139844307,0.36613177808257213,-0.6154438113705489,0.05009932153719187,-0.44617006096192813,-0.0033632419837615448,-0.3116623380762379,-0.011637626425675642,0.34010703270364934,227.6735,0,0,23.604333333333333,0.02666666666666667,0.30566666666666664
26289,Gunnar Henderson,BAL,SS,SS,672,1.046140118359967,1.6359374890887697,1.1672925618560104,1.9847668842606372,0.986992965330771,0.878765052765922,1.3075495256279468,0.8339426626119009,1.2948228615984827,1.8226256592744488,37.77733333333333,0.24816666666666667,0.7528333333333334,7.657,0.87,0.999
26294,Bryson Stott,PHI,2B,2B,623,0.0699854022757127,0.9905284312596242,0.5793305234890307,2.084744101090428,0.18319951175897217,-0.11109152480262827,0.6579694763098858,0.24360444145639853,0.6472796997511325,1.1008904046717765,109.93566666666666,0.0015,0.05416666666666667,11.460666666666667,0.6243333333333333,0.935
26299,Josh Jung,TEX,3B,3B,567,0.6161868538895326,0.6785879719470499,0.87540855634215,-0.27470157829284947,-0.11210519145357908,0.4609927684269307,0.39382233587871496,0.027388128605690776,0.3887981052768238,0.782280877615484,153.0835,0,0.0025,17.247666666666667,0.2185,0.716
26319,Michael Busch,CHC,1B,1B,595,1.8366882187926519,1.2324185207728107,1.5955237259529538,-0.45293044856840436,1.4638014642317578,1.7932724436942686,1.270083821318877,0.7367826858712594,1.2560858153248358,1.853558291047707,42.0675,0.24016666666666667,0.6776666666666666,6.853666666666666,0.9021666666666667,0.9968333333333333
26323,Spencer Steer,CIN,1B/OF,1B,378,0.12780187900798679,0.07607985078762698,0.1823416925175267,0.007588246078722413,0.38644760507096587,0.5887647374101436,0.24629762049626905,-0.07544518712836429,0.2386040268313894,0.5916501429905481,180.03716666666668,0,0,25.0435,0.0035,0.18133333333333335
26365,Jonny DeLuca,TBR,OF,OF,294,-0.6197269838575664,-0.42305911200644314,-0.566312743972827,0.35717961305865276,-0.8329379850045179,-0.8503471522461312,-0.4678803631713716,-0.7725696876599253,-0.47677871573727937,-0.12601467090574678,319.2465,0,0,110.97633333333333,0,0
26368,JJ Bleday,CIN,OF,OF,336,0.14036251961453872,-0.016548256458464784,-0.005933952219750837,-0.5105153471276874,0.7374470836600145,0.8162211153150871,0.20878936190280392,-0.10959803416813775,0.20136648416466701,0.5486903663286299,187.09966666666668,0,0,67.52483333333333,0,1.6666666666666666e-4
26374,Kameron Misner,KCR,OF,OF,56,-0.9510999333364949,-1.2092306088985998,-1.1841498408144506,-0.59195863216239,-0.7361998371927805,-0.6687313262937691,-0.8743856687906373,-1.1115945041046849,-0.8774579942482144,-0.6178821561743796,406.04083333333335,0,0,136.82766666666666,0,0
26396,Josh Smith,TEX,3B/SS,3B,511,-0.05050375450035486,0.655063355734988,0.2924106348906791,0.18713808564362366,1.1193191050905527,0.22228635359570736,0.4241546994762715,0.0893735074516382,0.41838156118944547,0.7882422844815729,147.42516666666666,0,0.0025,16.462833333333332,0.23816666666666667,0.7831666666666667
26420,Kyren Paris,LAA,2B/OF,2B,21,-0.9926200654713963,-1.326750230883189,-1.273985026007286,-0.6570686869302222,-0.872273929747353,-0.3120349518838381,-0.8944047292741931,-1.1318811377949112,-0.9000856072594762,-0.6379468146281002,410.1293333333333,0,0,64.68083333333334,0,0
26438,Dominic Canzone,SEA,OF,OF,427,0.686532081692027,0.4238748546784106,0.6034440333577322,-0.34629541080859705,0.8969459169806714,1.476010474191919,0.6450386003894683,0.22367057745933666,0.636674984817396,1.1010883173218209,111.99233333333333,0.0016666666666666668,0.05216666666666667,41.043,0.015833333333333335,0.0835
26466,Matt Wallner,MIN,OF,OF,476,0.7287033294345029,0.42918148703560466,0.40566449907307023,-0.24124303123044488,0.03212904130044088,0.26571521893743016,0.28934737914785025,-0.09985943515500974,0.2806659486967442,0.7085280690375285,172.46766666666667,0,0.0018333333333333333,62.469833333333334,1.6666666666666666e-4,0.0035
26467,Luis Matos,SFG,OF,OF,77,-0.8659631309047919,-1.1196798763011797,-1.0704270406629246,-0.6412993400433086,-0.2741375573345189,0.1589988801275588,-0.6243398658276517,-0.8724857000444756,-0.6280641911405391,-0.3626114952970619,352.34133333333335,0,0,121.175,0,0
26477,Spencer Horwitz,PIT,1B,1B,497,0.22538122273754846,0.493113959837336,0.5728377530178617,-0.641804560277061,1.2602757099191182,0.7134012222596355,0.4545781023400727,0.03663835774578908,0.4459843560028387,0.9009029034099004,143.17933333333335,3.333333333333333e-4,0.010833333333333334,20.458166666666667,0.06766666666666667,0.5243333333333333
26517,Noelvi Marte,CIN,3B/OF,3B,539,0.15177892152655786,0.6249950742464025,0.47725945149886895,0.831924475664868,-0.14778475761113807,0.07662561194781062,0.3641070899775987,-0.043513879074511985,0.35444317866128444,0.8128300612067596,159.05516666666668,0,0.005833333333333334,18.1315,0.20816666666666667,0.6445
26540,Angel Martínez,CLE,OF,OF,287,-0.5156505370248465,-0.38659787794514583,-0.49308165868659815,-0.21730157673233588,-0.4015986062052743,-0.3803355113765662,-0.3808345259876339,-0.6760269187526543,-0.3875362468192287,-0.07191731942195963,301.264,0,0,105.32383333333334,0,0
26546,Agustín Ramírez,MIA,C/DH,C,478,0.25003750570516964,0.3945524914448314,0.3521422320947385,0.34858520950079963,-0.1366422610587467,0.16854137196309202,0.25369245570972643,-0.14864954223556526,0.243723367307965,0.6817956102763794,179.067,0,8.333333333333334e-4,16.7145,0.27166666666666667,0.7421666666666666
26548,Luisangel Acuña,CHW,2B,2B,399,-0.6512223470605465,-0.028877842590159776,-0.4653005214501982,2.1590600882876827,-0.31893760737846805,-1.0891180175284922,-0.03785237158093279,-0.4472783949187135,-0.04752111912407659,0.4080058843247132,234.40333333333334,0,0,30.051833333333335,0.01633333333333333,0.10933333333333334
26599,Jonatan Clase,TOR,OF,OF,14,-1.0265434670515698,-1.3555416225872001,-1.3017360151354502,-0.7418720539936181,-0.7583307747501249,-0.7578808144440962,-0.9767083714766162,-1.2028627423483704,-0.9786236846186485,-0.7423315159993763,426.6433333333333,0,0,142.325,0,0
26668,Elly De La Cruz,CIN,SS,SS,672,0.981521740677446,1.7288427681176504,1.1986087443718518,3.481660249635868,0.9806263326114985,0.9545224013972586,1.5790894474421158,1.0388520683117188,1.5597007344917775,2.173619216172732,22.564333333333334,0.5576666666666666,0.9275,4.876166666666666,0.9686666666666667,1
27462,Austin Martin,MIN,OF,OF,350,-0.5714256180807992,0.0155983994860413,-0.38782294661250194,0.7065293700458115,1.079990677062363,-0.14181541312245888,0.14052444209985535,-0.24056746396210538,0.12928670376756973,0.5496838540279797,200.37383333333332,0,3.333333333333333e-4,71.958,0,6.666666666666666e-4
27464,Dillon Dingler,DET,C,C,435,0.2301348228378992,0.17717328119654863,0.44131218237129344,-0.6465898901102642,0.7683159194047455,0.757166896987773,0.3057535886590623,-0.09300473888546111,0.2991788843030331,0.7327513045217198,169.5145,0,0.0013333333333333333,15.459333333333333,0.3385,0.8043333333333333
27465,Spencer Torkelson,DET,1B,1B,651,1.7361040654846984,1.2169173580496906,1.4872470144836687,-0.5340544847755937,0.718180735651776,1.0196896933253323,0.9584788415529271,0.5357869538869139,0.9479017572326011,1.4175285519106477,69.60516666666666,0.028833333333333332,0.29683333333333334,11.029166666666667,0.65,0.9828333333333333
27467,Tyler Soderstrom,ATH,1B/OF,1B,588,1.7963938024646566,1.240674325914109,1.7893780489537119,-0.22398125052309725,1.6707253376618447,2.3330900999446653,1.4582115451605893,0.9684541058658932,1.4417949241614114,1.9979441737471866,28.204166666666666,0.4156666666666667,0.8773333333333333,4.666666666666667,0.9803333333333333,1
27475,Jordan Walker,STL,OF,OF,546,-0.04824193290926819,0.3027670040173963,0.14247317317708127,0.3089394530226117,-1.250144057232971,-0.8786447319941784,-0.21933996958094398,-0.5593656291841692,-0.22611915099419008,0.14104955284330734,269.32666666666665,0,0,94.92,0,0
27478,Patrick Bailey,SFG,C,C,525,-0.050280024599595345,0.18670684719854405,0.3137738041186221,-0.5259452069810042,-0.702267751268364,-0.5750693609902411,-0.2070084241058817,-0.5320038960224969,-0.21438205191099355,0.1463788762613448,266.962,0,0,30.122,0.003833333333333333,0.0765
27479,Masyn Winn,STL,SS,SS,644,0.6083539145136252,1.3426495049836922,1.06623142831374,0.4658956256456403,0.7713973697668892,0.8118656160674347,0.870660535703993,0.42922750055119985,0.8557716673616382,1.3632832160938169,80.72016666666667,0.017166666666666667,0.20483333333333334,13.9825,0.3396666666666667,0.9483333333333334
27482,Robert Hassell III,WSN,OF,OF,252,-0.649337784611224,-0.5790387388618323,-0.6587315883436151,-0.23490996971236255,-0.8331869180376954,-0.7311343255473631,-0.5944470634459631,-0.8933168566023573,-0.6044235295864357,-0.26900807352340356,346.02566666666667,0,0,119.22883333333333,0,0
27490,Nick Gonzales,PIT,2B,2B,420,-0.2561250022864291,0.0522271723963626,0.04373824496683136,-0.5006105193031927,0.143733328973362,0.02079975513724856,-0.06407679297985355,-0.3992154896873368,-0.07058983628995015,0.2938252906006382,239.308,0,0,30.803166666666666,0.0036666666666666666,0.06016666666666667
27506,Ha-Seong Kim,ATL,SS,SS,413,-0.2006880746323385,0.20178813851357943,-0.01590011066819117,1.3200464279783084,0.18597730742728885,-0.05475541515925761,0.262763200092571,-0.08229966599647838,0.2485843836622852,0.6559359426851323,177.24183333333335,0,0.001,22.8145,0.003,0.20633333333333334
27531,David Hamilton,MIL,2B/SS,2B,189,-0.7431349920674073,-0.7196293617947841,-0.8432860162447652,1.1577698178240838,-0.9048234356443725,-0.8475062204432638,-0.4634289975896423,-0.7817573536374468,-0.4727099813141299,-0.12123202984677213,318.43033333333335,0,0,44.00816666666667,0,1.6666666666666666e-4
27534,Edouard Julien,COL,2B,2B,434,-0.4935884050939969,-0.10210706664529648,-0.37574178768095495,-0.32779193115704086,-0.8993098266250987,-1.3736836396965946,-0.5760609415858644,-0.8625361425584249,-0.5833626825657172,-0.26377568272250435,342.069,0,0,48.602333333333334,0,0
27555,Garrett Mitchell,MIL,OF,OF,406,-0.1740802178080295,0.3139086248762534,0.023841281141726074,0.9936012546710993,0.8946191449224875,0.48163476223752427,0.45499156418798914,0.004523309422644907,0.4427482038099484,0.9432343474408266,143.60816666666668,6.666666666666666e-4,0.02,52.336166666666664,0.0065,0.0295
27562,Austin Wells,NYY,C,C,461,0.7718955652681343,0.30226761595444396,0.6484069759785533,-0.4864055407384868,-0.0352750832171563,0.64319958916882225,0.32835133656579957,-0.09929761517886357,0.3170429603852152,0.7936280340955326,165.65066666666667,1.6666666666666666e-4,0.0055,15.032833333333333,0.3868333333333333,0.8105
27577,Casey Schmitt,SFG,2B/3B,2B,210,-0.30562661243653,-0.6229769345018925,-0.44507640252705266,-0.6592609699263171,0.21338740630828046,0.8009804479347775,-0.15769196096075977,-0.45524572586637013,-0.1642106566562222,0.16246935275066512,257.2475,0,0,33.60183333333333,6.666666666666666e-4,0.014
27615,Alec Burleson,STL,DH/OF,DH,602,0.9694357739079192,1.0252125672478969,1.3154770372442348,-0.1516036622916595,1.0470399460681026,1.3165295577901763,0.9424157745355533,0.4932325799311978,0.9302513740370051,1.4329670013650397,71.87016666666666,0.03133333333333333,0.276,5.842666666666666,1,1
27630,Nick Loftin,KCR,2B/OF,2B,112,-0.8714007523330751,-1.0412524948533561,-1.031509337009005,-0.6480764259397673,-0.5841710626078199,-0.7299876497466875,-0.8056554393962222,-1.0650423192559115,-0.8108266925053782,-0.5348243417357409,391.476,0,0,59.89033333333333,0,0
27647,Anthony Volpe,NYY,SS,SS,476,0.09930462805246554,0.38074893478627564,0.23419215644965571,0.8298621702314823,-0.39634708494123816,-0.04943979925584972,0.20535482585179213,-0.16859565872369955,0.19255715959915015,0.6210556153844877,188.188,0,1.6666666666666666e-4,23.468666666666667,0.0016666666666666668,0.16083333333333333
27653,Christian Koss,SFG,2B,2B,49,-0.9637796968762892,-1.2218930608520586,-1.1899615246529653,-0.669703780537088,0.32140785957964513,-0.12481146571576328,-0.6322996118873185,-0.8931995090449616,-0.6383606271942526,-0.3511542765816733,354.0403333333333,0,0,51.027,0,0
27676,Vinnie Pasquantino,KCR,1B/DH,1B,644,1.5093315162283143,0.9638787894291485,1.6867964497809578,-0.6417779259743521,0.906731239451001,1.2703366807087788,0.9676049573605885,0.55872304997961,0.9606538553167738,1.4099481992507836,68.18483333333333,0.025666666666666667,0.299,10.853333333333333,0.672,0.9876666666666667
27684,Michael Massey,KCR,2B,2B,329,-0.347533192174157,-0.33854114503455623,-0.28959926008051107,-0.516732507928976,-0.7528560614441313,-0.38074516242503975,-0.42223504716167715,-0.6883685569119127,-0.4273081255665344,-0.13303600053047304,309.58683333333335,0,0,42.2045,0,1.6666666666666666e-4
27735,Brett Wisely,ATL,2B,2B,42,-0.960280196901897,-1.263148076067698,-1.2059829466602423,-0.741162927672246,-0.6127146805551993,-0.3386972951657051,-0.8394318807270776,-1.0865012410063448,-0.8426832155115014,-0.5712159506862082,398.7135,0,0,61.7165,0,0
27769,Pete Crow-Armstrong,CHC,OF,OF,644,1.6076593197886346,1.49117997670159,1.4904830120437296,2.7813425387814728,0.3780123987507057,1.305433741792719,1.5447262058346818,0.9672154975706264,1.5285440520409836,2.1880108739444633,25.084666666666667,0.5223333333333333,0.8896666666666667,9.0425,0.7645,0.9261666666666667
27790,Evan Carter,TEX,OF,OF,476,0.13702662222036202,0.5854610362124932,0.2981243979950846,1.3161262198582673,0.3184394191496648,0.3523890407553836,0.5292484080097724,0.07319229648379753,0.5174216125476402,1.0279515048919539,131.10766666666666,6.666666666666666e-4,0.033,47.939,0.009166666666666667,0.049666666666666665
27815,Jordan Westburg,BAL,2B/3B,2B,462,0.7342511462093633,0.576302538936498,0.7249880079395793,-0.279249522660721,1.0739474808452412,1.4731638384561216,0.7413339421288843,0.31037642341036414,0.7350154918016651,1.2024624077873227,97.80816666666666,0.004833333333333334,0.09666666666666666,9.8966666666666665,0.7411666666666666,0.9658333333333333
27845,Matt Mervis,WSN,1B/DH,1B,28,-0.9640047648558248,-1.3197294534889235,-1.24235542479771,-0.7497238691336349,-1.2115808179017842,-0.5353075671442152,-0.9953001410909971,-1.2322764783177678,-0.998187276507041,-0.7437551380767844,429.925,0,0,50.1135,0,0
27883,Thomas Saggese,STL,2B/SS,2B,203,-0.6959203366361739,-0.7116060144838022,-0.7424181765880684,-0.49552536956146953,-0.20129498300284177,-0.35177631429882916,-0.5129164644024917,-0.8030753625043031,-0.5167044106686505,-0.20621832539816398,328.5945,0,0,45.85316666666667,0,0
27899,Colt Keith,DET,2B,2B,490,0.14137924926939582,0.48529572766536233,0.40021591054694533,-0.3027451247001623,0.6070721294190482,0.4566710010883762,0.31827089090452637,-0.0648394596862621,0.30640450150279186,0.7405168731290057,167.07933333333332,0,0.0016666666666666668,19.686833333333333,0.15066666666666667,0.5498333333333333
27915,Alejandro Osuna,TEX,OF,OF,70,-0.9473217842581654,-1.1723314182519085,-1.1642433716214273,-0.5934477814015359,-0.6818264219905061,-0.9017279994972511,-0.8925380969745559,-1.118014262648983,-0.8979132211774629,-0.6522493737903925,409.8326666666667,0,0,137.90633333333332,0,0
27962,Adael Amador,COL,2B,2B,63,-0.9706775726502462,-1.2336805390317216,-1.1989546025072502,-0.728088361553813,-1.6086098557511077,-1.5087205145922793,-1.191444800530225,-1.397756941702333,-1.1956673837769547,-0.9661203073690534,460.20416666666665,0,0,78.40633333333334,0,0
28022,Edgar Quero,CHW,C/DH,C,466,-0.25763603744607744,0.05969786073089012,0.105151945291866,-0.6511937146872073,0.20941403850126292,-0.2234133113739527,-0.10970631970390894,-0.44610208889187036,-0.11731868012330297,0.2416493996062268,248.06733333333332,0,0,26.943833333333334,0.011166666666666667,0.16483333333333333
28080,Jasson Domínguez,NYY,OF,OF,112,-0.7555585334505956,-0.9363046061163642,-0.9490607477003572,-0.1582593444544273,0.3887324202014186,0.4264017548026897,-0.3156481344564601,-0.5901985886637073,-0.3228175240302773,-0.020455978243213765,288.0058333333333,0,0,101.14866666666667,0,0
28163,Junior Caminero,TBR,3B,3B,665,2.208425240155152,1.4818941493875788,1.9894105661000143,-0.021917771760594583,0.6278684319478349,1.6479892131015115,1.3500262716516949,0.8284934225529501,1.3361135029659104,1.9227462506233817,35.81466666666667,0.3016666666666667,0.772,3.091,0.9931666666666666,0.9998333333333334
28253,Javier Sanoja,MIA,3B/OF,3B,231,-0.6001109605272698,-0.5771737770893368,-0.60742173723959,-0.3647617445862148,-0.16524754943446462,-0.15120878075964844,-0.3928880642020275,-0.6735324438404918,-0.4014624209722068,-0.0896427147689415,303.586,0,0,39.612,0,6.666666666666666e-4
28312,Coby Mayo,BAL,1B,1B,147,-0.6614673615257329,-0.8860533792649641,-0.8265120578381477,-0.6405760143008425,-0.31621140487562055,-0.07330375430646069,-0.553823820706425,-0.8352690127627533,-0.5565662292399564,-0.2555095844083172,337.1571666666667,0,0,42.03,0,0
28552,Yanquiel Fernández,NYY,DH/OF,DH,7,-1.0314964463614933,-1.3824289327567176,-1.3173822539187268,-0.7510531605124098,-0.7505908754337774,-0.6156996395989016,-0.9665897777935617,-1.18939268984637,-0.9693957935942998,-0.733716357146788,424.73633333333333,0,0,17.919666666666668,0,1
28806,Jackson Chourio,MIL,OF,OF,651,0.8844419644383024,1.3966366165026227,1.1985964441976202,1.7884190122042747,0.5231775106882077,0.9211436894977794,1.145243883630609,0.648710155420158,1.1335865789427841,1.6757784490638876,51.800666666666665,0.12816666666666668,0.5418333333333333,18.702833333333334,0.33216666666666667,0.6335
28824,Samuel Basallo,BAL,C,C,438,-0.004272121339605323,-0.2038528104734873,0.04485174626030894,-0.6457645142658532,-1.8125136574347964,-0.8946813566775261,-0.5616603267718673,-0.872995265298599,-0.571889433378445,-0.2170774153277972,339.215,0,0,42.866166666666665,0,0.0028333333333333335
29490,Jackson Merrill,SDP,OF,OF,630,0.8782255515666075,1.084456808406769,1.140534822075423,0.28958508168841907,0.28678995483490266,0.789373914586332,0.769096094183733,0.3153617786894256,0.7579079400588876,1.2743226767507103,94.67366666666666,0.011,0.13233333333333333,34.659333333333336,0.051666666666666666,0.18433333333333332
29518,James Wood,WSN,OF,OF,644,1.0758631586441383,1.320264169667173,1.172438296793716,1.0803786619529196,0.8005203126594347,0.9211804775584642,1.0894381939051905,0.5896990056891237,1.0759211698875806,1.632288575409444,57.18533333333333,0.09633333333333334,0.4755,20.712333333333333,0.2663333333333333,0.564
29524,Bryce Teodosio,LAA,OF,OF,280,-0.7576207731091384,-0.5634077609126285,-0.7380928871278267,0.3303698532329761,-1.3762504525921826,-1.4615229948110213,-0.7339849362243419,-1.044459393292233,-0.7414122150136704,-0.3907175706905371,376.04116666666664,0,0,128.09216666666666,0,0
29554,Adrian Del Castillo,ARI,C/DH,C,158,-0.6027739949622299,-0.8719416403244713,-0.7587174146536765,-0.7324733410740074,-0.21114468047220455,0.1374078275607005,-0.4868067094667253,-0.7915665624040411,-0.49265946594212906,-0.1626624658269803,323.2051666666667,0,0,40.022,1.6666666666666666e-4,0.004
29571,Tim Tawa,ARI,2B/OF,2B,168,-0.7390731433162618,-0.81981472680688094,-0.8740396015493676,-0.19755870242563975,-0.7283321695546274,-0.6675060619331262,-0.6525930866122939,-0.947216676969767,-0.6582817179736651,-0.3401122591186703,358.54083333333335,0,0,52.1815,0,0
29575,Trey Sweeney,DET,SS,SS,21,-1.0169985067486889,-1.3395898421025618,-1.2814506493541413,-0.7443705600439052,-1.4003648263589985,-1.0044619679139548,-1.1200330347434588,-1.3307829787192296,-1.121974055549443,-0.9046629085195576,451.1646666666667,0,0,38.87566666666667,0,0
29576,Ben Rice,NYY,1B/DH,1B,546,1.8503975782957038,0.8903435717677315,1.3571376523716432,-0.5090471773627447,1.0054363361404874,1.6254489633213343,1.062018407239453,0.5371731666649103,1.0490203264810045,1.6170609486038388,60.532,0.092,0.44116666666666665,9.6445,0.7405,0.9808333333333333
29591,Colton Cowser,BAL,OF,OF,511,0.3544492206230313,0.4252785501104157,0.29956974443134804,0.5997447502844758,-0.8462539776824525,-0.3198046417806608,0.1106371430397082,-0.3018688156037096,0.09636665943420676,0.5773845690291859,206.16216666666668,0,6.666666666666666e-4,73.85533333333333,0,0.0011666666666666668
29592,Connor Norby,MIA,3B,3B,497,0.17493076004537916,0.5055755302034565,0.35639114673314765,0.21751763468366744,-0.033866325265766384,0.0966442853239366,0.24523583806962262,-0.17183014457854653,0.23294643838679052,0.7034824856315745,180.88216666666668,0,0.0026666666666666666,21.2545,0.1135,0.4635
29606,Justyn-Henry Malloy,TBR,DH/OF,DH,203,-0.595684166476174,-0.7312345737865549,-0.6862888708088362,-0.6578261742879088,-0.15328363543359275,-0.3391486388195022,-0.513878803797642,-0.8215072884497447,-0.5216698743548743,-0.18441349570955454,328.97583333333336,0,0,15.670166666666667,0.010333333333333333,1
29617,Henry Davis,PIT,C/OF,C,282,-0.6364949648074978,-0.6779495131357012,-0.7203805031102916,-0.5455583189217297,-2.2736472000272503,-1.8125907943257205,-1.0957440246860857,-1.3217139588790352,-1.1021694930456452,-0.8500435666828401,446.8856666666667,0,0,63.954,0,0
29622,Sal Frelick,MIL,OF,OF,511,-0.25575541196994284,0.766157731187493,0.2503298037292046,0.9258298103376084,1.4093326761802492,0.42795275684612444,0.607924992462809,0.2104431375205189,0.6045879635381651,1.0234835734594625,117.2055,1.6666666666666666e-4,0.029166666666666667,42.967166666666664,0.0065,0.049
29630,Joey Loperfido,HOU,OF,OF,399,0.20224412885385346,0.39036285511346813,0.40887461833472405,-0.19870276346044358,1.6520389258244408,1.697662492327615,0.7204840492451183,0.23586892732674708,0.71251808170032,1.239964901872409,102.04566666666666,0.010333333333333333,0.1095,37.33716666666667,0.043,0.14966666666666667
29634,Will Wagner,SDP,2B/3B,2B,35,-1.0142741091806275,-1.2975232883144296,-1.257394130762484,-0.7430179152358287,-0.38062173938243427,-1.1197097814039862,-0.955954235211862,-1.1900677396903652,-0.9609963993854913,-0.7086923405917848,422.359,0,0,68.00466666666667,0,0
29646,Caleb Durbin,BOS,3B,3B,560,-0.08560341400605662,0.7652039428702011,0.3989032311397677,1.0093183122989706,0.4329686862999752,-0.047729314316046205,0.4383562409368739,0.007144871037786218,0.4266720004300111,0.9098343297043977,146.30116666666666,0,0.0155,16.332166666666666,0.3,0.738
29668,Marcelo Mayer,BOS,3B,3B,406,-0.12130674137238152,-0.005861328756986449,0.0015081107444592456,-0.4826200612235825,-0.37356055344640804,-0.16115014001293906,-0.16193727415134854,-0.5105725187536232,-0.17067249615372954,0.22532822708191771,258.23083333333335,0,0,33.0085,0.0023333333333333335,0.03883333333333333
29695,Matt McLain,CIN,2B,2B,616,0.11827413936213205,0.7815164796558602,0.3428687380660762,1.098947970080388,-0.5514214550862916,-0.6835119785755827,0.20874817448723207,-0.1898542506849628,0.19700399758737785,0.6387981474581652,187.59383333333332,1.6666666666666666e-4,0.0015,22.78783333333333,0.083,0.37766666666666665
29704,Braxton Fulford,COL,C,C,205,-0.6391093864406336,-0.7816873176970324,-0.7087918785428085,-0.643873773364664,-0.9100225546171972,-0.6863130533146848,-0.7107680365446548,-1.0055307786560144,-0.7176359883499155,-0.3892488949604044,371.0353333333333,0,0,48.662,0,1.6666666666666666e-4
29712,Colson Montgomery,CHW,SS,SS,602,2.1865415248148343,1.1869531145353818,1.668533240746021,-0.36443744443590254,0.405121435696599,1.6074471317978942,1.149372261107258,0.582245949083277,1.1283540975742232,1.7843132233664294,53.268,0.16,0.5371666666666667,9.993,0.677,0.9843333333333333
29715,Hunter Goodman,COL,C,C,583,2.224163803576425,0.98339420151982,1.911441273798586,-0.5669055507490312,0.6001457029491482,1.9564785420708248,1.2102749190127629,0.6610892722552055,1.1928045421621167,1.803408362878439,47.3355,0.1935,0.6111666666666666,3.4465,0.9946666666666667,0.9998333333333334
29766,Zack Gelof,ATH,2B,2B,112,-0.8950970729488652,-1.0855121732316557,-1.0943625730527027,-0.40917351265606894,-2.1604583096469643,-1.702888252393521,-1.212156270564232,-1.4159046175677552,-1.2178810243722331,-0.9877577359133943,462.35066666666665,0,0,78.942,0,0
29779,Max Muncy,ATH,2B/3B,2B,315,-0.38741852474140037,-0.4105164111898786,-0.3384869398126036,-0.5489485641074483,-0.8426107389481274,-0.4283623668418969,-0.4728000769713415,-0.7779605219965104,-0.4796552008100665,-0.1425901354331615,320.359,0,0,44.33083333333333,0,3.333333333333333e-4
29788,Brett Harris,ATH,3B,3B,154,-0.8169199635461555,-0.975999186723467,-0.9711712328606904,-0.6438887943846925,-1.6704765640019583,-1.5201371909018304,-1.0874605736871397,-1.3361232379222263,-1.0893183984637005,-0.8238055199338318,444.95616666666666,0,0,55.62833333333333,0,0
29794,Kyle Manzardo,CLE,1B/DH,1B,588,1.252471043746807,0.6443157960753325,1.1848052847524144,-0.6148306811595319,-0.0227381094411705,0.6807111020607446,0.5502250858537979,0.10518825634747722,0.5399931494469554,1.0434164124309058,127.599,0.002,0.03716666666666667,18.4425,0.14083333333333334,0.6591666666666667
29844,Liam Hicks,MIA,C/1B,C,305,-0.6136764508694351,-0.39830677396614733,-0.4397407807386825,-0.6074525698054489,0.24213777639698617,-0.4019617357572223,-0.346017507033238,-0.6534781442446699,-0.35410845366139204,-0.02000712506105179,294.3205,0,0,34.8905,1.6666666666666666e-4,0.017166666666666667
29858,Denzel Clarke,ATH,OF,OF,420,-0.3856570319712363,0.05116656043543548,-0.20552481083864932,0.7080021906045585,-0.4801299990335682,-0.6319300929101328,-0.12139471290599292,-0.5254114351202415,-0.13558468216124125,0.32832429232394034,250.59916666666666,0,1.6666666666666666e-4,88.67166666666667,0,1.6666666666666666e-4
29931,Jacob Young,WSN,OF,OF,350,-0.7387771669037605,-0.2240887418912255,-0.5696131186159147,0.8807351858961534,-0.13783163888092936,-1.0561996838642753,-0.2885290291396716,-0.5983912783785414,-0.2937809935925366,0.044590530669088586,282.90633333333335,0,0,99.4105,0,0
29993,Brady House,WSN,3B,3B,525,-0.13623433243180427,0.2936513314857102,0.21911977628573803,0.10233392694400714,-0.848423108103016,-0.606550703415615,-0.13729304332786366,-0.5022684374461519,-0.14683203158684577,0.26386431920572456,253.47566666666665,0,0,32.2495,0.0031666666666666666,0.0505
29995,Daylen Lile,WSN,OF,OF,553,0.5005369702799687,1.0451680580677096,0.821637601228312,0.6483001424831627,1.2093821143335273,1.1928549327790172,0.932343144784342,0.4645314963043185,0.924306833077335,1.431523512920907,73.61183333333334,0.030666666666666665,0.2781666666666667,26.807,0.126,0.3631666666666667
30011,Christian Encarnacion-Strand,CIN,1B,1B,7,-1.0299333607639443,-1.3838381131177337,-1.3169151408511768,-0.7513585990266713,-1.8662890077891214,-0.9121650247483809,-1.2008733794375197,-1.3973329123322666,-1.2055982558747158,-0.9937509494677489,461.68916666666667,0,0,52.35,0,0
30038,Carson Williams,TBR,SS,SS,434,-0.12438869098742344,-0.030294322135952373,-0.07092324881055655,0.10894225071398271,-1.7140603944620783,-0.8529229910116846,-0.41344572086188797,-0.7869020322664801,-0.4216150415630979,-0.0012920906857573859,308.51733333333334,0,0,30.129333333333335,0,0.001
30116,Seiya Suzuki,CHC,DH/OF,DH,623,1.5492779336929372,1.2214031372938314,1.5166795420348596,-0.07647046156089306,1.1279924939744626,1.3840101895702315,1.1395952795388316,0.7153545766681869,1.1352049527780437,1.5881200004227225,50.60966666666667,0.08616666666666667,0.5613333333333334,4.723833333333333,1,1
31166,Heston Kjerstad,BAL,OF,OF,28,-1.0013656988497857,-1.3167692404492783,-1.2625062293793654,-0.7446932682575684,-1.1173163524387153,-0.9026691631294225,-1.0445596748253376,-1.2739007228703638,-1.0492962093795808,-0.8032827915502507,438.74466666666666,0,0,145.31033333333335,0,0
31347,Zach Neto,LAA,SS,SS,665,1.596948861421386,1.6969043232182377,1.5435146359355527,2.3082262743227764,0.9175951926232562,1.4203604206339464,1.6118954862852812,1.0532312680129516,1.5941201308010209,2.217940261802605,21.278333333333332,0.5981666666666666,0.935,4.603666666666666,0.9713333333333334,1
31349,Victor Scott II,STL,OF,OF,581,-0.19692792484023874,0.637425660713312,0.14292188872834233,2.9589000008347903,-0.7307499817520837,-0.8380213756358976,0.35428036131225643,-0.1041554330815485,0.33746235324083895,0.8664879058132213,161.45566666666667,8.333333333333334e-4,0.011333333333333334,58.5225,0.0025,0.0195
31363,Graham Pauley,MIA,3B,3B,301,-0.48761889234169076,-0.3627867223713908,-0.44102593425481357,-0.4110152875063203,-0.23227545187535714,-0.43882406547518094,-0.37340706020280284,-0.7050366809878218,-0.3800541431348544,-0.018929310036175165,299.95883333333336,0,0,38.977,1.6666666666666666e-4,0.0028333333333333335
31370,Jakob Marsee,MIA,OF,OF,581,0.47644662030587515,1.2228264590514326,0.8728621938058108,2.388066019314997,1.2596457145144346,1.1044451103361368,1.256115093617694,0.6932649907510112,1.23731222474298,1.8898431897313732,44.20733333333333,0.23616666666666666,0.65,15.935833333333333,0.4646666666666667,0.7286666666666667
31382,Dalton Rushing,LAD,C,C,168,-0.6154658127281893,-0.89683537169723615,-0.7682683865577296,-0.733837446955715,-1.0504887150641613,-0.4653297611809501,-0.7343264067499519,-1.0169043826865347,-0.7416827535433195,-0.4281172106430949,376.1028333333333,0,0,49.58383333333333,0,0
31394,Brooks Baldwin,CHW,OF,OF,399,0.09501659600801257,0.09872757977083677,0.10832918898016086,0.035443772638813535,-0.22792318234800168,0.2896243655058336,0.09026276117034246,-0.29826990540172127,0.07737374305066347,0.5235609636733329,209.95283333333333,0,5e-4,75.08766666666666,1.6666666666666666e-4,8.333333333333334e-4
31396,Tyler Locklear,ARI,1B,1B,154,-0.8493837367562793,-0.958923326939048,-0.9838352226653182,-0.5464034056750278,-1.4048357448280977,-1.447666155731454,-1.0172919349976153,-1.260667126347921,-1.023117694728477,-0.7549572956038983,433.50233333333335,0,0,50.333,0,0
31431,Jordan Beck,COL,OF,OF,560,0.34120321520206265,0.8382496671105861,0.6488962694791007,1.089329688541168,0.2795929509490189,0.4790891832117825,0.6381900666780445,0.17301225281015503,0.6278168546128091,1.1514442529227282,113.92316666666666,0.0036666666666666666,0.06916666666666667,41.704,0.0235,0.09583333333333334
31500,Ryan Ritter,COL,2B/SS,2B,189,-0.8160995382042743,-0.7664298372800364,-0.8418373269835437,-0.4132184411879648,-0.20714816642904954,-0.6784780557893475,-0.6044574780068788,-0.8863417249621484,-0.6120609310142692,-0.30263557586387246,348.08316666666667,0,0,49.848,0,0
31539,Drake Baldwin,ATL,C,C,528,0.8489546738961176,0.6054563260595007,1.1086367066912253,-0.6355095160583812,0.9828325867359351,1.2968668059185504,0.7253952615153263,0.2607796642592901,0.7138077995363132,1.2270590557680232,100.78166666666667,0.0065,0.10383333333333333,7.7925,0.8793333333333333,0.9898333333333333
31545,Drew Gilbert,SFG,OF,OF,154,-0.7453848074320786,-0.9050858306239071,-0.8935574933867522,-0.5269284724628442,-1.1563305445321839,-0.723839844850511,-0.8074417428005892,-1.0789995003973836,-0.8132457883310402,-0.5122751181815716,391.774,0,0,132.7355,0,0
31562,Zach Dezenzo,HOU,1B/OF,1B,133,-0.7486519890265723,-0.9232928232211377,-0.8893014077795168,-0.6195871963509955,0.26591390382448643,0.03581540673242857,-0.46048883010749425,-0.7680975205881323,-0.46704469179031116,-0.12306619895679946,317.73883333333333,0,0,40.07716666666666,0,0
31564,Alan Roden,MIN,OF,OF,161,-0.8767209921526697,-0.9376029119514522,-0.9910310417002658,-0.5358290803554413,-1.220267809315052,-1.4424101255205328,-0.985005748703794,-1.2387232551935987,-0.9895429739643133,-0.7140660034108782,427.559,0,0,142.46633333333332,0,0
31567,Trey Lipscomb,WSN,3B,3B,14,-1.0319098775239568,-1.3620559771575453,-1.311863845302039,-0.7354348529353816,-1.1978903292419951,-1.6649316959300657,-1.2039530486956944,-1.4120877681673456,-1.2072932368425309,-0.9828958129463782,461.61283333333336,0,0,57.5875,0,0
31580,Chase Meidroth,CHW,2B/SS,2B,553,-0.443446095892005,0.5103146197816684,-0.03309645943681515,0.9487875465048323,0.14273789861615316,-0.8116306900466432,0.07679991871185697,-0.3113561434803156,0.06755013769143112,0.49067819637484605,212.30966666666666,0,5e-4,26.594166666666666,0.028833333333333332,0.19466666666666665
31595,Brooks Lee,MIN,3B/SS,3B,595,0.41837945821881045,0.6138758911557218,0.8336495068274794,-0.2545363425766386,-0.36822085433240614,0.09261249039765782,0.24838916981402656,-0.16107212362583403,0.23767481239628596,0.6983440115600505,180.28133333333332,1.6666666666666666e-4,0.0021666666666666666,21.213166666666666,0.1135,0.4725
31680,Cole Young,SEA,2B,2B,392,-0.34216392510501914,-0.14965474167941512,-0.23253145889083676,-0.48157658607976483,-0.6453639439014398,-0.6870267885101176,-0.39931548612394235,-0.703130404454316,-0.4078534759351047,-0.07051655521663253,305.0883333333333,0,0,41.538,0,5e-4
31695,Dylan Beavers,BAL,OF,OF,406,-0.06220437850061468,0.20847061422661473,0.007844709117179518,-0.004849145793862967,0.5197753011332509,0.22341317666906785,0.1854664966393704,-0.22289632081308994,0.1719106196036736,0.6454927515104864,192.0175,1.6666666666666666e-4,0.001,69.0605,5e-4,0.0016666666666666668
31765,Nacho Alvarez Jr.,ATL,3B,3B,7,-1.032585154333698,-1.381148893091868,-1.3185691196730043,-0.7508800618990572,-0.3871071784365556,-0.6572563021775939,-0.9127346399282863,-1.1280402493761426,-0.9168491507367125,-0.6807051895504188,414.142,0,0,52.1625,0,0
31781,Jackson Holliday,BAL,2B,2B,448,-0.04862303527442245,0.24245877134211236,0.07832381200221933,0.38278703367606004,-0.278098477239153,-0.14685591161196598,0.05772744749367791,-0.29250075070423015,0.05064933789017288,0.42985570460186345,215.9945,0,0,27.199,0.014833333333333334,0.14766666666666667
31792,Otto Kemp,PHI,1B/3B,1B,273,-0.27502400177742564,-0.4070120507249379,-0.3164342427381846,-0.6033204042123375,0.039356713481692715,0.25630584402993417,-0.19391195524458,-0.550467141942528,-0.20315457473564924,0.18256444459038107,264.4066666666667,0,0,34.64,0,0.005166666666666667
31812,Roman Anthony,BOS,OF,OF,630,0.816455789693995,1.3730025118937401,1.0273155934208928,0.3423365117822358,1.4641850442049928,1.1307495677817725,1.0574159078904213,0.5568639504763093,1.0468249703219854,1.5971009476549456,60.48383333333334,0.08283333333333333,0.43833333333333335,21.911333333333335,0.24,0.5191666666666667
31837,Masataka Yoshida,BOS,DH/OF,DH,175,-0.7406078518323946,-0.8125356119775095,-0.7492105018081046,-0.6388009786554811,0.3496998035633967,-0.011069109099120655,-0.4236605540782794,-0.678111025102374,-0.42759691570865577,-0.15976975741405144,309.6791666666667,0,0,15.050166666666666,0.010166666666666666,1
31855,Colby Thomas,ATH,OF,OF,259,-0.10695667385684449,-0.4039952174804389,-0.3440025743741826,-0.26084892841512064,-0.43644657441684387,0.39714449766687493,-0.16352719385773232,-0.5357990341228996,-0.17442454660473825,0.24063524408295717,258.5845,0,0,91.34183333333333,0,0
31912,Chandler Simpson,TBR,OF,OF,455,-0.8311966747040482,0.18114675732320712,-0.4730532544817152,3.648800945580678,0.6629473104660693,-1.134973036793074,0.36445014188962244,-0.08426841888120315,0.3563723542670378,0.8544519179426283,159.38083333333333,1.6666666666666666e-4,0.007,57.894666666666666,0.0016666666666666668,0.013166666666666667
33189,Nolan Schanuel,LAA,1B,1B,616,-0.09522021522155394,0.9046087343739417,0.48066947000528787,-0.10506532323554922,1.187301255923072,-0.07456413096886785,0.40662559751895894,0.04219690991805479,0.4009510868007238,0.7973103827296047,150.8575,0,0.0025,21.394166666666667,0.029666666666666668,0.4493333333333333
33197,Ben Williamson,TBR,3B,3B,203,-0.7999400421467106,-0.7273213824889742,-0.8149313818216326,-0.4316651537961204,-0.06548724346989114,-0.7269749983624121,-0.577982021615878,-0.8528167685821417,-0.5842114686936329,-0.28316461888386246,342.36716666666666,0,0,44.31366666666667,0,0
33252,Kyle Karros,COL,3B,3B,217,-0.7012824433007256,-0.7086845039630421,-0.7517918272006135,-0.6253310010618305,-0.38247010359453754,-0.7208242393028388,-0.6297409436504547,-0.900930819669818,-0.6339989673681514,-0.3432842519728908,353.462,0,0,45.5875,0,0
33266,Jacob Wilson,ATH,SS,SS,616,7.844070070547689e-4,1.1562178349538015,0.8678476454625432,-0.09459485497560459,1.6395126417148367,0.9094844693400959,0.7713951638731995,0.3388641088012233,0.7624991947561238,1.2388821846848903,93.65983333333334,0.006333333333333333,0.116,15.488333333333333,0.219,0.8986666666666666
33321,Luke Keaschall,MIN,2B,2B,560,0.16555897829534655,1.1030056900868042,0.69306390100751325,2.5552542287451567,1.4696603446179837,0.9486594280546871,1.1863586837245712,0.6247207773376151,1.168384813748764,1.793484456093209,49.635666666666665,0.17533333333333334,0.584,4.5635,0.9681666666666666,0.9983333333333333
33322,Matt Shaw,CHC,3B,3B,252,-0.5266893222221808,-0.43152815573158976,-0.5216828423182513,0.11465776860350664,-0.02474023554268198,-0.05411954784161206,-0.22356015505036145,-0.5416705377358202,-0.23083107230159908,0.11933619396647663,270.16116666666665,0,0,34.849833333333336,0,0.012666666666666666
33333,Wyatt Langford,TEX,OF,OF,644,0.9745232787326434,1.3037500704517972,1.0235321087320313,1.6122529420459117,0.40460019406273984,0.5722056335114403,1.0094366832991108,0.5033093417291808,1.0007038992928545,1.54647529023092,65.77583333333334,0.06116666666666667,0.38083333333333336,23.903833333333335,0.20666666666666667,0.4635
33541,Dylan Crews,WSN,OF,OF,595,0.10436316926128097,0.7814289122944995,0.3507887576845252,2.777178422056576,-0.5507250025850414,-0.483667188944338,0.5266838056687415,0.044714085149373015,0.5142429438895979,1.0583663950765398,132.26083333333332,0.002,0.04016666666666667,48.291333333333334,0.013833333333333333,0.0555
33549,Kyle Teel,CHW,C,C,464,0.12632448401417906,0.42683754618412895,0.41474048381701145,-0.378679925430789,1.0803654496500443,0.6770288077621381,0.4155415784288513,0.0034195582062155902,0.40780132667989577,0.8497693367540415,149.72183333333334,0,0.006,13.013,0.5165,0.905
33644,Kristian Campbell,BOS,2B,2B,98,-0.8846340328412543,-1.0762641132590833,-1.064385507078583,-0.6529248755809478,-0.220788101973688,-0.5693166108606091,-0.7354483849054747,-0.9827117097482259,-0.7398377361763475,-0.4805624007571825,376.4336666666667,0,0,56.0735,0,0
33704,CJ Kayfus,CLE,1B/OF,1B,427,0.08558700751003971,0.15864968510370892,0.16976183131719771,0.19496722592537674,-0.23392564347497824,0.08289206638221738,0.11264167550573163,-0.2996194833197311,0.09937069668880022,0.5756254512327417,205.77566666666667,0,5e-4,28.080666666666666,0.006833333333333334,0.115
33824,Jung Hoo Lee,SFG,OF,OF,609,-0.15911132365749386,0.832864236977325,0.4053477660269719,0.26245517191483864,0.5456098826520617,-0.18743767369393197,0.30802028235496987,-0.08527038208433343,0.29528545556618396,0.7410859204349629,169.09883333333335,0,0.0015,61.298833333333334,3.333333333333333e-4,0.004
34979,Christian Moore,LAA,2B,2B,448,-0.0033840634018622094,0.1434288984689303,0.03675629020013006,0.0017286697344944132,-0.7445771344837384,-0.4406375524133962,-0.13453724948038243,-0.5056691763009016,-0.14425607398995194,0.27620778954033093,253.0955,0,0,33.00483333333333,0.005,0.051833333333333335
35041,Jac Caglianone,KCR,OF,OF,483,-0.28037224027063884,-0.05598189615156425,-0.16020490613474636,-0.32056711746790634,-1.8428561689164382,-1.3430956274314503,-0.6426919708076971,-0.9517587127012073,-0.6536349253717888,-0.3025090130913133,356.444,0,0,122.303,0,0
35108,Cam Smith,HOU,OF,OF,448,-0.1830708260270718,0.218271596516577,0.05471639633078579,0.0784796005666564,-0.058854861879513096,-0.1342253126763189,0.019163745602569962,-0.33277257662740395,0.01059369016667093,0.3929620255965356,223.32233333333335,0,0,79.64566666666667,0,1.6666666666666666e-4
35110,Nick Kurtz,ATH,1B,1B,616,2.4671743844968415,1.5836096159727417,1.9336943733739547,-0.39216784566553586,1.8542797550606118,2.4298103760829752,1.674933572856827,1.108922052782578,1.6686220951576483,2.2940054716030773,18.698166666666665,0.6631666666666667,0.9528333333333333,3.0151666666666666,0.9943333333333333,1
35322,Hyeseong Kim,LAD,2B,2B,140,-0.839580590172269,-0.8546479625641363,-0.9303122449040049,0.06443038800519019,0.4667752648761362,-0.07588430997882949,-0.3410481963576977,-0.6560703036740866,-0.34506501253547595,-0.009690124799746427,293.3731666666667,0,0,39.47833333333333,1.6666666666666666e-4,0.0025
