playerid,PlayerName,role,SO_mean,SO_p10,SO_p50,SO_p90,BB_mean,BB_p10,BB_p50,BB_p90,H_mean,H_p10,H_p50,H_p90,ER_mean,ER_p10,ER_p50,ER_p90,W_mean,W_p10,W_p50,W_p90,QS_mean,QS_p10,QS_p50,QS_p90
1890,Matt Moore,SP,0.7751047438592608,0.6649149932257342,0.7723639976931387,0.8890506925541977,0.5192718427797709,0.4169249831481978,0.5141740690217491,0.6280804636243146,1.1849581282013852,1.0693758635118624,1.1823529055043935,1.3033366529141766,0.7377920417524766,0.6192716236237168,0.7333501963688729,0.8628354150272229,0.040616432754649545,0.03367641438266001,0.04020869831015557,0.048055195860504975,0.03608577146727476,0.026365125066767546,0.034990859642762426,0.04692220400043563
2036,Clayton Kershaw,SP,0.8673350874555448,0.7799224497554978,0.8634311857417658,0.9560748666630675,0.2774540100230414,0.232726409972536,0.2749264158322926,0.3239135643462155,0.8873579713932199,0.819082738628474,0.8866034284837709,0.958160463954611,0.38636242103734536,0.3347568999359442,0.3851084559315241,0.4397194656104677,0.07293788580931532,0.06054268505529627,0.07190961915377228,0.08676003354848547,0.07180610131769882,0.055029597995475854,0.07046753390600494,0.08977241039396947
2520,Lance Lynn,SP,0.9454447164328716,0.8617192641970187,0.9427306733547964,1.033503885638126,0.33520948093021335,0.291991339130148,0.3329108693623855,0.3822046409019338,0.9925975718916559,0.9263907185087529,0.9908828034459776,1.0612312063483689,0.5109399938810767,0.4517780280991097,0.5081034172163081,0.5736871866927429,0.061523291179234545,0.05192719526236586,0.060870519969129976,0.07206538106770732,0.06470942442752706,0.051124489274196966,0.06383985980332132,0.07897757400793154
3137,Max Scherzer,SP,0.9672032704863874,0.8761128874735505,0.9653163827722742,1.0596038145017004,0.28200139903121096,0.2391857353612741,0.2803801544519776,0.3277370797749297,0.944672025235775,0.8754348273354772,0.941572319165896,1.0168921943600984,0.47754804810012663,0.41803380631273046,0.4753239521963166,0.5387895082934377,0.06070912023473301,0.049355406765130935,0.06009551547693878,0.07264856258607483,0.06064740490103348,0.04720568522994422,0.059840997315571846,0.0751621495922823
4676,Charlie Morton,SP,0.9601174807578289,0.8800652627152733,0.9557827974500799,1.0430755514434524,0.5174268757805573,0.45698848978478956,0.5171305379017708,0.5785467140529332,1.0103788071710962,0.9441320771046063,1.0095256035231177,1.0795066929164616,0.591736707924681,0.524096142565536,0.5904531234530821,0.6610956674298153,0.054490627869038896,0.044640432574867765,0.05382163999690596,0.06518094270487806,0.04561711239698905,0.03539150572851746,0.04483669643778411,0.056904326840643595
6175,Albert Suárez,SP,0.7991056455518171,0.7005469673018969,0.7955719553298106,0.9057212802253827,0.3228803130245336,0.2622698888921098,0.32028501920002705,0.3866321767541834,0.97714915900142,0.8935097088325082,0.9748212436402386,1.0638160168271498,0.46970451022301785,0.40234662201799176,0.4661383159000021,0.5423230745445037,0.058977809948150856,0.04896362482858035,0.05828276708962169,0.06969119336769668,0.0651944183301334,0.04869408942220504,0.0640549691362057,0.08327227058363185
6632,Carlos Carrasco,SP,0.7337020857605399,0.6567690168109885,0.7303287146263056,0.8150335339315278,0.4151727350128254,0.3525604211294181,0.4122848057445947,0.48034078836616517,1.3543208156747328,1.2550060157486032,1.352427744593119,1.4546824377791996,0.8592453385569787,0.7554902778538051,0.8526485947480883,0.9703558040169593,0.0398449754844355,0.03166455587322319,0.0393293833673214,0.04880477143687555,0.031183047841618784,0.02298571570885213,0.030501406162322657,0.040271848584075676
6895,Chase Anderson,SP,0.7142707193059545,0.6263369544689733,0.7108011639585134,0.8084366380462531,0.4660868742260081,0.38868384357502983,0.46360943567157564,0.5478709750440018,1.148639837241975,1.052957962538596,1.1465284112772103,1.245438204714079,0.7039942619941361,0.6039497346538948,0.7001954822588333,0.8090238639271529,0.04061735249841038,0.0328194228693727,0.04024289295546856,0.048771690365731174,0.0329065347035517,0.02389112101118019,0.032124063740481726,0.04291534765437284
6902,Martín Pérez,SP,0.7690974150097285,0.6876183375442404,0.7657472780916672,0.8525117890318255,0.3457280988960711,0.29818420085909786,0.34362658064675544,0.3977304218461118,0.9503935949756017,0.8835841755203905,0.9494749963481705,1.0200998690553569,0.4332498651242447,0.37878235501347896,0.43160849359291764,0.49036462371700074,0.06100374529513658,0.05182078608167601,0.06057740656660762,0.07100214242921328,0.07697795806841122,0.06045519634248047,0.07569047181415678,0.09498024597173271
8700,Justin Verlander,SP,0.7988462027527803,0.7290092288705285,0.7959202392342548,0.8730088252429147,0.3089538959632862,0.2669826591780104,0.3075802433083654,0.3533299093686291,0.9639876726095068,0.897076299657183,0.9615796512581853,1.0335503485721698,0.4801788446985687,0.42274094572141396,0.4785196865899612,0.5406273293399481,0.057127522349541424,0.04590713645311783,0.05669248924583151,0.0690531858287968,0.0562113248654577,0.0438131956585288,0.055381333227801206,0.06987032210714693
9132,Nathan Eovaldi,SP,0.9744909206706012,0.8890473828172349,0.972049825476391,1.0647522043103972,0.2138961803083665,0.18355508709199087,0.2127255767839189,0.2455724669608492,0.8236714294670232,0.7681803137261238,0.8235342750063284,0.8808215459292592,0.3387720889102705,0.2959495653566929,0.3374249465631419,0.38154217389246836,0.07662330977563728,0.06490234059087077,0.07605779878232488,0.08904097365185966,0.09891063106062538,0.07892272452720579,0.09741720550347123,0.1208247812531447
9323,Patrick Corbin,SP,0.6590062961019167,0.5978497951499673,0.6565645929959952,0.7230197098781033,0.36372673925238064,0.318151936845766,0.36275880740966926,0.4107055858078951,1.3253420515811059,1.2456417728145799,1.323357015156014,1.4058766179789273,0.7601137826868617,0.6797789965627754,0.7576334765397765,0.8415954940769386,0.040785674490061485,0.034190062442863906,0.04058097735395594,0.04781731647633838,0.044500481986152314,0.03527140918195658,0.04380773840325529,0.054443808381570376
9803,Miles Mikolas,SP,0.6166342134750873,0.5578982870476408,0.6148782493920871,0.6784710808149373,0.21668948510661418,0.18664034556846043,0.2154825837430981,0.2482947506482025,1.178366122577816,1.1042162690488366,1.1787127463794247,1.250874488759869,0.5833604901102899,0.5198312465935357,0.5815671458921401,0.6501053621799765,0.04973009776657615,0.04192388758245729,0.04949102444803857,0.057901904322896255,0.05850872673017528,0.04692164685200825,0.05767769684314815,0.07107287404430684
10123,Kyle Gibson,SP,0.7835743529584738,0.7155492390806806,0.7809765014510559,0.8577328501994773,0.3546519419957088,0.31170871992339505,0.3530209769801737,0.4004299825798923,1.0326948450173505,0.9687724591870323,1.0322912070121841,1.0983449974110113,0.5279449346832911,0.4705717560451356,0.5249620447544385,0.5867672426124525,0.05746463075741667,0.0486257843637104,0.05713500700227919,0.066479589351748955,0.07025445496661581,0.05602260279391295,0.06912156849738163,0.08548938474971242
10310,Zack Wheeler,SP,1.1849256248808224,1.0891381373179083,1.1816885565120994,1.2861619604145218,0.2215431496756896,0.19194797393327537,0.2200841276132006,0.25343278344147824,0.7498645642127839,0.6975612896663763,0.7488454512043641,0.8018858930537557,0.3007338345565661,0.26533267188623183,0.29937167955653016,0.33748307273895656,0.08071055046631125,0.06927942424764291,0.08040498502915447,0.09275812892222392,0.11591295886473905,0.09468382518528005,0.11428093469063974,0.13905613932028701
10314,Erasmo Ramírez,SP,0.7453106466560819,0.6388032106539407,0.7435706347527651,0.8545279688592329,0.32557709153641445,0.25551664011575204,0.3214716192801148,0.39999196309543117,1.1463533616748527,1.0343824806582516,1.1442873870446066,1.260021840380938,0.6126361270976981,0.5113515310581498,0.6094887903811603,0.7202600806579054,0.04671161807675664,0.03999267474745105,0.04643321593689611,0.05378616072802758,0.050718577626217426,0.03834729998227973,0.04964789848858005,0.06417727185565777
10603,Chris Sale,SP,1.2119787826694763,1.1078290798471766,1.2088885599077315,1.3217116329846228,0.2535312486417316,0.21528983868815493,0.2521841863784119,0.2926619604498261,0.822981587933405,0.7661523460396515,0.8223360893964888,0.8828217434022326,0.37069845889899317,0.3226903552001762,0.36889241038833154,0.4191191867995168,0.07112477886347042,0.05977373697105131,0.07072811413436071,0.0831668734670402,0.07992394847424285,0.06281009408321536,0.07886380785590918,0.0986484307459064
10954,Jacob deGrom,SP,1.1930493279934116,1.0773913737137246,1.1880369814481968,1.312557976760269,0.21055674689796772,0.17500151260202834,0.20906838954620463,0.24840566961061522,0.7150300086632968,0.6545184278394328,0.714375223711242,0.7753810749162965,0.29525305105470484,0.25377878027352146,0.2936363607900164,0.3396236924854396,0.07343110841659253,0.059740814599031744,0.07302988872417071,0.0878397513970974,0.09273246840009743,0.07174648111577137,0.09120132297970673,0.11584502493442064
11156,Merrill Kelly,SP,0.9011932011432259,0.818189286049283,0.8984310038607837,0.9861049173200426,0.2977959372814149,0.258971791721751,0.29627510462131046,0.3388510874200964,0.8595898195331161,0.8002098317626994,0.8601909425962306,0.9180101968764613,0.38545215575699315,0.3376969812715512,0.38364727770806706,0.43419885046891016,0.06868855519924569,0.05819605893544326,0.06804466627607153,0.0798304671575716,0.08760232058387045,0.06973395638331696,0.08617170266661811,0.10669234941226236
11423,Jose Quintana,SP,0.7172096641532644,0.6463013891327953,0.7155690033913744,0.7918836231708091,0.35662026398435787,0.30964645112987604,0.35556690331480467,0.4064676186806729,0.9518433219755605,0.8874269999641876,0.9516329693742895,1.0158102385063401,0.44276912428588794,0.39137929908812746,0.4408151069158597,0.49762024162175245,0.060061411846175444,0.050054808873954255,0.05951873393090235,0.0703925672762377,0.06745282058848354,0.052814174218960105,0.06640971466153266,0.08330097589349682
11486,Robbie Ray,SP,1.0263997938019938,0.9296106447024788,1.0218888061728753,1.1290873101576273,0.3554364708644629,0.3064159353365982,0.35301915512383275,0.406231578036442,0.8424252115915846,0.7830764222455139,0.8404382910482213,0.9045478429558865,0.4056090745396292,0.3535563029504101,0.40350675202193864,0.4591449454382386,0.06752344883670591,0.05807858499041828,0.06695871415552936,0.07763985426038669,0.08732479975546079,0.06935852422264284,0.0858156673348254,0.10757124156077506
11589,José Ureña,SP,0.6047234258023653,0.5309018932688057,0.6010622535260349,0.682931534943284,0.48497095635349524,0.4108641129691419,0.48058894722917056,0.5642954016827616,1.3033293006681521,1.2013707651260546,1.3010034023024324,1.4096943077339528,0.7828841888355089,0.6733069279327007,0.7799085184863863,0.8954599855397,0.03804979447353049,0.03232250049325458,0.037980821988393684,0.04396213581035781,0.036500336164695925,0.02789831282104177,0.03587205914736041,0.045820154775712295
11674,Jameson Taillon,SP,0.7614922090281844,0.6909060788938646,0.7608730858448634,0.8355665996543779,0.23028875882364835,0.19662822162174787,0.22943266217285674,0.26466177430338916,0.9934363777082039,0.9292644543163503,0.9926600812269604,1.0570380445846186,0.4503508112962705,0.39958871029103005,0.44801410259378915,0.5053612262789051,0.0624040368054117,0.05417652348220763,0.061971820246149556,0.07110553928825009,0.07826846755102373,0.06298692053967025,0.07737249699335957,0.09407864034252719
11760,Drew Smyly,SP,0.9176457208297057,0.825931401397224,0.9151102458458035,1.0107479085502928,0.35655710213815744,0.30708156445100143,0.35494628867121936,0.4089153628805296,1.0105528775916632,0.9379479753893942,1.0088113221161978,1.0842405560087889,0.5326830081126511,0.46568069400186174,0.5307047702238732,0.6021594738950189,0.05588839235557317,0.04715914328985407,0.0553591344822536,0.06524327578532774,0.05118830920889365,0.039804586225261895,0.05048308553002532,0.06347326892547407
11828,James Paxton,SP,0.8577862188065676,0.7613269347533119,0.8553167688035089,0.9616584066114182,0.4289498664604821,0.3609792670773902,0.42622928305483593,0.49934474530813244,1.0189945318907259,0.935603963641928,1.0184366865985257,1.1031076541557532,0.5520069355107482,0.4791111761342088,0.5493930750260152,0.6280752366227266,0.05598402770895687,0.0463241807325448,0.05533498093797644,0.06639363771309205,0.05774842461942523,0.04359053182319272,0.0566007348705891,0.07333271836691099
11836,Taijuan Walker,SP,0.6784290257803305,0.6048955297823722,0.6763775880745726,0.7519772200328544,0.4059835343334007,0.3496990279177913,0.4038144979453109,0.46468900757781456,1.1431643434296475,1.061720432271635,1.1415670171600323,1.2263802080749675,0.6261830015041886,0.5482689756705997,0.6230964166442647,0.7077404873126513,0.04688767337776844,0.040225071841006516,0.04655955504786889,0.05401199259280362,0.04625076555718282,0.03608196318044632,0.04567662167821167,0.057170130410547845
12049,Kyle Hendricks,SP,0.617749346193006,0.5555540961720807,0.6151319666827719,0.683522932789712,0.2871218012170087,0.246415526886007,0.2856719241949677,0.3299017059103226,1.1776002173408249,1.1037645700867749,1.1763562544990156,1.2545008004692306,0.6068666399683631,0.5391525302779508,0.6044158834480864,0.6802830499581698,0.046894730499809606,0.039257189810061016,0.04648321256700754,0.05478175136046885,0.0536627138719026,0.04227327025702455,0.0530123350976807,0.06588166848936268
12272,Aaron Brooks,SP,0.7439237467087219,0.6553345644721891,0.7404144426531664,0.8366729132302912,0.3332313196989055,0.2738695448045857,0.32993191542274225,0.3959986286066696,1.1146605681303814,1.0248311701660295,1.1136096071994372,1.2060218730874925,0.5873088272188131,0.5046232785496942,0.58470682624234,0.6734191297117906,0.04829348448799971,0.04192677518134728,0.048030298736171415,0.05494238780047934,0.05196194201755143,0.0406225286307368,0.05110968827778582,0.06414130138106086
12304,Chris Bassitt,SP,0.8921538711469673,0.815254791095629,0.8889782420628703,0.9741683746972759,0.33640403663645396,0.2939644376719594,0.33500444140892927,0.38063622467285385,0.9727383885975251,0.9106116901527533,0.9712603678173524,1.0353673662262257,0.46289012786494155,0.41029135801972816,0.4604874073976885,0.518910536453656,0.06385592226022113,0.05432909012591664,0.06334168769069562,0.07399951370481103,0.06973583595173351,0.055881613355688295,0.06858256201359736,0.08492530325382218
12317,Colin Rea,SP,0.7879794618213437,0.7102738459287291,0.7855348788929727,0.8686976008423071,0.28567766096717834,0.24564884803348297,0.28424004996235425,0.32878221371327315,1.0078456925990313,0.9372191893692918,1.0062004728638683,1.082031352622585,0.495056561040147,0.4334613555220014,0.4922570690485279,0.5589215384726288,0.056888672338608226,0.04834145565064908,0.05642881735183554,0.06590220992270686,0.05619608397089891,0.04328388176372276,0.055065336751369265,0.07049944359925689
12447,Seth Lugo,SP,0.8400598397574841,0.7579288242185417,0.8369657570448732,0.923698173780068,0.28786469031189527,0.2473994948728479,0.28557739692372797,0.3321859557602961,0.9216688299201133,0.8565391609174758,0.919514034277342,0.9902552690785803,0.4150544195676394,0.36421620470314153,0.4130658002399731,0.4683121716929152,0.06473780104913938,0.0547238236994318,0.06415374146407739,0.07526288066721776,0.08774151871417152,0.06899533613797526,0.08638191601688244,0.1077950186860816
12718,Adrian Houser,SP,0.7113633100794099,0.6311877668924678,0.7092176879257857,0.7967679867257398,0.32901085658668144,0.2789329786693937,0.32659313065508644,0.38338910117780955,0.9823811138952772,0.9084285987183578,0.9806072240707158,1.0586308245111942,0.45674721214102465,0.39565898444169295,0.4538545031568302,0.5227187018360526,0.0603046191266061,0.05174279716532311,0.059964518612851486,0.06941352051108689,0.07066135228270683,0.05518379102433482,0.06950054620233986,0.08747434069205189
12730,Nick Martinez,SP,0.7137949049106206,0.6269487710770711,0.7111055731646354,0.8065608579670963,0.26461817257541065,0.21623307842808037,0.2627005057576695,0.31558481960392903,1.0266918631108206,0.943489928660316,1.0243832535180228,1.112532967623609,0.4865817289255007,0.4169725735845174,0.48427826438961286,0.5582639003236067,0.0584878459711703,0.04861662659756827,0.057943943937775175,0.06893992655985254,0.0700470445076503,0.05286743939683328,0.0687381896906428,0.08875360304047819
12768,Sonny Gray,SP,1.0650078696199874,0.9757898731104814,1.062207552009599,1.1547999906988655,0.26227238324363006,0.22800989320528428,0.2613819224580828,0.297829434363332,0.893972686265,0.8356072122320953,0.8934818523078735,0.9518056912440901,0.41584613912058455,0.3683651341189182,0.4136747980184998,0.465451285052691,0.06889213536770826,0.058031473697869485,0.06832403122559051,0.08053273011488865,0.07973190520223077,0.06364117934790492,0.0789880007475801,0.09603306131459885
12880,Tyler Anderson,SP,0.7310382060700189,0.6634102752775982,0.7297415573767108,0.8006420038466431,0.387844067031183,0.33971581058026235,0.3867568734892036,0.43712521357255624,0.9865058709060069,0.9232653132687869,0.9853813091811348,1.0521064800447733,0.4988927153247004,0.441804038618522,0.4972706762156847,0.5583053952561947,0.05151804109780253,0.043234239606603664,0.05130042032511882,0.05982836179141799,0.05882054061369965,0.04647364596105383,0.05798618759854836,0.07230542442397585
12970,Joe Musgrove,SP,1.0329382224999295,0.9363918520820947,1.0295168243056612,1.1339528824841127,0.24165121122210648,0.2052551941464735,0.24010369419418393,0.2794986040424261,0.8555532860775515,0.7952890089901219,0.8543266626463772,0.9167783904969141,0.36589269453065637,0.3202857029422218,0.36349798839248515,0.41325046504456725,0.07025614158210738,0.06171050731854657,0.0698310232940371,0.07964188745600445,0.09831320813304506,0.0793966533701987,0.09690142723687731,0.11855093991233581
12972,Joe Ross,SP,0.9377884650727478,0.8328178619327599,0.9336563149841696,1.048115578283908,0.3167403654953268,0.25791736292065615,0.3135840185032832,0.3811410929461492,0.9411878672254937,0.865576035469125,0.9393389852370622,1.0188503998865586,0.4582726064722367,0.393806068858248,0.4555033953545974,0.5267326975950853,0.05811813447520016,0.051141658497958195,0.05787705888810189,0.06538721219864434,0.06985817893535819,0.05536634803261768,0.0687028236235373,0.0860624658467306
13050,Anthony DeSclafani,SP,0.789447639248522,0.6942087589147308,0.7869508894387239,0.8873325773818419,0.25164862154569734,0.20864826188142588,0.2501699446699549,0.29686885188329354,0.9843018823912973,0.9072366555170501,0.9823221451122942,1.0648570719112112,0.45852457602591185,0.39588651838621147,0.4546482354283803,0.527012226909468,0.06011272128013562,0.05069478957865609,0.0595690740068577,0.07007778130525218,0.07479181711425667,0.05834729236940067,0.07307134546414545,0.09379279197595083
13074,Yu Darvish,SP,0.9100634521488153,0.823317334460031,0.9060206485777175,1.004886431745295,0.28192108924372056,0.2405685979194834,0.27990146448365366,0.3253307473348688,0.9410787449693354,0.869660229720824,0.9398757573336478,1.013402409748709,0.49188701059964857,0.42985637761013995,0.49047072131037794,0.5561373370300932,0.05988277810836791,0.0489876716527436,0.05925866515394618,0.07156205273854988,0.06575364989774334,0.051214573187331754,0.06454530549258009,0.08207096367442902
13125,Gerrit Cole,SP,1.0251175754844595,0.9366270352422745,1.0229527705812367,1.1180807523742164,0.25883127574728365,0.22313247312402526,0.25737393547869125,0.2958074474132955,0.8462288062677323,0.7889791571914283,0.8454212324399426,0.9031726327316273,0.38111033802342975,0.33603799854089567,0.37955344711294864,0.42871097000574493,0.07011706854552935,0.06078540387843559,0.06972528287265715,0.08011741126592276,0.09179648169030216,0.07412457256526254,0.0905619485729475,0.11093550304709995
13164,Eduardo Rodriguez,SP,0.8494965286602082,0.7690606305541425,0.8476004551837483,0.9305392524079732,0.36785499036614916,0.3196474870261741,0.36563717252791117,0.4186322376239901,1.0728400746141784,1.0034658087516455,1.071744619204401,1.1429235174310237,0.5637815737142068,0.49711311028994787,0.5620619112863401,0.6329041017432315,0.052699034946337556,0.04564102209951881,0.0524192312179172,0.05979190483488705,0.058338385205482055,0.046788244221450816,0.05745197460648488,0.07128363704447753
13273,Ross Stripling,SP,0.6532025819676639,0.5806371354571491,0.6510199245307617,0.7263801254166888,0.26240691911880776,0.21872352825153216,0.2604258109410964,0.30745160764837504,1.2448594462298899,1.153853263314223,1.2435071297489015,1.3390624608097303,0.6731395393711102,0.5867926532655217,0.670521550316856,0.7618759472299907,0.04262229316044333,0.03526679764403586,0.042264334168679064,0.050326026746901814,0.04183985978195508,0.031492276834392895,0.041138191291885465,0.053191146362588405
13361,Steven Matz,SP,0.8358306865023536,0.742835995102534,0.8320037051781604,0.9332254877957098,0.3192096027670026,0.26869170885704485,0.31721040335379513,0.37285051698380645,1.100749961003686,1.0166576890071783,1.0999254394216464,1.187361785209723,0.5790251376995573,0.4993412772044614,0.5769751920322463,0.6596073410533149,0.050886710307879814,0.043220840431854826,0.050530689930068554,0.05894611394403974,0.051639307361025844,0.039444347093850626,0.050666596833072466,0.06518274841343709
13431,Marcus Stroman,SP,0.7427823275334866,0.6657698481241625,0.7402217381067308,0.8220405706541767,0.3650039316819804,0.31253893144043565,0.36173848356506155,0.4219372808454517,1.0167202778055144,0.9444745028005074,1.014928882328714,1.0904395632798787,0.49339671963944726,0.43245467017141764,0.4903152570255188,0.5589306318115858,0.05637023447999108,0.04777873106392629,0.05596714609503646,0.06539558598075429,0.0660203419702505,0.05166711617178644,0.06509991432897673,0.0814375377265401
13543,Blake Snell,SP,1.2615764076784914,1.1443267388392104,1.2573618574072767,1.3843179753229495,0.5064972545740528,0.43962648468060017,0.5034058734483248,0.5782487767068442,0.7558095770518882,0.7018067986759738,0.7547254804613417,0.8115167587807922,0.37552927128000646,0.32655769978643706,0.37371691695602216,0.4261951444102942,0.06670992822889003,0.0573337317823768,0.06638865512285447,0.07633800736358348,0.0757846258748698,0.06038810928609242,0.07469452937310217,0.0927062811702037
13619,Jakob Junis,SP,0.8221039990103416,0.729795839991321,0.8180561637761024,0.9195412445363426,0.28403361774494207,0.2356650854736383,0.2812266811907501,0.33499964447290426,1.1086235694455557,1.020316008739917,1.1078003182118685,1.1985477867585166,0.5726550955912718,0.4902402062200186,0.5696516946541978,0.657654176558992,0.04914132260909055,0.04263660074812176,0.048957163589072164,0.05582801178279462,0.05639991634548213,0.0439134850984175,0.055412464225189084,0.07006428761914232
13649,Clay Holmes,SP,0.8137790148567795,0.7192903693614283,0.809326892495418,0.9175314236438505,0.36975926058085706,0.3109714439005218,0.3663294118220748,0.4336684337202258,0.9320951323451655,0.858771104395265,0.9301327783292284,1.0068178347972985,0.4463825528440315,0.3835083175964638,0.4435479751988568,0.5128291650106972,0.06027487804114298,0.051263026257085995,0.05979569325069124,0.06959623419341257,0.06787476727387039,0.052386330204297,0.0664115696812202,0.0852079664974881
13743,Max Fried,SP,0.9535316436230967,0.8684486191634108,0.9501743006826764,1.0412933497898142,0.2525940165801275,0.21833202524360096,0.251378347493564,0.28820545219663496,0.8279125065035838,0.7745335431069706,0.8275346962409307,0.8817825730501981,0.33692305757754754,0.29772541400108454,0.3353714852692888,0.37842974497928233,0.0760210568371529,0.06691779360946808,0.07559533550108552,0.08561935595561798,0.10587230105544598,0.08696891313324429,0.10475346660648487,0.1260349177358962
13761,Chris Stratton,SP,0.796737751663419,0.7112533817666604,0.793199230369912,0.8848872199204311,0.3515916419078304,0.296371949630693,0.3478877127243277,0.4117116093752772,1.0528495869043906,0.979148095442516,1.0505067808862083,1.1293480190613736,0.542592302421863,0.47440233815485655,0.5401609944058685,0.6139259936513602,0.051251636847267225,0.045645139426974866,0.05108360168469783,0.057128320744842295,0.05804130668626864,0.04676446085426893,0.05722945430026767,0.07008380643381965
13774,Zach Eflin,SP,0.8239324115667068,0.7443361444030789,0.8200644057569297,0.9082840185049206,0.16866614593606818,0.1422841430665654,0.16778241065755167,0.19589476014573765,1.0288912228676084,0.9620064152627144,1.0275060027288503,1.0971748238984558,0.44454506610845906,0.3941143200095665,0.4427435786938765,0.49882323646602555,0.06266422420092731,0.05520473398192677,0.062297898304458005,0.07066923945250125,0.08733381075624015,0.0705445562344458,0.0862721099732943,0.10504336124466163
13781,Alex Wood,SP,0.8892604658262274,0.776035922870461,0.886802500293304,1.0035815848718284,0.3541929793665607,0.29016808970947133,0.35080358114795207,0.4241823341766254,1.1439284407852597,1.0447579576884285,1.1409845879843634,1.247549113898174,0.6504916030097897,0.552035511581491,0.6462321005469596,0.752457444220314,0.04569564248493053,0.038195685341264406,0.04537340369361706,0.0536736965096373,0.04361015007691668,0.032136711440648634,0.042653236367391004,0.05635305734176363
13896,Chris Flexen,SP,0.6980954555825629,0.6284761049015463,0.6958351280086327,0.7714702122066934,0.387433394699808,0.33493016508027496,0.38554337556884255,0.4441979047642839,1.1986649335301542,1.1169490095910826,1.1960767078699748,1.2840396081235912,0.6609151420527447,0.5805934131338893,0.656978360729042,0.7505485096335575,0.04355428110810139,0.03827558707595778,0.04337802444347057,0.04914696356057942,0.04530493076307878,0.03623362041816528,0.04465465001349973,0.055228221146556934
13942,Brent Suter,SP,0.8291131047411695,0.7294050276430827,0.8275507523841181,0.9322290075409737,0.2549865794911219,0.20518734002150324,0.2519291891538227,0.3078715286005896,1.0312609765696399,0.9451602688822525,1.030267074641403,1.1161630108163925,0.49734673633513327,0.42498710275894275,0.4937539377588781,0.5724756536392429,0.05468853519270443,0.047766244651133355,0.05443087966935031,0.061888830319392484,0.06427270030900543,0.05008399106636317,0.0634016723961308,0.07959080859824151
14078,Michael Wacha,SP,0.8071796701354728,0.7329699539141935,0.8041282192988273,0.8841536097597827,0.25388557709968523,0.22022216876567924,0.252479783173944,0.2896966821126679,0.9247307696527033,0.8663031022926383,0.9233605474181492,0.9839503266598698,0.4045435201557123,0.3579040480462018,0.40327488276951073,0.45133816016114736,0.06831941039331714,0.05919669410568294,0.06777275147933227,0.07808680581957933,0.08330235189837294,0.06743669941280706,0.08207076947456729,0.10023285267119257
14107,Kevin Gausman,SP,1.0750669018164747,0.987253819812111,1.071778363499602,1.1677300613465744,0.2637057050003556,0.2304048544671835,0.2622913881720078,0.2994075778530768,0.8643452530333497,0.8113736240774645,0.863906112652072,0.917657419541138,0.38310697902209784,0.34097486181963244,0.38203459609310275,0.42612366304394245,0.06825858142845684,0.05903809813288307,0.06803812683633603,0.0778977764207509,0.0913358875098751,0.07452801352798737,0.09014198679236252,0.10945324191214384
14120,Lance McCullers Jr.,SP,0.965020834216283,0.8424766455024236,0.9621345811400386,1.0917789536500189,0.59659861540435,0.4953569036563998,0.5910327506029666,0.707347826950695,1.0163387766091725,0.921640275881153,1.013771951589424,1.1110550223669735,0.6025716452915636,0.508462814751386,0.5975594822304284,0.7037020530697508,0.048083100729551874,0.040355550486062396,0.047776691463431734,0.05627811842990498,0.0468563290543181,0.035143220125565575,0.046054063916864285,0.05946807658133224
14168,José Berríos,SP,0.8062305789602008,0.7344098488882188,0.8043570181878046,0.8810142048210384,0.29477877764128263,0.25840495136850367,0.2927327931409256,0.3340050229821666,1.0047988253278175,0.9472195356403583,1.0035595896175606,1.0657478825211781,0.47473111197379986,0.42311095126768616,0.47386778622444936,0.5272353369225571,0.0586826079243443,0.052178109339670826,0.05840563924695081,0.06553269425524912,0.07713613166459046,0.06331674751146173,0.07634203134426923,0.09203632598784398
14309,Frankie Montas,SP,0.9275971556946528,0.8249489806662094,0.9235616722574427,1.0339400117006328,0.4334474978958672,0.3687050269391684,0.43013188493211896,0.5047047361682413,1.083715256966866,1.0038181212042288,1.0815845805306936,1.1668125771707922,0.6182242655776452,0.537214465272267,0.6146150085238171,0.7049826769752284,0.04678616275023815,0.03969539714953417,0.04655449273509928,0.05407759904105432,0.047435292567220455,0.03678473751899906,0.04654793491804523,0.059023799656556804
14361,Ty Blach,SP,0.5606186919938775,0.4832155593047086,0.5576426047911534,0.6429778784054196,0.3129473177135898,0.2539087815728393,0.30981716160567985,0.3759118301284075,1.3533157439828967,1.2404775509370882,1.3512713506725433,1.4694444488783152,0.7481439325345652,0.6407161009370285,0.7448106741153568,0.8592140166964408,0.04170052757054474,0.034294355241709235,0.04142827149759884,0.04907887173548405,0.04182881029434685,0.031279259699551316,0.04084106910897724,0.05332159909670717
14374,Tyler Glasnow,SP,1.206258215858462,1.0908186776043467,1.2021197893272864,1.3289887121339046,0.3552480097312375,0.30221743088500985,0.3537720609577659,0.4116913512324543,0.7910905969710654,0.7320737040565958,0.7898620516503874,0.8513432466353601,0.38352949294484473,0.3318313508372254,0.3809776599625939,0.43910323654485384,0.06621102348214433,0.05740330245407148,0.06591784191327305,0.07546069540391917,0.07902214741514114,0.06248531904986483,0.07771491089729154,0.09673516617776802
14527,Jorge López,SP,0.7893719792834578,0.7031477079737452,0.78728973320638,0.8782600473587143,0.4128460187244295,0.35054486321827916,0.41045909116820534,0.4788063930760663,1.146032652619917,1.06398051779184,1.1434980480057875,1.231520977417608,0.658247097791964,0.5718607411557176,0.6543063798378492,0.7513454879757742,0.04392964496807242,0.03847366571742092,0.04378448590784054,0.049554978109595534,0.04461740990463112,0.03562840362669764,0.04410316741742309,0.05417267827281567
14739,Paul Blackburn,SP,0.858334202164928,0.7671580303370805,0.8531206762906669,0.9538682043101872,0.3046315093602252,0.2583002732774434,0.30223700439958634,0.3549749186879699,1.0126515546066954,0.9403807279677727,1.0113164558551118,1.0888262338413355,0.49865162526881063,0.4331877466441112,0.4957383520267919,0.5668257463482334,0.054858205636453904,0.04811154794954674,0.054688375943722105,0.061665194781396496,0.06409815027358168,0.05064131261188223,0.06307679582633416,0.0784685369056553
14843,Michael Lorenzen,SP,0.77710544001376,0.6978243467846761,0.7740454597984635,0.8593665155653373,0.35479549212081146,0.3066618084657807,0.35274279640363776,0.4047970522142155,0.9559891703906988,0.8843660681861697,0.9549818585389219,1.0288116543287407,0.4669242639575995,0.4058604994701137,0.4652546334156196,0.527619131797899,0.05862825585163837,0.0499266416993916,0.05833522435587472,0.06751678902420966,0.06779654170055703,0.053020152899734205,0.06675464378285917,0.08362862813902454
14916,Jon Gray,SP,0.8722201908316706,0.7883131958982256,0.8692309950634518,0.9607879104033897,0.32873612420321846,0.2850353398708089,0.3270869202181881,0.37500706978465304,0.9836395363483906,0.9203976609285109,0.9821325571899739,1.0508637186028176,0.4895944135368829,0.4312652808290059,0.486833671410403,0.5507729674540227,0.056232849331014176,0.048990994463221346,0.056074666589434385,0.06350858657292789,0.0678411370652064,0.05452179503327577,0.06687251340803943,0.08236022406382816
14932,Ben Lively,SP,0.7833465041099168,0.6952885710018868,0.7810742149505123,0.8766541285889217,0.3070470500342739,0.25768927570898675,0.30460629513021564,0.3582602237854927,0.9597050248440372,0.8837745151371744,0.9582617981153144,1.0365465209324483,0.4569166697487973,0.39514035945601844,0.4543304441378163,0.5212708268929412,0.05997899034951804,0.0506867405836883,0.0593415088480856,0.06980706680151111,0.06479569994551287,0.04953654945426231,0.06381791940167694,0.08098045676310918
14975,Chad Kuhl,SP,0.801936013378367,0.7195228273253641,0.7994751133699853,0.8847221397616032,0.4823444499273958,0.4160924324880117,0.4792960797564775,0.5540592236333796,1.1087261279435903,1.0302855875876564,1.1063967314334433,1.1908849871911753,0.6429542076799127,0.5603257676514404,0.6396958393309797,0.7291353279250502,0.04529698363361962,0.03977066001055457,0.04515502131198098,0.05097475836848052,0.04544771572545948,0.03615812824789817,0.0448662056889268,0.05530564938236652
15038,Germán Márquez,SP,0.6407387007252852,0.569199113232592,0.6381087347122307,0.7160744952163098,0.41294269059087446,0.35124189181384535,0.41043722301571806,0.4765901355192392,1.3325068040103867,1.2415419135190087,1.3297109758684509,1.424908998328712,0.7906590953194097,0.691900553717456,0.7901534741742089,0.8899233172643323,0.03859893720358014,0.0333529205995913,0.03840337975320465,0.04400696282452968,0.04091944640814772,0.032324214745367154,0.04010630804380216,0.05038685756054234
15047,Austin Voth,SP,0.8676656597336316,0.7660645475885232,0.8623643066708531,0.9777976703327269,0.3437428807567191,0.27827367301279643,0.34060057017120443,0.4124946713353158,1.0212971769897028,0.9326090681026767,1.0182802824350117,1.1141731234116588,0.53057301842271265,0.45086521051360656,0.5267987811382696,0.6137767992550724,0.05184077816260539,0.04531666936432026,0.05159172471758823,0.05873424455648803,0.05767429763864258,0.045194855603535096,0.056638760771963295,0.0712312219652332
15423,Andrew Heaney,SP,0.9136906835410252,0.8288439062992554,0.9111254709472341,1.0003162946143032,0.34351460891417496,0.2973719638684002,0.3416195238356432,0.3920936082791656,1.0613163954907259,0.9928733145478826,1.0591024750275007,1.132914635128095,0.5863589713625147,0.5198874480834036,0.5843325992364728,0.6549371058482191,0.047571291722606567,0.040418490227560146,0.04729880602784418,0.05478414983870908,0.04700044740237289,0.03682699053962018,0.046375741797003614,0.05765566423467232
15440,Matthew Boyd,SP,0.9036041612220376,0.8130458320348858,0.9021841521736726,0.997059443920518,0.26446899339701957,0.2245931602651615,0.263259958619454,0.306358444845452,0.9076201858219758,0.8445320279402518,0.9063982505473,0.9706134761261824,0.4167122211167136,0.36532994319805095,0.41497751207135525,0.47067355453175874,0.06508982691063388,0.055574894731483256,0.06442840741926806,0.07538666611480778,0.0819950626639289,0.06409633437084791,0.08044914201916702,0.10162713521653526
15454,Nick Pivetta,SP,1.0570439990550522,0.9659281847703811,1.0534216983348446,1.1548230204924055,0.29870626387004806,0.25972737440474264,0.2974612995026753,0.3397971131687783,0.8325961419245786,0.7775171214826939,0.8316502463840985,0.8884316454761139,0.38617079895672524,0.3420507753369853,0.383963105366155,0.43245473546697855,0.06679823842992576,0.058240984901226256,0.06638901661345431,0.07566858310368084,0.08698738839923773,0.070067772013391,0.08601681569602837,0.10472676333146937
15467,Marco Gonzales,SP,0.5837759497911388,0.5141284554811644,0.5813658172419389,0.6562991234347003,0.31174752832782243,0.2599501373181109,0.3091109920538155,0.3665586018993469,1.1700646494017948,1.0803098009291447,1.1689469574336764,1.2612756741662985,0.5714771971552843,0.49436426172180903,0.5678954474481889,0.6536299483552405,0.05061350670889854,0.04294815066034444,0.050254926132732594,0.058685981477941365,0.0618304557213033,0.047717943435507844,0.06061720571544531,0.07721417380777239
15474,Lucas Giolito,SP,0.9886921912191835,0.8973065396081613,0.9866617835379388,1.083346075735172,0.3553155950514812,0.30864828889188145,0.3538663811060062,0.4051981448378705,0.9290325936367901,0.8687199728505622,0.9284167630445161,0.9900359233444667,0.45764052068696354,0.40319979459744876,0.45600061638278305,0.5122701623528902,0.05948817709410437,0.052622693087303204,0.059253168426337065,0.06668158478459439,0.07361937478433533,0.059902379523760554,0.07254434368649793,0.0884945206921964
15488,Antonio Senzatela,SP,0.5471209434200439,0.4813993918781195,0.5438501706063268,0.6169475862485169,0.3243140252311117,0.2737687550179927,0.3223261605231522,0.37776084125047515,1.4294844426657212,1.3281663639981263,1.427178864877741,1.5328936661666976,0.7899508962381819,0.6879410397273165,0.7861805065888912,0.8955490867292878,0.038965814452137155,0.03363521763229841,0.03873650313284376,0.04451757852852172,0.04166534108740456,0.03284611095914808,0.04095097703588821,0.05154390582707594
15689,Luis Castillo,SP,0.9528428247416875,0.8709008036543056,0.9497113317180724,1.0381352950845795,0.27841205769354754,0.2420106292262938,0.2768670924478238,0.31681210947350136,0.8905295951289425,0.8363036532677137,0.8899046290397878,0.9454609169681679,0.39796511422567865,0.3549582663829483,0.39569026957813164,0.44434216985682373,0.06686885145396776,0.05914119329070299,0.06655522775326787,0.07511535732894767,0.09415183778422775,0.07742474146256145,0.09293541864373703,0.11215157558584372
15734,Brad Keller,SP,0.7354486873772711,0.6584380215450216,0.7326351813613999,0.8151034643361079,0.5231586272147604,0.4518306809670148,0.5192394947364306,0.600706180835999,1.1202207923023975,1.040335353011746,1.1185377892927368,1.2007774796246202,0.6395655889308639,0.557571248187339,0.6361017248791441,0.7240793816686218,0.0453172043392507,0.03984766158089291,0.04512872229138412,0.05092310938088494,0.04626804864872532,0.03728445903306632,0.04574677948904721,0.05598751721490447
15823,Zack Littell,SP,0.799704783337203,0.723700055846862,0.795854809089912,0.8815412582391883,0.18547920636801576,0.1566582310494728,0.18377886782270036,0.216282921262717,0.9915093246737572,0.9213440113884083,0.9898600028316848,1.0609544227202214,0.42336604366253944,0.3676476699535103,0.4212474589641636,0.4804699006074794,0.061280631859811134,0.053940569801253405,0.06092637188419975,0.06897719692019509,0.08457453487949929,0.0678845306710224,0.0830874256378843,0.10344725971521715
15873,Sean Manaea,SP,1.085804867996521,0.9755318345989926,1.0818814868553683,1.1993169830495416,0.3343767310615858,0.282809291079363,0.3328477451659552,0.3897267216903981,0.96839047415288515,0.8970109185269592,0.966657480861358,1.0434692734376199,0.5074824229249434,0.4429749408048463,0.50446166776281,0.5765824210700035,0.054188280290950734,0.045375022804695644,0.053755404874676505,0.06365721213692159,0.05727759689531407,0.044136670986959115,0.0563045135931898,0.07170620052728204
15890,Luis Severino,SP,0.7923210255719649,0.7205606304471157,0.7902683892621587,0.8645114076864288,0.34803321989932573,0.30114836017836294,0.3459959275971616,0.39732063459664363,1.0628067813490647,0.9967943723706736,1.062343170029028,1.1297983600583668,0.5550826134572211,0.4933424163498248,0.5539394171973737,0.6194939962123734,0.05012089319480908,0.04387326335697527,0.04999683431725225,0.05640806046285352,0.05751594679203315,0.04662568990962219,0.05673519414104558,0.06927197644481438
16137,Carlos Rodón,SP,1.1452587999197,1.0472076628836784,1.1423413118864643,1.2447885919544408,0.3360962696317388,0.2950090234693933,0.33432998192833274,0.37914364263597644,0.8032572865157405,0.7502046538828114,0.8024699100251895,0.8578560161308524,0.37654920223303695,0.3331075400631081,0.37474141237743774,0.423609582454756,0.07295418947180998,0.06392116309951787,0.07232651846444527,0.0825698515049981,0.0855307449234938,0.06918608135383425,0.084450787073314,0.10297251136567559
16149,Aaron Nola,SP,0.9673730845421259,0.8824114566006904,0.965365640574192,1.0557467986304871,0.25657608239705343,0.22019923062312652,0.2552533317659935,0.2952609045580693,1.055719751146771,0.989726024615933,1.0544300038552097,1.1216804519422452,0.5460642431700521,0.48375626104386904,0.5435044488909315,0.6112659191668564,0.05394488032700763,0.046768208016393906,0.053654064456653716,0.06127215917579776,0.06297908129046119,0.05072351763265278,0.062172321222288635,0.07595644559943161
16162,Brandon Woodruff,SP,1.2070298054002184,1.0712193883240817,1.2006429638488025,1.3512142213116065,0.2366467050119816,0.1931812200849259,0.2339957784965595,0.28276582325408495,0.7365564902898555,0.669278580966699,0.7348495535011355,0.803991664496234,0.30215864352562505,0.2545346153096632,0.30040717089360836,0.35272284711552293,0.08158934709835756,0.06916959622301223,0.08096491805362463,0.09481398405657587,0.11276610001755148,0.08645113488921728,0.11084608808149995,0.14169435036418992
16207,Spencer Turnbull,SP,0.8070173045001682,0.696022433363976,0.8039092287780969,0.9248248412490971,0.3976637755511644,0.3210505141908576,0.39222312975096363,0.4782762976070949,1.0540026220348835,0.9429834503815573,1.051736178548801,1.1660467993105408,0.5663346982207605,0.46375353410868314,0.5585796534657343,0.6761344844528195,0.05032316800561491,0.04230946219726886,0.04979869878474914,0.05894921775798284,0.05403150775039493,0.04013770687258342,0.05288412865722708,0.06968951962842439
16256,Kyle Freeland,SP,0.6563794393466242,0.5944987209409531,0.6534319309088937,0.7222130033881395,0.26950991305400196,0.2332442930375016,0.26837007859100026,0.3077545161956854,1.2519428531884276,1.17618350433594,1.2501576127071763,1.3311545160107414,0.6313657245220936,0.5632146236466622,0.6291759020459169,0.7013226717288671,0.04765321232253482,0.040957150736337405,0.04749993617480035,0.05450067915534305,0.06186227032833277,0.049387679587135094,0.06088864217243123,0.07525277304315703
16269,John Means,SP,0.8647298822886271,0.7767615053655108,0.8621487702451044,0.9539932243381332,0.22057327001435492,0.18680837370032136,0.21918042029401644,0.2562143383559453,0.9256960128536126,0.8558411928999949,0.9243405743918055,0.9969953069713118,0.40204015309631963,0.34879509304629897,0.39879001753848486,0.4598939587838822,0.06359950890760192,0.05604594650328971,0.06334073028549209,0.07114126437297391,0.08361094310866735,0.06678843780894685,0.08269942845769543,0.1012800155057474
16350,Ryan Borucki,SP,0.7916472883499935,0.6999236726252747,0.7882737078532629,0.8888667705205012,0.31520925877505535,0.25834145332457586,0.31263421589814955,0.3744359064355718,0.9779201743927779,0.9028415435637455,0.9762885481727691,1.0554228073817187,0.46693871811154,0.40575935830070076,0.46443677899756686,0.5313786829234918,0.05580625520872019,0.04911360687200151,0.05562741548662274,0.06271532311522483,0.06842571282459299,0.054729560001084414,0.06734720217054607,0.08364845291409564
16358,Tyler Mahle,SP,0.9751647499918463,0.8654777018202302,0.9722673150904042,1.090852178791094,0.29075853679826547,0.24347559143762432,0.2880067769754521,0.34147127139574307,0.8229073895558138,0.7584438720874935,0.8218960166851612,0.8910245354147437,0.3582645160442943,0.3089818591501662,0.356376141083627,0.41042561718534687,0.07043754900821222,0.06150251923383067,0.07002991418610412,0.0799927793652976,0.09499743326789584,0.07499062499592252,0.09376755046400151,0.11654901081239222
16400,Reynaldo López,SP,1.0955895153007558,0.9745249687183651,1.0924097360936251,1.2222989816382028,0.286643339191127,0.23813991519134134,0.284240806049806,0.3391232470527906,0.7887912852869289,0.7250514640554007,0.7872002315354076,0.856067415223641,0.3336933797955001,0.286239941391004,0.3312088126785009,0.38416273765853143,0.07487781369632382,0.06521128170252705,0.07443319258887833,0.08528900632497739,0.10335585929552574,0.081229077946821715,0.10149475698681737,0.12801659658352355
16401,Yonny Chirinos,SP,0.7235086416763926,0.6078312706876408,0.7183525670476768,0.8442677194823115,0.371915583831486,0.28866415340633217,0.365303190332651,0.4651284050917321,1.2448715523424339,1.0973465104349474,1.2405412463792924,1.3938782083207082,0.7182042248318257,0.5742800214691048,0.7105342246325437,0.8752566789414055,0.041601450686083216,0.034308090777753736,0.04109801505072051,0.04960926073731242,0.04125300895148374,0.02984544043823727,0.0401294923929308,0.054396766456337044
16502,Ryan Yarbrough,SP,0.7227817332325812,0.645743194462629,0.7201661125867724,0.8032749523219294,0.21867796726737748,0.18256323072416014,0.21731955240629175,0.2564684101046755,1.1107646167126868,1.0275873036584793,1.1086495135970118,1.1971056622059246,0.5321283655903278,0.4598275580862383,0.5277330522593935,0.6116473429157103,0.05158083845135477,0.04513596883461832,0.051305730715866686,0.058410175844223235,0.05990514002442239,0.047237480674829566,0.0591527125196075,0.07344673693288414
16511,Jordan Montgomery,SP,0.7801907493289553,0.7041701111749716,0.7779032508497385,0.8576556477114768,0.2909956219497385,0.2517498266820879,0.2894049325324599,0.33252064586197233,1.0683060418524197,0.9978588112498927,1.0676937431300866,1.1404351290805987,0.5271577294263399,0.46138603371489384,0.5248888041102795,0.5940621937728907,0.05331439663288295,0.046552101410779236,0.053065027759843814,0.060364135319063365,0.06437742739725208,0.051729151501579064,0.0634098603869258,0.07794309753787056
16561,Austin Gomber,SP,0.6094104994434347,0.5389113474422659,0.6069363749741914,0.6821506176665243,0.3060226366527359,0.2600815160280403,0.30417764361720734,0.35464198940583846,1.3043824817427692,1.2101837772311754,1.3006175181517508,1.4038560238693782,0.7143384427655154,0.6228602430050602,0.709645641517191,0.8135280252491268,0.04228685017514229,0.03615520621802061,0.04202929549330876,0.04861051885910526,0.04761547334922749,0.03723122652280903,0.046916797819921086,0.0589521410147666
16918,Luke Weaver,SP,0.8202260978589769,0.7312859485020735,0.817721895234498,0.9115083802917494,0.34246775926228,0.28984770333161947,0.3397192787001485,0.39763631109162023,1.1625429358301476,1.078189542662326,1.161440535156288,1.2492800597971254,0.6568165793081087,0.5701231363136016,0.6541012456397648,0.7470415637402237,0.044040035626473635,0.03837830608742504,0.04399517355331535,0.04977340730582726,0.04533201548415462,0.03580622383966383,0.04471795575274823,0.055695406768339194
16929,Touki Toussaint,SP,0.9740959330917295,0.8649338671807075,0.9701461356212189,1.0882018610600406,0.5172407760167299,0.43999576924368805,0.515484924746346,0.5956696989516472,0.9355097046570383,0.8640385559293742,0.9330014422097748,1.0103357294854003,0.5246318566547992,0.45233751876216655,0.5224343604234798,0.5987658810487007,0.05193653801860566,0.04561439528300509,0.051780204381145556,0.058492430973703616,0.05183897814211886,0.041282593350487125,0.05114270044939125,0.06298699866872116
16943,Sean Newcomb,SP,0.9944746039727601,0.8931410603809714,0.99028990763706215,1.1010898665359117,0.4305978864841221,0.3698870269230816,0.4278170542970522,0.49544513972269894,0.8713437586913421,0.8124425394175924,0.8700446159531603,0.9316199712845528,0.4382468602355846,0.3855799461048848,0.4358873558398395,0.49380251220546834,0.05949846995247508,0.05319952984957657,0.059250855058371577,0.06602205923703343,0.06815874662037404,0.055431736105535215,0.06733001165463592,0.08191381330405732
16944,Grant Holmes,SP,1.0430937939300626,0.9250019292000918,1.0402078935101144,1.1668306813094997,0.4085185278222997,0.3387422128311373,0.4056211497521135,0.48163486994187016,0.8883352192897039,0.8150542060523753,0.8859704318814366,0.9647202651230848,0.4531633143721782,0.386406651309874,0.4507312449323595,0.5226559308985896,0.058690167630758516,0.051139366359591786,0.058389518449735105,0.06668823354876584,0.06764586432479062,0.052832379504383985,0.06659226441266992,0.08344371496032864
16977,Trevor Williams,SP,0.7684924997099596,0.6828115095580883,0.7664384259734832,0.8572586544235272,0.347604350510044,0.29519801628109793,0.34556359942955683,0.40393449245693347,1.2083973669259054,1.1208071423128334,1.2076930708998388,1.2963237758837003,0.6718882178592084,0.5880355078864327,0.6701907634571462,0.7589057163947712,0.04443013807661362,0.03751508267292811,0.044055030430540695,0.05193165832999835,0.03958314037997738,0.029890317587948616,0.03887770172757177,0.0502115024417663
17034,Sean Reid-Foley,SP,1.0195933936713857,0.8897767864956427,1.0145083187116812,1.1541371978579658,0.5075200640635029,0.4212327243885877,0.505168012888849,0.5972420997472938,0.9316958862365763,0.856065055236167,0.929088011490592,1.00980748666387,0.5234137696425368,0.4509990675317343,0.5198946894531931,0.6017970643376582,0.050419891292491636,0.04332681370672812,0.05016931925196429,0.057821340544115224,0.04793087408393354,0.03694246314848848,0.0472689569099264,0.060002616854233026
17085,Pablo López,SP,1.0961796599577418,0.996547519298899,1.0915142601001668,1.2004502961003845,0.2490977498387377,0.21490637329194356,0.24787348006714632,0.2842237734922626,0.8776770460332565,0.8227734835787941,0.8769777213422594,0.9335370383335402,0.3947381811896929,0.3482040414394703,0.3933804816218712,0.44264750041010736,0.06598432853505974,0.059131333672989395,0.06575984426154452,0.07304838028363426,0.08800334974879138,0.0720458710506331,0.08699288195615179,0.1053416489951173
17149,Domingo Germán,SP,0.9361226586281688,0.838761009797074,0.934453546229153,1.0364493977007072,0.296219651202282,0.25010645518899066,0.29447746888789333,0.34419638000677694,0.9302071631223575,0.863551838708003,0.9299057551821006,0.9981342385499818,0.45320829396977425,0.3936220258260382,0.4511570042356483,0.5141929575219357,0.05851872248027095,0.05126867818278542,0.05836168915471357,0.06587008151236834,0.06969556059804773,0.05562609857310562,0.06893638699103907,0.08509405739117185
17277,Ranger Suárez,SP,0.9725877894834963,0.8780202926453858,0.9687392951389966,1.0729809643234076,0.2583940712040613,0.22176343831023973,0.2575061287345727,0.2956455924432057,0.8693878393011356,0.8077094934065607,0.8686927661807756,0.9311672376069522,0.3730369938139769,0.32390005959815976,0.3716640981500149,0.42516811262117554,0.07004818827768962,0.06204413725296435,0.06967935025140826,0.07866244909694971,0.09753757621122745,0.07900269750308199,0.0962834085733929,0.11784165126151849
17282,Michael Kopech,SP,0.9673428917964932,0.8732044006166743,0.9649290026271321,1.067074248647645,0.5613535965536323,0.48837369211802717,0.5594536039300345,0.6390382517081826,0.9153345783987562,0.8520737470340329,0.9137243839635429,0.9813106157610577,0.5124359542738619,0.44726865152873096,0.5094651493540532,0.5813104390433895,0.05256357733815247,0.04634653522947,0.05227201553455547,0.05911192542570485,0.0524818391624074,0.042291595939585924,0.05163787049420561,0.06365252993971372
17295,Framber Valdez,SP,0.9476220620519882,0.8640500089933465,0.9453473992486883,1.0327350971467224,0.31173849660874403,0.2722369672271901,0.31059575318097815,0.35268694558205166,0.8580860697397353,0.8032754958608516,0.8572338633328684,0.9145976740280064,0.3777526971470881,0.3339741052626273,0.3759129807741173,0.42387244032576965,0.07103029167074185,0.06255401488973027,0.07068510978989419,0.07976766222054019,0.09630084496345992,0.07868402823144356,0.09506304608331086,0.11562711001369019
17312,Justin Steele,SP,1.0226890824678343,0.9281854393509081,1.0197049058454224,1.1222197318218294,0.25885314786484026,0.22220841811748457,0.2576407080752351,0.2970481332215971,0.8438065631064188,0.7830561946070296,0.8431360298083559,0.9070971679390761,0.3635706468135075,0.3163623330029395,0.36141130547322664,0.41428406071379426,0.06951149388340395,0.06204383882196441,0.06927138310042419,0.07736913254347011,0.0963427146695198,0.07825036933772682,0.09489846001843866,0.11657536936251965
17425,Erick Fedde,SP,0.7414220759162428,0.6666040888491087,0.7382671887025274,0.8180574071350323,0.3881761576932806,0.33684373230530956,0.3849170945436652,0.4421978850230098,1.032223508976169,0.9632291848731769,1.031355211665209,1.101894233419757,0.5334605611449335,0.469378001035353,0.5310537529098796,0.5989816302036417,0.051241143439779806,0.04446220920159804,0.05095551610583328,0.05840504675913935,0.0554072280714577,0.044132080760824276,0.05469140518898472,0.06736388414478615
17432,Jeff Hoffman,SP,0.8726497129309277,0.7607741628366652,0.8685065596829445,0.9859657345008431,0.44323302294417594,0.3627167382213973,0.43906807754459865,0.5309741835053703,1.059403675227079,0.9735072339909702,1.0579466200570324,1.1462975152159258,0.6070793334498835,0.5221336759971589,0.6039133553722831,0.6947274107639579,0.04605136807656452,0.040246183359369116,0.045862608834896644,0.05197460239743455,0.045372080436502024,0.03590054218629292,0.04464689950274977,0.05562011851000396
17479,Jack Flaherty,SP,1.0434377318732497,0.9537098743858878,1.0396618114271998,1.137289853499081,0.36426491607808775,0.31998880783752076,0.36261366161886366,0.41029881476153696,0.967274782941142,0.9092356046344134,0.9666192216179882,1.024731051324107,0.510325140910934,0.4548105684070694,0.5083240714506118,0.566699865585352,0.05460196392771494,0.048999602077853276,0.05444726907611999,0.060439956193178976,0.06088978957637703,0.0501371576363629,0.06015312253253595,0.07250881028212273
17578,JT Brubaker,SP,0.9391639097119657,0.8486846445683657,0.935620093234435,1.0327247587381079,0.35519115777294546,0.3054509315815523,0.35264987856654034,0.4081664696900282,1.03752657495822,0.9638099525219975,1.0369829821486607,1.1132273300501698,0.5640879247678976,0.4907886280292704,0.5610657261372629,0.6409082463531132,0.04896862674137678,0.043236512132289115,0.048836443751082974,0.055007809663967844,0.05353124651512134,0.042851361807876215,0.05299610469970674,0.06500081855205177
17594,Mitch Keller,SP,0.9128220711065428,0.8281173122460448,0.9096765121456238,0.9973139924830916,0.26058627056182737,0.22804641183396546,0.2593574850118098,0.2951941022413058,0.9264062770498641,0.8699440731795034,0.9253341682578673,0.9836708047837819,0.414292081602669,0.36861524488091146,0.412273589955815,0.46299233573703497,0.06380298632999737,0.05724885253813035,0.06359706611625068,0.07067994031123762,0.09131757623926964,0.07456699127634878,0.09024634894750733,0.10932845032528796
17606,Cristian Javier,SP,0.944359129593598,0.8399414215258418,0.9410365007834193,1.055438836939863,0.411588890403817,0.34626663261466606,0.40921015070192124,0.4815613376113971,0.9455079268907675,0.866633811193502,0.9432605191165206,1.0269734558666632,0.4991991954062828,0.42359032397146934,0.4961771008776235,0.5774039917883548,0.05455189222740825,0.04793886744769135,0.054206865358630785,0.06155237315887652,0.05854635291532058,0.04601777789166151,0.05783528822953522,0.07188757221803264
17611,Taylor Clarke,SP,0.8260506638722557,0.7253416036703916,0.8222978598882783,0.9303201994902282,0.3503756629124024,0.28790606466774266,0.34809652230876864,0.41805959557714734,1.0267875997532383,0.9458970015688378,1.0255848125954588,1.1090179343491318,0.5313270270314745,0.4603337330282539,0.5291873661268187,0.606237898840738,0.05116695075000315,0.04520711470983649,0.051041605369447386,0.057392250067695993,0.05596988666237039,0.04453490696195066,0.05537041858003499,0.06808827218964149
17677,Jeffrey Springs,SP,0.8646473044085329,0.7719889572275337,0.8630852576199772,0.958522789074983,0.3048955046214864,0.2591387911252382,0.3028962910804299,0.35420285201072516,0.9508363082106598,0.8811318657783204,0.9492402583108133,1.0254137948257078,0.4552677170160577,0.39460214404424904,0.4524893161501898,0.5200481439715088,0.059273004662301336,0.050742272503339916,0.05896619332180714,0.06810034365114782,0.06888811707097435,0.0537847065621652,0.06753286075863654,0.085321709739385
17732,Nabil Crismatt,SP,0.8052230868934686,0.6767145347583676,0.7997108038017209,0.9414760333665356,0.29241988594199986,0.21877814220695163,0.28795429177269133,0.3721202321291134,1.035116126728782,0.9135943109415695,1.0306254103584767,1.1586512096287067,0.5051872183898027,0.40611456689547165,0.49973346772318594,0.6135930678439939,0.05547254558906573,0.045910485566094394,0.05487760853993964,0.06564659889685365,0.06599528147921106,0.047456373841743886,0.06428488130310547,0.08717248872746199
17735,Tyler Alexander,SP,0.7157974062412855,0.6299776558782306,0.7131927896677543,0.8041992616121624,0.26009478650655676,0.21527158598717164,0.2574418845007025,0.3095662466231083,1.1359849717200827,1.0441097596838642,1.1330183441475326,1.2316581535132585,0.5645892931755664,0.48575297160643344,0.5611694809072607,0.6482067481569826,0.04877596350768176,0.042836420753203805,0.04863661766623481,0.055027320924410095,0.056533079856465954,0.044636984156854506,0.0556336964828706,0.06951825900669233
17874,Nestor Cortes,SP,0.8674466440416643,0.7672504278549248,0.8646667573099667,0.9705890572213521,0.32154586956267944,0.2705171148186427,0.3189473368156734,0.37709916435813223,1.0206447520665076,0.9376938952298388,1.0190610464388108,1.106314108756381,0.5258465208710091,0.4470373846282284,0.5232591282169357,0.6061323956818044,0.052492513483226304,0.04543878623274668,0.05220231930554956,0.05992613804762788,0.05780717554987536,0.04484413797083236,0.05685415812553375,0.07152479466884328
17948,Trent Thornton,SP,0.9233267197107025,0.830781253958004,0.9203722886004007,1.0200077391368723,0.3718711238970343,0.3166585293894979,0.36944233036895996,0.4306171256626511,0.9677940249209979,0.9019919970405682,0.9665746176494777,1.0357223648129472,0.5022891034135355,0.4426951227463877,0.4997642943194983,0.5653433102718181,0.052714737844071956,0.04700380954782678,0.052491305168158336,0.058742082976966106,0.0581792205202563,0.04710872219881782,0.057344280490643634,0.07021547553265893
17964,Tyler Gilbert,SP,0.7575650610684134,0.6599318962092766,0.7538694289203809,0.8619727059874097,0.32665264183296217,0.26010396050140444,0.3223507753624142,0.39771039530478136,1.0423105803103487,0.944222635601287,1.0390393329598533,1.14054505580744,0.5215852881738304,0.43696930861923,0.5187353937994049,0.6082166595078217,0.052397245938608714,0.045179751783621394,0.05217824437248481,0.059854009211225016,0.05897345683701023,0.04526192908076539,0.05794846737789064,0.07413685923248722
17968,Brock Burke,SP,0.7101827738098752,0.5907221595941954,0.7027474351705041,0.8379849549915602,0.40075284201162464,0.30848657122113265,0.3942181087106773,0.5025083388149856,1.137407129791127,1.0123657717378496,1.1328987705514413,1.2687263100999757,0.6418712292097835,0.5290570800425931,0.6366293141561776,0.7612775926984386,0.043231382630273076,0.035897284959966656,0.04294090014950763,0.05100019472360839,0.0442457523560965,0.03261094306326295,0.04297224438864582,0.05776694710011222
17969,Peter Lambert,SP,0.6796101108874149,0.5936715041244209,0.6765367767234169,0.7696870312643884,0.3951844211072657,0.3279208544863529,0.39395415006068624,0.4640315883086646,1.2118380873116392,1.119745423291964,1.2089581864115395,1.303988881139308,0.7045262554535447,0.6176181201822716,0.7000882337397799,0.7979934773635025,0.04010780718345255,0.034455326482198866,0.03991385518498573,0.046036679089229725,0.038044160974827726,0.029444153785534402,0.03735772744246378,0.04734397154265608
17995,Logan Webb,SP,0.9557657033174966,0.8734496504534088,0.9516602279319686,1.0416496929750714,0.20234737221347113,0.1764728849671988,0.20179087377711016,0.22978893231138067,0.894608024553226,0.8428667819415597,0.893620123177531,0.9475174963882171,0.36478748165146063,0.3244652852485396,0.3639189545775173,0.40526299764385665,0.07030328284536515,0.06354252733149263,0.07000376775703399,0.07757104843950734,0.10632367217983894,0.08861561158777798,0.10505131962571349,0.12526900083042114
18000,Triston McKenzie,SP,0.9704899162512277,0.8723041137782346,0.9683243114168321,1.0743696257854096,0.408705424962709,0.350721101716592,0.40588911016921403,0.47231790505450305,0.9153281847828707,0.8471539181503471,0.9136822412582534,0.9838477856775146,0.4806912937168709,0.4181421093814017,0.4784048748895925,0.545941425971863,0.054827858946547334,0.048743668229088044,0.054747768600323904,0.061092066496035394,0.06070254254557687,0.048633608239417835,0.059924798480016445,0.0734963232651239
18311,Carson Fulmer,SP,0.8426337242032416,0.710427083879986,0.8366399412616983,0.9784202741051086,0.5460335312718911,0.4325107815068753,0.539595016968442,0.6666422142070519,1.1080506541922945,0.9966928248335805,1.1057681708488052,1.2199738243033729,0.6822783851644495,0.574645020364233,0.6772776424578754,0.7969812128551792,0.04201512348731029,0.03575769098415352,0.04176370902423748,0.04849265460291651,0.038449047771733344,0.029162888776680152,0.03757884964138907,0.04888648967289186
18383,Michael Soroka,SP,0.9404072569491225,0.8348907472369814,0.9360455360380879,1.052887850116067,0.32449807588077684,0.26888961402672956,0.3210859457001889,0.38353413887177124,0.9664850989094441,0.8923321251589205,0.9661404054629301,1.0412499081565811,0.4847221436665316,0.419259450806577,0.48283152754049685,0.5519536737815297,0.05512645423752983,0.04899524779864306,0.05484982321376403,0.06168110947571426,0.06372448251160698,0.05056410717200833,0.0628196313682,0.07766942487281508
18498,Kenta Maeda,SP,0.8943708927241332,0.803181288833366,0.891317245329764,0.9882498877299646,0.3213234329361876,0.27169148844041846,0.31825880974286525,0.37463259847328045,1.0674543139466297,0.9881656818598632,1.0672170212219037,1.1484887485107738,0.6127174602098411,0.5344224112592243,0.6092170453377758,0.6954990756957989,0.04815137190053182,0.03935581756088911,0.04777676559273651,0.05725255946215963,0.041633282438163444,0.031075494927619192,0.04099757336735705,0.05266710586395679
18525,Dylan Cease,SP,1.236748189112635,1.135505827999263,1.2347376958025431,1.3425953903283403,0.38403702985465804,0.3384584285222135,0.3817355415042051,0.4318388415148668,0.8272882408807333,0.7761452210137989,0.8275508167827424,0.8783893178792872,0.41572854030788303,0.3696419099913392,0.4138057791947781,0.4651346577651124,0.06320386890247627,0.056492889342321786,0.06296844977718921,0.0702668782265713,0.07351849362679586,0.060735523082193335,0.07246817242928422,0.08721059455155443
18555,Logan Allen,SP,0.7628775611506792,0.6606598394118196,0.7587007091010978,0.8711916885760614,0.35683130460635804,0.2841309557149261,0.3528747500946439,0.4338315995763868,1.1142656280584653,1.019793216281561,1.1100386310911583,1.2140000357342744,0.6056690297118799,0.5162017693455374,0.6019500949704308,0.700302991456087,0.04577151131061582,0.03944524297397771,0.04558318200131521,0.05222316152699323,0.04773864386467447,0.036990228474604966,0.04692392422111039,0.05919209856510791
18674,Jake Woodford,SP,0.7011661732951101,0.6090004511684677,0.6962713812812885,0.8002763538669256,0.36222472365717223,0.2952170716900833,0.3589745350651412,0.4348843260058921,1.2081183232750894,1.1040552609263878,1.2046090878625546,1.3177449441308928,0.6770909517273981,0.5785114094337612,0.6737958384783267,0.7816164313054361,0.042727705370566624,0.03718690703442988,0.04257274280696392,0.048488260895128775,0.0436672311160679,0.03398445624109781,0.042961712119639575,0.054032773001571534
18679,Freddy Peralta,SP,1.1428408820105471,1.0462840073564665,1.1400712574426124,1.2414024655810454,0.35046064557291823,0.30699799303535624,0.3499747316768763,0.3932714418341339,0.7955615963284853,0.7462167220917332,0.7943194494295591,0.844960256656957,0.3745918323513243,0.3328950322071095,0.37379841899106364,0.4169820687686964,0.06863280027976497,0.061483145060095855,0.06829426539508099,0.0761763760853989,0.08168227929196521,0.0670839684656674,0.08066610051090445,0.09736288635224845
18684,Sandy Alcantara,SP,0.8420222049370212,0.7649210456547524,0.840203120370228,0.9206628347821502,0.2760063696024788,0.2382003417813758,0.27443287511614706,0.3155130620360998,0.9967872299690953,0.9331347638693732,0.9958417646778254,1.0617885912798954,0.4737165071760679,0.4186083580712037,0.47187424103166814,0.5310992400731415,0.05759916048266985,0.05135965902602587,0.0574411760580193,0.0640434011957152,0.07135776143228688,0.05829544611206218,0.0702750103268994,0.08573429783567693
18694,Kolby Allard,SP,0.8301687605922148,0.7476916750855138,0.8270224913361988,0.9161499218619851,0.33231428261866885,0.283531063068955,0.3312361342028539,0.38330001078575643,1.0370519988418552,0.9684062312299782,1.036523441592903,1.1057097478904692,0.5487761563519034,0.4869375460679871,0.5472412962618345,0.6133913849622803,0.0483290841568546,0.04263389456199018,0.04821398504835858,0.05421732437614654,0.05169429109618576,0.04166227527889811,0.05081546623955015,0.06308751845220167
18769,Cody Poteet,SP,0.9569564586716219,0.8198456057240247,0.9523365458398307,1.0992866531104823,0.4067394517595045,0.31950928774974363,0.4010561779975548,0.5020646846478871,0.9430024879247919,0.8473645495997679,0.937863428120651,1.0440058427363081,0.4943603208332238,0.4119728699589321,0.4892508630236315,0.5848170815417734,0.05443766641094652,0.046852015611256105,0.05415775997677246,0.06243674159570334,0.05928447337215931,0.04531749826436283,0.058238887732272177,0.07469752138466297
19206,Dakota Hudson,SP,0.5799076731974202,0.5146330245672011,0.5772972278371296,0.6473312716542231,0.5157437173067183,0.44705348403640705,0.5148371274994297,0.5888127115828716,1.240631165447008,1.1529791178660096,1.2388970346349555,1.3283275196283078,0.7142536595115059,0.6266774863549228,0.7096609522476889,0.8093582268453643,0.04207589957509543,0.03634201569999157,0.041862496470207684,0.04795293982272307,0.04044037261509973,0.03205068243693126,0.03975183035990562,0.049278843074343257
19225,Mitch White,SP,0.7840345350894733,0.6911479382129501,0.7826137126735306,0.8792136540139454,0.3740163797888532,0.30624745478460946,0.37128762873399135,0.44385375560532137,1.116622479517337,1.0270860733119749,1.1156302697644236,1.2054064143266414,0.6181694901234788,0.53435456430309,0.6142833175492485,0.7033489722835216,0.0454502733419533,0.03972683376824964,0.0453414640184782,0.05109904637795214,0.04662811759928873,0.03690369804999579,0.04606433192798407,0.056747332577957936
19244,Cole Irvin,SP,0.7090059677536642,0.6311816538910979,0.7064759491106962,0.7883979069727658,0.263383195067882,0.22245421038510385,0.2623701038936055,0.3051448492680138,1.1406736055558593,1.0536671545061114,1.139389980315722,1.2285476110873437,0.5633365758088908,0.4860312263227083,0.5610384177083829,0.6438048345261774,0.049426774192594766,0.04276141048344938,0.04927449203255026,0.05619535488494392,0.05679328772122949,0.04447476933316311,0.056165105793811676,0.06987107558255251
19291,Zac Gallen,SP,0.9297825129298047,0.8500129048997289,0.9276571423705531,1.012835561922684,0.3124796178136226,0.2733143955134625,0.311533719067595,0.3528428880686836,0.9504875745018493,0.8931649052329806,0.9496312200080304,1.0088894952531036,0.46166861032178913,0.40984796577769367,0.46053577707656707,0.5142755231581633,0.059722129747825405,0.05366703175758453,0.05945144197295703,0.06593558109131971,0.0729882618452041,0.060034051625211415,0.07236987721223187,0.0862067513209026
19309,Trevor Richards,SP,0.9577604188034625,0.8664188728622626,0.9556989355754351,1.0525987013462288,0.3840719217336667,0.3324777541772031,0.38233655026036584,0.4376306530660109,0.9277972896743202,0.867953165181126,0.9265941466355201,0.9902857105804841,0.4728843965287419,0.41728283910881303,0.47067947043059244,0.5316215246852857,0.05536964351508076,0.04969855376443725,0.05515315556277725,0.061206346157961423,0.06220792130639708,0.05049743154165845,0.061474200095835485,0.07474518794564254
19312,Cal Quantrill,SP,0.6684969666625328,0.6009311581820103,0.6666086523947483,0.7392073014467138,0.37805651216721287,0.3281107113969588,0.37557810974066097,0.4305965910273958,1.1774593024801001,1.1020283360341587,1.1766059413450443,1.2532669898504123,0.6338126303056583,0.5584695155962313,0.6306280957880506,0.7133776323669675,0.04570255483290747,0.039991009320946645,0.045483868715089935,0.05159104575097323,0.048439789870595315,0.039260704893065435,0.047774902615363546,0.05824602417166061
19316,Eric Lauer,SP,0.9800564384936995,0.8784854408820401,0.976842723515247,1.087549827909086,0.3192164986109426,0.26971820736053764,0.31651324663567115,0.3720705289945493,0.8869850413079476,0.8231835473603897,0.885337847441221,0.9534254769242845,0.41757508294264395,0.3633137473990577,0.41635028074706215,0.47373583713693446,0.06376375448342332,0.05623394812283075,0.06336787872507596,0.07183846830900452,0.07605068817305388,0.0610462825617705,0.07504066816280697,0.09190729455018197
19320,Joey Lucchesi,SP,0.852571941707595,0.7390287323494027,0.8472596852885614,0.9735511387755283,0.3153860610081139,0.25458045369560106,0.3115799240144851,0.38067137928913,0.9499478872938637,0.8576465729513241,0.9473036155343022,1.0462283682040063,0.45668319031785454,0.37966078511044976,0.45273350145224905,0.5407004705831284,0.05885996585968399,0.05014387761856789,0.058319335238297965,0.06829954328323459,0.06997378704306663,0.052681461489846475,0.06853813347063188,0.08906482736342677
19350,Dean Kremer,SP,0.9075026189893018,0.8200236311617679,0.9053987645917092,0.9977417428115707,0.2830290254395948,0.24449048541237822,0.28129516128254217,0.32393000703190095,0.9108920146156462,0.8499784127075612,0.9092342372477229,0.975147993000382,0.4156104457380353,0.3650401627403408,0.41263919833150386,0.4705153142866188,0.06358479999190415,0.05656519062603019,0.06335421412939805,0.07093308538976259,0.07923191771278768,0.06446433985818198,0.07819277410513875,0.09505686424255706
19361,Corbin Burnes,SP,0.9046885195202196,0.8161491353978252,0.9004088274184368,1.0011196645892144,0.3010851797947896,0.2572885130446753,0.29836542251515696,0.34653583803892174,0.8785052943989929,0.8132462008886523,0.8771436932864881,0.9461104371600609,0.3986707694178896,0.3458361320387858,0.39548907723956234,0.45452299885191805,0.06444071480000434,0.05596539786397432,0.06421708909831651,0.0729993526989724,0.08626982817127066,0.06931168707301487,0.08471607104469223,0.10482842470004856
19362,Keegan Akin,SP,0.8548358614959493,0.7603003503384045,0.8515130842591427,0.9566553863574602,0.40135881515069183,0.33726998065753194,0.3984648372987242,0.4684517414859252,1.0931621587688432,1.014616852158616,1.0917239074171055,1.1732089604120413,0.623153189255462,0.5461163572592151,0.6196220208301393,0.7056849792289089,0.04502349064139633,0.039782347625151274,0.04492421689615528,0.05023810520854841,0.04487888957082626,0.0360814041683981,0.04434161612061882,0.05450423483291036
19374,Walker Buehler,SP,0.7404515709780306,0.6622962191019598,0.7372127958130024,0.82161447822261,0.42014359674612334,0.36098526085848454,0.41684437213135617,0.48539292076352314,1.144736315397537,1.0667192141740167,1.1437801962727745,1.2226840237969934,0.638339969051927,0.5595234962540783,0.6362178590410434,0.7172507766786094,0.04554024581712267,0.039687545399531565,0.04527157176441483,0.051685636893089595,0.046637991109511334,0.037028237740131816,0.04589982434898628,0.056716268129245635
19388,Tony Gonsolin,SP,0.8559857276298056,0.7471957676566584,0.8499217160563042,0.9736775415238393,0.42750453207919814,0.35253438027633444,0.422860591806439,0.5075141421954728,0.9637002468667343,0.8682556595513048,0.9599983252876372,1.0602231520180456,0.5109706311708889,0.4239390089783689,0.5058791325630239,0.601721438601822,0.054963507054368664,0.04548158872024677,0.05462443216212685,0.06450112969877463,0.053452599181059296,0.03973561246700839,0.05250483303212626,0.06842376316693743
19407,Ronel Blanco,SP,1.0145563652358944,0.9007899897208809,1.0112135979931942,1.1333283581248945,0.3793109487440638,0.31734851703941686,0.37558853966139866,0.4459711724325639,0.7887543511425188,0.7196451512711776,0.787423951228513,0.8613964531679331,0.361446013732443,0.30533899365812806,0.3586299349769144,0.41967602231679685,0.07054749878353306,0.05986851812600645,0.06991480415989068,0.08181006968834978,0.08653722084117525,0.0671087729191865,0.08488404671725386,0.10865720249780533
19409,Dane Dunning,SP,0.8601208246875739,0.776810934129774,0.8577618707282764,0.9470251461133984,0.3620998143856777,0.31239880948135207,0.36038410121898,0.41350459251133126,1.0040791982125428,0.9321020761219676,1.0025692675628652,1.0768480840824,0.5171323219328509,0.4505490014261609,0.5148073240206241,0.587786591825149,0.05306175553601162,0.046778782051213635,0.052836782813562716,0.059580990869322496,0.05825001120256157,0.046116479032706395,0.057500351745154055,0.07133917481816576
19427,Shane Bieber,SP,0.8981256243809036,0.7969963412021405,0.8939228232205847,1.0026557158670737,0.24132140622938306,0.20010206019882232,0.23846607403110054,0.286026660876566,0.9254423085906223,0.8513515418548491,0.9245708935446997,1.0023773361462174,0.4056583372327278,0.3484416410190156,0.40364940287536744,0.4653143018027798,0.06410686638129409,0.05593345280063867,0.06371277092225706,0.07286631428160346,0.09114862096798518,0.07178693216037818,0.0892372068083711,0.11285880727575971
19447,Patrick Sandoval,SP,0.9279522989485888,0.838423200969889,0.9249026348487013,1.0209450998517036,0.413377243982107,0.35965638707126407,0.4109344733925881,0.4702246620595951,0.9579746097448756,0.8906889560327629,0.9567278206612713,1.0275295141003995,0.5011822557959252,0.4387767248339336,0.4987934668891344,0.5646040672048948,0.053011333426345744,0.04735845590461297,0.05288462590718618,0.058706965590879234,0.05798073131801175,0.047378312811445306,0.05709754992320598,0.06968643449961581
19479,Aaron Civale,SP,0.8925143832675139,0.8033497578037527,0.8892607311532155,0.9848750885991486,0.3279171774538398,0.28011036718131993,0.32619764928526745,0.3780634986638174,1.0384068492256224,0.9680269148368317,1.0369144098504743,1.1111808549905735,0.5450252725117738,0.47721397766951934,0.5432322646538896,0.6168903753464203,0.05036186182628566,0.04418070549406764,0.05019431830744986,0.05695246412259638,0.05253972594932385,0.04188297505898728,0.051768257745751375,0.06414088085991274
19618,Jordan Hicks,SP,0.8870532338276136,0.7865305621528605,0.8837509311888965,0.9934151202110055,0.38801766109967106,0.3225479556000593,0.38450892039316875,0.4584526545666874,0.980987258663583,0.905385770808207,0.979292130601136,1.060127005014889,0.5104863206773719,0.4408282002723659,0.5073055980402261,0.5830155621679577,0.052892790654186325,0.046686759381019974,0.052780943955471726,0.05914516058562458,0.0574793868972449,0.04567087967801349,0.0566921100261086,0.0702846446228001
19666,Jason Alexander,SP,0.7684200449193391,0.6640347974968264,0.7632330483371277,0.8796657086335495,0.3441563838002957,0.2781698747821908,0.33918872266836275,0.41539578231775964,1.0816060678109116,0.9825982168333662,1.0767104381827644,1.1896400907895648,0.5621821363277005,0.46967390951054666,0.5576631459070116,0.6591730071000965,0.051016352985052,0.04269440031020225,0.05043822365985136,0.059900459796346985,0.05541809400982633,0.0411860004369113,0.05410708388770036,0.07124102038645976
19680,Sixto Sánchez,SP,0.7429480283531096,0.6412838651147078,0.7391093795238288,0.8501384796802682,0.3291875532386004,0.26540020039724627,0.3261028599215645,0.39739263177058703,1.0764260781065924,0.9790468063657873,1.0738105703962577,1.178776975122844,0.5500677916185363,0.4662764733536442,0.54597803163806,0.6374514376864587,0.04974637285097082,0.0429488071905159,0.04958636937634961,0.05662681375194582,0.05571161581454726,0.04298818946491617,0.05489176365587864,0.06895880753273316
19716,Dustin May,SP,0.8921983523667518,0.7988760954409855,0.888273216502834,0.9885805522273624,0.38529737985184087,0.3283916735947336,0.3825064728764344,0.4447276642378044,0.9695780960329693,0.8993604938694848,0.9687024864864882,1.0389995414995452,0.5007972472267886,0.43855752972118367,0.49779906716039285,0.5682334517608842,0.05381733239160876,0.04792488803009782,0.053587862961283726,0.05981617684072533,0.05960897485557546,0.04815174464153027,0.058813085692923296,0.0715065926280636
19755,Shohei Ohtani,SP,1.22924831275003,1.096581716807033,1.2213513079108242,1.3701612269503443,0.31108890535078193,0.25905189779290344,0.3086581717868304,0.36640236789352504,0.7698947077962103,0.7055247192999025,0.7668153300654001,0.8380068008719188,0.3475521563658963,0.2954239679225442,0.3455335950356373,0.4027198851899735,0.072644830730918,0.06273650276672164,0.0721910976065358,0.08298146211124537,0.09149531883702147,0.07131748836602797,0.08996916672539282,0.1136712347501019
19795,Keegan Thompson,SP,0.9457541076420363,0.8405605791974403,0.9422243111173588,1.054800481430444,0.3653029222425455,0.30215557051141945,0.3623953718969619,0.43261085372429314,0.9275589883078554,0.8549680254244614,0.9245385670238193,1.0036693553167175,0.46535763842046246,0.40278576998960175,0.4624053439600323,0.5300235061664922,0.057299104928371855,0.05072856940437044,0.057100763193752124,0.06407032726067684,0.06403012735902171,0.05129429981004233,0.06316684851517178,0.0777052356533385
19853,Michael King,SP,1.0943100444635887,0.9740767088650144,1.089883432262176,1.2167810284703566,0.3440386549995639,0.2918495481700653,0.34159709411226885,0.3993389818649069,0.8333468818191119,0.7629220267183414,0.8318272335448815,0.9048501081244539,0.394156886772103,0.3333148536648568,0.3925044130322744,0.45660004529674564,0.06601739776785401,0.05694036698836002,0.06549757450060786,0.07569643399188593,0.0782487151298856,0.06065110217028698,0.07689185595552563,0.0977961672993912
19866,Brandon Bielak,SP,0.8406442595157021,0.7414319943330057,0.8387440409370086,0.9438790796635714,0.3799592791917258,0.315586270810153,0.37707716691133886,0.4474593613544894,0.9952954750349635,0.9138773581639228,0.9943085441592175,1.0744883429010488,0.5089251617827001,0.437369949767596,0.5067094217991699,0.5831015452755143,0.05356569880609056,0.04727634102614206,0.05327898658079497,0.06028499474293946,0.05884624791198083,0.0466293757146127,0.05807633603791927,0.07205542647514374
19867,Griffin Canning,SP,0.8519467661806965,0.769239915605044,0.849268814684751,0.9395723397737917,0.3794253182252867,0.32607027199249977,0.37717110343712223,0.4346653381981717,1.0302674430477596,0.96333217080949185,1.0301880013935483,1.0971926062948114,0.5491323742704167,0.48378477112599483,0.5470269088288169,0.6167755787306388,0.050600356556718025,0.04502831504638163,0.050420205353351726,0.05639620392666519,0.05384573846389461,0.04355145896891969,0.053187505308842566,0.06484361913664705
19874,Alex Faedo,SP,0.8965119466190696,0.7953682559934527,0.8923212031418325,1.003342599383302,0.3530524638434179,0.2925753872474485,0.35027751024900156,0.41657173594240715,0.9726634148687263,0.8937745290240167,0.9710072830517998,1.0533455989766989,0.4970096510043242,0.426655219719385,0.49479637650124986,0.569060675824178,0.05392079306053216,0.047455615094945815,0.05368452645020879,0.06045198925313598,0.060365237482989845,0.04790229937846985,0.05958433453568586,0.07372150125537187
19879,Tanner Houck,SP,0.8162136160830449,0.7273933011229603,0.8142171686851869,0.9055082625187678,0.3204869302968859,0.2710902918561555,0.3177802874005509,0.3725622271849691,1.0378847605401633,0.9571727873414356,1.035686865874331,1.1223564227585914,0.5270091707369956,0.4532924368532148,0.5236062650725678,0.6034055645226735,0.05230374865874881,0.04580981729449205,0.05208694129557517,0.05905172353445682,0.06185221472016611,0.04876740904493525,0.060841343858033275,0.07610705271760405
19899,Clarke Schmidt,SP,1.0135329439571727,0.9026258579342946,1.0096610266123243,1.1311651482323481,0.29920709020805913,0.2528418466626636,0.297218515492158,0.34899694662152253,0.8565530435762828,0.7856801082041692,0.8560400394383085,0.9276491336180814,0.39588869000215254,0.33679825876564784,0.39310720798152404,0.45954354579887,0.0644986548684459,0.05596750726932353,0.06404060416595467,0.07342734754411158,0.07841485312639454,0.061186546530585986,0.07711974261284864,0.09737386408575904
19911,José Suarez,SP,0.9026296334091286,0.8102106942558462,0.8992618741564207,0.9988292611844908,0.34449340468189227,0.2942070972892289,0.34299400391836277,0.39645873138230087,0.9869085390056425,0.915936761671946,0.9855982749171117,1.0610418939702142,0.5140277239052198,0.44925541823598064,0.5110745676909132,0.5826065418032199,0.052224201298186286,0.04649198353672015,0.05206797556282577,0.058316222767007334,0.052967376911265365,0.04243696776391319,0.05245720309932105,0.063879073559658
19959,Jesús Luzardo,SP,1.1341557889021272,1.0348037332684845,1.131459428364229,1.236385398439542,0.2917397306540088,0.2531269234320364,0.2906961002513449,0.3314720871270587,0.8505649790161263,0.7984703634810447,0.8491088594470021,0.9044901323287797,0.39413012757946386,0.34916418155850026,0.3927404603970851,0.4404400783934434,0.06581383132959603,0.05951567307143786,0.06558690522435688,0.07243238326735581,0.08768022501851733,0.07236469497255779,0.08669916437640363,0.10413920927461505
19962,Joey Wentz,SP,0.8702510490541873,0.7753403981974406,0.868169674267047,0.966777465694036,0.4077700129578725,0.34750070118262094,0.40446443884538286,0.4720727024632373,1.0643848536605476,0.9910905272284305,1.063118305561429,1.1406913926472833,0.60266668448723415,0.5304019655097921,0.5983453170290447,0.6795675451220965,0.045782700148868434,0.040638696949864,0.04565382821713562,0.05113194423225974,0.04502324592131604,0.036043828727483435,0.04462328422999429,0.05464801492200355
19990,Bryse Wilson,SP,0.7106442232716771,0.6361733558645888,0.7081604812880559,0.7895959718753832,0.3008852509090045,0.25480017298269464,0.2988671762466957,0.34916637694107866,1.1273086214311203,1.0518544043775038,1.1262002812232916,1.2037804041650852,0.5839817185587124,0.515883214480601,0.5810055936914924,0.655346703450094,0.0466172814912238,0.041358376274394516,0.04646186834692553,0.052198792610630415,0.05172691797882687,0.04188776210936159,0.051066784768920154,0.062266268631784104
20000,Tyler Wells,SP,0.9378562839484407,0.8395877426143373,0.9336547436281399,1.0408476949661685,0.2821050730985065,0.23646890642923774,0.279889967207219,0.3308549235979065,0.8777036026856898,0.8077656395376998,0.8776927223813107,0.9494223873608403,0.4004459786391608,0.3449094711175826,0.39901879284774944,0.45801849179741583,0.06404166195140552,0.056646306501222723,0.06361301900258012,0.07215176953394985,0.07878279649076902,0.06249310049499621,0.07763816848437546,0.09598957441121432
20070,Bailey Falter,SP,0.7365899431164685,0.6646515964636814,0.7337412595193,0.8137049154864532,0.30714182762886744,0.2630163770183156,0.3057663775898111,0.35310470532177285,1.0551185760934394,0.9799035465660421,1.0528459210549252,1.1309520771314197,0.5192733629987097,0.4519620993087417,0.5168345527303777,0.5910495176373617,0.05248281627892988,0.04654363599904142,0.052233761777080966,0.058703398774384095,0.060219984886672344,0.048363305391700584,0.0591428812418653,0.07374042274274795
20099,Chris Paddack,SP,0.7324278406555731,0.6574899346769033,0.7293181763641096,0.8125615975664855,0.265164269471621,0.22515367959130064,0.2631864697142515,0.30736041509253925,1.1971236309944613,1.1183394415787038,1.1955011788118972,1.2762872504581824,0.634662320180151,0.560379453409459,0.6305230709308322,0.7134518558212608,0.044878166283285864,0.03974107707097464,0.044710825501097555,0.0503302694539796,0.04895867734487627,0.0395852861637099,0.04839194126118762,0.05884315546974029
20132,Adam Oller,SP,0.7678639288679976,0.664695091454088,0.7645267576270788,0.8772086888635348,0.4642752650061088,0.3807566196508013,0.45921195529101144,0.5542572443686868,1.0987756911896067,0.9918951107522106,1.095411060885303,1.207913641720963,0.6228941624094206,0.5218151426439388,0.6188162543328539,0.7307362872957106,0.04633738814413473,0.03944708596672146,0.046140002895471294,0.05353798394756425,0.04628792113208605,0.035017949714214666,0.04531953649978562,0.05888910557653851
20167,Kyle Muller,SP,0.7772148958715027,0.6866773733510475,0.7735004976760222,0.8718978363188898,0.4602541420940748,0.3884028007660699,0.4578212572854826,0.5350968625868414,1.1454708279416126,1.058058559236255,1.1413784153465114,1.236304930659653,0.6789482292771636,0.5910452504703807,0.6762327296664187,0.7714946711840247,0.04179146832187009,0.03664908940118596,0.04168826747532273,0.04716933914781643,0.038699965415132896,0.030430011525294214,0.0382412314298743,0.04742608971211697
20203,Eli Morgan,SP,0.8624626128305481,0.7597070463463728,0.8611077106705483,0.968371395894221,0.29192116656442474,0.23893193223083212,0.2889335154743429,0.3504457653694499,1.020231824765273,0.9414086802541279,1.0190281271729207,1.1008907090479414,0.5118381810497403,0.4448628101625309,0.5088403906882073,0.5798920719416254,0.05253496481257632,0.04658599240561513,0.05247105322829096,0.05873293603723621,0.060419543754552406,0.04793182151603711,0.05955593806400462,0.07393768853048775
20253,Griffin Jax,SP,0.793497986125307,0.6975245944006147,0.7895999905521123,0.896603152880632,0.3645431712609062,0.2985343430705152,0.36065457089401665,0.4334631117265905,1.0872168171683685,1.0026456762858995,1.0832445589849078,1.176515652228571,0.589586104731754,0.507886004986073,0.5867704986984337,0.6727471297482764,0.04727943010757705,0.04155843553296899,0.04714334239096449,0.05310743095922126,0.04953147658019348,0.03923295644809649,0.04880543966960542,0.06076442472985299
20302,David Peterson,SP,0.9266513297904518,0.8409542028617147,0.9242722300770501,1.015737010346193,0.37118231162200416,0.32347525832124696,0.370080714576084,0.4190099765892452,0.9437937572333798,0.88161760073092,0.9438239354278779,1.006191788496365,0.4679756480782914,0.41305020193796455,0.4659707247523932,0.5247334254176175,0.05830329769745311,0.05189518354930573,0.05810824888866843,0.06485335962801708,0.07036848304567576,0.05683547744613948,0.06955695367456152,0.08477189463746133
20369,Matt Manning,SP,0.8174622360797479,0.7242598482068237,0.8143152327757526,0.9117242296574792,0.3040753672320868,0.25588498238170826,0.30172911016254034,0.35481786210312877,0.9603709650120784,0.8844349534527596,0.958600587580056,1.0380389910637777,0.4552403146406264,0.39214376664643663,0.4519975086618711,0.5210427173605238,0.057238311336970556,0.0506025077953755,0.05711397451318724,0.06409598997570032,0.06841586992113526,0.054672433253652494,0.0674010891181151,0.08324398505693092
20418,Josh Fleming,SP,0.9015046493143046,0.7672046529267116,0.8971703829631246,1.040303571829172,0.27412258351894603,0.21262176951136325,0.26911220260610813,0.3420838987808884,0.8996482964112613,0.8046202746641574,0.8967993837840904,1.0023675368862381,0.4083774909092007,0.3368267594164188,0.4043203102067602,0.48495207022529047,0.06290226278814008,0.05331119101472643,0.06224960819340761,0.07308327884217052,0.07763243650785442,0.05828398684536242,0.07547070437416373,0.09930935205235135
20492,Casey Mize,SP,0.8583567575181491,0.7703134738998574,0.8557348655366922,0.947296417008299,0.25960234476491933,0.22255220821439536,0.25826736792013244,0.2989646798829187,0.9971274700050036,0.9298765595586893,0.9957345176165446,1.0655261924152506,0.4668268156751037,0.4089395140998453,0.46525800370456855,0.5256074496297248,0.05755056400284039,0.05170273489650483,0.05729273768301145,0.06365956060949732,0.07084030295246,0.05766413781075832,0.069953393714932,0.08441516622903654
20531,Kutter Crawford,SP,1.003420879093321,0.9077440934861835,1.0004427402757354,1.1053075385532223,0.2844285596910326,0.24557683416851836,0.2826608679172814,0.32704220898919173,0.8970783484073084,0.835440718103246,0.8958791770259507,0.9606258804233814,0.42873090802455144,0.3739785651036335,0.42630362010881284,0.4859882048492133,0.060442177504844305,0.05378053281279353,0.06016465056219977,0.06740639016326914,0.07361868062080619,0.05921075067479365,0.07300800106808186,0.08909545115093442
20548,Bowden Francis,SP,0.8143238405273107,0.7025117841391937,0.8095105435950857,0.9315069422045122,0.39274944883967233,0.3145532370580162,0.3880213197504157,0.4782015127929942,1.0995246196221513,0.9949130137376505,1.0960477627969882,1.2077087775331732,0.6085162396665847,0.5132036021056293,0.6040752188347704,0.7119773665129028,0.047227730673933925,0.040545190550715565,0.04690187032266141,0.05419599215662068,0.04969764466449455,0.03811490038483774,0.04874683410736038,0.0623088203817306
20629,Tyler Phillips,SP,0.7896620295064071,0.6740651305374261,0.7848067250864852,0.9101474372045695,0.2956302594260794,0.2280802620524357,0.2916219120553234,0.3663904198375495,1.0957743265851756,0.988660072362026,1.0929813007012141,1.2033020516409918,0.5616695392226113,0.4700217505766544,0.5579387882584748,0.6560668627145646,0.049757378996657456,0.042941979167266206,0.049523370485734734,0.05708124332691284,0.056561806494185456,0.04344871314262364,0.05537186171543247,0.0713752868148853
20633,Yusei Kikuchi,SP,1.1244654083044487,1.0245271053509117,1.1218584565646355,1.2271257157201707,0.35777230463167436,0.3132590032225698,0.3567878212368928,0.4040349504197991,0.9254233004401777,0.8663763722346921,0.9236930521924922,0.9868939316637417,0.46319467346024157,0.4107469202820145,0.46179457686530623,0.5177856173624776,0.057592583383773016,0.048882676588740584,0.0572596096664924,0.06688962700046171,0.06328608708717078,0.05027511112690807,0.06231679916195999,0.07778056564447182
20778,Cristopher Sánchez,SP,1.000253927318336,0.9050200186262038,0.9973672430161509,1.0973896025127299,0.204983775820275,0.17618768885594552,0.2039486927682411,0.23537630903086057,0.8449729798355148,0.7872559876416795,0.844569138388514,0.9037752882787158,0.3421366687751925,0.2988502956551249,0.340726464479967,0.38667598632697925,0.07214234720577783,0.06440033686861893,0.07185788334288698,0.08011613504359585,0.10644952933327485,0.08725849457839116,0.105297769871354,0.12803469438008225
21052,Luis Gil,SP,1.0376700063851056,0.9316219850600244,1.032630001066108,1.150260023027049,0.4713015404019081,0.4029762502137774,0.4695392251872006,0.5394155659947862,0.8228658489039657,0.7604560426420471,0.821641477791076,0.8866870402063447,0.4119815704315989,0.35593125430171857,0.40892342100523965,0.47102583556017635,0.06319819698461175,0.05565919910987137,0.06285900706005118,0.07118074295056526,0.0695394790147057,0.055431538818216435,0.06843769624351015,0.08477511245828094
21212,J.P. France,SP,0.7766209060428226,0.682285170350222,0.7727898436790104,0.8754107613645975,0.34579570920829583,0.28558774566940587,0.3423249277625302,0.41009498065811706,1.0508204476752852,0.9588973796394612,1.0485570783027192,1.1480347529136707,0.5297018158924236,0.44730498338852226,0.5249561839483561,0.6180362369427445,0.0529286067521384,0.04563926992353796,0.05273709237275538,0.06042888502235065,0.06124072780277442,0.047252135470515946,0.06005599007752694,0.07695958566698603
21224,Bailey Ober,SP,0.9243652864226934,0.8353823587044835,0.9220343280306362,1.0126580754305508,0.2328846628266717,0.1993558066824871,0.2317358864587437,0.2672380749796125,0.976669694135278,0.9113850142395773,0.9755299580967091,1.0437092746549324,0.46244596720793235,0.4051864328344215,0.4606448525948277,0.5231787811157668,0.057294506161361926,0.050869727628271716,0.057040917235568825,0.06377632586143146,0.07157460782641263,0.05779296708944786,0.07062323288282718,0.08699141688584013
21318,Tylor Megill,SP,1.0692507136060458,0.9554024788552852,1.0666997671266234,1.1822732871712622,0.3961124852836422,0.3363345755891757,0.3933263444067118,0.45904764347310767,0.9237074078137437,0.8537952605643784,0.9209915023271699,0.9986350687245211,0.48804483647769037,0.42012188639023834,0.4845749768498864,0.5609810504873196,0.05549653645844197,0.04876427983512653,0.05503147823992516,0.06266352810785977,0.058484825346556406,0.0460226926916169,0.057483601826694306,0.07214227055423823
21390,Joe Ryan,SP,1.1286362211586425,1.0264572849426956,1.1249397831630459,1.2411186083758223,0.22196784760269045,0.190241113605984,0.22075193438873172,0.2551208327151936,0.8413429012156404,0.7862211303626502,0.8396233528286405,0.8999635119018753,0.3702340736684864,0.3235596256266995,0.3686235128142813,0.4198326807326116,0.0694753088765258,0.061420959839095575,0.06912756016538439,0.07786787744975537,0.0937878357880475,0.07604854412000445,0.09288175292230824,0.11257613102648921
21446,Ryan Feltner,SP,0.8771627653166854,0.7795624652964003,0.872967795134391,0.9777130140486653,0.3343742989522614,0.28109703194316776,0.33237060894758175,0.39032599867111367,0.992701080732222,0.9098704136216779,0.9907678640905471,1.0778834734422942,0.5006373891201518,0.4265089983504586,0.49792307539430064,0.5768104015379112,0.05402494995909098,0.04710387514942456,0.05379744623920989,0.0611537628373682,0.06376099182023036,0.050311044042549054,0.06271552421747723,0.07865930647703645
21448,Davis Martin,SP,0.8284669291407305,0.7395442793766113,0.8258133316000105,0.9206012556452844,0.3271800591781287,0.27604979629416515,0.3264532863480194,0.37892624022569826,0.9826408168311296,0.9107815881388001,0.9820837769555504,1.0555376524863662,0.4814332326346287,0.41806124258208577,0.47930491209116133,0.5474005788256594,0.05549803887321175,0.04912407685401884,0.05528594359186817,0.06205722791347122,0.06453143766898065,0.051106803819203975,0.0636926689236951,0.07904031930771592
21453,Konnor Pilkington,SP,0.9106405783640179,0.7906311867048021,0.9057992972275458,1.0397400595707593,0.47256825528158675,0.38440381195388407,0.4665067112446697,0.5681473955896427,0.9663665502063647,0.880798772174254,0.9631551216575325,1.0552208130495935,0.5324580726587288,0.4537947646959462,0.5293075135308596,0.6153282852550209,0.04962116591729698,0.04285549237262654,0.04928487634518852,0.05675717237835913,0.049034058438700935,0.03808375642894655,0.04815164831863117,0.06106560735494726
21455,Kris Bubic,SP,1.0025450132130023,0.8988476024809349,0.9998996764759109,1.1117738428995265,0.3207689216811889,0.2714375978952596,0.31909367919805853,0.3732979159527768,0.865083781345549,0.8003301377994126,0.864696182004945,0.930377902154579,0.39701420871119997,0.34502017031430793,0.3950816518331598,0.45044362996338694,0.06457192569280144,0.05758308453969209,0.06430151540445676,0.07205700127281071,0.0836803185943187,0.06758147174918673,0.08243720776618756,0.10118834968314985
21487,Stephen Kolek,SP,0.8170450368520806,0.7242408744070467,0.8109835368766551,0.9170185306850656,0.2701813440361157,0.223019091934603,0.26808732050928563,0.3185568078924444,0.950773314437968,0.8736064264807012,0.9487339631331828,1.029730211301295,0.42901124206083796,0.36830881668922827,0.42606663508306475,0.4940857956174181,0.06095371411190974,0.05339813993490791,0.06060424212102987,0.0688899437260033,0.07802083828005948,0.06135336967696976,0.0769826325224717,0.09611979951462897
21504,Jake Irvin,SP,0.7640967808855222,0.6905462711771803,0.7623696743390321,0.8382073192639826,0.33763260612567425,0.2933762806113807,0.33601333524612703,0.3827498344327549,1.079011659897891,1.004953386331759,1.0769561186067964,1.1558145074610404,0.5582715863868496,0.48863734103532214,0.5552768486004696,0.6310191263106022,0.04997085327592364,0.04437439604067567,0.049920322603064504,0.055513548743772845,0.056809303961302605,0.04595009091353826,0.05610053553272641,0.06849506084558901
21537,Daniel Lynch IV,SP,0.849818987834212,0.7605649311614606,0.8464526567480564,0.942006865299192,0.34924236519832774,0.2986612628443398,0.34693320878198974,0.4043584101872497,1.0342473870062208,0.9591829898365255,1.0321715539257688,1.1105798969683567,0.5375814598357629,0.4682044987275462,0.5350348797007932,0.6099936916644038,0.05071216149546984,0.04504857538649316,0.05045083468568818,0.05658206384350497,0.055801480965052594,0.04482820268476236,0.054996994532679686,0.06790644422951443
21649,Luis Medina,SP,0.9248816559819966,0.8241020187785988,0.9235210126758822,1.0280410054186528,0.4355089546716522,0.3678893813589325,0.4330603432226482,0.5069800609192012,0.98314291942317,0.9121602236066827,0.9817570011460959,1.053749595898483,0.5393085573562443,0.4739681463697302,0.5363417161513322,0.6081327520983413,0.0496209478331851,0.04400797535070706,0.04948683608371642,0.05546396119882552,0.05033017658644333,0.04041283059512415,0.049754107476836534,0.0611453449340694
21690,Edward Cabrera,SP,1.100707403660822,1.0013295801577995,1.097295894671702,1.2058792720254816,0.41476151187634563,0.3614139641614576,0.41333761072034014,0.47093726231677596,0.8389998629724241,0.7827685727396991,0.8376628463244439,0.8985666883452269,0.4268119976681204,0.37461935152035625,0.4240387791911725,0.48133258864443185,0.06067349267699777,0.05418558885422731,0.060454000845296424,0.06746148075458548,0.0661251022811598,0.053933231219493435,0.06530615249363068,0.07965843162412876
21741,Javier Assad,SP,0.858815708274181,0.7648158377526445,0.8548960043013061,0.9561775669381162,0.3705149341572738,0.31354405287130155,0.36776682565224783,0.43213259565532797,0.9407840760487783,0.8661615698491567,0.9394054670998397,1.0191147836391112,0.4617671755337207,0.39778417477233297,0.4591461455862106,0.5289267138331887,0.05736816534532837,0.050597652123715184,0.05702257486259061,0.06465383896864366,0.06474490010315793,0.05138937341654164,0.0639241622313224,0.0794251156440067
21844,Braxton Garrett,SP,0.9722483436727829,0.8765039178606235,0.9683905662346577,1.0744283610648948,0.2298397332035461,0.1933296333056645,0.22834477286138616,0.26747267679812786,0.9275957560011757,0.8604146382079566,0.9265625665927979,0.9946739402342958,0.4191682645969132,0.3649609938304692,0.4168394166486034,0.47686941743346517,0.060866607140509815,0.05396767035988591,0.06056586316878576,0.06806302699542384,0.07827377147223501,0.06297762616464742,0.07727276151748715,0.09460531660594153
21846,Cole Ragans,SP,1.2791203716252744,1.1562966906838141,1.276002141940412,1.406632972927309,0.31274864140894443,0.2660691097163605,0.3111950683200073,0.36200074595337217,0.7776866976846889,0.7207023648000194,0.776168408057134,0.8358548916554748,0.35968641928085077,0.3124339075186764,0.35766580363241496,0.4097842922443713,0.06927947584443833,0.06146097361936703,0.06891216484224033,0.07768811429655338,0.08965590511953322,0.07182283493514609,0.08846337329166948,0.10904451837514643
22092,Kyle Tyler,SP,0.820399851483283,0.7000603858811287,0.8146598476309612,0.9495936939771628,0.4311693796061213,0.3356681855705621,0.4243555942268856,0.5354400271417692,1.0654934485402652,0.9556043479318166,1.062919958534354,1.1793632054433243,0.590983947792515,0.48930765584132163,0.5859630707277856,0.6990652223131766,0.04762942012065577,0.0407922498044948,0.047388959791658865,0.05483881394695214,0.049184195386669544,0.037114564766708304,0.0482294739321339,0.06239905873952161
22100,José Soriano,SP,0.921569221307713,0.8358157681977807,0.9185415026427122,1.0106999194369688,0.3940360155183823,0.3425135676033704,0.3916560086189349,0.4484800605364822,0.9067330638580644,0.8454709986322224,0.9060726118261633,0.9678021609987795,0.446927819484358,0.39222739849958316,0.4453448993778767,0.5024952122916666,0.05872358411173606,0.05278773338137223,0.05853252146046893,0.06494532650984049,0.06957965336427593,0.05679347134026645,0.06894233763284852,0.08307546604373983
22175,Max Kranick,SP,0.8043724941358993,0.6857490340715267,0.7994033158238223,0.9292365113409435,0.4438855039034211,0.3505514985655436,0.43978926746722014,0.5448679738683211,1.111467917498052,1.0038680670757618,1.108044819008195,1.220541910317828,0.6472836416531835,0.5458608399880704,0.6421769716299278,0.7576791828182455,0.043249069724857994,0.03676284482201515,0.0429416870516235,0.050158315556426546,0.04055138434050617,0.03068230704976155,0.039506256725744815,0.051472478095460544
22182,Hunter Greene,SP,1.259618939581905,1.1474016786492724,1.2554410715591602,1.3744847047384368,0.2981551342890726,0.26028455741791456,0.29659894534896114,0.3382279336944448,0.762516416709404,0.7108565685584418,0.7622751361161326,0.8147213409834211,0.3441075656868042,0.3040015526707647,0.3423309640937282,0.38769370865213765,0.06993560579066846,0.06248989743424556,0.06958129817652922,0.07779816009201318,0.09293814499692647,0.07613559843160514,0.09166587540390164,0.11053945266818355
22191,Tobias Myers,SP,0.9498097529786947,0.8471535696493989,0.9485811018210352,1.053618938205342,0.2715561323798495,0.22565992187106593,0.2693149719280642,0.3201673173895616,0.8892690460423772,0.8245746340996175,0.888743289571754,0.9548078539350189,0.4035430571864388,0.3526808596960314,0.4020292948469477,0.45621748285788094,0.06253896833711854,0.05556891847722989,0.06238371597939356,0.06950522637071238,0.07691453828260231,0.06215008991314611,0.07564097131895997,0.09349110181164544
22201,MacKenzie Gore,SP,1.0995097092984276,1.0044814254403576,1.0954699583201422,1.1977073996428924,0.3556857695987658,0.3126796949783521,0.3546035176148009,0.40245233635696875,0.891591451716521,0.835651976028368,0.8907767447964186,0.9473055759614478,0.4417303311197885,0.3917153982752605,0.440026882007145,0.4945313476276529,0.059178132749086995,0.0533717668363903,0.05894379942884517,0.0653322057483134,0.07210406666996746,0.059419322195784,0.07109159248339364,0.08602977424500331
22207,DL Hall,SP,0.9336478443963865,0.8059987241935384,0.9289975992018704,1.0627898628255643,0.41339842497434187,0.3325566863134519,0.41010124145972326,0.499751008760191,0.9938930224353224,0.9031950418889564,0.9925524595859208,1.087316710470018,0.5409108305825079,0.4564807290798008,0.536997411491382,0.6290940292391118,0.050145669777753935,0.04341129612144492,0.04987932398880974,0.05733308804693554,0.05246830428675521,0.04050919040528243,0.051447078293658896,0.06566046848931156
22250,Logan Gilbert,SP,1.1765436084975585,1.0696059092078534,1.1745386403774996,1.2866853931103441,0.20383295687496378,0.17511897735021797,0.20256781666755655,0.23374966935024288,0.7914040094841973,0.7375697120618939,0.7911080574674991,0.8462139887568577,0.32966167227332716,0.29041994749438577,0.3272407930674889,0.3718880738345181,0.07338318385243307,0.06577971703951478,0.07298088699977234,0.08160694618943387,0.10458643185601206,0.08573196511875551,0.10296333265470117,0.12535466504655204
22264,Shane Baz,SP,1.007271863466916,0.9111304384293429,1.004459084287428,1.1094070863438374,0.3467682147893516,0.29811906669628796,0.3442091939510337,0.39860787006996307,0.9112587592671646,0.8505975044151306,0.9102460258577711,0.9735291173250189,0.45429374125040034,0.39901709944730573,0.4531518093617971,0.5102522866447121,0.057940973555378854,0.051950633054918656,0.05774872871201135,0.06426948882621131,0.06877315492268729,0.05615543405058867,0.06821184049149057,0.08208100489697384
22267,Tarik Skubal,SP,1.2840661182342263,1.1761412797531852,1.28110418635393,1.39694156132844,0.17292349541836435,0.14885584757078404,0.17201822327423005,0.19844853120255995,0.6884780072406359,0.6434706280910637,0.6875644610899232,0.7339285946884841,0.2524266147957501,0.22217407537822373,0.2513694110531561,0.28403953619387723,0.0914162716279254,0.08165767140237015,0.09113463063578231,0.10151399422233849,0.14495136030346778,0.12032890191556748,0.14345007549482847,0.17111778113028742
22286,Trevor Rogers,SP,0.929393517224037,0.8376457079778906,0.9280495956951414,1.021256747774525,0.3193435866166916,0.2747337401592964,0.31762130137635186,0.3656914113234816,0.9032609267187439,0.8430090848042586,0.9019385400355788,0.964038929064938,0.42358131920925457,0.37438563816379067,0.42087522425884877,0.47609304956791987,0.06080380779491251,0.054616334422487776,0.060525226682406334,0.06719464391832633,0.07488724611350837,0.0609866947528752,0.0740418412082318,0.08935017504153907
22294,Matthew Liberatore,SP,0.8618560396089389,0.7767163201775746,0.8584921717097026,0.9501932647523995,0.29049651522204845,0.24944347833692937,0.2888126479960824,0.3336459356197593,0.9830718407544343,0.9155808839282576,0.9812444274267623,1.0524535452055432,0.47271447228230246,0.41550513398152605,0.4713318212269349,0.5317931530564298,0.05553426393278048,0.04975411315640959,0.05524770317426479,0.06173994366186639,0.06595554145858049,0.053767813521446516,0.06493370683520938,0.07947669926167292
22387,Josh Winckowski,SP,0.7216062182241721,0.6288459752849244,0.718060382940471,0.8189340558840439,0.38073253115307837,0.3109697020189127,0.3754857745562743,0.45869803882788995,1.1447647858724068,1.0506360976704252,1.14171469891066,1.239324573500315,0.6311377367221589,0.5465565869282707,0.6278422720917569,0.7227299376630306,0.0447507858024358,0.039056310922534566,0.044522557235237153,0.05070084321905776,0.04552881150762648,0.03597433212482949,0.04487540798800704,0.056121353602747566
22487,Johan Oviedo,SP,1.0010106740124722,0.8878872577896162,0.9955289250882202,1.1229404934515868,0.4000198436900168,0.3380804455550672,0.397096454141799,0.46611267940087064,0.8595847371170681,0.788117202634787,0.8576180146164512,0.932134388888493,0.4233369906615154,0.3626948300738947,0.41951689226502,0.487826274682028,0.06089593253341027,0.053257146385253834,0.06073036320957015,0.06874239160760484,0.07012147973642555,0.054922129631369346,0.06904127961280337,0.08622917611045426
22543,Taj Bradley,SP,1.0417329848991972,0.9511415552887369,1.0412281243894035,1.1331206065314907,0.3354815780766543,0.29380758922089595,0.3343371456674785,0.3796664270439621,0.9291295705178145,0.8724731223894224,0.9276866717969902,0.9856137628349028,0.47619244730063814,0.42402706565257114,0.47470024525350957,0.5304000652392521,0.05512335626835388,0.049544303479418045,0.05493988655595515,0.060879603375778815,0.06258542966125413,0.05131476874902942,0.06172417285823537,0.07468067857973008
22630,Keider Montero,SP,0.8401393506546315,0.7531223997036235,0.8377658046550264,0.929021842650053,0.3150833856460178,0.26970421713685117,0.31393272912751846,0.36336315317081086,0.9982757247428888,0.931297355388454,0.9964675765403119,1.0671782699243793,0.49939228141352987,0.44016673858939714,0.4972776866829949,0.562015078035591,0.05294066051791131,0.04680133461585675,0.05274951868037869,0.059245248642974035,0.0576687334050169,0.04648363174786057,0.057127519769338456,0.0693400069018968
22810,Roansy Contreras,SP,0.8912642897049409,0.798510484207326,0.8884889560031323,0.9866228303329261,0.4021873136658528,0.34419327606329286,0.3995789813464645,0.46419751179598623,0.973590384324291,0.9071642481193738,0.9724721402342607,1.04179765683967,0.520510751074901,0.4565267527832395,0.518931714858293,0.5854875668730638,0.05069683312059305,0.04470492559265067,0.05048799128967906,0.05715001079328694,0.052121873009153864,0.041502791084459575,0.05122719864412819,0.06345700627004278
23150,Osvaldo Bido,SP,0.986479607194887,0.8698461551457335,0.9826642165254249,1.1077972291835403,0.36826865563568356,0.3056680422246636,0.3655583249603265,0.43410606267716145,0.9021860156549516,0.8236359793448516,0.9001101664069446,0.9845644167980303,0.4511490056283418,0.38340460940539917,0.44843762755419747,0.5221345334434021,0.05890827058028993,0.05126514728468556,0.058575196142948635,0.06681534120190069,0.0671124479000416,0.05266786744079865,0.0660197582909132,0.0833888018106403
23221,Michael Grove,SP,0.8934369225527681,0.7917596514321814,0.8896761701845586,1.0004804408669503,0.32259972829730765,0.26882065646671355,0.31998969684890155,0.37945103053061624,1.0554947320225525,0.9724125201135906,1.0542517531729645,1.138935102842741,0.5640296806243755,0.48918703350773246,0.559850107030827,0.6439915685464842,0.04862341868080584,0.04284574591322375,0.04851150282411755,0.05460501914626501,0.05182655701057506,0.04100324941738688,0.05127110675758767,0.06348546558200846
23252,Spencer Howard,SP,0.8685630785302861,0.7721867044166043,0.8669192836854193,0.967067151752186,0.42492905101343664,0.3553285678900921,0.42039561566178973,0.4992158372886847,1.1123351284912724,1.0298010879587205,1.1096564009169803,1.1992936342737617,0.6581379823274579,0.5719022951834151,0.6532966228667685,0.7515122547457417,0.042856909244713796,0.03760995381074919,0.04281311409243552,0.048235753663734296,0.040491953543548224,0.031982697950629496,0.04001542264572653,0.049418195354324373
23301,Janson Junk,SP,0.76485425533159,0.6728470822258302,0.7603948707784516,0.8615819856867588,0.19666731064302684,0.1551254090572875,0.19481612297152084,0.2395655344241309,1.0404741019297448,0.9513723579075367,1.0383616795077197,1.1316552422873662,0.46067898797473117,0.3915074944462674,0.45713616734024487,0.5346120575727473,0.0582879700070898,0.05041348666713836,0.05804378445466993,0.06635578417428939,0.07683935036486951,0.059876728845495136,0.07543236452050028,0.09568189753302477
23313,José Buttó,SP,0.9753452153854215,0.8389429101845763,0.9696599067292435,1.1193383014552591,0.40722806403452927,0.32508563636969906,0.4018724523423983,0.4966463030397363,0.892417172505147,0.8076477935255534,0.8897422079588801,0.9779766635434565,0.45118418046826125,0.38030983064850044,0.4480570510779657,0.5270140623133999,0.05744974078044761,0.04982599230379359,0.05723324395205291,0.06535306568695103,0.06469420871053314,0.04993076890969818,0.06338413358979703,0.08090835451687022
23335,Joey Cantillo,SP,1.0227389510080886,0.8815488400771997,1.0180745861071163,1.1710278685609925,0.37241352244517933,0.2926057575768255,0.36673392056233056,0.45871612103644727,0.9233478990430839,0.8332003194612325,0.9213828774723681,1.0163039953303619,0.48070626993076154,0.4021637553604218,0.4765290025156256,0.5649070039723554,0.05461457495589361,0.046940261865574276,0.05416231045156228,0.06281567882216497,0.059059467432811937,0.04499663553721316,0.05810242939488576,0.07457194978506215
23429,JP Sears,SP,0.8259988038813841,0.7448651875714601,0.8226376524283247,0.9108352326454896,0.2851788024277626,0.24578918752160522,0.28423330681654935,0.3251826388587151,1.026922953732134,0.9559772973246223,1.0248800105776796,1.0992945092280635,0.5081234430189928,0.4446064515922944,0.5050969406252879,0.5756214791556592,0.05405900159900875,0.04799617655387505,0.0537696541741228,0.0603874208148301,0.0618388415271847,0.04953910097229875,0.06115498750167726,0.0748131625113893
23499,Keaton Winn,SP,0.8589810768235835,0.7548972458699595,0.8542916825952495,0.9653551213777513,0.3134384050293707,0.25847356307314673,0.31061695597376526,0.3729589413257514,1.0309079295544206,0.9470654615096428,1.0290926467960317,1.1151247151926478,0.530825988047177,0.4570616534510047,0.5286205405475739,0.6081673630900282,0.0512846659932667,0.04513100128723727,0.05109492490303705,0.05761847900908103,0.05822101801210865,0.046146903977204015,0.057496134489387216,0.0711411151759717
23550,Aaron Ashby,SP,1.0773377886753224,0.9654554929181612,1.0741268516739093,1.197437165467461,0.4229663053792977,0.35431545776876716,0.4200415680105682,0.4949493980751828,0.9401436396076008,0.8702824862084766,0.9393321050373841,1.0115195350982498,0.5189999336869797,0.4525967597190784,0.5160660125162669,0.5901447735728936,0.050495918981361534,0.044169300185651156,0.05038240558341188,0.05705621959085884,0.05116599791559953,0.0407962547554348,0.050257202153489285,0.06303251450668361
23590,Ben Brown,SP,1.0533514871596121,0.9481014524029324,1.0491237751778077,1.1613032141559538,0.32446835010957387,0.27641972932224984,0.3210909533669625,0.37717111917317264,0.9657962081624886,0.8994947574893706,0.963832342265347,1.0337078340790937,0.5104525379419852,0.44923263515525064,0.5071945401900508,0.5759662464265131,0.05195753277689398,0.046208159793234234,0.0517447219877461,0.05796696027155264,0.05621097685246626,0.04520932101445919,0.05549263461192474,0.06801799441954619
23796,Ryan Weathers,SP,0.9176777872299929,0.8225074905075583,0.9137375589051102,1.0159263708552189,0.2999312850246285,0.2545535991479167,0.29803862548486076,0.3469287438143449,0.9455839875785765,0.8771924057497469,0.9444534113516175,1.0180018754745568,0.4617153530648805,0.4020538621298223,0.45840129327355694,0.5243460963200423,0.05600925630189553,0.049703837008454176,0.05575796171567246,0.06236547244574185,0.06390588817932417,0.05133720343548781,0.06308570674288898,0.07734165729405536
23899,Valente Bellozo,SP,0.7910325512677507,0.6899883026124871,0.7877077337070006,0.8999667611360795,0.3109838320757544,0.25022329510422336,0.3082688406389703,0.37423784483868666,0.9965297420827901,0.9125914609382575,0.9923301240345698,1.084485688909588,0.48590228963725307,0.41542628858972097,0.4827127354120729,0.5595280192939459,0.05381842103413459,0.046647266707016743,0.05350401448620858,0.061105812974514354,0.06123499748160197,0.047456336396800664,0.06002292785264067,0.07611147090511618
23920,Brayan Bello,SP,0.902433986402253,0.8235197981595126,0.8999000030511697,0.9845001404663667,0.3093260255463419,0.27091192021307386,0.30840176930678853,0.34902752789537617,0.9170935253216977,0.8604139787202116,0.9163244761201557,0.9749935822363895,0.4187852130639491,0.36987922062608647,0.4162332072927281,0.4699339132227477,0.06331625992721392,0.057129932449786015,0.0628725766489239,0.07005977748553774,0.0815574874265547,0.06733631351273961,0.08052059924664126,0.09672711278043673
24282,Kai-Wei Teng,SP,1.0252544040350722,0.876178674011695,1.020293876917304,1.1823671741526407,0.43872655865611165,0.3464413566458947,0.4319427125315458,0.5406913191331804,0.9479245417049554,0.8518510090049736,0.9460138209454825,1.0475792130576262,0.5207916902601412,0.4335106281285392,0.5169273196511536,0.6138795740644918,0.05233181689951929,0.04482551519465039,0.0519786667911558,0.060396566143728944,0.054717277579557716,0.04179316690048729,0.05352939856579693,0.06935375294307948
24492,Grayson Rodriguez,SP,1.0639023830988528,0.9671516332460062,1.0618079473899795,1.1660598733847167,0.30381893725106274,0.25985949053698065,0.3025559966752819,0.3491431620702802,0.8865662926592149,0.8283759788404341,0.8851845355018422,0.9459903113063607,0.4236493690089714,0.3740652397239052,0.42136846721220667,0.474767725831598,0.06199308097073476,0.055387722482076844,0.06172231949503799,0.06886038764008388,0.07413732733881565,0.06016584847642717,0.07345273132999855,0.08888846041792194
24494,Simeon Woods Richardson,SP,0.9554769368797726,0.8650398532348892,0.9516495257316437,1.0504266980792343,0.354116741423515,0.306098784115575,0.35251730793334374,0.4047598821918117,0.9075302449554722,0.8484097750657722,0.9055536254422626,0.9696282891863856,0.4533795560662978,0.40278436632021164,0.4518213299108733,0.506703204187065,0.05617182875167656,0.050104932832379635,0.056021898455655264,0.062289286591776113,0.061486736670170586,0.0499872910802352,0.060720547671833255,0.07343793249535072
24586,Kyle Bradish,SP,1.220574456606098,1.0773524743660376,1.2138015818823176,1.373889741789451,0.26027597335551916,0.21578122068840905,0.2582011213183585,0.30704305189181796,0.7403233760217384,0.6740509368995525,0.73819460757158,0.8095038296319659,0.30931934865081745,0.2601332177612885,0.30615230080781763,0.3619404931425194,0.07846633294787564,0.06822750956777836,0.07785444417841567,0.08944750570056371,0.11099559058294889,0.0857569878060414,0.10902252530644146,0.13881266409475462
24719,Randy Vásquez,SP,0.7203881331837125,0.6468554678065344,0.7182263692925333,0.7981157479048299,0.31719571143718556,0.27291408937882655,0.31544509639465906,0.36445367186820526,1.0326957479576666,0.9628892622785015,1.0322740929579766,1.1026653879972557,0.49458845865513545,0.4355382175383618,0.4931006582417594,0.5561925000948377,0.053994279042077056,0.048319423106340485,0.05374753220417297,0.05993162423251444,0.06436470139223217,0.05230591494721649,0.0635295836105866,0.0776103020702698
24728,Mike Burrows,SP,0.996629091999401,0.8873362446020333,0.9931136498628786,1.1094765373680637,0.32368937039896184,0.2686869652044385,0.3215138166089166,0.38335421369584316,0.9187557724392184,0.8491052782702745,0.9174574768145034,0.9915314296121507,0.45743281654377405,0.3960513467734068,0.4556038617188719,0.5212305802823118,0.056177889478033316,0.049770966927684464,0.056003211588361336,0.06286108669134041,0.06353123932134497,0.0507162899935584,0.06257495837818303,0.07765380754181193
24968,Reese Olson,SP,0.9716139564616094,0.8755148391991424,0.9689818743481409,1.070217049926187,0.30312319196646675,0.260203886019766,0.3011150944568785,0.3492376592672971,0.876907113561117,0.81503973389969,0.8748350752298468,0.9402854050127315,0.4108963102690634,0.35915076642768734,0.408785778609396,0.4653192125104906,0.06088346546239198,0.054274634745868744,0.06071394221008848,0.06765903637705233,0.07392085457643467,0.0599027449194269,0.0729609360580549,0.08878977344856681
24975,Cooper Criswell,SP,0.8068250171559418,0.7136685110963933,0.8031186675153037,0.9056403620510747,0.31573986044874847,0.25998470343456026,0.3135540119076491,0.37459768386585457,1.0215380177569242,0.9371037994903716,1.0213399594894803,1.1034379880411977,0.5086334041511124,0.43914242860686314,0.5049712350867097,0.5830294224954486,0.053181611914797665,0.04676369708208866,0.05293842268232979,0.05992003712714232,0.05955986115731741,0.047437420000885994,0.058575415157820776,0.07285734647997298
25098,Jacob Lopez,SP,1.1296183182718478,1.000925330116497,1.1252176813956931,1.2596254872351536,0.3561531806403134,0.2921870004249614,0.3533431943151468,0.42045162622135396,0.8531540505639117,0.783125186518088,0.8516879469927336,0.9245492888831017,0.42069670619404775,0.3599752884160989,0.41876855353190334,0.485357152574758,0.06208153317249266,0.05467577381844582,0.06181430837767354,0.0700302635467999,0.07389526940418606,0.0589397021432191,0.07258922331085704,0.09057485102699783
25311,Roddery Muñoz,SP,0.8559697394426286,0.7515576139551539,0.8512165700053428,0.966335636769591,0.45701539301098465,0.379528977402993,0.45437254188959597,0.5399117579257977,1.0763893302407666,0.995910231995816,1.0744291720939905,1.1618808443245534,0.6292721098410329,0.5484149182588762,0.6254413876947345,0.7130533767076032,0.0439700226537444,0.03837550013619309,0.04385881724690721,0.04965208317686792,0.04198540743920714,0.03310264828837765,0.041406940290106706,0.05131740688374746
25377,Brady Singer,SP,0.9359975862392121,0.85243723257062,0.9340589905523142,1.0215271978656968,0.2966451741534176,0.2585068045787773,0.29502627044738317,0.33741797858136124,0.9508812778156888,0.8928827152584713,0.9503088391346752,1.0107115464186107,0.450642893853264,0.39915644678115875,0.4497037369265944,0.5040636488991714,0.059588853677819124,0.05370261691624244,0.05930554806213453,0.06569236959705133,0.07613351394544687,0.06281390475976191,0.07501470621559314,0.09041569547668178
25385,Drew Rasmussen,SP,0.9205980523976657,0.8223048997026856,0.9182214866040195,1.0194356213179103,0.23846862185462805,0.20048143901336996,0.23599140920108877,0.27992565639547234,0.846849827589017,0.7783154994550633,0.8447154858748982,0.9173419337872506,0.35684966340684837,0.30656678219722255,0.3536264428057281,0.4111070073920048,0.069889170950608,0.06085043459451831,0.06954594974754605,0.07937090299665822,0.08996072592884247,0.07123591377266665,0.08843435761934226,0.11049325741092471
25386,Jhony Brito,SP,0.8714578404648368,0.7750227976445786,0.8666309481740275,0.9771840111111133,0.31457530931349154,0.2599448394858631,0.3109550456467788,0.37423152869040505,0.9547918894669193,0.8801371927012118,0.9524189990789669,1.0328276512733947,0.4670538101459213,0.4044941687718892,0.46386768127146616,0.5340438953909206,0.05638743690352262,0.04972587161152496,0.056105220735700755,0.06351084476369255,0.06246422625687479,0.04981203453624857,0.0614839181720962,0.07626814260290861
25436,George Kirby,SP,0.9656807123034402,0.8727917967198469,0.9623711768799753,1.0581649134949396,0.16995685715537284,0.14423450064304652,0.16925059932266523,0.1965496967939142,0.9440789565314315,0.8800154118510234,0.9429187419611859,1.009557392253926,0.3972179284656345,0.34902885378413634,0.39592313074388025,0.44706104512939493,0.06514600298381405,0.057874676657131086,0.06487889665517327,0.07289212766383857,0.0950905745466862,0.0778445769894953,0.09366111403102395,0.1139589436142372
25550,Matt Waldron,SP,0.8811557008250318,0.7887678416780006,0.8782233271669868,0.974892665577734,0.2887348011191208,0.24341723316927646,0.286407562213428,0.3355399790984973,0.9969452754608464,0.928081502034194,0.9942797578174585,1.0675397091744319,0.4913944416393851,0.4315881846936841,0.488414331730486,0.5546985609616486,0.05436109937560281,0.04866102007139903,0.05412931714103959,0.060424460752304045,0.06422123084231066,0.05169270830506135,0.06342662354076258,0.07757272501570914
25636,Hunter Gaddis,SP,0.7904756474949124,0.6801001671384419,0.7861663214075155,0.9076505600868561,0.3255557684880104,0.2550997165922439,0.32110069808267494,0.40247223359750783,1.0184072643196576,0.9240664478463023,1.0171003999105883,1.116351517792545,0.5072512592673506,0.42727968063395333,0.5047757854404424,0.5931450867804097,0.05280563610969159,0.04554331366776183,0.052556529376998534,0.06029308153818597,0.06025661224192164,0.04646348178499857,0.0592250294786877,0.07582479472508956
25862,Noah Davis,SP,0.7687124249835676,0.6528302502023197,0.763638689507061,0.8861940826804011,0.42900400051667736,0.3368980653781414,0.42415126910186834,0.5273202453497982,1.171480437728391,1.0550750251426084,1.1683693774632133,1.2909970232941537,0.6877872539990809,0.5801821577587281,0.6832899869340157,0.7999369489696113,0.042054632983957396,0.036206936355289376,0.04183378797732541,0.04825479152862541,0.04122317239356544,0.031797937905381844,0.04040866794606053,0.05167968737201412
25880,Hunter Brown,SP,1.1602487348641424,1.0593443352186818,1.1579641081890364,1.2642872430012402,0.28152038182367556,0.24630579817296516,0.28024963003957254,0.31900092397659346,0.7888984219687608,0.7386272212337992,0.7885648998751827,0.8401381580793361,0.3413437034060338,0.3018581026773007,0.3399751189355228,0.3836062587637255,0.07307932102120518,0.06548643126890431,0.07268686447204444,0.08102783880004523,0.10379077803392157,0.08551883665471406,0.10252513723144532,0.12392253752238519
25977,Quinn Priester,SP,0.8786138602614266,0.7946042032051349,0.8756944635519204,0.9663077485352916,0.30952870073080413,0.26868694731311765,0.3076204727612258,0.352628617019294,0.9395775357778812,0.8809441849456485,0.938178738510409,1.001198724813507,0.44945017524545244,0.39805369647981514,0.4470989397156826,0.5024721783367041,0.05830973430332265,0.052012555325111495,0.05799449776793059,0.06503478794037348,0.06664347008255378,0.05431830408382294,0.06563769934137335,0.08000309761294337
26056,Brandon Walter,SP,0.9757313536921319,0.847493448602306,0.9710153001975206,1.1102358680927091,0.20528811709176753,0.1563762260601619,0.20235215294892744,0.25701129853209537,0.8917758824619982,0.8054405568406332,0.888720364462711,0.9814215743254051,0.3795688504525092,0.3149824127063563,0.37627417082556147,0.4477981936532089,0.06717349627423413,0.05780694536106389,0.06667785029512108,0.07726341513399951,0.09504108732559269,0.0722872909746153,0.09277667537068743,0.12074295324219685
26058,Easton Lucas,SP,0.8758337300904435,0.7359990747113334,0.867667150946178,1.0237212503790458,0.3938414647486461,0.2985637414010339,0.38721202530287946,0.5003387224044742,1.0272037920581183,0.9114994846461659,1.0238758097487313,1.15106936228159,0.552947242359931,0.4502505341349752,0.5457931867941181,0.6640295863928104,0.050938249118739266,0.04298803135238312,0.05071450930099099,0.059064770313250164,0.054697760990382975,0.04058128510320434,0.05362081174023037,0.07007807606979291
26079,Beau Brieske,SP,0.7928574477167518,0.6947268920989624,0.7889317618248081,0.897558371513654,0.3231864267170128,0.2622367789804411,0.3196671658942266,0.3886245329980498,0.9900607206354558,0.9096880488134638,0.9876703191013296,1.0738392648166044,0.48742587906250195,0.41898676205084445,0.4841489130513095,0.5609565064137799,0.05368337437003254,0.04680182479406425,0.05337954451263291,0.06098380511803169,0.06219674749385218,0.04916117564332343,0.06144192530918338,0.07664077405311262
26108,Andre Pallante,SP,0.7710802262268767,0.6959091804830335,0.7692461386675123,0.8480789982765156,0.364625413144594,0.31491890767524555,0.3627844457802904,0.41695795696977783,1.0330115233937975,0.9667315487889125,1.031434555747401,1.1007311367538348,0.5278681521170863,0.46673994322012885,0.5250563718121513,0.5923653441540592,0.05134345012079851,0.04616991973743303,0.051192830002866174,0.05665252711074307,0.05694061088914002,0.04635878175958137,0.05629942588425908,0.06796843001439831
26171,Connor Gillispie,SP,0.792732656182786,0.6705970768646932,0.7860941181485893,0.9222090055988841,0.39661213209663526,0.3037989628019898,0.38931422140376915,0.49713684752602094,1.1320188862568696,1.0115843450567465,1.1303540200002327,1.2579675616683816,0.6412494354889389,0.530478852201496,0.6343213476066369,0.761071655180709,0.04485576676810544,0.03823280185313353,0.04459862190861652,0.051738728503952953,0.04601070428143886,0.034549732144508176,0.044968702590373735,0.05903672999762524
26221,Ryan Pepiot,SP,1.0579950135646758,0.961659955794654,1.057342235294275,1.1567436990143527,0.35755878282207865,0.310078906674304,0.35579247356445537,0.4075378214689773,0.8322205131757894,0.7775955649837034,0.8317986549374206,0.8884468055524948,0.3966569080863216,0.3469613631647812,0.39432363734180265,0.4489406624457778,0.06478003048104951,0.057924068811434005,0.06446241710147482,0.07191320290271472,0.07783549867767837,0.0633309104643739,0.07675326199417387,0.09304551101373514
26253,Ryne Nelson,SP,0.8974627031189019,0.8088300791027063,0.8956362621326223,0.9861366615166718,0.24236627595334329,0.20921037175485455,0.24103447270686734,0.2773291735130199,0.9099529163987199,0.8454087002373902,0.9090883547966255,0.9750650707101758,0.4000448181751971,0.3515432787698406,0.3982324745582921,0.451216334129941,0.06395781743212313,0.05724997166246015,0.06365791736430235,0.07094462239609081,0.08397644116125211,0.06868526745093421,0.08275438412475086,0.10100097802588455
26257,Joey Estes,SP,0.782208232389706,0.6943768992324405,0.7798712730018463,0.8724288848803112,0.25333166435550586,0.2086887609395137,0.25096785823553047,0.3015866926669113,1.0256200574643437,0.9530695229315936,1.023302118954187,1.1031845174002126,0.49833886970110564,0.4378221399776715,0.4959237557167374,0.562305138537181,0.053235338556397484,0.04617052701227322,0.05285411597656059,0.06071255506587451,0.06214607030263828,0.048879749428262606,0.06115002517950713,0.07672219590717276
26285,Tommy Henry,SP,0.7973947445623117,0.7074151243537405,0.7931637101721356,0.8920595802509009,0.3826088316058201,0.3245076575385122,0.37939707698063146,0.44389932830591544,1.03994661650339,0.9572364341319379,1.0375271000871722,1.1250472402655491,0.5460258374792206,0.4733044085690093,0.5416300981741375,0.6261993895415497,0.05044916770861738,0.04456676354215688,0.05017459533632081,0.05665758189627018,0.0546701943876609,0.0430707642583814,0.05394185213874561,0.06726805863093652
26378,Nick Lodolo,SP,1.0513856218324054,0.9559062367533632,1.0488863173038814,1.151287878151995,0.25686387332068367,0.22154573838837296,0.2552780476414437,0.2944470693431517,0.8922578477426163,0.8310924036559629,0.8902581273372101,0.955112809501025,0.4105315790181923,0.36045783771216927,0.40899193496144415,0.4643110901423001,0.06316345137718489,0.05659655918778404,0.06303228751406566,0.06972051344325629,0.08282606907387259,0.06769928650371776,0.0819385071954393,0.09904249727033698
26389,DJ Herz,SP,1.1280111135904507,0.9968220401671801,1.1250897550753134,1.263515838128738,0.3866116518583014,0.3196767644933192,0.38247879254894085,0.4579373417008504,0.8719916956486546,0.8044298524556733,0.8690477962546506,0.9450516941637633,0.45553542468240465,0.3917704280573411,0.4537773274197203,0.5207666847829534,0.055795315718131976,0.048410288848530734,0.05531431839248904,0.06356538669162606,0.057701345775325825,0.044966943662895685,0.05693792729297868,0.07125047627525297
26410,Alek Manoah,SP,0.909243418290896,0.8140006261872275,0.9059084031027245,1.0093084519612252,0.4047824684615231,0.347197363636444,0.4008803039033285,0.4692245298083103,0.9261985827527434,0.855966485274289,0.9235830242235828,0.9997120510517531,0.46626697437088355,0.4039708225705348,0.4625169280010539,0.5328550684130315,0.05729348060229399,0.05061286265825886,0.057077060679705804,0.06425628297952782,0.06688827781804962,0.0538557397520041,0.06578962226937707,0.08120669762483224
26419,Bradley Blalock,SP,0.6457191774173944,0.5626420914267971,0.6432797818257313,0.732122288637244,0.42953310239010417,0.3593560742980874,0.42635560247431137,0.5041054164324879,1.2733586053892525,1.1771596330249325,1.2711883643289434,1.3710475124739152,0.7641387334794763,0.6663531383118322,0.7583860999282314,0.8681640362719031,0.038020090252537435,0.03312076912427716,0.03788992008442382,0.04319347521297032,0.0351246384638841,0.027591274504930468,0.034616558741142375,0.0429759583817851
26440,Ryan Gusto,SP,0.9024805459722189,0.8023358771439293,0.8970444541656711,1.0113835528764124,0.3440392140072627,0.2845916210675664,0.34107842978570757,0.4079162577775429,1.0306050022631097,0.9527093749875336,1.0297073020567005,1.1097607372598062,0.5463413154798266,0.47346987270172924,0.542864141918219,0.6226528199708105,0.050479019139781645,0.044737558952494795,0.050228736886471406,0.05653375345795966,0.05520198761924757,0.04371110235687932,0.05443427154105843,0.0674132660749364
27451,Alec Marsh,SP,0.9424912079595351,0.8434205811417574,0.9389800881679193,1.0453877439453851,0.3127254320761591,0.2599073776246065,0.30970678609226765,0.36781558902655,0.955615051897579,0.8840866356607615,0.9536115788063323,1.0299475612288083,0.47566851482126,0.41370407243507046,0.47288103539893694,0.5409249253610652,0.05575976938707272,0.049521910258935924,0.05555870928908401,0.06221201248477133,0.06382361670654095,0.050819300938147446,0.06298880528323801,0.07843297904094675
27463,Garrett Crochet,SP,1.2694244921211149,1.159235065339706,1.2678902913040027,1.3801389689571815,0.22764997354569352,0.19602277133547652,0.22658089686669347,0.261751778567864,0.7846922971554832,0.7332435704624061,0.7840456497476544,0.8356096545365548,0.33694328796802764,0.2974927763931407,0.3360200990931729,0.3780960608751869,0.072673622430683,0.06499438705402075,0.0725066027272109,0.08059084797817043,0.10121686667097551,0.08335196428372044,0.09981502948142515,0.12145713870204863
27468,Reid Detmers,SP,1.0601388499678512,0.9626438332185759,1.0579981807672518,1.158498763186939,0.36993015009668545,0.3249101919194198,0.3671376413453805,0.4190377295262207,0.9385966907212647,0.8773214031272591,0.9374993901321456,1.0000338228625323,0.4995683684254645,0.4411619820504389,0.4970743992657498,0.5593488884201604,0.052657394970549484,0.04689354186727712,0.052454635728148735,0.058639818010036336,0.05783448160572566,0.047176606815736544,0.05732069948981822,0.06909834452789643
27470,Emerson Hancock,SP,0.7748360438855998,0.6896505270511091,0.7706604113286717,0.8624259273338355,0.3163722104055533,0.26591533947008295,0.3149031381819213,0.36946406291513256,1.0393100175626955,0.9640992387790706,1.0375811891123567,1.1148870207160564,0.5162959589877173,0.4504893188952959,0.5133840737002813,0.5850821580811807,0.05249409761391169,0.046579170176601424,0.052291570475922214,0.058540076344798776,0.06048064020540267,0.04870967101558022,0.05961749239842461,0.07325429722936673
27472,Jared Shuster,SP,0.7556962627986272,0.6526746319710643,0.7523191134965388,0.8615713007922063,0.41635697476995936,0.3372006329929115,0.41218373871414216,0.5016050728379112,1.066363520700693,0.9716813788773997,1.063431410115162,1.1625679673998477,0.5815714634057779,0.49663552509597886,0.5772489270512257,0.6714478754006624,0.04730124761660718,0.04089167201528212,0.046985897575125654,0.053992922537621335,0.04778962018047796,0.03713433651499773,0.04684606649804863,0.059866017151654335
27473,Cade Cavalli,SP,0.8580771630095462,0.7428400309903833,0.8529574621365774,0.9832511592836057,0.3115904371615628,0.24613850511794985,0.30756163152783367,0.38248150779677104,1.0078462198326246,0.9192455357184386,1.005389236229381,1.1020978959598715,0.5012611336545661,0.4248620298791301,0.4975398014583623,0.5827659778604978,0.053781418765736,0.04694638976146339,0.05352947780900669,0.060883812832364013,0.06227358923169207,0.048841372083627585,0.061267363067129085,0.07702499190736886
27474,Max Meyer,SP,0.9156515650247377,0.8123840824656529,0.9118425115014045,1.0211086544808838,0.3110327012997395,0.259045170795561,0.309391406480832,0.36492509802018236,1.0029888868661212,0.9254236867662871,1.0019114922692522,1.0789061680557774,0.5074770961407241,0.4395157615585828,0.5048928670179867,0.5769510605907237,0.05329319315665687,0.04740595223155652,0.053001417615140975,0.05958102444439475,0.06222321814553766,0.04971945964439879,0.06130980609921657,0.07572331843963272
27483,Bobby Miller,SP,0.9114756140612089,0.8172663402530997,0.9069217429857583,1.0102587516506174,0.3425486759735908,0.2901119812635493,0.34145102009230266,0.39656715165334205,0.9918020034561561,0.9197288322720603,0.9913032620411579,1.0649095647964546,0.5153517226623237,0.451021439571185,0.5124933483413896,0.5809530867033822,0.05297785698681259,0.04726540048337336,0.05271004813594392,0.05895739085916521,0.05845661532095987,0.04683387399899458,0.0576843982907987,0.0711540653745654
27487,Landon Knack,SP,0.9769820839821116,0.8635977642217569,0.9708890851646812,1.0972488702295438,0.3301700030641568,0.27162800722687985,0.3278404484514689,0.3921011740930647,0.9245651691774304,0.844606710578076,0.9235699104571358,1.0062804068790916,0.45909353806063813,0.3902216138189404,0.45596926696538165,0.5306999109120508,0.0574566729723077,0.05031947525016815,0.057215357187752565,0.0651407972617508,0.06611587184114669,0.05186350118765776,0.06519208849475647,0.0814214053729438
27498,Spencer Strider,SP,1.111979002050489,1.0044908199500753,1.1085778871784648,1.2230349027327347,0.35945936337280104,0.3095676647004188,0.3577451837741218,0.4126393481321797,0.8993250622533592,0.8345450779987726,0.8977111043007587,0.9650094844090021,0.45860669250523983,0.3988743222781955,0.45649429117728035,0.5194530232556548,0.058978093860553645,0.052628424011184026,0.05871237599690157,0.065627419757974,0.0684171737717312,0.055884579011330544,0.06735369766342164,0.08237868945335852
27500,Slade Cecconi,SP,0.8645349074914703,0.7765390819479356,0.8623568628840029,0.9540188251703576,0.24880690236949476,0.20858881254465367,0.24743238914525975,0.29011674646024654,1.0147531389054179,0.9458677233236559,1.0141580323784787,1.0847906843727453,0.48683705886035633,0.4271373020961277,0.48412023936789245,0.5492188850352324,0.05465263425603849,0.04884473134330147,0.05451984941988643,0.06085122812107023,0.06769763890464386,0.05516555773802191,0.06668693667483401,0.08181427278735676
27517,Jared Koenig,SP,0.7277506736689218,0.6203559399625369,0.721363858907835,0.8411888871097718,0.37839884886468766,0.2925678500308475,0.37306017759242,0.46847663560005026,1.13347470863692,1.0184982528861193,1.1311074173127704,1.2483878689120564,0.6172848281700902,0.5121822263830952,0.6130169808118708,0.726429274100352,0.046330143101847236,0.0394872076950696,0.04613139318664096,0.05335385813170143,0.04850288734024309,0.03678459352533702,0.0475006973897175,0.06184191465140274
27552,Graham Ashcraft,SP,0.7780476159370155,0.6992105995498643,0.7762752430722156,0.8565528621295495,0.3163511317614442,0.2721691960805683,0.31382108626268435,0.36436710948355033,1.0505358890876988,0.9790228860948297,1.049090943441661,1.1258560268884579,0.5200010688480583,0.45309460509810934,0.5174370540509782,0.5881803485921604,0.052740634968969025,0.047007469979542235,0.05252808242981853,0.05881588041450056,0.06411577899563997,0.05216695128203963,0.06317484073954437,0.0772503604271285
27581,Hayden Wesneski,SP,0.920784948724552,0.7840508675012987,0.9149178703143404,1.060834011528025,0.2785053615915749,0.21285305603348031,0.2743604922888172,0.3505433122165683,0.9524727307357828,0.8503779711833611,0.9493651776447432,1.0578192092201004,0.4525802842236451,0.3736223816203028,0.44846609372275237,0.5371428555617099,0.05847625093775563,0.05025088295821539,0.058190994070777394,0.0670066617960898,0.072204404780319,0.05492924326615648,0.07078323711850174,0.0908891517244175
27582,Davis Daniel,SP,0.829485387096969,0.702266804545333,0.8231066106590619,0.9619720379892693,0.30369062903321986,0.23178799375837938,0.2988490167665869,0.381777702727353,1.070397464524189,0.9599358386798931,1.0672793302445416,1.1874324465377235,0.5495851055761218,0.451843016882772,0.5433030348876383,0.6541826984778331,0.05058206954650823,0.04315098998955075,0.05031379291924182,0.058224170983992345,0.05797606531479614,0.0442245822140898,0.05659412642925035,0.07363146778257326
27589,Logan Allen,SP,0.8407004879661297,0.7621425078286057,0.8386631230028975,0.9217457197464285,0.3648771267801564,0.3178446767987599,0.3633441208481477,0.4143786047147513,1.0116272817609868,0.9446219988247102,1.0096308637667388,1.082410820095997,0.516878809090767,0.4538323402713147,0.514980250965376,0.5815281236447088,0.05278665863541354,0.0471616797566682,0.05269721302099781,0.058540718927618196,0.05825296245190835,0.04761892705976622,0.05749369832270369,0.06971138906955095
27597,Cody Bradford,SP,0.9593292818068166,0.8458892307005993,0.9539557401785486,1.0810502191054412,0.23384959255131252,0.18657051648636552,0.23050829949796992,0.28670681602228104,0.8885930701973993,0.8156321743839356,0.888213823844543,0.9631833384531903,0.38819415469313545,0.33295263416823484,0.3859599041377721,0.44602376521119746,0.06549165540720386,0.05764223965773008,0.06513279858517076,0.07378511599371022,0.08807463283252076,0.06949971863909753,0.08648731995505943,0.10833062705841881
27636,Mitchell Parker,SP,0.7770344639124878,0.7049553480291983,0.7745403370788457,0.8533157090121201,0.31151773958730045,0.269278385025446,0.3096723668036156,0.3552587716040668,1.0603878122680315,0.992677782468271,1.0589352022046503,1.1289228698571778,0.5335612831656337,0.47287812367190235,0.531478559479493,0.5962660086153421,0.05112314890739478,0.045922344491294134,0.05093453801397438,0.05657060243457125,0.059690687111207084,0.04933258023283292,0.05878799073974945,0.07150860791085212
27646,Luis Ortiz,SP,0.9529542380555068,0.8533916799905673,0.95000915865132,1.0596488453366106,0.40930133590441775,0.3478133466689361,0.4061694372887664,0.4765362839197329,0.9246663502570919,0.8572267782179546,0.9229750831407453,0.9950538439147033,0.4740249852295016,0.4126180453370896,0.47048076312998843,0.5406400668374021,0.055898395436823844,0.04974237208233267,0.05558198259283992,0.062431896818645,0.06188417792110756,0.049243628536492896,0.061235801421612945,0.07518312742865958
27649,Connor Phillips,SP,1.0371536600145754,0.8618749842416225,1.0296973090945767,1.2236581164075362,0.48540262895818204,0.3690055868374711,0.47735121946770875,0.6140321330812986,0.9550707076246103,0.8445121535683222,0.9520107469108974,1.0731200631219917,0.5505772351791328,0.4421896785703803,0.5468792444500552,0.6659566180569372,0.048697864631099444,0.04006480255574786,0.048193048741222884,0.058079582763393846,0.04648771605956418,0.033420521934300805,0.045145663507053284,0.06109041471591789
27669,Tanner Gordon,SP,0.7586404061488056,0.6668160015461302,0.7544953140590538,0.8545697712140516,0.25822550816286616,0.2092600030284919,0.25659379322769515,0.3091016141877322,1.1828546276569907,1.0864328148340665,1.179779075392155,1.281295961345232,0.611308432161864,0.5258734111758362,0.6073009507956048,0.6990204043269284,0.04683266635146629,0.04091056102485773,0.046620418885903694,0.05293500044376407,0.05509870716210057,0.043487609845276734,0.054271827843441686,0.06761018643958765
27688,Jack Kochanowicz,SP,0.6534570326994,0.5823356900104928,0.6513410087021871,0.7272516910886944,0.3578230152946238,0.30576069601790656,0.35514857648738174,0.414532376367451,1.1428669269098204,1.0665009318192902,1.1418773838232106,1.2210163775772345,0.6037184220072407,0.5324801030331807,0.6015821775588949,0.6774063020000115,0.04570085556087559,0.040373195900844934,0.04552881465505569,0.051210258629637906,0.05110622906894705,0.041011517286219684,0.05027449235355351,0.0616087367942858
27691,Louis Varland,SP,0.9522920070421852,0.8452837383401679,0.947469062523493,1.0669876181746447,0.2783602246526209,0.22661422044994955,0.2754199673043573,0.3334958695767668,0.9444081296478897,0.8702147197651321,0.94260037609904,1.021235392832594,0.4550547119740904,0.39320874207760925,0.4530763780250293,0.5191055554203007,0.05724955676154437,0.05036738891726732,0.0570186087908027,0.06455019953870018,0.06832315611331358,0.054437007853763944,0.06739415361444884,0.08337381309149261
27707,Mitch Spence,SP,0.8422089921883971,0.7533596230994987,0.8410963050289278,0.9322021072424431,0.3018853894988713,0.2542444051954055,0.29950841369573244,0.3529508569146584,1.0319481262060641,0.9590032115656373,1.0301150426976062,1.1074803159307065,0.520204893554363,0.45566232618529245,0.5171398064859192,0.5874618205982423,0.051878601377149766,0.04639125210588072,0.05165068322810992,0.05772706945059553,0.05786496707441754,0.04694925856863682,0.05699423754930483,0.06974989301677233
27756,Mick Abel,SP,0.929968164936813,0.792246884255065,0.9247021173732415,1.072972842346061,0.38701681106257935,0.30400604898050937,0.3818847847663114,0.4763034515441226,1.0122829815701648,0.9121714143951956,1.0097065210191842,1.114441772961065,0.554660097686244,0.46563453718144804,0.5504472340151643,0.6495386608435497,0.04921280390041649,0.04187685838164943,0.048897352394705815,0.056892447860387385,0.050471790088217436,0.038114235585246334,0.04960348479268611,0.06424267451751706
27758,Kyle Harrison,SP,0.9881876229976748,0.8918224658814198,0.9845003514007863,1.0886236887345653,0.320231526486283,0.27408491208538766,0.31889248294595607,0.3679464832707039,0.9243062170895551,0.8594263094308394,0.9234262463237377,0.9903056515228482,0.4595932414255043,0.4054349119835113,0.4574602266222868,0.5154745311444731,0.05591964211956627,0.0494008467158678,0.05571773698871613,0.06248003296008788,0.0636334877813937,0.051443274669984024,0.06270761547399112,0.07698286390573263
27768,Eury Pérez,SP,1.1314554356944528,1.0227386320153655,1.1289730589760225,1.2412835414247205,0.3180783984228813,0.2700242735298565,0.31682176212564467,0.3677211925392517,0.8014246740232417,0.7461599964275197,0.8000007224108776,0.8591071054437961,0.3811566615923736,0.33421125331399987,0.3796947802036865,0.42955746218877494,0.06403429885328467,0.05600770514022306,0.06370874442154126,0.07248049246370716,0.0721618038977882,0.057185936092854085,0.0710380364904333,0.08820959667025556
27779,Bryce Elder,SP,0.8117205725590714,0.7352853206538177,0.8099677327884804,0.8910856497278141,0.33776459127011865,0.2928244145845253,0.33637369079718005,0.3848715037226992,1.0367869838454045,0.9646446408105223,1.0353968779005311,1.1081258383708823,0.5233498281668741,0.45989341585046195,0.5206838055599753,0.5888824406804573,0.05243581558838429,0.046914442939185515,0.0522686570875638,0.05799660752717001,0.06291290482855676,0.05173536151073832,0.062007751739495506,0.07507082589421833
27782,Brandon Pfaadt,SP,0.9121941107184006,0.8311035846744669,0.9085756656697204,0.9966908550892165,0.23356295493916562,0.20152810195372486,0.23231885096766608,0.2676701183419312,1.0359394243727085,0.9693949759244845,1.0353121488072574,1.1039297966334507,0.5034879591503065,0.44590832214900855,0.5014697961380312,0.5636157928612467,0.054068848459570114,0.048495587799302665,0.054001831426570876,0.0598188657469625,0.06664050821814975,0.054724585546194124,0.06594666858803931,0.07944684046640259
27792,Gavin Stone,SP,0.882262289503478,0.7871941977149136,0.8790573672756148,0.9809285571417422,0.27167322788404175,0.22673796562846468,0.2705066027930255,0.3184427974713226,0.9278756434365106,0.8639210333950069,0.9263634451578556,0.9952368343108554,0.4238917340681078,0.37205866125638176,0.42219771247261983,0.4779332152278383,0.06088627313043099,0.05451933214012409,0.06058177455395669,0.06791663347618751,0.07561361874144047,0.06138514961929862,0.07452660561786995,0.09062511222080608
27819,Brandon Young,SP,0.8164067989093353,0.7081982662896518,0.8142249310594453,0.9250603451452315,0.3635232077293158,0.29230536755150827,0.36084282579915483,0.4392222270070453,1.0876887203249748,0.9885721452416405,1.0853644072997477,1.1851304527221211,0.5906014557764242,0.5014903294199887,0.5852212381358775,0.6839483346721428,0.04721428739413379,0.040974877826329595,0.04700854867391528,0.05359950217129449,0.050357498014347,0.03933371215823873,0.04970291661528287,0.062496170062801115
27863,Jared Jones,SP,1.0656797883362241,0.9558852731414628,1.0611351585624669,1.1813244078890133,0.3176900115372056,0.2654211676767665,0.3156774066685524,0.37356418089196686,0.8675715002924304,0.8035003060966983,0.8651309085552197,0.9350398755980196,0.42264880190624166,0.36798936684583294,0.4204242527513171,0.4797163041908762,0.05960074221206322,0.05195976168175456,0.059296082930766214,0.06791999166332686,0.07079169609482319,0.05558791956175408,0.06972889277636046,0.08729961151623089
27889,J.T. Ginn,SP,0.9755016452902359,0.869845793855844,0.9713418652342591,1.0869401748678968,0.32446243992730295,0.26964287128724995,0.321554675013188,0.38415949490553686,0.9745948380555746,0.9011077523496696,0.9736910849217446,1.0501263073447764,0.5025498455558424,0.43730861537963145,0.4996283771376493,0.5729438286703561,0.05312852744282354,0.04715738617772866,0.05286212728258817,0.05937999076348208,0.059174140577200496,0.04724263708354659,0.05833354024821624,0.07210885718676704
29608,Joe Boyle,SP,1.0989119186355711,0.9778088155948005,1.0923651856204268,1.2299481463207786,0.5398805289085992,0.4556694469654491,0.5355171472051574,0.6292218690910435,0.9052062701991622,0.8346991797843412,0.9034792409886033,0.9765678120593303,0.5200899944980534,0.45090784552644125,0.5178793334897518,0.5903492542370465,0.05125325383748317,0.044872539599396195,0.05102705256891669,0.05778314168622757,0.049693045684468584,0.03925879301648401,0.048936546226267315,0.060934602723357024
29812,Robert Gasser,SP,0.8397983874637381,0.7079161247544592,0.8338076200843921,0.9769427328791804,0.22931592526405292,0.17217321773376104,0.22480814796942866,0.29161600104338764,0.9563439117188313,0.8554223274866514,0.9528923374904079,1.0611794842247417,0.42295546465382705,0.3488152986500634,0.41951863300705106,0.5006478651300098,0.06104609550810954,0.05193648051485776,0.060456947666649274,0.07060774615578685,0.07999357731529415,0.06042736255162522,0.07816468979801114,0.10151185185365474
29833,Nick Nastrini,SP,0.8442452166463484,0.7211944771977583,0.8388040239988647,0.9756019682179221,0.6809159371844765,0.5468378525219579,0.6739065149054319,0.823290987965213,1.064448290056008,0.9617800559231393,1.0610162274872437,1.1722048051677147,0.6725606770236979,0.5649980989453783,0.6661730294207419,0.7852120584648136,0.0416515361159184,0.03529269273073578,0.04133188758017131,0.04836295815778878,0.03643021905527829,0.02757755201840077,0.035586457893148835,0.046242209994763805
29837,Bryce Miller,SP,0.8987178346176086,0.8145168593281545,0.8959763683827973,0.9876175787429953,0.2839947490951419,0.24422946802520895,0.28206428231029446,0.32550870837625184,0.9514402313929315,0.8851711733256593,0.9507930541051186,1.0178819097844654,0.4577599761077097,0.40096362127945306,0.454510171974455,0.518966271215753,0.057278181792507994,0.0511124333538646,0.057082483249271884,0.0636460530609807,0.06825195453011643,0.055288315762601355,0.0674251336107991,0.08207351221990147
29839,Emmet Sheehan,SP,1.1590400851176377,1.0349405455149563,1.155666186210575,1.2878960427586106,0.3251042763883501,0.2717006593300615,0.321556100054292,0.38376110272654174,0.7981249592408752,0.7367810780830448,0.7968242301045323,0.861343313852082,0.37630706426165966,0.3264483197283483,0.37456317171751663,0.4292780351591133,0.06610265584421335,0.058171544083077224,0.0659165495102274,0.07420900872822608,0.0782175276379686,0.0626573972969403,0.07736789137073223,0.0950651596702324
29863,Ryan Bergert,SP,0.9978347396286695,0.8807356328693554,0.9952464584456077,1.1177129729567032,0.3957415113190089,0.32312827718678555,0.39264134933434364,0.4723543492467688,0.8899028206053333,0.81885760944558,0.888494574761314,0.9647428668376228,0.4531885036343631,0.3900715315419212,0.4499349317389927,0.5204900011968997,0.056681801222497476,0.04985210288225537,0.05632954469500706,0.06393337371476343,0.061733779770203445,0.04883348070096448,0.06080222008878575,0.07593869393599707
29869,Michael McGreevy,SP,0.7401058933533131,0.6492118141098702,0.7365524874802938,0.8352515602239825,0.2456542408494481,0.20023698942736112,0.24255624297857398,0.2943679107979533,1.0291600998472763,0.9494236493381124,1.0264002425363672,1.112349416558446,0.47470263592999284,0.4111525544574995,0.4723506523924891,0.5415612447480017,0.05608052121117545,0.04922892076799746,0.055730230760690905,0.06346697043331903,0.06947870753148537,0.055161147904773,0.06863700319216373,0.08477800279268603
29878,Sean Burke,SP,0.9872884184039017,0.8840433946871101,0.9829501480609643,1.0950185465770856,0.40850587327569593,0.34690345609636586,0.40608454905095226,0.47248930562113256,0.9320878188372415,0.8656280863169024,0.9310406799057585,0.99899758161200225,0.4904399121645192,0.42967354857388235,0.4881604268452254,0.5536774114896622,0.05339442856558207,0.04756865083360886,0.05321165345152467,0.05944915746858259,0.05717119840952472,0.04603632450658272,0.056256626927049774,0.06930271878262705
29911,Andrew Abbott,SP,0.945768849432923,0.8604070020019279,0.9424265211292084,1.0355859585967193,0.29911719449997964,0.25956707068273677,0.29816967266041416,0.33896359502605466,0.8789592925079814,0.8210591743176416,0.8778219253107139,0.9368412851089173,0.39835306044071256,0.35148202331813444,0.39717581507839894,0.44685211343027614,0.06419927398991658,0.05778016775321848,0.06391617169403971,0.07110771389622457,0.08007646613762061,0.06594639425325396,0.07912903861871834,0.09512439279318073
29914,Andrew Alvarez,SP,0.9880427131837834,0.8359269766170724,0.9810946142840304,1.1444627787551642,0.33748994356489337,0.25724776223007956,0.33193330559877954,0.4273845966407512,0.8798688388805761,0.7813546582849766,0.8764416706984843,0.9827180477314184,0.42091335272703034,0.34317320147904773,0.4161319786143386,0.5047886594094311,0.06154894531480728,0.05260790945102642,0.06096736764845006,0.07127268843700868,0.07408962265687082,0.05527557151624988,0.07224123511967653,0.09456996182904946
29921,Spencer Arrighetti,SP,1.0724395890976783,0.9627059201600034,1.0690231450469576,1.1865753184913657,0.41055597474441474,0.3529025424032293,0.4080212778532547,0.4717119032226096,0.9079196966783626,0.8439950741532501,0.906505087710056,0.9748692418835869,0.47921532402096395,0.4195633319627054,0.47737651309672424,0.5432782091653411,0.05510286710282192,0.04887875573754184,0.05489010625585663,0.0617131771911822,0.06083967137979745,0.04872801829199173,0.05992139225945673,0.07372407727541049
29928,Dylan Dodd,SP,0.647302539411415,0.5515932465591372,0.6425797847481636,0.7516197386177683,0.3572095630374454,0.2792980253259634,0.3518911145768931,0.438201520106934,1.2521792443473883,1.1310181071183012,1.2496628551654259,1.378692612441561,0.6997768719052989,0.5912177136459921,0.694869068413573,0.8151899461083468,0.041489096819695113,0.035674807716412654,0.04122709876892523,0.04769743478688968,0.042472017326017075,0.03240351218410189,0.04175542217311426,0.053528432242669746
29960,AJ Smith-Shawver,SP,0.9559509032078423,0.832606478610347,0.951971791157012,1.0812756854298164,0.38893384961877664,0.3204026232996573,0.3850214291783438,0.4647774502159082,0.8812002492749892,0.8024883305684481,0.8803629063356833,0.9595865342600695,0.44465999234068065,0.3788054893897424,0.44127769194702515,0.5132057964398504,0.05654875198898249,0.04843965921622233,0.05621483852689675,0.0652637119025979,0.060013777316926364,0.04603088594984374,0.05893920884109142,0.07553257758294249
30004,McCade Brown,SP,0.8496800044556686,0.7180668210772576,0.8449394978085348,0.9845955785833638,0.49507608462349056,0.3897220337331222,0.4878811072092818,0.6097233763270081,1.093938036241468,0.9786819622836528,1.0916770225506895,1.2127186636585618,0.6545451350732888,0.5449129588000072,0.6497107426544932,0.7708557738128129,0.04293580796714324,0.03637174743101078,0.04272441361581368,0.04967568859484128,0.04026529883631702,0.030346538993816643,0.039242148978764615,0.0513396112738775
30031,Julian Aguiar,SP,0.7858748222112203,0.6622742454262958,0.779502861046766,0.9176099771789316,0.3744840282164706,0.2885418881918932,0.3703373981742665,0.4657703486102327,1.0528982269892306,0.9456551786965044,1.0498803456824495,1.1660112436424719,0.5648771854501697,0.46805373515036364,0.5601931085540761,0.6669056408348978,0.0483136426290983,0.0407866030350736,0.0479603955303291,0.056154252346640954,0.05090454971322748,0.03800993954697585,0.04977202758058109,0.06524258608104859
30055,Cade Povich,SP,0.9562637500570573,0.8624141201492765,0.9533847882496979,1.0547610530194007,0.3682899949492014,0.3154450086977436,0.36610100578084614,0.42406632376968,0.9999862523849894,0.9312171818117921,1.0003287766375486,1.0680795471861242,0.5388390603292151,0.4749156550328598,0.5363455711263022,0.6031797688220787,0.049738421249362313,0.04421166461896371,0.04963167608534086,0.05529392125832063,0.05241443392428924,0.04258849376659614,0.05163304890385437,0.06312595919205981
30056,David Festa,SP,1.039719943479104,0.9257179649015206,1.0349190304318299,1.1593441538435119,0.34927721873948075,0.29249619734241844,0.34703395353218963,0.409036654665213,0.9436867001134254,0.8728145226857844,0.9418020423882378,1.017396239088836,0.4978724574727604,0.433991713406272,0.49445073973604436,0.5655806741674213,0.05306620726594509,0.04675066209786601,0.05304666705706622,0.05928594970602727,0.056503220900023625,0.04480170418771141,0.05557094702548703,0.06925736531329273
30076,Landen Roupp,SP,0.9536697867052467,0.8470848704963871,0.9498805861410208,1.063722830348502,0.35969713319499996,0.29959041340640763,0.35716211508907064,0.4232311797167442,0.9325349204721326,0.8621901622440984,0.930182132614082,1.007763072493466,0.46308731851046775,0.40149603834096576,0.4596268512665348,0.5277686785029886,0.057353601637595876,0.05073171423833955,0.05707342877157906,0.06409001931430046,0.06699896942072975,0.05335375172273585,0.06603324360371934,0.08143543019530919
30094,Jordan Wicks,SP,0.8517025850462397,0.7458580047750369,0.8488381997911697,0.9580495794348752,0.3533691920862891,0.28926125834209143,0.3497228098841948,0.42221187689582246,1.0065370084244685,0.9266480575152853,1.0056418444560467,1.0906625971032233,0.5185220846267656,0.45071266941607085,0.5158349870265462,0.5910843803934667,0.05208399720603378,0.045758943407206876,0.05181302272990071,0.0585321626107397,0.05701583511102812,0.04521753814961856,0.05629887793562706,0.06947655556119828
30107,Christian Scott,SP,0.8789971656025436,0.762973683212178,0.8717316811210181,1.0037643039722854,0.30138000561655215,0.23859498136008725,0.29706505498444796,0.3713312776691272,0.9805810387976969,0.8915630790863973,0.9769780283001772,1.0753685835667217,0.48280520196327564,0.41040185901340415,0.47788163396246,0.56222593371392,0.05444056641830944,0.047214294133967584,0.0542224372621989,0.06180645269822396,0.06387151546903787,0.04928262450962321,0.0630477373818698,0.07923979291138354
30113,Chad Patrick,SP,1.0281919832720365,0.916643906710801,1.0222244635658333,1.14588525144622,0.3208562147013475,0.2651233853510281,0.3182864927313832,0.37916118526695314,0.897905184914591,0.8316001211052533,0.895789960928159,0.968445562215846,0.4384333833140541,0.38080563593844763,0.4358202128607449,0.5009798336367102,0.058734511383109755,0.05230754808268867,0.058554708977879844,0.0654462161512404,0.06906674343341972,0.05509687693909293,0.06837821350818729,0.0842161205421121
30122,Gavin Williams,SP,1.0600850445899623,0.9643047687440005,1.0571229376124873,1.1577243337912764,0.40592206754086424,0.35475247749962985,0.4044530801594819,0.45824527190869807,0.8243343329227462,0.7708272978079478,0.8228517692109445,0.8796551391567893,0.401347618834896,0.3546395041457751,0.39984750564147525,0.448928249918588,0.06237501323891329,0.05595547474641321,0.06236749147966448,0.06903429842212999,0.07197649720750403,0.05936632728932395,0.07125135447466363,0.08539982570983924
30134,Tanner Bibee,SP,0.9475482557653908,0.8632364384222296,0.9455440027361315,1.0319354822163693,0.2885288859892141,0.2517765861674655,0.2865182474954985,0.3280842519933689,0.9219020612320775,0.8640667513530308,0.9205902069232992,0.9821119740258171,0.43495441217249375,0.3853360969398986,0.4329984212995286,0.4865861059904911,0.05997724326082012,0.05423404760793146,0.059859206175178564,0.0658203015176595,0.0723628176323636,0.05962000907349948,0.0717698092776872,0.08533154310088946
30146,Jack Leiter,SP,0.9986132221267723,0.8995762035878128,0.995911759273338,1.1005915834297937,0.39135344279883916,0.3348417681129619,0.3888353039187762,0.44869361428801696,0.9157887090346939,0.85493383674883106,0.9141159460285756,0.9775690076305047,0.47455980806769055,0.4180849756390519,0.47215481730780534,0.5329618631196525,0.05539858156680052,0.04947846479945699,0.0551057950526154,0.06164537029427127,0.060952889274151704,0.049388711062176606,0.059900932359444145,0.07399085890080852
30160,Richard Fitts,SP,0.9106168870949479,0.7809437434226966,0.90755247747794,1.0375576033839637,0.3444636898279654,0.2717181327793826,0.3401222608217719,0.42366906817497185,0.9744462160826438,0.8860518785148707,0.9717414711313499,1.0637324653973024,0.49754452679378924,0.42081384426286195,0.49439654491584184,0.5778930648104702,0.05362012692760107,0.04652693162449834,0.05329101562487176,0.06103075093288691,0.06004261197507866,0.04656874482640771,0.058813509105303516,0.07519428579831643
30171,Mason Black,SP,0.8238929468407259,0.7051640984231504,0.8186081706500798,0.9511243863698522,0.39910974676137656,0.31623501395974174,0.3935029928925379,0.4901887139150348,1.105970674748196,1.0001598685960615,1.1025977004871441,1.2138648528292961,0.6270524506577839,0.5276704864671565,0.6214821363835861,0.7319832047151601,0.04451535441650564,0.03832566398682656,0.04423140172348616,0.05105051349699637,0.044028263030322534,0.03370189064765517,0.043252353702446573,0.05521640972677731
30182,Will Warren,SP,1.0387494178677155,0.9374513740152152,1.0343771933076937,1.1431524110857236,0.36927213329437836,0.3158190321856996,0.3668951557750776,0.424659349002198,0.9581197286198048,0.8928970261059893,0.9570510286172834,1.025129419961755,0.5121845341095627,0.45147265377447715,0.5104155019880622,0.5748652590208273,0.05253595653581468,0.0471382750521739,0.052293568623435524,0.05830252116181795,0.056422912321861314,0.04625946709237082,0.05577802136845031,0.0674506135968342
30184,Noah Cameron,SP,0.9247875179497089,0.8263194838258415,0.9209288813040106,1.024974876831506,0.2942162284751857,0.24534328687615034,0.2920604467273915,0.34693953432306857,0.8575593864557004,0.793446989240812,0.8564747936213568,0.9232587134382753,0.3834015078125345,0.33410804115292625,0.38112595102100033,0.4353137330263532,0.0650338427406391,0.05804470862838501,0.06482197706800308,0.07238290520871737,0.08158281571309949,0.06573859634234397,0.08079477070446356,0.09879110367873241
30203,Jackson Jobe,SP,0.8915850285726566,0.7639661303485854,0.8854179337203852,1.0250769029561628,0.44270248017568836,0.3549093376702841,0.43750022208969475,0.5360318340341554,0.9393814924939066,0.8458329472143153,0.9351908616570584,1.0356848719340577,0.4967766968220572,0.4182621322357968,0.49228389960705937,0.5825846984633316,0.052662229835818065,0.04470296177276429,0.05219668820955317,0.06130558314266517,0.053750232896242575,0.04063508910698613,0.05279815841576431,0.06830409368784453
30240,Hunter Dobbins,SP,0.8438966573891058,0.7359971211053671,0.8387341668754136,0.9588885806762224,0.29514475201054446,0.236616314268268,0.29225416261447656,0.3570933403695259,0.9849691406089917,0.9044737735790764,0.9816387247199836,1.0714514341266246,0.47546014967673905,0.40827799417988936,0.47300649016833485,0.5449708884232178,0.055585701390855315,0.048834079278154814,0.0552713564989854,0.0628032960526472,0.06552561786347724,0.05185688349301103,0.06434875397064112,0.08122345461062916
30279,Bryan Woo,SP,1.0495517356469675,0.9586333516821923,1.0473322830636047,1.141496336230857,0.20595137793420354,0.17615293047014371,0.20507936847209945,0.236632199894167,0.803908279680647,0.7524311463096502,0.8020800263915918,0.8583249857192945,0.3305770742252546,0.29378225549470305,0.32877407154261445,0.37015108844199984,0.0729274542132265,0.06540216161192933,0.07266596385975917,0.08063667135597359,0.10163475127006986,0.08425560453495956,0.1004614067837761,0.12034317228477504
31204,Justin Wrobleski,SP,0.8279051731786012,0.7005890714110953,0.8220945968718636,0.9619947502237338,0.41115561174255083,0.32566036097944234,0.4058955709331864,0.5028216573773697,1.0417047727256625,0.93806171631275,1.0401283438774933,1.1505995126179525,0.5773097149366022,0.48084201774714236,0.5732350938239781,0.6786010784245975,0.0468072604962256,0.03964952271259837,0.046537793279983836,0.05437086678666195,0.046434119359323935,0.03501066746673354,0.045545650121720266,0.058829837745129315
31312,Colton Gordon,SP,0.8217596431785277,0.7218426179581352,0.8180542364852829,0.9272371581374506,0.27611719238891586,0.22384788760398872,0.2741905000326833,0.33045217517973463,1.0758883970121391,0.9923356341874007,1.0739230170121354,1.1632092480675336,0.543390508647294,0.4709476225884029,0.5389946202745699,0.621774992703899,0.05051824749355453,0.044548447832678355,0.05049972127693838,0.05643426839486535,0.05729388754751302,0.0456712629797774,0.05652211159580768,0.06987890440380921
31318,Gunnar Hoglund,SP,0.7928306890412049,0.6742322343016234,0.7868093552875276,0.9176971238063356,0.3527000548878371,0.275493679347226,0.3483699753090792,0.43633670105234795,1.0931167464996983,0.986124423068273,1.0897039998078657,1.201307745487193,0.5874803930362602,0.4948819502692203,0.582243679101693,0.6909211576331739,0.04727838861659313,0.04065754555072317,0.046857664112975025,0.05442246683776325,0.05048042341109784,0.038225588179995815,0.04955464861193246,0.0640949613926807
31475,Logan Henderson,SP,1.2010269118722054,1.014541359420799,1.1930836207021274,1.3995786270906678,0.3054298266457981,0.2291521191863266,0.2990677646043881,0.3904966055834342,0.7555349393074686,0.6691347148312691,0.7521297080123706,0.8455941519903394,0.33808000410798456,0.27373017679065353,0.3340157132061519,0.4060798649423908,0.07168727005935253,0.059748055376945115,0.07065485884775669,0.08471761020945123,0.08893953838216052,0.06426953210870964,0.08669423750545602,0.11602927151103636
31508,Caden Dana,SP,0.9642351453307336,0.8063633698989852,0.9571778425835494,1.1317370053210658,0.48462821408175033,0.3792743817767854,0.4766714507063917,0.6029064946499961,0.9978033831581113,0.8914066550847712,0.994485525684765,1.1069252350742649,0.5889337582550767,0.4853784855159933,0.5813029146152529,0.7043347359850637,0.04514951805378641,0.037001264067967915,0.04472821630090971,0.05387206076619745,0.04152078714669837,0.029775515154057047,0.04042166581328114,0.054693005146419345
31612,Carson Palmquist,SP,0.7753670197590306,0.6598611148180503,0.7674833944937827,0.8999168510617921,0.5536792091342297,0.4407219784510877,0.5491331585962966,0.6698686938995436,1.2014175899456208,1.088334433813765,1.1986052163001186,1.3185051725766943,0.7724813394183162,0.6554503812440694,0.7668746417691321,0.8973766769876218,0.03776677718931541,0.0320882833934334,0.037588499843307095,0.043725333854577345,0.0327760675640303,0.024917863628344854,0.032158363829629166,0.041286802705993095
31623,Jacob Misiorowski,SP,1.2183846165984848,1.0712002428719285,1.2124127320875733,1.3729343148962334,0.41051650406065887,0.33191976934966766,0.4061368482912727,0.4932422308411251,0.8253255640665265,0.7532410196803412,0.8224161147847981,0.8988527176819041,0.42724574748465666,0.36401818827184934,0.424775812850295,0.49418732458178677,0.05945468972558302,0.05127633884244248,0.05910937419613379,0.06824804425197746,0.06324750964203021,0.04877702329498815,0.062174562845516756,0.07924220456726178
31635,Hayden Birdsong,SP,1.1627853220004079,1.0226427900284443,1.1559675848909359,1.3121968017656505,0.5119476574146871,0.42619074300753207,0.5081807550811135,0.6027927689364346,0.8619710419244508,0.7895964340663664,0.8603641598251369,0.9352069912284084,0.48438967055295884,0.4140563580619844,0.4816787411216804,0.5560735648617539,0.0531008066786183,0.045421692990030196,0.05269494371476206,0.06150320347437588,0.04922568831393935,0.03760648084813285,0.048212015572029476,0.06216870151889943
31676,Carson Whisenhunt,SP,0.8562960040319196,0.7184025020211107,0.8501721014414159,1.0012994049051498,0.4047591309052439,0.3114833818657488,0.3972870944329415,0.5085365462043561,1.006117098501341,0.8974431098861877,1.0019952705356445,1.121719859509549,0.538728846729645,0.4407810382461603,0.5331391105046812,0.6434259724064723,0.05034652088403803,0.04247334253536558,0.04995183963206139,0.058610528806916806,0.0524861048937417,0.03889491333670338,0.051285602137374056,0.06743781403606568
31687,Shane Smith,SP,1.0242214291958789,0.9182952315418482,1.0219530645695256,1.1383894549307922,0.36246803766426433,0.3055109908095309,0.3599836907261946,0.4223952132178661,0.8654292115880972,0.8036490225624935,0.8644312279788116,0.9285765569957123,0.4264104788168882,0.37154113805182526,0.4249697991360105,0.4812429035428376,0.0596029453581193,0.05306897276275931,0.05926570229723301,0.0664325295763066,0.06758597953162693,0.05435006247559034,0.06652650160528506,0.0820587827969167
31730,Jonathan Cannon,SP,0.8204678498872601,0.7396329071072055,0.8189280131909266,0.9032768148780006,0.32848135448047316,0.2816698917851517,0.326268709124379,0.3785143725416685,1.0341734425892122,0.9681688819504222,1.033419385863337,1.1006295122180865,0.534644389269224,0.47464486980831117,0.5328938851362074,0.5974921588451025,0.04976160420475038,0.04435982941232591,0.04960197658032235,0.055356245085858055,0.05449221387098962,0.044176599262431455,0.05386492352921111,0.0654489521372804
31741,Mason Barnett,SP,0.8306301185035093,0.6997359800530731,0.8249817585902219,0.9684006964903713,0.4173677722636552,0.3188062967163795,0.4114883306131662,0.52392225368537,1.0815521002868016,0.9658693349915157,1.0779949719543302,1.2001843004778472,0.6116463770850034,0.5027008597672518,0.6074391502696368,0.7239652001677743,0.04553892799907923,0.03845290567914066,0.04528286156458794,0.05307640179553423,0.045398427104868674,0.033451921155472186,0.04431394979798947,0.058578628600637506
31757,Mason Miller,SP,1.0715799035305045,0.9201229385340972,1.0654882370238692,1.230805864007946,0.3851430085580875,0.29912188760092606,0.3788742273753726,0.48014192822807866,0.8558879916680411,0.7661632074386289,0.85425545339494,0.9449414722157704,0.4296638447185344,0.3554145814062916,0.4265602833713402,0.5066082275875684,0.05903900056000423,0.050382468875783896,0.05857019402178354,0.06821780465124554,0.06695610104591143,0.05038997977186678,0.06537731882538506,0.0858810306905779
31827,Zebby Matthews,SP,0.9941511665659845,0.8829949960965986,0.9907492699033733,1.1090274040248636,0.3100595204695634,0.25731149057753705,0.3075735455916795,0.36622414566732014,1.0395755879541577,0.9610358386766618,1.0382028364320313,1.1174513647730433,0.5567292482433069,0.4858703393049859,0.5545002562668686,0.6315021500720384,0.049406483576456564,0.04357811241249652,0.04919830094383003,0.05551701530083222,0.05362593277365615,0.042742724088584344,0.05267630111528279,0.06531719568119287
31838,Kodai Senga,SP,1.0475925328732516,0.9322561282417056,1.0443511585882734,1.1707915758637844,0.4519885035769247,0.38374651890586414,0.45001002468320506,0.5232161591388358,0.8082180787302263,0.738232922135861,0.8063692471154214,0.878009932583042,0.3899755297585469,0.33054885699412884,0.3873114138948548,0.45075038737670875,0.06618547636694232,0.05563992806850687,0.0656783965277286,0.07677133712817344,0.07634198383004492,0.05819040359113371,0.07507978815181389,0.09559045029230184
31843,Kumar Rocker,SP,0.8676691323018406,0.7560159480628245,0.8619527110583194,0.985110984149733,0.34778529277903436,0.28170277250140857,0.3448296577705696,0.41877393811382113,1.0360604552185348,0.9525614584002023,1.0318467852198858,1.1253689972802128,0.5469531020813433,0.4710765838514849,0.543511953058923,0.6275989949430559,0.05004829294584766,0.04395370936841079,0.04990237648670667,0.05645257286967013,0.05438581835507174,0.04315135321478097,0.0535322162963502,0.06635501496528604
31846,Spencer Schwellenbach,SP,1.0162854892507946,0.919310631657476,1.0138586126827809,1.1151969513434163,0.2027872877104168,0.16973653130432656,0.20164307479939872,0.23792361956289695,0.8498704991707624,0.7926238527630078,0.8488216006616971,0.9100113377900452,0.3549336841806923,0.31239025176194457,0.35368284093197244,0.40046465922991814,0.06947653662050177,0.06193323971729245,0.06911036022847056,0.07737153511781042,0.09911523179009803,0.08111114217062555,0.09749380912014155,0.11921789693129171
31872,Cade Horton,SP,0.9165553964544054,0.8126536627530279,0.9130530634236018,1.0256440838165672,0.27695043718758106,0.22703155470423947,0.2753549298355985,0.32780761149534915,0.8363370101331097,0.7724931478939443,0.8351094616147998,0.9024646669377059,0.3657094188411887,0.3163429770285403,0.36334681583797124,0.41582870262466454,0.0672310714557706,0.058533856496234805,0.06689507709734671,0.07631670783323316,0.08120791679126124,0.06439747682389467,0.08006439400875145,0.09927660915139042
31900,Adam Mazur,SP,0.7705855657923035,0.6711155054831153,0.7667596428105128,0.8734892598304772,0.4279067643255446,0.3510128674213612,0.4250376553916074,0.5080197951149875,1.0992422561851816,1.0107977571338458,1.0967891663705407,1.1883685788089149,0.6188989919485309,0.5359407022079508,0.6151767188852635,0.7069305266820823,0.04452359279085116,0.03869991367895112,0.04437475613826446,0.0503726688767342,0.04445364281527865,0.034696105035591215,0.043828100469219894,0.05468949932411997
31967,Drew Thorpe,SP,0.794405668694691,0.6720141296308052,0.789356612571027,0.9221048900773884,0.39766990233140803,0.3136132596266982,0.39179698337783864,0.4881759604315442,0.9845505506203602,0.8931688683146042,0.9832882516293091,1.0794011929608198,0.5102542607350863,0.42868159871340794,0.5063784539293358,0.5971885041871743,0.052122959258344814,0.044191664920090044,0.05185889053683193,0.06023094204777992,0.057616087575368485,0.043831642543170166,0.056521148732639456,0.0726392752783388
31986,Parker Messick,SP,0.9477373459784303,0.8142755545469016,0.9422466552040403,1.0910568833250929,0.24117802488365633,0.18670395505679754,0.2365173412634507,0.3007023765506384,0.9076459953275028,0.8151415867644339,0.9055206005020145,1.0022548184914843,0.4047079402456186,0.33518031008208904,0.4022801197216186,0.47717835896377137,0.06301698018467057,0.05385252231591531,0.06261444385594789,0.07270276385592184,0.08233732123258396,0.06185349906539159,0.08032635502947147,0.1052284838845744
32095,Cam Schlittler,SP,1.131749237808069,0.9952289991995787,1.12618761563383,1.273567504273105,0.36171169635166195,0.2959202345000414,0.35723989543786205,0.43484348430406905,0.8081240302719982,0.7384136218300623,0.8067293348382434,0.877997511821637,0.3863644590430258,0.3313336457359558,0.38409582523703356,0.4453779991949383,0.06410634190961462,0.055751622379144085,0.06387000276397287,0.07279224720280315,0.0756072648219408,0.059438218307721474,0.074501912107499485,0.0934185336315976
32227,Luis Morales,SP,0.9727118488931804,0.8364522211910069,0.9657208472146216,1.1200185923960133,0.3356436640333127,0.2604532744736748,0.331955102768187,0.4143936184162023,0.843477923909425,0.756944911261682,0.8412230486499301,0.9320426903076516,0.3966791797448487,0.32854437827992766,0.3927524481478205,0.46781298184816394,0.06257775918479755,0.05282751751284572,0.06201916689845238,0.07320315185177542,0.07314836734430258,0.05490314749961438,0.07138152127673451,0.0936084730829772
33482,Chase Dollander,SP,0.8658565355732887,0.7624255452524529,0.8611558500007005,0.9742442203170294,0.4455258186761239,0.3736846617541781,0.44258804429563503,0.5198441491003515,1.0633991288992304,0.9853908396466002,1.0610340349038803,1.1445828443010242,0.6186764726322653,0.5399421933127704,0.6154636006091707,0.7020633229250984,0.044070432350419964,0.038233740103400325,0.04388232403418331,0.050104392911841565,0.042650256154262135,0.03346805811517805,0.04203681478323497,0.05246601717938307
33527,Hurston Waldrep,SP,1.0312421811023382,0.8970236831911638,1.0266339582917787,1.1719307719290648,0.3374047858012065,0.2693168544712219,0.3346585756926212,0.4086158574139128,0.8206825093728004,0.742401492192629,0.8199441606300459,0.8999364935232385,0.38128112854440327,0.32153899117085283,0.37998569139023197,0.44279744995823955,0.06546563304166718,0.05623302642900661,0.0649730221024461,0.07563056060278943,0.07776330745784599,0.05966685154785033,0.076289789157381993,0.0975151237388864
33628,Mitch Farris,SP,0.9178740726894118,0.7724346626917967,0.9092577176214576,1.0759855812263062,0.3997523200834405,0.30720625018787695,0.3940727387780697,0.49764665893262566,1.0058412249800308,0.8967675347750087,1.0027331078593407,1.1209930903802185,0.5493193382074825,0.4534581626433812,0.5430512855801684,0.6526429678918446,0.049485650397311155,0.0420156598924933,0.04915903688097552,0.05752910725036079,0.05154100060739622,0.038958121149646856,0.05041824218055464,0.0657575895905621
33677,Paul Skenes,SP,1.188623122051202,1.0893573695672505,1.1851211739576946,1.2913065175847178,0.2309545861822819,0.1988812035290402,0.22945935702827402,0.26530091327318905,0.7154803821523019,0.6705675703682596,0.7139547434525902,0.7619283539121622,0.28221993532137796,0.24916118209970692,0.2810364490245104,0.31525198368111285,0.07907315556759524,0.07043462860381253,0.07885463515784547,0.08820281108107705,0.11286139083650451,0.09353105830129994,0.11146484072873028,0.13400887252056415
33699,Logan Evans,SP,0.8282816935722588,0.7240198205439285,0.8234994600915793,0.9396382494135272,0.35021965483212325,0.2880398514629873,0.34597247086854754,0.41797340026459007,0.9925001752873079,0.9132315722363243,0.9907295834331762,1.073230854419322,0.5023094963901141,0.43454150289270105,0.49953895389702524,0.5742816982144057,0.052996680430882,0.046344115121039316,0.052806024251314324,0.05965539942872781,0.05760428274197483,0.04536470645725388,0.05679345979283916,0.07039094855470562
33703,Nolan McLean,SP,1.1749120029160256,1.0223613753149003,1.1671849836245998,1.3388723431291074,0.30263243142307195,0.23705792034649859,0.2980854930419625,0.3724695176910237,0.7451028825463815,0.6699223173474093,0.74317739977027,0.8205882506651053,0.3255379315475242,0.2731475230608251,0.32314951437834816,0.38092174033083803,0.07377028053758508,0.06260905174189467,0.07309104842570435,0.08567656928314439,0.0935039404750301,0.07087391681608043,0.09157220061200758,0.11835092618069862
33825,Yoshinobu Yamamoto,SP,1.1785305366512373,1.073164735659635,1.1745809424261926,1.290302259828531,0.28997338596618255,0.24871423728704364,0.28780528991873655,0.33456130039340104,0.7535193869264031,0.7023828146951084,0.7528026648855999,0.8061357124921821,0.3254408892259262,0.285619435102111,0.324170216913838,0.3656812232303834,0.07433164295446638,0.06654505675793064,0.07399633590471996,0.08245812058261011,0.09906576188536402,0.08074738303148568,0.09799928214414699,0.11849600196605961
33829,Shota Imanaga,SP,0.9040526358317307,0.8132504170323139,0.9025929148462826,0.9969094502011075,0.18628757928015569,0.15590613763046057,0.18432351196042415,0.2191079879087786,0.8805766063156558,0.8124903247664976,0.8778277855287389,0.9507461680978223,0.36046070939443003,0.3109494150244705,0.3582546294226327,0.41379965624479803,0.07185843141413882,0.061904206533606496,0.07132919050634054,0.08221351010182841,0.10300210813301523,0.08165323192720617,0.10173529178664781,0.12649275144154734
33838,Yariel Rodríguez,SP,0.9689757249543018,0.8552144383495602,0.9650491665253115,1.0857810316590184,0.4144761331740942,0.3414214156574192,0.4101530290992588,0.49249428833010045,0.9368377625942028,0.8597938689325101,0.9350652672103238,1.016245916972455,0.4962010602946023,0.4252621717452041,0.49340672537040714,0.570314140767764,0.05379760952286906,0.04737686209167502,0.05356117867020802,0.06049551944501452,0.05745003022020318,0.04513670212413654,0.05675658815833583,0.07060131854950655
33876,Rhett Lowder,SP,0.9200117029314293,0.7735901355294756,0.9131902238362832,1.0738360761785524,0.3604594804150317,0.27842215931207404,0.35470642452236145,0.45080200982901614,0.8432233284506874,0.7480206800341529,0.8391641828944233,0.9421426262854816,0.3948458535781988,0.31888928133809524,0.3914979402341412,0.4733873561759916,0.0621688714415775,0.05141174196564646,0.06146416128198556,0.07385919747355635,0.07205627162148089,0.05239194377793039,0.0698231671594488,0.09414658715879884
35321,Tomoyuki Sugano,SP,0.6669873651224978,0.5796713419641573,0.6644844425808649,0.7577447583514488,0.2452855560633706,0.19815083833939828,0.24308207956734437,0.2952731511643692,1.1213088496101422,1.0293869702494574,1.1200413241570037,1.2132278953342612,0.538217436859601,0.4644694406948473,0.5351574878566985,0.6167714115747824,0.05525167182015997,0.04548932845788331,0.05463444949910191,0.06567718888795294,0.0642752217715269,0.047428341680723664,0.06285059948296089,0.08284529997399323
35323,Roki Sasaki,SP,0.8998035781273227,0.7685419775385554,0.8931145748456141,1.0427461685662154,0.46015060253698964,0.36134360325331755,0.45358555633613395,0.5664506215917375,0.9531439825953104,0.8556583255927628,0.9489762190523112,1.0546347069584965,0.5161280670329471,0.4288545811255928,0.5107095647847104,0.6077176155778079,0.05080094625042044,0.04307782186052344,0.05033272332046541,0.05885018634932545,0.0516501530579953,0.0386893962454643,0.050619962302063906,0.06602162630792112
35333,Chase Burns,SP,1.2752997913285142,1.1054146145490882,1.2668788530583561,1.4523197146082791,0.369213995194255,0.28811672484494844,0.3646068385204297,0.45598701834856964,0.8586385546278554,0.7753753546220177,0.8565744584377374,0.944364969461702,0.4524676685988577,0.376909022691981,0.44944933700153156,0.5328226681086307,0.05581254044911324,0.04666680132885281,0.0553121028485382,0.06548126246953655,0.058958160835278745,0.043733080282994885,0.057778597433515405,0.07612664268955667
