playerid,PlayerName,role,Team,IP_atc,SO_mean,SO_p05,SO_p50,SO_p95,BB_mean,BB_p05,BB_p50,BB_p95,H_mean,H_p05,H_p50,H_p95,ER_mean,ER_p05,ER_p50,ER_p95,W_mean,W_p05,W_p50,W_p95,SVHLD_mean,SVHLD_p05,SVHLD_p50,SVHLD_p95,WHIP_mean,WHIP_p05,WHIP_p50,WHIP_p95,ERA_mean,ERA_p05,ERA_p50,ERA_p95,K9_mean,K9_p05,K9_p50,K9_p95,BB9_mean,BB9_p05,BB9_p50,BB9_p95,Ks_mean,Ks_p05,Ks_p50,Ks_p95,W_mean_t,W_p05_t,W_p50_t,W_p95_t,SVHLD_mean_t,SVHLD_p05_t,SVHLD_p50_t,SVHLD_p95_t
1247,Adam Ottavino,RP,NA,NA,0.9921028034885281,0.8625957979705399,0.9905204782756039,1.1268987686956708,0.4507150660222909,0.3657903115607568,0.4485161608076331,0.5461537571743477,0.8519346163891777,0.7422767433936346,0.8483614929800259,0.9742195325701084,0.4409484206546372,0.346304593988352,0.4369350058923431,0.5484860413897745,0.05710448866282185,0.036091475912264394,0.05574313582539757,0.08330478961669012,0.08608769171851423,0.06575621513846425,0.08560472506040456,0.10917429234332818,1.3026496824114686,1.1637974157287454,1.2998345508388365,1.452544654504266,3.9685357858917345,3.116741345895168,3.9324150530310877,4.936374372507971,8.928925231396752,7.763362181734859,8.914684304480435,10.142088918261038,4.056435594200618,3.2921128040468113,4.036645447268699,4.915383814569129,NA,NA,NA,NA,NA,NA,NA,NA,NA,NA,NA,NA
1890,Matt Moore,RP,NA,NA,1.0280229746731153,0.8818109257730924,1.0240644736450406,1.1862300035747435,0.41990232553714096,0.3343232069768069,0.41628417298626175,0.5154880054711338,0.7419351093422623,0.6366856725056097,0.7397128783939277,0.8556905028568507,0.3428439638310428,0.2622401926028682,0.339313685225875,0.43470994002516883,0.07864267227060201,0.05035216259414403,0.07607238387805658,0.11587187346428474,0.10757745325840988,0.07701999415243595,0.10584738364818647,0.14490688570789917,1.1618374348794032,1.0247216785629907,1.1584471926575057,1.3107950134048787,3.0855956744793853,2.3601617334258136,3.053823167032875,3.9123894602265192,9.252206772058038,7.936298331957832,9.216580262805365,10.676070032172692,3.7791209298342685,3.008908862791262,3.746557556876356,4.639392049240205,NA,NA,NA,NA,NA,NA,NA,NA,NA,NA,NA,NA
3096,Kenley Jansen,RP,DET,58.6176,1.067276735095914,0.9298863592534826,1.0641614677998363,1.2184675081161773,0.37708431183783203,0.3025483308895845,0.3737226517347588,0.4611725544737027,0.746084102943224,0.6481012358931272,0.7439396235481474,0.8521688013304911,0.3565230488682375,0.2772749623838945,0.35315715511997275,0.4466000359318465,0.07029102850438039,0.045439548349896414,0.06784548053871556,0.10228268128333068,0.5070469885907021,0.4035334200356636,0.5029668618778808,0.6248294140803261,1.1231684147810561,0.9970817354928986,1.1205039634018568,1.2548985180652539,3.2087074398141375,2.4954746614550505,3.178414396079755,4.019400323386618,9.605490615863227,8.368977233281344,9.577453210198527,10.966207573045596,3.3937588065404882,2.7229349780062604,3.3635038656128295,4.150552990263324,62.56120074715825,54.50770665217694,62.37859125490369,71.42364100375084,4.120291392458368,2.663557269354888,3.9769392400262134,5.995565298393765,29.721877558414338,23.654160602282516,29.482710322812864,36.62600066279492
3237,T.J. McFarland,RP,NA,24.9041,0.5836359189571116,0.48474699811881816,0.5800101628131545,0.6905233621734148,0.3006228881375468,0.22982614771789847,0.2962050107608974,0.38635949535390207,1.1425475048790574,0.9818412120519282,1.1369202801676397,1.325937703592608,0.5201678032780189,0.3938690535371523,0.5135175514912458,0.6665618728251687,0.04525768605975654,0.027800360980620106,0.04393293545046109,0.06755539980835978,0.10021824369689131,0.0676279141478527,0.09810618113191766,0.13967136883357983,1.4431703930166042,1.2655988497932718,1.4377215249961939,1.638606968368692,4.68151022950217,3.5448214818343704,4.621657963421212,5.999056855426518,5.252723270614005,4.3627229830693635,5.220091465318391,6.214710259560733,2.705605993237921,2.0684353294610864,2.6658450968480767,3.4772354581851186,14.534927289299803,12.072187715850859,14.444631095715081,17.19686286390294,1.1271019394007828,0.6923429698974611,1.094110217751828,1.6824064323673729,2.495845162851751,1.6842123367295383,2.4432461455273904,3.4783897365683556
4301,Justin Wilson,RP,NA,43.2116,0.9689159919306614,0.8213742173924546,0.9646589673661028,1.1294087635328527,0.4042344566286769,0.31131819658224935,0.40033149391974804,0.5088026778869715,1.0362113167112115,0.888311861873577,1.0326133604632775,1.1992557077464234,0.56511977517486,0.4311003249667911,0.5576607500505253,0.7167069092375683,0.05348723042335714,0.031278507191661926,0.0512725314093435,0.08267605359361768,0.08892273975312415,0.06115999522978085,0.0870567625610175,0.1219024630631817,1.4404457733398883,1.2654688298935146,1.4361644157067337,1.627110368168135,5.0860779765737405,3.87990292470112,5.018946750454727,6.450362183138115,8.720243927375952,7.392367956532092,8.681930706294924,10.164678871795674,3.638110109658092,2.801863769240244,3.6029834452777325,4.579224100982744,41.868410276910964,35.492894132275794,41.68445743423708,48.80355972627621,2.311268806161939,1.3515943413632183,2.2155681182479876,3.5725645574659697,3.842493861116099,2.642821249871198,3.761862001081664,5.267600472900982
5003,Jake Diekman,RP,NA,NA,1.1408634253570056,0.9866379375136439,1.1356376109207589,1.3052693461468807,0.727361215325623,0.5915344333793648,0.7208793877515492,0.87995473187968265,0.8264050684607743,0.7130882612521502,0.8234055633463576,0.9491858571071722,0.5405072928691986,0.4188993236603142,0.5342410702220741,0.6771376160293587,0.04712429962981473,0.027750401618047718,0.04551563842053369,0.07105112232233946,0.10573974044317003,0.07606630600822609,0.103981921412322,0.1425984136001879,1.5537662837863973,1.3793379696593222,1.5488930503927263,1.7441846788791326,4.864565635822788,3.7700939129428277,4.808169631998667,6.094238544264229,10.26777082821305,8.879741437622796,10.22073849828683,11.747424115321927,6.5462509379306075,5.323809900414283,6.487914489763943,7.919592586917144,NA,NA,NA,NA,NA,NA,NA,NA,NA,NA,NA,NA
5448,Jesse Chavez,RP,NA,NA,0.8557403070566737,0.7368944985489205,0.8522069031293535,0.9892110922865393,0.277007144022628,0.2140725447434939,0.2742668770279748,0.3460385134272064,0.9094855148832395,0.787672589470057,0.9075845483482081,1.0421714441670833,0.38675297308679973,0.3009154543180767,0.38362849583274417,0.48268618475554215,0.051538852731559434,0.03016752177706278,0.049676567417762274,0.07928138004450774,0.03865734112541615,0.02490355842527553,0.0377118546046175,0.05557183231999335,1.1864926589058675,1.0501867401843263,1.1863438965601656,1.3313715448671075,3.4807767577811974,2.7082390888626904,3.4526564624946974,4.344175662799879,7.701662763510063,6.632050486940285,7.669862128164182,8.902899830578853,2.4930642962036518,1.9266529026914452,2.468401893251773,3.1143466208448576,NA,NA,NA,NA,NA,NA,NA,NA,NA,NA,NA,NA
5615,Ryan Brasier,RP,TEX,39.3083,0.8042895337339911,0.6762788596616366,0.8009498018281448,0.9418976161217117,0.2806387420732179,0.2107786708305459,0.27779893695867985,0.3591773090284043,1.0342050245315506,0.8850041770189965,1.031040802509695,1.1970399344411955,0.5209583427089488,0.39520760635654995,0.5144544752614362,0.6671783192871412,0.0373006384840551,0.020415820464739946,0.03592651012507296,0.058919254353410055,0.06868807967129216,0.04381211454028124,0.06681830079479278,0.1006202277869861,1.3148437666047685,1.1527879045275415,1.3106008690341113,1.4929354758286357,4.688625084380539,3.5568684572089495,4.6300902773529256,6.004604873584271,7.23860580360592,6.08650973695473,7.208548216453303,8.477078545095406,2.5257486786589607,1.8970080374749132,2.5001904326281186,3.2325957812556387,31.615254278875845,26.58337229923751,31.483975095201266,37.02439406379708,1.4662246877227831,0.8025111955741373,1.4122100379494056,2.3160157259001486,2.700011642143054,1.7221797419837372,2.6265138131319534,3.955210099919186
6107,Huascar Brazobán,RP,NYM,56.0832,0.9578014118519002,0.8230098375011253,0.9539638861800237,1.1016785570722385,0.4786601846449736,0.3881140679353551,0.47425894926953904,0.5832763916642073,0.8511626864439837,0.736886224097234,0.8487795098163109,0.9772985217287106,0.4477728299808219,0.3458062475619615,0.44375309222260984,0.5632856345119178,0.05492066857312729,0.03538568668301642,0.05335472293032506,0.07985974765451687,0.0688142322885814,0.04647169965233965,0.06742358819470065,0.09540041264821833,1.3298228710889575,1.1840444884104546,1.325726388986645,1.4905345130826138,4.029955469827398,3.1122562280576536,3.9937778300034887,5.069570710607261,8.620212706667102,7.407088537510128,8.585674975620213,9.915107013650147,4.307941661804763,3.4930266114181956,4.268330543425852,5.249487524977866,53.71656814117249,46.15702531854311,53.5013474214115,61.785658851993766,3.0801268397204122,1.9845425433809465,2.992303597046006,4.478790199657801,3.859322352286968,2.606281625942095,3.7813305814410354,5.350360422632558
6655,Craig Kimbrel,RP,NYM,22.6137,1.23942192951382,1.0869952837322043,1.2367113235364489,1.4033691131293642,0.5072419640505538,0.4141279025088631,0.5038534555663704,0.6095877797619205,0.8116926408156196,0.7046401006138525,0.8093850048768212,0.9279775915013242,0.4770012730592432,0.3710114568335764,0.47300036509229615,0.59630407156613785,0.07996903888585724,0.051733732129893205,0.07706902103359399,0.11717135770512727,0.12144753756863194,0.09420078336510088,0.12054512015608061,0.1527206020373639,1.3189346048661734,1.178044591736698,1.3157154996114806,1.4692395482581175,4.293011457533189,3.3391031115021876,4.257003285830665,5.366736644095241,11.15479736562438,9.782957553589839,11.13040191182804,12.630322018164279,4.565177676454984,3.7271511225797678,4.534681100097334,5.486290017857284,28.027915687446672,24.58098524773495,27.966618857056197,31.735368113573504,1.80839585465311,1.169891098265766,1.7428157209473845,2.6496779317364365,2.7463781803157725,2.1302282547833817,2.7259711836735603,3.4535778782923363
6895,Chase Anderson,RP,NA,NA,0.7272908623215895,0.5860057058666884,0.7236006613800252,0.8831504397495804,0.37889401084921337,0.27015229884993075,0.3732530330618307,0.5033904205461518,1.1182561796148867,0.9416767089355823,1.114667650587787,1.3101609424885245,0.6215386611698404,0.46270568351146224,0.6141258266590093,0.8015065306037185,0.03548954247982786,0.019495840638066815,0.033996894444765766,0.05650985076030175,0.051122626086779,0.023044224967854913,0.04727230403680832,0.09166041150494174,1.4971501904641,1.3007073088386203,1.4915893060783323,1.7102358183484703,5.593847950528563,4.16435115160316,5.5271324399310835,7.213558775433466,6.545617760894305,5.274051352800196,6.512405952420227,7.948353957746224,3.4100460976429203,2.431370689649377,3.3592772975564764,4.5305137849153665,NA,NA,NA,NA,NA,NA,NA,NA,NA,NA,NA,NA
6984,Luis García,RP,NYM,49.8027,0.8331905814790141,0.7216183716272323,0.8297568087224996,0.9541937089268236,0.35765618580451375,0.2873219439634721,0.35552693573893546,0.4352385495583073,1.0139301541679084,0.8878790337584778,1.010440717184124,1.1519680125497442,0.5032842539339158,0.39902917155834816,0.5003689189957101,0.6202134471532171,0.04970888103587313,0.030784238159989718,0.048030685864036304,0.07336739992323928,0.07445493926501248,0.05482828988228905,0.073735702688783,0.0968681229875482,1.3715863399724222,1.2276218533867442,1.3701895709189489,1.5231195256657888,4.529558285405242,3.5912625440251333,4.503320270961391,5.581921024378954,7.4987152333111275,6.494565344645091,7.467811278502496,8.587743380341413,3.2189056722406235,2.585897495671249,3.199742421650419,3.917146946024766,41.4951405722249,35.938543276639564,41.324129417764034,47.521423027569924,2.4756364895652787,1.53313817781052,2.392057838880841,3.653894608157109,3.708057003733637,2.730596872520677,3.6722370802986535,4.824294068711967
7005,Ryan Pressly,RP,NA,NA,0.9243691702959775,0.7946667477795177,0.9223132809953433,1.0625885927176655,0.3032825584870499,0.2378526688535231,0.30065418093559076,0.3788374460716347,1.0133646149504878,0.8777758107010253,1.0092272437703504,1.1554926019414713,0.5015746498787429,0.3898090379658795,0.4971230791292236,0.6244746117013125,0.04598140879625717,0.028329085756205623,0.04496324147151938,0.06743383928659433,0.12337514433285242,0.09465556150199934,0.12209351219668418,0.1559558265443464,1.3166471734375376,1.1662582027732404,1.3130039444480797,1.4776808281980716,4.514171848908686,3.5082813416929155,4.474107712163012,5.620271505311813,8.319322532663797,7.15200073001566,8.300819528958089,9.563297334458989,2.729543026383449,2.140674019681708,2.705887628420317,3.4095370146447124,NA,NA,NA,NA,NA,NA,NA,NA,NA,NA,NA,NA
7048,Fernando Cruz,RP,NYY,60.2375,1.4225743849825567,1.2376938310300514,1.4170395747841535,1.6331967101092342,0.5149803395021797,0.4128324806155119,0.5118742108220917,0.6274241169035919,0.8189938079722642,0.7036086095616654,0.8160890731393633,0.9436150156296673,0.5027221508852908,0.38856432778006383,0.4987501482405956,0.6349054222388335,0.05379761516620692,0.0331814626444874,0.05210757783432306,0.07973350120622313,0.3536625475209486,0.2543579022455788,0.34890365075993546,0.4698761712133424,1.333974147474444,1.1827941276054947,1.3302942023205686,1.493769865959024,4.524499357967617,3.4970789500205743,4.488751334165361,5.714148800149502,12.80316946484301,11.139244479270463,12.753356173057382,14.698770390983107,4.634823055519617,3.715492325539607,4.606867897398826,5.646817052132327,85.69232451538676,74.55558214667272,85.35892138606044,98.37968682520498,3.2406338435743893,1.9987683560473097,3.138830219795035,4.802946778909866,21.30374770629314,15.321884136518053,21.01708366265161,28.304165863463712
7146,Daniel Hudson,RP,NA,NA,1.061854833836079,0.9068799459787766,1.0573719752549242,1.2330266498387072,0.3241298933142263,0.2503765671008247,0.32136975681003743,0.40898233352926777,0.7335392295255292,0.6188817323906841,0.7314461692445153,0.8547279353999652,0.3217994677959461,0.24004816802281143,0.3168771364758731,0.41872302547546913,0.09628302611522675,0.05956212890201787,0.0923536289265669,0.1446644637308636,0.12827644445642714,0.09190611432042117,0.12634818431134615,0.17160770281812945,1.0576691228397557,0.9220201838178896,1.0552826224708844,1.2096314723527386,2.8961952101635147,2.160433512205303,2.851894228282858,3.7685072292792223,9.556693504524711,8.16191951380899,9.516347777294317,11.097239848548366,2.9171690398280368,2.253389103907422,2.892327811290337,3.68084100176341,NA,NA,NA,NA,NA,NA,NA,NA,NA,NA,NA,NA
7432,Jay Jackson,RP,NA,NA,0.9765434223118753,0.8092436115872926,0.9717248094329038,1.1599220879655863,0.43036346147747845,0.31906340838617353,0.42552610757260784,0.559256507334,0.9465907509580829,0.7841173032975061,0.9421175097807506,1.123916203544851,0.5431900469958741,0.39214495458543736,0.5359791689457549,0.7150988586749779,0.05251274456802174,0.029705120171309666,0.05028159900450978,0.08239813645752826,0.057834956636007,0.028127171239912617,0.0536708042500177,0.10119187297562134,1.3769542124355614,1.1753831021604768,1.3733444683176863,1.5892213536011364,4.888710422962867,3.5293045912689363,4.823812520511794,6.435889728074801,8.788890800806877,7.283192504285633,8.745523284896134,10.439298791690277,3.873271153297306,2.871570675475562,3.8297349681534705,5.033308566006,NA,NA,NA,NA,NA,NA,NA,NA,NA,NA,NA,NA
7836,Hunter Strickland,RP,LAA,28.9301,0.7563576829642153,0.6334604742474196,0.7534927961638964,0.8823075326046719,0.3901953669180077,0.3049126541742397,0.38712671456892156,0.48814016487645634,0.9009266871149757,0.7702571367604514,0.8965399481044376,1.0460962478553775,0.43215526637377694,0.32720396685192654,0.4271901050556428,0.556158513128661,0.04866749419103935,0.028894267057814605,0.047019778925484104,0.07356935457083498,0.05001905376612728,0.031292604148397754,0.0486768588227372,0.07317053470515478,1.2911220540329835,1.1343700547627542,1.287750290710434,1.46086842442632,3.8893973973639926,2.9448357016673388,3.8447109455007853,5.00542661815795,6.807219146677938,5.701144268226776,6.7814351654750675,7.940767793442047,3.5117583022620695,2.744213887568157,3.484140431120294,4.393261483888107,21.881503403923045,18.326074866025273,21.79862194230114,25.525245149006416,1.4079554736961875,0.8359140354092823,1.3602869062921477,2.128368784669713,1.4470562273594387,0.9052981672735618,1.4082263934276695,2.1168308860735983
8048,Will Smith,RP,NA,NA,0.8797524893558352,0.7524337617151654,0.8776120392363443,1.0162493309597047,0.4088645261439513,0.321887239291697,0.40447397194661,0.5080335852724246,1.1315920603408103,0.9816371557317872,1.1270445585902444,1.2977852401760648,0.680672793176653,0.5321664671130691,0.6720677795955046,0.858197499590419,0.03474702663581889,0.020987281663606524,0.033812601885407995,0.051517007444283246,0.12915728593417913,0.09379471363107404,0.1272622382878802,0.17063706495035935,1.5404565864847617,1.3652461017562332,1.5374690310873984,1.7348654945449118,6.1260551385898765,4.789498204017622,6.048610016359541,7.7237774963137715,7.917772404202516,6.771903855436489,7.898508353127099,9.146243978637342,3.679780735295562,2.896985153625273,3.64026574751949,4.572302267451821,NA,NA,NA,NA,NA,NA,NA,NA,NA,NA,NA,NA
8241,David Robertson,RP,NA,NA,1.1830441642472225,1.0347530083096916,1.1779553763609876,1.350670063093957,0.42939059754152303,0.3474168556871019,0.4265489681808583,0.5216715546185615,0.7233929905581538,0.6232713811657179,0.7207542482384841,0.8316433409678332,0.356139137324772,0.27738216554607903,0.3521732223454018,0.4461368006458277,0.07269727613767178,0.04554414043239386,0.07059306623722464,0.10861153454516774,0.12419146923757353,0.09706642273624982,0.12284575418030472,0.15667120978339272,1.1527835880996768,1.0271052414773187,1.1490988042315164,1.290653839587222,3.2052522359229476,2.496439489914711,3.1695590011086163,4.01523120581245,10.647397478225002,9.312777074787224,10.601598387248888,12.156030567845614,3.8645153778737074,3.126751701183917,3.838940713627725,4.695043991567053,NA,NA,NA,NA,NA,NA,NA,NA,NA,NA,NA,NA
9073,Kirby Yates,RP,LAA,56.6667,1.2631245543257943,1.0918399192394899,1.2596883820726552,1.4463707741979448,0.46938166241712087,0.3707784727784547,0.46552496977721003,0.5789006934627693,0.6611908522502521,0.5584701040450619,0.658588368481209,0.7685153652939621,0.33860985486506423,0.255271682426353,0.33519592518004526,0.4342093341510055,0.08792886072129368,0.054863610923642114,0.08497481974790491,0.13029172022733615,0.3619774878934639,0.2740582225859476,0.35920737665373914,0.4593830643454003,1.130572514667373,0.9925687095147191,1.128388822021877,1.2808034937270238,3.047488693785578,2.2974451418371773,3.0167633266204072,3.9078840073590495,11.368120988932148,9.826559273155409,11.337195438653897,13.017336967781503,4.2244349617540875,3.3370062550060924,4.18972472799489,5.210106241164923,71.57710018261349,61.8709651515684,71.38238364039653,81.96105875024267,4.982638371835332,3.1089397811267507,4.815242618208603,7.383201822606389,20.51206971321255,15.529975081811116,20.35509665062444,26.031722292341495
9761,Joe Kelly,RP,NA,NA,1.142908009142556,0.9761972211486107,1.1385075218325134,1.3278354030787451,0.5092076689611984,0.40111203116207705,0.5047299848507797,0.6369067253705627,0.9025439984574365,0.769773536355689,0.8974299263763017,1.0480719353833159,0.5447210813267263,0.41571987046709863,0.5383298975716613,0.6975308643054591,0.054395256712349856,0.03231280039915602,0.05261502108872648,0.08289534824093409,0.11091294320711967,0.0786438472018648,0.1090289556018922,0.15012203459245876,1.4117516674186348,1.2421415512628726,1.406715694052654,1.6033486555334413,4.902489731940536,3.7414788342038876,4.844969078144952,6.277777778749131,10.286172082283004,8.785774990337497,10.24656769649262,11.950518627708707,4.582869020650786,3.6100082804586933,4.542569863657017,5.732160528335064,NA,NA,NA,NA,NA,NA,NA,NA,NA,NA,NA,NA
10061,Brooks Raley,RP,NYM,58.1598,1.0563567066220556,0.8915208439034727,1.0509823223931054,1.23710169259629,0.3336827425609987,0.25201910835238367,0.3296420862566079,0.42973559411733336,0.7520889577920592,0.6247168626792645,0.7497939079503946,0.8831912660542421,0.34382121184218684,0.24940122050384955,0.3394250269631503,0.45471475335421896,0.054963393437427795,0.030996217864412062,0.0527804705464939,0.08681441130017757,0.44948437990362267,0.3139098286663279,0.440028518249154,0.6138145682408487,1.0857717003530578,0.9330143569336934,1.082607850207317,1.248031147211103,3.0943909065796813,2.244610984534646,3.0548252426683526,4.092432780187971,9.507210359598501,8.023687595131255,9.458840901537949,11.133915233366611,3.0031446830489887,2.268171975171453,2.966778776309471,3.8676203470560004,61.437494785797426,51.850673977257195,61.12492167391853,71.9495870210617,3.1966599696421127,1.8027338317506325,3.0697016108899757,5.049108798336067,26.141921638318713,18.256932853267895,25.591970615667147,35.69933252597411
10078,Caleb Thielbar,RP,CHC,62.6607,1.044761433739515,0.8974386246442908,1.0417474530567028,1.2034809387729264,0.3230592929590398,0.2558825680207693,0.3207475668319454,0.40022597826929984,0.8501201054296794,0.734444509002923,0.8459848714318452,0.9790869663423879,0.41030427245529827,0.31749515504943565,0.405682050085505,0.5187521586084386,0.06771876009060013,0.0417925063825774,0.06542268109870128,0.10045299136767352,0.09820441404921174,0.07239120342647723,0.09654387237133884,0.12875044356287813,1.1731793983887193,1.044286177615606,1.1689994815546882,1.318466128924226,3.6927384520976845,2.857456395444921,3.6511384507695452,4.668769427475947,9.402852903655635,8.076947621798617,9.375727077510325,10.831328448956338,2.907533636631358,2.3029431121869237,2.8867281014875084,3.602033804423699,65.46548277112163,56.23413242724851,65.27662463175014,75.41095806016871,4.243304910409067,2.6187477046867675,4.099430993521391,6.29445475619238,6.153557327413441,4.536083480545462,6.049506623498751,8.067592918960438
10197,Shelby Miller,RP,NA,NA,1.05613577788268,0.9019732157316067,1.0522321128076877,1.2266339270602056,0.3278498665793202,0.2548342870976323,0.32514598565082703,0.41208788523844514,0.6633258831270228,0.562717264907044,0.6609692734925641,0.7701044264011145,0.26458067965592064,0.19901360782569136,0.26174442348438076,0.3405456239574775,0.08712337800793599,0.055570943513204095,0.08411420125736209,0.12909912431936868,0.14203312075661695,0.09697009271823427,0.13918562374093058,0.19620326412410355,0.9911757497063429,0.8657313434444864,0.9890569004691645,1.1226933279083504,2.3812261169032856,1.7911224704312223,2.3556998113594267,3.0649106156172974,9.505222000944121,8.11775894158446,9.470089015269188,11.03970534354185,2.950648799213882,2.2935085838786904,2.9263138708574434,3.7087909671460064,NA,NA,NA,NA,NA,NA,NA,NA,NA,NA,NA,NA
10233,Aroldis Chapman,RP,BOS,58.9228,1.4167012937596704,1.2443590889890561,1.4121461209685795,1.605272631974433,0.5369211657352605,0.4449334995490744,0.5348900788774329,0.6362623487934097,0.6347498708758141,0.5476238476685995,0.6314977355574518,0.7301066822415612,0.3305420420168574,0.25663983200101637,0.32720286005522325,0.41859247526476134,0.08330158513058264,0.05471162431406324,0.08104792293551523,0.11976018943158687,0.42897432424999976,0.3372209250335191,0.4255670328503889,0.5302955392635883,1.1716710366110745,1.0447500021107439,1.1696978482260505,1.3097485917504446,2.9748783781517165,2.3097584880091473,2.9448257404970093,3.767332277382852,12.750311643837033,11.199231800901504,12.709315088717215,14.447453687769897,4.832290491617345,4.00440149594167,4.8140107098968965,5.726361139140687,83.47600699194231,73.32112172868436,83.20760345660742,94.58715823930312,4.908362640332295,3.2237620971326857,4.775570553544777,7.056605689839507,25.27636831291789,19.87000112156504,25.075601163236897,31.24649800092056
10314,Erasmo Ramírez,RP,NA,NA,0.6508546101789079,0.5481304970816363,0.6485303002964582,0.7634677575141975,0.2557610980842714,0.19236894450831435,0.2537634754344936,0.3243005295703173,1.187060005293425,1.0080423785249981,1.1828962904626779,1.3810042609325643,0.5720630564059592,0.43072295861623217,0.5645257109491628,0.7389736861503028,0.045217058484973094,0.02844204539298568,0.04386289627199606,0.06663222911545048,0.043183984074284414,0.023005151906115046,0.04094642492848162,0.0705112926795961,1.4428211033776963,1.2520683443240643,1.437592672334285,1.6483822836377304,5.148567507653633,3.8765066275460893,5.080731398542465,6.650763175352725,5.857691491610171,4.933174473734727,5.8367727026681235,6.871209817627777,2.3018498827584426,1.7313205005748291,2.2838712789104427,2.918704766132856,NA,NA,NA,NA,NA,NA,NA,NA,NA,NA,NA,NA
10315,Michael Tonkin,RP,MIN,28.324,0.8817840805742707,0.7511390446252528,0.8775560543279793,1.028451147009908,0.34403856907212993,0.2658381996169695,0.3412244469717274,0.43363323048259056,0.9342919888963855,0.8003495803365385,0.9294011160585554,1.079712796306538,0.47249447724496296,0.35959273977194045,0.4667455511062278,0.6038550103849775,0.05589565758116066,0.03449203216778829,0.053777789814402566,0.08383925691322652,0.04031483297165008,0.02219132076744238,0.03888213782173525,0.06269084067139138,1.2783305579685156,1.1210835494492466,1.2751200868171377,1.4478508608681435,4.2524502952046666,3.236334657947464,4.2007099599560505,5.434695093464797,7.936056725168436,6.760251401627276,7.898004488951814,9.256060323089173,3.0963471216491696,2.3925437965527254,3.0710200227455466,3.902699074343315,24.975652298185643,21.27526229996566,24.855897682785688,29.129850287908635,1.5831886053287947,0.9769523191204356,1.5232021187031384,2.3746631128102282,1.141877329089017,0.628546969417038,1.1012976716628293,1.7756553711764897
10591,Scott Alexander,RP,SFG,27.319,0.745812087437109,0.6232143730150824,0.7418518514358159,0.8807528332181842,0.31487104374046254,0.23230982541502215,0.31132684619361606,0.40683144309489555,1.0031012253367313,0.8533758660540391,0.9999526164788876,1.1644901927377729,0.4529709482650512,0.33743524140126513,0.4496845775632934,0.582322580278992,0.05703837632138146,0.03626677131999276,0.055162491297288944,0.08423737373209454,0.08702146661469115,0.053671161147169626,0.08495522143735887,0.1278782528842083,1.3179722690771938,1.1491151943319873,1.3158511571092704,1.5004675799891247,4.076738534385461,3.0369171726113864,4.047161198069641,5.240903222510928,6.712308786933981,5.608929357135742,6.676666662922343,7.926775498963658,2.833839393664163,2.090788428735199,2.8019416157425443,3.66148298785406,20.37484041669438,17.025593456399037,20.266650729375055,24.061286650687574,1.55823140272382,0.9907719256908821,1.5069840997506365,2.3012808129870908,2.3773394464467477,1.466242451379527,2.320891694447207,3.493505990543686
11384,Tommy Kahnle,RP,NA,52.7921,0.9602101021604491,0.8197699549474458,0.9561812207804026,1.1115459234574394,0.4448667647694345,0.35372342915337063,0.4417385948192908,0.5499359302598605,0.818719161924615,0.69757112736204685,0.8156983917049379,0.9505822973262931,0.4142091012307716,0.3154851896715973,0.4109266773499113,0.525169492359515,0.042333872354405576,0.025060469933777627,0.040934966919745505,0.06379920481243732,0.11050084902274304,0.08059840791600209,0.10907884128020656,0.14390575714141365,1.2635859266940495,1.1131318243386659,1.2593405958689035,1.4268080822864397,3.7278819110769446,2.8393667070443755,3.6983400961492015,4.726525431235635,8.641890919444043,7.377929594527012,8.605630987023623,10.003913311116955,4.00380088292491,3.1835108623803356,3.975647353373617,4.949423372338745,50.69150773426464,43.27737743858105,50.478814625561085,58.68084354575748,2.2348940227210146,1.3229948347909817,2.1610428671238964,3.3680940003786723,5.833571871693553,4.254959210542374,5.758501096748793,7.597087121585224
11426,Drew Pomeranz,RP,LAA,55.6775,1.1442921780286375,0.9493040340692873,1.1372325749960508,1.3631247059383003,0.3197102594308098,0.2306537620747787,0.31524543678306227,0.42150677531862596,0.6707199558387177,0.5475650389225192,0.6676601624940177,0.8015403511864072,0.2704046312724015,0.18706477756897957,0.2659645120889117,0.3683636493186089,0.06560511583567538,0.036508456276620624,0.06298139505908609,0.10285847346574128,0.3401628838086422,0.2212012246460437,0.3314646033150399,0.48608887984475113,0.9904302152695275,0.8288611506406427,0.990344170653378,1.1545880958632864,2.4336416814516135,1.6835829981208161,2.393680608800205,3.31527284386748,10.298629602257737,8.543736306623586,10.235093174964458,12.268122353444703,2.877392334877288,2.0758838586730084,2.8372089310475603,3.793560977867634,63.71132774218947,52.85487535689275,63.31826669434262,75.89537581487971,3.6527288369408164,2.032699574341545,3.506646623402266,5.726902656388811,18.939418963255676,12.315931185230099,18.455120451073135,27.06421360755613
11589,José Ureña,RP,NA,NA,0.6599805605853619,0.5567938123246507,0.6567860973083295,0.7698901503010454,0.3520686886030356,0.279516580920067,0.3491447787094054,0.43228169378022047,1.0749351674872774,0.9308111226846166,1.0718513710585433,1.231281776042689,0.5254930430017271,0.40860024561796143,0.5186800979015895,0.6623579163020674,0.03917006240293388,0.025534132819084454,0.03825532994925111,0.05652072709892031,0.03693421606005618,0.020455576558067748,0.03535355021467869,0.05856875587129379,1.4270038560903129,1.269280418454517,1.4235304388421712,1.5956805601641846,4.729437387015544,3.677402210561653,4.668120881114306,5.9612212467186065,5.9398250452682575,5.011144310921857,5.911074875774966,6.929011352709408,3.16861819742732,2.5156492282806027,3.1423030083846486,3.8905352440219843,NA,NA,NA,NA,NA,NA,NA,NA,NA,NA,NA,NA
11752,Luke Jackson,RP,NA,44.4004,0.9380697407541947,0.8064437475175773,0.9337471518808886,1.0846539163384101,0.4685888543827129,0.3756472084919976,0.4653599220161466,0.5751860046926679,0.9189587234551364,0.796212237593774,0.9174752220471489,1.0519200063406697,0.4877616600174949,0.3775983919849607,0.48259049563702483,0.6097384577397001,0.049293452078659906,0.03241187119656824,0.048382542251616825,0.06913434744392911,0.08318072551775255,0.0560917186729997,0.0818330750140012,0.11549602309040462,1.3875475778378492,1.2325232653559326,1.3854262436913074,1.5548326372159398,4.389854940157454,3.3983855278646464,4.3433144607332235,5.487646119657302,8.442627666787752,7.257993727658196,8.403724366927998,9.761885247045692,4.217299689444416,3.3808248764279787,4.188239298145319,5.176674042234011,41.650671717382544,35.80642496727944,41.4587470423722,48.159067746991944,2.188648989673331,1.4391000458761085,2.148204228988688,3.06959268024943,3.69325748527842,2.4904947457686557,3.6334212638516585,5.128069623623201
11760,Drew Smyly,RP,NA,NA,0.8880135684757098,0.7327532578219262,0.8840956270987661,1.0677229425221129,0.40194906658685287,0.2961858147206633,0.39710997481455723,0.523219773711098,0.9711688209358555,0.8121385518155436,0.9668767635939666,1.1422051121574481,0.506987565586816,0.3734832480726233,0.4990927369353266,0.6645157316966047,0.05260838153324161,0.03186178507326857,0.05048894942643177,0.08016759150471958,0.057688337845571924,0.03377819537942884,0.05589406204435962,0.08788112679461643,1.3731178875227084,1.1812241636999259,1.3698535549137827,1.582499398397752,4.562888090281344,3.3613492326536094,4.491834632417939,5.980641585269442,7.992122116281388,6.594779320397336,7.956860643888895,9.609506482699016,3.617541599281676,2.6656723324859697,3.5739897733310153,4.708977963399882,NA,NA,NA,NA,NA,NA,NA,NA,NA,NA,NA,NA
11804,Héctor Neris,RP,KCR,16.1559,1.104029194628469,0.9502197516292935,1.100199370335472,1.2659681199180381,0.4564439835439171,0.3649216048190481,0.45246982641558764,0.5611874924340439,0.8607070119323501,0.740764709551377,0.8575697965545652,0.988612299191326,0.477071447301914,0.3693402043342538,0.4732038462959389,0.6005000432951959,0.0815722003542336,0.05192178198084039,0.07805628589088327,0.12163315413281961,0.13291850760540777,0.09850759290740502,0.13156220375133587,0.17308148780479837,1.3171509954762672,1.1637616901418018,1.3146976769700505,1.4771745073592888,4.293643025717226,3.324061839008284,4.25883461666345,5.404500389656763,9.936262751656221,8.551977764663642,9.901794333019248,11.393713079262344,4.107995851895254,3.284294443371433,4.072228437740288,5.050687431906395,17.836585265498083,15.351655285347702,17.77471100720285,20.45285434858383,1.3178723117029625,0.8388431175042592,1.261069549224521,1.9650930748544202,2.147418117022207,1.5914788202527446,2.125505807586207,2.7962872088255417
11847,Chris Martin,RP,TEX,53.3664,0.9248274514378508,0.7922856809409725,0.9192363195095923,1.073988998038475,0.1314634351936738,0.09350636483668384,0.1297176309977009,0.17662142795968677,0.9899697589453025,0.8507375158222358,0.9863460866894262,1.1386637023509398,0.3460378131262165,0.26332741618516714,0.34272789140081894,0.44167093118557543,0.06131702808257471,0.03567503257415757,0.05916733457993932,0.09432534400904864,0.3328461654374665,0.24833891145105483,0.3296726717348635,0.43014747528051717,1.1214331941389764,0.9806227219372851,1.1191309841012185,1.2735215711207313,3.1143403181359486,2.369946745666504,3.0845510226073705,3.975038380670179,8.323447062940657,7.130571128468753,8.27312687558633,9.665900982346274,1.1831709167430642,0.8415572835301546,1.167458678979308,1.589592851637181,49.35471170441292,42.281434563368315,49.056333121476705,57.31492646492047,3.272269047465915,1.9038480583655226,3.1575476441268737,5.033804038524494,17.76280160320201,13.252953684061572,17.59344366887142,22.955422224810192
11861,Jason Adam,RP,SDP,45.9211,1.143598353320849,0.9985715373444125,1.1401671399003717,1.2989531469594233,0.30911507408115074,0.2476573603982759,0.3060886762362228,0.3824631718506924,0.6097914960722908,0.529189779188481,0.6079570316379453,0.698261407295086,0.22707175042171537,0.1754837315708332,0.2247134802989674,0.2862640060599369,0.08924691010170428,0.06205555670888417,0.08709322469067612,0.12353801238103544,0.14865045366806892,0.11395241692443464,0.14708210754160042,0.19006161856634501,0.9189065701534415,0.8143332710735208,0.9172020236980585,1.0295653610315785,2.0436457537954382,1.5793535841374986,2.0224213226907066,2.5763760545394323,10.29238517988764,8.987143836099712,10.261504259103345,11.69057832263481,2.7820356667303567,2.228916243584483,2.7547980861260055,3.4421685466562315,52.51529434268204,45.8555034235465,52.35772924807896,59.64935735683838,4.098316283471373,2.849659425184341,3.999416680343008,5.673001420350767,6.82619234793676,5.2328203328286556,6.754172168628587,8.727838592346986
12056,Scott McGough,RP,NA,26.2323,0.9506202004622349,0.806071896455952,0.9465098409318878,1.1037554928874291,0.5227095606844568,0.40556236393264317,0.5188758568312808,0.6524621606810294,1.079982229269535,0.9236269906979274,1.0779909558465135,1.247695708060767,0.6977235476243316,0.5331766289726334,0.6882492516240029,0.8948918035102362,0.04025578524842817,0.0249352044014043,0.03893010077960905,0.0597378536221069,0.079801609905546,0.05084591136211562,0.0774646527454452,0.11657467392000019,1.6026917899539919,1.4017022328672382,1.600514736907976,1.8123446088264525,6.279511928618985,4.7985896607537,6.194243264616025,8.054026231592125,8.555581804160115,7.254647068103568,8.51858856838699,9.933799435986863,4.704386046160112,3.6500612753937887,4.669882711481527,5.872159446129264,24.936954284585486,21.145119809401468,24.82913010027756,28.954045216070906,1.0560018353723422,0.654107762418958,1.0212260826809385,1.5670612975711948,2.093379771525254,1.3338052006244256,2.032076010214342,3.058021818671621
12095,Yimi García,RP,TOR,57.4297,1.0804740400587312,0.9288065987817321,1.075792451738304,1.2488178543057131,0.3310307407851485,0.25567298884024725,0.32686531725105816,0.41749377883338823,0.8338334075553824,0.7100752270571331,0.8303833022787248,0.9685091510744867,0.4018762556848677,0.30179552788431585,0.39767385975586317,0.5154362920942707,0.06411659121165585,0.04158853364989208,0.062477940199538076,0.09280239233357959,0.4383408627709015,0.31182677218442206,0.4300307382450048,0.5909498890042482,1.1648641483405309,1.0156509064788604,1.1612092990729153,1.3293492810791612,3.616886301163809,2.716159750958843,3.5790647378027685,4.638926628848436,9.724266360528581,8.35925938903559,9.682132065644735,11.239360688751418,2.9792766670663364,2.301056899562225,2.9417878552595234,3.757444009500494,62.05129997836091,53.34108432605524,61.78243776559527,71.71923472742081,3.6821965983080314,2.3884170109532072,3.5880893622774117,5.329613550999776,25.173784246674042,17.9081179785197,24.69653628818915,33.938074840547266
12272,Aaron Brooks,RP,NA,NA,0.6275457070267224,0.4858847932304594,0.6219637027511218,0.7891667352956061,0.3301062044667073,0.22297826914453264,0.32456794196409466,0.4598228013346757,1.294167391626393,1.0472810437354907,1.286318579302761,1.570981632699527,0.6865315346693812,0.47816465852321915,0.6721347553459621,0.9391401898886145,0.03502193841195292,0.020377442695552292,0.03353455244944915,0.054058691863049686,0.03925860602842749,0.016707073820255273,0.03574193074455005,0.07398050162256825,1.6242735960931003,1.353442837278685,1.6140392695954116,1.924794430734324,6.178783812024431,4.303481926708972,6.049212798113659,8.452261708997531,5.647911363240501,4.372963139074135,5.5976733247600965,7.102500617660455,2.9709558402003657,2.0068044223007937,2.921111477676852,4.138405212012081,NA,NA,NA,NA,NA,NA,NA,NA,NA,NA,NA,NA
12323,Jacob Barnes,RP,NA,NA,0.7941760476902678,0.6625096451264376,0.7898502695129814,0.9425611490714918,0.3726749653246418,0.28553343257576647,0.36891471333871495,0.47270175765890593,1.0795827404389684,0.9231647164879784,1.0770453883451334,1.2516195070915341,0.5630917735244788,0.43028905461253036,0.5570723228310497,0.7168363472127776,0.05577131835597093,0.03574274770934435,0.05328647553904425,0.0840650990451965,0.055258743074965803,0.02897806017471314,0.05284500030075641,0.09094339031196393,1.4522577057636104,1.2757935997773573,1.4464323314752017,1.6450040918657094,5.06782596172031,3.872601491512773,5.013650905479447,6.451527124914998,7.147584429212411,5.962586806137939,7.108652425616833,8.483050341643427,3.354074687921776,2.569800893181898,3.3202324200484346,4.254315818930153,NA,NA,NA,NA,NA,NA,NA,NA,NA,NA,NA,NA
12572,Blake Treinen,RP,LAD,59.8762,1.0540736395701502,0.88963261371658,1.0499311962038917,1.2365690039367787,0.4140487660720861,0.3111353685379722,0.40887942796424814,0.534440966795713,0.8224060512665935,0.6927950104346455,0.8175832728843242,0.9736931256046748,0.40374106693092765,0.2970572128403244,0.39717463610341286,0.5343633509442922,0.09244251729358456,0.05607217298966837,0.08874719388790654,0.14065339181027597,0.3740758835245455,0.2684254721991405,0.3679969576845028,0.5018932081777615,1.2364548173386796,1.0681175769186413,1.2309521926361193,1.4187241704531093,3.633669602378349,2.6735149155629196,3.5745717249307156,4.80927015849863,9.486662756131352,8.00669352344922,9.449380765835025,11.129121035431009,3.726438894648775,2.80021831684175,3.6799148516782334,4.8099687011614165,63.11392405763023,53.267820305416684,62.86589029014346,74.04105299351934,5.535106653974128,3.357388644363981,5.31384473067107,8.421790618710446,22.39824241709239,16.072297258490174,22.034259437708826,30.051458111493282
12760,Rafael Montero,RP,NA,48.4641,0.8852448213709257,0.7630658263080327,0.88180049200758,1.016697128867269,0.49366733159128995,0.39725852657013844,0.4888444700758267,0.6089225659519979,1.0032380607498228,0.8743182365824881,1.0009527347136924,1.1449664318953243,0.5851224748727839,0.45728135806735176,0.5781622328202076,0.7328035661929437,0.04448346117873828,0.0283185161606609,0.04350451097400375,0.06347157000877923,0.08345129337443538,0.05534284807583944,0.08176395089878061,0.11667429186697034,1.4969053923411126,1.3350356904158782,1.493181593084108,1.6752712126233849,5.266102273855055,4.1155322226061655,5.203460095381868,6.595232095736494,7.967203392338332,6.867592436772294,7.93620442806822,9.150274159805422,4.443005984321609,3.575326739131246,4.399600230682441,5.480303093567981,42.90259354740268,36.981298512775126,42.735667224704564,49.27331132313621,2.15585091091249,1.372431399061886,2.1084069702952153,3.0760925160624777,4.044391827227974,2.6821413234322904,3.9626162927535935,5.654514548470037
12763,Chris Devenski,RP,PIT,17.2551,0.8526716350996976,0.715401515967936,0.8478076375862965,1.0106540254857608,0.37548810050108583,0.2844412284576191,0.3701089343894255,0.48696957750210573,1.0887348998025694,0.9272331219264711,1.0843245642449424,1.2679107206177453,0.5940916521898278,0.44403311680514496,0.5867466362987973,0.7721720521521008,0.0501674863588225,0.03270818706726315,0.048519459749805545,0.07314560746951443,0.059984032020330154,0.03562573731724166,0.05792867985776343,0.09084847668759573,1.4642230003036552,1.273940160262971,1.4594851634071087,1.671271745742322,5.346824869708451,3.9962980512463044,5.280719726689176,6.949548469368907,7.674044715897278,6.438613643711424,7.630268738276668,9.095886229371846,3.3793929045097726,2.559971056118572,3.3309804095048294,4.382726197518951,14.71293433080879,12.344324698178331,14.629005567315303,17.43893627515935,0.865644993870118,0.5643830386643324,0.8372081299288696,1.2621347714472184,1.0350304709139988,0.6147256599827365,0.9995651638136936,1.567599550092133
12777,John Brebbia,RP,COL,13.212,0.9312669873328231,0.7939439076658825,0.925986497097544,1.0864907528174677,0.3965088156986962,0.30915637479765307,0.392857840113942,0.4957679073385264,1.1535576011398263,0.9994013840371081,1.149700202353329,1.3290049476621577,0.7057921990064376,0.5447055388802721,0.6988489931843083,0.8915150723880095,0.04384528359785822,0.027078372342969944,0.04241632614816963,0.06538516609912218,0.0756869954190682,0.049444402743004254,0.07380023031482487,0.10792164196080968,1.5500664168385225,1.3770953696969515,1.5444501909045938,1.7429072887017891,6.352129791057939,4.902349849922449,6.289640938658774,8.023635651492086,8.381402885995408,7.145495168992943,8.333878473877895,9.77841677535721,3.568579341288266,2.7824073731788777,3.535720561025478,4.461911166046738,12.303899436641258,10.48958690808164,12.23413359965275,14.354715826224382,0.5792838868949028,0.3577594553953189,0.5604045010696171,0.8638688145016022,0.9999765834767291,0.6532594490405722,0.9750486429194661,1.4258607335862175
12784,Burch Smith,RP,NA,NA,0.7538986134925678,0.6277684943930197,0.7508703345885291,0.8879369513395519,0.30643317418674915,0.22788651122225012,0.3037477337533363,0.39511253553068004,1.1187989399976157,0.948585066264899,1.1153607186788368,1.3026929885279268,0.551288392503439,0.4113872501679225,0.5459622285183092,0.713599291819235,0.043809185500070735,0.027395407510424536,0.04210694825290084,0.0659967051646337,0.05997744434445586,0.03093021420857513,0.056166852906308073,0.10073843413704374,1.425232114184365,1.237094832752791,1.422827040943369,1.6229747412424491,4.961595532530951,3.7024852515113023,4.913660056664783,6.422393626373115,6.785087521433111,5.649916449537177,6.757833011296762,7.991432562055967,2.7578985676807424,2.050978601000251,2.7337296037800267,3.5560128197761203,NA,NA,NA,NA,NA,NA,NA,NA,NA,NA,NA,NA
12791,Michael Kelly,RP,ATH,61.1071,0.8504234489615433,0.7083180808366042,0.8478953104814025,0.998866405577936,0.3544056342125721,0.2679691333415414,0.34989738020685046,0.45617324010351157,0.8831518496236188,0.7434804894519038,0.878805535332902,1.0376547924706878,0.3992375279567172,0.29704766969993324,0.39265104221477,0.5244222330625843,0.06042722915289052,0.040547975558353995,0.05904014234851519,0.08590055427408796,0.08718207097968,0.05602682503212486,0.08476313305450311,0.12641259735064045,1.237557483836191,1.067489738583585,1.2321879243071558,1.419535072199779,3.593137751610455,2.6734290272993992,3.53385937993293,4.719800097563258,7.65381104065389,6.374862727529438,7.631057794332623,8.989797650201425,3.189650707913149,2.4117222000738723,3.149076421861654,4.1055591609316044,51.966910738037924,43.283263797490456,51.81242352711811,61.0378293322915,3.6925327345685965,2.4777691972418934,3.6077718825049527,5.249133760082121,5.327443529562404,3.423636799920557,5.179629247874828,7.724707227565322
12828,Andrew Kittredge,RP,BAL,66.0751,1.0489795404333346,0.9007661508811285,1.0444093115164215,1.2099467578739405,0.23171598041922611,0.1753702063462746,0.22986415353886908,0.2949587832011231,0.7316412790283163,0.6266375753796292,0.7295228922391881,0.8438878773918086,0.27307152576609584,0.20505238368888618,0.27052650696608077,0.3500388344452541,0.08641789257414943,0.05634874826425944,0.08353657483804217,0.1267634230727461,0.5016885372961122,0.37713775202393646,0.4982233937003132,0.6452329102491137,0.9633572594475425,0.8444308764604578,0.9615545145367717,1.0902060884979659,2.4576437318948625,1.8454714531999756,2.434738562694727,3.1503495100072865,9.440815863900012,8.106895357930156,9.399683803647793,10.889520820865464,2.085443823773035,1.5783318571164713,2.068777381849822,2.654629048810108,69.31142803208664,59.518213496085664,69.0094496993787,79.9473530211964,5.710070893626182,3.723249176435769,5.51968753608112,8.375905855874006,33.14912027069435,24.919414678756805,32.92016056108757,42.63382906800121
12857,Shawn Armstrong,RP,CLE,68.7655,0.995863425894662,0.8688756164824409,0.9917896012931315,1.137163180191253,0.2895687982279153,0.2315555031246607,0.28804218067734605,0.3546182474344883,0.8017855051781668,0.696384932754349,0.7982630758358843,0.9140995288374905,0.33856212631967963,0.26562436351817365,0.33582401854140465,0.4233316473407468,0.05410436320570894,0.035339876068018125,0.05289555917308983,0.07710099662020596,0.2912354898618135,0.20278383013508816,0.2877005523595816,0.39321663600268764,1.0913543034060822,0.9696103440051838,1.0890727985208721,1.2191957409245073,3.0470591368771167,2.390619271663563,3.0224161668726417,3.8099848260667213,8.962770833051959,7.819880548341969,8.926106411638184,10.234468621721277,2.606119184051238,2.083999528121946,2.5923796260961143,3.1915642269103945,68.48104641335938,59.748666205223294,68.20090782772284,78.1975946674416,3.720513588022178,2.4301642477553003,3.6373895743171087,5.3018885830867735,20.02695407809254,13.944531471154406,19.783872333282808,27.03973858304282
12972,Joe Ross,RP,NA,38.8891,0.7925734021093026,0.6753934824869056,0.7882533797394895,0.9233470462622552,0.36665529038381095,0.2895584823117657,0.3644451520784107,0.45210327833559394,1.055641390514462,0.9247006832155352,1.0523106732371943,1.2024046236276984,0.5445983371012324,0.4279238567215227,0.5385148761066185,0.6783747059900289,0.04243295322910669,0.02919442200700562,0.04164917527047674,0.058233129865002835,0.04325159647183715,0.024716841880436248,0.0414430858442799,0.06783635772979786,1.4222966808982729,1.2657312151570128,1.4194187368979718,1.5889979397732052,4.901385033911092,3.8513147104937047,4.846633884959567,6.10537235391026,7.133160618983723,6.07854134238215,7.094280417655406,8.310123416360296,3.2998976134542986,2.606026340805891,3.2800063687056964,4.068929505020345,30.82246629196888,26.265444679781517,30.65446451002698,35.908135616797466,1.6501793614220528,1.1353447968726422,1.619698942011097,2.2646340106330816,1.682015660352922,0.9612157355724733,1.6116843097067854,2.638094899389882
12988,Andrew Chafin,RP,NA,42.5232,1.0305071696091417,0.890323711484115,1.0253525583479353,1.1880148703323834,0.4659544239262136,0.3730812174409004,0.4609031630522389,0.5739646166608638,0.8660526895396737,0.7464838095528248,0.8627327853040594,0.9933336938901675,0.44786974793225987,0.3439385355405074,0.44442050633880903,0.5619033977323159,0.05253639207191752,0.033384197462043255,0.05093137356768623,0.07593244414745878,0.09446426265273153,0.06607134876932916,0.09292710591442599,0.12744537252798452,1.3320071134658873,1.1842557350864609,1.3267481007387896,1.4974886432404728,4.030827731390339,3.095446819864567,3.9997845570492814,5.057130579590843,9.274564526482274,8.012913403357036,9.228173025131417,10.69213383299145,4.193589815335923,3.3577309569681035,4.1481284674701495,5.165681549947775,43.820462474723456,37.859413248181326,43.60127190914093,50.51819393411801,2.2340155073525634,1.4196029055179578,2.1657649844934355,3.2288905089712197,4.016922733634634,2.809565177987938,3.9515579102203193,5.4193850650819915
12997,Colten Brewer,RP,NA,NA,0.8887842652822642,0.7256854135285596,0.881458865346406,1.0760732862303914,0.46804136911950456,0.3475085036653685,0.4616768199026591,0.611596692716192,1.0538021289831825,0.8619268833547676,1.044992525227658,1.2675127398566717,0.5937241219351782,0.4214667189071968,0.5840960758717577,0.8078322299050122,0.04385453594724047,0.029515868130052872,0.042765272775416155,0.06184191164081636,0.07482066438188184,0.04085958429424168,0.07116731693441322,0.12109688520663123,1.521843498102687,1.2832858032103995,1.514324578972944,1.786341164012618,5.343517097416604,3.793200470164771,5.256864682845819,7.27049006914511,7.999058387540377,6.5311687217570364,7.933129788117655,9.684659576073523,4.212372322075541,3.1275765329883165,4.155091379123932,5.504370234445728,NA,NA,NA,NA,NA,NA,NA,NA,NA,NA,NA,NA
13050,Anthony DeSclafani,RP,NA,NA,0.8752046356909609,0.6966321157444942,0.8699484682938332,1.0754113568612835,0.36015936900285644,0.2465674136240548,0.35395305535067556,0.4949914442946036,1.0336913879440253,0.8503488653401415,1.0274552132272747,1.2340804183265548,0.5491742337345255,0.39150234642157383,0.5395795673661583,0.738836687576852,0.046671417567762497,0.02693186693219325,0.04488824951983955,0.07226704150111178,0.07739164608311536,0.03480449083293762,0.07190059333455834,0.13767074551940234,1.3938507569468817,1.1781648659499258,1.387932881367031,1.625031695165732,4.942568103610729,3.5235211177941643,4.856216106295425,6.649530188191667,7.876841721218648,6.269689041700448,7.829536214644499,9.678702211751553,3.241434321025708,2.2191067226164933,3.1855774981560803,4.4549229986514325,NA,NA,NA,NA,NA,NA,NA,NA,NA,NA,NA,NA
13133,Derek Law,RP,ARI,22.3884,0.8420294073642622,0.7255357798817647,0.8387519180992402,0.9722534273488512,0.33815782979965386,0.2662212699014102,0.33711782568296167,0.4170175053953243,0.8731159535845007,0.7578476277401562,0.870941275893268,0.9956274151647115,0.380564342322012,0.2950922299522717,0.3771248111498948,0.4762395029027524,0.05729827816390789,0.03816956855206553,0.055973306599692754,0.08145510347132202,0.06722078571868838,0.04562361309805006,0.06582148349025282,0.09289528153110015,1.2112737833841545,1.0738739662210979,1.2090147394227948,1.352633333366087,3.425079080898108,2.6558300695704453,3.3941233003490536,4.286155526124771,7.57826466627836,6.5298220189358815,7.548767262893162,8.750280846139662,3.0434204681968846,2.395991429112692,3.034060431146655,3.7531575485579185,18.85169118383405,16.2435852543049,18.77831344317303,21.76719863285702,1.2828167708448355,0.854555568571064,1.2531527774765614,1.823649438557346,1.5049658389842828,1.021439699484384,1.4736377009731765,2.0797767210308824
13190,Jordan Weems,RP,NA,NA,0.9229526121523042,0.7870807324363803,0.9192574390142196,1.0692375835344248,0.4884270033510563,0.38775280555442726,0.4846614725509116,0.6016222096012029,1.0392635040509992,0.8910663167752044,1.0337407145092683,1.2074641824307344,0.6093578622562065,0.46211480603689387,0.602625335563376,0.7816776644235022,0.043616066002731796,0.030648955981306777,0.042734813893417156,0.05926931972809939,0.07916305238103054,0.04923145395102264,0.07603406678326219,0.11884032811240279,1.5276905074020555,1.342506524796402,1.5227020874303907,1.7285082596135284,5.484220760305858,4.159033254332045,5.423628020070384,7.0350989798115195,8.306573509370738,7.083726591927423,8.273316951127978,9.623138251809824,4.395843030159507,3.4897752499898456,4.361953252958204,5.4145998864108265,NA,NA,NA,NA,NA,NA,NA,NA,NA,NA,NA,NA
13293,Danny Coulombe,RP,NA,44.3109,1.0151795252733549,0.8668010259986563,1.0104738828667994,1.1821883077634086,0.2738975671844816,0.2073784579631776,0.2713247678264267,0.34943937577783174,0.7307481706336808,0.6160785129393535,0.7279518412299167,0.8561047909245698,0.28570902013221583,0.2106864270137847,0.2813466510669874,0.3731738047113624,0.07099581792552968,0.04470007660816251,0.06848279983246419,0.10650182423157378,0.11936686048216555,0.08397572966851007,0.11738846069338713,0.16061105375004123,1.0046457378181626,0.8696354581933443,1.000505802530482,1.1526874056098584,2.5713811811899423,1.8961778431240623,2.532119859602887,3.3585642424022617,9.136615727460194,7.8012092339879064,9.094264945801195,10.639694769870676,2.4650781046603343,1.8664061216685985,2.4419229104378406,3.1449543820004857,44.9835184264351,38.40873358292386,44.77500717632246,52.38382788647362,3.1458885885163532,1.980700624576628,3.034534495096337,4.719191683342842,5.289253018139189,3.7210401597683824,5.201588342938607,7.116820341612701
13346,Hoby Milner,RP,CHC,61.4843,0.8615831815901058,0.7458613494546819,0.8587688026756372,0.9881113784676634,0.253088048873033,0.19921949235712874,0.25056703448613815,0.31330911458454863,0.9828312567772581,0.8534936366825365,0.9804042379981045,1.1170472832871388,0.43814254794745444,0.3408188079416377,0.43323287671645316,0.550955976560251,0.04958201186144566,0.03281007668970575,0.048403134225737596,0.07086498783140985,0.07966995575381289,0.05570130411156003,0.07839107466888026,0.10910074981425864,1.235919305650291,1.0959908041285589,1.2347227048329952,1.3772384439416747,3.94328293152709,3.0673692714747394,3.8990958904480784,4.958603789042259,7.754248634310953,6.712752145092137,7.728919224080735,8.893002406208971,2.277792439857297,1.7929754312141586,2.2551033103752434,2.819782031260938,52.973838811840544,45.858762968276494,52.80079869434967,60.75333642711935,3.0485152918926834,2.0173045982128754,2.9760328256755177,4.357084171322752,4.898451460554157,3.42475569238639,4.819820352263834,6.707983231804822
13394,Dylan Floro,RP,NA,NA,0.7495874026835702,0.6473374551332349,0.7477260412624045,0.8611107789557668,0.2971206617651741,0.23550908000523144,0.29459429136026416,0.3666321242908174,1.0893969735939393,0.9549381638105907,1.087229897284458,1.2340888628608238,0.5059151791035987,0.40080325604043177,0.49963147580833456,0.6300914951008201,0.053447323084077104,0.03619437495749644,0.05220918781447509,0.07502496829228734,0.06522403627516196,0.046814589203007656,0.06410528792082035,0.08727067587317293,1.3865176353591133,1.2389774415094905,1.3833774898873878,1.5428916270309552,4.553236611932388,3.607229304363886,4.496683282275011,5.670823455907381,6.746286624152131,5.826037096199114,6.72953437136164,7.749997010601901,2.674085955886567,2.119581720047083,2.651348622242377,3.2996891186173563,NA,NA,NA,NA,NA,NA,NA,NA,NA,NA,NA,NA
13435,Pierce Johnson,RP,CIN,59.3071,1.119044975962143,0.9712457136852234,1.1163705492488871,1.2787290747923254,0.40009600605490064,0.322641681423415,0.3978506529896435,0.48424139857727383,0.8404731089109958,0.7283870312494457,0.838004938371604,0.9609385221466796,0.41346257823937405,0.32384709397029027,0.4104412569164184,0.51645159756284,0.06058704718106268,0.040130101595720793,0.0591188758225025,0.08571555034170464,0.09890221492255868,0.0718724864466929,0.09769088847329761,0.13040872277077534,1.2405691149658964,1.1062391108729508,1.2372613995583435,1.381153604898234,3.7211632041543665,2.9146238457326126,3.6939713122477658,4.64806437806556,10.071404783659288,8.74121142316701,10.047334943239985,11.508561673130929,3.6008640544941057,2.903775132810735,3.5806558769067918,4.358172587195464,66.36731229388441,57.60176666610091,66.20869980135868,75.83771311161593,3.593242065872002,2.3799999483475727,3.5061690802927377,5.083540715670511,5.86560355063368,4.262548740942661,5.793763291774709,7.73416316223865
13449,Taylor Rogers,RP,MIN,58.5663,1.0433400220752247,0.9057591481454638,1.0394497145545833,1.192862006718782,0.3884714849596368,0.30976632247040164,0.3839796227896711,0.4825174943980943,0.9483051851442308,0.8250641695243958,0.9452149192809836,1.0775223524534976,0.4999063590004804,0.39143460651972384,0.4955124411505011,0.6262294287505049,0.05424631551990983,0.03526893579153874,0.052744892168918894,0.07764725935102734,0.27161496960189213,0.19625327325412734,0.26800176026570777,0.3631511771436218,1.3367766701038675,1.1927862265760274,1.3329590817444665,1.4967466634838882,4.4991572310043235,3.5229114586775143,4.459611970354509,5.636064858754544,9.390060198677022,8.151832333309175,9.35504743099125,10.735758060469038,3.4962433646367312,2.787896902233615,3.45581660510704,4.342657449582849,61.10456473486423,53.046961998031676,60.87672381751809,69.8615141440942,3.1770059886336948,2.065571074247995,3.0890731782325545,4.547512685330073,15.907483794195295,11.493828077383197,15.69587149224952,21.268420785946496
13470,Lucas Sims,RP,CHW,15.263,1.140230120108045,0.9905297927124458,1.1380501938574314,1.2985795494014605,0.5301127336857809,0.43040686723491184,0.5271251789160316,0.6396549581285129,0.8204022657108383,0.7181964362663023,0.8175631408261657,0.9302250774877288,0.4498970827167023,0.35525183180023095,0.4458545177108767,0.5583584269108636,0.054981570025840094,0.04036435745008176,0.05416941739410752,0.07251258985558702,0.11682588955741703,0.08557343573327804,0.11509271439719443,0.1538443893021515,1.3505149993966192,1.2035254065951104,1.3471721204205855,1.510667011999258,4.049073744450321,3.1972664862020785,4.01269065939789,5.025225842197772,10.262071080972405,8.914768134412013,10.242451744716883,11.687215944613143,4.771014603172029,3.8736618051142067,4.744126610244285,5.756894623156616,17.40333232320909,15.11845622617006,17.370060108845976,19.820219662514493,0.8391837033043974,0.616081187760598,0.8267878176862631,1.1067596589658246,1.7831135523148562,1.3061073495970228,1.7566600998443787,2.348126913918738
13528,Matt Bowman,RP,NA,NA,0.7410676650055791,0.603014307597246,0.737135838318343,0.8922848609408629,0.36384999014696534,0.2659103695695048,0.35959014487674557,0.4800494339650177,1.1350079225839114,0.952183780119697,1.1292668003459398,1.3375343592043965,0.6034819056026755,0.4475736007661339,0.59457913780301,0.7885135747587189,0.03978470418844985,0.024021249358088224,0.038379545380955546,0.0596123236839395,0.05231050898375627,0.025276085505485865,0.04912692000982011,0.08955899519343842,1.4988579127308768,1.2880331575947435,1.4939402047681472,1.7256123359561413,5.4313371504240795,4.028162406895205,5.35121224022709,7.09662217282847,6.669608985050211,5.427128768375214,6.634222544865087,8.030563748467767,3.274649911322688,2.393193326125543,3.23631130389071,4.320444905685159,NA,NA,NA,NA,NA,NA,NA,NA,NA,NA,NA,NA
13580,Steven Okert,RP,HOU,63.5979,1.0567112996423649,0.9142873255489286,1.054173574230798,1.2055247108596678,0.3749062268414203,0.30033583535658864,0.372345803125317,0.4592950125306169,0.8264565398247935,0.7138014543625005,0.822508366456876,0.9519762849760769,0.4093176420463564,0.31204929270129395,0.40521158988267125,0.5221957490709117,0.056666633051797706,0.038378609058807314,0.05557445970839944,0.07913775984110785,0.07012578110272838,0.04775235455810786,0.06881107204957673,0.09680748629558412,1.2013627666662139,1.0590806123301946,1.1993065257428546,1.350710849114795,3.6838587784172074,2.8084436343116455,3.646904308944041,4.699761741638206,9.510401696781283,8.228585929940357,9.487562168077183,10.849722397737011,3.3741560415727827,2.703022518209298,3.351112228127853,4.133655112775552,67.20461956352516,58.14675390152821,67.04322555657288,76.66884000878207,3.6038788621649256,2.440798941061122,3.534418931088817,5.032995336598793,4.459852413993209,3.036949469951088,4.376239679101777,6.15675283267793
13619,Jakob Junis,RP,TEX,64.3452,0.8799055399541437,0.7600854945565505,0.8747900381707454,1.0121083672665048,0.2274209897741807,0.1780994996080796,0.22621568799484099,0.2808362961754169,0.8732070361573007,0.7582818497349179,0.8690115449776585,0.9988470845679355,0.3485535371115156,0.2670713154364954,0.34557945769895426,0.4417438439317867,0.05681368460084172,0.03897733128884723,0.055550163326576696,0.07934886103865364,0.0679830614455971,0.04191395453493384,0.06575054875027615,0.10256866501766138,1.1006280259314813,0.9721938960358859,1.09699144624827,1.2361680012359073,3.1369818340036404,2.4036418389284586,3.1102151192905882,3.97569459538608,7.919149859587293,6.8407694510089545,7.873110343536709,9.108975305398543,2.0467889079676262,1.6028954964727165,2.035941191953569,2.527526665578752,56.61769794945737,48.90785316434016,56.28853996410425,65.12431531343671,3.6556878983780807,2.5080041772471326,3.574386369281243,5.1057183333043765,4.374383685329235,2.696961787341225,4.23073220944627,6.599801264294426
13652,Tayler Scott,RP,NA,NA,0.985862172530173,0.8291430696404557,0.9816529398317517,1.1547190635367504,0.5158679402707611,0.3999318285342973,0.5120132979929868,0.6428555870635078,0.9170283523924384,0.7775009723087057,0.912092429750591,1.0802014238127158,0.514332089453095,0.3828952459222158,0.507789947228444,0.6705698317263172,0.056138216029370684,0.03621069600728542,0.05454661057560774,0.08160850430960036,0.11211557593253998,0.06664989401117162,0.1075106300841511,0.1721116654593427,1.4328962926631994,1.2462650638656234,1.4262372442598839,1.6397090940347705,4.628988805077856,3.4460572132999423,4.5701095250559955,6.035128485536855,8.872759552771557,7.462287626764101,8.834876458485766,10.392471571830754,4.64281146243685,3.5993864568086757,4.608119681936881,5.78570028357157,NA,NA,NA,NA,NA,NA,NA,NA,NA,NA,NA,NA
13761,Chris Stratton,RP,NA,NA,0.88304980994358,0.7513000728357324,0.8815936365452987,1.021236192129179,0.4382733697779936,0.3502606660143479,0.4340093712876868,0.5417949597390704,1.0554656018426545,0.9152645130064812,1.0517194852023288,1.2112384730539245,0.6066548592045741,0.47331538527103495,0.5992011762268277,0.7649933600892665,0.05139737152280094,0.03323013718664666,0.04983648685300711,0.07555737148349476,0.07908004522870231,0.047632587475467926,0.07589695547072904,0.12113986818578908,1.493738971620648,1.3226025114210962,1.4885565305685842,1.6758836498310332,5.4598937328411665,4.259838467439314,5.392810586041449,6.884940240803399,7.94744828949222,6.761700655521592,7.934342728907688,9.19112572916261,3.9444603280019424,3.1523459941291314,3.9060843415891813,4.876154637651634,NA,NA,NA,NA,NA,NA,NA,NA,NA,NA,NA,NA
13767,JT Chargois,RP,NA,NA,0.8613677382731599,0.7308846865813001,0.8580027027464658,1.001078963494952,0.33269755916727156,0.2538974441722893,0.32927771834636776,0.4229394434105011,0.8268064743225928,0.7022822074797547,0.8241533692908651,0.9639145272341565,0.35901802643520514,0.26723630527530473,0.3542181034107041,0.46712117033806866,0.05876592761526956,0.038593182396905304,0.05726529526945354,0.08406982980531769,0.0825816545170372,0.0487016356931898,0.07979825585407085,0.12548956838132969,1.1595040334898645,1.0093458940456514,1.156152695451279,1.3239656492244252,3.231162237916846,2.4051267474777425,3.1879629306963366,4.204090533042618,7.752309644458439,6.577962179231701,7.722024324718193,9.009710671454567,2.994278032505444,2.285076997550604,2.9634994651173097,3.80645499069451,NA,NA,NA,NA,NA,NA,NA,NA,NA,NA,NA,NA
13799,Matt Strahm,RP,KCR,65.4986,1.1302359140037046,0.9877648658376165,1.1236228685710292,1.2889737077337398,0.2704019736264922,0.21338356406067746,0.26844723577947716,0.3352077619648494,0.7487164693938987,0.6532704600953805,0.747768978825438,0.8491884103205045,0.31583425055691455,0.24874836855815805,0.31318155835787354,0.3914191967670309,0.07275368777043092,0.05050219033052158,0.07101881313707892,0.10019119668472491,0.34194285201821073,0.2577935077242744,0.33895376971085717,0.44181144846103976,1.019118443020391,0.9093352182818046,1.017299749352806,1.135166645367481,2.842508255012231,2.2387353170234223,2.8186340252208617,3.5227727709032783,10.172123226033342,8.889883792538548,10.112605817139263,11.600763369603659,2.4336177626384297,1.920452076546097,2.416025122015294,3.016869857683645,74.02887003696304,64.6972158415517,73.5957248193864,84.42597329336913,4.765264693800347,3.3078227635827004,4.651632834140277,6.562383115174122,22.396778087199976,16.885113845029156,22.200997380783548,28.93803133817026
13801,Austin Adams,RP,NA,NA,1.237653537451373,1.046614509492444,1.2303012984747632,1.4573297196497428,0.5727427173180578,0.4437847510134225,0.566862534040969,0.7218339072536475,0.8301548302588756,0.6966497610901459,0.8250636490032138,0.9821428799411545,0.4991181156061036,0.36315737896823524,0.49179388223506393,0.6589317937607535,0.051238220110675164,0.03248148526085454,0.04988632516694026,0.07428127863536317,0.12854490093263696,0.08488920331400848,0.1257714115745022,0.1827222067649666,1.4028975475769334,1.2083121900511173,1.3974961468129408,1.6198902658585321,4.492063040454933,3.268416410714117,4.4261449401155755,5.930386143846782,11.138881837062357,9.419530585431996,11.07271168627287,13.115967476847684,5.154684455862521,3.9940627591208027,5.101762806368721,6.496505165282827,NA,NA,NA,NA,NA,NA,NA,NA,NA,NA,NA,NA
13892,Paul Sewald,RP,NA,45.2439,1.2169927854822677,1.0551613131997644,1.2128860697682193,1.3929577716519599,0.3314861980125227,0.2610500999211747,0.3294740499366706,0.4087435694970412,0.7096195374691926,0.6120980645570326,0.7088649008224933,0.8163152101492145,0.3143997387748903,0.24031172699141942,0.3109744794804739,0.39875787282439723,0.07311270477722094,0.04848910677028542,0.07164084922129715,0.10358296545637384,0.17012515347084417,0.12729661586590646,0.1685327257676627,0.21895339038025732,1.0411057354817153,0.9159055012364563,1.0387414239829387,1.173619265248937,2.829597648974013,2.162805542922775,2.798770315324265,3.5888208554195753,10.952935069340409,9.49645181879788,10.915974627913974,12.536619944867638,2.9833757821127045,2.3494508992905727,2.9652664494300356,3.678692125473371,55.06149988708117,47.73961293827882,54.87569605198633,63.022842124844104,3.3079039036701063,2.1938362978041166,3.241311418083446,4.6864973308116324,7.697125431119526,5.7593953585754845,7.625077791359554,9.906305299025323
13896,Chris Flexen,RP,NA,NA,0.7780237785493407,0.6362336366894286,0.7732131589136211,0.9376617478911361,0.29073819755880437,0.21294767105333448,0.2866502453406701,0.38120394047505307,0.9750319756114584,0.8268363862240079,0.9701764595864814,1.139288096144226,0.4249063075752565,0.31904857949336796,0.4199784295561425,0.5503686067466004,0.05472414506354389,0.03924235657600347,0.053775152189304815,0.0734593721778931,0.07711961172928739,0.04636785334547757,0.07416306456384102,0.11804040768518052,1.2657701731702629,1.098379287903431,1.2614502169370345,1.4475139180926369,3.8241567681773083,2.8714372154403116,3.7798058660052827,4.953317460719403,7.002214006944066,5.7261027302048575,6.95891843022259,8.438955731020226,2.616643778029239,1.9165290394800103,2.579852208066031,3.4308354642754777,NA,NA,NA,NA,NA,NA,NA,NA,NA,NA,NA,NA
13932,Dietrich Enns,RP,BAL,58.7659,0.9620085147042775,0.7921686917148325,0.9564754167325339,1.149988593735296,0.33623770857428675,0.2402774853455848,0.33028160319550504,0.4474493980661796,0.9721014891943348,0.8082681745670667,0.9666935080045902,1.1549002949466436,0.48291791640856035,0.34752997132081426,0.475785472661467,0.6448189918191982,0.056489528412105576,0.03507241029368302,0.054385591588337445,0.08526407871957778,0.10998686530194145,0.0584601784818312,0.10444849750876603,0.1811662302812567,1.3083391977686216,1.1134208866061899,1.303404208967324,1.5182646267648932,4.3462612476770435,3.1277697418873283,4.282069253953203,5.803370926372784,8.658076632338497,7.129518225433492,8.608278750592804,10.349897343617664,3.026139377168581,2.1624973681102633,2.972534428759545,4.027044582595616,56.5332961742601,46.552506120444676,56.208138692162414,67.58011470058904,3.3196579777129553,2.0610617560775473,3.1960182367210797,5.010620323626836,6.463477127647361,3.4354650026454445,6.138009959750394,10.646396572085303
13942,Brent Suter,RP,LAA,61.7711,0.6919236783590157,0.5930022850265296,0.6889507005385789,0.797452752205503,0.2720027556687162,0.21595178641752713,0.26918435545896435,0.33577613479989793,1.0678709398646242,0.9301327250886722,1.065407830001081,1.2162155751753327,0.48463674994324407,0.3813603830724022,0.48003080910984697,0.5998432149148262,0.043863939379593445,0.027710314515727436,0.04264636582805524,0.06372801310084757,0.02846631869306713,0.016638274139541907,0.027323599654754678,0.04408975368560364,1.3398736955333406,1.1940286605843962,1.3355995600312995,1.503763400417489,4.361730749489197,3.43224344765162,4.320277281988623,5.398588934233436,6.227313105231142,5.337020565238767,6.200556304847209,7.177074769849527,2.4480248010184456,1.9435660777577441,2.4226591991306794,3.0219852131990814,42.74088672828259,36.630403448602266,42.55724261803861,49.25953370176135,2.7095237858108043,1.711696608982451,2.634312928201383,3.936549470053765,1.7583958186213189,1.027764495701057,1.6878088066338166,2.7234725838887908
14212,Josh Hader,RP,HOU,57.0227,1.370884035090682,1.2028608885586918,1.3684394951045067,1.5413452059189656,0.4034220903959255,0.3301023510785407,0.39993495116002975,0.4877442626470337,0.7169631364061182,0.6327857287349055,0.7146718102623824,0.8118580027255874,0.3524383095103977,0.2779527079493105,0.3491023775237409,0.4378963191403144,0.06703007722595872,0.04915123430790464,0.06594083313030111,0.08859940610131671,0.5100167331374669,0.41262007654009497,0.5060601813055886,0.6186859291427051,1.1203852268020438,1.002290231043961,1.1171253603417508,1.2469702840561823,3.171944785593579,2.5015743715437946,3.141921397713668,3.9410668722628297,12.337956315816138,10.825747997028227,12.31595545594056,13.87210685327069,3.6307988135633296,2.970921159706866,3.599414560440268,4.389698363823303,78.17150906776543,68.59037559001571,78.03211479749575,87.8916652735554,3.8222359846326763,2.802736088569354,3.760124345339221,5.052177354293552,29.082531168677832,23.528710838522873,28.85691790053419,35.279142131725735
14295,Wandy Peralta,RP,SDP,59.4659,0.8462545121520829,0.7293073422977611,0.8427348519047722,0.9696728983494018,0.3663519815882751,0.296016703151483,0.362571998239916,0.44657241408465675,0.808017851122587,0.7073719816881919,0.8056559419368575,0.9179127689954424,0.3440951396716885,0.2705979478238271,0.34091730631865136,0.426392890611818,0.06882881566532435,0.047146079067199934,0.06692545737503178,0.0973537115740994,0.08916071980856236,0.06028633110352291,0.08719391475100957,0.1235731098839379,1.174369832710862,1.0508047847862574,1.1712542074823908,1.309572272810016,3.0968562570451965,2.435381530414444,3.0682557568678623,3.837536015506362,7.616290609368746,6.56376608067985,7.58461366714295,8.727056085144616,3.2971678342944757,2.664150328363347,3.263147984159244,4.019151726761911,50.32328619418455,43.36891748634443,50.11398642988399,57.662471605955695,4.092967469472612,2.8035840232022045,3.979782555717902,5.789226077094238,5.302022448063988,3.584980936768983,5.18506461519206,7.348386195047262
14332,Joel Payamps,RP,ATL,49.931,0.9589058153436506,0.8208407404667677,0.9530581160865503,1.110738443379066,0.3095089903586067,0.24326834374217546,0.30678911594276437,0.385752653120977,0.8816082879007529,0.7528636114567768,0.8779987974930044,1.0226453747734419,0.3904380433850592,0.29316474393217323,0.38523683497941114,0.5055503211841732,0.06249132250073451,0.043695117927395596,0.06116710205483386,0.08575313670984719,0.16350715382512906,0.11067869416797775,0.1596284034819623,0.23300332558871578,1.1911172782593595,1.0335784208756515,1.1868120588280644,1.3569181474246963,3.513942390465533,2.638482695389559,3.4671315148147004,4.549952890657559,8.630152338092856,7.387566664200909,8.577523044778953,9.996645990411594,2.7855809132274603,2.189415093679579,2.7611020434848794,3.471773878088793,47.879126265923816,40.98539901224618,47.587144794317545,55.46028121636014,3.120254223784175,2.1817409332327893,3.054134572699909,4.28173986905938,8.164075697642518,5.526297878501297,7.97040581425786,11.634089049970168
14416,Yunior Marte,RP,CIN,8.67809,0.8587420947506504,0.726927246145589,0.8554222943990535,0.9996218878942396,0.4593189480127502,0.3626928486641946,0.4560393310306647,0.5690993953494944,1.0922469835072794,0.9412519580658144,1.0859800883099466,1.2606237366393398,0.6161725968748621,0.4760741043840552,0.6084715822326725,0.7883988815360344,0.04020008097508081,0.029219885418130136,0.039664189197422914,0.052902896442058915,0.06335181792236305,0.04095446965680182,0.0616080509297835,0.09187489182855912,1.5515659315200296,1.362403683673042,1.546851086391611,1.7570561936777491,5.545553371873759,4.284666939456496,5.4762442400940525,7.09558993382431,7.728678852755854,6.542345215310301,7.698800649591481,8.996596991048156,4.133870532114752,3.2642356379777513,4.104353979275982,5.121894558145449,7.452241185034671,6.308340065503574,7.423431658801482,8.674808709116121,0.348859920709039,0.2535727954482209,0.34420940363226377,0.459096096584867,0.5497727775938795,0.3554065735839953,0.5346402106932449,0.7972985800285006
14510,Thyago Vieira,RP,NA,NA,0.9560401241352366,0.7839516779924575,0.9481888256781449,1.154661313128303,0.5504098700186792,0.40764567529642093,0.5437753590044806,0.7165726184999242,1.011678730204542,0.8425891750917478,1.0059651775796785,1.2007588889128755,0.6088055492016305,0.44813198958677436,0.6001681518240415,0.799489684516156,0.04252345007132457,0.02911511063518135,0.041572656578555314,0.05909012529610497,0.07308288218049072,0.04072993912412361,0.07003676295201244,0.11495034046079072,1.5620886002232213,1.3375937831356763,1.555269062149441,1.7971444006222612,5.479249942814675,4.033187906280969,5.401513366416373,7.195407160645404,8.60436111721713,7.0555651019321175,8.533699431103305,10.391951818154727,4.9536888301681135,3.6688110776677885,4.893978231040325,6.449153566499318,NA,NA,NA,NA,NA,NA,NA,NA,NA,NA,NA,NA
14524,José Leclerc,RP,NA,36.9781,1.0888416114125778,0.9489424181447962,1.0868774607195557,1.236481734465548,0.4825520743189667,0.3912835009012711,0.4788129614709512,0.5822774843694416,0.8996104287535415,0.7893435030852742,0.8971100229007728,1.0167599111958658,0.5122188278364671,0.40898309697330076,0.5084153074296339,0.6288436212562476,0.0468446959708189,0.03455218674571094,0.046251775506368234,0.06136712951831583,0.06613518091769204,0.048774270384481615,0.06535771240676795,0.0870676305076668,1.3821625030725082,1.2421590434172993,1.3777486252485773,1.5337882823563127,4.609969450528204,3.6808478727597067,4.575737766866705,5.659592591306229,9.7995745027132,8.540481763303166,9.781897146476002,11.128335610189932,4.3429686688707,3.52155150811144,4.309316653238561,5.240497359324975,40.26329399097544,35.090087632400085,40.1906634302338,45.72274522524048,1.7322278520785384,1.2776742167015738,1.7103027798520352,2.2692398520412342,2.4455533334925077,1.8035798477043994,2.4168040251487057,3.219595547675554
14527,Jorge López,RP,NA,27.4732,0.9271635361790082,0.795547932966325,0.9245819247199079,1.0678084203307587,0.3679075388047079,0.2922651926971712,0.3652922362571436,0.4547173204745123,0.9178092482558079,0.801719833853501,0.9145735472645617,1.044664366682936,0.4449386568373587,0.3520076028038997,0.44151506612468894,0.5509950009807777,0.06355239051656043,0.043995214608038694,0.06216913883340345,0.08752150461669651,0.12732648013810993,0.08531691305677624,0.12482786831804571,0.17781333822415063,1.2857167870605157,1.1494228048802495,1.2822543562867734,1.4369095426547924,4.004447911536229,3.1680684252350972,3.9736355951222,4.958955008826999,8.344471825611073,7.1599313966969245,8.32123732247917,9.610275782976828,3.311167849242371,2.630386734274541,3.2876301263142924,4.092455884270611,25.472149262153124,21.856247471970438,25.40122413421497,29.336114293431,1.745987535139568,1.2086893299695685,1.7079851849978596,2.4044958006354267,3.4980658541303216,2.343928615791425,3.4294209918753333,4.885101403699735
14542,Carlos Estévez,RP,KCR,65.9855,1.0076889064543182,0.8752195948040801,1.0047549805306764,1.1467692832746021,0.3317791731899827,0.2681559830610463,0.3291707239231233,0.40570086626214213,0.7749041652574031,0.6785674124629931,0.7724450135717138,0.8808075038785119,0.32517968872068453,0.2562660632590764,0.3226670946953841,0.40282496175540783,0.06840086781166788,0.04771125035972825,0.06700563601563406,0.09457883290557667,0.632688113425963,0.49438458842590605,0.6285311605560355,0.7838436426184132,1.1066833384473858,0.9899312917897392,1.10265226769374,1.2351467936444842,2.9266171984861606,2.3063945693316876,2.904003852258457,3.6254246557986702,9.069200158088863,7.876976353236721,9.042794824776088,10.32092354947142,2.9860125587098443,2.413403847549417,2.9625365153081096,3.651307796359279,66.49285633684141,57.75180257294463,66.29925976780694,75.67014454151627,4.513465462986811,3.1482507106118485,4.421400395309621,6.24083157869093,41.74824150846888,32.622214259577625,41.473942894870284,51.722314679997304
14552,José Ruiz,RP,NA,NA,0.9422954881652627,0.8205093800472673,0.9395414944892282,1.0765046905621514,0.4159694633528403,0.33890183382366407,0.41357865840096447,0.5003456877128821,0.9606139504303955,0.8457449484128707,0.9573320589146875,1.084775289381549,0.5013598536556078,0.4037208049481756,0.49715348831532213,0.612297990509971,0.04757309131002709,0.03609590188447438,0.04715756558680126,0.0605784506595994,0.07065298143920905,0.04905139652732176,0.06926680410600675,0.09719538245369198,1.3765834137832358,1.2366528724428547,1.3733878334793532,1.5286163963518646,4.5122386829004695,3.63348724453358,4.474381394837899,5.510681914589739,8.480659393487365,7.384584420425405,8.455873450403054,9.688542215059362,3.7437251701755625,3.0501165044129768,3.7222079256086804,4.5031111894159395,NA,NA,NA,NA,NA,NA,NA,NA,NA,NA,NA,NA
14706,Anthony Banda,RP,LAD,46.7134,0.9830119651344814,0.8474714810169314,0.9784805827562393,1.1362373035880948,0.3971211392951837,0.3164326068276775,0.39316749907291526,0.4889436797152067,0.8265258264159628,0.7129721683623025,0.823115763607654,0.948787532442386,0.3906270903541066,0.3005291512762824,0.3869283530438127,0.49406331987030355,0.0576782115751746,0.041350341182586424,0.05656212759515691,0.07793260560645338,0.07489748438697316,0.051724348956490196,0.07330306076978194,0.1019220806474985,1.2236469657111466,1.0828314212157482,1.220006901220067,1.374843539194731,3.5156438131869594,2.7047623614865413,3.482355177394314,4.446569878832732,8.847107686210332,7.627243329152383,8.806325244806153,10.226135732292853,3.5740902536566534,2.8478934614490976,3.5385074916562376,4.40049311743686,45.91983113211308,39.588274281336325,45.70815485452531,53.07750765743211,2.6943453685957612,1.9316150277986326,2.642209291203603,3.640496978736499,3.498716147162432,2.416220202544109,3.4242351989631317,4.761126922118856
14710,Edwin Díaz,RP,LAD,66.779,1.4317787226906749,1.2558024603796645,1.4281897489960522,1.6184225730036679,0.34118513763349995,0.27349960249356314,0.33817513633182095,0.4176419150888183,0.6518137956005446,0.5703962369878249,0.6495815881385538,0.7430595353536235,0.28879590574766556,0.22664374287169833,0.2856866294324518,0.3577664096057576,0.07492265013423284,0.05357566026601654,0.07313722577042357,0.10221409583639599,0.3800422579066178,0.29392801484192993,0.37731662776486286,0.4794768657336531,0.9929989332340446,0.8840311362322862,0.9927061467233874,1.1068616556218474,2.59916315172899,2.039793685845285,2.5711796648920666,3.2198976864518185,12.886008504216074,11.30222214341698,12.85370774096447,14.565803157033011,3.0706662387014996,2.4614964224420683,3.0435762269863886,3.7587772357993647,95.61275132256057,83.8612325016936,95.37308324820737,108.07664100261194,5.003259653313934,3.577729016904318,4.884030799723115,6.825755105858687,25.378841940746028,19.628218903129238,25.196827085509774,32.01898561682762
14771,Emilio Pagán,RP,CIN,65.8854,1.0797573556288111,0.9442761518884342,1.074853265983366,1.2338816509534203,0.3384154758598872,0.27130116333066734,0.33572674145976455,0.4133842351576331,0.8277179709570035,0.7209266408740848,0.8244056686847245,0.9423019972232194,0.40297822510814957,0.3143610189707562,0.39917367329190545,0.5067637976079221,0.06001114411191917,0.03997906085716388,0.05853674076916354,0.08467022117451946,0.4269295323076402,0.3146429404949568,0.42360554005509,0.5521694714923138,1.1661334468168907,1.0368711736190275,1.1640349453880072,1.3019715093157609,3.626804025973346,2.829249170736806,3.592563059627149,4.560874178471299,9.7178162006593,8.498485366995908,9.673679393850295,11.104934858580783,3.0457392827389844,2.441710469976006,3.021540673137881,3.720458116418698,71.14024527854647,62.21401197763024,70.81713737062047,81.29478612572649,3.9538582342714395,2.634036416198585,3.8567165802726477,5.578531390171685,28.128423007901798,20.730375991686426,27.909420448745628,36.37990649705969
14814,Buck Farmer,RP,NA,NA,0.9089932224730215,0.7893304431726657,0.9062093909792085,1.0405647994569158,0.4156172180913153,0.3407591272088746,0.4120028311174847,0.5003685735504529,0.8826271374977003,0.7760365609753316,0.8807489904657014,0.9974724082317554,0.44284055424099317,0.3506213508306097,0.4402058479696886,0.5461935136071432,0.05048292023369383,0.034032244139452585,0.049324599021376425,0.07033819085801157,0.05954624657953812,0.03940758001072446,0.05823657356044834,0.08356940169447573,1.2982443555890155,1.1649478228686387,1.2959377261244187,1.4385785439554029,3.9855649881689383,3.1555921574754873,3.961852631727197,4.915741622464289,8.180939002257194,7.1039739885539905,8.155884518812876,9.365083195112243,3.7405549628218377,3.0668321448798714,3.7080254800573624,4.503317161954077,NA,NA,NA,NA,NA,NA,NA,NA,NA,NA,NA,NA
14857,Joe Mantiply,RP,NA,NA,0.8323959123200628,0.7131226840577483,0.829135005983931,0.9609693302197031,0.2708066432749316,0.2111734648798881,0.2684343258423938,0.33876678153615697,0.9836446424803752,0.849051609809102,0.9794553441027815,1.1309182844904115,0.43648621351164574,0.3330150650432168,0.4330442359032281,0.5524924921374976,0.05411689458417655,0.03648104309496719,0.052518911324530806,0.0772064541109826,0.09095465037786588,0.062151773138641904,0.08932294151204566,0.12620847986395176,1.2544512857553067,1.1072620993108624,1.251202417194401,1.4177308173085654,3.9283759216048115,2.997135585388951,3.897398123129053,4.972432429237479,7.491563210880566,6.4181041565197345,7.462215053855378,8.648723971977327,2.437259789474384,1.900561183918993,2.4159089325815444,3.0489010338254126,NA,NA,NA,NA,NA,NA,NA,NA,NA,NA,NA,NA
14874,Sam Moll,RP,CIN,35.7866,1.0239996860700549,0.8771647551489727,1.0202984116224059,1.181641840519076,0.42301432255718757,0.3344652009331215,0.4190417091708044,0.5234728776908132,0.8002816386836946,0.6769196289417203,0.7970237358492123,0.9349386100731101,0.3850693814440348,0.2854640250607233,0.3796908163111661,0.5007394100168593,0.058282708002567025,0.04001104696604578,0.05706242767292495,0.081641935846186,0.11103751801117126,0.07427423063777279,0.10862403064034118,0.1555395838267787,1.2232959612408822,1.0657035142885734,1.2194442080159127,1.396647565093541,3.465624432996313,2.56917622554651,3.417217346800495,4.506654690151733,9.215997174630495,7.894482796340755,9.182685704601653,10.634776564671684,3.807128903014688,3.0101868083980934,3.7713753825372396,4.711255899217319,36.645467165514624,31.390744226614228,36.51301113736639,42.28694388991997,2.085739958204665,1.431859333355094,2.042070274159896,2.9216873013531197,3.9736552420585816,2.65802218214172,3.8872847349136337,5.566232870575399
14975,Chad Kuhl,RP,NA,NA,0.8500634812676803,0.7187340776053343,0.846962354525589,0.9912797833072567,0.5356370157413541,0.419114089862492,0.5314582936000849,0.6631972381259714,1.1433070962195466,0.9829121731089575,1.1401270992164192,1.3170540071917682,0.7169577753331218,0.5512388403117368,0.7093610155118515,0.9047825120880316,0.03535521589736264,0.024535737145789473,0.03475936716779497,0.04814362293210033,0.05040488798611239,0.030025580578770122,0.04839406505976467,0.07752674861688848,1.6789441119609008,1.4825976579165998,1.674332118278493,1.8904340662741725,6.452619977998096,4.96114956280563,6.384249139606664,8.143042608792285,7.650571331409123,6.468606698448008,7.622661190730301,8.92151804976531,4.8207331416721875,3.772026808762428,4.7831246424007645,5.968775143133743,NA,NA,NA,NA,NA,NA,NA,NA,NA,NA,NA,NA
14986,Giovanny Gallegos,RP,NA,NA,0.9895682758212714,0.8450243119488466,0.9861828516401894,1.144139166839361,0.3517912919224251,0.2720701908856278,0.3479315455158674,0.4448739317100439,1.0521403859195793,0.897867979436169,1.0467639224829373,1.2263269865835114,0.575377714916128,0.4346662009233178,0.568848944330177,0.7395882878918617,0.04913833605275566,0.033167418271682896,0.04813326744303956,0.06915078736676022,0.14725292311085805,0.10297428644388892,0.14433450271041148,0.20065321178783338,1.4039316778420043,1.2274773107484511,1.396993556997972,1.602369545753416,5.178399434245152,3.9119958083098605,5.1196404989715925,6.6562945910267555,8.906114482391443,7.60521880753962,8.875645664761704,10.297252501554249,3.166121627301826,2.44863171797065,3.131383909642807,4.003865385390395,NA,NA,NA,NA,NA,NA,NA,NA,NA,NA,NA,NA
14993,Scott Barlow,RP,ATH,55.1363,1.081055801187302,0.9495072069804572,1.0785650192807337,1.2248797454727893,0.5164120280271318,0.4272666359129492,0.513557428172283,0.6194758429755081,0.8540015692036603,0.7496306949478175,0.8526849858973927,0.965438961413055,0.47512054991524405,0.37464360839851163,0.4706077577085589,0.5887369487906837,0.0561596820664561,0.03976390966938,0.0550461720273957,0.07568884675422946,0.10093820096565605,0.0756064744131839,0.0999404667793914,0.12930514948956234,1.370413597230792,1.2292006466403487,1.368239489226584,1.5196287442706156,4.276084949237196,3.371792475586605,4.23546981937703,5.298632539116154,9.729502210685718,8.545564862824115,9.707085173526604,11.023917709255104,4.647708252244186,3.845399723216543,4.622016853550547,5.575282586779572,59.605416971003436,52.35231421623658,59.468084472568314,67.53533711031135,3.0964370783207436,2.1924348527038364,3.0350422547540976,4.173202961295222,5.565358929902701,4.168661255187631,5.510347558488558,7.129407513801356
15009,Kyle Finnegan,RP,DET,62.0984,0.9380014669484315,0.8140737548081903,0.9345387994295298,1.072617485527527,0.3577371463235033,0.2880024892750296,0.35431172217033063,0.4368227909078854,0.8901126249000507,0.7713450296524186,0.8865431188192988,1.0186818631738044,0.40940283386395515,0.3153767508354975,0.40447643492051455,0.516218480796157,0.0638485058486432,0.043593939909193184,0.06248466078481006,0.08901020379570748,0.5363714789238317,0.405514333976691,0.5321141811557843,0.6875745952739153,1.247849771223554,1.1076188581952895,1.243983048925457,1.4012784551923692,3.6846255047755965,2.8383907575194773,3.640287914284631,4.645966327165413,8.4420132025358825,7.326663793273713,8.410849194865769,9.653557369747743,3.2196343169115296,2.592022403475266,3.1888054995329758,3.9314051181709684,58.24839029515047,50.55267765558092,58.03336418249471,66.60782966328259,3.9648900555913844,2.707113918057042,3.880197459279449,5.527391239387361,33.307810646803674,25.18179131701815,33.04343926708436,42.6972822471577
15042,Tim Mayza,RP,PHI,23.8073,0.8389250714469653,0.7240824436926092,0.8368426316894602,0.9618579416409702,0.31423296362169306,0.24779217002168302,0.3114792631501449,0.3910211287572834,1.016290714757362,0.8799443463955904,1.0110111648169764,1.1640545265849833,0.47193714601071785,0.36598114774796936,0.4665433812388152,0.594732288169573,0.05208930036687116,0.03670989893885032,0.05101625282534264,0.07115177644313146,0.12258904537420007,0.08589311842061226,0.12015565491729222,0.16818512180403392,1.3305236783790553,1.17809345309266,1.3266040583987024,1.4972584356210947,4.247434314096461,3.2938303297317244,4.198890431149337,5.352590593526157,7.5503256430226875,6.516741993233483,7.531583685205142,8.656721474768732,2.8280966725952377,2.230129530195147,2.8033133683513043,3.5191901588155505,19.972540853459336,17.238447961723057,19.922963585420487,22.89924057402907,1.2401056006242117,0.8739635770068913,1.2145592358887798,1.6939316873145638,2.9185141799371936,2.0448832381750424,2.860581723312451,4.0040336503251766
15043,Lou Trivino,RP,PHI,21.2113,0.838247028074615,0.7075020617655846,0.8355580045970069,0.9772396842765247,0.41389165768262376,0.3181151941673832,0.40986601352310925,0.519210186912985,1.0480452713676238,0.8993382364094088,1.0437253379034903,1.2125681558360684,0.5519618056429727,0.4234401248748038,0.5453523188739315,0.7061698687075308,0.04643285332040718,0.030744328158673038,0.04533050680607252,0.06621404090863994,0.08289421413428619,0.05193515754449173,0.0801417959468449,0.12282658493492729,1.4619369290502475,1.2856842604870962,1.4574479628608448,1.6519255517833549,4.967656250786755,3.810961123873234,4.908170869865383,6.355528818367778,7.544223252671536,6.367518555890261,7.520022041373062,8.795157158488722,3.725024919143614,2.863036747506449,3.6887941217079834,4.672891682216865,17.780309186599084,15.007038482728346,17.723271502908492,20.72852411509465,0.984901181635153,0.6521271678720615,0.9615189790156461,1.4044858859254346,1.7582940442665846,1.1016122072234775,1.6999116763673112,2.6053115410302232
15047,Austin Voth,RP,NA,NA,0.9002804140602609,0.7764042130805453,0.8974627663421977,1.034597679763802,0.34925467551726014,0.28053895092266373,0.34762830478313045,0.4240511266856327,0.9612401160884468,0.8278519640384758,0.9570171407951515,1.1064536464977197,0.469918991611814,0.35730789339367036,0.4643819768569728,0.5970303971809805,0.04863378064301949,0.03355169400567814,0.04761514546617246,0.06731246563970442,0.07589709755770352,0.0498301311421871,0.07424072746602683,0.10707423678667542,1.310494791605707,1.1558566343924128,1.307022825621417,1.476282178065278,4.229270924506326,3.215771040543033,4.179437791712755,5.373273574628825,8.102523726542348,6.987637917724908,8.07716489707978,9.311379117874218,3.143292079655341,2.5248505583039735,3.128654743048174,3.8164601401706943,NA,NA,NA,NA,NA,NA,NA,NA,NA,NA,NA,NA
15094,Rob Zastryzny,RP,MIL,44.196,0.9092763884255692,0.7299331588224864,0.9014368126058969,1.1154253219469266,0.4243955454128198,0.3045588245395288,0.41894180368196476,0.5655832468694816,0.8977353516295822,0.72177328083179,0.8911440005647698,1.0953821392135348,0.44780545031289554,0.3064789613282024,0.4398686442673736,0.6223563335774014,0.05662098383070477,0.0355071751116633,0.05438944577222937,0.08508719900713514,0.09618413174588893,0.048681727944388055,0.09012135058565769,0.16409119683447565,1.322130897042402,1.1015756591672652,1.3133602445625034,1.568339978644714,4.0302490528160595,2.7583106519538214,3.958817798406362,5.601207002196612,8.183487495830123,6.569398429402378,8.112931313453073,10.038827897522339,3.8195599087153784,2.7410294208557593,3.770476233137683,5.090249221825334,40.186379262856455,32.26012588731861,39.83990136993022,49.29733752876636,2.502421001381828,1.5692751112350711,2.403795945349449,3.7605138473193445,4.250953886641307,2.1515376482301742,3.983003210483727,7.2521745352964855
15145,Justin Topa,RP,MIN,62.6793,0.7779167779951078,0.6564052787177284,0.7739035369750841,0.9134119139907839,0.2841279081494329,0.2165528846773615,0.2804991609089031,0.3622943400446291,1.0394313387982081,0.888021311202883,1.0340145122157884,1.2095267868389568,0.4707197021719996,0.35308421743987073,0.46469453830740437,0.6068461262900431,0.04695764454797297,0.029147819893833856,0.045503132849708784,0.06912169103090807,0.2011245504856961,0.1319167841036267,0.19705667091014553,0.2839618529662795,1.323559246947641,1.1574575990804992,1.3191100441019996,1.5070719117404896,4.236477319547997,3.1777579569588363,4.1822508447666396,5.461615136610388,7.00125100195597,5.907647508459555,6.965131832775756,8.220707225917055,2.557151173344896,1.9489759620962535,2.5244924481801276,3.2606490604016622,48.759279102988764,41.14302338633211,48.50773196512239,57.25201938060254,2.9432722899157624,1.8269649474715803,2.8521045148267516,4.332499208633596,12.606346037258092,8.268451685866449,12.351374192978284,17.798530170629324
15256,Cole Sulser,RP,TBR,50.0313,0.9465413811651735,0.7701303098349637,0.9402168643825268,1.1423176564417694,0.3836120023271268,0.2803793363119736,0.37847591192203955,0.5008359667038218,0.8747558744071344,0.703531628511852,0.8688236187547929,1.0688387365981433,0.4234791090083657,0.2863733883349004,0.4154743154958541,0.5903266720493783,0.05878126056848809,0.03403765396669809,0.05604790540017662,0.09255698538900958,0.07805739738435905,0.038192345679669025,0.07220897317365783,0.13663304649855507,1.2583678767342612,1.0465787846312333,1.2535448932307038,1.490466832634343,3.8113119810752916,2.5773604950141036,3.739268839462687,5.312940048444404,8.518872430486562,6.931172788514673,8.461951779442742,10.280858907975924,3.452508020944141,2.5234140268077625,3.406283207298356,4.507523700334396,47.356695803489146,38.53062057044602,47.04027200698152,57.1516373647351,2.9409028818801985,1.7029480769040621,2.8041495694478566,4.630746303093155,3.905313065756083,1.910812704403225,3.612708799543227,6.835928939283158
15288,Adam Cimber,RP,NA,NA,0.7245062370104379,0.6149404930945024,0.7198678239734594,0.8455439798943809,0.3120297048844995,0.2400333880345348,0.3082700682219436,0.3960295172836287,1.0844632386743664,0.92642844702014715,1.0794973477288194,1.255638024400589,0.5208472566623745,0.39419030233366376,0.5133943009793175,0.6752672620969693,0.05724809162393704,0.03813746240966597,0.05553890982026017,0.0815768849955745,0.09893914172934747,0.0649725771491151,0.09618266780663556,0.14175643414962885,1.396492943558866,1.219259594629341,1.391656914203682,1.5838720800234034,4.687625309961371,3.547712721002974,4.620548708813858,6.077405358872724,6.520556133093941,5.534464437850522,6.478810415761134,7.609895819049428,2.8082673439604955,2.1603004923108133,2.774430613997492,3.564265655552658,NA,NA,NA,NA,NA,NA,NA,NA,NA,NA,NA,NA
15507,Hunter Harvey,RP,CHC,52.9851,1.020165399852955,0.8838049920263948,1.0163967542662986,1.170317359627427,0.314629062911228,0.24938605296282337,0.3126891674536074,0.3870077784071978,0.8614180068408417,0.7507541912894328,0.8593878438998228,0.9841859252518769,0.37679184122409415,0.29701781614729694,0.37299420050624743,0.46993548150143877,0.059519244565904454,0.04442886631455301,0.058994364023040695,0.07618621633744634,0.4598208629196544,0.34269129683069144,0.45453757156155383,0.6009924821957514,1.1760470697520697,1.0405852296661946,1.173560517992811,1.3184019994093432,3.3911265710168474,2.6731603453256723,3.356947804556227,4.229419333512949,9.181488598676594,7.954244928237554,9.147570788396688,10.532856236646843,2.831661566201052,2.2444744766654106,2.8142025070824666,3.4830700056647803,54.053565727748804,46.82849588301774,53.85388366447526,62.009382331595184,3.1536331252489043,2.354067924563223,3.1258222771972135,4.036734291261228,24.363654403884183,18.15753263170387,24.08371868294609,31.84364676839011
15541,Tyler Rogers,RP,TOR,70.471,0.6711668605734264,0.5778687188136209,0.6690061679215902,0.7729565013815076,0.16569562692915135,0.12779223299867154,0.16437992336093094,0.2076868365903416,0.9085617377339501,0.791182318924062,0.9060981846236043,1.0353220007468207,0.2916871173458075,0.22503217944482617,0.28843688469494866,0.3687967355992331,0.05835604609780325,0.03876091828051654,0.0571419286875523,0.08231043289399949,0.3999997079946998,0.3074741627698732,0.394977081911847,0.5090568976113653,1.0742573646631015,0.950567563030571,1.0720352682730718,1.2112627535998821,2.6251840561122672,2.0252896150034356,2.595931962254538,3.319170620393098,6.040501745160838,5.200818469322588,6.021055511294311,6.956608512433569,1.4912606423623622,1.150130096988044,1.4794193102483784,1.8691815293130745,47.29779983146994,40.72298648351468,47.145533659602386,54.47101760885623,4.112408924558293,2.731520672146281,4.026848856540498,5.800498516473038,28.188379422094492,21.668011724555736,27.83442993940977,35.87374863157053
15551,Mark Leiter Jr.,RP,ATH,65.0618,1.1728371439370235,1.015880205918911,1.1671534026047576,1.3428045852007164,0.37739983097427077,0.29958169995371564,0.375734700825065,0.46185001911138784,0.8661121157797135,0.7551509571436529,0.8630116288450753,0.9865885930571454,0.44428050941352376,0.3442690106596784,0.44163126278383674,0.5544995530368108,0.06277175497632226,0.0405486967325883,0.060839892580557435,0.09091028152468322,0.3554660480931399,0.25749503823121295,0.3503887274829745,0.47681543220729133,1.2435119467539841,1.1071363631054432,1.2407383998525747,1.3868640271240456,3.998524584721714,3.0984210959371055,3.9746813650545305,4.990495977331297,10.555534295433212,9.142921853270199,10.504380623442819,12.085241266806449,3.396598478768437,2.696235299583441,3.381612307425585,4.15665017200249,76.30689569140185,66.094994781455,75.93710124959023,87.36528336141198,4.0840433679184835,2.6381711970763133,3.958352923097712,5.914786554502635,23.127260927826253,16.753090678391533,22.79692130975179,31.02247028718435
15552,Chad Green,RP,NA,40.9553,0.9123030279413699,0.7688295441584406,0.9081753913481885,1.064042265875718,0.29229912249800605,0.22316393059804834,0.2887010783178603,0.3729451564761924,1.0033995253460732,0.8637653603379855,1.0000422790289805,1.1602315220005657,0.5057099581469646,0.38576894960631214,0.49914652124423425,0.6450578651971492,0.05497214131503381,0.03389655519706462,0.05310625379224096,0.08259909059732416,0.13306547842411828,0.09061152970355074,0.13040872229687428,0.18532965972603882,1.2956986478440793,1.1392342054670124,1.291511981253754,1.467245467153942,4.551389623322682,3.4719205464568095,4.492318691198109,5.805520786774343,8.21072725147233,6.919465897425965,8.173578522133695,9.576380392881463,2.6306921024820547,2.008475375382435,2.5983097048607426,3.356506408285732,37.36364420024719,31.487644629872186,37.194595605282466,43.5781702116198,2.251400539199604,1.3882435870623409,2.1749825559373663,3.3828705351405906,5.449736588503292,3.711022382467832,5.340928344285175,7.590231812977838
15734,Brad Keller,RP,PHI,65.5553,0.9843223679781449,0.8467254724003046,0.9821875175391316,1.132205118471383,0.3466706417456606,0.2758473753083023,0.34377359570156485,0.42904021658960123,0.8504237169094409,0.754596852656438,0.847363338943926,0.9549985083211529,0.3849099219497145,0.31203889724227923,0.3827469431397611,0.4668164515546556,0.05958413073765386,0.04530917672786276,0.05886744188720275,0.07583420643705048,0.39686604714972795,0.29427788544309125,0.392214451542923,0.5128065278412778,1.1970943586551015,1.0767644373147849,1.194968157320539,1.3244108372817194,3.4641892975474304,2.8083500751805133,3.4447224882578498,4.201348063991901,8.858901311803304,7.620529251602742,8.839687657852185,10.189846066242447,3.1200357757109454,2.4826263777747206,3.093962361314084,3.861361949306411,64.52754812951768,55.50734236084369,64.38759736853304,74.22204620292706,3.9060555657461205,2.9702566731480617,3.8590728131481424,4.9713341532427755,26.01667278071456,19.29147506358748,25.71173603523178,33.61718577459332
15761,Joe Jiménez,RP,ATL,32.014,1.1173411395809203,0.9840124913501039,1.1141701234370354,1.261619415522158,0.34494187129303494,0.28070343390183405,0.3420764578267524,0.41555805056270956,0.8207727856225505,0.7316436347916357,0.818507925335223,0.9164005923716818,0.3835895361545157,0.313772011850413,0.38044949001118245,0.46410373679999395,0.05420663124119829,0.04159659685589191,0.053724313096063,0.06880778544062499,0.09874069623743331,0.07586622455935114,0.09770041820753288,0.12522893313650957,1.1657146569155854,1.0551723856641626,1.164524360344792,1.283827772068079,3.452305825390641,2.8239481066537166,3.424045410100642,4.176933631199946,10.056070256228283,8.856112422150936,10.027531110933317,11.354574739699423,3.1044768416373145,2.5263309051165064,3.0786881204407717,3.740022455064386,35.770559242543584,31.502175898082232,35.66904233171325,40.38948396852637,1.7353710925557222,1.331673451744524,1.719930159457361,2.202812443096169,3.1610846493451903,2.4287813130430678,3.1277811884959577,4.009079065432218
15816,Devin Williams,RP,NYM,65.1753,1.3445087263631719,1.1756044478413499,1.340840914747477,1.5270314276700039,0.4812591988490631,0.3903266154962709,0.47753146107215944,0.5821859923758537,0.7396362562723353,0.6395406332262598,0.736864568184383,0.8475398119427524,0.3851665355121953,0.29941711925011844,0.38117460249341495,0.48259056383001414,0.06415596075545264,0.046799998304837824,0.06313534845437399,0.08480162012186133,0.548288956518574,0.4219670706385761,0.5434310275945444,0.696868911438835,1.2208954551213984,1.080986993512328,1.2167547749356822,1.3775126439318977,3.466498819609758,2.6947540732510658,3.4305714224407344,4.343315074470127,12.100578537268547,10.580440030572149,12.067568232727293,13.743282849030034,4.331332789641568,3.512939539466438,4.297783149649435,5.239673931382683,87.62875959333762,76.62037256939432,87.38970887094122,99.5247314078208,4.1813839890248525,3.0502039295172962,4.114865276118361,5.5269710319283485,35.73489722778501,27.501830418990384,35.41828025278271,45.418640363699495
15947,Ryne Stanek,RP,STL,59.4819,1.0168322700858186,0.8815555096240881,1.0142901237506776,1.1581158466427381,0.5249476008194045,0.42983949097962115,0.5215383251317514,0.6326838709887456,0.9561906905081751,0.837058198014941,0.954466969412275,1.0800941470030434,0.5645001950125244,0.4485888256047746,0.5605049061639327,0.6918423131523567,0.05550864603411954,0.03833418026762057,0.05411213048521801,0.07795257164875156,0.09047909584781318,0.06543204555595022,0.0891417940516975,0.11952238522157949,1.4811382913275795,1.3282594055341537,1.4793397608116372,1.6407591459797357,5.080501755112719,4.037299430442971,5.0445441554753945,6.22658081837121,9.151490430772366,7.933999586616793,9.128611113756099,10.423042619784644,4.72452840737464,3.8685554188165905,4.693844926185762,5.69415483889871,60.48311540601765,52.43659666790905,60.331903711925435,68.88693097841869,3.3017597325368953,2.2801898772605798,3.2186923343086895,4.636767071553876,5.3818685313100385,3.8920223905544757,5.302323279603666,7.1094185655114694
16061,Cam Booser,RP,NA,NA,1.0356586508379295,0.864013962539331,1.0292131557410342,1.2230782595290468,0.464286726951896,0.3503696723092321,0.4594878481786122,0.5996494197705703,0.930482199544216,0.7791851583089677,0.923880610492626,1.104011869475504,0.5081749481673018,0.3678637277333273,0.5013277880241547,0.6733392018849379,0.05522900930299707,0.03515844628869511,0.053542756686293935,0.08045875719467023,0.1673299105743602,0.0984899345378183,0.16058883636211302,0.25661704754663117,1.3947689264961118,1.203941673873673,1.3881006100352962,1.6209006831393553,4.573574533505716,3.3107735495999457,4.511950092217392,6.060052816964441,9.320927857541365,7.776125662853979,9.262918401669308,11.00770433576142,4.1785805425670635,3.153327050783089,4.13539063360751,5.396844777935133,NA,NA,NA,NA,NA,NA,NA,NA,NA,NA,NA,NA
16122,Jordan Romano,RP,LAA,53.5957,0.976959323463686,0.8346617374931987,0.9707663984681739,1.1375165800063163,0.45371528346752926,0.35354158016207643,0.4474267186914267,0.5735028452087252,1.101590685914856,0.9345424352465808,1.0943255335841187,1.2937986504216328,0.6644477736130217,0.49095084069281464,0.6539847221065228,0.8733983087900122,0.04686311479907584,0.030773744289718293,0.045837448588935806,0.06616926483110033,0.12053062098930031,0.08296965680185417,0.11819098253499186,0.16687950331690468,1.5553059693823854,1.3559824478101432,1.5492698026289644,1.7846526707541608,5.980029962517195,4.418557566235331,5.885862498958705,7.86058477911011,8.792633911173173,7.511955637438788,8.736897586213566,10.237649220056847,4.083437551207763,3.181874221458688,4.02684046822284,5.161525606878527,52.36081881256268,44.73428008416423,52.02890466238071,60.96599736704453,2.511661441836829,1.6493403668284548,2.456690143338027,3.546388067108204,6.459923003356243,4.446816835055135,6.334528442650663,8.944023795921828
16128,John Curtiss,RP,NA,NA,0.8159536088745685,0.6698914788180053,0.8104657573328846,0.978891856894865,0.2438969346685346,0.17576770255633062,0.23968015425486688,0.3237977247138448,0.9624840908173723,0.7994019186935444,0.9571710077907647,1.144833432173254,0.4062402104684376,0.2903477450432401,0.4006049214407813,0.5435044850377839,0.05744348454626422,0.03842007660447886,0.05583515935931141,0.08187007739360501,0.09720274092864639,0.05420462659174137,0.09254784770900476,0.15536417828335886,1.2063810254859069,1.0234178439763089,1.199002012786854,1.4060173894401033,3.6561618942159386,2.613129705389161,3.605444292967032,4.891540365340055,7.343582479871117,6.0290233093620476,7.294191815995962,8.810026712053785,2.1950724120168115,1.5819093230069756,2.157121388293802,2.9141795224246034,NA,NA,NA,NA,NA,NA,NA,NA,NA,NA,NA,NA
16201,Justin Anderson,RP,NA,NA,0.9666635265903895,0.8148442459771182,0.9599850770190625,1.1317417571720962,0.5464129436047357,0.4236336117361347,0.5411725027934177,0.6853990491230376,0.9734910844677453,0.8320560269560965,0.9703169767943878,1.1288303276388292,0.5722606150003066,0.43902915422615474,0.5666521984349839,0.7313813250536012,0.04215205900840701,0.02934042132195424,0.041304565034045115,0.05809070305719787,0.05351285655556151,0.03422739959280657,0.05218138773814644,0.0767256782013017,1.519904028072481,1.327753329609467,1.5185573572207978,1.7222887778991285,5.150345535002759,3.9512623880353925,5.099869785914855,6.58243192548241,8.699971739313504,7.3335982137940645,8.639865693171563,10.185675814548866,4.917716492442621,3.812702505625212,4.870552525140759,6.1685914421073385,NA,NA,NA,NA,NA,NA,NA,NA,NA,NA,NA,NA
16258,Aaron Bummer,RP,ATL,60.5525,1.0094502480411827,0.8789302241451443,1.0057591840873692,1.151210454401442,0.4269690877581937,0.34373235414254955,0.4252728645670488,0.5176331328373184,0.9936709828676499,0.875030694707843,0.9906552302825593,1.1213684558495203,0.5450220853078305,0.4373239239188217,0.5413374472661125,0.6684163343517149,0.051141445831078554,0.03667172615472984,0.05015342759505622,0.06846389045566886,0.07195548895702278,0.04872274780821389,0.07067178197879959,0.1000744982207841,1.4206400706258435,1.2773378545780256,1.4167005657209395,1.575495371288394,4.905198767770474,3.935915315269395,4.872037025395013,6.015747009165434,9.085052232370645,7.910372017306299,9.051832656786322,10.360894089612978,3.8427217898237434,3.093591187282946,3.8274557811034393,4.658698195535865,61.12473614451372,53.22142239754886,60.901232994450424,69.70867104014333,3.0967423986863842,2.220564697984279,3.0369154244496417,4.145659726816889,4.3570847450701216,2.9502841866568716,4.279353078271262,6.05976105351403
16269,John Means,RP,NA,NA,0.7914320895553096,0.645272153085056,0.7849677741505339,0.9543957351551052,0.23992647211549542,0.17032161789462041,0.2352741626103168,0.3242386401436898,0.9136014827924505,0.7501671727310885,0.9089241945214208,1.0916847417436113,0.36709487978171546,0.26378961022999486,0.36155880185836164,0.4930050481022893,0.05832379459261465,0.03964507747076848,0.057036726673380736,0.08178516669053003,0.07766145348645147,0.04382707275839507,0.07386915783530182,0.1238233173494469,1.1535279549079458,0.973341457380089,1.1503056752179697,1.3456216413737434,3.303853918035439,2.374106492069954,3.2540292167252547,4.437045432920604,7.122888805997786,5.807449377765504,7.064709967354805,8.589561616395947,2.159338249039459,1.5328945610515836,2.117467463492851,2.9181477612932083,NA,NA,NA,NA,NA,NA,NA,NA,NA,NA,NA,NA
16300,Jesus Tinoco,RP,NA,NA,1.0440983848952596,0.8805020466547004,1.0392685179965868,1.2270305822768675,0.37350738516739707,0.28629592055483605,0.3694671298937745,0.47718053195711496,0.7842358249358722,0.6748918465673666,0.7816069820407513,0.906091019126348,0.34592032026250746,0.2662627844027201,0.3412891989583663,0.43709329189863944,0.06399743547397917,0.04659752222297262,0.06306965994741222,0.0835861407674707,0.15171558490521042,0.09867761229129503,0.14795297492523718,0.21976903224868366,1.1577432101032692,1.0140174992299074,1.1519756404754755,1.3182246879941655,3.1132828823625673,2.3963650596244808,3.0716027906252967,3.933839627087755,9.396885464057338,7.924518419892304,9.35341666196928,11.043275240491807,3.3615664665065736,2.5766632849935243,3.3252041690439706,4.294624787614035,NA,NA,NA,NA,NA,NA,NA,NA,NA,NA,NA,NA
16350,Ryan Borucki,RP,CHW,15.8109,0.9284548209373668,0.779462589031874,0.9235193951572187,1.0908969834071083,0.3441185481553342,0.2602054123259549,0.33949837611168776,0.4424717319928595,0.8684420987714708,0.7266696596632566,0.8628340849803597,1.024264884736784,0.3876874227773134,0.2831914454575711,0.3816276067414906,0.5103045647484394,0.06101983932271474,0.04257474810852147,0.05949702680031692,0.08364874381708336,0.14741831208431108,0.08935016149722146,0.1421985977915049,0.22267968023316195,1.212560646926805,1.037883945040756,1.2059006224634488,1.4004202807665072,3.4891868049958203,2.54872300911814,3.4346484606734156,4.592741082735955,8.356093388436301,7.015163301286867,8.311674556414967,9.818072850663974,3.097066933398008,2.341848710933594,3.05548538500519,3.9822455879357355,14.679706328358613,12.324005048924057,14.601672804891269,17.24806311495145,0.9647785775475105,0.6731450848690221,0.9407015410371308,1.3225619236175232,2.330816190533834,1.4127064684164188,2.2482878098217047,3.5207661561985004
16408,Victor González,RP,NA,NA,0.8889166115213705,0.754710499219157,0.8847644451035306,1.0361007352682163,0.3757885373928311,0.29438979197306836,0.3730557724185114,0.46878881074193185,0.8986579313910144,0.779206951909208,0.8955993370074007,1.0287776727464284,0.40986593528387655,0.3216200479131159,0.4057890383811098,0.5132237715838412,0.05812709422470381,0.04378405505809253,0.05732457966834252,0.075276779662034915,0.11411677099152243,0.07751171588965826,0.11095460464504499,0.16094637931233538,1.2744464687838455,1.1269453845719262,1.2707319914413753,1.4380575236881346,3.688793417554889,2.894580431218043,3.652101345429988,4.619013944254571,8.000249503692334,6.792394492972413,7.962880005931775,9.324906617413948,3.3820968365354798,2.649508127757615,3.3575019517666025,4.219099296677387,NA,NA,NA,NA,NA,NA,NA,NA,NA,NA,NA,NA
16427,Scott Blewett,RP,STL,20.0033,0.8524281074547276,0.715294288456986,0.8471217701962432,1.0062145444721708,0.38372077442649405,0.2953226800020153,0.3790969607857836,0.48808721711270964,1.0167039832477063,0.8759740556597767,1.0115348771145891,1.173737668026907,0.5208004437814102,0.406155812074732,0.513523195310237,0.6619915276516163,0.046125017755620334,0.03383038173488471,0.04562428232215907,0.06001973172985328,0.06346759205107612,0.040413791576389,0.0617134712972863,0.09286520088882,1.4004247576742002,1.2314321008132791,1.3947299942076588,1.5846994596936659,4.687203994032692,3.655402308672588,4.621708757792133,5.9579237488645465,7.671852967092549,6.437648596112874,7.624095931766189,9.055930900249537,3.4534869698384463,2.6579041200181375,3.411872647072052,4.392784954014386,17.05137516184915,14.308246240291627,16.94523090576651,20.127611397440173,0.9226525676710002,0.6767192749574192,0.9126362065748446,1.2005926997117742,1.2695612840752908,0.808409197039982,1.234473080401007,1.857610472939333
16466,Brent Honeywell,RP,NA,NA,0.8007307658706019,0.6767375436061911,0.7969614227352353,0.9361169365680938,0.35204674281002346,0.2714925702016387,0.34983588248285785,0.4401022448044466,0.9929520098935701,0.8570655831415015,0.9903856341260835,1.141872671976642,0.46884171168464334,0.36327527966551265,0.4633828364482424,0.5910553126619135,0.049197260197469166,0.03638932712434332,0.048590496499314025,0.06428743832836192,0.07626935124251433,0.050021886880741835,0.07387985309918954,0.11087392959518493,1.3449987527035936,1.1845486056077443,1.341921482371578,1.5181412558972485,4.21957540516179,3.269477516989614,4.170445528034182,5.319497813957221,7.206576892835417,6.09063789245572,7.172652804617117,8.425052429112844,3.168420685290211,2.443433131814748,3.148522942345721,3.9609202032400193,NA,NA,NA,NA,NA,NA,NA,NA,NA,NA,NA,NA
16507,Dan Altavilla,RP,MIN,30.5949,0.9617023623600973,0.7764308585010672,0.9548977222074717,1.1632991423748091,0.44038218843088656,0.3195659728745776,0.43419242020947035,0.5835916959241882,0.8518773928230922,0.6922627862342589,0.8457988668798789,1.034508625841287,0.4170443453381466,0.2924491837566059,0.4096262541488186,0.5727784176378188,0.05303440060178853,0.03409321693219706,0.051649887982596634,0.07626855275856888,0.1081656750829975,0.05711194096270362,0.10249817073031721,0.17829176112002004,1.2922595812539788,1.0817076382440325,1.2850818334720393,1.5267940448961694,3.7533991080433196,2.632042653809453,3.6866362873393674,5.155005758740369,8.655321261240875,6.987877726509605,8.594079499867245,10.469692281373282,3.963439695877979,2.8760937558711985,3.907731781885233,5.252325263317694,29.42318760617094,23.7548244727543,29.215000321165377,35.59102093104305,1.6225821829716598,1.0430785627188757,1.5802231578387458,2.3334287447931388,3.3093180125968003,1.747334122559821,3.135921283676982,5.454818602290901
16587,Erik Swanson,RP,NA,NA,1.0814034719867371,0.935460439203902,1.075950244200893,1.245406156650482,0.30506604136721127,0.242212175904801,0.3024102183612164,0.3760149034996646,0.7986028573479257,0.6961439981126901,0.7959927655908713,0.9109970640157778,0.3409862759742644,0.267969960898949,0.33853639324519325,0.4244066053475475,0.06495094210041091,0.04802664645924948,0.06400763370801611,0.08532395328896801,0.16538041779469706,0.11871582755099314,0.16145721439464822,0.22431795853514175,1.1036688987151368,0.9780750821516605,1.1016872008540881,1.2356628659447633,3.0688764837683795,2.4117296480905406,3.046827539206739,3.8196594481279273,9.732631247880635,8.419143952835118,9.683552197808037,11.208655409854337,2.745594372304901,2.179909583143209,2.7216919652509475,3.3841341314969813,NA,NA,NA,NA,NA,NA,NA,NA,NA,NA,NA,NA
16609,Bryan Abreu,RP,HOU,68.1807,1.3522311151963005,1.1977384323686842,1.3464526026890407,1.5241994859472938,0.4038571195786727,0.33555930523410804,0.40178600502074313,0.48065934018103146,0.6840170001510791,0.6098093037489865,0.6828495877601097,0.7639645483203451,0.3117664269571529,0.2541567182731947,0.3101293488693013,0.3767198411251877,0.0668687787127531,0.05170946928467005,0.06616840199524326,0.08413595095915871,0.5140664408640354,0.39986938769489305,0.5099174907867023,0.641817928658081,1.087874119729752,0.9851547048892212,1.0846725435419518,1.1983329671940395,2.805897842614376,2.2874104644587523,2.791164139823712,3.3904785701266893,12.170080036766704,10.779645891318157,12.118073424201366,13.717795373525645,3.6347140762080543,3.0200337471069725,3.6160740451866884,4.325934061629283,92.1960639958644,81.66264473579955,91.80208096816068,103.92098789152666,4.559160140780605,3.5255878124573035,4.5114079659170825,5.736448031561112,35.04940978461854,27.263374761609196,34.76653146408092,43.759595648458024
16647,Ryan Thompson,RP,ARI,63.2282,0.8230646239052227,0.7022662334727507,0.821381695355208,0.9551295440191296,0.27590297572886147,0.21584397533057278,0.2728070054622539,0.34566281045224023,0.9580812342714202,0.8220750313802978,0.9553074827561858,1.1024459399974655,0.41290540016830446,0.3120089470076487,0.40939166366231033,0.5298646785828547,0.06219164393394481,0.04214998863838277,0.06041115773124443,0.08840555425119184,0.4057283199765146,0.2914873827797813,0.4005024084114831,0.5369739664787289,1.2339842100002818,1.0797695562922005,1.2319691947274745,1.3950765958421907,3.7161486015147402,2.8080805230688384,3.684524972960793,4.768782107245692,7.407581615147005,6.320396101254756,7.392435258196872,8.596165896172167,2.4831267815597533,1.942595777975155,2.455263049160285,3.110965294070162,52.040894653204205,44.40302986326178,51.93448611025816,60.39112183515034,3.932265700984249,2.6650679116253935,3.8196887632626693,5.589724065305208,25.65347136113906,18.43022253587657,25.323046379522935,33.951897347310364
16727,Brock Stewart,RP,LAD,26.2494,1.1591233434458712,0.9626366233250874,1.1510874512653448,1.3794624369763393,0.3214919009765858,0.23288549193599506,0.3177576168452817,0.42358798993257596,0.6706795561607563,0.5527375872410863,0.6663946046198388,0.8010114009578272,0.2668748172800372,0.18924743925869858,0.2617114931000019,0.3625356824096775,0.07673098527669871,0.04841074507010687,0.07396989561368272,0.11400427909515257,0.14961140522328498,0.0988272594236209,0.14604324918026235,0.21372598524443615,0.992171457137342,0.8382922696141349,0.9870787946236146,1.1625689393322902,2.4018733555203347,1.7032269533282873,2.355403437900017,3.2628211416870974,10.432110091012841,8.663729609925786,10.359787061388104,12.415161932787054,2.8934271087892722,2.0959694274239555,2.8598185516075354,3.8122919093931835,30.426292291448053,25.26863378030955,30.215354943244545,36.210061293166724,2.014142324922175,1.2707530116432633,1.9416653779218034,2.992543923680298,3.927209620268097,2.5941562635143947,3.8335476650323788,5.6101788770753025
16814,Tim Hill,RP,NYY,65.6811,0.572693719671765,0.4826895784168337,0.572142255891672,0.6676730464844091,0.27200768235081607,0.21354594094175428,0.27012755882972683,0.33684435924461914,1.097501913338061,0.9627049621912591,1.0941187472311196,1.2457078035365379,0.4645421464597787,0.36688155159513547,0.46085175531615996,0.5750529601059678,0.04666393551668516,0.02909876568735942,0.045216614292950895,0.06832641728162452,0.07060368217735899,0.0486187066016774,0.06920200639696088,0.09749775424733316,1.369509595688877,1.2220750766490633,1.3659993674135729,1.5278445240362375,4.180879318138008,3.3019339643562193,4.147665797845439,5.17547664095371,5.154243477045885,4.344206205751503,5.149280303025048,6.009057418359681,2.4480691411573448,1.9219134684757884,2.4311480294675416,3.031599233201572,37.61515347113316,31.703582468953897,37.5789327234465,43.85350013344712,3.0649386150649494,1.9112389389880229,2.969876965036737,4.487754246116108,4.637327509459333,3.1933301301754335,4.5452639023594275,6.403759746494514
16835,Brennan Bernardino,RP,COL,57.0675,0.9626782567222849,0.8248460114642875,0.9602172342329433,1.1107895646997061,0.4103113976913407,0.32676183191597963,0.40773819891111196,0.501790243453082,0.8796260738392597,0.7517246801924686,0.87534994685067,1.0207702700913235,0.4382000218071318,0.3312875247680027,0.43245632206898554,0.5643212247744634,0.056584063301298414,0.03784897536545756,0.05496414196255157,0.08010688936676172,0.08068418268920921,0.051341305491076274,0.07816396236271198,0.11796292166349683,1.2899374715306005,1.1317114019278958,1.2863700761712211,1.459777015723854,3.943800196264186,2.9815877229120247,3.89210689862087,5.078891022970171,8.664104310500564,7.423614103178587,8.64195510809649,9.997106082297355,3.6928025792220662,2.9408564872438165,3.6696437902000074,4.516112191077738,54.937641415498994,47.07189975923823,54.79719701458849,63.38998348350048,3.2291110324468475,2.1599464016682495,3.136666171447912,4.571499908937675,4.604444595616447,2.9299199511119953,4.460621922134066,6.731849032031605
16866,Reed Garrett,RP,NA,NA,1.199166962303793,1.0266580943739814,1.1926113173475699,1.3902085439474121,0.4766540131892003,0.3781767754851908,0.47208139859069986,0.5887394264352719,0.8278397970909712,0.7101422997427277,0.8234522167930671,0.9609834400221429,0.4448915680163731,0.3374154521609499,0.4400899879635433,0.5698140550112335,0.06193725929809019,0.042523124464464275,0.060288073089602684,0.08630828976132536,0.11846132171452248,0.08355694827942155,0.11661537625681216,0.15942362753840822,1.3044938102801715,1.1446341381532763,1.2994745812746205,1.47966605452446,4.004024112147357,3.0367390694485494,3.96080989167189,5.128326495101102,10.792502660734137,9.239922849365833,10.733501856128129,12.51187689552671,4.289886118702803,3.403590979366717,4.248732587316299,5.2986548379174465,NA,NA,NA,NA,NA,NA,NA,NA,NA,NA,NA,NA
16918,Luke Weaver,RP,NYM,68.6394,1.1908369011855917,1.031833374057292,1.1864505503682472,1.3621114046145544,0.31996635952104474,0.25401909513075654,0.318016951617237,0.3940521911584685,0.705641367761573,0.6091022547525258,0.7029955719128006,0.8095995031788408,0.2985340517283601,0.22793455558253656,0.29535291123351315,0.37901479701125734,0.07160778420324636,0.05076241790127186,0.07006248229045206,0.09817423712778728,0.4624460143495318,0.3401096512716753,0.4556926541236971,0.60547948034836,1.0256077272826178,0.9027039679648275,1.0233599229741503,1.156193684553891,2.6868064655552413,2.051411000242829,2.658176201101618,3.411133173101316,10.717532110670325,9.286500366515629,10.678054953314225,12.259002641530989,2.879697235689403,2.286171856176809,2.862152564555133,3.5464697204262166,81.7383303952383,70.82442369526808,81.43725390694627,93.49450954590024,4.915115343040307,3.4843019072925596,4.809046746927255,6.738620731909042,31.74201695734325,23.34492239749703,31.27847036345809,41.559748243423215
16929,Touki Toussaint,RP,NA,NA,0.9538635437485605,0.7951897143953033,0.949195688031026,1.127597545670689,0.590345589378735,0.463244179514982,0.5844888121593166,0.7442303493416593,1.0204408531033664,0.8772239797106602,1.0161959289100742,1.1776577557909522,0.6212778352044773,0.4794567288693204,0.6150979771906704,0.7855777051217291,0.041880882339366536,0.030675117310312416,0.04132550903270577,0.05519689804744832,0.06194188464010732,0.03913826474395325,0.060069688821685105,0.09044710742121884,1.6107864424821015,1.4145044663017794,1.6081034925037552,1.8271001136427176,5.591500516840296,4.315110559823884,5.535881794716033,7.070199346095562,8.584771893737045,7.15670742955773,8.542761192279235,10.148377911036201,5.313110304408616,4.169197615634838,5.260399309433849,6.698073144074934,NA,NA,NA,NA,NA,NA,NA,NA,NA,NA,NA,NA
16990,Tanner Banks,RP,PHI,61.8013,0.8841795953343924,0.763130571019919,0.8809645870334732,1.0151936716648955,0.2742207653796882,0.21656155119727044,0.27177830585686436,0.33744602281946817,0.9053006015349241,0.7836648332970167,0.9026312663215169,1.03455141193542,0.4016726584476382,0.31028664205515116,0.39718617980864934,0.5068396072939304,0.05199788487887337,0.03465015933191454,0.05064687327203298,0.07431104253835301,0.049224898546422396,0.032393759776174536,0.048221803777991644,0.06993835965592948,1.1795213669146123,1.0439301727481305,1.1780726059735729,1.3182756949603498,3.615053926028744,2.7925797784963606,3.574675618277844,4.561556465645373,7.957616358009531,6.868175139179271,7.928681283301259,9.13674304498406,2.467986888417194,1.949053960775434,2.4460047527117794,3.0370142053752134,54.64344842513938,47.16246135877332,54.44475673263179,62.7402886606637,3.213536882764717,2.1414248919194496,3.1300426091468916,4.592519033225516,3.0421627225370145,2.0019764660552952,2.9801701618247947,4.322281546603994
17034,Sean Reid-Foley,RP,NA,NA,1.1354304798856933,0.9368602194856758,1.1296678966868194,1.3541342390389062,0.4375237919368724,0.33054554464675673,0.43203117796062973,0.5633382720779238,0.7973977817067107,0.6785118667510497,0.793695457172808,0.9265916797072175,0.39062068821121365,0.2994117182101095,0.3848346876410815,0.49959589248469866,0.05908040767890561,0.043718914592408495,0.05826120343228211,0.07741181587600314,0.11869101178123148,0.07409580553002812,0.11383815502617736,0.1753760037161949,1.2349215736435832,1.0681517286986173,1.2313939829988616,1.4122841335036922,3.5155861939009228,2.694705463890985,3.4635121887697333,4.496363032362288,10.21887431897124,8.431741975371082,10.167011070181374,12.187208151350156,3.9377141274318515,2.9749099018208107,3.8882806016456675,5.070044448701314,NA,NA,NA,NA,NA,NA,NA,NA,NA,NA,NA,NA
17130,Raisel Iglesias,RP,ATL,66.6864,1.0693244869828484,0.9338084292959674,1.065688979601782,1.211226975457804,0.22779647363242234,0.17843225174875943,0.22681682324423874,0.283023183678394,0.76141599505311,0.6620679519604576,0.7575437457982575,0.8695494655617457,0.29567887136288906,0.22922291578474174,0.2927055909917865,0.3741311929759398,0.07137317990520997,0.047555491835768925,0.06962996048313147,0.10178197986852595,0.4632446312969995,0.3669905633074079,0.4597363291970832,0.5688105817715758,0.9892124686855323,0.8781894500714882,0.9862271034533044,1.1064766867629567,2.6611098422660016,2.063006242062676,2.6343503189260784,3.367180736783458,9.623920382845636,8.404275863663706,9.59120081641604,10.901042779120235,2.050168262691801,1.605890265738835,2.041351409198149,2.547208653105546,71.30940046873303,62.27232243940261,71.06696156931629,80.7723665761693,4.7596204244307945,3.171304550756821,4.643371396762299,6.78747382230447,30.89211678052423,24.47327950094313,30.65816074336837,37.93192998025202
17149,Domingo Germán,RP,NA,NA,0.8164360329990434,0.6454167301086758,0.8108401918157936,1.0091784218592732,0.5070522885549901,0.35978901503821614,0.49794249030005094,0.6766881165672235,1.1953556996208456,0.9800008921769634,1.1856402939648676,1.4389304749926197,0.7453035199180141,0.5290058156466838,0.7307865991517208,1.007893097902283,0.03676032682195439,0.024351405205879285,0.03608422668076939,0.05132672359052608,0.05358719244466201,0.02919004298092541,0.050786563256866854,0.08768906125768296,1.7024079881758358,1.436829429033389,1.694485700063158,1.9944689529332342,6.707731679262127,4.761052340820155,6.577079392365487,9.071037881120548,7.3479242969913905,5.8087505709780825,7.297561726342142,9.082605796733459,4.563470596994911,3.2381011353439453,4.481482412700458,6.090193049105012,NA,NA,NA,NA,NA,NA,NA,NA,NA,NA,NA,NA
17169,José Castillo,RP,NA,NA,0.9376638314057107,0.7754794870994108,0.930847367750731,1.1164113444219355,0.3913579857461855,0.29364216103426294,0.3862472858650909,0.5093588456097652,0.9809749863316457,0.8312095412372434,0.977089963319153,1.1469463003136502,0.5004535771309631,0.3815243410687297,0.49364632158028243,0.6417081730677137,0.04805056843652241,0.03508203727645844,0.04731050743235566,0.06339981155874673,0.08259770763952015,0.05172974544792125,0.0794897278242945,0.12541332589752563,1.3723329720778312,1.1881193579521312,1.3667114785592012,1.5798015688615987,4.504082194178667,3.433719069618567,4.442816894222542,5.775373557609423,8.438974482651396,6.979315383894697,8.377626309756579,10.04770209979742,3.5222218717156695,2.6427794493083665,3.476225572785818,4.584229610487887,NA,NA,NA,NA,NA,NA,NA,NA,NA,NA,NA,NA
17170,Gabe Speier,RP,SEA,57.6702,1.2023218884304594,1.0364756701745397,1.197588322562981,1.3795177501837168,0.30363759286027925,0.23936558375105405,0.30028770484219186,0.3783223810643901,0.7579927897304446,0.6538741689289262,0.7559440899098051,0.8718638597404934,0.32954072270871443,0.2544290800082365,0.32662946266783943,0.41505891492273117,0.06395679214860865,0.046767533550271384,0.06304230775844649,0.08427384175706798,0.1382008502493284,0.09861672841560706,0.1360929825152063,0.18431533456580002,1.0616303825907238,0.934295510420181,1.058771984252247,1.1972849911908816,2.96586650437843,2.2898617200741285,2.939665164010555,3.7355302343045804,10.820896995874135,9.328281031570857,10.77829490306683,12.41565975165345,2.7327383357425132,2.1542902537594864,2.7025893435797266,3.404901429579511,69.33814377016228,59.77375919409974,69.06515807987164,79.55706455664499,3.6884009945686906,2.697093013350861,3.635662496891161,4.860089308898462,7.970070674048819,5.687246451073743,7.8485095202484505,10.6295022074766
17192,Jalen Beeks,RP,NA,46.0821,0.9082471639734244,0.7941822211479248,0.9052609110255169,1.0313381156839634,0.3817696531374188,0.30941542915989273,0.38006849678545773,0.46098948892827596,0.9375949775501569,0.8360614627861647,0.9329454203044738,1.0523808909167083,0.465399429442707,0.37738855964431517,0.4624787374379227,0.5641362899746026,0.05377241203358946,0.03939106172311405,0.05284833240813876,0.07086157637396052,0.0940810088395379,0.06880227129903044,0.09257995513596229,0.12454651258221339,1.3193646306875757,1.19509276425444,1.3167805119863933,1.4515155172087393,4.188594864984363,3.3964970367988365,4.1623086369413045,5.077226609771424,8.17422447576082,7.1476399903313235,8.147348199229652,9.28204304115567,3.435926878236769,2.784738862439035,3.4206164710691196,4.148905400354484,41.853936634939735,36.597584533160784,41.71632382796897,47.52622618075996,2.477945668573073,1.815222845430714,2.435362138865091,3.265450248622486,4.33545045744447,3.17055314622905,4.266278750570928,5.739364847464815
17282,Michael Kopech,RP,NA,39.0857,1.2583826643072358,1.0941641810342546,1.253963573371088,1.4365357491022501,0.4268553413765763,0.342911770756123,0.4234416452621023,0.5219960512493471,0.7619615514193637,0.6697288144643558,0.7591762699656646,0.8611914494968338,0.37891918006490916,0.3016936207306378,0.3760380463949381,0.46499929820006514,0.05966636602946149,0.045354397747616716,0.05896479932514491,0.07593722404247664,0.11445917423854297,0.08418355435801653,0.11286759198419798,0.14925323359115875,1.18881689279594,1.0598137941478007,1.1867799271125448,1.3282596296984415,3.4102726205841822,2.7152425865757404,3.3843424175544428,4.184993683800586,11.325443978765122,9.847477629308292,11.285672160339793,12.92882174192025,3.841698072389187,3.086205936805107,3.810974807358921,4.6979644612441245,49.184767302313325,42.76617293065057,49.01204403971034,56.14800532868582,2.332101682717723,1.7727083840440228,2.3046804569828168,2.9680595577570297,4.473716946535419,3.290373150571127,4.411508840016767,5.833667112173954
17304,Emmanuel Ramirez,RP,NA,NA,0.8914007895409684,0.7156096590210286,0.8834246730431057,1.090217550514644,0.41528716744525035,0.29591654641376164,0.40911973451269606,0.5563463204672536,1.032277795546586,0.8637597449405213,1.0245813081991044,1.2229035152687882,0.5545140766704398,0.41139265655402557,0.5464737847042239,0.7204080007105927,0.043704540773671315,0.03111347956787697,0.04287418222231874,0.05864970872615196,0.0655253867627039,0.03936969897642888,0.06299117383754903,0.10108551394749962,1.4475649629918363,1.242650313000819,1.4408824570134935,1.6735071654358644,4.990626690033959,3.70253390898623,4.918264062338015,6.483672006395334,8.022607105868715,6.440486931189257,7.950822057387951,9.811957954631797,3.737584507007253,2.6632489177238545,3.6820776106142645,5.007116884205283,NA,NA,NA,NA,NA,NA,NA,NA,NA,NA,NA,NA
17381,Matt Gage,RP,SFG,53.4708,0.873931577009784,0.7025614051022682,0.8679885311102304,1.068151817654243,0.3624396546579406,0.259238636588688,0.35635186547967934,0.49147465224167286,0.9954927832118157,0.8125247485385363,0.9890476392962837,1.1955318696127257,0.4946207215020334,0.34571023993400585,0.4854699798135802,0.6706923011556251,0.04764302583109046,0.03052935426998276,0.04652639987127542,0.06887206947165614,0.08010511760516248,0.04234583113770513,0.07558255630123134,0.13331430943208067,1.3579324378697564,1.138378638047806,1.3538220400031458,1.5938451697842304,4.451586493518301,3.1113921594060527,4.369229818322221,6.036230710400625,7.8653841930880555,6.323052645920414,7.8118967799920735,9.613366358888188,3.261956891921465,2.333147729298192,3.207166789317114,4.423271870175055,46.729820567974755,37.56652037994236,46.41204114928891,57.1149322114265,2.5475107056090716,1.632428996299394,2.4878038222369936,3.6826446523050307,4.283284722442121,2.2642654675980034,4.041459751471881,7.128422776780899
17432,Jeff Hoffman,RP,TOR,63.5009,1.3011465318388746,1.1358803936511521,1.2964586808885337,1.4841944185583247,0.35687620661197156,0.2861201766753781,0.35459629197620335,0.435680533023528,0.650915008316562,0.5635719647351238,0.6481761096734135,0.7436741581474245,0.27723337140887816,0.21372945700047938,0.27435717851434827,0.3514042023251801,0.08357674650333219,0.05797541049292881,0.08150113750753672,0.11586936573035853,0.5568517874782235,0.4107413488891105,0.5524661622964109,0.7223461288442193,1.0077912149285335,0.8912007790247068,1.0044204987796164,1.1318018699483834,2.4951003426799034,1.9235651130043143,2.4692146066291345,3.162637820926621,11.710318786549871,10.22292354286037,11.668128127996804,13.357749767024922,3.211885859507744,2.575081590078403,3.19136662778583,3.921124797211752,82.6239758036472,72.12942728920245,82.32629304923469,94.24768135343032,5.3071986220334475,3.6814907441704228,5.175395582752339,7.3578090063069235,35.36058967147592,26.08244532167252,35.08209852536816,45.869629293123886
17464,Jonathan Hernández,RP,NA,NA,0.9072180110160502,0.7834358676192867,0.9048113724443794,1.0459631425312543,0.47928043250592595,0.3885466213867036,0.47661724278469436,0.5816407841518852,0.9751596271923935,0.8584431670041848,0.9718934674997475,1.1016965833348222,0.5169930412579987,0.41751534818435104,0.5132974803045723,0.6267767170338107,0.04883455769102086,0.0368439044174021,0.0483333908683163,0.06275385847271682,0.07637929557791727,0.054670163278095006,0.07505923709461962,0.10294228645549652,1.4544400596983194,1.3066307622868525,1.450659201501083,1.6143207951080878,4.652937371321989,3.7576381336591593,4.619677322741151,5.640990453304296,8.164962099144452,7.0509228085735804,8.143302351999415,9.41366828278129,4.3135238925533335,3.4969195924803325,4.289555185062249,5.234767057366967,NA,NA,NA,NA,NA,NA,NA,NA,NA,NA,NA,NA
17490,Génesis Cabrera,RP,PHI,18.2937,0.830206689143087,0.7265588989231936,0.8274034350427387,0.9450501799236435,0.4396816534650538,0.362706415438008,0.4367722546799544,0.5258780506913017,1.050475840844896,0.9337489992208536,1.0460426341028015,1.1775437495517322,0.5589587328332636,0.45544089531925885,0.5551321218864484,0.6758270379310152,0.04332265635412617,0.033123191583587945,0.042999996695263276,0.05491388330424916,0.06715171038492054,0.0492256481646794,0.0662032709154168,0.08855003351686819,1.4901574943099498,1.3488848429262459,1.4855518823055027,1.6426376013447166,5.030628595499373,4.098968057873329,4.996189096978036,6.082443341379136,7.471860202287783,6.539030090308742,7.446630915384649,8.505451619312792,3.957134881185484,3.2643577389420724,3.9309502921195896,4.732902456221715,15.187552109176892,13.291450529231227,15.13627021964135,17.28846447646916,0.7925316785454779,0.6059457298726828,0.7866290395441379,1.004578107002943,1.2284532442686211,0.9005192398301956,1.2111027771453604,1.6199077481475317
17536,Ryan Burr,RP,NA,NA,1.073164972550268,0.8929128447214489,1.0674280353190944,1.2749403773030707,0.42517148280047923,0.3226714900838887,0.4205829909968428,0.5453333661122512,0.8626649260624379,0.7227047135328881,0.8568412360433564,1.021151911997086,0.43984876478386853,0.3235258193074154,0.43393456747853254,0.5766077470325432,0.05392866037833108,0.03823111502561921,0.052781881908490244,0.07390716142741859,0.10607477739700767,0.06412425767275433,0.10288330869759736,0.16167232819245322,1.287836408862917,1.1055135836582664,1.2834653106120704,1.4894684980222799,3.958638883054817,2.9117323737667387,3.9054111073067928,5.1894697232928895,9.658484752952413,8.03621560249304,9.60685231787185,11.474463395727637,3.826543345204313,2.904043410754998,3.7852469189715854,4.908000295010261,NA,NA,NA,NA,NA,NA,NA,NA,NA,NA,NA,NA
17578,JT Brubaker,RP,SFG,48.573,0.8814517874687982,0.7134293692033828,0.8734980492799979,1.0712166279742215,0.3803269756585084,0.270284404511231,0.3729672674332447,0.5171727979224513,0.9619307570601292,0.7874221610133404,0.9551118500216009,1.1553401094270308,0.4825790058910305,0.3396103199821421,0.4748738900794197,0.6520976101210629,0.04832912660527359,0.032665063562445425,0.04733065498507055,0.06773657717646803,0.0733957862962946,0.04085497988294173,0.07001653901713045,0.1172306820775489,1.3422577327186378,1.1300580028257396,1.333258414577284,1.5814081494905354,4.3432110530192745,3.0564928798392788,4.273865010714777,5.868878491089566,7.933066087219183,6.420864322830446,7.86148244351998,9.640949651767993,3.422942780926576,2.4325596406010788,3.356705406899202,4.654555181302062,42.81475767272193,34.653404750315914,42.428420747677336,52.03220527059186,2.347490666597954,1.5866401324186616,2.298991904589832,3.2901687631925816,3.565053527769918,1.9844489378541288,3.4009133496790773,5.694245920552783
17586,Tanner Scott,RP,LAD,65.5151,1.1774416007530122,1.0370793062004895,1.174944052476126,1.3267562627233809,0.40988116568107685,0.3398389552669734,0.40746442960880386,0.4908867632782585,0.7385109712726219,0.6561604613105337,0.7367390653861899,0.8255960236255894,0.33853180669300226,0.2747655520158138,0.3363272481493468,0.4082884922000048,0.0658476477673984,0.04958119686606985,0.06483687078647413,0.08469382252941257,0.4992906265292044,0.3897826640975463,0.4950419366543104,0.6238372636966152,1.1483921369536987,1.0428686792307496,1.1461379685421245,1.2628201026182226,3.0467862602370204,2.4728899681423244,3.026945233344121,3.6745964298000433,10.59697440677711,9.333713755804405,10.574496472285135,11.940806364510427,3.6889304911296916,3.0585505974027605,3.6671798664792346,4.417980869504326,77.14020421749368,67.94435445365569,76.97657709237865,86.92256922794857,4.314015228245883,3.248317070800253,4.247794073262932,5.548724252396718,32.711075326123485,25.536650216617158,32.432721984100816,40.87076071481012
17610,Tanner Rainey,RP,DET,13.0538,0.9766594837721713,0.8246432329355389,0.9718589784449816,1.1387467618120033,0.5564656369476573,0.4408978243970227,0.5528109532153569,0.6822844867061326,1.0113995049446418,0.8657774069016301,1.0078816882644634,1.1680193094289681,0.6204140008753983,0.4734013085217984,0.6137647599209919,0.7881577090582746,0.03924914705855779,0.027149511743029098,0.0385068422145517,0.05383664809682028,0.0716028726005763,0.04443165563798684,0.06935030305372254,0.10666189554918759,1.567865141892299,1.3742717892346616,1.5633091095303011,1.7707996408447595,5.583726007878585,4.2606117766961855,5.523882839288927,7.0934193815244715,8.789935353949542,7.42178909641985,8.746730806004834,10.24872085630803,5.008190732528916,3.9680804195732042,4.975298578938212,6.140560380355193,12.74911756926517,10.764727834093938,12.686452732825101,14.86497247934153,0.5123505158730017,0.3544042963911533,0.502660616900315,0.7027728369262727,0.9346895783534029,0.5800019463671526,0.9052849860026834,1.392343052119985
17611,Taylor Clarke,RP,ARI,60.6914,0.9013169306397129,0.7715658517099332,0.8980715164738834,1.0442476693380498,0.2874925469065914,0.22316905995381167,0.2842756364053685,0.36090329246831,0.9332840984698587,0.7962448846434674,0.9301175014519574,1.0821395890669685,0.42225582138659934,0.31981765605766227,0.41613227742339426,0.5422367621392633,0.05097942050216858,0.03422810202041742,0.04978531495133252,0.07151099593307543,0.09559323676514572,0.05917121649964521,0.09250766544720491,0.1419196493583643,1.2207766453764501,1.0636630052121152,1.2168507611084185,1.3875180281258597,3.800302392479394,2.8783589045189606,3.7451904968105483,4.88013085925337,8.111852375757415,6.944092665389399,8.08264364826495,9.398229024042449,2.5874329221593224,2.0085215395843052,2.5584807276483166,3.24812963221479,54.70218636422707,46.82741173246824,54.50521763492305,63.37685299886332,3.0940124014653145,2.077351430961962,3.0215404638373022,4.340102458572654,5.801687369808166,3.5911839690665674,5.614419726722493,8.61330220706823
17639,Justin Lawrence,RP,PIT,58.5631,0.8884693386650794,0.7698740134701741,0.8864879611703704,1.0206753119462988,0.49086003569973247,0.4025769920860487,0.4871780682829473,0.5898790570639845,1.0394393448079071,0.9111808898565221,1.0342193705362315,1.1785928793954221,0.5732133877471234,0.4577469984472164,0.5670574774593535,0.7093835133252904,0.04495210063693588,0.03377096037377623,0.04425309608095852,0.05829530169863832,0.08289169206834231,0.058612627915490316,0.08140319508375138,0.1118242606181051,1.5302993805076397,1.3674115489826455,1.5252628794892722,1.7091148824827689,5.15892048972411,4.119722986024947,5.103517297134182,6.384451619927614,7.996224047985715,6.928866121231567,7.978391650533334,9.18607780751669,4.417740321297592,3.623192928774438,4.384602614546526,5.30891151357586,52.03151872717691,45.08620883825515,51.91548311881652,59.77391036104229,2.63253436481094,1.9777321294654946,2.591598491098782,3.4139535829075256,4.854394451767537,3.432537189877651,4.76722345400924,6.548775357004151
17722,Trevor Megill,RP,MIL,64.9845,1.2792745477694176,1.099239169561206,1.2761239515592235,1.4764596798207683,0.3216585530738522,0.25136230355966643,0.3195516672769503,0.39877282624113214,0.6669908044853067,0.5701578063334063,0.6638730830966827,0.776796991591987,0.2667857845875564,0.19962493232301032,0.2633274619297501,0.3457708735061974,0.07944170048710145,0.05521651296002188,0.07742614827130907,0.11019570446157409,0.7165694563871583,0.529002711442884,0.707484056977142,0.9385689816874002,0.988649357559159,0.861040367664317,0.9849707876098257,1.1248447891325544,2.4010720612880077,1.796624390907093,2.3699471573677506,3.1119378615557767,11.51347092992476,9.893152526050855,11.485115564033013,13.288137118386915,2.89492697766467,2.262260732036998,2.8759650054925525,3.588955436170189,83.13301684952171,71.4335078143502,82.92827693010035,95.94699406331272,5.1624791853040435,3.5882174864505414,5.031499532336884,7.161012756583161,46.565907838591286,34.37697670176009,45.97549770063108,60.992435990464855
17734,Evan Phillips,RP,LAD,21.4513,1.1326921238525116,0.9881206274895709,1.1293840323800253,1.2927351281382753,0.29238782748064496,0.23475028842018894,0.28987458618588036,0.35780740186896287,0.7249638501074853,0.6356602434517966,0.7227812468460423,0.8205954675686461,0.2916741532329729,0.232309550784009,0.2892553654766814,0.3585998257445614,0.07110135434076674,0.05392866540212566,0.07006813726486252,0.0908487665752648,0.15380990170018558,0.11673001719917306,0.15182135868169466,0.19728793922523638,1.0173516775881302,0.9098465624028734,1.015869188473701,1.1322814084316017,2.6250673790967562,2.090785957056081,2.603298289290133,3.2273984317010527,10.194229114672604,8.893085647406139,10.164456291420228,11.634616153244478,2.6314904473258047,2.1127525957817004,2.6088712756729233,3.2202666168206657,24.29771855639738,21.19647201646703,24.226755693793635,27.730849054232586,1.5252164823700896,1.1568399801406182,1.5030526329097453,1.948824146435978,3.299422344341191,2.504010617944621,3.2567655114886365,4.232082770702313
17780,José Alvarado,RP,PHI,58.0199,1.112984692229851,0.9665607997967813,1.1098221856162955,1.2712543378516985,0.4597526638274697,0.37417390467681716,0.45631219722141003,0.5583158380277915,0.8505852610106855,0.7469831683724218,0.8476381563934392,0.9604042681921316,0.4384695875168343,0.351400092160159,0.4346705707815217,0.5381403724465605,0.05557640027458101,0.0414030086131557,0.05483605354804311,0.07237599329729738,0.3322833050030158,0.25387774831939985,0.32881474505390534,0.42494295042296,1.3103379248381553,1.1712875100905973,1.3076224193167074,1.4550231183380753,3.9462262876515086,3.162600829441431,3.9120351370336954,4.843263352019045,10.016862230068659,8.699047198171032,9.98839967054666,11.441289040665286,4.137773974447227,3.3675651420913546,4.106809774992691,5.0248425422501235,64.57526054470674,56.07976094812927,64.3917722272389,73.75804955672176,3.2245371862911627,2.4021984194344324,3.1815823432521064,4.199247893509864,19.279044127944477,14.729961569716748,19.077798626553083,24.655147489245095
17796,Dillon Tate,RP,NA,NA,0.806833649664497,0.6855728958421324,0.8026557019841435,0.9438477556149479,0.3082542793788596,0.24087481466775787,0.30583655793954856,0.38487863869144945,0.9961764208084462,0.8529823918604504,0.9913395767467916,1.1554602636411115,0.45501409191713854,0.3479971909112286,0.44920630478614687,0.5806424809508417,0.05123128238067248,0.03685351145508723,0.050444826408342774,0.06882568287119879,0.08663658837815419,0.05582466695888537,0.08418961397722513,0.12624917601969976,1.3044307001873057,1.1419901883203227,1.2989951886918996,1.4841741095154115,4.095126827254247,3.1319747182010573,4.042856743075322,5.2257823285575755,7.261502846980473,6.170156062579192,7.223901317857291,8.49462980053453,2.774288514409736,2.1678733320098207,2.752529021455937,3.463907748223045,NA,NA,NA,NA,NA,NA,NA,NA,NA,NA,NA,NA
17871,Ian Gibaut,RP,NA,NA,0.8756758727188696,0.7332179688083647,0.8711947034619287,1.029781944717228,0.3715213577961662,0.2845692938242267,0.36754541744427704,0.4703966899304369,0.9819043393037222,0.8170096234730269,0.9765241196431592,1.168174884459746,0.4825970132320244,0.3488728849853897,0.4741861774754742,0.6435306046823753,0.05004875320617397,0.03458643104021714,0.049172532765125274,0.06864891312515498,0.09319661615105133,0.05701075727603016,0.09040581500187528,0.1387516899212271,1.3534256970998884,1.1587290593734927,1.3489515204004403,1.5679694321019018,4.34337311908822,3.1398559648685076,4.2676755972792675,5.791775442141378,7.881082854469827,6.598961719275282,7.840752331157359,9.268037502455053,3.3436922201654955,2.56112364441804,3.3079087569984935,4.233570209373932,NA,NA,NA,NA,NA,NA,NA,NA,NA,NA,NA,NA
17878,Dennis Santana,RP,PIT,67.11,0.9712555277916877,0.8497046151415246,0.9674232494574488,1.1046725180054648,0.31996440287226063,0.26023721277665735,0.31789922184659275,0.38712175004878013,0.7933911710433719,0.7000787037456178,0.7908455039924472,0.8953276581748213,0.3341958013640904,0.2696037014317866,0.3318185159121545,0.40624280269716306,0.0630388593559635,0.04776259139740693,0.06247378664246421,0.08059254381776214,0.3623201455893646,0.27219748355910084,0.35825645176661497,0.4673925853948762,1.1133555739156324,0.9998944019874724,1.1117194590950201,1.23445529424523,3.0077622122768135,2.426433312886079,2.9863666432093905,3.6561852242744677,8.741299750125188,7.647341536273721,8.70680924511704,9.942052662049184,2.8796796258503456,2.342134914989916,2.861092996619335,3.484095750439021,65.18095847010017,57.02367672214772,64.92377427108939,74.13457268334675,4.230537851378711,3.2053475086799788,4.192615821575773,5.4085656156100175,24.315304970502257,18.267173121651258,24.04259047805753,31.36671640585014
17888,Tayler Saucedo,RP,LAA,30.4247,0.9155714977013001,0.7729358687681342,0.9109130445360042,1.07295093377145,0.4133742311668681,0.32456900915948983,0.4097904551124375,0.5137262160912032,0.9098599157099063,0.7746965812622268,0.905328576373304,1.060908521778077,0.45321983412606115,0.33653106598150506,0.4485928953856322,0.587818951536153,0.05287792476508648,0.03715170678992377,0.05167848604017998,0.0722549663328284,0.08794660189228808,0.05824897120970301,0.08583008571395488,0.12556867616137102,1.3232341468767743,1.1489243558429676,1.3175762863041514,1.5105569317853527,4.078978507134551,3.0287795938335456,4.037336058470689,5.290370563825378,8.240143479311701,6.956422818913208,8.198217400824038,9.65655840394305,3.720368080501813,2.9211210824354086,3.6881140960119376,4.623535944820828,27.855988146112747,23.516341926509856,27.714256106094567,32.64421027471624,1.6087949976003266,1.1303295335713939,1.5723024342266638,2.198335674186404,2.675748978592297,1.7722074743638512,2.611354608821363,3.820389301606865
17897,Garrett Cleavinger,RP,TBR,64.4128,1.2267898596331956,1.0635103619502977,1.2240186527994505,1.4024603827782862,0.37890488378391435,0.3010386919155036,0.37630922757636165,0.46541071068232565,0.7329577408079779,0.6292927376487828,0.7295598765607466,0.8458262093561663,0.3411611499775136,0.2593320415566766,0.33820298555621897,0.43461757743841356,0.06532036187683485,0.047129462979430284,0.0639624137543729,0.08838050598700377,0.3979479922457226,0.2850637344133195,0.3922062809292851,0.5278523648339913,1.1118626245918923,0.9713028211582507,1.1099898847898713,1.2569529989927641,3.0704503497976225,2.3339883740100893,3.0438268700059705,3.9115581969457223,11.04110873669876,9.57159325755268,11.016167875195055,12.622143445004577,3.410143954055229,2.7093482272395324,3.386783048187255,4.188696396140931,79.02096987058111,68.50368024223214,78.84246867904045,90.3364001438212,4.207467405500188,3.035740673001447,4.11999816467767,5.692835856039677,25.63294443492528,18.36175331201827,25.263104732241857,34.00044880557892
17948,Trent Thornton,RP,CHC,27.96,0.8993765340984788,0.7747707009945687,0.8953921476093691,1.0354063033679204,0.29921557609077987,0.23627949162668682,0.29677582284619275,0.36835579920711126,0.9301118440696572,0.804913809243002,0.927890115830925,1.0671837980091183,0.42847444131641715,0.32948501865061053,0.4243305300317225,0.5377670437766607,0.051382698383067846,0.036604849729176006,0.05055664826819663,0.06903594093498393,0.07558842206778711,0.0492720097520687,0.07338561345056505,0.10783653824311862,1.2293274201604372,1.084003077650647,1.2278964858779426,1.3827915189934175,3.8562699718477544,2.9653651678554946,3.8189747702855024,4.839903393989947,8.09438880688631,6.972936308951118,8.058529328484322,9.318656730311284,2.6929401848170187,2.126515424640181,2.6709824056157347,3.3152021928640014,25.14656789339347,21.66258879980814,25.03516444715796,28.949960242167055,1.436660246790577,1.0234715984277611,1.4135638855787778,1.9302449085421507,2.1134522810153276,1.377645392667841,2.051861752077799,3.0151096092775966
17964,Tyler Gilbert,RP,CHW,32.845,1.0103205418630328,0.8425621149221881,1.005185385379659,1.1923243954661051,0.4182079472468616,0.3149533363655753,0.414486645293977,0.5356813999046683,0.8601739434338237,0.7271430474193127,0.8533823566952203,1.0089326077452276,0.42723056970991924,0.31682537888849205,0.42309168776720335,0.5541947616065426,0.05721290235385542,0.04026196771988148,0.05612311158616623,0.07795268859637654,0.11124272339644349,0.0668563822131964,0.10752744292977245,0.1692874734649607,1.2783818906806854,1.1082420643850166,1.274746305313601,1.4659999508461017,3.845075127389273,2.851428409996428,3.8078251899048303,4.987752854458883,9.092884876767295,7.583059034299693,9.046668468416932,10.730919559194946,3.7638715252217545,2.834580027290178,3.730379807645793,4.821132599142015,33.183978197491314,27.673952664619268,33.0153139827949,39.16189476908422,1.8791577778123811,1.322404329759507,1.8433636000476297,2.5603560569479873,3.653767249956186,2.1958978737924357,3.531738863028376,5.560247065956634
17968,Brock Burke,RP,CIN,62.6371,0.8911232178855423,0.7762742051351538,0.886954400532394,1.0200323397250706,0.31389731269717264,0.25471320970143463,0.31193859101779164,0.3804548956068548,0.9760055930578873,0.8588877995056795,0.9730625554863254,1.1013386597951316,0.4525150466060821,0.36382195495580144,0.449606433267796,0.5502038739238866,0.052654677310655686,0.04052175938397833,0.051900753045989165,0.067189972150056,0.076693935250142,0.05677289910116069,0.07575058686383179,0.10063132458465238,1.28990290575506,1.153316713596935,1.2866443407024004,1.4339853406660417,4.072635419454739,3.274397594602213,4.046457899410163,4.9518348653149795,8.02010896096988,6.986467846216384,7.9825896047915466,9.180291057525634,2.8250758142745536,2.2924188873129117,2.807447319160125,3.424094060461693,55.817374111018495,48.62356501447114,55.556251481587616,63.891867666593214,3.298136288175271,2.538165494710189,3.2509126586169277,4.208585004560272,4.803885691656669,3.5560897582893123,4.7447970844485186,6.303254341141329
17969,Peter Lambert,RP,NA,NA,0.8016572558877948,0.6927043689605906,0.7989951250132408,0.9185227974762858,0.3877768827482025,0.31731625072106107,0.38525569479496485,0.4661076116994443,1.106147546682634,0.9856097586404327,1.1022592137947933,1.2345247675090427,0.5927202839080186,0.4847602495997248,0.5878547437970285,0.7134907420183657,0.039546873828436635,0.029692727164878537,0.039210349314109855,0.050793052723753694,0.042736017169013936,0.028029504211252262,0.041802563319704646,0.06020126094560365,1.4939244294308365,1.3535400687239552,1.4907115640104212,1.644111825007922,5.334482555172167,4.362842246397523,5.290692694173257,6.421416678165292,7.214915302990153,6.234339320645316,7.1909561251191665,8.266705177286573,3.4899919447338226,2.8558462564895497,3.467301253154684,4.194968505294999,NA,NA,NA,NA,NA,NA,NA,NA,NA,NA,NA,NA
17998,Pete Fairbanks,RP,MIA,63.3559,1.1172809613672914,0.9704989020003761,1.1152430701859113,1.27400741681171,0.3373745791722411,0.2697235759988532,0.33495645280449216,0.41254029108238105,0.7369294766672443,0.64189665029609555,0.7339879526236306,0.8416107287871898,0.3132364070442876,0.24250539763432893,0.3106715973997744,0.39196779252557246,0.06378543663472638,0.04561277826861973,0.06261527974468817,0.08606537823511283,0.47818197522383765,0.35907893083613884,0.47349828288255397,0.6112360325517026,1.0743040558394854,0.9537890422149687,1.072028010046532,1.2051883307878717,2.8191276633985884,2.1825485787089605,2.7960443765979694,3.527710132730152,10.055528652305622,8.734490118003386,10.037187631673202,11.466066751305389,3.0363712125501703,2.4275121839896787,3.0146080752404294,3.7128626197414296,70.78634086028997,61.48683138524563,70.65722843039157,80.71588649878102,4.0411837448860615,2.8898386187088447,3.967047401976489,5.452749496925985,30.295649404083935,22.74976883416133,29.9989098604788,38.72540895474241
18064,Phil Maton,RP,CHC,65.4178,1.1373283364903661,0.99559487101838,1.1320238873530801,1.2914559672094534,0.36465866681327713,0.29614526788763096,0.36244342562067833,0.4413167255450364,0.7494551585122229,0.6575063084302663,0.7478666428887626,0.8467533978402978,0.3461963083300711,0.27616194790469895,0.3429824088788076,0.4274902700535875,0.062383186737606434,0.04427627720182863,0.0609410559773951,0.08537818688211855,0.35961922602124313,0.26428744527378084,0.35354799140459214,0.47216962853512784,1.1141138253255,1.0002210795293884,1.1115214532053694,1.2371050422510115,3.11576677497064,2.4854575311422904,3.086841679909268,3.8474124304822874,10.235955028413295,8.96035383916542,10.188214986177721,11.62310370488508,3.281928001319494,2.6653074109886785,3.2619908305861047,3.971850529905328,74.40151765085947,65.12962615330618,74.05451225808632,84.48420817171458,4.0809708333633905,2.8964566467337853,3.9866298117180374,5.585253153817055,23.52549860401248,17.28910323743114,23.12833179210733,30.888298325585286
18138,Ryan Helsley,RP,BAL,64.7483,1.1768496859203994,1.0254722586335105,1.173043476900948,1.3370996016750323,0.403647764584456,0.32751388916603613,0.39991265679258303,0.4897483249497655,0.7730136381725791,0.6794183313067792,0.7713638711476904,0.8712849390688221,0.36141101783980933,0.28746199312643683,0.35860764908518333,0.4462640769176426,0.06855201897983566,0.050975939071919704,0.06742376107267323,0.0896924894085271,0.5848883560600066,0.45000945767315015,0.5775606332416314,0.7459852308504409,1.176661402757035,1.0515546469299002,1.1752119985628084,1.3081717912786346,3.252699160558284,2.5871579381379313,3.22746884176665,4.016376692258783,10.591647173283594,9.229250327701594,10.55739129210853,12.03389641507529,3.632829881260104,2.947625002494325,3.5992139111332473,4.407734924547889,76.1990165188798,66.39758544368013,75.95257095542564,86.5749261391355,4.438626690512094,3.3006053958103787,4.365573909061768,5.807436211970136,37.87052674468012,29.13734736825843,37.396069149319125,48.3012755226736
18297,Tyler Kinley,RP,ATL,60.9032,1.0045324507537734,0.8705187887184588,1.0010053775589354,1.154340010259778,0.4630579014859559,0.3762077939988645,0.4603254907032236,0.5579922741613376,0.8965026988188401,0.7792618955318896,0.8941455795430866,1.0207134177269308,0.4985609767658863,0.39056473144846704,0.4951812291203348,0.6179308205940767,0.061173741988347484,0.04061805666556968,0.05920817632543743,0.08749601293031044,0.09180923250064209,0.06545828009269605,0.09072534009172747,0.12135181096252971,1.359560600304796,1.2126131318452513,1.3568103045714923,1.510975025319435,4.487048790892977,3.5150825830362034,4.456631062083013,5.56137738534669,9.04079205678396,7.834669098466129,9.00904839803042,10.389060092338003,4.167521113373603,3.3858701459897804,4.142929416329013,5.021930467452038,61.17924075474721,53.017379893078036,60.964430710547354,70.30300051285332,3.7256766430647246,2.4737696287145234,3.6059674043833807,5.328787174697283,5.591476048833105,3.9866187241414863,5.525463532674497,7.39071361341314
18311,Carson Fulmer,RP,NA,NA,0.8811893885250895,0.7522497014136338,0.8764274591572317,1.0261596842686804,0.4301366859508143,0.3431284098769239,0.4272306541355728,0.525864205443184,1.0006904010677025,0.8706918936659654,0.9984079933518076,1.140291783993672,0.5494530270516619,0.4293531264353482,0.545306384246532,0.6844718261332003,0.04049787160718185,0.028464892264877827,0.039826538771623496,0.054385708491887085,0.049296951064163354,0.02957136398489727,0.04773945763403689,0.07471281352828986,1.430827087018517,1.2670143048499156,1.4288257745794946,1.5985554652390106,4.945077243464957,3.8641781379181337,4.9077574582187875,6.160246435198803,7.930704496725806,6.770247312722704,7.887847132415086,9.235437158418124,3.8712301735573287,3.088155688892315,3.8450758872201556,4.732777848988656,NA,NA,NA,NA,NA,NA,NA,NA,NA,NA,NA,NA
18335,Josh Staumont,RP,CIN,9.99549,0.9741633869020578,0.827510083456954,0.9698388604963007,1.1376645912936418,0.5486336141781059,0.43655479205129877,0.5426858162238952,0.6781376284683405,0.9583289943874981,0.8150017408931872,0.9537898481992757,1.1193945275629673,0.5546044033462774,0.4110915032458479,0.5475217785650401,0.7218104659759044,0.04617873815764128,0.032854618469955285,0.04542031938089147,0.0621467010213931,0.08599728863865776,0.054610174617241394,0.08329326131990894,0.12744571033212163,1.506962608565604,1.307826695528329,1.5004768452274322,1.7227984131267453,4.9914396301164965,3.6998235292126314,4.927696007085361,6.4962941937831395,8.76747048211852,7.447590751112585,8.728549744466706,10.238981321642777,4.937702527602953,3.928993128461689,4.884172346015057,6.103238656215064,9.737240392145651,8.271368764093149,9.694014631702169,11.371515045629684,0.46157911546732183,0.32839801037025335,0.4539983481685069,0.6211867285923245,0.8595850386148173,0.5458554542848902,0.8325569605905366,1.2738823231676184
18337,Nick Anderson,RP,ATH,20.9295,0.9795494405371857,0.8212597794346379,0.974871758199274,1.155588779751476,0.3426823848162604,0.2558740111284508,0.3379420633983294,0.44664241903242846,0.9426702739133896,0.7929232424320889,0.9383472928199361,1.1116955513202718,0.4757171386538468,0.3482215438606431,0.4686703430765678,0.6228180278263596,0.0544082975353654,0.03498556481454544,0.053020556145782924,0.0795975770848569,0.10366790105832917,0.06482561367779188,0.10050535176761011,0.15501554867441203,1.28535265872965,1.1078596884785794,1.2801338503844646,1.4770142385801388,4.281454247884621,3.133993894745788,4.21803308768911,5.605362250437237,8.81594496483467,7.391338014911741,8.773845823793465,10.400299017763283,3.0841414633463438,2.3028661001560575,3.0414785705849643,4.019781771291856,20.50148001572303,17.188556553677255,20.403578463231707,24.185895365808516,1.1387384632664301,0.7322303787860288,1.1096937298531637,1.6659374895975125,2.1697173352003003,1.3567676814693452,2.1035267598201957,3.2443979259811067
18347,Brandon Waddell,RP,NYM,18.5763,0.8399750337586049,0.6793828989533366,0.832794489378182,1.0215704706688395,0.3468593134358579,0.24774223014372362,0.34173243592703106,0.46339046330639844,0.9873111208544445,0.8165278762972493,0.9810933734265413,1.178140275174567,0.47728128437819495,0.34419952467065834,0.47006836735807456,0.6350144728870054,0.04801205042106353,0.032783113216261886,0.04696892217360561,0.06664609684223928,0.07460661181120529,0.04216816588822106,0.07130168526681066,0.11889713770540915,1.3341704342903025,1.133540724200237,1.3287897472090857,1.5490760812053812,4.295531559403755,3.097795722035925,4.230615306222671,5.715130255983048,7.559775303827444,6.11444609058003,7.495150404403638,9.194134236019556,3.1217338209227212,2.2296800712935125,3.0755919233432794,4.170514169757586,15.603628219609973,12.620420545826866,15.470240273035923,18.976999534285564,0.8918862522368025,0.6089889460392457,0.8725087889735499,1.2380378887704895,1.3859148029884927,0.7833284999893608,1.3245214960218548,2.208668899156992
18403,Enyel De Los Santos,RP,HOU,60.1321,0.962525945266228,0.8380556274783247,0.9606023068856604,1.0961836359061041,0.3733988145345522,0.3070526528412666,0.37127034588689944,0.44711675439485493,0.934765095736385,0.8250894516696939,0.9318437521056375,1.0544400255632713,0.46773488795310697,0.375441501614305,0.4650322678626488,0.5714810737848973,0.04996590771685682,0.038252157315057746,0.04939641812205141,0.06338881303082036,0.07630584217030667,0.053782064271354346,0.07480368109331215,0.10341622895217997,1.3081639102709373,1.1756549166956842,1.305312780953031,1.4492084488716774,4.209613991577963,3.378973514528745,4.185290410763839,5.143329664064076,8.662733507396052,7.542500647304923,8.645420761970943,9.865652723154938,3.3605893308109698,2.7634738755713992,3.341433112982095,4.024050789553694,57.87870639334335,50.39404479708937,57.76303397787922,65.91582401266945,3.004554959420806,2.300182548884784,2.9703103541570077,3.811702444050593,4.588430531969098,3.2340284669715067,4.498102431871155,6.218635020975381
18439,Danny Young,RP,ATL,19.2986,1.1442478247728372,0.9442042963036241,1.137376560184776,1.36993803059532,0.4448859066528796,0.33121371021168233,0.4377483042939589,0.5811271535751589,0.8165904500200313,0.6866847256805781,0.8137150111275552,0.9595496458292725,0.412809610012432,0.3056953061821138,0.40735343272228774,0.5395329897571742,0.05971980591015192,0.04214094441727337,0.05846219056713316,0.08155057138256994,0.13293446508082613,0.08122272083587756,0.12791909132134738,0.20267076282709015,1.2614763566729108,1.0842026273299938,1.2578507819177456,1.4539580778547168,3.715286490111888,2.7512577556390245,3.66618089450059,4.855796907814568,10.298230422955534,8.497838666732617,10.236389041662985,12.329442275357879,4.003973159875916,2.980923391905141,3.93973473864563,5.23014438217643,22.082381071161077,18.22182103264512,21.94977528438192,26.43788607724684,1.152508646337658,0.8132612299311919,1.128238430878876,1.5738118568836643,2.565449067808831,1.5674848003232666,2.4686593757741546,3.911261983494882
18548,Sam Hentges,RP,SFG,50.3465,1.0880576048718913,0.9392543166994667,1.0832185862685821,1.248200911445945,0.3366526973657368,0.2751629982366155,0.3334296562109798,0.40663072249090426,0.8325366549328956,0.7345000619393475,0.8308971352034047,0.9393745675874297,0.3771194785196254,0.30378631442194554,0.3744777503128149,0.4601454206578902,0.05657999812800499,0.042957427451463664,0.05588167080476336,0.07223948671758189,0.11585131903723664,0.08461780914120608,0.11417997727526877,0.15221282642082765,1.1691893522986325,1.0473673550258784,1.167778293962638,1.2960443053265038,3.3940753066766285,2.7340768297975098,3.370299752815334,4.141308785921012,9.792518443847023,8.4532888502952,9.74896727641724,11.233808203013504,3.029874276291631,2.4764669841295395,3.0008669058988184,3.6596765024181384,54.77989220368267,47.2881674557097,54.53626455357117,62.842547188113265,2.848604875751603,2.162756121185115,2.8134465391720185,3.6370053180267363,5.832708433908234,4.260210527927732,5.7485622258893185,7.663383065396199
18555,Logan Allen,RP,NA,NA,0.8017514712484511,0.664201829371464,0.7965249625412499,0.9563596284612856,0.37677917423916923,0.28930083045476296,0.3736727201337585,0.4774488949296921,1.054576105794753,0.9088019632079025,1.0526786788352789,1.212167190936088,0.5268326430717489,0.4115890702931565,0.5225314382826873,0.6596690331682156,0.04501983271962416,0.03347754395486525,0.044530536043627236,0.05829525336730678,0.06210777400745485,0.03936387209833977,0.06008270339554475,0.09208751285757022,1.4313552800339222,1.264908871927605,1.4266573316062665,1.6134390009095252,4.741493787645741,3.7043016326384084,4.702782944544186,5.93702129851394,7.21576324123606,5.977816464343176,7.1687246628712495,8.60723665615157,3.391012568152523,2.6037074740928667,3.3630544812038266,4.297040054367229,NA,NA,NA,NA,NA,NA,NA,NA,NA,NA,NA,NA
18655,A.J. Minter,RP,NYM,53.8577,1.0968517478736195,0.9573164543445687,1.0927983297893062,1.2502207192417025,0.3174440515272885,0.25641231131561265,0.3154653673423332,0.38497358387255765,0.7730815950371729,0.6817910443066961,0.769963861459235,0.8758871007300668,0.32700332412507327,0.2621700055345185,0.32397084121473063,0.402297968100042,0.06627941013237919,0.04949100225039514,0.06549083651260221,0.08633080319882153,0.13401339022650505,0.10219576032324179,0.13261901073301002,0.1708699427896442,1.0905256465644615,0.9743442147451753,1.0889825209828596,1.2117215144764626,2.9430299171256595,2.3595300498106666,2.915737570932576,3.6206817129003777,9.871665730862576,8.615848089101117,9.835184968103757,11.251986473175323,2.8569964637455962,2.3077108018405137,2.839188306080999,3.464762254853019,59.07391238145304,51.558862403153476,58.85560460629352,67.33401243070385,3.5696565870866386,2.6654715519011063,3.527185825644776,4.64957849944117,7.217652966802041,5.5040286007610595,7.142554894355234,9.202662117781822
18674,Jake Woodford,RP,NA,NA,0.7244989351199542,0.6108228413603146,0.7212839462978262,0.8481863001392012,0.33632687200645545,0.26443551865259635,0.3331113814326885,0.4182730312597188,1.1081714752562757,0.9628995743783333,1.1031311719130996,1.2710267116217442,0.537515645663149,0.42060033941368324,0.531947676093433,0.6730598852612468,0.04397632513390155,0.03251348312780662,0.043387201827985764,0.057031038051854326,0.05876797326249411,0.03747471086253432,0.05734843082965873,0.08475104459365337,1.444498347262731,1.279365894350701,1.4401497121082676,1.6272238357597322,4.837640810968341,3.785403054723149,4.787529084840896,6.057538967351221,6.520490416079588,5.497405572242831,6.491555516680436,7.63367670125281,3.026941848058099,2.379919667873367,2.9980024328941965,3.7644572813374695,NA,NA,NA,NA,NA,NA,NA,NA,NA,NA,NA,NA
18694,Kolby Allard,RP,CLE,27.2281,0.8059162909606836,0.6868831636993792,0.8027837294682725,0.9367513458883389,0.27986973825780803,0.22136827836187495,0.2773176408094303,0.3462881569893346,1.0023811657314499,0.8846013410083112,1.0009528279972943,1.1250320285965116,0.4421415415900622,0.35879885115250654,0.4391384713531431,0.5393949198974296,0.049960534668610106,0.03800204681199283,0.04933085653126497,0.063931422530945,0.06796132464109617,0.04586426047428193,0.06639165857469441,0.09486012178552916,1.2822509039892578,1.1513234498468905,1.2815514874285525,1.417186551837503,3.9792738743105596,3.2291896603725587,3.952246242178288,4.854554279076867,7.253246618646153,6.181948473294413,7.225053565214452,8.43076211299505,2.518827644320272,1.9923145052568745,2.4958587672848727,3.1165934129040114,21.94356936190659,18.70252346952307,21.85827566433507,25.50595932098228,1.3603304340103828,1.034723530801622,1.3431854947189357,1.7407311658148237,1.8504577434602305,1.248796670619796,1.807718718837637,2.582860881988567
18769,Cody Poteet,RP,NA,NA,0.8645995992213727,0.7167388059127794,0.8599231348662802,1.0278714842417043,0.3426266698718093,0.2558724141916497,0.3381841361244341,0.4438280003794405,0.9314561015968806,0.7852218418348216,0.926328449988496,1.0908750002450565,0.43186055514519744,0.3247223146668867,0.4260281536954017,0.5538379565178253,0.05349699190265428,0.039282595782407254,0.05263210774524514,0.07032517440699362,0.08214296719910048,0.05143184618474429,0.07989791441123828,0.12226243519073143,1.27408277146869,1.1014788877915036,1.270312578693404,1.4619492139962376,3.886744996306777,2.9225008320019805,3.8342533832586154,4.984541608660428,7.781396392992355,6.450649253215015,7.739308213796522,9.250843358175338,3.0836400288462835,2.302851727724847,3.0436572251199068,3.994452003414964,NA,NA,NA,NA,NA,NA,NA,NA,NA,NA,NA,NA
19178,Tommy Nance,RP,TOR,56.818600000000004,1.0004246190978419,0.8358587084082485,0.9946069044110926,1.1834798928674597,0.364102131286109,0.2731555316769359,0.3598686105170207,0.46308102275431384,0.8491278879781481,0.7019887524647752,0.8447686742864983,1.0083284335395077,0.40317727402640563,0.2882703846038595,0.3970457293185832,0.5424015653706199,0.05467560977931947,0.033236372365493254,0.0525694531594296,0.08271657690447443,0.09670068224784024,0.05120267803253002,0.09152174497324031,0.1602421511634965,1.213230019264257,1.0324661270546707,1.209985605418795,1.4032125808121871,3.6285954662376505,2.5944334614347357,3.5734115638672486,4.881614088335579,9.003821571880577,7.5227283756742365,8.951462139699833,10.651319035807138,3.276919181574981,2.458399785092423,3.238817494653186,4.167729204788825,56.84272626267264,47.49232160956491,56.51217185897211,67.24367064087905,3.1065916018072413,1.8884441468860151,2.9869227312843667,4.699840096504571,5.494397384367136,2.9092644820591103,5.200137418936552,9.104734690098242
19222,Lake Bachar,RP,MIA,57.2231,1.06536558391393,0.9020491775727626,1.0600452813824464,1.2430607944972794,0.4025614570590592,0.3105210924033983,0.40021575940148196,0.5065679408713687,0.8299380241613875,0.7133285221116527,0.8280128457150288,0.954322115408823,0.4025703492100427,0.30919093901193834,0.39880483517409426,0.5113315589473031,0.060569060276968345,0.043978083525006297,0.05938778663495414,0.08057055411765252,0.11518776334271043,0.07457451095841625,0.11222486241280907,0.1662152595706164,1.2324994812204468,1.0831311050319143,1.2295270722297218,1.3870749428813451,3.623133142890384,2.782718451107445,3.5892435165668486,4.601984030525728,9.58829025522537,8.118442598154864,9.540407532442018,11.187547150475513,3.623053113531533,2.794689831630585,3.6019418346133376,4.559111467842318,60.96352134486521,51.618050293163954,60.65907714107587,71.13179214959727,3.4659493931349874,2.516562271359788,3.3983532533906446,4.610496875329842,6.591400900536254,4.267384698024549,6.421854524334415,9.511352419935339
19225,Mitch White,RP,NA,NA,0.8185381491482888,0.6740345777643209,0.8141203546023901,0.9767300445429505,0.4288541802807732,0.3234065724774782,0.4226124518412908,0.5493341361187472,1.1091905776911501,0.939901214236723,1.1032259072339199,1.3012395285416654,0.6219071121502452,0.46657835699014144,0.6132833773825854,0.8075095455952762,0.040192730364266925,0.029046924200176644,0.03961554417181783,0.05332099974760124,0.054222634884993584,0.03301708571795566,0.0524317452905663,0.08183162396629289,1.5380447579719234,1.3359240139680686,1.5305703137167284,1.7621773342420832,5.597164009352206,4.199205212911273,5.519550396443269,7.267585910357486,7.366843342334599,6.0663111998788875,7.327083191421511,8.790570400886555,3.859687622526959,2.910659152297304,3.803512066571617,4.944007225068725,NA,NA,NA,NA,NA,NA,NA,NA,NA,NA,NA,NA
19249,Seranthony Domínguez,RP,CHW,62.4078,1.0498072494366681,0.9158976504313379,1.0485990908745901,1.1861727710043704,0.45341131032492443,0.36915770162838474,0.4509654703178818,0.5455316363270258,0.882188072142206,0.7829713780797243,0.8797648918282222,0.9878001766208822,0.4603515054008874,0.37379594874554567,0.4556349824795696,0.5599557609836748,0.05374898826656939,0.040766363505864156,0.0531287159529039,0.06868982562742583,0.2909724715850251,0.2236298746541193,0.2883949097958983,0.3683201404899861,1.3355993824671304,1.201939206333952,1.3336423181605577,1.473667609755722,4.143163548607986,3.364163538709911,4.100714842316126,5.039601848853073,9.448265244930013,8.243078853882041,9.437391817871312,10.675554939039333,4.0807017929243194,3.3224193146554626,4.058689232860936,4.909784726943233,65.5161608613937,57.159157388588845,65.44076234348324,74.02643305828654,3.354356109942409,2.5441390604012692,3.315646279445636,4.286780899791266,18.15895181218393,13.956248491439347,17.998091851560464,22.986049663670958
19261,Ian Hamilton,RP,ATL,49.0457,1.0539061591834948,0.9027715427232407,1.0508125971275109,1.2144485631100008,0.43971429469539736,0.34808727772738884,0.4368472201800957,0.5425334110956396,0.8684035300451475,0.7433600634416351,0.8660921193496356,1.006176901745234,0.44775432536676424,0.3372324662964528,0.4420044218722991,0.5748636239308056,0.052659880378581485,0.03859520106919345,0.051722138758942424,0.06959394984232303,0.10399868844399385,0.06898282356651211,0.10143786436588223,0.14873702386773222,1.3081178247405447,1.1408521928483222,1.305467963914111,1.4831573849886017,4.029788928300878,3.0350921966680753,3.978039796850692,5.17377261537725,9.485155432651453,8.124943884509166,9.457313374147597,10.930037067990007,3.957428652258576,3.1327854995464994,3.9316249816208613,4.8828006998607565,51.68956531146593,44.27706225294124,51.53783939493675,59.563479891724164,2.582740695083794,1.8929286530793412,2.536748500929462,3.4132839857816224,5.100688473817589,3.383310869796083,4.9750910643297495,7.294911451509633
19264,Thomas Hatch,RP,ARI,10.4012,0.7585594791656878,0.6303823980653506,0.7542520316843604,0.897617984913059,0.4342193220828238,0.33379013566976395,0.4302739467193861,0.5506307967845436,1.1740790237808,0.9991621897878654,1.1682735125154544,1.3642787693782077,0.6564184036571125,0.4951694079868122,0.6500534865942735,0.8395524332130186,0.03999322034887641,0.02867629956051604,0.03932476736003947,0.05399413115544419,0.05697420075821828,0.03446623992768572,0.05475786993164349,0.08761798396732338,1.608298345863624,1.399573554728503,1.602309090552849,1.8327831535282595,5.907765632914012,4.45652467188131,5.850481379348462,7.555971898917168,6.82703531249119,5.673441582588155,6.788268285159243,8.07856186421753,3.9079738987454142,3.0041112210278755,3.872465520474475,4.955677171060893,7.889928854698152,6.5567333987573235,7.845126231955369,9.336304184677708,0.4159774834927333,0.2982679269888394,0.4090247702652425,0.5616037569740061,0.59260005692638,0.3584902547358447,0.5695475567330103,0.9113321748409239
19274,Jacob Webb,RP,CHC,51.5505,0.9517862052611892,0.8258264341694269,0.9483580293955161,1.0899865058497247,0.3942359966319879,0.31726355548088736,0.3925870136033762,0.4778209398525622,0.8551174644746026,0.7485183597426365,0.8523388268548473,0.9710507385545842,0.4120019382095385,0.32514536088294926,0.40925683271075136,0.5111729167098524,0.05615303853329643,0.040142820074843516,0.055414039138796486,0.07475204907706336,0.09514094869818314,0.06635567966325905,0.0931059348087523,0.13089739898665753,1.2493534611065904,1.1137165508583673,1.2465941711551614,1.3907927354888696,3.7080174438858466,2.9263082479465434,3.6833114943967624,4.600556250388672,8.566075847350703,7.432437907524842,8.5352222645596445,9.809878552647522,3.548123969687891,2.8553719993279865,3.533283122430386,4.300388458673059,49.065054774316934,42.57176559465104,48.88833059435355,56.18934936980623,2.8947172129106975,2.0693824462682207,2.856621424624528,3.8535055059471546,4.9045634758656895,3.4206684644808356,4.799657492358586,6.747826366461689
19309,Trevor Richards,RP,NA,NA,1.1225521484012562,0.9787095266884347,1.1181853007704055,1.2816789908302626,0.4932256896008755,0.4038410860712898,0.48932473469829774,0.5939184284781042,0.870264890152552,0.756343604392261,0.8666653078320086,0.9954412497090477,0.4952012645053282,0.38866116133028533,0.4906258559052792,0.6185402792497973,0.04892754740146661,0.035127417364339455,0.04804428788441621,0.06586401478707797,0.08750138119478312,0.05886664810498438,0.08504169688157842,0.12264640542429409,1.3634905797534276,1.2113052435126508,1.3607595450669971,1.5247041820644127,4.456811380547954,3.497950451972568,4.415632703147512,5.566862513248175,10.102969335611306,8.808385740195913,10.06366770693365,11.535110917472363,4.439031206407879,3.6345697746416086,4.4039226122846795,5.345265856302937,NA,NA,NA,NA,NA,NA,NA,NA,NA,NA,NA,NA
19320,Joey Lucchesi,RP,NA,41.8058,0.8958857010393666,0.722067497562768,0.8906867394165165,1.078552126209605,0.33851609769746005,0.24319870093163412,0.33277944215121447,0.45439433995722556,0.9355667424866855,0.776410031952792,0.9296504718047189,1.1169354591442608,0.44093757538820755,0.3145063026601376,0.4343312484061096,0.5940342537169248,0.05175165254324373,0.03432403555685949,0.0503892371239357,0.07411433480602703,0.1101247255138067,0.06019535284351268,0.10562128223790851,0.1780348766608175,1.2740828401841455,1.0790440179754808,1.2667088341615371,1.4824139664485798,3.968438178493868,2.8305567239412386,3.9089812356549865,5.346308283452323,8.0629713093543,6.498607478064912,8.016180654748648,9.706969135886444,3.0466448792771406,2.1887883083847073,2.9950149793609304,4.08954905961503,37.45321844051155,30.186609389609565,37.23587169069901,45.0897344778935,2.1635192358923385,1.4349437656829565,2.106562369355831,3.0984090580338046,4.6038522498851,2.516514881905322,4.4155822009815555,7.442890446706803
19330,Matt Festa,RP,CLE,59.0129,0.9956209502665682,0.8462568687799016,0.9890339743484684,1.1673028127171248,0.3415733652566328,0.2653543269093564,0.338099813872611,0.43027722752612274,0.8903201747302744,0.7635177152961057,0.8870515016626542,1.0300083009302867,0.42861469268757124,0.32314576539060585,0.4235020721903295,0.55100833884403,0.06157068634382138,0.042292486139165364,0.05975563111503311,0.08620628488200267,0.0777004760330234,0.0511977750969711,0.07601087295186204,0.11062286448786858,1.231893539986907,1.075084042439769,1.2290848827377125,1.3996621875403292,3.8575322341881413,2.9083118885154526,3.811518649712965,4.95907504959627,8.960588552399113,7.616311819019114,8.901305769136215,10.505725314454123,3.074160287309695,2.3881889421842075,3.042898324853499,3.8724950477351046,58.75447957598596,49.94007197162146,58.36576302482873,68.88592415659441,3.633464756139297,2.495802255281952,3.5263530834283374,5.087282869113135,4.585330422089206,3.021329182020046,4.485622044420939,6.52817603973614
19337,Richard Lovelady,RP,WSN,39.6499,0.9486155952151574,0.8056165556340383,0.9442050649910219,1.1054074953549802,0.3475340754102626,0.27048596286495413,0.34485154233107546,0.43500365486286763,0.8913397128597114,0.7733876661383018,0.8873653102895144,1.0213607955289328,0.4022197391767013,0.31516911962096433,0.3989458199036499,0.4992808145895027,0.05674295651137369,0.042914575077738465,0.05603829895666794,0.07281830819659127,0.12071176591494338,0.08342343340685156,0.11795501120343757,0.16776343992116302,1.2388737882699739,1.0969218344429335,1.23542038799788,1.3905668864214111,3.6199776525903116,2.836522076588679,3.590512379132849,4.493527331305524,8.537540356936416,7.250549000706345,8.497845584919197,9.948667458194821,3.1278066786923633,2.4343736657845874,3.103663880979679,3.9150328937658085,37.61251348872147,31.942615869234057,37.43763640638752,43.82929665007543,2.249852551380316,1.7015586103748224,2.2219129498019883,2.8872386381640243,4.786209447350914,3.3077307922383237,4.6769043987151795,6.651803616530122
19343,A.J. Puk,RP,ARI,32.3255,1.1175128212950243,0.9721929558068815,1.1131710333144713,1.2747507458066878,0.3513452887409948,0.28348828351393257,0.34836773557709155,0.42895041767682046,0.8291813273331644,0.726799341946341,0.8269431145125142,0.9413296234293231,0.3938848489190429,0.31024754169529745,0.39022259230744105,0.4915618664273118,0.057615566011312,0.04379503440289191,0.05684622964271949,0.07393685097725286,0.09793145959595437,0.07240186876976633,0.09564864102850514,0.12971958076543466,1.1805266160741592,1.0533153395016144,1.1763570346164447,1.3213499746106674,3.544963640271386,2.792227875257677,3.5120033307669694,4.4240567978458065,10.057615391655219,8.749736602261933,10.018539299830241,11.47275671226019,3.1621075986689533,2.551394551625393,3.1353096201938238,3.8605537590913843,36.12416070477231,31.426623392935344,35.98381023740694,41.206955233574085,1.862451979098666,1.4156963845906825,1.8375827963157287,2.390045676265187,3.1656833971690226,2.340426608917081,3.0918901455669427,4.193250308033058
19349,Caleb Ferguson,RP,CIN,55.9103,0.9394146656671021,0.8277075183886836,0.9361038718604575,1.061345149286127,0.3876398972748031,0.3205088477335374,0.3855236016120346,0.46180858476252074,0.9462359542950262,0.847798974024738,0.9434837658075939,1.0544397009269302,0.4695985177537178,0.387055177787103,0.4664712947110504,0.5626748836435003,0.050399273467293726,0.03960145211551643,0.04988331919617277,0.06307288926738816,0.0773493998610595,0.05958885224582953,0.07679536084488531,0.09685717310096434,1.3338758515698292,1.212379694438729,1.3317737967296162,1.4648729578272,4.2263866597834605,3.483496600083927,4.198241652399454,5.064073952791502,8.454731991003918,7.449367665498152,8.424934846744117,9.552106343575144,3.4887590754732276,2.8845796296018364,3.469712414508311,4.1562772628626865,52.52295578184738,46.27737566536682,52.337848306879735,59.34012570013215,2.8178384993384324,2.2141290682141586,2.7889913412537783,3.526424160806452,4.324628151051795,3.3316306057200027,4.293651663445791,5.415313605226847
19360,Lucas Erceg,RP,KCR,63.251,1.0449843180535114,0.9102087060033944,1.0417303344977287,1.1941013227865438,0.3541966355080515,0.2846654867013326,0.35185965195545926,0.4342865103613809,0.8016691126608517,0.6931835802915323,0.7981838125330671,0.9209940364798677,0.35482158327670743,0.2743789375745111,0.352241339833276,0.44843249712041483,0.06426063571017922,0.04749739587785812,0.06340940865821693,0.08432446083566336,0.4268529472755801,0.31234159229873837,0.4203276897696098,0.5617182259118797,1.1558657481689032,1.0205489697507957,1.1524297426910093,1.3027523021473082,3.1933942494903667,2.4694104381705997,3.170172058499484,4.035892474083734,9.404858862481603,8.19187835403055,9.375573010479558,10.746911905078894,3.1877697195724637,2.5619893803119935,3.166736867599133,3.908578593252428,66.09630310120265,57.5716108634207,65.89048538731583,75.52810276757168,4.064549469304546,3.004257786670404,4.010708507040879,5.333606472316543,26.998875768127714,19.7559180544875,26.58614670561759,35.529239507152305
19362,Keegan Akin,RP,BAL,66.2747,1.051355148752837,0.9146955618473385,1.047703095167627,1.197579143107469,0.3466633957827173,0.2812233867374048,0.3438611579578872,0.42329686989791426,0.8415626546650511,0.7347900916706269,0.8395509167542192,0.9556993511079628,0.3909255079844527,0.3061585246763384,0.3874977274368603,0.48715436665056544,0.058845620877892316,0.04374336328251167,0.05780123277723658,0.0767202474079617,0.37626595555443526,0.26760871197163977,0.3708810820136902,0.5025174967208195,1.1882260504477684,1.058018202408225,1.1856102715736494,1.3286488575683457,3.5183295718600744,2.7554267220870456,3.4874795469317426,4.384389299855089,9.462196338775533,8.232260056626046,9.429327856508642,10.77821228796722,3.1199705620444558,2.5310104806366436,3.0947504216209847,3.8096718290812284,69.67824707704965,60.6211739527638,69.43620832130593,79.36919843570456,3.8999758699960494,2.8990782785394758,3.8307593619415212,5.084611380888439,24.93691332458353,17.735687103306834,24.580032446132712,33.304196339923294
19403,Colin Poche,RP,NA,26.5389,1.0076095369652502,0.8758046734017911,1.0049844323325212,1.147827971232431,0.36632469749625124,0.2902237790700448,0.3648395446225696,0.450644403728795,0.8231901326459534,0.7179944100053781,0.8198705462925862,0.9409036023790442,0.3715686611010513,0.2910483294377724,0.36854661223790164,0.46309707860708405,0.06345943290519489,0.04708329052980822,0.06248591225154286,0.08322193699658806,0.14023967995638972,0.10514074866091891,0.13868138433743146,0.18023333812167536,1.1895148301422047,1.0512421096183182,1.186753628193187,1.3335975252449288,3.3441179499094615,2.619434964939952,3.3169195101411146,4.167873707463756,9.068485832687252,7.88224206061612,9.04485989099269,10.33045174109188,3.296922277466261,2.6120140116304036,3.2835559016031266,4.055799633559155,26.74084874056708,23.242892646942796,26.67118135122955,30.462091745740366,1.6841435439276766,1.2495387390415273,1.658307376652471,2.208618663758751,3.7218068423946313,2.790319814637261,3.68045139079266,4.78319453707733
19444,Yohan Ramírez,RP,PIT,51.3211,0.9348457948854813,0.7989992161543796,0.9311089138606801,1.0845814996213041,0.47457957106405424,0.3810030070704014,0.4697488657106358,0.5788293206436379,1.0667504320556487,0.9178153119407376,1.0627835213420642,1.2340477784096378,0.6291270534259894,0.48551012390734277,0.6226452400724336,0.7928658985768001,0.041213277565334654,0.029710923408110636,0.040633833205899715,0.05477672680694994,0.06196545860950982,0.03930489116217674,0.059956031987725505,0.09089719559772548,1.5413300031197028,1.361530295558766,1.5372393563994726,1.7352897051358966,5.662143480833905,4.369591115166085,5.603807160651902,7.135793087191201,8.413612153969332,7.190992945389417,8.37998022474612,9.761233496591737,4.271216139576488,3.4290270636336126,4.227739791395722,5.209463885792741,47.97731452389727,41.005518672180536,47.78553367913535,55.66191560021491,2.1151107392582964,1.5247972713199869,2.0853730173433,2.8112018741321587,3.1801354978445144,2.0171702498231885,3.0770095132452595,4.664944064990429
19459,Jorge Alcala,RP,TOR,17.9942,0.9688725602734884,0.8387524724390983,0.9646946941227349,1.112249301640626,0.41890971745972866,0.33738106886001,0.4169483346332889,0.5120675512179322,0.9897948966661312,0.8692584835462548,0.9866132474257245,1.1219510251225777,0.5343064019089846,0.4231755486448613,0.5293673429051621,0.6614049941011506,0.04538458545228247,0.03420547584397457,0.045106791371285475,0.057894850428737654,0.07978079343211497,0.05574008899879737,0.07852882459177898,0.10842844510669665,1.40870461412586,1.2613623254893833,1.406274486875953,1.5656432701492247,4.808757617180861,3.8085799378037515,4.764306086146458,5.952644946910356,8.719853042461397,7.548772251951885,8.682252247104614,10.010243714765634,3.770187457137558,3.03642961974009,3.7525350116996,4.60860796096139,17.434086624073206,15.092679739563623,17.358909264983314,20.014036383581754,0.8166593075454611,0.6155001734316472,0.8116606252931851,1.041771517584791,1.4355915531761632,1.0029983094621595,1.4130633754693893,1.9510831269389208
19481,Tyler Ferguson,RP,ATH,43.756100000000004,1.0512319398401084,0.9001910669174901,1.0476837015800888,1.217875386107137,0.49647399473781506,0.3962674858298685,0.4928758406991288,0.6110393222676679,0.8526596129362843,0.7340673074474913,0.8494021519148539,0.9824509185534348,0.4663660819770876,0.3555099936791804,0.4612677951592249,0.5919429559817565,0.053536485247596265,0.03782025826185373,0.05262511868901834,0.07212581838757001,0.08150000089957041,0.056342190704012036,0.079925618743274085,0.111942463543312,1.3491336076740994,1.1880733861038308,1.3452861082451857,1.5208245568785008,4.197294737793788,3.1995899431126236,4.151410156433024,5.327486603835808,9.461087458560975,8.101719602257411,9.4291533142208,10.960878474964233,4.468265952640335,3.5664073724688166,4.435882566292159,5.499353900409011,45.99780988283777,39.38885034314839,45.842552814708526,53.2894771820425,2.342547802142347,1.654867002531498,2.3026699558685557,3.1559445219483524,3.566122189361693,2.465314530663821,3.4972333662925754,4.898165629047514
19531,Jason Foley,RP,SFG,27.3398,0.8472213828989196,0.7338673989519467,0.8449190048859738,0.9712455937318568,0.26019667358244514,0.20746959436707754,0.2584596947733273,0.3176740153158919,0.8924134942069338,0.7894245608569719,0.8890064425897859,1.0061613883414144,0.34176170985573495,0.274275244195373,0.33887389985699573,0.41883235051979445,0.06236204238076701,0.04715730306197412,0.061830516362030394,0.07976702046602836,0.15773019598250218,0.12010132088511649,0.1557638124684663,0.20082547772377213,1.152610167789379,1.034412577063176,1.1489383563214055,1.2804061177146069,3.0758553887016147,2.4684771977583573,3.0498650987129614,3.76949115467815,7.6249924460902765,6.604806590567521,7.604271043973764,8.741210343586712,2.341770062242006,1.8672263493036978,2.3261372529599456,2.859066137843027,23.162863164179882,20.063787913866435,23.09991660978155,26.55366028351022,1.704965766281694,1.28927123425376,1.6904339512346387,2.180814386137122,4.312312012122413,3.283546092734908,4.258551480125375,5.490528395872385
19569,David Bednar,RP,NYY,64.6292,1.1581697583108979,1.0111665678698591,1.154361327877313,1.319728474343872,0.36516855621054783,0.2963032696911357,0.3625462029639739,0.44371438265770363,0.8081682239397997,0.7057704915849451,0.8053363230451334,0.9178678190270702,0.37804982685123706,0.297168687546666,0.3741871845908916,0.4716293240255981,0.06281918026890065,0.04709779604330838,0.06188485735771999,0.08148556611021138,0.5076251988669845,0.3844278959273315,0.5017056938396758,0.648185304382144,1.1733367801503476,1.0446534604556663,1.1712820992420396,1.3099002799114379,3.4024484416611336,2.6745181879199937,3.3676846613180245,4.244663916230383,10.42352782479808,9.100499110828732,10.389251950895817,11.877556269094848,3.2865170058949307,2.666729427220221,3.2629158266757647,3.9934294439193327,74.85158494382668,65.3508863481747,74.60544913164844,85.29299551406497,4.059953365434834,3.043892880042186,3.9995688231435564,5.266346949250073,32.80741050261412,24.845267371466694,32.42483762830317,41.891697673974456
19574,JoJo Romero,RP,STL,64.1213,0.9838828418002175,0.8506124249241991,0.9815095829744687,1.1278027109403437,0.33878028215261485,0.2720777319358108,0.3367913981740518,0.4132780799939619,0.8138431446975923,0.7157273814343683,0.8104888982495095,0.9207739293344982,0.3424511401981992,0.2755209336339305,0.33903055634820334,0.4205338240819885,0.06734205325336541,0.051644663217999535,0.0665447825907422,0.0858921940951708,0.4818394544059739,0.3667442222925074,0.475197479485237,0.6149885497626234,1.1526234268502071,1.0332559560357213,1.1499877011469704,1.2823017369631715,3.082060261783793,2.4796884027053743,3.05127500713383,3.784804416737897,8.854945576201956,7.6555118243177915,8.833586246770217,10.150224398463093,3.0490225393735337,2.4486995874222974,3.031122583566466,3.7195027199456567,63.08784686392429,54.542374482292054,62.9356704227808,72.31617596901907,4.31805999927502,3.311522943600314,4.266937967935759,5.507519145234676,30.89617220780178,23.51611630088456,30.470280141316728,39.43386529589411
19614,Cionel Pérez,RP,NA,NA,0.8577036229022214,0.735387324343049,0.8550438289850395,0.990848336082369,0.5088906842131646,0.4114952444578185,0.5051921464257996,0.6189599333110262,1.0288382753266267,0.8918073327203752,1.0245898869199217,1.1803000991345782,0.5601389051222245,0.4394072190715663,0.5551466417500566,0.70062739896696,0.0464645756893949,0.03457936538708671,0.045789534625119005,0.06030459653939262,0.08871377289315147,0.06175025571122044,0.08722558908533995,0.12114938309807029,1.5377289595397914,1.36242365584712,1.534845888013544,1.7246787612348078,5.041250146100021,3.954664971644097,4.996319775750509,6.30564659070264,7.719332606119992,6.6184859190874405,7.695394460865355,8.91763502474132,4.5800161579184815,3.7034572001203663,4.546729317832196,5.570639399799235,NA,NA,NA,NA,NA,NA,NA,NA,NA,NA,NA,NA
19618,Jordan Hicks,RP,CHW,58.0619,0.893688262103991,0.7813859534916782,0.8902354478019323,1.021516676796335,0.4946742731159455,0.4101783520192066,0.49196448413873,0.5882935008146946,1.0501762140696371,0.9336801953693019,1.0481576914183313,1.1694490550296768,0.5930346989033496,0.4867687340430767,0.5887891561574171,0.7134462418559232,0.04182563134097363,0.031904983690288255,0.04149771854797388,0.05315024474874959,0.07359762749524053,0.054048546005700845,0.0724138735915222,0.09698646350163494,1.5448504871855826,1.400393505278574,1.5426750797250581,1.6944379585009002,5.337312290130146,4.380918606387691,5.299102405416754,6.421016176703309,8.043194358935919,7.032473581425103,8.012119030217391,9.193650091167015,4.4520684580435095,3.6916051681728597,4.42768035724857,5.294641507332251,51.889238505455715,45.36875309303847,51.688761546731016,59.31119913648113,2.428475624356477,1.8524639725271477,2.4094363845606046,3.086004195577424,4.2732180878659065,3.138161273328402,4.204487087083603,5.6312183451855775
19677,Gregory Soto,RP,PIT,61.1534,1.0754478115119375,0.94368908501126,1.070443246731525,1.222894604659332,0.4427158292564287,0.36435982813829626,0.43970927290155076,0.5297879744980742,0.8652815701526984,0.7689154679058802,0.8624791497048817,0.9716485988662016,0.4344748592186564,0.35039505196338144,0.43021061995172477,0.5298596123969219,0.05532015585992985,0.04095805410307345,0.054611271423026894,0.07239619312690228,0.3785903839239333,0.2871427009488808,0.37406871821628235,0.48224026186792346,1.307997399409127,1.1822935608096863,1.3048056695774117,1.4473064712883243,3.910273732967908,3.153555467670433,3.871895579565523,4.768736511572297,9.679030303607437,8.49320176510134,9.633989220583725,11.00605144193399,3.9844424633078583,3.279238453244666,3.957383456113957,4.768091770482668,65.76729019651411,57.70979609132759,65.46124404467164,74.78416291657399,3.383015619364634,2.504724265786892,3.3396649258409328,4.4272733567667055,23.15208918425386,17.559752448207284,22.8755739525676,29.49063163011387
19736,Caleb Boushley,RP,NA,NA,0.8174039105803407,0.6752280292723907,0.8114872540162399,0.9811001094443617,0.3784478691597312,0.2786640380243329,0.37315084532422804,0.496613999150231,1.1660788514147757,0.9854977569950473,1.1605954262983116,1.3677069824571757,0.6471074973261715,0.48360873852334274,0.6392201169738637,0.8398893173084995,0.038554518430706,0.026332268757102553,0.037728621348255983,0.05333181294545551,0.05543245885170243,0.03157334270682516,0.052722434321462903,0.08780584258830385,1.544526720574507,1.3355757124194287,1.5402092253329809,1.7725519690587095,5.823967475935543,4.352478646710084,5.752981052764773,7.559003855776496,7.356635195223066,6.077052263451516,7.303385286146159,8.829900984999256,3.406030822437581,2.5079763422189965,3.3583576079180526,4.46952599235208,NA,NA,NA,NA,NA,NA,NA,NA,NA,NA,NA,NA
19742,Anthony Bender,RP,MIA,63.2033,1.0255894613774188,0.8816440612052676,1.0215949739176355,1.1806839852162465,0.35603018708891765,0.281926758405887,0.35377083227060946,0.4409149009937862,0.8245883441003039,0.7206794259444503,0.8219400460251287,0.9410089202838601,0.37778214198488946,0.29644640471783507,0.3734167521781476,0.47139879023539166,0.06113455075718774,0.04529678748296817,0.06017494901479832,0.0798016169756217,0.12539617102635542,0.09138739713757663,0.12325019290791775,0.16728514498485497,1.1806185311892217,1.0460256072080867,1.1764957459251972,1.326039359077292,3.400039277864005,2.6680176424605158,3.3607507696033285,4.242589112118525,9.230305152396769,7.934796550847409,9.19435476525872,10.626155866946219,3.204271683800259,2.537340825652983,3.1839374904354854,3.968234108944076,64.82063840427541,55.72281409357489,64.56817361500849,74.623124122818,3.8639053518717636,2.862906448322282,3.8032553550670025,5.043725538195311,7.92545181623005,5.775985077505396,7.789818917416998,10.572973204021284
19753,Jonathan Loáisiga,RP,ARI,50.4361,0.879461553025529,0.7396184721057025,0.8768455123355539,1.0323428350616222,0.32608684664254417,0.2517465912216057,0.32197537225868783,0.4151781969211658,0.9432100040023943,0.808196032771021,0.9389582767054083,1.09366516198307,0.4275032607811091,0.3245556457397406,0.4228779042115874,0.5465789397834018,0.053015963534066825,0.03865194378232125,0.0520726983696745,0.07069607083751536,0.11731861049716234,0.07427312435304423,0.11378232122429699,0.1720367834752319,1.2692968506449385,1.1065731027709782,1.2659898052796164,1.4423165357051564,3.8475293470299823,2.9210008116576653,3.8059011379042866,4.919210458050616,7.91515397722976,6.656566248951322,7.891609611019985,9.291085515554599,2.9347816197828975,2.2657193209944513,2.8977783503281906,3.736603772290492,44.356610834550885,37.30347122097042,44.22466794470723,52.067346463451486,2.673918438400548,1.949453301799533,2.6263438222427404,3.5656340983680086,5.91709317089593,3.7460467271825744,5.7387365315007655,8.676864415035144
19769,Will Vest,RP,DET,65.1548,1.0179036916298538,0.889549238055137,1.0124442705208085,1.1600365032739677,0.2945159921106886,0.23668519525189,0.29310118417725206,0.35660668884810537,0.7988430234282052,0.7007042291643866,0.7960284661127921,0.9057564457617152,0.33091655839165773,0.2609283709279729,0.32820568471510786,0.4119530277830294,0.06417796398122698,0.04808658834233042,0.06322180318772608,0.08349028550207711,0.3561385055187621,0.26147702718189003,0.35118919811927,0.4678625170580852,1.093359015538894,0.9743534914687424,1.0906836291138224,1.2192600704173704,2.9782490255249194,2.348355338351756,2.9538511624359707,3.7075772500472644,9.161133224668685,8.005943142496232,9.111998434687276,10.44032852946571,2.650643928996197,2.13016675726701,2.6379106575952687,3.2094601996329484,66.3213114474048,57.95840269563483,65.96560395692917,75.5819463635147,4.1815024076040475,3.1330720461268697,4.119203942335655,5.439792853830734,23.204133099373838,17.036483410630606,22.88166196562141,30.483488726416127
19795,Keegan Thompson,RP,COL,30.5971,1.081129884882739,0.9210225596319744,1.0752885283393674,1.2649120059233223,0.5032518013100208,0.39841303026371105,0.4987165676979819,0.6233843632696076,0.8074427546648981,0.6925015309349356,0.8044749945468669,0.9327796126346586,0.41266638704132813,0.3166127191627719,0.40864624488841084,0.5231679623686444,0.058121165321269895,0.04288687146746608,0.05727104679821639,0.07625869896959077,0.11815197685127296,0.07720986657549592,0.11535147755096217,0.17033395441187504,1.310694555974919,1.1497029020925078,1.3065259800323372,1.489046545594563,3.713997483371953,2.8495144724649473,3.6778162039956976,4.708511661317799,9.730168963944651,8.28920303668777,9.6775967550543065,11.384208053309901,4.529266211790187,3.5857172723733997,4.488449109281837,5.610459269426468,33.07943920074566,28.180619359315486,32.90071063045246,38.70263913643649,1.7783391074514272,1.3122138949772064,1.7523279459897068,2.3332950382424658,3.615107850916084,2.3623980085971064,3.529420693774545,5.211725036535582
19804,Bryan Baker,RP,TBR,64.1176,1.087208031572622,0.9411114310567392,1.0827949868154922,1.246911375828402,0.3594848542377784,0.28824850099875204,0.3570963822648484,0.4377389653179245,0.8471971057723082,0.7343541704720337,0.8430397994608028,0.9708039111058591,0.41135554647678113,0.31796948906763023,0.40789144775177666,0.5164978425062665,0.05646260218828652,0.04166323371173253,0.05561436269016599,0.07406927397305706,0.1037386721659837,0.07391605709638735,0.10191441924179614,0.14027861038290773,1.2066819600100867,1.065408810457897,1.2029369005194948,1.3632557313341447,3.70219991829103,2.861725401608672,3.67102302976599,4.648480582556399,9.784872284153598,8.470002879510654,9.745154881339431,11.222202382455619,3.2353636881400054,2.5942365089887685,3.213867440383636,3.9396506878613207,69.70916968516075,60.34180629192358,69.426215846641,79.94896483081514,3.6202465420676795,2.6713465538353813,3.5658594612229866,4.749144080894883,6.651474686469676,4.7393201824833255,6.534507967177788,8.994327829087124
19835,Gerson Garabito,RP,NA,NA,0.8981169372195719,0.7333343353273145,0.8921275375683485,1.0892024182284517,0.41192958134829866,0.30336858736546973,0.4054825823068159,0.5402653377250152,0.9819511768423317,0.8329098431064919,0.9775871202582213,1.1408099959998168,0.5065383463375074,0.3840048822068079,0.5009728043738326,0.6483666936725112,0.046535618817591815,0.03393157297665462,0.04598658158025394,0.06135052673036112,0.07013835595304116,0.0431173132430177,0.06812089189152146,0.10424326770711041,1.3938807581906303,1.2097912856035444,1.387537146806816,1.5899739442149747,4.558845117037566,3.4560439398612712,4.508755239364493,5.8353002430526,8.083052434976146,6.600009017945831,8.029147838115136,9.802821764056064,3.707366232134688,2.7303172862892278,3.649343240761343,4.862388039525136,NA,NA,NA,NA,NA,NA,NA,NA,NA,NA,NA,NA
19866,Brandon Bielak,RP,NA,NA,0.7665414479917407,0.6439176003032973,0.7625767712197675,0.9060899123442904,0.3904566626164184,0.30450315795212396,0.38644847965902407,0.4924049425304894,1.1071814499919579,0.9545086222563357,1.1037505948737163,1.2728973495426046,0.5719289077469066,0.44113070101278784,0.5672049553630631,0.71625084550919,0.04254899155032593,0.031771299143994326,0.042086844102881486,0.05500954138577379,0.05724234711077014,0.03701839820173091,0.055650637804885356,0.08312704146085827,1.4976381126083762,1.3131615341878737,1.493980579707487,1.6963972439141124,5.14736016972216,3.9701763091150903,5.104844598267569,6.446257609582711,6.898873031925667,5.795258402729675,6.8631909409779075,8.154809211098613,3.514109963547766,2.7405284215691155,3.4780363169312167,4.431644482774405,NA,NA,NA,NA,NA,NA,NA,NA,NA,NA,NA,NA
19874,Alex Faedo,RP,NA,NA,0.9989627140865466,0.8445982397272458,0.9945797733895971,1.1680839655986253,0.42643306702925515,0.32697865339988896,0.4228616695960371,0.5377804792862553,0.8686471952776084,0.7558231503618064,0.8652177929222491,0.9891447933906525,0.42459269444256087,0.33728273879598414,0.4210155042310485,0.5249467739706218,0.05588051265658501,0.042511618562966154,0.05515925834285494,0.071573759360736,0.10456487692449402,0.070134445385644,0.10210012609341165,0.1464256481434965,1.2950802623068636,1.1464343676562008,1.293025492854364,1.4516045377110092,3.821334249983048,3.035544649163857,3.7891395380794366,4.724520965735596,8.990664426778919,7.601384157545212,8.951217960506375,10.512755690387628,3.8378976032632965,2.9428078805990006,3.805755026364334,4.840024313576297,NA,NA,NA,NA,NA,NA,NA,NA,NA,NA,NA,NA
19876,Kevin Ginkel,RP,ARI,59.7589,0.9442742281224781,0.8155559642471172,0.9423995045093734,1.0840044654977268,0.36116834910647394,0.28463277726389874,0.35959652944472853,0.44541833188189117,0.9921942112712425,0.8637364895532458,0.9886041457003226,1.134785450890199,0.5051098780301102,0.393572372651161,0.4993149009092761,0.6395932778507322,0.052754924829518574,0.03797617549679984,0.051693759829443145,0.07084901655649051,0.2572336427928458,0.1818634874929287,0.2526405849881154,0.34615853487941495,1.3533625603777166,1.1987071941227083,1.3498998399023743,1.5163892728339996,4.545988902270992,3.542151353860449,4.493834108183485,5.75633950065659,8.498468053102302,7.340003678224055,8.48159554058436,9.756040189479542,3.2505151419582656,2.5616949953750887,3.236368765002557,4.00876498693702,56.42878917094835,48.73672731184705,56.31675775002519,64.7789144532321,3.1525762773947172,2.269414473895712,3.0891622242717096,4.23385929549766,15.37199953629339,10.867961962741175,15.09752345424629,20.68605327000547
19891,Ryder Ryan,RP,NA,NA,0.9026655984811898,0.7300595491901952,0.8974646632567187,1.0992276950354736,0.4027723244283539,0.2899205274705442,0.39517075444062255,0.5367259081228278,0.9781357630782227,0.8184668649157466,0.9715708333273009,1.1574678816520454,0.49579585939385873,0.36598935087678663,0.48935793740478706,0.6499380471488665,0.04884406313425809,0.03521263988801617,0.04793621442700227,0.06535712178263081,0.0843020076910535,0.05066499951141084,0.0807867992127961,0.13018166403666495,1.3809080875065767,1.1832312099328997,1.3733211168389068,1.600548849524794,4.462162734544728,3.2939041578910797,4.404221436643083,5.849442424339799,8.123990386330707,6.570535942711757,8.077181969310468,9.893049255319262,3.6249509198551855,2.6092847472348977,3.556536789965603,4.830533173105451,NA,NA,NA,NA,NA,NA,NA,NA,NA,NA,NA,NA
19911,José Suarez,RP,ATL,19.4514,0.9507340367533587,0.8008992938281367,0.9451614415773036,1.1171503371024547,0.48390268594096325,0.37836627064411543,0.4793501191574484,0.6082360543137755,1.0255865228434589,0.9022608878061001,1.022716057121872,1.1627981275858192,0.5866963790574206,0.4707891884237933,0.5815445803725907,0.7173424859351276,0.04161811254072799,0.030644494952517493,0.041036092208878855,0.054236638795728556,0.057823981227593524,0.03672829764296334,0.05597057199986674,0.08512939044685769,1.509489208784422,1.3493518099112172,1.5056133223392714,1.6846476411085811,5.280267411516785,4.23710269581414,5.233901223353317,6.456082373416148,8.556606330780228,7.20809364445323,8.506452974195733,10.054353033922093,4.35512417346867,3.405296435797039,4.314151072417036,5.474124488823979,18.49310804250428,15.57861252396862,18.384713264696764,21.730138067114687,0.8095305542747164,0.5960783291193987,0.7982094439917862,1.0549785558712343,1.1247573884504127,0.7144168087723372,1.0887059841982079,1.6558858253380075
19924,Bryan Hudson,RP,NYM,37.2021,1.048427735806394,0.8851675891727305,1.0450543134964332,1.221109607374269,0.3094237390097872,0.23225119109507522,0.30648158371314527,0.3935448307461415,0.7478372449489208,0.6503391993436035,0.7463598588845818,0.8512204709291296,0.31012098006389255,0.2443984272966692,0.3077906622740054,0.38196000937439567,0.06710181794746409,0.05112184364895696,0.066073740743462,0.086762214274254,0.1005315526966516,0.07368147254320165,0.0993632815524737,0.13224677354746306,1.057260983958708,0.9333969319909177,1.0569567480299584,1.1825296237179104,2.791088820575033,2.199585845670023,2.7701159604660486,3.437640084369561,9.435849622257546,7.966508302554574,9.405488821467898,10.989986466368421,2.784813651088085,2.090260719855677,2.7583342534183073,3.5419034767152735,39.003713470243056,32.93009316916284,38.878215076125656,45.4278417244983,2.496328541463354,1.9018399396128618,2.458081910512348,3.227736571652225,3.7399848765761026,2.7411055096994423,3.6965227366432822,4.919857694190076
19926,Tony Santillan,RP,CIN,68.0355,1.1911024490177209,1.031802168781879,1.1884005991846782,1.3557241434455471,0.3739737037034986,0.30136613858020433,0.37174726898589106,0.4549377701126126,0.7371113200539808,0.6520123602888969,0.7338014337333535,0.830648378767896,0.32769853466720933,0.26334566725961106,0.3252636372066906,0.3990034860486703,0.06435047983583517,0.04912627314022263,0.06374896346126464,0.08170273141499874,0.49651101911365736,0.3786062934404953,0.48998057367573733,0.6355849877305729,1.1110850237574794,0.9949974778037572,1.1095538705810446,1.23277769734201,2.949286812004884,2.3701110053364998,2.9273727348602154,3.5910313744380327,10.719922041159489,9.286219519036912,10.695605392662104,12.201517291009925,3.365763333331487,2.712295247221839,3.3457254208730194,4.094439931013514,81.03725067014514,70.19917645415953,80.85342896582917,92.23736996138952,4.378117070870964,3.342330556231617,4.33719260356887,5.558686183185147,33.780375440907235,25.75866847737082,33.33607332031563,43.24234243274339
19976,Tyson Miller,RP,NA,NA,0.9368906689769894,0.792394090333164,0.9331596803250594,1.0961578930891422,0.267602220410045,0.19817803955515634,0.26529584381102445,0.3433264376410672,0.8422854750587053,0.7373945053562406,0.839695962650835,0.9575436039423497,0.3463167262450994,0.272841076053967,0.34345622275447163,0.4280939704157699,0.061680740037007395,0.04654206874104134,0.060635126269100684,0.079524383528979,0.094843669029118,0.06793074218808967,0.09348247183221849,0.1262571612718164,1.1098876954687502,0.9841438501862441,1.1075824493202102,1.243109161149613,3.1168505362058947,2.4555696844857033,3.0911060047902446,3.8528457337419293,8.432016020792904,7.131546812998476,8.398437122925534,9.86542103780228,2.408419983690405,1.7836023559964072,2.3876625942992202,3.0899379387696047,NA,NA,NA,NA,NA,NA,NA,NA,NA,NA,NA,NA
19990,Bryse Wilson,RP,PHI,23.1079,0.760490262056349,0.6629050365170652,0.7570687990450347,0.8687802535076701,0.33173657354187763,0.2757054956589915,0.3300298073115542,0.39474269200912404,1.065697606394733,0.9549639394731728,1.064622710739639,1.1871001333911213,0.5117588505890984,0.4187706703671232,0.5088820638104641,0.6135763910705788,0.04492092488204964,0.03456194833285274,0.044452092685886443,0.05673400735220107,0.05287791568263904,0.036992189935626106,0.05214241963664817,0.07117436460708886,1.3974341799366106,1.2681951112058496,1.3959720627513295,1.5337224071772415,4.605829655301886,3.7689360333041084,4.579938574294177,5.522187519635209,6.844412358507141,5.966145328653587,6.813619191405312,7.819022281569031,2.985629161876899,2.4813494609309235,2.9702682658039876,3.5526842280821165,17.573332926571908,15.318343293332692,17.494270101452756,20.07568722002989,1.038028240081915,0.7986540458807279,1.0271945125761954,1.311003768493927,1.2218975878028546,0.8548118258134545,1.2049018187217022,1.6446900999041487
19996,Dylan Lee,RP,ATL,65.8781,1.0514212142864332,0.9149383598634784,1.0488192173226625,1.2021551280873433,0.27661445582252125,0.21904664457100642,0.2745898397234229,0.3407612729638593,0.8369154354930113,0.728588597134125,0.8343919722581292,0.9568395628346701,0.3579190416142704,0.27823031793739317,0.3554595493509743,0.44700316202418056,0.059516251566199316,0.043543686618604666,0.058828260918247915,0.07803747091783221,0.360957760077104,0.26167149442240445,0.35605340657196405,0.4733162941250537,1.1135298913155325,0.9871820856555334,1.1108119693754683,1.2459763274315938,3.221271374528434,2.5040728614365384,3.1991359441587686,4.023028458217625,9.462790928577899,8.234445238771306,9.439372955903963,10.819396152786089,2.4895301024026915,1.9714198011390578,2.471308557510806,3.0668514566747334,69.26563189688308,60.27440076492222,69.0942172807041,79.19569574365082,3.9208175723032355,2.8685753414291,3.8754940555984283,5.140960312872043,23.779211414135467,17.238420876708602,23.456121923488507,31.181178155999703
20009,Kenny Rosenberg,RP,NA,NA,0.8131034831965179,0.673489428941837,0.809925914740021,0.9631289021326916,0.38073252316978373,0.2900344497958515,0.375845486582834,0.4881518120760895,1.066737271741243,0.9197036162821133,1.064643666588848,1.2279120750375203,0.5484650210410386,0.42832937564997603,0.5429058187938636,0.6928361331304456,0.04335793713605141,0.03199956400404928,0.04284776385941562,0.05644986718093642,0.05739353335651176,0.036606746749522794,0.05581632787504533,0.08369867831940828,1.4474697949110267,1.2706446439899755,1.4449881680973766,1.6335166007844404,4.936185189369347,3.8549643808497844,4.886152369144773,6.23552519817401,7.317931348768662,6.061404860476533,7.289333232660189,8.668160119194225,3.4265927085280534,2.6103100481626638,3.382609379245506,4.393366308684805,NA,NA,NA,NA,NA,NA,NA,NA,NA,NA,NA,NA
20020,John Schreiber,RP,KCR,63.5226,0.9508090322670262,0.8227677860082158,0.9476294330791655,1.0859487222547217,0.36868156884344844,0.29655123449150284,0.36689717161126817,0.44814146823371065,0.9296597952213961,0.8053632774970927,0.925963241232365,1.066547610408823,0.4530602584495011,0.3494272282211761,0.447181945831268,0.57502517905278006,0.053223517346746435,0.037772606822328185,0.05252060294709351,0.07135542363111143,0.11197380204175798,0.08000041534856707,0.11108442495315257,0.14774605441274694,1.2983413640648445,1.1447379911247209,1.2940527643367266,1.4605137756169482,4.07754232604551,3.144845053990585,4.024637512481412,5.17522661147502,8.557281290403235,7.404910074073942,8.528664897712488,9.773538500292496,3.318134119591036,2.6689611104235254,3.3020745445014135,4.033273214103396,60.39786183308539,52.26434896348548,60.19588542571459,68.98228630429779,3.380896203010435,2.3994141941320244,3.336245252767042,4.532682033149639,7.112867037577775,5.081834384020886,7.056371492529129,9.385213516039158
20023,Rico Garcia,RP,BAL,49.802,1.0020803180130327,0.8202631078183971,0.9957613311179967,1.2005445182263665,0.3405335144907395,0.24331647990845548,0.33512434667175983,0.4536893447027402,0.880272345103652,0.738069468656606,0.8752798573146008,1.038477071906187,0.4140780326678965,0.3030365544387284,0.4082988224639823,0.5429115704336139,0.05394631196387064,0.037502917246658676,0.052671309986026565,0.07478554404110133,0.09821039719839658,0.06240915479671964,0.0952943395239285,0.14356258589712204,1.2208058595943916,1.038353382062168,1.2177490247639295,1.4148642524223847,3.7267022940110683,2.7273289899485555,3.674689402175841,4.886204133902526,9.018722862117293,7.382367970365573,8.96185198006197,10.804900664037298,3.0648016304166554,2.1898483191760993,3.0161191200458384,4.083204102324662,49.90560399768505,40.85074329557181,49.59090581233847,59.78951809670951,2.6866342284246856,1.8677202847180954,2.623136579924095,3.7244696643349284,4.891074201274547,3.1081007271862315,4.745848696970687,7.149703902848471
20038,Darren McCaughan,RP,NA,NA,0.7486920916711374,0.6168261275453406,0.7449590887843873,0.8926670015285286,0.37535747198943736,0.28044130477329277,0.37122006394702944,0.48477543176312127,1.1543949176683517,0.9944938435021662,1.1491126545616221,1.3280038383106996,0.6010407445471639,0.47020429392330915,0.5954263803573132,0.7556180731657742,0.039964948753368326,0.02943169769881792,0.03952373849614464,0.051556773529640595,0.05383307364735618,0.034312386836331796,0.05215426189681614,0.0783007389734247,1.5297523896577891,1.3486384396465148,1.5248130811245486,1.7257304936417168,5.409366700924475,4.231838645309782,5.358837423215819,6.800562658491968,6.7382288250402365,5.551435147908066,6.704631799059486,8.034003013756758,3.3782172479049364,2.5239717429596347,3.340980575523265,4.362978885868092,NA,NA,NA,NA,NA,NA,NA,NA,NA,NA,NA,NA
20039,Adrian Morejon,RP,SDP,68.0093,1.0001013610698974,0.868985802540351,0.9976110107184469,1.138296312445289,0.28877044613078034,0.2336127578912195,0.28748959645934297,0.34988188991118324,0.8107368906854034,0.7248850766036904,0.8086777375303511,0.9051488726089673,0.33058770636478785,0.27004262317343186,0.3287027638294462,0.3974898090648375,0.0723030434078469,0.05529945904898733,0.07131849344235464,0.09270130608572127,0.33808647310427326,0.26240811336348924,0.3349208589034678,0.4245789754995455,1.0995073368161836,0.9973488121917058,1.0980211583151742,1.2085097794248132,2.9752893572830907,2.430383608560887,2.9583248744650157,3.5774082815835375,9.000912249629078,7.820872222863159,8.978499096466022,10.244666812007601,2.598934015177023,2.1025148210209754,2.587406368134087,3.1489370092006492,68.01619349541097,59.09911614070749,67.84682651125406,77.41473540198538,4.917279370037282,3.760877500300294,4.850320816069129,6.3045509359756435,22.99302437529045,17.846192104171546,22.77773316942361,28.875318918441238
20045,Sean Guenther,RP,DET,15.4846,0.8802921635938401,0.7186701071985335,0.8739566612857487,1.0610499348009785,0.308099996418902,0.22937548413284528,0.3033657404540746,0.40160754342693844,0.9136678134316876,0.7761765394168317,0.9098718610087057,1.066630923088415,0.40096613816283727,0.3051052414409065,0.3962825195860613,0.5093247142009135,0.05620837502049253,0.04142762586491806,0.05517454014583996,0.07430819993412746,0.0912623939753564,0.05755702928831054,0.08851276681262865,0.13387358663998306,1.2217678098505895,1.0556093357133571,1.217475269711286,1.4026938292940647,3.6086952434655353,2.7459471729681586,3.566542676274552,4.583922427808222,7.9226294723445605,6.468030964786802,7.865609951571738,9.549449413208807,2.772899967770118,2.0643793571956075,2.7302916640866712,3.614467890842446,13.630972036385177,11.128319141926413,13.532869317345304,16.429933820419233,0.8703642038423186,0.6414902154679103,0.8543556843422735,1.1506327526999902,1.4131616657508037,0.8912475757177734,1.3705847889868297,2.072978939685482
20061,Kaleb Ort,RP,LAA,29.1021,0.9951069704903529,0.8417258566477438,0.9893290874199568,1.1679955658045924,0.4500994634374505,0.34902115683719037,0.447492805392009,0.5599231794357754,0.9138284861207743,0.7780599414349232,0.9100694341538078,1.0626693836477823,0.49648187018443746,0.3712140246548782,0.4914333598701203,0.6379896704286911,0.050475778498249774,0.03313915707255515,0.04928549918729926,0.07290438905343945,0.09052550144595362,0.05062952143660506,0.0869081875182584,0.14484460518921177,1.3639279495582248,1.195002313775939,1.3609332284525406,1.545453766826135,4.468336831659937,3.3409262218939038,4.422900238831083,5.7419070338582205,8.955962734413177,7.5755327098296945,8.903961786779611,10.511960092241331,4.050895170937054,3.1411904115347133,4.02743524852808,5.039308614921978,28.9597025659073,24.495990052748304,28.791554035004324,33.991123755601826,1.4689511534339148,0.9644190630412073,1.4343115258987018,2.1216708206721,2.634482195630287,1.4734253958002241,2.529210763975108,4.21528218467696
20116,Calvin Faucher,RP,MIA,65.8796,1.053646711144864,0.9148700794782978,1.0490067547651794,1.2047959371586625,0.39951498437680455,0.32484983775324366,0.3978701147689639,0.48052748217374325,0.8363908533121194,0.7316942007171893,0.8333599514688974,0.9486966553820751,0.39601215138586815,0.31254252543764355,0.39263767814125394,0.4897500652238438,0.0575445255136125,0.04333343662194377,0.056794956513393446,0.07424687413943108,0.3681800694093852,0.26959086765792467,0.3639172061823896,0.48097885774068416,1.2359058376889238,1.0984870874247246,1.2330878704446488,1.3760774007313965,3.5641093624728133,2.812882728938792,3.5337391032712855,4.407750587014594,9.482820400303776,8.23383071530468,9.441060792886613,10.843163434427963,3.595634859391241,2.923648539779193,3.580831032920675,4.3247473395636895,69.41382387153918,60.271274887998466,69.1081454012281,79.37147442163781,3.791010323026586,2.8547894712790067,3.7416290171197546,4.891354369556064,24.25555570066253,17.760538524957013,23.974719976413354,31.686694756413175
20160,Nate Pearson,RP,HOU,52.0802,0.9863811696702816,0.8500958555003313,0.9823023439997396,1.1357490856352797,0.37879963228028446,0.30404453148320926,0.3763865410245918,0.4629295318842301,0.9344227426501762,0.8299841623248405,0.9328358673644448,1.0429900640860361,0.4678102520473297,0.3809764709169632,0.4646318224917837,0.5669177389768788,0.05025151698357148,0.03816786423952967,0.0497309049000923,0.06430371872047495,0.07645242397719251,0.05572999011304016,0.07513936561369713,0.10179049156879547,1.3132223749304608,1.1855481505825356,1.311264782108164,1.4466767577175292,4.210292268425967,3.4287882382526687,4.181686402426053,5.102259650791909,8.877430527032534,7.650862699502982,8.840721095997656,10.221741770717516,3.40919669052256,2.7364007833488833,3.3874788692213262,4.166365786958071,51.370928592662196,44.27316217362835,51.15850253597524,59.15003952970249,2.6171090548077993,1.987790003167553,2.589995473377787,3.3489505317060795,3.9816575312169813,2.902429031085154,3.913273189034469,5.301269159001182
20167,Kyle Muller,RP,NA,NA,0.7933635066203629,0.657749846790258,0.7891648944201324,0.9380935150935432,0.29901875109645487,0.2223981230874882,0.29541170270532335,0.38567446978556313,1.02739860469118,0.8982403072553405,1.0245572381724064,1.165888065766406,0.4703187461902598,0.37183499828861455,0.46642975283431876,0.5851551710430436,0.04504250229860888,0.032699947551062446,0.04446273881588328,0.05879353467935713,0.05488971914506684,0.03448655879996189,0.05304584415143797,0.08118620075448083,1.3264173557876349,1.1819444702899755,1.3236687486792316,1.4835113912524185,4.232868715712338,3.346514984597531,4.197867775508869,5.266396539387392,7.140271559583266,5.919748621112323,7.102484049781191,8.442841635841889,2.691168759868094,2.001583107787394,2.65870532434791,3.4710702280700683,NA,NA,NA,NA,NA,NA,NA,NA,NA,NA,NA,NA
20185,Zach Pop,RP,PHI,43.0969,0.801694054861076,0.6866113928507234,0.7978534260331638,0.9320216258962061,0.3397649243016243,0.27439473097123634,0.336009019370056,0.41785985751542143,1.0198472999370614,0.8996130497240148,1.015966987249424,1.149130051844569,0.48076083763920385,0.38777919901274055,0.4764875059464915,0.5873956373509968,0.047571858623593546,0.035822684796263035,0.0470955958914978,0.06063153612484585,0.06841501285171564,0.04812536362368301,0.06723261018270896,0.09275460560227598,1.3596122242386857,1.2200476715786153,1.356606885133267,1.5081906263597904,4.326847538752835,3.490012791114665,4.288387553518423,5.286560736158971,7.215246493749684,6.1795025356565105,7.1806808342984745,8.388194633065854,3.0578843187146187,2.469552578741127,3.024081174330504,3.7607387176387927,34.55052851294231,29.590822536548337,34.385009316408656,40.167242809086204,2.0501996339151485,1.5438466643960684,2.0296741865762917,2.613031249218869,2.9484749673691035,2.074053983553504,2.8975170777831893,3.997435962180728
20191,Garrett Whitlock,RP,BOS,65.3047,1.0695217562715877,0.9311691291199584,1.0651776228615841,1.2199462785493498,0.2804181995534263,0.22280220695515243,0.2779090261170045,0.3452632336387883,0.8378518439893596,0.7320751309082407,0.8354760152010223,0.9511877361022462,0.3638692014000707,0.28815427814141203,0.36095352240534917,0.44993060506640886,0.06176576690042836,0.04659847596989608,0.060826562714250465,0.08038612280795625,0.35137026341358596,0.25676945244438637,0.3462598711805249,0.4647209924089442,1.118270043542786,0.9939562379741824,1.1163238710277765,1.2514458663296146,3.274822812600636,2.5933885032727084,3.2485817016481424,4.04937544559768,9.62569580644429,8.380522162079625,9.586598605754258,10.979516506944147,2.5237637959808366,2.005219862596372,2.501181235053041,3.107369102749095,69.84479743678915,60.809720626440146,69.56110510768889,79.66822573678172,4.033594877702403,3.0430994936712725,3.972260430085312,5.24959163413674,22.946129641145205,16.76825206104492,22.612397009482827,30.348464992968378
20203,Eli Morgan,RP,KCR,24.0386,0.9642379723287064,0.8370044238726277,0.9617431959298393,1.1014493887951322,0.3063233221815465,0.24705069306101857,0.30406063613001255,0.37417842609873275,0.8847835511918845,0.7782385228053712,0.8809207568202879,1.0046016886605176,0.39747119835931694,0.31691619182987113,0.39385382165134936,0.49486997947244965,0.05623752515414176,0.043416574005814446,0.05558112574746282,0.07154634051894385,0.08567701094848702,0.05972418933124975,0.08394057394968349,0.11598443020664691,1.191106873373431,1.0680201949305166,1.186293882556745,1.327491127174763,3.5772407852338524,2.85224572646884,3.544684394862144,4.453829815252047,8.678141750958359,7.53303981485365,8.655688763368554,9.91304449915619,2.7569098996339187,2.223456237549167,2.736545725170113,3.367605834888595,23.178930921620843,20.12041454370455,23.118959989679034,26.477301277490664,1.351871372170352,1.043673655896171,1.3360924493929598,1.7198738611986835,2.0595553953863,1.43568589765818,2.0178138809468615,2.7881033239655024
20206,Mike Baumann,RP,NA,NA,0.9210459003440105,0.7953581231120838,0.9179345288051874,1.0558078689473134,0.4238555792756399,0.3416641947609312,0.42231451407266984,0.5122229758359748,0.9406647735770408,0.8310004379723578,0.937527971084627,1.0617490546837716,0.46823382723512025,0.3770522752122338,0.4649347258971284,0.5721153699377028,0.05350281446858425,0.04074296020606631,0.052727288342764154,0.06872072995989072,0.09545133452322245,0.06724283835222908,0.09385806564054437,0.13001386182258415,1.3645203528526806,1.2265948870327028,1.3613913909423179,1.5131298613249153,4.2141044451160825,3.393470476910104,4.1844125330741555,5.149038329439326,8.289413103096095,7.1582231080087535,8.261410759246687,9.50227082052582,3.814700213480759,3.0749777528483806,3.8008306266540286,4.610006782523773,NA,NA,NA,NA,NA,NA,NA,NA,NA,NA,NA,NA
20253,Griffin Jax,RP,TBR,66.3942,1.2046806512901065,1.0536386637336783,1.1990841130230017,1.3733356621026394,0.3083799771519179,0.24907740336341197,0.3058573832843382,0.3768496943434325,0.7908511075111482,0.6910037297926823,0.7871184821190278,0.9007205318759168,0.35192906056510403,0.27609633186655813,0.34886296367323366,0.438919459952766,0.0637345619395415,0.04740225257731296,0.06281624747624774,0.082892101572358,0.48078812138968396,0.360521809567657,0.4755078016948506,0.6208013490321138,1.099231084663066,0.9756997450554151,1.0967843345422654,1.2307537523551988,3.1673615450859365,2.484866986799023,3.139766673059103,3.950275139574894,10.842125861610958,9.482747973603106,10.791757017207015,12.360020958923755,2.775419794367261,2.2416966302707078,2.7527164495590437,3.3916472490908927,79.98380809788559,69.95549616766658,79.61223041687177,91.18152261677506,4.231605252326306,3.1472346380686322,4.170634498187487,5.503554770215452,31.921542689170955,23.93655712879693,31.570960087288245,41.21760892790797
20271,Daysbel Hernández,RP,ATL,32.1941,1.048859716991662,0.868611916829044,1.0452630698909093,1.242675330130668,0.5454390422801246,0.4123842647283788,0.5392640120843463,0.6955583536135606,0.8469185783795649,0.7296140594998125,0.8429476581461273,0.9774410501120236,0.45263071519988407,0.35440164847025774,0.44827157698156533,0.5670662453412606,0.05430101352049214,0.040412847367615905,0.05351909348763327,0.0712033515091135,0.09695982425011547,0.06636111321604365,0.0951738448832338,0.13415195199246263,1.3923576206596895,1.2181290590445135,1.3870234456221422,1.5816262944936332,4.073676436798957,3.1896148362323196,4.034444192834088,5.1035962080713455,9.439737452924959,7.817507251461397,9.407367629018184,11.184077971176013,4.908951380521121,3.711458382555409,4.853376108759116,6.260025182522045,33.767094614801266,27.964178911585925,33.651303798374926,40.006813845759744,1.748172259380076,1.3010552494377632,1.7229990476502142,2.2923278188195506,3.1215342778906425,2.136436314988631,3.0640362795553173,4.318901357640541
20348,Riley O'Brien,RP,STL,64.1805,1.0266023648119493,0.8491772876383956,1.0217182016054616,1.2213786059187555,0.3800544235442533,0.2841835004904434,0.37606072297246973,0.4917786950484565,0.8069028972708354,0.6887289304583927,0.8027161749754794,0.9395426912600717,0.3747244846311104,0.2816369860447252,0.37021593746393755,0.4809226724687272,0.05988929048590727,0.04326882475540737,0.0586489550794723,0.08043548918250455,0.32141501504328696,0.21670143634452915,0.31457458554764556,0.44467563371221897,1.1869573208150888,1.029324478467015,1.182886480095696,1.3604639758491748,3.3725203616799937,2.534732874402527,3.331943437175438,4.328304052218545,9.239421283307545,7.642595588745561,9.195463814449154,10.992407453268799,3.4204898118982796,2.5576515044139905,3.3845465067522276,4.426008255436108,65.88785307481331,54.500622909276046,65.57438503813933,78.38868961716868,3.8437246080307714,2.7770148072144227,3.7641192614780716,5.162389913477733,20.628576372985677,13.908006535310053,20.189554187740665,28.53950450946707
20349,Zack Kelly,RP,BOS,57.1733,1.0048972258677296,0.8536976777715337,0.9988038145113394,1.1747893345206142,0.411588436677201,0.3220995633031336,0.40695943789387684,0.5129750719648881,0.9028535820229421,0.7731464313555018,0.8983234422992283,1.0517478455575506,0.4566765720725137,0.34416774565102004,0.45060944729143504,0.5854103433581024,0.053548813052120565,0.038970891633393005,0.05277696143055866,0.0709295268196124,0.10349053312147313,0.06696209999639578,0.10099620248488245,0.14946125379180936,1.314442018700143,1.14826883633836,1.309207582174418,1.4951170272694996,4.110089148652624,3.0975097108591805,4.055485025622915,5.268693090222921,9.044075032809566,7.683279099943803,8.989234330602054,10.573104010685528,3.7042959300948093,2.8988960697282025,3.6626349410448915,4.616775647683993,57.45329056370346,48.80871344053523,57.104910128201155,67.16658305934743,3.0615623532728047,2.2280944786234684,3.0174330489577597,4.055275115715745,5.9168952973139195,3.828444231723935,5.774286183528929,8.545193101415254
20353,Steven Wilson,RP,TBR,51.7791,0.9432747998649076,0.8135077483158695,0.9408045035685417,1.087489683796719,0.46996142416889913,0.3780641726195604,0.46730131476217873,0.5710628243067722,0.9400201896952023,0.8170490447812482,0.9368563537001531,1.075355011336446,0.5054601175340562,0.3953905439935033,0.4999442833414589,0.6329198074000562,0.04761296772334227,0.03494473202848978,0.0469625600642861,0.0624066844381308,0.07995819367071663,0.055582270460899766,0.07858995286770226,0.10879562095994351,1.4099816138641015,1.2542789732094128,1.4049933015318385,1.5814575409739016,4.549141057806506,3.55851489594153,4.49949855007313,5.696278266600506,8.489473198784168,7.321569734842825,8.467240532116875,9.78740715417047,4.229652817520092,3.4025775535760436,4.205711832859609,5.1395654187609505,48.841920189685034,42.122699050822234,48.71401047072588,56.30923708627869,2.4653566170437116,1.809406774176375,2.4316790938246764,3.2313619541904184,4.1401633058954035,2.877999940421975,4.069317028532042,5.633339337247011
20373,Andrés Muñoz,RP,SEA,63.1721,1.317074744235159,1.1689736463068405,1.313877749642392,1.4729990779080124,0.38687487909935475,0.32378354694581146,0.3850148059647819,0.45797722443263555,0.673645045936857,0.601542731671786,0.6725225397201902,0.7509197134122553,0.2945004932063339,0.24265460276589085,0.29322843850935276,0.35183087809479163,0.06665839410750767,0.05093909634953789,0.0661521530463937,0.08403018344845019,0.545168498174125,0.4424748929966991,0.5408845725637781,0.6604480170708953,1.0605199250362118,0.9656628233371713,1.0580942882526427,1.1643737492975859,2.650504438857005,2.1838914248930177,2.639055946584175,3.1664779028531247,11.85367269811643,10.520762816761565,11.824899746781528,13.256991701172112,3.481873911894193,2.914051922512303,3.465133253683037,4.12179501989372,83.20237745029789,73.84652008186036,83.00041658818415,93.05244504951276,4.210950738398885,3.2179296885026423,4.178970427462088,5.3083631518238406,34.439438883505645,27.952068187876776,34.16881430645625,41.721888179204306
20375,Greg Weissert,RP,BOS,63.9975,0.9171320371706354,0.7929509315607502,0.9134809964684988,1.0567524095930496,0.31270241699175055,0.2472401324826318,0.31018052365413556,0.3843181835251806,0.878987063828063,0.765451154304383,0.8764521458675378,1.0040728889458215,0.3823536368085069,0.2970066707815366,0.37837284057604165,0.48267184070806757,0.05910029405868675,0.04389103938788562,0.05827770755382809,0.0774805002796984,0.10154476265167349,0.07256853865270474,0.09980141862242603,0.13677009927317388,1.1916894808198137,1.0527522857619296,1.1892666189405032,1.3372238718458749,3.4411827312765624,2.6730600370338293,3.405355565184375,4.344046566372608,8.25418833453572,7.136558384046753,8.22132896821649,9.510771686337446,2.814321752925755,2.2251611923436863,2.79162471288722,3.4588636517266256,58.69415754882774,50.746877242559115,58.46050007149275,67.6295123329312,3.7822710690208052,2.80891679322621,3.7296275891761135,4.958558316649999,6.498610947800475,4.6442050524264715,6.38704128828871,8.752944428234946
20385,Isaac Mattson,RP,PIT,64.8789,1.0062209418251116,0.8362430347557666,1.002397371486107,1.189840813055584,0.3637522810477819,0.27145533734487465,0.35929075645662,0.47393437070885963,0.8378842885881642,0.7232328461799415,0.8335082317568927,0.9648004002493867,0.38817003896498786,0.2999169153161805,0.38496214262897793,0.4835392736336072,0.057953906286988585,0.04345070134151564,0.05715424853330474,0.0750873861162425,0.3155833394292198,0.22084058796244593,0.30958225574957987,0.4317741794320235,1.2016365696359461,1.0507453932267823,1.1971435154974297,1.364000372023735,3.4935303506848907,2.6992522378456245,3.4646592836608012,4.351853462702465,9.055988476426004,7.526187312801899,9.021576343374964,10.708567317500256,3.273770529430037,2.443098036103872,3.23361680810958,4.2654093363797365,65.28250786257723,54.25452822761591,65.03443882490998,77.19556312615192,3.7599856906029037,2.819033707266059,3.708104775167425,4.871587015097085,20.47469992049441,14.327894422356733,20.085356212551417,28.01303380995231
20418,Josh Fleming,RP,TOR,9.0933,0.6705198737714639,0.5736943897114456,0.6671669952795453,0.7760691669850437,0.3369870645599879,0.27250340861131817,0.3343749074121287,0.4086978214148108,1.1542057719435952,1.008605142441657,1.149760703384767,1.3145876239757102,0.5592761032743738,0.4467126234364821,0.5547776669241198,0.6881180659954146,0.04427024877032965,0.03341448088035596,0.04365940742553634,0.05717787738654574,0.05180816501564675,0.034918462024125865,0.05062989431334721,0.07240923576157343,1.4911928365035831,1.3277715136355699,1.486021976596087,1.6668265714991135,5.033484929469364,4.020413610928339,4.992999002317078,6.193062593958731,6.034678863943175,5.163249507403011,6.004502957515907,6.984622502865394,3.032883581039891,2.4525306775018634,3.0093741667091587,3.6782803927332974,6.097238368166052,5.2167751939630875,6.066749638175488,7.057029756145098,0.4025626531432386,0.30384789898934084,0.39700808954262956,0.5199355924390764,0.47110718693678055,0.3175240507239837,0.46039281795956016,0.6584389035507157
20423,Ryan Walker,RP,SFG,62.9506,1.0820895189269815,0.9436596371860982,1.0798403542888428,1.229119831421708,0.3103394686975488,0.24947026278138743,0.3084946386433276,0.3767453893177954,0.8151760804227479,0.7148856112354229,0.8132837219248452,0.9266861973824416,0.35568915339751084,0.2814040557636042,0.35273183500040883,0.44135257679606144,0.06429503078889959,0.048430919789273,0.06343760487436559,0.08263914585842633,0.4014712189213702,0.2992281590376728,0.3977900845933193,0.5202603203675923,1.1255155491202966,0.9992183504862384,1.1228436173595,1.2602288426455055,3.2012023805775973,2.532636501872438,3.1745865150036794,3.972173191164553,9.738805670342833,8.492936734674885,9.718563188599585,11.062078482795371,2.793055218277939,2.245232365032487,2.7764517477899484,3.3907085038601585,68.11818447016483,59.4039403566472,67.97659820669523,77.37383085989538,4.047410765179703,3.0487554592866086,3.9934352894042386,5.202183815275452,25.27285411383161,18.836592148316925,25.041124499200208,32.75069932333216
20447,Enoli Paredes,RP,NA,NA,0.9972502684715953,0.8202708148228111,0.9894466570367777,1.199602889923656,0.38775177111903875,0.2903629298381503,0.3833712683036659,0.5024937643119115,0.8272848175665043,0.7031127763616533,0.8236131872800325,0.9619458980431658,0.3792118659229025,0.2883587983847526,0.37538998363256104,0.4850293882172065,0.06062474488899963,0.045019831637770444,0.05952018520646565,0.07945145374384817,0.11698909286170919,0.07368730942049949,0.11337523498949796,0.17205581172048337,1.2150365886855432,1.0554217871231213,1.2114730544117127,1.3867777323794206,3.4129067933061226,2.5952291854627734,3.3785098526930493,4.365264493954858,8.975252416244357,7.382437333405299,8.905019913331,10.796426009312903,3.4897659400713485,2.613266368543353,3.450341414732993,4.522443878807204,NA,NA,NA,NA,NA,NA,NA,NA,NA,NA,NA,NA
20462,Bryan Sammons,RP,NA,NA,0.8892306749651251,0.7181272500024339,0.8844216725414825,1.0818793850109256,0.35110702248573106,0.25485972561605347,0.34485780840385616,0.4665551393436957,0.9330624145696537,0.7822892834247899,0.9289593289856282,1.1007916025246425,0.4418317840737829,0.3303126939422549,0.43551910727526644,0.5736982841967506,0.05202167338602391,0.037791993012710204,0.051104206698882014,0.06938135506034329,0.08142018306619155,0.05005310923214128,0.07872148803458204,0.12175399750563991,1.2841694370553847,1.1025067465471643,1.280472954311136,1.4804623767541465,3.976486056664046,2.972814245480294,3.9196719654773977,5.163284557770756,8.003076074686126,6.463145250021905,7.959795052873343,9.73691446509833,3.1599632023715793,2.2937375305444814,3.1037202756347053,4.198996254093261,NA,NA,NA,NA,NA,NA,NA,NA,NA,NA,NA,NA
20517,Nick Sandlin,RP,LAA,29.5431,1.0684702118831022,0.9357107582149328,1.0644254171558054,1.2131557905933474,0.44702781177927187,0.3671831704692058,0.4446216791604005,0.5323816300293032,0.8034242849176405,0.7130112995668887,0.8023070755741448,0.8984789076442138,0.39416537429859205,0.31905887612479134,0.39181496762950324,0.4768570978685652,0.060447916049156204,0.04658272640066933,0.05967966035118999,0.07668491795345382,0.10056671937814339,0.07393308120036161,0.09937290742294613,0.13219071493494491,1.2504520966969124,1.1285657040995047,1.248103631248028,1.377255578220247,3.5474883686873286,2.871529885123122,3.5263347086655292,4.291713880817087,9.61623190694792,8.421396823934394,9.579828754402248,10.918402115340127,4.023250306013447,3.304648534222852,4.001595112443605,4.791434670263729,31.565922316683675,27.64379650101958,31.446426541575672,35.84038283707832,1.7858188286318266,1.3761981443276141,1.7631221737212408,2.2655101995906817,2.9710526472604277,2.184212411210403,2.9357837412868397,3.905323510394571
20539,Edwin Uceta,RP,TBR,71.3507,1.2600019621074694,1.0994183811293674,1.2548896372303449,1.4369265271329783,0.3540876598904811,0.28668701464990587,0.3516468204797367,0.429741905002863,0.7521893236481403,0.6670956545860572,0.7500882338726629,0.8411435990167588,0.34777824862977286,0.2821548811302999,0.34584733829724246,0.419856104869639,0.06409531919727354,0.049321154662439415,0.06295266903559615,0.08154347116865077,0.35487523190170905,0.27074397608561673,0.35151117172895596,0.45319112260566785,1.1062769835386213,0.9980302879051814,1.1042847458992713,1.2226898554892875,3.1300042376679555,2.5393939301726993,3.1126260446751823,3.778704943826751,11.340017658967225,9.894765430164307,11.294006735073104,12.932338744196805,3.18678893901433,2.580183131849153,3.1648213843176305,3.867677145025767,89.90202199774141,78.44427108644716,89.53725403913117,102.525713559507,4.573245891448906,3.5190989099733163,4.491717002558111,5.81818374831305,25.320596208849274,19.317772214492013,25.08056816068122,32.33550383170023
20546,Grant Anderson,RP,MIL,56.8594,1.003259660166575,0.8646785646444037,0.9996011140729184,1.148003466716252,0.3897590795321685,0.31478426324138914,0.38675532154103376,0.4760423701190279,0.9050668951461918,0.7977167917213883,0.9033194698230357,1.023076573595241,0.4452517607153167,0.3585693551148246,0.4424776035973982,0.5420191373461694,0.050989938361789625,0.0389097175265937,0.050521377447719444,0.06464476157490222,0.0951365927525642,0.06655392605202175,0.09267202772455807,0.13250438337682344,1.2948259746783601,1.162725876024225,1.292421198440405,1.4386919213365694,4.00726584643785,3.2271241960334214,3.9822984323765835,4.878172236115525,9.029336941499176,7.782107081799634,8.996410026656266,10.332031200446268,3.5078317157895165,2.833058369172502,3.480797893869304,4.284381331071251,57.04474232127536,49.16510437854201,56.8367195855177,65.27478831540606,2.899257301288341,2.2123831927316022,2.872615208850859,3.6756623562919954,5.409409581955149,3.7842163029623253,5.269275893201737,7.534119736176154
20629,Tyler Phillips,RP,MIA,70.0944,0.8187077736879579,0.6940336498044939,0.8152845174105243,0.9553227848520992,0.3110579332992561,0.23916558504440072,0.30723423741517464,0.3943412879963794,0.9383016977420464,0.8252376479767565,0.9362879763938521,1.0567959911737317,0.41417653588970704,0.3327152738201108,0.4107882807705962,0.5073021860901072,0.051431483285827556,0.03871331052384685,0.05091480743367996,0.06593291720779791,0.0679187275568995,0.04930798591309876,0.06678417614586984,0.0906538704085894,1.2493596310413024,1.1217470500672986,1.2471727346343064,1.3849870249034537,3.7275888230073635,2.9944374643809972,3.697094526935366,4.565719674810965,7.368369963191621,6.246302848240445,7.337560656694719,8.597905063668893,2.7995213996933046,2.1524902653996065,2.765108136736572,3.5490715919674147,57.38683017199319,48.64787226285611,57.14687907718025,66.96277741053697,3.605058962030111,2.7135862731827305,3.568842878179336,4.621528271930269,4.760722456864336,3.4562136877871095,4.681196756439059,6.354328653967828
20666,Félix Bautista,RP,BAL,14.11,1.440983113084189,1.2334023214618413,1.4360155966965364,1.667553144990578,0.45236275539791304,0.35578317542531046,0.4493379087433164,0.5591481958784277,0.6437407032320555,0.5429868831348904,0.6420967862637321,0.7485836991048833,0.30845643662407907,0.22943665515134715,0.3048453247734911,0.3986247218278109,0.07379834487901414,0.053070388637129116,0.07265727552351037,0.09879461956222337,0.18556013954693457,0.13108657825233766,0.18230413816682034,0.2515028741451461,1.0961034586299685,0.947791408976218,1.0915873684446988,1.2550325648539933,2.7761079296167117,2.0649298963621243,2.7436079229614196,3.587622496450298,12.9688480177577,11.100620893156572,12.924140370268828,15.007978304915202,4.071264798581217,3.202048578827794,4.044041178689848,5.032333762905849,20.332271725617908,17.40330675582658,20.26218006938813,23.529174875817056,1.0412946462428896,0.7488231836698918,1.0251941576367312,1.3939920820229716,2.618253569007247,1.8496316191404842,2.572311389533835,3.5487055541880115
20794,Manuel Rodríguez,RP,TBR,14.473,0.938128604483539,0.7919513106882754,0.933703902370554,1.09943215304217,0.2879925433262531,0.21896727275159036,0.28590306101083024,0.36598863275222837,0.8511530474623434,0.74026155014712125,0.8479028240220701,0.9723848526974204,0.3530847102615973,0.27687229227370963,0.3500464440673928,0.43676472730843663,0.0613144078929078,0.045766085141027486,0.06051373652647285,0.07965508218802396,0.11119277853709215,0.07986182128800343,0.10949331497707233,0.1481879581654641,1.1391455907885966,1.0071685719542975,1.1367339823241653,1.2761780686647501,3.177762392354376,2.4918506304633867,3.1504179966065355,3.9308825457759298,8.44315744035185,7.127561796194478,8.403335121334987,9.89488937737953,2.5919328899362784,1.9707054547643132,2.5731275490974723,3.293897694770055,13.57753529269026,11.46191131959141,13.51349657900903,15.912081550979327,0.8874034254340546,0.6623725502460909,0.8758153087476416,1.1528480045072709,1.609293083767335,1.1558401395012736,1.584696747663168,2.144724318528762
20997,Eduard Bazardo,RP,SEA,64.9969,1.0579815495244442,0.9141540786484788,1.0527591290794787,1.2191888396149337,0.3476393464231497,0.27228433052013457,0.34517325298661394,0.4303501261486505,0.8163136019916094,0.7160120755084434,0.8124618329278617,0.9247203424555382,0.3854634126824279,0.3052826253127113,0.38212886708190474,0.47852600737598516,0.056816585435505704,0.042222441693595944,0.05590346015758506,0.0743531515610222,0.07874228371277572,0.05578047331794873,0.07746872688258061,0.10704104549120802,1.163952948414759,1.0331843848636566,1.1618789108675216,1.3001900267278972,3.469170714141851,2.7475436278144016,3.4391598037371427,4.306734066383866,9.521833945719997,8.22738670783631,9.474832161715309,10.972699556534403,3.1287541178083473,2.4505589746812113,3.1065592768795254,3.8731511353378543,68.76552097628534,59.417181234507304,68.42607983686597,79.24349508956789,3.6929019218930206,2.744327820514486,3.63355160951654,4.832724356696603,5.118004340250912,3.6255578461993814,5.035227094314403,6.957336129687498
21029,Jhoan Duran,RP,PHI,68.2809,1.1526665312405733,1.0184168915527774,1.1486721288019175,1.3004345458037796,0.3101470777523426,0.2545771588540286,0.30799589138356126,0.3700261029129466,0.7683341249046032,0.6852926377693317,0.7663351984002147,0.8567816452578743,0.32075653274381194,0.26114578244216285,0.3192954514879418,0.38601388561835176,0.06591873599121634,0.0512813627973412,0.06532881443607859,0.08285892755003194,0.4689734453892021,0.36966604845701817,0.465206145109026,0.5809970840498162,1.0784812026569457,0.979979282537424,1.0763707567994167,1.1840446243244194,2.8868087946943075,2.350312041979466,2.873659063391476,3.474124970565166,10.37399878116516,9.165752023974996,10.338049159217258,11.703910912234017,2.7913236997710835,2.291194429686257,2.7719630224520513,3.3302349262165194,78.70510815298447,69.53842193042604,78.43236675951086,88.7948411785733,4.500990620342644,3.501537605028975,4.460710245628439,5.657682146150976,32.021928927275574,25.241130488088814,31.764694273574896,39.6710037962971
21032,Emmanuel Clase,RP,NA,NA,0.9420174969204599,0.8290527893453393,0.9399732450529602,1.0655193866222477,0.22836714408845252,0.18423730602046928,0.22665577011009488,0.27709133331553976,0.7979657948770554,0.7138383336785356,0.7957391710777023,0.8894299429063637,0.2841946244619934,0.23122001405162226,0.28265803964858205,0.3417751903050935,0.06686936691943628,0.05125911080093629,0.06619031562406985,0.08508399231703476,0.16514826530856608,0.13133290562510985,0.1635305505395092,0.20362292419739728,1.026332938965508,0.9279806552597699,1.0237460141286807,1.1290109999134181,2.5577516201579407,2.0809801264646004,2.543922356837238,3.0759767127458417,8.478157472284138,7.461475104108054,8.459759205476642,9.589674479600228,2.0553042967960726,1.6581357541842237,2.039901930990854,2.4938219998398576,NA,NA,NA,NA,NA,NA,NA,NA,NA,NA,NA,NA
21045,Seth Martinez,RP,BOS,18.7077,0.8669817612676582,0.7427076191788945,0.8640097799119328,1.0022465866711163,0.37450392477350836,0.2994307826755096,0.3724815545508088,0.45619239914924237,0.9788863885939375,0.8554389858843331,0.9750462082535982,1.116567083659153,0.4832117432098909,0.38069441828077555,0.4790948337450408,0.6009309177743664,0.048684155706017966,0.03641830960813196,0.048268086198606244,0.06266258484110496,0.07783432188713625,0.052465727476566,0.07600811921141949,0.10977496691133519,1.3533903133674459,1.2043345778576289,1.3500529786448783,1.5118544875472986,4.348905688889018,3.42624976452698,4.311853503705367,5.4083782599692976,7.802835851408924,6.68436857261005,7.776088019207395,9.020219280040047,3.370535322961575,2.694877044079586,3.352333990957279,4.105731592343181,16.21923469526697,13.894351327313004,16.163635759658465,18.749728469467243,0.9107685797014723,0.6813028106560501,0.902984876177666,1.1722728384319392,1.4561011435679787,0.9815130899133537,1.4219370917714724,2.0536371484871854
21132,Alexis Díaz,RP,TEX,59.4328,1.1244046285219529,0.9858966706782156,1.1199922214682148,1.279363354809735,0.501812467622976,0.4151672796476748,0.4990866469965808,0.5966420631655848,0.7541483824634503,0.6704628482305821,0.7522229034044776,0.8454867591074062,0.36728294621717894,0.29821836462539475,0.3652679623504307,0.44372481773647254,0.06504215190033556,0.04990666596051425,0.06423996693332608,0.08277583854912392,0.1372610631224143,0.10578073436667491,0.13571659852467427,0.17417306313613848,1.2559608500864263,1.1313823980921935,1.2544387856793344,1.3879511863971248,3.3055465159546102,2.6839652816285526,3.287411661153876,3.993523359628253,10.119641656697576,8.873070036103941,10.079929993213932,11.514270193287615,4.516312208606784,3.736505516829073,4.491779822969227,5.369778568490263,66.82651540601952,58.59459964908425,66.56427370007611,76.03614639373602,3.8656372054622636,2.966092896698051,3.817961106754982,4.919599857322372,8.157809312341824,6.286845229467717,8.066017456797262,10.351592826757491
21170,Dany Jiménez,RP,NA,NA,1.027641295263752,0.8606479184299621,1.0234608718986205,1.2090227538095275,0.5331286092345922,0.41556731238207334,0.5293768835807071,0.6640746581570429,0.8571590552443757,0.7243164899176747,0.8531671658737958,1.0052951609396135,0.45722257411115186,0.3391353397836174,0.4512446536142632,0.5974038353632757,0.05447684083989703,0.03924100437945821,0.05358976925146877,0.07262149815473518,0.1249056730966755,0.08120661006787001,0.12143521677547015,0.18009035556433287,1.390287664478968,1.2004211047053965,1.3848092551184665,1.5955161841163896,4.115003167000367,3.0522180580525564,4.061201882528369,5.376634518269481,9.248771657373767,7.7458312658696595,9.211147847087584,10.881204784285748,4.798157483111329,3.74010581143866,4.764391952226364,5.976671923413386,NA,NA,NA,NA,NA,NA,NA,NA,NA,NA,NA,NA
21205,Connor Brogdon,RP,CLE,48.4672,0.9185259186011551,0.7807001431721489,0.9156612436302476,1.068039833632198,0.3738917708302472,0.2931927359318006,0.36985162284985085,0.4689295001908472,0.9941134534517904,0.8535497672064317,0.9902483963290327,1.1518365911716297,0.5044477467654421,0.3815544173850898,0.49796025891962936,0.6493649012964139,0.04980491932204624,0.036085454576162426,0.04879263793287202,0.06629112104127123,0.09105513232559126,0.05733583914566703,0.08813440273782816,0.13468050012600968,1.3680052242820375,1.1940128637055558,1.3641144024069392,1.5512567161485182,4.540029720888979,3.4339897564658077,4.481642330276665,5.844284111667725,8.266733267410396,7.02630128854934,8.240951192672227,9.612358502689782,3.365025937472225,2.6387346233862057,3.3286646056486577,4.220365501717625,44.5183794020259,37.83834997915317,44.37953662727593,51.76490022461846,2.4139049857654795,1.7489609440337794,2.364842541220095,3.212945021731501,4.413187309450897,2.7789075830408727,4.271627724374865,6.527586735707336
21267,Jake Bird,RP,NYY,54.0253,0.9095663690542855,0.7909917019796313,0.9057135872034376,1.043448970779081,0.4236999166463847,0.34481643755386215,0.4213442706781794,0.5108806763192056,1.008853084101786,0.8832751651089088,1.0066786458519572,1.1436755583690943,0.5366736139196705,0.4248730140750841,0.5329244802793466,0.6619865170050782,0.045968347139360606,0.034610933555807945,0.04539907105314386,0.05921404290159521,0.07043534956542992,0.04939443517012245,0.06925405410991659,0.09583452629193667,1.4325530007481706,1.2793554005980459,1.4293060594600417,1.5948721398259935,4.830062525277034,3.823857126675757,4.796320322514119,5.957878653045704,8.18609732148857,7.118925317816682,8.15142228483094,9.39104073701173,3.813299249817462,3.1033479379847595,3.7920984361036147,4.59792608687285,49.13959595806849,42.73356399696018,48.93144826274188,56.372643681031086,2.4834537447080987,1.869866068632591,2.452698433367413,3.199056431971552,3.805290890877221,2.6685491783964164,3.7414710495044767,5.177489033279766
21345,Bennett Sousa,RP,HOU,49.7876,1.0238821983047426,0.8560012157865691,1.018429422897356,1.206103753675313,0.3415071181721641,0.25991871302164443,0.33814066984639324,0.43428209698129283,0.8073268459095094,0.6880510722103204,0.8050540044539678,0.9370134000751652,0.35672394549659575,0.26935518739775244,0.3532784987173198,0.45584088139485834,0.06273851911011323,0.04573830682458932,0.061516056409932324,0.08346051907503899,0.09949346157454829,0.06712157750374238,0.09779664348809078,0.13807376196173765,1.1488339640816736,0.9989361274725086,1.145073237522086,1.3066647958109412,3.210515509469362,2.424196686579772,3.1795064884558784,4.102567932553725,9.214939784742683,7.704010942079122,9.165864806076204,10.854933783077817,3.073564063549477,2.3392684171947997,3.043266028617539,3.9085388728316355,50.9766373363172,42.61824613109538,50.705156735444405,60.04901124648501,3.1236002940466734,2.277200524859923,3.062736810115146,4.155298939500411,4.95354066748898,3.3418222521253242,4.869060167327668,6.874361231046209
21420,Yerry De los Santos,RP,NYY,32.4611,0.9143981099154765,0.7752052472767551,0.9098597036512622,1.070858003977326,0.41640510904266614,0.3270861890986275,0.41360355056638426,0.5188062886926055,0.9198252647471262,0.8010970529325783,0.9172109654647986,1.0514528567162182,0.44880199462068493,0.3546872559019867,0.44487400298757424,0.5566218218782837,0.05014926005143839,0.03788942525841478,0.04962244686309891,0.06409787600852372,0.09684623572508246,0.06592107148749146,0.09485045339079759,0.13394195901356898,1.3362303737897925,1.185695953105503,1.3329834095168267,1.4971319871219317,4.039217951586164,3.1921853031178804,4.0038660268881685,5.009596396904553,8.229582989239288,6.976847225490796,8.18873733286136,9.637722035795933,3.7476459813839953,2.9437757018876476,3.7224319550974583,4.669256598233449,29.68236848577728,25.164015052375476,29.53504682619399,34.76122875290837,1.6279001454557467,1.229932422255928,1.6107992098677402,2.0806875629002897,3.143735342495474,2.139870493662609,3.0789500525640197,4.3479033257353645
21453,Konnor Pilkington,RP,DET,28.4124,1.131210809119378,0.9345607743411485,1.125007302101555,1.3540419957916454,0.47756308788001023,0.3570604939173184,0.4719786013348648,0.6207037616559637,0.8184798144319326,0.6986960299848209,0.8149726440627455,0.9472171663392639,0.41660200967458255,0.32176910593435343,0.41198222515712946,0.527805346825306,0.05666147726410892,0.041466776430184565,0.05570785958769772,0.07493006760466986,0.11519196951924421,0.072977935103645,0.11148512409385028,0.1696491576273509,1.2960429023119429,1.12456625154511,1.292310687622185,1.478614159316455,3.749418087071243,2.895921953409181,3.707840026414165,4.750248121427754,10.180897282074401,8.411046969070336,10.125065718913994,12.186377962124809,4.298067790920092,3.2135444452558657,4.247807412013783,5.586333854903674,32.140413993023415,26.553114544890448,31.964157470230223,38.47158280123055,1.6098885566187684,1.178170638644976,1.582793989749503,2.128943052810922,3.2728803147685746,2.0734782833388032,3.1675599398041117,4.820139726171345
21461,Cole Sands,RP,MIN,66.9463,1.00274338098448,0.8776266289166376,0.998497886497433,1.13997128762399,0.3099530559572909,0.25407181832102077,0.3079244754499191,0.37265595081695074,0.8839010475711045,0.7882837879159716,0.8809618951431095,0.9858666698614966,0.400923061225047,0.3291753570005473,0.39801704799722304,0.48118830439556387,0.05623382022884313,0.04369130360650796,0.05552641105189689,0.07125525287014593,0.08968764812926538,0.06719970475172836,0.088578727870228,0.11609261781689678,1.1938541035283954,1.0814185041563287,1.1901525628513179,1.3159459018168744,3.608307551025423,2.9625782130049254,3.5821534319750072,4.330694739560075,9.02469042886032,7.898639660249738,8.986480978476896,10.25974158861591,2.789577503615618,2.286646364889187,2.771320279049272,3.353903557352557,67.12995920640128,58.75385558744189,66.84573905882309,76.31685981266192,3.7646461991862004,2.9249711186323637,3.7172877722036044,4.77027553522065,6.004256197956239,4.4987715942206314,5.930018089618644,7.771971220155316
21481,Sean Hjelle,RP,NA,NA,0.9177041482297013,0.7960388713069869,0.9143886108307637,1.0544149428584357,0.30333891989077993,0.24311662110486335,0.30072625487477855,0.3701106661509364,1.0052556061895643,0.8943420237043688,1.0019044051692219,1.1254168367046402,0.4752985588260971,0.38713202673784947,0.4729206180288632,0.5734662341633312,0.04800362258148033,0.03646406618644542,0.04753384364873035,0.061357799012559985,0.07108467236556215,0.04936277557470495,0.0695747716289892,0.09748016178385129,1.3085945260803442,1.1823760235721983,1.306276957936447,1.4434481339389367,4.277687029434874,3.4841882406406453,4.256285562259769,5.161196107469981,8.259337334067311,7.164349841762882,8.229497497476874,9.489734485725922,2.7300502790170196,2.18804958994377,2.706536293873007,3.330995995358428,NA,NA,NA,NA,NA,NA,NA,NA,NA,NA,NA,NA
21520,Hogan Harris,RP,ATH,65.1641,0.9869134483204197,0.8563890804105846,0.9840594727613368,1.1280471690768794,0.4201300625595375,0.3476857271155462,0.4172356961334246,0.501615706209174,0.8687941500007764,0.7690539675436133,0.8666341754755258,0.9784170843481318,0.43241446018795315,0.34821460205967414,0.4285088081798619,0.528536389997914,0.05287670602761746,0.04018112127294943,0.052099523863049266,0.06783407437515893,0.26112353972782837,0.17918511658651418,0.25597381807043224,0.36056011014601674,1.288924212560314,1.1612840965134699,1.287391772355633,1.4266585444119897,3.8917301416915784,3.1339314185370672,3.8565792736187574,4.756827509981226,8.882221034883777,7.707501723695262,8.85653525485203,10.152424521691914,3.7811705630358374,3.1291715440399157,3.7551212652008212,4.5145413558825656,64.31132663769667,55.805823674783376,64.12534988896702,73.50817853044268,3.445662959254267,2.618366604742604,3.395018582964129,4.420346405990294,17.01588045517818,11.67643685575527,16.680303478123456,23.49557507356605
21527,James McArthur,RP,KCR,30.0319,0.86286725690485655,0.7350034151209751,0.8584800320776245,1.0040023176274866,0.2906377123832376,0.2245834768840994,0.2879447463071081,0.36544117911312707,0.999172043152837,0.886009790322693,0.9959244663962468,1.124698028497658,0.44538458156389266,0.36098580651106704,0.4426286709508105,0.5400511133212142,0.05217571309781179,0.03953219379139718,0.051713173247002864,0.06719665121382506,0.09052026097516462,0.06697241973941101,0.0891528383523906,0.11856418110968402,1.2898097555360746,1.1599503982786585,1.2870277131994545,1.4290836774889155,4.008461234075034,3.2488722585996035,3.9836580385572944,4.860460019890928,7.7658053121437085,6.615030736088776,7.72632028869862,9.03602085864738,2.6157394114491384,2.0212512919568946,2.591502716763973,3.2889706120181437,25.91354317264096,22.07354906257161,25.78178647535201,30.152097202756917,1.5669357981821739,1.187226890723861,1.5530448476366654,2.018043109588473,2.718495425580046,2.0113090123720174,2.6774291261151593,3.5607076306679195
21537,Daniel Lynch IV,RP,KCR,58.2959,0.8587936685027536,0.7342749905914795,0.8556058236108901,0.9910931592720129,0.3420339260548048,0.26985732418141,0.33974117398266523,0.42091414990344767,0.9153958079815733,0.8062296728289537,0.9134237753293192,1.0328338870828502,0.4107828241731023,0.3269010772281908,0.4083571290338476,0.5024047212659225,0.056083547058086394,0.04263190612515355,0.05517153737152239,0.07202941110945178,0.09182833999010774,0.062467427475978776,0.08989877274635384,0.12781491072713103,1.257429734036378,1.1232776804515845,1.2561115218906584,1.3983094704652836,3.697045417557921,2.942109695053717,3.6752141613046283,4.521642491393303,7.729143016524783,6.608474915323315,7.700452412498011,8.919838433448117,3.078305334493243,2.4287159176326902,3.057670565843987,3.788227349131029,50.06414981966968,42.80522142402183,49.878311532638094,57.77666770360534,3.2694408509434987,2.485265336281339,3.216274425456532,4.19901934709549,5.353215725229322,3.641594905396911,5.240729866144169,7.451085254257758
21544,Chase Shugart,RP,PHI,32.8406,0.9105104075135529,0.7563950470257492,0.9041692593834183,1.0848844244194353,0.35198638193852455,0.2635113118960058,0.3475945464289606,0.45458599939306726,0.8867045647753832,0.7651579376410842,0.8816314598052497,1.0216078257637349,0.40167770733314767,0.3116942644054243,0.39766614077594353,0.5033297508079623,0.05736497533501429,0.04311704636782115,0.05639463611213533,0.0743814758323078,0.10025860307558024,0.06625797462836938,0.0977768853859228,0.1437920883775463,1.2386909467139078,1.087851254149081,1.2348849802186843,1.401821153426371,3.6150993659983293,2.805248379648819,3.5789952669834917,4.529967757271661,8.194593667621977,6.807555423231743,8.137523334450766,9.763959819774918,3.167877437446721,2.371601807064052,3.1283509178606455,4.091273994537605,29.90170808898959,24.840467181353823,29.69346097970709,35.62825542858891,1.8839002089870704,1.4159896729470673,1.8520336867041916,2.4427322952184873,3.2925526801639005,2.175951641580428,3.2110515822049366,4.722218457571648
21546,Justin Hagenman,RP,NYM,23.9182,0.8966109541347873,0.7298660525395808,0.889242374929774,1.0904322717262882,0.307778740460998,0.22305979838119974,0.3031962853988228,0.40868392063034764,0.964156658715653,0.8125060866028063,0.9608844102738798,1.1294060693289847,0.4432338240691216,0.3374620827171329,0.43805879053963087,0.568412473677464,0.05066063011550502,0.0372762762077455,0.04995419074509356,0.06655420340640479,0.07937516563074029,0.04968040409119738,0.07665587237905394,0.11781679626723891,1.271935399176651,1.098611774267785,1.2683502904589332,1.4582103674652316,3.9891044166220944,3.0371587444541963,3.942529114856678,5.115712263097175,8.069498587213086,6.5687944728562275,8.003181374367966,9.813890445536593,2.7700086641489823,2.0075381854307977,2.728766568589405,3.678155285673129,21.44532012318667,17.4570822178522,21.26907697204532,26.081177161603705,1.2117110832286722,0.8915814295920983,1.1948143250792966,1.591856747915071,1.8985110865891723,1.1882658411340772,1.8334704867366878,2.8179656964790736
21574,Brendon Little,RP,TOR,52.4796,1.1513906905327278,0.9996783277347273,1.1458248466270684,1.319980715873915,0.49120817768342173,0.39875689835300804,0.4883948675136684,0.5947450019656918,0.7771255267418737,0.6867170456319311,0.7756416791949883,0.8744004434357971,0.3850037105988349,0.31163662785023416,0.38244176582416534,0.46774918399728554,0.059643137609817425,0.0456529651061992,0.05875879136719215,0.07617570800859776,0.139701538174112,0.10478360417524583,0.13826732871862565,0.18009072794725417,1.2683337044252956,1.137910911490079,1.264473566716516,1.412809548875463,3.4650333953895145,2.8047296506521073,3.441975892417488,4.20974265597557,10.36251621479455,8.997104949612545,10.312423619643615,11.879826442865234,4.420873599150796,3.5888120851770724,4.395553807623015,5.3527050176912265,60.42452288288134,52.46271876818739,60.132429621049894,69.2720599767767,3.130048004508174,2.3958493475872915,3.083637867433697,3.9976706860080067,7.331480842762128,5.499001633675231,7.2562141042219865,9.45108936638072
21584,Tristan Beck,RP,SFG,35.5416,0.8140752163221426,0.6905726737014609,0.8114412483229623,0.9489340915720276,0.29701768320484156,0.2330973377805766,0.29397507999385203,0.3686792924668529,0.9958331886123657,0.8655239146254687,0.9909741266556362,1.1396251882766442,0.4533055475545261,0.35245711451050754,0.44914844426555767,0.5701260656335321,0.049385892693722545,0.03658525041847917,0.04883474212362934,0.06411086146030644,0.07698321181799293,0.050716463380394476,0.07503067579356787,0.10957204748368467,1.2928508718172074,1.145390309143707,1.28769781516967,1.45555921600472,4.079749927990735,3.172114030594568,4.042335998390019,5.131134590701789,7.326676946899283,6.215154063313149,7.302971234906661,8.540406824148247,2.673159148843574,2.0978760400251892,2.6457757199446683,3.3181136322016758,28.933535708435066,24.544057739627846,28.839920271395396,33.72663590901638,1.7552536437632094,1.3002983362734193,1.7356648706611848,2.2786025936776273,2.736106521150378,1.8025442548806285,2.666710266784672,3.8943658828461274
21620,Jake Cousins,RP,NA,NA,1.3349265459734256,1.131087630843908,1.330498052501481,1.5589877885464907,0.47790314755557567,0.36739459452536904,0.4739897464313142,0.6030607208380324,0.6842478601323149,0.584351933611241,0.6816200784529666,0.7952755743229867,0.32789095716681693,0.24829949108278204,0.32426170243485886,0.4181869002408881,0.06875075138057068,0.049990250889467056,0.06764176709308742,0.09055997307242078,0.18470251573958157,0.12191973768710744,0.17906496865734511,0.2641886123349364,1.1621510076878907,1.0078630062416005,1.1596482410125506,1.3284059820614655,2.9510186145013524,2.234695419745038,2.9183553219137295,3.763682102167993,12.014338913760831,10.179788677595171,11.974482472513328,14.030890096918416,4.301128328000181,3.3065513507283213,4.265907717881828,5.427546487542291,NA,NA,NA,NA,NA,NA,NA,NA,NA,NA,NA,NA
21623,Grant Wolfram,RP,BAL,30.6042,0.9677073163049229,0.7911900241170087,0.9595278790690401,1.1711667936650434,0.4567836708600747,0.33440809106290176,0.4493819354050944,0.6009931898059795,0.97277857066811,0.8306742487887631,0.9671768196898957,1.1298585975065567,0.524117011841574,0.40104348339138135,0.5183784332656702,0.6660140527813848,0.04714114247579097,0.035036286048777725,0.046331643409390305,0.061970610076996946,0.0742437428922204,0.04646409765410622,0.07195063100314639,0.11013321704906207,1.4295622415281848,1.2418205306583272,1.4234487102467406,1.6350087250666312,4.717053106574166,3.609391350522432,4.665405899391033,5.994126475032464,8.709365846744307,7.1207102170530785,8.635750911621361,10.540501142985391,4.111053037740672,3.009672819566116,4.04443741864585,5.408938708253816,29.61590824965912,24.213737736081757,29.365583116604718,35.84262278668372,1.442716952557602,1.0722575054940031,1.4179428812296626,1.8965609449184297,2.2721703562220914,1.4219965374257977,2.2019915013464924,3.3705390012129053
21652,Elvis Peguero,RP,NA,NA,0.9253505936186325,0.7996562181145628,0.921610973269492,1.0659451493976044,0.41489454112042506,0.3357064524570091,0.41222082029567786,0.5016991781433766,0.886044058980052,0.7880462031389619,0.8831622396897103,0.9953665048896818,0.4192257264506906,0.34057908215940513,0.41721165295491747,0.5078042064972321,0.05756306445871264,0.04434517196172479,0.05674731245269954,0.07360193808120279,0.09818879562396877,0.07384346893832532,0.09663715354392009,0.12735872816062807,1.300938600100477,1.1750267949471167,1.2971482587990875,1.4361623110677,3.7730315380562156,3.065211739434646,3.7549048765942574,4.570237858475089,8.328155342567692,7.196905963031065,8.294498759425428,9.59350634457844,3.7340508700838257,3.021358072113082,3.709987382661101,4.51529260329039,NA,NA,NA,NA,NA,NA,NA,NA,NA,NA,NA,NA
21662,Elvis Alvarado,RP,ATH,60.2617,1.1161148265089538,0.9370076725458919,1.1101239099240383,1.3172737188959545,0.4486951398296557,0.34132077231153124,0.4451613656322486,0.56450551613661,0.8131454753631374,0.7039678986426178,0.8097963764628946,0.9346607657522075,0.4034550275620077,0.3165615506048685,0.4000186688552998,0.5031351067849905,0.05540016907897776,0.040689130071694064,0.05459162024030759,0.07275572506998955,0.1007787216808454,0.06504833183121686,0.09769825573447348,0.14451165314766365,1.2618406151927932,1.113702111880562,1.2587891178309947,1.4168005167206121,3.6310952480580694,2.8490539554438166,3.600168019697698,4.528215961064914,10.045033438580584,8.433069052913027,9.991115189316345,11.85546347006359,4.038256258466902,3.071886950803781,4.006452290690238,5.080549645229491,67.25897684063462,56.46567526065877,66.89795402266941,79.38115366599233,3.338508368986634,2.451996149641406,3.2897838414353435,4.384383677450189,6.073097092314601,3.9199230583132407,5.8874629775941205,8.708517888488561
21863,George Soriano,RP,STL,40.4402,0.9377596598657943,0.8065101087785477,0.9353498649018446,1.079380153010476,0.4603628270570182,0.3738841090141136,0.45790587255821646,0.556529926759484,1.0187857271708978,0.904489166260122,1.015146352901986,1.1445912205619797,0.5716010832903176,0.4652370830597416,0.5672885825684193,0.6936123293992008,0.04086903125580666,0.03041997296794499,0.04045635857493447,0.05296073810944056,0.057244659903052254,0.03771193008007944,0.055831903916207404,0.08090547277146959,1.4791485542279161,1.3404308879802007,1.4752252318275763,1.630988891406909,5.1444097496128585,4.187133747537675,5.105597243115774,6.242510964592808,8.43983693879215,7.258590979006929,8.418148784116601,9.714421377094284,4.1432654435131635,3.3649569811270226,4.121152853023948,5.0087693408353555,37.9231881969047,32.61543010102622,37.82573560660357,43.65034926377425,1.6527517977910724,1.230189790818289,1.636063232042065,2.141742841293398,2.3149854954114137,1.5250779948244284,2.2578533607522107,3.271833499972784
21924,Juan Morillo,RP,ARI,39.0047,1.02168381315698,0.8492043902557802,1.0181816575414149,1.2115057163565148,0.4696878325264325,0.35426340572674975,0.46394577346953936,0.6061190644917837,0.9094517744001176,0.7828845372901568,0.9060237917762406,1.0457461325844846,0.4722483546456314,0.36918760584090227,0.46872922262473743,0.5868734983712159,0.05008716635652561,0.036724482207829964,0.04922398410230393,0.06603217821967225,0.09999180928110336,0.06316335032745826,0.09736107673915881,0.14611789838293784,1.37913960692655,1.213467143066892,1.3761721594691974,1.5563471362582144,4.250235191810683,3.32268845256812,4.218563003622637,5.281861485340944,9.19515431841282,7.642839512302022,9.163634917872734,10.903551447208633,4.2271904927378925,3.1883706515407475,4.175511961225855,5.455071580426053,39.85047062704406,33.12296248060963,39.71387009790563,47.25441701477095,1.9536348975863744,1.4324274111717454,1.919966732715134,2.57556530180485,3.9001505234666523,2.4636675305174114,3.7975395898878674,5.699284791056976
21951,Joel Peguero,RP,SFG,64.3503,1.0033236684874487,0.8148684008559257,0.9962651297271385,1.2138429202921426,0.34777766160184137,0.2500799133171778,0.34213821265958566,0.4665834659114602,0.8275049001429513,0.700385060481546,0.8242691034609969,0.964249696533383,0.3655428673939786,0.2772624290876466,0.3607942172400467,0.4717811670576354,0.062312021239477745,0.045845457179663485,0.061088718416670025,0.08225876922586034,0.3879734996617901,0.24449878552384352,0.3775098030862327,0.5719696209598523,1.1752825617447926,1.0136541141142006,1.1719401406513004,1.3490996855830688,3.2898858065458074,2.4953618617888194,3.24714795516042,4.2460305035187185,9.029913016387038,7.333815607703332,8.966386167544247,10.924586282629283,3.1299989544165725,2.2507192198546004,3.079243913936271,4.199251193203142,64.56417906426788,52.43702605559908,64.10995997748029,78.11115607367547,4.009797260366765,2.9501689231484995,3.9310773567282413,5.293376477314881,24.966211095286095,15.73357019809499,24.292869081540005,36.806416699652786
21955,Yerry Rodríguez,RP,NA,NA,0.8284400036625045,0.6674359842865812,0.822741376879322,1.008120682631719,0.4954839113052492,0.3615842246663919,0.4895807479292452,0.6513690463397772,1.144208124187281,0.9704076631148112,1.13827638306014,1.3387201479749131,0.6757741005438735,0.5133354316770368,0.6698277666244634,0.8647744931961249,0.03842522114312536,0.02746265906304941,0.0378043115468006,0.051923465314639664,0.049235408830390924,0.029010071975809733,0.0471910948643144,0.07689782594126701,1.6396920354925302,1.4248845429307766,1.632219732544617,1.870493837274775,6.081966904894862,4.620018885093331,6.0284498996201705,7.7829704387651235,7.45596003296254,6.006923858579231,7.404672391913898,9.073086143685472,4.459355201747243,3.254258021997527,4.406226731363207,5.862321417057995,NA,NA,NA,NA,NA,NA,NA,NA,NA,NA,NA,NA
21992,Camilo Doval,RP,NYY,63.8377,1.1086453094965796,0.9771293344820278,1.106125753821322,1.250581066882418,0.47495626782931677,0.39745969961611727,0.4713383750018512,0.562626799917022,0.8342670301357306,0.7453380921848493,0.8315351320914248,0.9293501692110879,0.4195526776277888,0.34512518216893423,0.4173177288794433,0.49972625896283646,0.05960392700167977,0.0462777685729662,0.05883569788253903,0.07509956583869472,0.3942239776243575,0.3082948485562555,0.3901299212764574,0.4935049641452043,1.3092232979650473,1.188432863235576,1.3068742608268045,1.4391383674570914,3.7759740986500994,3.106126639520408,3.7558595599149895,4.497536330665528,9.977807785469217,8.79416401033825,9.955131784391899,11.255229601941762,4.274606410463851,3.5771372965450556,4.242045375016661,5.0636411992531984,70.7733666740498,62.37768931586334,70.61252403471941,79.83421897331974,3.8049776107551323,2.9542663068304442,3.7559356307161615,4.794183554140842,25.166352016390448,19.68083405367967,24.904996875470104,31.504221849612307
22051,John King,RP,MIA,35.0285,0.642446030685984,0.5499267973564501,0.6391819784086314,0.7445133794913144,0.26866035315429454,0.21304977999654345,0.2658239166444022,0.33344204991019244,1.1615881420134877,1.0114494690723634,1.1564988124980649,1.329930286287095,0.49810742075875536,0.38876183510441903,0.49325506677442965,0.6211545968030885,0.04754825001673763,0.03480598381640834,0.04673685633292496,0.06321151053431318,0.08103871617646292,0.05380630052249961,0.07900995368445057,0.11567520278459874,1.4302484951677823,1.2631153698021105,1.425004212936392,1.6097225356382858,4.482966786828798,3.4988565159397713,4.439295600969867,5.590391371227796,5.782014276173856,4.949341176208051,5.752637805677683,6.700620415421829,2.4179431783886507,1.917448019968891,2.39241524979962,3.0009784491917317,22.50392078588399,19.263110821200414,22.389585930686746,26.079186913511506,1.6655438757112941,1.2192014041130597,1.637121972057862,2.2142043967511893,2.8386646695872315,1.8847539978523775,2.767600162635777,4.051928840740317
22113,Cole Winn,RP,TEX,64.0039,1.0152742276039688,0.8402969088576902,1.0076035335123719,1.2105762958607058,0.36141185220715694,0.2697972949269944,0.35691452119697653,0.46741037758370935,0.7476229478676513,0.6361452840079495,0.7435620710604933,0.8698370981753092,0.3148525769033911,0.23922803068499165,0.3124547368610509,0.40271237575937535,0.06084990981798203,0.04275807733029654,0.05972966256325485,0.08179091980679899,0.3279065134622529,0.19862680613716407,0.3186325972655549,0.4879434526883758,1.1090348000748083,0.9655014816023112,1.1079552648182238,1.2585458134732013,2.8336731921305196,2.153052276164925,2.8120926317494583,3.624411381834378,9.13746804843572,7.562672179719211,9.068431801611347,10.895186662746353,3.2527066698644123,2.4281756543429496,3.2122306907727887,4.2066933982533845,64.98151013614167,53.782279324836715,64.4905557985725,77.48160418263903,3.8946315429991403,2.7366837056405666,3.822931349732307,5.234937852222382,20.98729569698669,12.712890237322435,20.393728892124848,31.230283951521535
22175,Max Kranick,RP,NA,NA,0.8506122650630142,0.702123624502144,0.84607149123237535,1.0202504036287938,0.2766179186268706,0.20057096669634905,0.27387579988486666,0.3658245938072358,0.9342160613499912,0.804341387351305,0.9301513966129561,1.0752992395247594,0.39163460883713624,0.304347716524731,0.38768193623297903,0.4928405106924137,0.05684221977978741,0.04179706715340101,0.056038769252691537,0.07456177628576498,0.09403579645047143,0.06031009745748413,0.09097377094534408,0.1361871116267085,1.2108339799768617,1.0662297877793785,1.2070980245764424,1.3703379707022745,3.524711479534226,2.7391294487225792,3.489137426096811,4.435564596231723,7.655510385567128,6.319112620519297,7.614643421091378,9.182253632659144,2.489561267641835,1.8051387002671415,2.4648821989638,3.2924213442651222,NA,NA,NA,NA,NA,NA,NA,NA,NA,NA,NA,NA
22192,Hans Crouse,RP,BAL,5.85555,1.2102540550688043,0.9878708302111459,1.203262178866229,1.4642359832847023,0.49931865134105624,0.364499202058787,0.49375311388144766,0.6528092142437018,0.7391726240480135,0.6179779501489348,0.7367917996237163,0.8701734158626537,0.36755103692348745,0.2739400882004088,0.3638971623043277,0.47422568148369254,0.06535273605626597,0.045721505704215334,0.06405602829171303,0.08888059949035833,0.10324277047089625,0.060046590897727556,0.0992839565653672,0.1593449503475309,1.2384912753890698,1.0608299623564315,1.2355604904763697,1.4290160912036787,3.307959332311387,2.4654607938036794,3.2750744607389497,4.268031133353233,10.892286495619238,8.890837471900312,10.829359609796061,13.17812384956232,4.493867862069506,3.280492818529083,4.443778024933029,5.875282928193315,7.086703132158138,5.784527039842875,7.045761851460147,8.573907011922739,0.38267621361426823,0.2677245627263181,0.3750832764635402,0.5204447943457677,0.6045432046308565,0.35160581533118856,0.581362171866336,0.9330523240074846
22200,Ryan Rolison,RP,CHC,16.6076,0.7342024328834382,0.6076341249202589,0.7286294432520828,0.8750957719132443,0.42194991482017546,0.3199363907619785,0.41757054912171493,0.5375659657871696,1.1951196740871872,1.0386948374363414,1.1897055899392974,1.3670301808770091,0.6603978939696165,0.5209259676589603,0.6548417007218101,0.8187017781592464,0.037669537060919016,0.027592111275621205,0.03722556452019952,0.04914795793454356,0.04487222154540311,0.028245776403753555,0.0434561650456633,0.06649137429239775,1.6170695889073627,1.4402395643750328,1.6140113585719547,1.8084752097574013,5.943581045726548,4.688333708930642,5.893575306496292,7.368316003433217,6.607821895950944,5.46870712428233,6.557664989268745,7.875861947219199,3.797549233381579,2.8794275168578065,3.758134942095434,4.838093692084527,12.19334032435499,10.091344493025693,12.100786341753292,14.533240541626396,0.6256006036929187,0.45823874722100677,0.6182272853256656,0.8162296261937257,0.7452199065374367,0.4690945562029776,0.7217026066123579,1.104262147698425
22207,DL Hall,RP,MIL,55.2938,0.9161961715652379,0.7578305692763722,0.9101067665099001,1.0917954675465027,0.3905061213418139,0.2929441935350068,0.38570061923432386,0.5028216105437766,0.8849879824820777,0.7640886821241841,0.8798661161749404,1.0231942078210647,0.42032738769641376,0.328020143318994,0.4166855724687393,0.525549975995129,0.0519988811720011,0.038162578846104044,0.05126804029748362,0.06810630995729686,0.0747513899837119,0.04687656596939471,0.07250666698546111,0.11030742806539422,1.2754941038238916,1.1247528960955522,1.271414596221231,1.4451078584183281,3.782946489267724,2.952181289870946,3.7501701522186535,4.729949783956161,8.245765544087142,6.820475123487349,8.1909608985891,9.826159207918524,3.514555092076325,2.6364977418150612,3.4713055731089146,4.525394494893989,50.65996787129395,41.90333193145386,50.32326152604511,60.36952022342281,2.875215735748394,2.1101540022007077,2.8348047666009997,3.7658566815167807,4.133288407481369,2.5919834633985173,4.0091691429606895,6.099316865962295
22210,Jeremiah Estrada,RP,SDP,69.6388,1.3554114990070099,1.1873779429269635,1.3525004682385438,1.5374742575042626,0.39340986036787534,0.3212393206175129,0.3909822359230106,0.47082953398674965,0.7310852834246204,0.6522018116362306,0.7292029483034701,0.8160501236707717,0.3458384676837945,0.2819993913575406,0.343871316056436,0.41547270758230803,0.06506591115163445,0.049326396732327256,0.06422666804405743,0.08275771590738155,0.39779711846951527,0.3110923641679153,0.3945918235799223,0.49820029007803784,1.1244951437924957,1.0181838187137968,1.1228926863298698,1.2357961186882722,3.1125462091541505,2.5379945222178653,3.094841844507924,3.7392543682407724,12.198703491063089,10.686401486342671,12.172504214146894,13.837268317538364,3.540688743310878,2.891153885557616,3.5188401233070956,4.237465805880747,94.38923029704937,82.68757509190223,94.1865096075703,107.06786232348784,4.531111973506441,3.4350310767631913,4.472668090586507,5.7631480265309625,27.70211397367488,21.66409892981662,27.478901083917492,34.69407036068646
22253,Sean Reynolds,RP,NA,NA,0.9955256968949135,0.8103937177629517,0.9896057878873316,1.2036166247044364,0.48534402928167414,0.3601103583073338,0.4798280438205943,0.625588225367482,0.9149878884640898,0.7797925202279545,0.9106804954623999,1.0630697966649798,0.48953975515956405,0.37637377848183745,0.4854577790265631,0.6162166829277634,0.0485183936650347,0.03572828329449073,0.04786128510629963,0.06437277465207276,0.08112945613218839,0.0510139441685769,0.07851896611705278,0.11984685640601803,1.400331917745764,1.2178003838244065,1.396665550829774,1.5934829546839138,4.405857796436076,3.387364006336537,4.369120011239068,5.545950146349871,8.959731272054222,7.293543459866565,8.906452090985985,10.832549622339927,4.368096263535067,3.240993224766004,4.318452394385349,5.630294028307338,NA,NA,NA,NA,NA,NA,NA,NA,NA,NA,NA,NA
22284,Matt Sauer,RP,NA,NA,0.8304072975278698,0.6797618523106159,0.8243398884769803,1.0000177814440394,0.36124201943017453,0.2651286586442833,0.3565284641687457,0.4744638875771513,1.0721476580447507,0.9190603162774563,1.0674786568515335,1.2396089579341099,0.5424147721359451,0.41883935531400396,0.5372365480476085,0.6860112275818822,0.04460130512011298,0.032272259802054296,0.04378069885166862,0.059099641691118976,0.05941490057187485,0.036009295770741565,0.057436501117172814,0.09050655839179655,1.433389677474925,1.2562357617038467,1.4297150447948115,1.625427276698756,4.881732949223506,3.769554197826036,4.835128932428476,6.174101048236939,7.473665677750828,6.117856670795543,7.419058996292822,9.000160032996355,3.251178174871571,2.38615792779855,3.208756177518711,4.270174988194362,NA,NA,NA,NA,NA,NA,NA,NA,NA,NA,NA,NA
22288,Mason Englert,RP,TBR,63.2802,0.8503585232402038,0.7288821604371531,0.8484372055628111,0.9814330391470929,0.30718424795630317,0.2464165787475635,0.3048857701040476,0.3758819410134517,1.0190685579859977,0.9066377592551991,1.0176339510939219,1.1391988264030812,0.47925752024202195,0.39181274293568147,0.476230749793451,0.5758804309873984,0.04646604650171556,0.034381704784863645,0.04579881798125636,0.06109749578328547,0.0544806824958109,0.03522542071860191,0.05334898549677626,0.078116251561351,1.3262528059423009,1.2006194950191948,1.3240357310989,1.4540892963995338,4.313317682178198,3.5263146864211334,4.286076748141059,5.1829238788865855,7.653226709161834,6.559939443934378,7.6359348500653,8.832897352323837,2.7646582316067283,2.2177492087280717,2.7439719309364285,3.382937469121065,53.810857422344746,46.12380888889514,53.6892760554558,62.10527900383587,2.940380715837861,2.1756811551271285,2.8981583616174986,3.8662617526654612,3.447548484471413,2.2290716681572724,3.375934472033101,4.943212022052604
22304,Brenan Hanifee,RP,DET,55.4345,0.7835268108405401,0.6642794396260522,0.781605327951282,0.9125474349298418,0.26142146119323506,0.20200676809625728,0.259290061285059,0.32933407190068,0.9759548920174707,0.8611524987695209,0.9730443208652613,1.1012737267343127,0.400525882621346,0.3219419921793191,0.3973675425059842,0.48793755998178134,0.053314772149112545,0.04005103622146775,0.05283230283514877,0.06813904583142,0.0798268652833394,0.05699558630164797,0.07897329547282678,0.10633526653464491,1.2373763532107056,1.1094952326465755,1.236172161531361,1.371662098211859,3.6047329435921136,2.897477929613872,3.576307882553858,4.391438039836032,7.051741297564861,5.97851495663447,7.034447951561538,8.212926914368577,2.3527931507391155,1.8180609128663154,2.3336105515655308,2.9640066471061197,43.43441699553992,36.82399859595039,43.32790055231534,50.58661078161832,2.9554777366999794,2.220209167418954,2.9287322915150544,3.777253936141852,4.425162363549278,3.1595218288387046,4.377845147888416,5.894642332714773
22361,Colin Holderman,RP,CLE,37.1186,0.9151062103225146,0.7833242968195742,0.9108639907313824,1.059048353647049,0.44937425597538705,0.3613936233175591,0.44569629341357386,0.5530665541570482,0.9790819753672205,0.8488310289748928,0.9733706457421187,1.1260004767597416,0.5044909183172804,0.3914119062905747,0.4991235556455925,0.6379149953969192,0.04875619212367956,0.036028046662740273,0.048230919868559964,0.06310096541204832,0.10479147084115681,0.07363148245254716,0.1023436081093633,0.1449458802496033,1.4284562313426077,1.2610469983683403,1.4232427937660987,1.6120632780693411,4.540418264855524,3.5227071566151724,4.492112000810333,5.741234958572273,8.23595589290263,7.049918671376167,8.197775916582442,9.53143518282344,4.044368303778484,3.2525426098580317,4.011266640722165,4.977598987413434,33.96746137847729,29.075901243927046,33.80999612636189,39.31039221968335,1.8097615929620123,1.3373106528555911,1.79026422223313,2.3422194947436568,3.889712689564563,2.733097544563117,3.7988514519682126,5.380188150632925
22387,Josh Winckowski,RP,NA,NA,0.8653220229818962,0.7542028719765279,0.8641450172531073,0.9834437358081496,0.3463223656495815,0.2829006259305093,0.34465162241171965,0.4148624537142122,0.9711403054374774,0.870033140752178,0.968669434608741,1.080604630069856,0.444742421401828,0.36923382940825733,0.44194783603152993,0.5301421070292028,0.05053060943976568,0.038345817769033674,0.049994770413458456,0.0646968104023431,0.08146573748056843,0.060358530378982006,0.08044355762262649,0.10618645160423987,1.317462671087059,1.1998506871725705,1.3145894221809467,1.4429890340404636,4.002681792616452,3.3231044646743158,3.9775305242837695,4.771278963262826,7.787898206837066,6.787825847788751,7.777305155277966,8.850993622273347,3.1169012908462337,2.5461056333745837,3.101864601705477,3.73376208342791,NA,NA,NA,NA,NA,NA,NA,NA,NA,NA,NA,NA
22533,Michel Otañez,RP,TEX,20.1589,1.3128886959273314,1.0879929695670576,1.3074108719697877,1.552208332148481,0.5021849149150504,0.37680739863713997,0.4973643302026741,0.6449542975725195,0.7461651996683585,0.6390977113784913,0.7439822424019933,0.861330020188877,0.38055061437629983,0.2892006986292498,0.37778831575989025,0.4816047314439816,0.06066400900024416,0.04426011431737033,0.05979132694902596,0.08066320142237213,0.1409532526065853,0.09118258104761448,0.13725334567482528,0.20360260665336521,1.2483501145834088,1.0815896131087674,1.2444413931966265,1.4261474359508237,3.4249555293866987,2.602806287663248,3.400094841839012,4.334442582995834,11.815998263345982,9.791936726103518,11.76669784772809,13.96987498933633,4.519664234235453,3.39126658773426,4.476278971824067,5.804588678152676,26.46639193232948,21.932741474205358,26.35596502695175,31.29081254694801,1.222919691035022,0.8922352185124367,1.2053273808327194,1.6260814111534574,2.8414625239708924,1.8381405330807554,2.766876470124235,4.104404587264524
22713,Carlos Hernández,RP,CLE,12.8369,0.8932264792636724,0.7759134840035176,0.8896196224888733,1.0215498848646534,0.47277850254804593,0.3887940161448416,0.46945193750330383,0.5671560604804208,1.0206871864538483,0.899079525864062,1.0173287203095716,1.1487578346938694,0.565532562146216,0.4550456378735012,0.5633615416000477,0.6883637030533374,0.042061238635317584,0.031750532741903016,0.04159695572915426,0.053892672353577094,0.06746987982616759,0.047276767774165396,0.06592779838251414,0.09276535359276267,1.4934656890018942,1.3390745476233452,1.4931242127149345,1.654081413372062,5.0897930593159435,4.095410740861511,5.0702538744004295,6.195273327480036,8.039038313373052,6.983221356031658,8.006576602399859,9.19394896378188,4.255006522932414,3.4991461453035746,4.225067437529734,5.104404544323787,11.466258991659837,9.960323802804755,11.419958131927418,13.113533717019068,0.5399359142377083,0.40757841375453485,0.5339759609995803,0.6918148457356338,0.8661041003405308,0.6068871402401838,0.8463085550564958,1.1908195675349351
22717,Angel Zerpa,RP,MIL,60.929,0.8916746448073013,0.772607060763125,0.8892844679489764,1.0181483594778071,0.32025250976900155,0.2616163848769107,0.3189409219101308,0.38503153535113965,0.980211608330762,0.8772179290218858,0.9774036790713989,1.090858360204808,0.4503282301026825,0.3711189821660828,0.4480697114867694,0.538327293133695,0.05204869984538141,0.03911142113402449,0.05133591897657615,0.06738924025593625,0.07533283274772637,0.056567289595641786,0.07448308499828653,0.09720832507581308,1.3004641180997636,1.1855989108879108,1.2980755756664886,1.4260031963869326,4.052954070924143,3.340070839494745,4.032627403380925,4.844945638203255,8.025071803265712,6.953463546868125,8.003560211540787,9.163335235300265,2.882272587921014,2.3545474638921964,2.8704682971911772,3.4652838181602568,54.32884443346406,47.07417560523645,54.183213347663184,62.03476139462331,3.171275232879244,2.3830197782749782,3.1278462073238082,4.10595901955394,4.58995416648622,3.4465883877728585,4.5381798858606,5.922806038544215
22810,Roansy Contreras,RP,NA,NA,0.872956121242721,0.7346359644213476,0.8677970853304169,1.0262432643871091,0.4266562008274116,0.3355074723666353,0.4232123781938365,0.5282918576811748,0.9641292894511646,0.8425807301995811,0.9612230991134376,1.092934038723564,0.48967648331242775,0.3881991513026495,0.4867670392689668,0.6016720004860936,0.045220297681168274,0.031187729673741657,0.044318222961860235,0.06179815276638554,0.05880631074107754,0.03460888618379932,0.05688612589013468,0.08925910358992385,1.3907854902785761,1.2445232588834618,1.3893959755322098,1.5431269918123023,4.40708834981185,3.4937923617238456,4.380903353420702,5.415048004374842,7.856605091184489,6.611723679792128,7.810173767973752,9.236189379483982,3.8399058074467045,3.019567251299718,3.8089114037445286,4.754626719130574,NA,NA,NA,NA,NA,NA,NA,NA,NA,NA,NA,NA
22915,Carlos Vargas,RP,SEA,54.4231,0.7983622773993906,0.6754828952761261,0.7937338924424595,0.9341478884549608,0.31732982568235946,0.24488667687112653,0.31481780163376993,0.40117973572435955,1.0008445952747729,0.887674206228583,0.996894852727555,1.1301497994714473,0.44954948242747894,0.3614090753939406,0.4464866330073157,0.5466008132337968,0.05060518543862496,0.03690059584434002,0.04989245157620158,0.06635314107998558,0.06647238186586447,0.04656893726719435,0.06540469853963074,0.08961149786575072,1.3181744209571324,1.1822522840632241,1.315798397094996,1.458761290103701,4.04594534184731,3.2526816785454655,4.018379697065842,4.919407319104171,7.185260496594515,6.079346057485135,7.143605031982135,8.407330996094647,2.855968431141235,2.2039800918401387,2.833360214703929,3.610617621519236,43.44935005913477,36.76187315790214,43.19745900178522,50.83922394817317,2.75409106764483,2.0082448176961014,2.7153018813767757,3.611143632310163,3.6176330855241288,2.5344259297862446,3.5595264490921776,4.876935509497538
23055,Dedniel Núñez,RP,NA,NA,1.142641326174409,0.9469338518100242,1.1355733114226596,1.3649525016378528,0.3352234090049091,0.2448144355742558,0.3309624441619514,0.4387621851662394,0.781948477483888,0.671340270462722,0.779812515791819,0.9010620526995134,0.3508110757758576,0.2710950583350262,0.34754691815968647,0.43785789194004615,0.06152857726567266,0.046084318188503205,0.06063100585974112,0.08029772647582027,0.11357825491669124,0.07816239001058482,0.11159561306392608,0.15613274344092534,1.1171718864887972,0.9780724596027834,1.1146278342261535,1.2686642378525792,3.1572996819827184,2.4398555250152354,3.127922263437178,3.940721027460415,10.283771935569682,8.522404666290218,10.220159802803936,12.284572514740674,3.017010681044182,2.203329920168302,2.9786619974575625,3.9488596664961544,NA,NA,NA,NA,NA,NA,NA,NA,NA,NA,NA,NA
23135,Eduardo Salazar,RP,NA,NA,0.834925217883329,0.7008408963558292,0.8317667453493491,0.9829004720510037,0.4460008993825355,0.3473024764272993,0.441407290516351,0.559718940180583,1.104123976297322,0.9689502024112153,1.099882880133199,1.2573316769093306,0.6011634082793921,0.4764664214873024,0.5971081408872574,0.7423297017543139,0.04028779333297448,0.029656084227022938,0.03976309823350831,0.05244834667416457,0.06255087162766573,0.040731562036438615,0.060717332796158915,0.0902285453395172,1.5501248756798576,1.3887895645797665,1.5454795882615848,1.7287347045110497,5.410470674514529,4.288197793385722,5.373973267985317,6.680967315788825,7.514326960949961,6.307568067202463,7.485900708144142,8.846104248459033,4.014008094442819,3.1257222878456936,3.972665614647159,5.037470461625247,NA,NA,NA,NA,NA,NA,NA,NA,NA,NA,NA,NA
23150,Osvaldo Bido,RP,NYY,18.4798,0.825112082169733,0.7017315636737792,0.8227832332073267,0.9605967533504763,0.42446884829323905,0.33533410586939294,0.4201635571901676,0.5253035688656964,1.1147168841558395,0.9797711252154898,1.1115637125601954,1.2645480623057985,0.6218521679213782,0.4920371867572343,0.6169189517695044,0.7635121626423481,0.03931948672617374,0.028765209172214725,0.03894222489332318,0.05080380905958664,0.05127531303720244,0.03370264758330084,0.0498066873002649,0.07310376933385879,1.5391857324490785,1.3774673741971613,1.5362167010053338,1.7146799539457964,5.596669511292404,4.428334680815109,5.552270565925539,6.871609463781133,7.426008739527597,6.315584073064013,7.40504909886594,8.645370780154288,3.8202196346391517,3.0180069528245363,3.7814720147115084,4.727732119791268,15.247906256080233,12.967858950378705,15.204869593024757,17.751635882566134,0.7266162508023455,0.5315753124606937,0.7196445275836337,0.9388442306593492,0.9475575298648937,0.6228181868098829,0.9204176199714353,1.3509430365358437
23165,Steven Cruz,RP,KCR,39.5376,0.9779972117189304,0.8152747605188622,0.9729938288498448,1.1553277058817413,0.3758365188609164,0.28176783858050514,0.3714052947505406,0.4832370786754851,0.8490773826303908,0.7354743068036458,0.844764527313552,0.9722489308833127,0.3853957168637497,0.3014704539601002,0.38019523422813295,0.48617850620488096,0.059088851383568695,0.043606848633709706,0.05803982675195883,0.0778692542991125,0.12002463473217545,0.07655552126931234,0.1172968668040557,0.1724896846122932,1.224913901491307,1.079932974186844,1.2220974216295912,1.3795863695453263,3.468561451773747,2.713234085640902,3.4217571080531965,4.3756065558439285,8.801974905470374,7.33747284466976,8.756944459648603,10.397949352935672,3.3825286697482477,2.535910547224546,3.3426476527548656,4.349133708079366,38.66766255805838,32.23400737149056,38.46984080753362,45.67888470406993,2.3362313704629853,1.7241101385401607,2.2947554541882473,3.07876342877659,4.74548599818686,3.026821577737563,4.637636600952033,6.819828154327003
23221,Michael Grove,RP,NA,NA,0.9942136323182136,0.8309357983301237,0.9898004882231571,1.1738824489377073,0.37329774534711935,0.2828814813452298,0.3688491725956098,0.47675076560471413,0.9089491496651309,0.7945141341304891,0.9057347675957805,1.0370313900578771,0.4389157138269354,0.34745394698317156,0.43486779318514834,0.5405188920756983,0.053522752738594186,0.04034431676352503,0.05274832350320253,0.06925858322074034,0.09721361175010514,0.06475153233278866,0.0947055071485014,0.13802775478235138,1.28224689501225,1.1372081282711657,1.2785432896024367,1.4340677626861063,3.9502414244424187,3.127085522848544,3.913810138666335,4.864670028681284,8.947922690863923,7.478422184971113,8.908204394008415,10.564942040439366,3.359679708124074,2.545933332107068,3.319642553360488,4.290756890442427,NA,NA,NA,NA,NA,NA,NA,NA,NA,NA,NA,NA
23237,Juan Mejia,RP,COL,65.6483,1.0542260994331465,0.8903491520875974,1.0500504233186405,1.2360973861123195,0.410673921362257,0.3180320801512023,0.4060052907923609,0.5184994576635377,0.8584212610267037,0.7490379691333231,0.8549880659774194,0.9772026845364079,0.4228173143881085,0.3344052715445517,0.41945017588513966,0.5223403151711721,0.05221307301575588,0.03664935595490397,0.051560064069083575,0.07046174688324847,0.24197604524418823,0.16612740973865275,0.23798528057490118,0.3288677104702696,1.2690951823889607,1.1330167201696124,1.2664620541013092,1.4169934910945492,3.8053558294929766,3.009647443900965,3.775051582966257,4.701062836540549,9.488034894898318,8.013142368788376,9.450453809867765,11.124876475010876,3.6960652922603128,2.862288721360821,3.654047617131248,4.666495118971839,69.20815124341703,58.44990824099222,68.93402520514911,81.14769203271739,3.4276994812602473,2.4059679145343225,3.3848305540264194,4.625693897915561,15.885316011004043,10.905982032745998,15.623329094765285,21.5896061172654
23252,Spencer Howard,RP,NA,NA,0.8234242125506767,0.6702976488764371,0.8176741680388995,0.9944007958430116,0.43271770200511345,0.3197644368033455,0.4266667070468274,0.5655340432826217,1.129432451950736,0.9675114141906465,1.125505687410178,1.3121388055894008,0.6247756486151331,0.48461984523000823,0.6177799158847215,0.785703311620886,0.03977025387409849,0.02910706427881375,0.039266223895089186,0.051869306164930906,0.0525660713688962,0.03207461908573898,0.05088619338996975,0.07848197314275296,1.5621501539558493,1.370454562370912,1.5580861158264563,1.7703504921190916,5.622980837536198,4.361578607070074,5.560019242962493,7.0713298045879744,7.41081791295609,6.032678839887933,7.359067512350095,8.949607162587103,3.894459318046021,2.8778799312301095,3.8400003634214466,5.089806389543595,NA,NA,NA,NA,NA,NA,NA,NA,NA,NA,NA,NA
23307,Collin Snider,RP,CHC,7.96278,0.9145331937959124,0.7757501625564751,0.9106830143125741,1.0685389399767793,0.34471701493937046,0.2682825975741089,0.34203770552991286,0.42941008547706133,0.8954907990719898,0.7688685416187283,0.8928348726505284,1.034178919623898,0.3908879360460585,0.29848886525440577,0.38613272138129023,0.496258954689766,0.059828693321486874,0.04361585248879018,0.058776717699924666,0.07937868102583068,0.13254047793808102,0.08719599257334802,0.12848663751676842,0.19149655690266035,1.2402078140113602,1.0834939344451955,1.2373716607993128,1.4047142674190893,3.5179914244145265,2.686399787289652,3.475194492431612,4.466330592207894,8.230798744163211,6.981751463008276,8.196147128813168,9.616850459791014,3.102453134454334,2.41454337816698,3.078339349769216,3.864690769293552,7.282226624894215,6.177127879401449,7.25156849270788,8.5085405004683,0.47640272260646926,0.3473034378806887,0.46802607216660613,0.632074973698864,1.0553906669157929,0.6943225057432042,1.0231108274857732,1.524844953373366
23313,José Buttó,RP,SFG,62.367,1.0017235589786202,0.8702118551674386,0.9987302806169682,1.1466175462331447,0.45045065714056776,0.36801921508984375,0.4490584317341682,0.5378771147374944,0.8277307034762583,0.7314867526886007,0.8269983389180378,0.9303404736381661,0.40117245962882947,0.3266888723873985,0.3976332556020079,0.48797307776359244,0.05897505696602363,0.04522720200444717,0.05833450357711413,0.0756340834359088,0.10087409400090849,0.07057908543548276,0.09939491708917067,0.13634134462563696,1.2781813606168262,1.1527611902891386,1.2771726447490757,1.413205186214213,3.6105521366594653,2.940199851486587,3.578699300418071,4.391757699872332,9.015512030807582,7.831906696506947,8.988572525552714,10.319557916098303,4.05405591426511,3.3121729358085936,4.041525885607514,4.84089403263745,62.4744932028196,54.27250277122764,62.28781141123846,71.51109650592254,3.6780973777999955,2.8206849074113567,3.6381479845938767,4.717070881647324,6.291214620554659,4.4018058213547535,6.198962794100307,8.5032006402671
23363,Robert Garcia,RP,TEX,62.395,1.0643438879612546,0.9196174918404555,1.0595184822075656,1.2220025600716866,0.3382482525169495,0.2706883517775121,0.3358355067207145,0.4125233844483198,0.8511060791098897,0.7465661842453787,0.8474491651043401,0.9649530654176895,0.39423497717513867,0.31379874662225404,0.39067583956920054,0.4870735133553284,0.056626211968783785,0.04305864275361982,0.05592965475681727,0.07259769823655562,0.3372431390703513,0.24840615951764541,0.33171076641896624,0.4421358763183538,1.1893543316268391,1.0608683276245618,1.1865777669194846,1.3258988807402852,3.548114794576248,2.8241887196002864,3.516082556122805,4.383661620197955,9.57909499165129,8.2765574265641,9.53566633986809,10.99802304064518,3.0442342726525458,2.436195165997609,3.0225195604864306,3.712710460034878,66.40973688934248,57.379533403385224,66.10865569734106,76.2468497356729,3.5331924957922642,2.6866440146121087,3.489730808551614,4.529733381469889,21.04228566229457,15.499302323103487,20.6970932707114,27.58706800288369
23394,PJ Poulin,RP,WSN,59.844,1.0804383145058505,0.8758820559696623,1.0714194781799833,1.3029112615589542,0.4237528101472018,0.31295958116714045,0.41783107100690486,0.5535750625414693,0.8286255325440399,0.700860291509541,0.8263788004607435,0.9663107636472403,0.3993438812553856,0.3027302358704452,0.39509305374739023,0.5095928180944359,0.05862033204190491,0.043222287934772945,0.05784933555246066,0.07654148068647568,0.3960172369122265,0.2517458650016784,0.38328895652408157,0.5841402573973067,1.2523783426912418,1.0890554285637837,1.2467494922717242,1.4367047815546379,3.5940949312984705,2.7245721228340067,3.555837483726512,4.5863353628499235,9.723944830552654,7.882938503726961,9.64277530361985,11.726201354030588,3.813775291324816,2.816636230504264,3.7604796390621438,4.982175562873223,64.65775049328812,52.41628575744847,64.11802725220292,77.97142153673406,3.5080751507157575,2.586594599168552,3.461935636801456,4.58054837020145,23.699255525775285,15.065479545160443,22.93754431422714,34.95728956368442
23426,Max Lazar,RP,PHI,36.3824,0.7985329944812687,0.6581070343087135,0.7929343320118778,0.9551713415184523,0.33727774275365846,0.2541157938528873,0.3336571681757097,0.433435492401887,1.0327555307151453,0.8935933670378418,1.0293979454774065,1.1819965393489502,0.49054397106256664,0.38440886938529056,0.48601687874502625,0.614037788218127,0.046125651506362414,0.033179932354884326,0.045449713264859345,0.06091330577088639,0.06257293399058549,0.03870844289390224,0.06059913957481637,0.09400231768925059,1.3700332734688039,1.2119016023911682,1.3672996667236732,1.5405891004469228,4.4148957395631,3.459679824467615,4.374151908705236,5.526340093963143,7.186796950331418,5.922963308778422,7.136408988106901,8.59654207366607,3.035499684782926,2.2870421446759854,3.002914513581387,3.900919431616983,29.05254681841531,23.943513365033336,28.84885404098894,34.75142581566094,1.6781619033650796,1.2071655709083433,1.6535696478874184,2.2161722558786967,2.2765535136190773,1.4083060527431088,2.204742135666799,3.4200299230973905
23455,Hunter Stratton,RP,ATL,21.8334,0.9105214513237175,0.7547200032273239,0.9038424013595541,1.0855206085108688,0.30287698307516053,0.2231835367484031,0.29907004255919933,0.39859155257733814,0.9158562029604708,0.7881587218172599,0.9126582672770471,1.055474010836822,0.3984563191844852,0.3071456862331117,0.39385635703006683,0.5025292504094312,0.055860169714399326,0.04152691585845878,0.055262180482115175,0.07274752118506043,0.1004588709469693,0.0645225822863371,0.09833661137257205,0.14451250299414867,1.2187331860356314,1.0706648514154042,1.2131764437505477,1.3766709301505369,3.586106872660367,2.7643111760980057,3.5447072132706015,4.5227632536848805,8.194693061913458,6.792480029045915,8.134581612235987,9.76968547659782,2.7258928476764446,2.008651830735628,2.691630383032794,3.5873239731960433,19.879779055331255,16.478103718463455,19.73395268584369,23.700605653861206,1.2196174294423663,0.906673764704074,1.2065612913382135,1.5883257290418986,2.1933587129335597,1.4087473480905126,2.147022570741915,3.1551992828724456
23488,Ron Marinaccio,RP,SDP,40.3166,1.1122886079610135,0.9555959617828399,1.110917486176362,1.2812968638192728,0.485542021300473,0.3930436873649546,0.4816585552882978,0.5916193167861752,0.8058390965371629,0.7021726664972309,0.8025590803949818,0.9211613615591786,0.4102077550342329,0.32238787405927016,0.40743902892876394,0.5091208810639716,0.056393106930761536,0.04237651546386008,0.05576005879174858,0.07261577757170912,0.11675123303891273,0.07925567310740893,0.1138284948651008,0.16178044524501137,1.2913811178376358,1.1433648230586277,1.2883971470841358,1.4517442536069987,3.6918697953080963,2.9014908665334316,3.6669512603588754,4.582087929575744,10.01059747164912,8.600363656045559,9.998257375587258,11.531671774373455,4.369878191704257,3.5373931862845915,4.33492699759468,5.324573851075577,44.843694891721,38.52638015281404,44.788415923177915,51.65753313985609,2.2735783348847405,1.7084770233502613,2.248055986283411,2.927621258047568,4.707012761936629,3.195319270402163,4.589177896078323,6.522437498765026
23550,Aaron Ashby,RP,MIL,66.828,1.134237969116637,0.9815551785527586,1.1319577515649986,1.2994244314598857,0.3540078507254143,0.2831653212746197,0.3514232033784185,0.4300133124003099,0.7730047712578243,0.6826655776593908,0.7716510216290406,0.867273394595,0.34517968259631265,0.27821795652544956,0.34200791502288214,0.42153595697519397,0.06368255250817864,0.04866763582784638,0.06284617789228102,0.08180697647753228,0.11964392835559583,0.08462005613594692,0.11808464443857791,0.16106249786535878,1.1270126219832386,1.0108202687629633,1.1259493473065467,1.2484267802507922,3.106617143366814,2.503961608729046,3.078071235205939,3.7938236127767455,10.208141722049733,8.833996606974829,10.187619764084987,11.694819883138972,3.1860706565287287,2.548487891471577,3.1628088304057664,3.870119811602789,75.79885500012662,65.59536947232375,75.64647262158573,86.83793590560124,4.255777619016563,3.252360767103318,4.199884376185356,5.466996624040528,7.9955644441477585,5.654989111453061,7.8913606185412855,10.763484607346196
23809,Ray Kerr,RP,NA,NA,0.9696819180843601,0.8105841306499483,0.965705633439742,1.142891551346128,0.38640473115872465,0.28864229384817924,0.38189998753375876,0.49963537809495084,0.9900381458533267,0.8420557362946439,0.9855947179431611,1.1554394885171642,0.5230741300237659,0.39583543181747693,0.5165462534993598,0.6729985239023927,0.04530190983024197,0.033021231802401824,0.04466121133171363,0.06016324224370611,0.06699324071629745,0.04226679800029643,0.06508854836820638,0.09869452437782705,1.3764428770120514,1.1969057183758884,1.371583431272644,1.5742866717105142,4.7076671702138935,3.5625188863572923,4.648916281494238,6.056986715121534,8.727137262759241,7.295257175849534,8.691350700957678,10.286023962115152,3.4776425804285216,2.5977806446336134,3.4370998878038286,4.496718402854557,NA,NA,NA,NA,NA,NA,NA,NA,NA,NA,NA,NA
23899,Valente Bellozo,RP,COL,14.7743,0.7554764682025641,0.6334551172652518,0.7524302930946043,0.8884121559373176,0.31711835101539526,0.24489512038344036,0.3140632592580451,0.3998862734239221,1.0672223292686411,0.9425258227982453,1.0642742753467642,1.2005063851249462,0.5036569320083243,0.4060813513676418,0.5028613428695097,0.6090321357084428,0.04146233498608806,0.02998654636475474,0.040783666876469594,0.055043022579972685,0.044969931923546515,0.027640128421969366,0.04366086638348866,0.06733009000880993,1.3843406802840366,1.2450807115527938,1.3823493978361925,1.5291557381295597,4.5329123880749185,3.6547321623087763,4.525752085825587,5.481289221375985,6.799288213823077,5.701096055387266,6.7718726378514384,7.995709403435859,2.8540651591385573,2.204056083450963,2.8265693333224062,3.5989764608152988,11.161635984165143,9.35885593901201,11.116630879267612,13.125667715464711,0.6125769757849608,0.443030231956796,0.6025501295330248,0.8132221285032905,0.6643992652180533,0.408363549344702,0.6450587382095765,0.9947549488171606
23974,Randy Rodríguez,RP,NA,NA,1.1136325970922922,0.9654340234025809,1.109685009186814,1.2753655587208155,0.32241580108853685,0.255106377178117,0.32095242671711993,0.39598008020592407,0.7916542633366662,0.7012412193118219,0.7893377795438423,0.8891324274512102,0.34377899217345903,0.27839105627891086,0.3416080333462689,0.415474918641062,0.06170548859450541,0.04522166135173775,0.06100071722496336,0.0804483696338405,0.10931241357940087,0.08057983781787652,0.10779410874462343,0.14252775867396408,1.114070064425203,1.0035709413904021,1.113298073774001,1.2299692135027895,3.094010929561131,2.505519506510198,3.07447230011642,3.739274267769558,10.02269337383063,8.688906210623228,9.987165082681326,11.47829002848734,2.9017422097968315,2.295957394603053,2.8885718404540794,3.5638207218533164,NA,NA,NA,NA,NA,NA,NA,NA,NA,NA,NA,NA
24017,Jose A. Ferrer,RP,SEA,66.7493,0.8817444508660761,0.764243848861287,0.8784113478847504,1.0104471443167187,0.2853554637103523,0.22859687668956397,0.2840827849258369,0.349110265872201,0.9657725250082241,0.866062861280882,0.9619224989068995,1.075654112328716,0.41846573884035526,0.3436052774717241,0.4158958128068665,0.5000472908968031,0.05517585697354633,0.04093229459588888,0.05450933168436457,0.07162573349128745,0.39493576357378046,0.3064490606144867,0.3921212975316792,0.4987151467200304,1.2511279887185764,1.1364565903862989,1.2507538758357457,1.3714713326145584,3.7661916495631975,3.0924474972455167,3.7430623152617986,4.500425618071228,7.935700057794685,6.878194639751584,7.905702130962753,9.094024298850467,2.568199173393171,2.057371890206076,2.556745064332532,3.1419923928498092,58.85582487419498,51.01274194079671,58.63334258336357,67.44663957013995,3.682949829884336,2.732202011669366,3.6384597333991566,4.780967572529994,26.361685763515347,20.45526028167456,26.173822125331316,33.28888694295933
24094,Ronny Henriquez,RP,NA,NA,1.2489369063698843,1.0779329683366086,1.2419305686627453,1.4410673948347024,0.3705869583930408,0.2885576600848556,0.36799106832174433,0.4615836781561543,0.6975000541971056,0.6114875048853164,0.695667058844655,0.7903988081404049,0.29877643396591363,0.2368136013679152,0.29536155964871424,0.368885594558321,0.07334515150573456,0.05435011844697774,0.07230713566689527,0.09636901333334613,0.4448063433140268,0.3428125569990647,0.44057559824390113,0.5665636831042702,1.0680870125901465,0.9486907657156138,1.0661814915087588,1.194416334731761,2.6889879056932227,2.131322412311237,2.658254036838428,3.319970351024889,11.240432157328959,9.701396715029476,11.177375117964708,12.969606553512321,3.335282625537367,2.5970189407637005,3.311919614895699,4.154253103405389,NA,NA,NA,NA,NA,NA,NA,NA,NA,NA,NA,NA
24453,Justin Martinez,RP,ARI,24.8477,1.1563829480394288,0.9874651739254541,1.1507300662554272,1.3433076479431798,0.45587146100233467,0.3538407251721873,0.4512051515941309,0.5710541718742403,0.7544723441411136,0.6496016625323248,0.7509653501309044,0.8690959605117763,0.3523730151966782,0.27232445972228997,0.34858417204371683,0.44343956981395216,0.06373212970876617,0.042249690814177926,0.0622490784233014,0.09030425219206817,0.07604428445230804,0.052224272858498226,0.07484526940648555,0.10412999645872172,1.2103438051434483,1.0693065108277722,1.2051374563323662,1.3607721654834077,3.1713571367701037,2.4509201375006096,3.1372575483934515,3.9909561283255695,10.407446532354859,8.887186565329086,10.356570596298845,12.089768831488618,4.102843149021012,3.1845665265496854,4.060846364347178,5.139487546868163,28.733456577999313,24.536238402147504,28.592995467294976,33.37810544379775,1.583596839364509,1.0498076424434488,1.5467464259386663,2.243852967192852,1.8895255667856146,1.2976530647061064,1.8597328006315308,2.5873909130073796
24581,Lyon Richardson,RP,CIN,20.305,0.9093759348340282,0.7542145797205656,0.9034432087191349,1.0850194944615654,0.45943504651928446,0.34643065970607884,0.4537460179254662,0.5880564262995327,0.9678314625097806,0.8314885434445035,0.9656481645102459,1.1130951998262422,0.5072629261972479,0.39216351388630033,0.5021065364964732,0.6394367490199003,0.04552528232833346,0.032401924576307285,0.044692486542048986,0.061520478999024186,0.07152985153801215,0.04251797521936943,0.06898024301315969,0.10957586800504679,1.427266509029065,1.2515397449855445,1.4250538050926043,1.6143126494547921,4.565366335775231,3.529471624976703,4.518958828468259,5.754930741179103,8.184383413506254,6.787931217485091,8.130988878472214,9.76517545015409,4.13491541867356,3.1178759373547096,4.083714161329196,5.292507836695794,18.46487835680494,15.314327041226084,18.344414353042033,22.031320835042084,0.9243908576768108,0.6579210785219194,0.9074809392363047,1.249173326075186,1.4524136354793367,0.8633274868292963,1.4006438343822076,2.224937999842475
24604,Austin Cox,RP,NA,NA,0.8960928975415099,0.7459084927135669,0.8901584781362116,1.064753716721761,0.42710342703889803,0.32627108670435034,0.4225185136821139,0.5431221681175029,1.0396458786270013,0.8895538530908846,1.0361921466265918,1.2015679341994128,0.5650040532140045,0.43999132507117616,0.5579085250376925,0.7077566539927008,0.04228319810961878,0.0313510768358922,0.041750569878396496,0.0549269632792636,0.06451439703363963,0.04315845647517379,0.06300477658448525,0.09193522647688937,1.4667493056658993,1.2840735234630554,1.4633288421087731,1.6650358731815635,5.085036478926041,3.9599219256405855,5.021176725339233,6.369809885934307,8.06483607787359,6.713176434422102,8.011426303225905,9.582783450495848,3.8439308433500825,2.9364397803391533,3.802666623139025,4.888099513057526,NA,NA,NA,NA,NA,NA,NA,NA,NA,NA,NA,NA
24607,Jonathan Bowlan,RP,PHI,55.3714,1.0014817832913632,0.8386134100504318,0.9950525990516561,1.1830911475054797,0.387608275132865,0.2914681898518262,0.38324271741963495,0.49748950584725055,0.8904154601574207,0.7679251649628734,0.8863432232248627,1.021336740052154,0.43782429387009963,0.34130078861882845,0.43438620746560763,0.5480863206056029,0.05189700639405025,0.03867090487818959,0.05119622018148047,0.06721911130551941,0.08618531165318295,0.05606378270893803,0.08428546762759556,0.12306298044610717,1.2780237352902857,1.1203039351484816,1.2729849947027265,1.4457391120135432,3.940418644830897,3.071707097569456,3.909475867190469,4.932776885450426,9.013336049622268,7.547520690453886,8.955473391464905,10.647820327549317,3.488474476195785,2.623213708666436,3.4491844567767145,4.477405552625255,55.45344841533939,46.435198573266476,55.097455483128876,65.50941316498492,2.8736098998475144,2.141262142372187,2.834806386156828,3.7220162997424375,4.772201365673054,3.1043301378896913,4.6670043421946446,6.814169515473578
24609,Braydon Fisher,RP,TOR,50.5227,1.1873448905367598,1.0001317095904318,1.1834701639696212,1.3925621014665928,0.3794918174007031,0.2863572148431713,0.37415268336598984,0.48896642968077064,0.7061484579296917,0.6053125541986345,0.7027423816476841,0.8179762303598987,0.3060974214949575,0.2330854691901485,0.30246633244169696,0.391937872139215,0.0764012868966135,0.053901475102929544,0.07462394696758773,0.10466277144976768,0.1137973745735622,0.07040005812320228,0.11029500813252505,0.16824970834361455,1.0856402753303949,0.9524408461876283,1.0815417174402202,1.2354152447960374,2.7548767934546174,2.0977692227113365,2.722196991975273,3.527440849252935,10.686104014830839,9.001185386313887,10.651231475726592,12.533058913199335,3.4154263566063277,2.5772149335885417,3.3673741502939087,4.400697867126936,59.987869701121554,50.52935432412451,59.79210805318798,70.35599728376623,3.859999297491535,2.7232480561827783,3.7702032854593446,5.287845803125178,5.749350616367711,3.556801016541112,5.572401607377123,8.500429539731934
24614,Victor Vodnik,RP,COL,64.6559,0.9631046072552907,0.8372464118833213,0.9586028184773836,1.1059525536648902,0.4479229335433212,0.36814236743762035,0.4455687414385817,0.5367491204388788,0.8892493179973795,0.7951609840397604,0.8857915809744017,0.9904104958230368,0.43704643220506506,0.3602888906932104,0.43402243450098776,0.5231850178266735,0.055703241462326,0.04159242778766751,0.05479408086323755,0.07287156390458888,0.28461766310242764,0.21571767765123492,0.28190873490124824,0.36284235702278367,1.3371722515407007,1.2150339791143623,1.3343805883992002,1.466600813812285,3.9334178898455856,3.2426000162388937,3.90620191050889,4.708665160440061,8.667941465297616,7.535217706949892,8.627425366296453,9.953572982984012,4.031306401889891,3.3132813069385834,4.010118672947235,4.830742083949909,62.27039517623735,54.132920282086836,61.97932797119187,71.50635771450177,3.6015432096640034,2.6891958517966517,3.542760612885401,4.711576548658708,18.40221116378425,13.947420594450481,18.227062972901617,23.4598991514294
24737,Gus Varland,RP,WSN,43.3536,0.9190790525085144,0.7645656038506636,0.9143208217201806,1.090284936098401,0.4423722873844207,0.33926734024022553,0.43718165221569266,0.5636972448560831,1.0091773116509326,0.8764113581971484,1.006116634129206,1.1503586150741303,0.5415514235362927,0.42765499648207217,0.5362553712669382,0.6751151161343616,0.044699640357942536,0.0331855040043762,0.04420475438724239,0.05789485190916457,0.06550012978806333,0.04200800470003013,0.06379393169232737,0.09559885622291522,1.451549599035353,1.2850497229167848,1.4480946939089205,1.6336970178929664,4.873962811826634,3.8488949683386497,4.826298341402444,6.076036045209254,8.27171147257663,6.881090434655973,8.228887395481625,9.81256442488561,3.9813505864597865,3.05340606216203,3.934634869941234,5.073275203704748,39.845385610833134,33.14667136310013,39.63909917652802,47.26777700563564,1.9378903282220976,1.438711066404124,1.9164352398027518,2.509950251729157,2.8396664267797824,1.8211982325632263,2.765696597016484,4.144554573145777
24862,Ryan Fernandez,RP,STL,46.8512,1.0217603534607669,0.8688548091980787,1.01962813303152,1.1799800513551675,0.467189300683449,0.3762550823888824,0.46439972923040074,0.5687174296387758,0.9336039214140931,0.826770351257879,0.9304450616345894,1.0529486895544817,0.5022670126055093,0.4071617222390582,0.4995781170593975,0.6115011406973169,0.045882930670751595,0.03428443876807153,0.04545365858182934,0.058553737592115566,0.08108297971691134,0.058387899858012134,0.07978440188775461,0.10909534128307748,1.400793222097542,1.2602735495006263,1.397241270423586,1.5548982491801115,4.520403113449584,3.664455500151524,4.496203053534577,5.5035102662758515,9.195843181146902,7.819693282782708,9.176653197283681,10.619820462196508,4.204703706151041,3.3862957414999415,4.179597563073607,5.118456866748982,47.87069867206108,40.70689043670102,47.770801586286346,55.28348138205122,2.149670361441517,1.6062670976106728,2.1295584489490027,2.743312870675725,3.7988348993129564,2.735543173827698,3.7379949697235686,5.111247653521719
24930,Ethan Roberts,RP,CHC,32.5579,0.913827050826524,0.749110057346996,0.9034528605518777,1.107856156457669,0.380231799620033,0.2785167670700386,0.37397951535085744,0.5024773876550879,0.9716963277253616,0.8245726301336356,0.9680275927233,1.1307472935357736,0.4789804637420384,0.36411025432466376,0.4744629796793809,0.6118946648803483,0.0485663625499345,0.034916166260394864,0.04779369761055818,0.06502667753461033,0.07180984713163328,0.04286780874810801,0.0686458172549545,0.10920069949955025,1.3519281273453947,1.1807399668364165,1.3460017770539991,1.543245418119876,4.310824173678346,3.276992288921974,4.270166817114428,5.507051983923135,8.224443457438717,6.741990516122964,8.1310757449669,9.97070540811902,3.422086196580297,2.506650903630347,3.365815638157717,4.52229648889579,29.752289738104885,24.38945033609776,29.414527888561974,36.06946995633314,1.5812187752645124,1.1367970494893098,1.556062427434792,2.1171320645040894,2.337977821927003,1.3956858304400257,2.234963653605083,3.5553454542364067
24977,Shawn Dubin,RP,NA,NA,0.9557415365494208,0.8065197576447564,0.9519221614159785,1.1187574907552746,0.430298491749057,0.33577929638716913,0.42596369059221384,0.5378500177645702,0.9484658079586276,0.8207228134403957,0.9450476625274588,1.092525349989543,0.48645169511095154,0.37860996852637663,0.48154915044899127,0.613265788139958,0.049522198230804775,0.03692256759788447,0.04893823779729313,0.06453107337454375,0.09535063782783117,0.06284074915161708,0.09309787880848314,0.1366093417846362,1.3787642997076845,1.2158527910080394,1.376606671937314,1.5535499112011455,4.378065255998564,3.4074897167373894,4.333942354040921,5.519392093259622,8.601673828944788,7.258677818802807,8.567299452743807,10.068817416797472,3.872686425741513,3.022013667484522,3.8336732153299247,4.840650159881132,NA,NA,NA,NA,NA,NA,NA,NA,NA,NA,NA,NA
24978,Erik Sabrowski,RP,CLE,60.3843,1.3102637861940836,1.0906111663618068,1.3017619872677244,1.5630943374943091,0.5108431998874352,0.3870884607823353,0.5061393230186284,0.6543872187178569,0.7065345920736932,0.6045161027269962,0.7037625136252423,0.8205286686496981,0.35365991175563144,0.27367658254908667,0.3484687898977685,0.44580379558436023,0.0626651430258762,0.04656204642440601,0.06161917623618028,0.08160955606931596,0.13469107492317262,0.09350601789232335,0.1320855260117821,0.18491995561538438,1.2173777919611284,1.0553529523390301,1.212735810058546,1.3920499127791068,3.182939205800683,2.46308924294178,3.1362191090799167,4.012234160259242,11.792374075746752,9.815500497256261,11.71585788540952,14.067849037448783,4.597588798986917,3.4837961470410175,4.555253907167655,5.889484968460712,79.1193615446794,65.85579185294125,78.60598636777046,94.38635740355761,3.783990796017416,2.81161657990526,3.7208308235983814,4.927935916556396,8.133226275483333,5.646295436215421,7.975892028353255,11.166262075866056
24993,Kody Funderburk,RP,MIN,63.4595,0.9291287387906358,0.788893824988142,0.9229159643402736,1.0844026011344676,0.4051769790773189,0.31601679484047634,0.4021966489731056,0.5054972040974129,0.9670954565670512,0.8484843436996007,0.9643620826563235,1.094001016206792,0.4881571628332476,0.3899549669681929,0.48368575054258367,0.6016111697687673,0.049173027106445395,0.037493602106406766,0.04859348973547145,0.06320342746819027,0.2614028942737365,0.18369815171315088,0.2570356448137934,0.355624564046989,1.37227243564437,1.2218286496507218,1.3687425179389132,1.5304735745428435,4.393414465499228,3.509594702713736,4.353171754883253,5.414500527918905,8.362158649115722,7.1000444248932775,8.306243679062462,9.759623410210208,3.64659281169587,2.844151153564287,3.61976984075795,4.549474836876716,58.962045199284354,50.062807686834994,58.567785639051586,68.81564686669275,3.1204957136614713,2.37932524287152,3.0837185618681504,4.0108579054176206,16.58849696916418,11.657392858640698,16.31135350206092,22.567757022139897
25007,Alex Vesia,RP,LAD,62.6466,1.278106058214652,1.1227631274445804,1.277131353358671,1.4494609651722743,0.4174275836936702,0.34200190181279577,0.4140867780676345,0.505327054094478,0.7192869300355588,0.6304765340063156,0.7175653308879825,0.8138749902561951,0.3464511302891976,0.2759759754198181,0.3431284072404936,0.42758214804561173,0.06441158179515845,0.049059348677063,0.06371553832242649,0.08260546157719226,0.13226349905173526,0.09908463763761595,0.13067744743806062,0.17032009408703744,1.1367145137292292,1.016560835826924,1.133174639104615,1.2710966959181036,3.1180601726027786,2.483783778778363,3.088155665164442,3.8482393324105058,11.502954523931868,10.104868147001223,11.494182180228039,13.045148686550469,3.756848253243032,3.078017116315162,3.7267810026087105,4.5479434868503015,80.06899898655001,70.33729253976965,80.00793704131932,90.80380130076139,4.035166600088573,3.073401392832495,3.9915618430697233,5.174951309241733,8.285858519694438,6.207315660228671,8.186497778673209,10.669974806233
25139,Tim Herrin,RP,CLE,52.2465,1.0730034953502612,0.9213820370007699,1.0707000963231361,1.2360858834564257,0.45597935272048506,0.37400074536655403,0.4534589392325782,0.5512702576471729,0.8229684994524739,0.7229174390113311,0.8211910868311691,0.9303531300360555,0.41287351698641483,0.332020183603393,0.40830706499872865,0.5065831266904179,0.05766105209760582,0.04401938242488006,0.056941299090483344,0.07371850202132578,0.10170146731994922,0.07434567968027543,0.1006451399150591,0.1347178916147658,1.278947852172959,1.144721596780925,1.278089858341906,1.4185060174720605,3.7158616528777335,2.988181652430537,3.674763584988558,4.559248140213762,9.65703145815235,8.29243833300693,9.636300866908226,11.12477295110783,4.1038141744843655,3.366006708298986,4.081130453093204,4.9614323188245555,56.06067711981742,48.13898659616073,55.94033258254673,64.58116111000614,3.0125881584175622,2.299858663861496,2.9749835829309377,3.851533715857197,5.3135457123317265,3.88430155341551,5.258356302572135,7.038538324250861
25327,Abner Uribe,RP,MIL,69.2884,1.192041146583839,1.0322800620093928,1.1902327014402274,1.3586954807845353,0.4028839612175828,0.32421325485659025,0.4004151675580543,0.4919334022387722,0.6737572179244029,0.5948552474982003,0.6723120862575986,0.7571893707768977,0.28390268259276097,0.229194986313673,0.2817585153565188,0.3442671033273453,0.06734531742098776,0.049659425097474445,0.06646624614822211,0.08789453779342836,0.5537219572005879,0.43966189842966064,0.5492466927612789,0.6840432635433844,1.0766411791419856,0.9675884885418159,1.0741497037304657,1.1958911235985894,2.5551241433348486,2.062754876823057,2.535826638208669,3.0984039299461075,10.728370319254552,9.290520558084536,10.712094312962046,12.228259327060817,3.6259556509582453,2.9179192937093124,3.6037365080224886,4.4274006201489495,82.59462378095967,71.5250338485316,82.46931951047105,94.14183595079119,4.666249291592368,3.440822109923848,4.605339849616472,6.090071892446181,38.366508459297215,30.463469483153695,38.05642454672059,47.39626326169943
25376,Nick Mears,RP,KCR,59.7869,1.011228699816326,0.8743188567618747,1.0086210758346235,1.162350945294705,0.35903488430840425,0.28586488435560015,0.35659686452982464,0.439513921291722,0.8940186034277373,0.7934799373964976,0.8924051510623214,1.004602500088506,0.4289570620640817,0.34746945898324655,0.4260038806504285,0.520307964859127,0.05284348873909403,0.04051816937107128,0.052248249908279906,0.06711007328236865,0.09293473948133175,0.06898759562472205,0.09155939161945534,0.12075204012772896,1.2530534877361414,1.1270499412592594,1.2507659028898055,1.3881639754822848,3.860613558576735,3.1272251308492187,3.8340349258538566,4.682771683732143,9.101058298346935,7.868869710856872,9.077589682511611,10.461158507652344,3.231313958775638,2.572783959200401,3.209371780768422,3.955625291625498,60.458229153048705,52.27281405733653,60.30232739881705,69.49335973124,3.159348376895341,2.4224557403713014,3.1237608924413403,4.012303240325647,5.556279975896434,4.124554480855695,5.4740521908132145,7.219390147912518
25379,Sam Long,RP,NA,NA,0.8818539558790794,0.7578710926282011,0.8782172430414488,1.0132596219237198,0.41452004886456734,0.3327926240421953,0.41277895867835535,0.5040808210466674,0.9871420428829002,0.8585755059630589,0.9841288862266364,1.12692744085469,0.5027371863902717,0.3958871266449915,0.49637961496898064,0.6296193769206485,0.04794195637740269,0.03582948016630341,0.04737432183336884,0.061981712050738665,0.08579378798425422,0.0584193366693993,0.0836262971428959,0.12061467115426602,1.4016620917474676,1.2428482453437808,1.398273988913926,1.5682368532866886,4.524634677512445,3.5629841398049233,4.467416534720826,5.6665743922858365,7.936685602911715,6.820839833653809,7.903955187373039,9.119336597313477,3.730680439781106,2.9951336163797575,3.715010628105198,4.536727389420006,NA,NA,NA,NA,NA,NA,NA,NA,NA,NA,NA,NA
25386,Jhony Brito,RP,SDP,19.5402,0.7566739981679691,0.623045193858109,0.7528952560179505,0.902720486606994,0.3065069626146827,0.22796707275889788,0.30157347372165677,0.39946890967330734,1.0764123870931632,0.9355782442769257,1.072558763784429,1.2281594424817421,0.5002584973574464,0.3898248930275102,0.49667402735351573,0.6213913701438067,0.044383855944346066,0.03225307987341631,0.043609481288681445,0.05890053780147933,0.05277188657396118,0.03237991892876249,0.05109585623476912,0.07892781509173069,1.3829193497078458,1.2224212381157813,1.3780740489707815,1.556490305892307,4.502326476217018,3.508424037247592,4.470066246181641,5.59252233129426,6.810065983511722,5.607406744722981,6.776057304161554,8.124484379462945,2.7585626635321443,2.051703654830081,2.714161263494911,3.595220187059766,14.78556125900175,12.17442769702622,14.711723881641955,17.639338852397984,0.8672694219237109,0.6302316313425294,0.8521379862770931,1.1509282887484664,1.0311732180325162,0.6327100918518048,0.9984232499986355,1.5422652924554359
25420,Ryan Zeferjahn,RP,LAA,64.0694,1.1751749970651468,0.9938117378341464,1.1723946129655674,1.3670410308872443,0.5237682060559259,0.41241355682596165,0.519085448643184,0.653595010792604,0.8262383235028871,0.7258346582993116,0.8237055273997078,0.9353475594760478,0.4445066765133327,0.3577031550818003,0.4407898231425255,0.5426913647382886,0.05559722569027384,0.04168461025463247,0.05509639222340014,0.07114369355997546,0.10506360721131491,0.07580019303276263,0.10363778197225382,0.14038926875687116,1.3500065295588128,1.2028886707625688,1.3456528884447523,1.5111480564754132,4.000560088619994,3.2193283957362024,3.9671084082827295,4.884222282644598,10.576574973586322,8.944305640507318,10.551551516690106,12.303369277985198,4.713913854503333,3.711722011433655,4.671769037788655,5.882355097133436,75.29275695696572,63.67292175599106,75.11461941593612,87.58549862432722,3.5620808916404307,2.67070796824815,3.529992791917913,4.558133760171492,6.73136227586462,4.856472887493282,6.640010508293119,8.994656215691482
25501,Paxton Schultz,RP,WSN,41.2498,0.9542833461090168,0.773069939431033,0.9465576970011922,1.1625273716097533,0.3775520745763948,0.27363066900504185,0.37145562524674725,0.49786617048083526,0.952854843902318,0.8075748234551705,0.9479778481666004,1.1110123836233978,0.474794058027014,0.36274739911760534,0.4695399849964502,0.6046553249869665,0.0481603806246907,0.03507044489523083,0.04755531573741943,0.06360220451853026,0.07314086480484294,0.04590068299993799,0.07019092399764938,0.10993139411320363,1.3304069184787128,1.153759958967982,1.3278245443994807,1.5129411820064238,4.273146522243126,3.264726592058448,4.225859864968052,5.441897924882698,8.588550114981151,6.957629454879297,8.51901927301073,10.46274634448778,3.397968671187553,2.4626760210453766,3.3431006272207253,4.480795534327517,39.36399717032772,31.888980387542226,39.045315689759775,47.954021573428,1.9866060686923663,1.4466488378392928,1.961647263105404,2.6235782159484695,3.0170460450268104,1.8933939936108422,2.8953615767182375,4.5346480208908275
25553,Nic Enright,RP,NA,NA,1.0409065709773557,0.8559074574147448,1.0350087058868027,1.2431130657516334,0.3589022626423195,0.26074662494505907,0.3553823052070564,0.4725790444103856,0.8168769337772971,0.7000507812487033,0.8126850614397734,0.9505063503710685,0.3675045171297561,0.28005933521637594,0.362857144419702,0.46677806732005833,0.06095764077042224,0.04541894157858111,0.059996970142691064,0.08004282723310946,0.1194284204915727,0.07661914655811754,0.11564033969866519,0.17543420728852088,1.1757791964196165,1.0248999534601624,1.1724065045069971,1.3410455375266734,3.307540654167805,2.5205340169473835,3.265714299777318,4.201002605880525,9.368159138796202,7.703167116732703,9.315078352981224,11.1880175917647,3.2301203637808755,2.3467196245055315,3.1984407468635077,4.253211399693471,NA,NA,NA,NA,NA,NA,NA,NA,NA,NA,NA,NA
25582,Brady Basso,RP,ATH,50.2144,0.8699720768738609,0.7049342801848641,0.863801540196552,1.0573532971923225,0.3387902565812545,0.24311497874582277,0.3349731064143284,0.45269322027248043,0.9838466235884112,0.8295418929868471,0.979338096240843,1.1588180350888049,0.46596361835869265,0.3499417082706347,0.4610497266466672,0.5940911138947323,0.04872221842361027,0.03514640060788364,0.047820538564529926,0.06549161471728056,0.0666067477001643,0.039496534075618955,0.06372058579467638,0.10280277969447521,1.3226368801696657,1.1448867639507192,1.3215099255412945,1.5135720732005915,4.193672565228234,3.1494753744357125,4.149447539820005,5.346820025052591,7.829748691864748,6.3444085216637776,7.774213861768968,9.516179674730903,3.0491123092312904,2.188034808712405,3.014757957728956,4.074238982452324,43.6851258569748,35.39785191891484,43.375276060045735,53.094361406534155,2.446556964810535,1.7648554186845122,2.4012796516947312,3.2886221380594125,3.34461787171513,1.9832947606867604,3.1996909833281975,5.162179900690256
25595,Xzavion Curry,RP,NA,NA,0.7466384776331036,0.6376314819198179,0.7440267313584509,0.864134855952929,0.30015253487074656,0.24156314936426,0.2983595973402099,0.3672018443241952,1.0330597380536475,0.9250698533587023,1.0301286681304784,1.1519068683968205,0.4702853516949219,0.3868804910150659,0.4668426323823162,0.5620181839078686,0.04365403065896298,0.03196482455517653,0.043059867702609465,0.057433613189946164,0.0412650468384879,0.02616717785542827,0.04031670467213237,0.05968079007773894,1.333212272924394,1.2117212078903905,1.3291051267383565,1.4662456637119745,4.232568165254297,3.481924419135593,4.201583691440846,5.058163655170818,6.719746298697933,5.738683337278361,6.696240582226058,7.777213703576361,2.701372813836719,2.1740683442783397,2.685236376061889,3.304816598917757,NA,NA,NA,NA,NA,NA,NA,NA,NA,NA,NA,NA
25620,Luis Mey,RP,CIN,32.3699,1.0982519274517843,0.882465367927621,1.0892133968394075,1.3431507462219845,0.5378249549866237,0.3906088402628682,0.5317111090816116,0.7094074528887835,0.8141986149718532,0.6735281432431408,0.8096259915261441,0.9700985708327291,0.4217174779814792,0.307927124029109,0.41432035171554493,0.5593083417621224,0.0595950719918074,0.03971270436113485,0.05812412308484468,0.08500112581989928,0.11521849922957506,0.06437806782123091,0.10969317661770864,0.18479310502109872,1.352023569958477,1.1531152263501492,1.3457207979461705,1.5712806769500711,3.795457301833313,2.771344116261981,3.728883165439904,5.0337750758591016,9.884267347066059,7.9421883113485885,9.802920571554669,12.088356715997861,4.840424594879614,3.5154795623658135,4.785399981734504,6.384667075999051,35.550305066421515,28.5653157132803,35.25772873435194,43.477655340131015,1.9290865208676065,1.285496268899499,1.881472051844114,2.7514779426775577,3.7296112982114216,2.0839116175664625,3.550757157797567,5.981734330222464
25636,Hunter Gaddis,RP,CLE,66.8769,1.006416961252922,0.8741411164600376,1.0009092257550147,1.1512278286250042,0.2832684648690693,0.22576896197047244,0.28092239985637124,0.3489795599902059,0.7800190256608425,0.6936129771621573,0.777242157609631,0.8732077040904533,0.3059204604971299,0.24965877951304097,0.303832584056007,0.36827210437138086,0.06670268960343916,0.05133584263952037,0.06593105963434517,0.08452706708394458,0.46598932250721814,0.36445096408029415,0.4610699611062936,0.5810755427328929,1.063287490529912,0.9619231428489075,1.061427249281481,1.1726124659823816,2.753284144474169,2.246929015617369,2.734493256504063,3.314448939342428,9.057752651276298,7.867270048140338,9.008183031795133,10.361050457625037,2.5494161838216236,2.031920657734252,2.5283015987073414,3.1408160399118534,67.30604647601554,58.459848031386294,66.93770619989554,76.99054837217155,4.46086910234024,3.43318201461894,4.409264882060139,5.652908212666254,31.16392132238298,24.373350679701424,30.83492968190949,38.86053096379341
25645,Declan Cronin,RP,NA,NA,0.960187449459516,0.8170918457396463,0.9564496514675225,1.113733510086584,0.37546790561498755,0.2936709911334804,0.37209153853646626,0.46986229219843,0.9512517556700217,0.8366379779010791,0.9492068271108438,1.0722491170155364,0.4644581811825072,0.37392905272403343,0.4606671136705054,0.5631748514263594,0.05011097443330996,0.037348082209208266,0.04939322356277447,0.06498268847703906,0.08918145812320873,0.05969868475039476,0.08732573320723311,0.12474395405826637,1.3267196612850092,1.1902963323732847,1.3236407785043403,1.4731987423582582,4.180123630642565,3.365361474516301,4.146004023034548,5.068573662837235,8.641687045135644,7.353826611656817,8.608046863207703,10.023601590779256,3.379211150534888,2.6430389202013234,3.3488238468281963,4.22876062978587,NA,NA,NA,NA,NA,NA,NA,NA,NA,NA,NA,NA
25648,Justin Slaten,RP,BOS,60.88,0.9461471640350791,0.806341832236662,0.9409633460860427,1.09860532420338,0.28312600287982825,0.21833258091951271,0.28076156761102433,0.3548043662428459,0.8656445195907104,0.7610593337250627,0.8635311967824402,0.9774955341651206,0.3604100621269982,0.291279742870456,0.35729939173955505,0.4387565752247925,0.0615285761645771,0.04671605354560752,0.06080317882624397,0.07909477755289358,0.35098965402765486,0.2542844044557813,0.3451365496724298,0.46475393753538685,1.1487705224705387,1.0276044080827644,1.1464306924935248,1.2766863052999275,3.243690559142984,2.621517685834104,3.2156945256559952,3.9488091770231324,8.515324476315712,7.257076490129958,8.468670114774385,9.88744791783042,2.548134025918454,1.9649932282756144,2.526854108499219,3.193239296185613,57.60143934645562,49.09009074656799,57.285848509718285,66.88309213750178,3.7458597168994543,2.844073339856586,3.701697526941733,4.815290057420161,21.368250137203628,15.480834543267967,21.011913144057527,28.294219717154352
25679,Kevin Kelly,RP,TBR,39.5529,0.8525899528740359,0.7355664311472841,0.8495010158809339,0.9822505358576175,0.25319199316284663,0.20315867181027467,0.2509406579033577,0.30940088445889685,0.9512638414966099,0.8440215235074462,0.9484022899780084,1.0698462516259153,0.3979237627731202,0.32328136022401116,0.3940287551110802,0.483973037392345,0.054704087192379916,0.041528945994775246,0.05416227759007988,0.06998708586129211,0.08135674314912374,0.05843860066169912,0.07998755890142084,0.10816203490111614,1.2044558346594565,1.082073879158728,1.2021233155008442,1.3345803771581903,3.581313864958082,2.9095322420161005,3.546258795999722,4.355757336531105,7.673309575866323,6.620097880325558,7.645509142928405,8.840254822718556,2.27872793846562,1.828428046292472,2.258465921130219,2.7846079601300717,33.72240514703146,29.093785494525417,33.60022873103699,38.850857219722755,2.1637052903114835,1.6425902480367458,2.142275149292671,2.768192208363101,3.2178951261029765,2.311416128112119,3.1637399184720083,4.278122150240357
25756,Matt Brash,RP,SEA,60.8719,1.2249911933127595,1.0658012976996112,1.2198859429410733,1.396942420550758,0.41168943292062277,0.3353766760649117,0.4085432734875373,0.49922024774736207,0.7738040832026747,0.6840376829801795,0.771043650739903,0.8701259616890356,0.36373509269698123,0.29408890350819755,0.3612766538412807,0.4404625814576037,0.06521640121771441,0.049684086862499935,0.0646352718010097,0.0827876848612553,0.4706489266762121,0.3583874259897188,0.46492003935188386,0.6054211975468414,1.1854935161232976,1.0641533353435795,1.1825642921077524,1.3123191680365778,3.273615834272831,2.646800131573778,3.2514898845715265,3.964163233118433,11.024920739814835,9.5922116792965,10.978973486469659,12.572481784956821,3.705204896285605,3.0183900845842055,3.6768894613878356,4.492982229726259,74.56754142021497,64.87735001344096,74.25677513011472,85.03453932952368,3.9698462532845897,3.0243647670854097,3.9344718015438818,5.039443674105846,28.649294399741713,21.815723556103563,28.30056614342394,36.853138594951574
25862,Noah Davis,RP,NA,NA,0.7916674342791531,0.6392710577113946,0.7862513136186479,0.9666379746681758,0.37597730501395143,0.26984813607279756,0.37098920563584314,0.5039263816271139,1.1149946092852092,0.9476907545338761,1.1092598296881833,1.3075893306481512,0.5730485906384598,0.43719945245962344,0.5653868039903793,0.7353679966378901,0.04188071062181095,0.030686161327978606,0.041483024762655404,0.05470925116214531,0.05815557720071981,0.03551386738084395,0.056122275766020635,0.08767104371334145,1.4909719142991606,1.2930227515707722,1.4840191518421053,1.709309470288459,5.157437315746138,3.9347950721366107,5.088481235913414,6.618311969741011,7.125006908512378,5.753439519402551,7.07626182256783,8.699741772013581,3.383795745125563,2.428633224655178,3.3389028507225884,4.535337434644025,NA,NA,NA,NA,NA,NA,NA,NA,NA,NA,NA,NA
25890,Bryan King,RP,HOU,64.9884,1.0312179827679078,0.8850052521939518,1.0280281389469987,1.1841009722111446,0.2801497911352467,0.2173900948123496,0.2770521922662481,0.3532666511479479,0.8202179411994316,0.719921853241665,0.8186097193784028,0.925416539190677,0.3403841197336651,0.2730237041758359,0.3376575774259637,0.41723988343995,0.06270185909255911,0.04779071839498235,0.06201872987362087,0.08021791512086449,0.3854802918826447,0.28700386348856394,0.3809498893513378,0.49968654136263824,1.1003677323346783,0.9811429899370752,1.0987257072177594,1.2229727866069524,3.063457077602986,2.457213337582523,3.038918196833673,3.75515895095955,9.28096184491117,7.965047269745566,9.252253250522989,10.656908749900301,2.5213481202172203,1.9565108533111464,2.493469730396233,3.1793998603315314,67.01720675131389,57.515075331681416,66.80990390514313,76.95282762244675,4.0748934994508685,3.105842323340471,4.030498024518822,5.213233955040789,25.051747400986066,18.651921881940186,24.75732378912048,32.47382882469168
25911,Yennier Cano,RP,BAL,55.6691,0.8963908178955452,0.7748495951858435,0.8928432511782365,1.0317087304437331,0.3527810481499772,0.278627718831663,0.35036784799878484,0.43669862481895577,1.0094204164342273,0.8682628447909991,1.0062545113871415,1.1569494829340898,0.4910627913328407,0.3758523063825739,0.4858641975120615,0.6256267218348858,0.0512419113053492,0.03609100043307097,0.050334065169082995,0.06906921356062193,0.12906670590382327,0.09371791414575881,0.1272869128902537,0.17125355441143117,1.3622014645842047,1.1973015035693804,1.357855873340003,1.534618784510801,4.419565121995566,3.382670757443165,4.372777777608554,5.630640496513972,8.067517361059906,6.9736463566725915,8.035589260604128,9.285378573993597,3.1750294333497946,2.5076494694849667,3.1533106319890636,3.930287623370602,49.901270080508894,43.13517959936024,49.703780234166366,57.434296485945225,2.852591084648615,2.0091535122086714,2.802052107304198,3.8450209566276183,7.185027357630528,5.2171919343716615,7.0859478823788224,9.533531245885403
25921,Casey Legumina,RP,SEA,50.5538,1.0155574730226127,0.8542811446821701,1.010510341222722,1.1977549455413539,0.46507717803943144,0.3541257549467858,0.4610512115535015,0.591706650887654,0.9288832777824654,0.8085641667212069,0.925698661453515,1.0638853950186502,0.500809133198712,0.3947296920193732,0.4962592708622871,0.6212877964234463,0.048608018845034115,0.03627191721972962,0.048082777226134576,0.0629911724599795,0.07975441028387303,0.05320419216373451,0.0776291566307036,0.11418891936748055,1.3939604558218968,1.2328647631915346,1.389455086662218,1.5717389905196304,4.507282198788408,3.5525672281743588,4.466333437760584,5.591590167811017,9.140017257203514,7.688530302139531,9.0945930710045,10.779794509872184,4.185694602354883,3.187131794521072,4.149460903981513,5.325359857988886,51.34028937969056,43.187158132033495,51.08513768810525,60.5510639659085,2.4573200630880856,1.8336832487427672,2.430767103334562,3.184443134307312,4.031888506608861,2.689674089807002,3.9244488584772643,5.7726837919197385
25942,Andrew Nardi,RP,MIA,47.9758,1.1737016045947894,1.016396727693062,1.1697150606034719,1.3403781158630093,0.3866858490210176,0.31122913668022517,0.3844536798475986,0.46863674717810194,0.8131324867860331,0.7231105927576662,0.8115100661955723,0.9113458475237284,0.388570292810227,0.3157601261683885,0.38575511812753804,0.47190077979907363,0.06464502301082216,0.048092248519723914,0.06346672882406598,0.08458711712496891,0.1058484930885454,0.08105759551475658,0.10516386563389196,0.13393502157824955,1.1998183358070507,1.0838704833267563,1.196480419551811,1.3251487091399357,3.4971326352920427,2.8418411355154967,3.4717960631478424,4.247107018191663,10.563314441353105,9.147570549237559,10.527435545431247,12.063403042767083,3.4801726411891583,2.8010622301220267,3.460083118628387,4.217730724602918,56.3092734417187,48.76244612845681,56.11801580450005,64.30571241102056,3.1013966949626015,2.3072640965325704,3.044867088717625,4.058134613764084,5.078166134717436,3.888802990896859,5.045320584878474,6.425639808233784
25957,Josh Simpson,RP,MIA,34.8886,1.0171708172206548,0.8364512295320647,1.0100919671785777,1.2135863664884199,0.5555582560265769,0.4185355711151414,0.5487679341822497,0.716472306861434,0.9692949301142675,0.8377912422784468,0.9642249696428078,1.1168277519798504,0.5671741250131124,0.44140338650822486,0.5609107868039216,0.7090438046468651,0.04591019021460866,0.03397925631373801,0.04533411031923082,0.05965505818805561,0.07311504319428756,0.046302301352196124,0.07086184876631216,0.10765155709559257,1.5248531861408445,1.3378661684160558,1.5190968596016767,1.732718424262161,5.104567125118011,3.9726304785740236,5.048197081235294,6.381394241821786,9.154537354985894,7.528061065788583,9.0908277046072,10.922277298395779,5.000024304239193,3.7668201400362724,4.938911407640247,6.448250761752906,35.48766577368453,29.182612366652393,35.24069460610652,42.34032930586788,1.6017422623213955,1.1854886818274797,1.5816436412835162,2.081281463099797,2.5508814959882207,1.6154224709562295,2.472270696868358,3.7558121148852908
26079,Beau Brieske,RP,DET,45.3376,0.9481537401103107,0.8103366163832314,0.944593387681157,1.0970878060254559,0.40706626153964065,0.3268716718022651,0.40497203072098914,0.4968329125748286,0.9101233996763154,0.8012598320447962,0.9072444140418148,1.0305997779748082,0.4368366754481041,0.34974571457809317,0.43431403296534765,0.5347850014267072,0.05396698024032804,0.04075172135967922,0.05343937210981391,0.06861039875951101,0.11174658396474116,0.0776098311568848,0.10971062752595415,0.15348672626108256,1.317189661215956,1.1831581431289449,1.313429190786637,1.465700371834959,3.931530079032937,3.1477114312028385,3.9088262966881286,4.813065012840364,8.533383660992797,7.293029547449082,8.501340489130413,9.873790254229103,3.6635963538567657,2.941845046220386,3.6447482764889023,4.471496213173458,42.987015007625224,36.73871737893639,42.82559717333322,49.73932811445971,2.446733363343897,1.8475852423165928,2.422812876965899,3.1106308147992068,5.066321925159849,3.5186434810583807,4.974016546520699,6.958719800534457
26191,Kade Strowd,RP,ARI,59.2352,1.0203096915377727,0.8388900896515438,1.0149247657073062,1.2272031812462794,0.39888522477632654,0.29288419174564756,0.3927048810180752,0.5273080912842072,0.831541020578077,0.7150733060712259,0.8291633122924769,0.9633707157651072,0.39437480370221895,0.3039599615308372,0.3902201910373114,0.4966307693944439,0.05589139185452462,0.04126486403206595,0.05525062934877804,0.07254432978932235,0.09141972116024417,0.061784644191486965,0.0893659327250623,0.12763461778428947,1.2304262453544035,1.073309280094709,1.226189226677926,1.4011417939575572,3.5493732333199706,2.7356396537775347,3.511981719335803,4.469676924549995,9.182787223839954,7.550010806863894,9.134322891365755,11.044828631216514,3.5899670229869387,2.635957725710828,3.534343929162677,4.745772821557865,60.43824864017827,49.691822238527124,60.11927148162542,72.6936258817596,3.310737774781137,2.444332473912233,3.2727820796007365,4.297177883936467,5.415265466871296,3.6598257556115685,5.29360889815561,7.560462111375943
26203,Andrew Saalfrank,RP,ARI,6.31739,0.999243194186475,0.812735424962785,0.9924366487968541,1.2057362272249763,0.3247510504443016,0.23306438305023583,0.32003990235397384,0.4342423137894503,0.7809709786363103,0.6652529470119812,0.7775359777124846,0.9096166657990035,0.31854573593039665,0.241521828133337,0.3157495929141756,0.4054147047372481,0.06779955526961363,0.050084961207060144,0.06678391447222998,0.0892880593497331,0.47398138776422044,0.3056736520871097,0.45908623749977573,0.6927378241903013,1.1057220290806118,0.9600641721940812,1.1034352073722786,1.2617995779533662,2.8669116233735696,2.173696453200033,2.8417463362275805,3.648732342635233,8.993188747678275,7.3146188246650645,8.931929839171687,10.851626045024787,2.9227594539987143,2.0975794474521225,2.8803591211857644,3.9081808241050524,6.312608962521695,5.134366646305648,6.269609360742757,7.617105984508792,0.42831623246470446,0.31640623307986965,0.4219000334477209,0.5640674932554104,2.9943252792478083,1.931059672958586,2.900226805918708,4.376295003161567
26214,Chris Murphy,RP,CHW,37.6084,0.9878434503477888,0.8306909808528733,0.9839781576053881,1.159025306746153,0.4147474761329018,0.3257371786399417,0.41168661811487184,0.5170620016924599,0.8926896422260672,0.7811029555385085,0.889300440770777,1.0145643360959171,0.44830626658649214,0.35678039223844743,0.4451796713713534,0.5499660227792877,0.05099171115981654,0.03793058028734839,0.050298523618528206,0.06666696106881415,0.0762907321977997,0.0501461226288436,0.07436711611487998,0.10919848067349415,1.307437118358969,1.1653104942684511,1.3052709341139064,1.4569167680908992,4.03475639927843,3.211023530146027,4.006617042342181,4.949694205013589,8.890591053130098,7.47621882767586,8.855803418448494,10.431227760715377,3.732727285196116,2.9316346077594755,3.7051795630338464,4.6535580152321385,37.15121161805978,31.240958684307202,37.00584414248648,43.58908734623202,1.9177166699828445,1.4265084356787132,1.8916469956550563,2.50723773866039,2.8691723727877303,1.8859154382746017,2.7968282496948524,4.106780140561038
26215,Jackson Rutledge,RP,WSN,59.8683,0.8279038004291077,0.7050452626424797,0.8256207962389251,0.9588470094823217,0.3520394657899376,0.27814941911669877,0.3489728218928968,0.434558407201201,1.091703355515623,0.9683321242472038,1.0893543647508637,1.222111199482042,0.5572987780034635,0.45614579692519075,0.5531477624535246,0.6720372985384545,0.04349586841313554,0.032545624055162224,0.04288923074456086,0.0563780252098272,0.05412663514004669,0.03519298468570725,0.0528102426219334,0.07773304321074527,1.4437428213055605,1.3077131122563088,1.441717590669085,1.5901063248314846,5.015689002031172,4.105312172326717,4.978329862081721,6.048335686846091,7.45113420386197,6.345407363782317,7.430587166150326,8.629623085340896,3.1683551921094386,2.503344772050289,3.140755397036071,3.9110256648108086,49.56519309522995,42.209861297458765,49.42851351547084,57.40454041779048,2.6040236989181222,1.9484511846216686,2.567705332984593,3.3752565266694976,3.2404696305548573,2.1069441650593275,3.161659448362695,4.653745150853861
26231,Tyler Holton,RP,DET,69.3558,0.8497414592473238,0.7374850781895931,0.8466986807219641,0.9696386661566,0.24106942354598726,0.19264888546122666,0.24007534024206406,0.2950437248979263,0.8918729238899896,0.7796940909145037,0.8897732644370429,1.0109387181281753,0.3673832908900391,0.290856986039973,0.36358689639093333,0.4569189778233319,0.05875269983074715,0.043696739253971335,0.057862893653203504,0.07695614109321286,0.0805091345012911,0.058604462634170476,0.07935877633695879,0.10602794001434475,1.132942347435977,1.006114968100704,1.1304451924612866,1.2651483551782374,3.306449618010352,2.617712874359757,3.2722820675184,4.112270800409987,7.647673133225914,6.637365703706338,7.620288126497677,8.7267479954094,2.1696248119138852,1.73383996915104,2.1606780621785764,2.6553935240813367,58.93449869926554,51.14886758590178,58.7234643604164,67.25006540222392,4.074840498921334,3.030622308350585,4.013127279632852,5.3373547304326525,5.583775430644645,4.064559389563001,5.503991419870847,7.353652602046892
26247,Orlando Ribalta,RP,WSN,27.5759,0.9294962184257767,0.7557811631364636,0.9234664969405479,1.119070621809194,0.5213367092031682,0.3844164403723138,0.5141703029052522,0.678403327324793,1.0310978542757756,0.8791123118772003,1.0266130274385727,1.1963980472538982,0.6005548100264344,0.4609292661151863,0.5936305101271019,0.7632780530981671,0.04139230943836516,0.02999675580420246,0.04084141237828319,0.054456309752141475,0.060101490865809286,0.037060793507480046,0.05836209523750036,0.09001478131538683,1.5524345634789438,1.3533832960208985,1.5467474233571805,1.7678173202951302,5.404993290237909,4.148363395036677,5.342674591143917,6.869502477883504,8.36546596583199,6.802030468228172,8.311198472464932,10.071635596282745,4.692030382828514,3.459747963350824,4.62753272614727,6.105629945923138,25.631694769687375,20.84134577653481,25.465419772982855,30.859379559948152,1.1414301858414138,0.8271875383811067,1.1262387036022994,1.5016817520940782,1.6573527019664702,1.021984735682919,1.6093873020597862,2.482238608074976
26252,Erik Miller,RP,SFG,60.7081,1.1110897992675102,0.9556132929140624,1.1072333663742953,1.2819390201886132,0.5052077021962513,0.40798627559666856,0.5021145080211282,0.6120147915112384,0.8021924644200376,0.7098623185741213,0.79970415514513,0.9049287559485866,0.41259081452271007,0.3355701234289219,0.40910304890956883,0.4998057655424505,0.057534770687936644,0.043578629589671194,0.05688981317655298,0.07402634723681659,0.3047019034247971,0.22460444651908923,0.3007696160408102,0.3961946675728665,1.3074001666162889,1.1699837225392908,1.304022873709244,1.4509663545263545,3.7133173307043905,3.020131110860297,3.6819274401861195,4.498251889882054,9.999808193407592,8.600519636226561,9.965100297368657,11.537451181697518,4.546869319766262,3.671876480370017,4.519030572190154,5.508133123601145,67.45215064291193,58.013467347556194,67.21803392918736,77.82408223151235,3.492826612400327,2.645575802992718,3.453672467303496,4.493998890687386,18.497873623302926,13.635309199725521,18.25915192756711,24.052225498480336
26413,Porter Hodge,RP,CHC,47.6403,1.1567472495050777,0.9894768390993046,1.1536919979734268,1.341429556704333,0.46094977878217225,0.36615292547443495,0.4584890223096262,0.5672637298358657,0.7718780055605036,0.6778232276146338,0.7688699902862162,0.8762858142523884,0.3789834955449696,0.300315622823599,0.37551259516635843,0.46794956476286853,0.061231428917746474,0.043742873120776904,0.06018894011619524,0.08157970051607909,0.11304749371378073,0.0851206583923358,0.11142802165643736,0.14609858851135327,1.2328277843426758,1.098196173591466,1.230458235205939,1.3726841195710486,3.410851459904726,2.7028406054123915,3.379613356497226,4.211546082865817,10.410725245545699,8.905291551893741,10.383227981760841,12.072866010338998,4.14854800903955,3.2953763292699145,4.126401200786636,5.105373568522792,55.10778599059675,47.13897345774261,54.962232891053446,63.906106510261445,2.9170836430701175,2.083923598335748,2.8674191638175763,3.886481406496163,5.385616514772629,4.055173702008395,5.308464380119173,6.960180586257423
26641,Wikelman González,RP,CHW,50.6138,1.136599933080884,0.907756963902333,1.1274896114097905,1.3974836489925169,0.467050452319202,0.3281953694341064,0.45928050553563804,0.6321314167953386,0.7550958470118266,0.6099162497029346,0.749803919031011,0.9139757039969185,0.36383102164246367,0.2508647363173029,0.3561297024958315,0.4974157587588521,0.061458547188668784,0.03923734686506827,0.05971389878365768,0.09008342063392402,0.08823411547702446,0.04408068956942912,0.08332702894099964,0.14895206318977536,1.2221462993310286,1.0133782069634927,1.2158092577881756,1.4515897748717597,3.274479194782173,2.257782626855726,3.2051673224624833,4.4767418288296685,10.229399397727956,8.169812675120996,10.147406502688115,12.577352840932651,4.203454070872818,2.9537583249069574,4.133524549820742,5.6891827511580475,57.52764169296925,45.945029419559894,57.06653369397285,70.73195791337744,3.110650615697844,1.9859512267591926,3.022347330256293,4.559464235281303,4.465863873931021,2.2310912057291716,4.217497577413967,7.539029935874652
26790,Angel Chivilli,RP,NYY,23.6838,0.8176224754160196,0.693663293454008,0.8143581909790649,0.9494702971977262,0.38237346458682225,0.3016999354868997,0.3784316240380854,0.4739232663068545,1.1219486602618534,0.9907205001841071,1.120054397412829,1.262369536557471,0.5935919057086639,0.4803155381127274,0.5887577261014669,0.7239371873546409,0.04158731500518137,0.0273551815628182,0.04064641501180066,0.058931558777637214,0.05866730065498257,0.037367869868256035,0.05707548937949007,0.08539108392631366,1.5043221248486758,1.3553465473834283,1.5020506128514053,1.6577061377156768,5.342327151377975,4.322839843014547,5.298819534913203,6.515434686191767,7.3586022787441765,6.242969641086072,7.329223718811584,8.545232674779536,3.4413611812814002,2.7152994193820974,3.4058846163427683,4.26530939676169,19.364407183257928,16.428582709506035,19.28709652350998,22.48706462477151,0.9849456511197145,0.6478746490974737,0.9626615638564846,1.3957232517778044,1.389464615252476,0.8850131563858024,1.351764475365967,2.0223853534940277
26952,Anthony Molina,RP,ATL,19.2558,0.7306818615175816,0.6165434776832764,0.7280168013487607,0.8572348405666073,0.34047945440839106,0.2681978213685758,0.33766161357945546,0.4240973094911723,1.2288919629236856,1.0920896704561618,1.2261724534590257,1.3742777183243857,0.6494489903060475,0.5311671966595416,0.6459299165600341,0.7781114513130075,0.035682676210588925,0.023827894363687468,0.03494686895985467,0.04975602322480327,0.0365341817511256,0.02046396683891378,0.034854702017616424,0.058843823636220066,1.5693714173320767,1.4190520442555574,1.5669837603978838,1.7314240775506158,5.845040912754428,4.780504769935875,5.813369249040306,7.0030030618170676,6.5761367536582345,5.548891299149488,6.552151212138846,7.7151135650994656,3.0643150896755196,2.413780392317182,3.038954522215099,3.816875785420551,14.069863789010249,11.872037897573636,14.018545923411466,16.506742642982477,0.6870984765758582,0.4588251682882932,0.6729299193171695,0.9580920320121669,0.7034948969633243,0.39405005265675597,0.6711551711108183,1.1330848991743263
27453,Anthony Veneziano,RP,NA,NA,0.967821772951726,0.7908984105609961,0.9619005831610066,1.164726334987185,0.40915520131144173,0.29428286733689,0.40296661684619,0.5402993668134471,0.934447175118939,0.7930388746968666,0.9312614134790935,1.0849853101232887,0.4670302464889013,0.3554899321187122,0.46091623262584724,0.5973123338939637,0.049940005943077376,0.03646507882222084,0.04920984526662389,0.06529086111464565,0.09041921787111443,0.055481010700479484,0.08753579480177058,0.13574986369236158,1.3436023764303808,1.1676047562684573,1.3401426543716766,1.5359040077138575,4.2032722184001114,3.19940938906841,4.1482460936326255,5.375811005045673,8.710395956565534,7.118085695048965,8.65710524844906,10.482537014884665,3.6823968118029757,2.6485458060320104,3.62669955161571,4.862694301321024,NA,NA,NA,NA,NA,NA,NA,NA,NA,NA,NA,NA
27472,Jared Shuster,RP,NA,NA,0.8346206739671961,0.7063130736573883,0.8298850233788391,0.9786695767278236,0.4138546943640672,0.3223824005162463,0.4105098253334046,0.5149465282478137,1.0057369690445717,0.8869520308808779,1.0020794709734768,1.1371053390182821,0.5086840304105573,0.40877808363053625,0.5050341232033868,0.6213487846483569,0.04411084562388971,0.03205790469554286,0.043357678772442496,0.05829901399743059,0.05805784240610202,0.036355352655014765,0.056220091487481395,0.08595074462455203,1.4195916634086387,1.27222422356228,1.4159998545596366,1.5739270490925985,4.578156273695016,3.679002752674826,4.545307108830482,5.592139061835212,7.511586065704765,6.3568176629164945,7.468965210409552,8.808026190550413,3.724692249276605,2.9014416046462164,3.694588428000641,4.6345187542303234,NA,NA,NA,NA,NA,NA,NA,NA,NA,NA,NA,NA
27477,Bryce Jarvis,RP,ARI,5.86988,0.825470863553294,0.6988953094069291,0.82307630454229,0.9624963008924483,0.43327557691841817,0.3418551796852276,0.4304773379264027,0.5315281956921623,0.9591656593231955,0.8410053340234681,0.9570908016326047,1.0890566171393457,0.47616700071901025,0.37954480000716484,0.47243447357504975,0.5857636506178898,0.04752633564419164,0.03602864077949867,0.04700354622867894,0.060714135109568676,0.07141527419348714,0.04846716418935539,0.06971273717784152,0.09975572275193777,1.3924412362416136,1.2438407738141968,1.3899570639596837,1.5528226457825665,4.285503006471092,3.4159032000644833,4.251910262175448,5.271872855561009,7.429237771979646,6.290057784662362,7.40768674088061,8.662466708032035,3.8994801922657634,3.0766966171670482,3.874296041337624,4.783753761229461,4.84541491255421,4.102431598781545,4.831359138506698,5.649737786682564,0.27897388707112764,0.21148379793876365,0.2759051759367979,0.356384687396955,0.41919908968286634,0.28449643773181343,0.4092054017054684,0.5855541218671445
27494,Clayton Beeter,RP,WSN,63.1124,1.2132910185379893,1.0038785967828554,1.2056691641867188,1.4453820007400555,0.5286279488512329,0.3946704542329959,0.5211822225511207,0.6829898648427719,0.7728103343899733,0.6574810889355963,0.7700861474685124,0.8969765330317737,0.4046093048378801,0.30944117917006736,0.40034092867066007,0.5163525312445683,0.056907582630282866,0.04116648065125949,0.05593892276606838,0.07540406312038694,0.367183073743879,0.24650311174575093,0.3584521679904411,0.5144317633789881,1.3014382832412061,1.1278643922921527,1.2964257545857225,1.4929473194457838,3.641483743540921,2.784970612530606,3.603068358035941,4.647172781201114,10.919619166841903,9.034907371045698,10.85102247768047,13.0084380066605,4.757651539661095,3.552034088096963,4.690640002960086,6.146908783584947,76.573708078377,63.35718755159829,76.09267455781787,91.22152698350668,3.5915741179954646,2.5981153934545493,3.530439669181214,4.758931393279109,23.17380502335319,15.557402989742531,22.622776607079917,32.46702322308005
27517,Jared Koenig,RP,MIL,64.7949,1.0188899383982837,0.879774171528491,1.0161023399265647,1.1695472150750037,0.3194232413263581,0.24935520098910932,0.31772518730192667,0.3973335237726943,0.8003589656088523,0.6926018980684011,0.795387707798249,0.9245722038718112,0.34396894346627743,0.2657607748758757,0.3396574363001156,0.4398178071387461,0.0703117453225499,0.050432181855234286,0.0688821251439935,0.09473280918155169,0.3677698572287164,0.2662656978084954,0.36245713004410135,0.4869960359652367,1.1197822069352104,0.9849745197017854,1.1156829642794373,1.269106036633962,3.095720491196497,2.391846973882881,3.05691692670104,3.958360264248715,9.170009445584553,7.917967543756419,9.144921059339083,10.525924935675032,2.8748091719372226,2.2441968089019837,2.85952668571734,3.576001713954249,66.01887166952295,57.00487946677142,65.83824950530777,75.78069484606335,4.555842507000088,3.26774818009172,4.463210410492544,6.138202897637724,23.829611122148957,17.25265926293168,23.485373495494542,31.554859450763917
27552,Graham Ashcraft,RP,CIN,63.1609,0.9729005243718889,0.8240715625936874,0.9714060732622737,1.1318608378740371,0.3721820412520733,0.2890117053154334,0.369215453793873,0.46734880759492325,0.899947361046382,0.7937158526381942,0.8967441474171174,1.0143004746615554,0.4215908388249489,0.342284219559057,0.41838218712599673,0.5137864508228808,0.05731778436732321,0.043814965173805225,0.056601020158348454,0.07307819228087895,0.32678821434433725,0.24096150996038682,0.3217195282827618,0.42886906217954746,1.2721294022984553,1.139740324828497,1.2700877435755245,1.4133209362098582,3.79431754942454,3.080557976031513,3.7654396841339706,4.624078057405927,8.756104719347,7.4166440633431865,8.742654659360463,10.186747540866333,3.34963837126866,2.601105347838901,3.322939084144857,4.20613926835431,61.449272729800434,52.04910155782363,61.35488185271114,71.48934919487827,3.6202428466460645,2.7673926338461943,3.5749713741194307,4.615684394833367,20.64023772738125,15.219345834456995,20.320094953914687,27.087755949416177
27570,Cole Henry,RP,WSN,64.4778,1.0202951263150664,0.8621042290270554,1.0147898184589383,1.1967209276673756,0.5085682031883224,0.39577062853031447,0.5041001119369514,0.6362798318341506,0.8816115381975048,0.7702030982696464,0.8790187909574823,1.0024311693319867,0.47079370806477455,0.37496817985081266,0.46646445986270857,0.5794157674397896,0.04869911929707541,0.035000814854465226,0.04794683699193865,0.06509519512312638,0.2379987901237584,0.1673135358962323,0.23386622333087695,0.3258333080307704,1.3901797413858272,1.2403859828314336,1.3837730951356937,1.5530664495616477,4.237143372582971,3.3747136186573137,4.198180138764377,5.214741906958107,9.182656136835597,7.758938061243499,9.133108366130445,10.77048834900638,4.577113828694902,3.5619356567728304,4.536901007432562,5.726518486507356,65.78638509551759,55.58658405836068,65.43141495663174,77.16193262995151,3.140012074212969,2.256775540023238,3.091506566198822,4.197194972109918,15.345638389841671,10.788008704810087,15.079179574683618,21.009014868546405
27626,Eric Orze,RP,MIN,61.0761,0.9925884520067977,0.8238151843425282,0.9874180023698945,1.1779022338851797,0.40012008027583146,0.30148809334656207,0.3945926902339568,0.515909641389371,0.8752645081375371,0.7570160156845902,0.8719098657533222,1.0051209895594722,0.4202369889183285,0.3271925365559443,0.41629353786682904,0.5256526322783883,0.0537588393542394,0.04016697603357128,0.05323294933958478,0.06991393193959566,0.09491198749767013,0.06234810765801654,0.09254091359292616,0.1366092372479612,1.2753845884133685,1.1209194778014402,1.2713159974980623,1.4455368056839155,3.7821329002649566,2.944732829003499,3.7466418408014612,4.730873690505495,8.933296068061178,7.414336659082754,8.886762021329051,10.601120104966617,3.6010807224824832,2.7133928401190586,3.5513342121056115,4.643186772504339,60.62343155361237,50.31541858042269,60.30764065454391,71.94167462699461,3.2833802482834606,2.453242244924003,3.251260937159414,4.270070298535939,5.79685403960645,3.8079792581317835,5.652038092692917,8.343559435080202
27649,Connor Phillips,RP,CIN,52.2077,1.2107817015040494,0.986138615840541,1.203803216702978,1.4645931248983974,0.4236670869363525,0.30461710983562323,0.41730366366641086,0.5626094319149934,0.6922111922135956,0.5719503322619808,0.6878574735393808,0.8273144754426105,0.313057168598372,0.22488373886513097,0.30718748635118315,0.4165517279198115,0.0761339430776822,0.05162130871748444,0.07379785657403912,0.10877017323369559,0.10413219206072862,0.056801202272375756,0.09945068722692436,0.16513440481872932,1.1158782791499482,0.9385627502883747,1.1101842618843099,1.3050297200749674,2.817514517385348,2.0239536497861788,2.7646873771606484,3.7489655512783036,10.897035313536445,8.87524754256487,10.834228950326802,13.181338124085578,3.8130037824271725,2.741553988520609,3.7557329729976976,5.0634848872349405,63.21212783761296,51.484029014218216,62.84779719666407,76.46303848675807,3.9747780600167095,2.6950297991298124,3.8528163566604623,5.678640573132809,5.436502243448902,2.9654601278755117,5.1920916435371,8.621287466454776
27668,Brandon Eisert,RP,CHW,56.4625,0.9595125153300077,0.8143801994947834,0.9567901409443307,1.118506011491718,0.37761871243139195,0.2960101944433743,0.37479391567000764,0.4686009541081677,0.9656092686793245,0.8536368859689611,0.9624979231021447,1.0866028008227788,0.48920608562761736,0.39475293366400954,0.4853727994604277,0.5941658034432078,0.04706280683105659,0.03529324658648354,0.046499361856385944,0.06063490430649865,0.06486892741184533,0.04590461926574809,0.06386763216934008,0.08700472561414445,1.3432279811107164,1.209471509680929,1.34078099975991,1.486131496133722,4.402854770648556,3.552776402976086,4.36835519514385,5.34749223098887,8.63561263797007,7.32942179545305,8.611111268498977,10.066554103425462,3.3985684118825277,2.6640917499903685,3.373145241030069,4.21740858697351,54.17647539682056,45.981942013974205,54.02276333306927,63.15364567385113,2.657283730698533,1.992744935389327,2.6254702188161914,3.42359828440568,3.662661813991317,2.5918895652923015,3.606126181361364,4.9125043199886305
27691,Louis Varland,RP,TOR,66.5985,0.989540785996073,0.8545615633755527,0.9838744719401675,1.136784835272855,0.3357044103747284,0.27019904592449934,0.33268362349860814,0.41063372706579737,0.9434875467313641,0.8411782855174811,0.9409176586568027,1.0524167721412523,0.4520016367603741,0.3663822552546882,0.4493737152437887,0.544899443823645,0.04980920982875231,0.03780191846953987,0.04933957761975196,0.0633125107753357,0.08722253406408599,0.06388642807142937,0.08662578095357891,0.11338246145692889,1.2791919571060926,1.1569524536239253,1.2758196221407063,1.412861724980667,4.068014730843367,3.297440297292194,4.044363437194098,4.904094994412805,8.905867073964657,7.691054070379974,8.854870247461507,10.231063517455695,3.021339693372556,2.431791413320494,2.9941526114874732,3.6957035435921766,65.90193203615947,56.91251827846675,65.52456401950725,75.70816485191924,3.317218660780161,2.517551067193651,3.285941860109051,4.2165182488711945,5.808889934867031,4.254740279915089,5.769147072836925,7.551101859339279
27694,Justin Sterner,RP,ATH,65.7002,1.0506649986283187,0.8927535230773245,1.0463591823048177,1.2221094406012298,0.3495669079041983,0.26773272553202404,0.3462327406249527,0.4455421427699692,0.8296150689599144,0.7273309704618218,0.8289684219534665,0.9391508971842529,0.3838472143121166,0.30626070872007427,0.3801653192011537,0.4755476756937459,0.05760282600053812,0.04364162883659409,0.056936186564228136,0.0735337194122913,0.3047873818002764,0.21885150917049168,0.29982005827534314,0.40623334071412276,1.1791819768641127,1.0441192881754384,1.1768161230351155,1.326476795147956,3.4546249288090496,2.7563463784806683,3.4214878728103835,4.279929081243713,9.455984987654869,8.03478170769592,9.417232640743359,10.998984965411069,3.146102171137785,2.409594529788216,3.116094665624574,4.009879284929722,69.02890054288027,58.65408501688483,68.74600754926298,80.29283466938891,3.7845171888005544,2.8672637428899987,3.740718844507101,4.831180072131421,20.02459194175452,14.378587922803137,19.698237792701697,26.689611731586005
27702,Brent Headrick,RP,NYY,47.3958,1.073458678269469,0.895517877956053,1.0681928617727028,1.2717933575230038,0.3863255969878351,0.29347628616581994,0.38282390248218096,0.48990956325133994,0.8744561294569756,0.7545703001777834,0.8709810521646942,1.001740754896058,0.4339149241917489,0.339695569098244,0.4291484035429116,0.540899177170396,0.0534924124308865,0.03973711572499056,0.05279102488759558,0.06885651738476628,0.08759202452705846,0.05702012276431575,0.08559694844533827,0.1270852737948189,1.2607817264448107,1.1124581171759738,1.2563452675396358,1.4237714146430709,3.90523431772574,3.057260121884196,3.8623356318862045,4.8680925945335645,9.661128104425222,8.059660901604477,9.613735755954325,11.446140217707034,3.4769303728905157,2.6412865754923796,3.4454151223396288,4.409186069262059,50.8774328235241,42.443786240029496,50.62785523800667,60.27766361448879,2.5353156810918107,1.8833723894785075,2.5020728573675024,3.2635097266649056,4.151494076079557,2.7025143345129563,4.056935849125564,6.023308219724478
27707,Mitch Spence,RP,ATH,21.3653,0.8108686809405464,0.689336186408179,0.8077244302000888,0.9454082724327499,0.3359467336930039,0.26423199919928714,0.3330533303709895,0.417571280168313,1.0632099341178904,0.9420781637962232,1.061924131964326,1.1919949962425178,0.5164523226139701,0.41944562623518317,0.513134193816999,0.6236563559506301,0.04481057378047324,0.03383283583373379,0.04424260637708273,0.057300083429565975,0.06392855655976744,0.043433215580377375,0.06261764946262612,0.08959749765084972,1.3991566678108942,1.2607047630000172,1.3968585622571632,1.5441089188641195,4.648070903525731,3.7750106361166487,4.618207744352991,5.612907203555671,7.297818128464918,6.20402567767361,7.269519871800799,8.50867445189475,3.023520603237035,2.378087992793584,2.9974799733389057,3.7581415215148173,17.324452628899056,14.727874423466666,17.25727476855396,20.198931363007432,0.957391351991945,0.7228486874384725,0.9452565580282857,1.224233472497706,1.3658527894663994,0.9279636808394368,1.3378448660638458,1.9142774165596996
27775,Kyle Nicolas,RP,PIT,42.5533,0.987592307715048,0.8473919485418298,0.9846398782041677,1.136685463578328,0.4668791770879449,0.3747836762240909,0.46308879405999964,0.5708704203157712,0.903783500369617,0.8006595151811565,0.9013557460543151,1.0141980221425537,0.46500362006430557,0.37829486517503524,0.46208508366896467,0.5617041516946057,0.049888190446111334,0.03734902037402472,0.049352616874031724,0.06464298796139092,0.09338733952068544,0.06323108732663044,0.09151902509215158,0.12925567395122176,1.3706626774575619,1.235737055760239,1.3684561313550865,1.5122798877056305,4.18503258057875,3.404653786575317,4.158765753020682,5.055337365251452,8.888330769435433,7.626527536876468,8.861758903837508,10.23016917220495,4.201912593791504,3.373053086016818,4.167799146539997,5.13783378284194,42.025311747890754,36.05932380388504,41.89967612918541,48.36971753728766,2.1229071345105095,1.589324068681986,2.100116711625734,2.7507724596174565,3.973939474825584,2.690691428336303,3.894436530453854,5.500255470348525
27783,Zach Brzykcy,RP,MIA,8.78422,0.8877270286760098,0.7174871485027665,0.8801327510347201,1.084855230176561,0.4963996044399568,0.36264516946599423,0.49178402213235534,0.6495037169682432,1.135518344453385,0.9635312634634478,1.1303788917724344,1.3246718518368927,0.6863864888541855,0.5240924666305566,0.6797986778784586,0.8750448271236851,0.03793590839988687,0.02613557345803252,0.037297966982984695,0.05193838226376953,0.049397229562417565,0.02780384165100475,0.04711956207275532,0.07804841034400371,1.6319179488933417,1.4176541684380393,1.6299843329840753,1.8643505078804925,6.177478399687669,4.71683219967501,6.118188100906128,7.875403444113166,7.989543258084089,6.457384336524899,7.921194759312481,9.76369707158905,4.467596439959611,3.263806525193948,4.426056199191198,5.8455334527141884,7.797989519836379,6.302564959620971,7.7312797142942085,9.52960701002155,0.33323736528445425,0.2295806270815184,0.32763354753127383,0.45623817624904955,0.4339161318667796,0.24423506190758892,0.4139085995507387,0.6855944071120043
27867,Cade Smith,RP,CLE,70.3675,1.26534833373022,1.1140553650879224,1.2610169901177317,1.431241913294083,0.29389998343602214,0.23639114843978817,0.2917645916632651,0.35834685077663925,0.7115676963249978,0.6355193155247731,0.7088819894612854,0.7963707129441122,0.2905883051042268,0.23783098365441094,0.2888900942490471,0.3498365514594088,0.0727662607290669,0.055418530816652316,0.07193095088416541,0.09372120850696679,0.4318733114959171,0.3405251922102389,0.4285935511263137,0.5370904644252074,1.00546767976102,0.9087476231606434,1.004293120022549,1.1064428647919395,2.615294745938041,2.1404788528896983,2.600010848241424,3.148528963134679,11.38813500357198,10.026498285791302,11.349152911059585,12.881177219646748,2.645099850924199,2.1275203359580934,2.625881324969386,3.2251216569897534,89.03939887376127,78.39329090282439,88.7346130521095,100.7129153337214,5.120379851852616,3.8996634672407824,5.061601186341511,6.594927139613986,30.38984524668895,23.96190646285399,30.159056708880883,37.793713255440785
27914,Daniel Palencia,RP,CHC,65.9574,1.120624681677738,0.9605588545134813,1.115828641744466,1.297066272141166,0.37543466430277983,0.2937945521586005,0.37289289365152634,0.46534154265323346,0.7954047521609423,0.7005475823816624,0.79350077132992,0.8963192878610441,0.3607882730925512,0.2897269183619526,0.35831604802579486,0.43956904422499393,0.06531643751104022,0.047869706153691696,0.06426898077320675,0.08636569005123385,0.4410058108641422,0.3310651645095873,0.4362760534257309,0.5708672031336178,1.1708394164637221,1.0456251906566278,1.1694650751162794,1.3010219928129811,3.2470944578329606,2.6075422652575733,3.2248444322321537,3.9561213980249454,10.085622135099642,8.645029690621332,10.042457775700194,11.673596449270494,3.3789119787250184,2.644150969427405,3.356036042863737,4.188073883879101,73.91349037929125,63.3559645906875,73.59715605499645,85.55111893812376,4.3081023954906845,3.157361356661505,4.239014872450707,5.696456364985252,29.087596669490576,21.836197481624655,28.775634166222307,37.65291646396529
28036,Luke Little,RP,CHC,18.4456,1.1227532356984253,0.9066506718633144,1.1131803417302661,1.3657321101638533,0.5281763777491583,0.3843475550728383,0.5207197837768867,0.6973018464527643,0.7624420174369879,0.6285009992533419,0.7593140766093938,0.9069420005508607,0.3846099015874684,0.2769510973107093,0.3808511615818963,0.5095544804156659,0.06465627335555174,0.042317755730904814,0.06280663018051438,0.0935852190429154,0.10337891357013797,0.05496098042661795,0.09877608959145232,0.16676843554174284,1.290618395186146,1.0929632202348851,1.2852371390417852,1.5032640056574038,3.4614891142872155,2.492559875796384,3.4276604542370666,4.585990323740993,10.104779121285828,8.15985604676983,10.018623075572396,12.29158899147468,4.7535873997424245,3.4591279956555447,4.68647805399198,6.2757166180748785,20.709857084398873,16.72371563292195,20.533279311419797,25.19174821123837,1.192623755807165,0.7805763951099778,1.158505977657696,1.7262355163780003,1.9068860881493368,1.013788260557224,1.8219842381680926,3.0761438546287714
29519,Gordon Graceffo,RP,STL,61.5989,0.8704830812405056,0.7199622295116478,0.8663409974081584,1.0347062932173503,0.37218245201241945,0.2802619537003507,0.36875555022660716,0.47780728148294016,1.0703019310389077,0.9289082069572587,1.0663073381702963,1.2231566055153558,0.5564016795753826,0.43647471421877776,0.5526722572436745,0.6931478321533154,0.044760002825714115,0.03176632405707101,0.04405464119846119,0.059960323045378613,0.05514130893858411,0.032712076140974954,0.05278395517514635,0.08536090454564547,1.4424843830513272,1.277637351338365,1.4399767216513517,1.6173153384475927,5.007615116178443,3.928272427969,4.974050315193071,6.238330489379839,7.83434773116455,6.47966006560483,7.797068976673426,9.312356638956153,3.349642068111775,2.522357583303156,3.3187999520394644,4.300265533346462,53.62080027302578,44.34888137946504,53.36565246524541,63.73676948526624,2.757166938060881,1.9567706189591116,2.713717437719891,3.693489943239973,3.396643975176949,2.015027907000302,3.2514335764383224,5.258137823016761
29530,Fraser Ellard,RP,NA,NA,1.0604198650176677,0.8582663799475974,1.05389574734255,1.2852693953533008,0.4300362232649146,0.3114794768056482,0.42395454544097655,0.5707721445840819,0.8382070142083999,0.7074610586977235,0.8337511660881327,0.9856693574036158,0.4102516881616381,0.3055558869768806,0.40527762576268556,0.5290235069931922,0.05692596458736757,0.04130527391792923,0.05583295787579498,0.0762967361641476,0.10205763696194013,0.0621849672455762,0.09880159993317444,0.15435334126576336,1.2682432374733146,1.091810336329657,1.262086915175084,1.4543427639930433,3.692265193454743,2.750002982791925,3.64749863186417,4.76121156293873,9.54377878515901,7.724397419528376,9.48506172608295,11.567424558179706,3.870326009384231,2.8033152912508337,3.815590908968789,5.136949301256736,NA,NA,NA,NA,NA,NA,NA,NA,NA,NA,NA,NA
29542,Andre Granillo,RP,WSN,35.0467,0.8965524984573571,0.7197881176638109,0.8909523076476211,1.0934985119545297,0.3770890663021847,0.26583915062572366,0.37019918731755885,0.5079645517215439,0.9769078370223508,0.8208537023820633,0.9732436326369167,1.1480162695717084,0.48030382391209986,0.35841580680349666,0.4752705560376775,0.6218984338777692,0.048548308188556114,0.03417832465525113,0.04754615393587195,0.0666871539678262,0.06874269889993527,0.03902994687616301,0.06524809526707404,0.10972102918437121,1.3539969033245356,1.1635983939315857,1.3482623094158623,1.556774846681453,4.322734415208899,3.22574226123147,4.277435004339098,5.597085904899923,8.068972486116214,6.478093058974298,8.01857076882859,9.841486607590767,3.3938015967196624,2.392552355631513,3.3317926858580296,4.571680965493895,31.421206447685456,25.226198223328282,31.224938240433886,38.32351429891682,1.7014579925918696,1.1978374906951896,1.6663357931443235,2.337164678964214,2.4092047455363614,1.3678708391848222,2.2867304203965637,3.8453599935159026
29574,Chase Lee,RP,TOR,24.1196,0.9766441689102267,0.80423272764321,0.9702852825654018,1.1666459316274636,0.3304476556800259,0.24486796981821515,0.3265784206398242,0.4314334300466201,0.8769126577765322,0.7503721285441277,0.8736510963431863,1.0125644818806783,0.39360340097819313,0.3026438971557292,0.388762210931172,0.4970886929041131,0.058177339059008584,0.042844140159978825,0.057239569647904956,0.07691747639759042,0.0956865148559427,0.05998756058846866,0.0923675428547078,0.14205085295345365,1.207360313456558,1.0578486659503248,1.205234218097714,1.3694216531212933,3.542430608803738,2.7237950744015627,3.498859898380548,4.473798236137018,8.78979752019204,7.23809454878889,8.732567543088617,10.499813384647172,2.9740289011202328,2.2038117283639362,2.9392057857584177,3.882900870419581,23.5562666964471,19.397771697663167,23.402892901364464,28.139033212481767,1.4032141471676634,1.0333835230026251,1.3805955240796082,1.8552187637193218,2.3079204637193955,1.4468759663696285,2.22786818663841,3.4262097528961206
29615,Kyle Backhus,RP,PHI,19.267,0.9400205325087068,0.770259598804037,0.9352692058406467,1.1289556334702668,0.36431147257448643,0.2622322804915294,0.3586558073280137,0.48596299271956006,0.9261306125043319,0.7948918068634218,0.9232350067524786,1.06827943645589,0.4346183901719497,0.33489563960197727,0.4308694783211553,0.5490787251221312,0.05267696847795525,0.03882585663246241,0.05200376004892572,0.06827970746016386,0.10288512923744449,0.06884648939441138,0.10020440332183522,0.1448612140624024,1.2904420850788183,1.1234010501325924,1.2868337950459432,1.4697780464135064,3.9115655115475474,3.0140607564177953,3.877825304890398,4.94170852609918,8.46018479257836,6.932336389236333,8.41742285256582,10.1606007012324,3.278803253170378,2.360090524423765,3.2279022659521237,4.373666934476041,18.111375599845253,14.840591690157382,18.01983178893174,21.75158819007163,1.0149271516647638,0.7480577797376532,1.001956444862652,1.315545123634977,1.9822877850178429,1.3264653111621239,1.930638238801799,2.7910410113403072
29628,Alek Jacob,RP,SDP,27.0248,0.8370837686530134,0.6905779980680967,0.8314976210127851,1.0017623989668323,0.3918444146825388,0.28939215765080256,0.38751032535677865,0.5100197267039758,1.0284573707996711,0.8865810714131248,1.0242486433369664,1.1837180479327518,0.5189630737486719,0.4050522989157355,0.5136548505773375,0.6473783521216362,0.04564314208977441,0.0339446593710074,0.04502378171278476,0.05903716325357583,0.06735786894114039,0.042382736521281446,0.06554056610660508,0.09840512210709364,1.4203017854822098,1.2512433621919714,1.4164248642493709,1.5993711418935763,4.6706676637380475,3.64547069024162,4.622893655196037,5.826405169094726,7.53375391787712,6.215201982612871,7.483478589115066,9.01586159070149,3.526599732142849,2.604529418857223,3.487592928211008,4.590177540335782,22.622021431093955,18.6627322821907,22.471056908346316,27.072428479598848,1.2334967863477353,0.9173476305696008,1.2167586960316656,1.595467529495236,1.8203329365605307,1.1453849779403267,1.771220690917781,2.6593787439197842
29629,Matt Svanson,RP,STL,66.6223,1.134941490811983,0.9643971894098903,1.1329577902342398,1.3225337145029257,0.3430331384558794,0.26222130243816894,0.33918534920206667,0.4351037911359321,0.7133174556205669,0.6218402644648291,0.7102317697890974,0.8126018019383887,0.3001023589385644,0.23533717443465846,0.29724090636977263,0.37347742256348204,0.06774660055252765,0.050346523055513806,0.06685703690116851,0.08827242525502983,0.36616467374812345,0.24354175931259714,0.35791725205545544,0.5183331190475595,1.0563505940764462,0.9308140239825392,1.0544297876323512,1.1857490952303018,2.7009212304470798,2.1180345699119263,2.6751681573279535,3.3612968030713386,10.214473417307847,8.679574704689012,10.196620112108159,11.902803430526331,3.0872982461029146,2.3599917219435205,3.0526681428186,3.915934120223389,75.61241248332317,64.25035887202253,75.48025378832259,88.11023788772826,4.513434345990663,3.354201162961357,4.454169569540719,5.880911997068174,24.394732743849602,16.22531215145164,23.845270541614166,34.53254455712222
29754,Sam Bachman,RP,LAA,26.3273,0.921715917929286,0.7408774389759945,0.9152762995996122,1.1329267146880806,0.4427821888665244,0.3169566552219476,0.4360452907243586,0.5918472767025735,0.9958285882141955,0.8356901867742763,0.990223924895715,1.1754557761320863,0.5269941367993786,0.3914180682265665,0.5200392792302071,0.6833583401965757,0.048147746189003617,0.033482828343312655,0.04716325623393769,0.06646079573948056,0.07324834612175211,0.041488924235759214,0.0699282114624163,0.11714327206570868,1.43861077708072,1.2360625724190863,1.4311929528816738,1.6620061845599694,4.742947231194407,3.5227626140390984,4.680353513071864,6.150225061769182,8.295443261363573,6.66789695078395,8.237486696396509,10.196340432192725,3.9850396997987194,2.8526098969975284,3.924407616519227,5.326625490323162,24.266291486099693,19.5053025991527,24.09675372244887,29.826901495607505,1.2676001582417549,0.8815124666428953,1.2416811958477478,1.7497333076720267,1.9284311828512044,1.0922913550321036,1.8410210016344728,3.084066066655532
29770,Mason Montgomery,RP,PIT,60.9618,1.1420850646180274,0.9576595079276481,1.1331524085006843,1.34952849515989,0.5297205685436451,0.411631834854673,0.5257443407497577,0.6654212433588325,0.9251700359214065,0.8026652232809847,0.9233311539084923,1.0505140339462726,0.5346913756607754,0.4250130240783806,0.5311952042379391,0.6574567399620236,0.04680373465196996,0.03370181448853095,0.04613047125352808,0.0626093605485029,0.08051901560224659,0.05491624356784118,0.07868115542037535,0.11199318545140186,1.4548906044650516,1.2884204136452257,1.4512098639295017,1.6316788390686137,4.812222380946979,3.8251172167054253,4.780756838141452,5.917110659658213,10.278765581562247,8.618935571348834,10.19837167650616,12.14575645643901,4.767485116892806,3.7046865136920566,4.73169906674782,5.988791190229492,69.62356129223126,58.38064739038369,69.07901049653701,82.26968621623818,2.853239911106462,2.0545232744869257,2.812196562463328,3.8167793158857237,4.908584125341036,3.3477930571340204,4.796544860505838,6.827306172851269
29928,Dylan Dodd,RP,ATL,38.9089,0.9123862450761261,0.7515419815219635,0.906982704733621,1.0931153609636766,0.294956174075046,0.2174649567302395,0.2902564539677627,0.3873808309942704,0.9085984005813729,0.7826364524568137,0.9043767254424655,1.0473057450560987,0.39734162557546765,0.30590124430730725,0.39456373806991174,0.5008068846208381,0.05445292176412367,0.040632529349695766,0.05357806398935114,0.07109274995138717,0.08503548211372186,0.0547316211659267,0.08250580845431899,0.12334013366783433,1.203554574656419,1.0566533455423337,1.199608533893626,1.3604042453956375,3.576074630179209,2.7531111987657653,3.5510736426292056,4.507261961587543,8.211476205685134,6.763877833697672,8.16284434260259,9.838038248673088,2.654605566675414,1.9571846105721555,2.612308085709864,3.4864274789484337,35.499945171042484,29.24167180483993,35.28969936020999,42.531916268199595,2.1187032876281116,1.5809670212143776,2.084663533955265,2.7661406985835284,3.308637070014593,2.1295471747829255,3.2102102505682524,4.7990289268684
29950,Jordan Leasure,RP,CHW,64.3178,1.106107666059446,0.9558906426613382,1.1022711676607317,1.2671540911700419,0.4658122674655461,0.37748156323768667,0.4628817704363969,0.562872598778059,0.8535342113542759,0.7584280698078543,0.8520284608654682,0.9548367869591229,0.4436567254804426,0.36319672485073873,0.4411105260468371,0.5354333766657822,0.053807086714807335,0.04066892827273016,0.05319239352431024,0.06903567206541175,0.3397260026129497,0.2584430477663822,0.33685766424993435,0.4363510158078113,1.319346478819822,1.1905594162321564,1.316824544268569,1.4546146380404525,3.9929105293239835,3.2687705236566487,3.969994734421534,4.81890038999204,9.954968994535013,8.603015783952044,9.920440508946585,11.404386820530377,4.192310407189915,3.39733406913918,4.165935933927572,5.06585338900253,71.14241164407824,61.48078317656342,70.89565650736942,81.50056340505652,3.4607534419056356,2.615735994859804,3.4212177282178815,4.44022254876874,21.85042909085918,16.62248825762862,21.665943877694428,28.06513736452365
30002,Grant Holman,RP,ATH,20.0862,0.8899752831597011,0.7139847507311702,0.8833749440932622,1.0865231536327946,0.38649483202927765,0.2770442782807173,0.37921039395005374,0.5148087989023541,0.9781345965565814,0.8249468582883578,0.9751906145794493,1.1467547469849229,0.4784505867891274,0.3577092866398057,0.4713497203146413,0.6195964456854087,0.053429341101438495,0.037456114382821114,0.052190088617563656,0.074046951673658,0.08118105142098524,0.04702743132279273,0.07755727827176936,0.12796640902609124,1.3646294285858591,1.1798648657163373,1.3621313374493045,1.5671252442477175,4.306055281102147,3.2193835797582517,4.242147482831772,5.576368011168679,8.00977754843731,6.425862756580532,7.95037449683936,9.778708382695152,3.478453488263499,2.4933985045264557,3.4128935455504834,4.633279190121187,17.87622153260239,14.341240500136431,17.743645802046085,21.82412136849904,1.073192431231714,0.7523510047162215,1.0483005579901072,1.4873218807074295,1.6306188350521937,0.9446023910358794,1.5578310028224138,2.570358884979874
30084,Carson Seymour,RP,SFG,21.4248,0.8373106895755884,0.6858270111660147,0.8319109180321977,1.0051932913791568,0.36993918890599775,0.2766338686274397,0.3651496238896128,0.47677632880417287,1.0188805100250717,0.8779863647935751,1.0165044174608986,1.1738141708749297,0.502341691084407,0.388413206017449,0.49731795563376935,0.6324557522093526,0.04588980928792203,0.03336857781794292,0.045158846095457034,0.060803414778511325,0.062109821119302605,0.03885954607310303,0.06019566401101589,0.09142896243925439,1.3888196989310695,1.2249450517312448,1.3851385621283283,1.5663414950152101,4.521075219759663,3.495718854157041,4.475861600703924,5.692101769884173,7.5357962061802954,6.1724431004941325,7.4871982622897795,9.046739622412412,3.32945270015398,2.4897048176469574,3.286346615006515,4.290986959237555,17.93921406201907,14.693706548829633,17.823525036656232,21.53606522914016,0.983179986031872,0.7149151060338634,0.967519245825948,1.3027010009466495,1.3306904955168346,0.8325580027070179,1.2896800623032134,1.9588472344685375
30085,Ben Casparius,RP,LAD,50.5229,0.9024422582049858,0.7653861560982315,0.898484926787027,1.0494097806042162,0.32522048073242377,0.251454471610695,0.32293712892499843,0.40618082597605387,0.9677707002437766,0.8569910419165626,0.9641861978590975,1.0903066767915097,0.45382390948909684,0.36550432911946323,0.45072534656529845,0.5512938867864635,0.052341117928476406,0.03919163548322137,0.051762567080109664,0.0677560524802827,0.07034271059368043,0.050779427875049715,0.06922878273228075,0.09323487929647774,1.2929911809762005,1.1625190512395907,1.2910754156548028,1.430781779140596,4.0844151854018715,3.289538962075169,4.056528119087686,4.961644981078171,8.121980323844872,6.888475404884083,8.086364341083243,9.444688025437946,2.926984326591814,2.2630902444962553,2.9064341603249857,3.6556274337844847,45.593999967064676,38.66952822593534,45.39406410756828,53.01922540448876,2.6444250669886205,1.980075080355245,2.6151950003316724,3.423232263856075,3.553917733053457,2.565523956588349,3.4976388671047474,4.710496483208015
30105,Mike Vasil,RP,CHW,78.3265,0.9351648214088955,0.8053343649136457,0.9327764639056746,1.0742803773588958,0.4384027000059866,0.35396875511496195,0.43555799432129877,0.5334176463423793,0.8030121496196632,0.7077191040086901,0.8007606439392656,0.9017605166914011,0.36815801673070925,0.29746412466362354,0.3656363688312243,0.4471999688818344,0.05632766305898092,0.04086842241594454,0.05580545517896191,0.07421852199443874,0.07883722702379929,0.05161302550007161,0.0769476427220595,0.11241936711776333,1.2414148496256499,1.1155702652054662,1.2389919139610515,1.3742080239734569,3.3134221505763835,2.677177121972612,3.290727319481019,4.024799719936509,8.416483392680059,7.248009284222812,8.394988175151072,9.668523396230063,3.945624300053879,3.1857187960346574,3.920021948891689,4.800758817081414,73.24818738408385,63.07902213340867,73.06111570010782,84.14462197720155,4.411948700589269,3.2010804883624795,4.37104598507496,5.813277062997405,6.175044062479615,4.0426676418313585,6.027039537669394,8.80541555854949
30115,Robert Suarez,RP,ATL,67.5041,1.041268647686346,0.9013985132185626,1.037775242883419,1.196207707742054,0.2921052039732606,0.22907079014552398,0.29005460519347354,0.3619452696710188,0.721064484031663,0.619222350760548,0.7172340593545561,0.8321417889128634,0.2942784624481309,0.22338888952252015,0.29107959590034765,0.37663106951876146,0.08599009218292691,0.057464576410301955,0.08353817864255957,0.12244274174362824,0.5781637545520109,0.4401755315768779,0.5737139958060008,0.7351781636702517,1.0131696880049235,0.8899660866184821,1.0096460420767075,1.1446620678698258,2.648506162033178,2.0105000057026814,2.619716363103129,3.3896796256688533,9.371417829177114,8.112586618967063,9.339977185950772,10.765869369678487,2.6289468357593457,2.061637111309716,2.610491446741262,3.2575074270391693,70.28990292028386,60.84809537615716,70.0540837731266,80.74892472419039,5.804683781725516,3.8790945124586638,5.639169564905204,8.265387082936055,39.02842390365439,29.71365310111872,38.728046944287854,49.62754027821303
30133,Brant Hurter,RP,DET,53.3586,0.9788588589058312,0.8435974455810777,0.9750434323766157,1.1255098666500631,0.31700670506750483,0.24955302216485073,0.3145423892417677,0.3903628992509213,0.8261728104007381,0.7343824540315131,0.8241948513962389,0.9255881763780331,0.3498004907862401,0.28301555313017884,0.34726599564683813,0.42421884510389857,0.06268738925580007,0.047394266119573335,0.062037975601493794,0.07986955344885213,0.08969835415750865,0.060896164655901794,0.08786161497221871,0.12487250137392622,1.143179515468243,1.0290949201587598,1.1411320340656186,1.2633514831286077,3.148204417076161,2.5471399781716095,3.125393960821543,3.817969605935087,8.809729730152482,7.5923770102297,8.775390891389542,10.129588799850568,2.8530603456075436,2.2459771994836566,2.830881503175909,3.513266093258292,52.23053830881269,45.0131786597825,52.02695249081089,60.05563077063406,3.344911328344534,2.528891688167866,3.310259524929867,4.261727554655922,4.786178600148841,3.2493340914084015,4.68817276865663,6.66302185181078
30179,Pierson Ohl,RP,COL,48.346,0.8425261052682496,0.6807696997598444,0.8385597311921063,1.02109914416074,0.343443783678805,0.2534966911975978,0.3381049092790782,0.4532256738353399,1.0657908169942722,0.9110596983136687,1.0593546105581988,1.2381979635406684,0.5269124602591669,0.40477613071140456,0.5225993034880125,0.6643315509121518,0.04343049906081686,0.03009793537219556,0.04249422528425666,0.059527256867099254,0.057664803288503354,0.033280601491597006,0.05538337435627504,0.08975958111211864,1.4092346006730772,1.2319437381428824,1.4056823615976404,1.5936963732606857,4.7422121423325025,3.642985176402641,4.703393731392113,5.9789839582093665,7.582734947414246,6.126927297838599,7.547037580728956,9.18989229744666,3.0909940531092452,2.2814702207783806,3.042944183511704,4.079031064518059,40.73276708529879,32.91249190458943,40.541008764213565,49.36605922359513,2.099690907594252,1.4551147835041665,2.0544258155926727,2.8779047604967802,2.787862579785983,1.6089839597127487,2.677564616628473,4.339516708446487
30226,Spencer Bivens,RP,SFG,70.7358,0.7873875758590004,0.674337769211747,0.7841778650527054,0.9129293991677272,0.2908991060482108,0.22747807000687972,0.2886291083040856,0.3629690585814017,1.0122309507383354,0.8778248191311103,1.0076017710582987,1.1610120719812171,0.4545572885624677,0.3512061972171554,0.4498449406703984,0.5735196862880971,0.05101363056974312,0.0363364731610449,0.050081780889673674,0.06875290878590903,0.07956483401160994,0.05008700323962457,0.07728547065210445,0.11555707599156911,1.303130056786546,1.1517181957362899,1.3005780281710662,1.4633882886509746,4.091015597062209,3.1608557749543986,4.048604466033585,5.161677176592875,7.086488182731004,6.0690399229057235,7.0576007854743485,8.216364592509544,2.618091954433897,2.0473026300619175,2.5976619747367704,3.2667215272326153,55.69649008844708,47.69982157540829,55.469448626795156,64.57679139364852,3.6084899692552352,2.5702894982250397,3.542574836655779,4.863292005298304,5.628082185678438,3.5429442437574354,5.466849594953129,8.174022215924435
30249,Jack Dreyer,RP,LAD,45.1386,0.9871010334019217,0.839918610831399,0.982635310966283,1.1538747384389099,0.3368998806188564,0.25943537611901696,0.3337882231788242,0.42311571087034633,0.8346284929329546,0.7362487740420754,0.8332405912500915,0.9406403476286412,0.37331454584734614,0.29991568894763493,0.3703852461725125,0.4575797289484651,0.05547142671322707,0.04146685605391405,0.05482947739722034,0.0719414947997154,0.07672482087810836,0.055604014720992016,0.07558075926481242,0.1015368786926614,1.1715283735518112,1.0478604615690061,1.1702621971151972,1.2990810034250684,3.359830912626115,2.6992412005287143,3.3334672155526124,4.118217560536186,8.883909300617296,7.55926749748259,8.843717798696547,10.384872645950189,3.0320989255697075,2.334918385071153,3.0040940086094174,3.808041397833117,44.556358706315976,37.91275020687418,44.354782247582655,52.08429026849857,2.5039025418376712,1.8717558286752045,2.47492584844217,3.2473383571664334,3.463250999688582,2.50988737888497,3.4116096601506616,4.583232552556566
30250,Jaden Hill,RP,COL,52.3098,1.0204043737786996,0.837623960366197,1.0145396048481332,1.2257147060024085,0.39449249005540776,0.28994665982005585,0.390418728423083,0.5182684413205375,0.8625693298058589,0.730165555989038,0.8590624364109432,1.0091368426789606,0.41088253846325073,0.3093226425672828,0.40660573878134676,0.528516642236407,0.05475258634631392,0.038338788738972014,0.0538767756912991,0.07384509861169478,0.09225812918642934,0.05441969551520755,0.08852909014746435,0.1422989988370222,1.2570618198612666,1.09182717890545,1.2533729436402163,1.4353999062597063,3.6979428461692567,2.7839037831055453,3.6594516490321207,4.756649780127663,9.183639364008297,7.538615643295773,9.1308564436332,11.031432354021677,3.55043241049867,2.609519938380503,3.513768555807747,4.6644159718848375,53.37714871148903,43.81594184196369,53.07036382168488,64.1168911280448,2.8640968412584122,2.0054943711778783,2.818283361056718,3.8628223393580314,4.826004286116282,2.846683388461404,4.630938999795831,7.443632169364865
31261,Chris Roycroft,RP,STL,37.4266,0.8894535358324441,0.7400577262367116,0.8838713838826155,1.0563087167039686,0.4647660273382244,0.3588593183317009,0.4610701885276516,0.5835525834930929,1.0215650081907135,0.8800561636107385,1.0164473576900044,1.178818561308905,0.5587571698218404,0.4386760802881797,0.5539125299673955,0.6980926120300149,0.043844346454576084,0.03263192625540626,0.04343665479538312,0.05690106593636257,0.0666952126587292,0.04300616545955885,0.0650004634989599,0.09658816496371818,1.4863310355289379,1.312362352952916,1.4827427124100532,1.6774388920142782,5.0288145283965635,3.9480847225936175,4.98521276970656,6.2828335082701345,8.005081822491997,6.660519536130405,7.95484245494354,9.506778450335718,4.18289424604402,3.2297338649853082,4.149631696748864,5.251973251437836,33.28922170418655,27.697844496770912,33.0803007360211,39.53404381659276,1.6409448170168373,1.2213020511905879,1.625686304364886,2.1296134343738675,2.496175046093194,1.6095745521887252,2.4327463471901725,3.614966614831095
31461,Ben Joyce,RP,LAA,33.1742,1.0143811510415748,0.8304306834807491,1.0089292379204335,1.2201922168793755,0.3763210001413953,0.26838390170701526,0.37114943517244403,0.5029392711622399,0.7702305391281876,0.6423172024151144,0.7671991052727057,0.9126299664643577,0.330375588262054,0.24019530288351035,0.32521130280286614,0.4344935618585762,0.06323168874786125,0.04124886028460825,0.06169769417730639,0.09041416071939781,0.10317632644398213,0.06762542886139412,0.10117596182093005,0.14579319234876717,1.146551539269583,0.9777137602271243,1.1441209925810603,1.3259006777477946,2.9733802943584857,2.161757725951593,2.9269017252257954,3.910442056727186,9.129430359374172,7.473876151326742,9.080363141283902,10.98172995191438,3.3868890012725577,2.4154551153631374,3.340344916551996,4.526453440460159,33.65128318088341,27.548873579927065,33.470420324620044,40.47890064119978,2.097660688859299,1.368397940853651,2.0467716461767975,2.9994174505374467,3.422792088717952,2.2434195021336607,3.3564315926398978,4.836572521616472
31468,Jack Perkins,RP,ATH,27.5474,1.0273101169247996,0.8582504180540412,1.0208496481016525,1.219236721987525,0.4263091461654956,0.3224807541825042,0.4225824194337501,0.5456925172494764,0.8400583568448402,0.7217615632032685,0.8373654651368605,0.967285650682318,0.4097903833548381,0.3161272503246072,0.4048159089726092,0.5207070589920111,0.0571037934753149,0.04049991528143908,0.055930211105970226,0.07751121457971931,0.09452201829102974,0.0579067765061801,0.09113948242251729,0.14195580203846406,1.2663675030103358,1.1117711448296819,1.2646868742653647,1.4346701778095983,3.688113450193543,2.8451452529214647,3.643343180753483,4.6863635309281,9.245791052323195,7.724253762486371,9.187646832914872,10.973130497887725,3.8367823154894602,2.902326787642538,3.803241774903751,4.911232655245287,28.299722714974223,23.642567566301896,28.12175359611546,33.58680167527915,1.5730610403818897,1.115667366223915,1.5407318974206041,2.1352324325133596,2.6038358466703126,1.5951811351263456,2.510655778086053,3.9105132610743847
31552,Zach Agnos,RP,COL,42.5365,0.8648212859196661,0.7059064491566505,0.8596706261680218,1.037123992963968,0.4711062929289654,0.3491390042726603,0.46582521571988994,0.6102649668474597,1.0304108658608337,0.8816048748930001,1.0270143487970538,1.1915162073504548,0.5569327071522235,0.42328131920613277,0.5520595751627502,0.7032544132255206,0.04579248285439696,0.031019181999199095,0.04482372810232387,0.06422677561234587,0.0968040097489797,0.05467636536693797,0.09316769952088912,0.15070982744297248,1.501517158789799,1.3060938029352631,1.4993324616473842,1.7022618312579538,5.012394364370012,3.809531872855195,4.9685361764647515,6.329289719029686,7.783391573276995,6.353158042409854,7.737035635512196,9.334115936675712,4.239956636360689,3.142251038453943,4.19242694147901,5.492384701627137,36.786470628521876,30.02678967455186,36.56737958999606,44.11562472671182,1.947851946936056,1.3194474351089323,1.9066445104244991,2.73198224083455,4.1177037606874745,2.3257412154307566,3.9630278506702994,6.410668575027999
31553,Mason Fluharty,RP,TOR,37.3252,1.0860229035139917,0.9147629538035595,1.0800685636052751,1.27080427674133,0.4442078843323198,0.3377960730784707,0.4397776587711918,0.565054265297175,0.807184982311345,0.6941361318330079,0.802964957048848,0.9321233149282682,0.39867980261138586,0.3074249332876422,0.39477748170984017,0.5016081753232458,0.06339868701952259,0.04275396312371821,0.06197970337472909,0.0882249502946796,0.1010202663392543,0.06143881794143567,0.09779489684448933,0.1514131299796237,1.2513928666436647,1.096948799723376,1.2494979629339142,1.4114223250713864,3.5881182235024727,2.7668243995887796,3.5529973353885618,4.514473577909212,9.774206131625926,8.232866584232037,9.720617072447476,11.43723849067197,3.997870958990878,3.0401646577062365,3.957998928940726,5.085488387674575,40.53602207824044,34.14371020330862,40.31377515027962,47.43302379022549,2.3663686727410846,1.595800224385407,2.3134048244024386,3.293013914738975,3.770601645165935,2.293216167427675,3.6502140836999333,5.651525359115451
31616,David Morgan,RP,SDP,63.0833,1.049213228448127,0.873389612842284,1.042647193597921,1.2447255681248746,0.4238604647596539,0.32141136366090173,0.4169518516367451,0.5447851558911132,0.8103995547156354,0.6962801818542238,0.8089427432986257,0.9306345931207375,0.38813030549700944,0.30066489031858085,0.3846311722574892,0.4900684484469931,0.05408188527707908,0.038383585077269224,0.05320332919060851,0.07269071289887322,0.0763536802318791,0.04605478488111177,0.0739884574999996,0.11485981479597153,1.2342600194752893,1.0835204482063427,1.2322728596793628,1.3986013217045967,3.493172749473085,2.7059840128672277,3.461680550317403,4.410616036022938,9.442919056033144,7.860506515580556,9.383824742381288,11.20253011312387,3.814744182836885,2.8927022729481155,3.752566664730706,4.903066403020019,66.18783285416173,55.09629896381365,65.77362570789573,78.5213964316919,3.411663793499563,2.4213632125048976,3.356241576329914,4.585570049013489,4.8166421161717,2.905287811090638,4.667436061009725,7.245736154718711
31757,Mason Miller,RP,SDP,65.6681,1.5005374795452844,1.318486559948838,1.495860369924383,1.693265210686915,0.4107039084652289,0.3321051429732854,0.4083164910170879,0.49535728886309616,0.634123390374209,0.5620074241091961,0.6317492712568713,0.7114487747959917,0.29142449176740765,0.23718836692550127,0.2891899198947213,0.35450679785425415,0.06556616555527785,0.0490488816947756,0.0647975055151292,0.08462377050012634,0.48575773347218787,0.38131095700050666,0.48121132100306796,0.6030121470319744,1.0448272988394378,0.93999555887728925,1.0429854063622501,1.1594738345735371,2.622820425906669,2.1346953023295114,2.6027092790524917,3.190561180688287,13.50483731590756,11.866379039539542,13.462743329319448,15.239386896182236,3.6963351761870604,2.988946286759569,3.674848419153791,4.458215599767866,98.53744526052768,86.58250726737629,98.23030835823137,111.19350918190939,4.305605516300541,3.220946868020693,4.255129071918055,5.5570822235793464,31.898787417424977,25.03996605540497,31.600233148761564,39.59866197251039
31776,Orion Kerkering,RP,PHI,64.2899,1.0883419578393165,0.9446433939181553,1.0862690740623,1.2427419047348154,0.3551229716993309,0.2856136170435707,0.35269618088995236,0.43161951982028524,0.7951397357598937,0.7063387094427975,0.7932629201881156,0.8907792603982339,0.3443413822519319,0.27880180268829063,0.3415244796979139,0.4186851894587273,0.07069360210309415,0.05120370179462187,0.06958474707737694,0.09446517127357063,0.10238720959501985,0.07804132556608478,0.10135611418555995,0.13000750004606526,1.1502627074592247,1.0386142602674435,1.1479355746688602,1.2662946177276373,3.099072440267387,2.5092162241946157,3.073720317281225,3.7681667051285457,9.79507762055385,8.501790545263399,9.7764216665607009,11.184677142613339,3.196106745293978,2.570522553392136,3.174265628009571,3.884575678382567,69.96939563529388,60.731029330658814,69.83613014455787,79.89575278121082,4.544884609847713,3.2918808680060607,4.473596431129856,6.073156414660728,6.582463466142866,5.017269016511034,6.5161744453782315,8.358169177211531
31815,Cade Gibson,RP,MIA,61.7728,0.9289929999445118,0.7793394462165394,0.9256591578044364,1.098057432291087,0.3525483090297111,0.2678134778579122,0.3476306886810313,0.4503758375652512,0.8670447758305511,0.7542497156528605,0.8654826745679121,0.9899845993448523,0.3890098933907927,0.3063301361260028,0.3855471241528874,0.483344083964608,0.05762347728988353,0.04338634358428491,0.056920561917129846,0.0739661379015477,0.09341844336593726,0.06235490284838276,0.09108556217129586,0.13195072147769157,1.2195930848602623,1.0810793699601942,1.2187549496287653,1.3684874647951588,3.5010890405171344,2.7569712251340253,3.4699241173759865,4.350096755681472,8.360936999500606,7.014055015948855,8.330932420239927,9.882516890619783,3.1729347812674003,2.41032130072121,3.128676198129282,4.053382538087261,57.38649878697233,48.141979743245045,57.180558023221884,67.83008215343085,3.5595635379325175,2.680095924963315,3.5161424871944784,4.569095443364725,5.770718818355369,3.8518369426725783,5.626610214895025,8.150965527697146
33294,Seth Halvorsen,RP,COL,61.1312,0.9682683380461556,0.801366772759844,0.9630500456169121,1.1501953551092532,0.4607295016507024,0.3511346818060376,0.45391095869251774,0.5935557514172993,0.9458372639175207,0.8166472114735018,0.9430896581461823,1.0848742072063227,0.49282374327889483,0.38411502978871664,0.48818661930886187,0.6137310960454553,0.04930522819366228,0.035182772706879854,0.04849562537024147,0.06659179501576443,0.09752619704747573,0.06618253564676817,0.09562147925177965,0.13500417157453867,1.4065667655682232,1.2402617346755336,1.4026152029220718,1.5889085783890893,4.435413689510053,3.45703526809845,4.393679573779757,5.523579864409098,8.7144150424154,7.212300954838597,8.66745041055221,10.35175819598328,4.146565514856322,3.160212136254338,4.08519862823266,5.342001762755694,59.19140542676715,48.988512458936576,58.87240494861658,70.31282229225478,3.0140877657524077,2.150765114898814,2.9645957736333055,4.070836339467698,5.961893456948648,4.045817823129714,5.845455772436392,8.252967013357438
33826,Yuki Matsui,RP,SDP,53.8848,1.0304335748557383,0.8886739627320375,1.0248452125905776,1.1881771605813858,0.44718709386566496,0.3612901700152445,0.4443347940073279,0.5448484510686662,0.8642247891287962,0.76033582056216,0.8614235239865985,0.9802250847468931,0.4402612909919724,0.349292161324809,0.4363201223295273,0.5478967275332117,0.05372774499982065,0.04027957431162461,0.05321243768521102,0.06891387230313589,0.10032795937107579,0.06902641425316534,0.0978469084345624,0.13814286103627096,1.3114118829944612,1.167429169163135,1.3097087465806654,1.464328028912327,3.9623516189277517,3.143629451923281,3.926881100965746,4.931070547798906,9.273902173701645,7.998065664588337,9.223606913315198,10.693594445232472,4.024683844790984,3.2516115301372004,3.999013146065951,4.9036360596179955,55.524707094386486,47.88601874702329,55.223579311400755,64.02468866249585,2.895108793766336,2.1704568058670297,2.8673415621800586,3.713410226280017,5.406152025118544,3.719474526748964,5.272461091614708,7.443800438367253
33838,Yariel Rodríguez,RP,TOR,35.6036,0.9972328215613245,0.8530067043697186,0.9917042030161749,1.1574259847331843,0.4115813102516197,0.3213257672027866,0.4073759340051808,0.5173260840465222,0.8480191413282141,0.7437620352984183,0.8448409622087079,0.9592324920523785,0.41382761966367587,0.32805507730721056,0.4102325196430029,0.5084926774831263,0.054611717173717246,0.04153187330736411,0.054041670791538605,0.06969488625431496,0.08763031807448696,0.06380072305474506,0.08629247356606641,0.11637690805731651,1.2596004515798338,1.1201647419704466,1.25666981081535,1.40666862794499,3.724448576973083,2.952495695764895,3.692092676787026,4.5764340973481366,8.975095394051921,7.6770603393274675,8.925337827145574,10.416833862598658,3.7042317922645775,2.8919319048250793,3.666383406046627,4.6559347564187,35.505078485740775,30.370109499697712,35.30823976250669,41.2085317900464,1.9443737335661593,1.4786842044860689,1.924078030193624,2.481388852244128,3.1199547925968036,2.271535423351921,3.072322711856802,4.143436883709474
33908,José Fermin,RP,NA,NA,1.1495395641517896,0.9491486077016231,1.1436305865797798,1.3740650173459805,0.5497426504239612,0.40765196733302855,0.544775511051485,0.7124737061490468,0.8010826982458031,0.6748194276398299,0.799045975914856,0.9408157954997964,0.4245673755584891,0.3153475895023325,0.42029475119077575,0.5479034523589879,0.062013990390709706,0.04137446682529781,0.06035150418810014,0.08862191952223691,0.12374751041385956,0.0714089875189588,0.11891616050850094,0.19344046242185647,1.3508253486697643,1.1652673865961483,1.3466925577603042,1.5472610805924483,3.821106380026402,2.8381283055209923,3.7826527607169815,4.93113107123089,10.345856077366106,8.542337469314608,10.292675279218019,12.366585156113825,4.947683853815651,3.6688677059972568,4.902979599463365,6.4122633553414214,NA,NA,NA,NA,NA,NA,NA,NA,NA,NA,NA,NA
35324,Shinnosuke Ogasawara,RP,WSN,8.35422,0.8287893340210059,0.6848062678320493,0.8241222328598204,0.992990991215349,0.4281368933464568,0.3226654622083345,0.42394053070093085,0.5504171915782915,1.0915002199650488,0.9447562219830801,1.0871981606406562,1.2511594361488072,0.5953765897757027,0.4710586550806208,0.5891349437708442,0.7393335303442174,0.04099764085480748,0.030420975666187622,0.04051832689082996,0.0533666989518758,0.055247719971069656,0.03510501669957631,0.05354565654846454,0.08072047284353429,1.5196371133115056,1.3456767476500873,1.5155071286628097,1.7089858153082285,5.358389307981325,4.239527895725587,5.302214493937598,6.654001773097957,7.459104006189053,6.163256410488444,7.417100095738384,8.93691892093814,3.8532320401181113,2.9039891598750103,3.8154647763083775,4.953754724204623,6.9238884300649675,5.721022218847863,6.884898440202169,8.295665198631092,0.3425033111820497,0.25414352332997797,0.33849901687790945,0.4458371437177398,0.4615516071367095,0.2932750326119344,0.44733219485031345,0.674356588638911
