playerid,PlayerName,role,SO_mean,SO_p05,SO_p50,SO_p95,BB_mean,BB_p05,BB_p50,BB_p95,H_mean,H_p05,H_p50,H_p95,ER_mean,ER_p05,ER_p50,ER_p95,W_mean,W_p05,W_p50,W_p95,QS_mean,QS_p05,QS_p50,QS_p95
1890,Matt Moore,SP,0.773568742775635,0.6306589076731144,0.7693710961949174,0.9297283113293505,0.5194883457110041,0.3932422635922393,0.514014671195453,0.6632505975042133,1.1861226019495252,1.0425015894258367,1.1829153324255213,1.3401189944800842,0.7385023157158866,0.5868850581793013,0.7329104620897959,0.9094706034462946,0.04051206648284624,0.031927735595632376,0.04013262066029107,0.05039766187215743,0.036039926904351594,0.02416129381587432,0.03496078689384871,0.05100030315297098
2036,Clayton Kershaw,SP,0.8646827808880736,0.7560528798555981,0.8615497885367869,0.9820179240211084,0.2770428571148165,0.22203567567808694,0.27481518595893417,0.34043509864472343,0.8879734444106927,0.7980172242303057,0.8870182588400759,0.979043068118588,0.38635503980089503,0.3217555885665269,0.3850694180318954,0.4572126938784055,0.07284554798462498,0.0574996836442587,0.07181092953314909,0.09155317680883383,0.07185084943862223,0.05145476374722664,0.07053096572433457,0.09628757974019311
2520,Lance Lynn,SP,0.9445744223450303,0.8353943293994174,0.9420820741423126,1.0606853322164544,0.33507001969566663,0.2816972005773645,0.3329374861109456,0.3960070286818188,0.9926528986696258,0.9087601719456403,0.9909193202778064,1.081399972889653,0.510532546169628,0.43497560182532047,0.508110358247165,0.5919565475130335,0.061355707737363756,0.049091258424976005,0.060660903786284456,0.07585283099717771,0.06450771647255744,0.0478560330616018,0.0636806198309942,0.08411804818319725
3137,Max Scherzer,SP,0.9668367245453009,0.8529847738698586,0.9646625242952581,1.0894880722326705,0.2818698870101999,0.22847416423110586,0.2802264062298542,0.3413775474329021,0.9450006842479517,0.8533401532106711,0.9425619935507514,1.0433134545459513,0.47797243650419047,0.40074135567845487,0.47615066967284425,0.5602787762753377,0.06057200542721592,0.046521616987282764,0.05998767540923593,0.07661741838130469,0.06054746424364119,0.04389561269576454,0.059568277710734946,0.08039766519469536
4676,Charlie Morton,SP,0.9588664746250737,0.8570870737939784,0.954613514251613,1.0697404453373747,0.5177377531347491,0.4419329914859123,0.5169599783941661,0.5972043099422415,1.0102213231489463,0.9266647862233727,1.0095507308718277,1.1010498803168045,0.5914818886021107,0.5073830055463834,0.5903852090960134,0.6820507345058959,0.054312504255782906,0.04199793033609181,0.053797962026473356,0.06847878276564631,0.04558390428513857,0.03349261982888333,0.044803600454832476,0.06074496855392276
6175,Albert Suárez,SP,0.7985048596210887,0.669331597872352,0.7949921477910749,0.9394645004740463,0.3230971990516586,0.24832077724060525,0.3205713418155,0.4072196162605295,0.977096897265121,0.8701771476537364,0.9754274106606478,1.0897955790324834,0.46948561319809246,0.38459590104284513,0.4662281075573448,0.5649431036338406,0.058874344242445774,0.04653675834878044,0.0582159376240056,0.07330414056333638,0.06515396148863738,0.045082245029591544,0.06399226548429654,0.08972523624792697
6632,Carlos Carrasco,SP,0.7328126313312417,0.6356442313720516,0.7296020814980713,0.838306423994371,0.41540261500754044,0.33776595701188167,0.41241536904074555,0.5040092703313409,1.3546981561394207,1.2295923561852133,1.3532907999528239,1.4904310513418917,0.8594734475581447,0.7304248673115401,0.8539870019642551,1.0080916970795553,0.03967598366429731,0.02964821310582163,0.03912237121472095,0.05128718067757136,0.031075778248315155,0.021078569826325402,0.030424505252583625,0.04347899735848028
6895,Chase Anderson,SP,0.7130971285326545,0.6025812825060025,0.7092135396199719,0.8400499255781604,0.4661281071765145,0.3713359175919613,0.4627588136588549,0.5731641239154863,1.1489261944998352,1.0283934777122707,1.147565748856925,1.2744117176443752,0.703722017797442,0.5818563453759479,0.6995229540541219,0.8419248822825265,0.04056388412978373,0.030783853090232405,0.040224518301825364,0.051551132360994116,0.03285787977377011,0.02198330439197796,0.032087961756750674,0.04589340173193033
6902,Martín Pérez,SP,0.7684310464253927,0.6670912100623717,0.7652323907329073,0.8785561327202941,0.3460203296571807,0.28556332183296596,0.34389085763892513,0.41259584167277763,0.9506267582529745,0.8675894683283566,0.9494589836588898,1.0411954096371534,0.4334476977229699,0.3660646314778556,0.4318876384676274,0.5061639459740953,0.06093979815530442,0.049329089783590976,0.06055293265992281,0.07401414896152261,0.0767656808235898,0.0567047096292551,0.07552648655461341,0.101212469696477
8700,Justin Verlander,SP,0.7978000224454906,0.7072270659098521,0.7951173293376406,0.8990039935641876,0.3087176771978479,0.2557031821627543,0.30710448117558453,0.3654673625063909,0.9640493991465998,0.8778144822321148,0.9629115918657138,1.0541681536471588,0.48010015667397077,0.40689525841698837,0.47819678657694265,0.5595091937687361,0.05704341672231186,0.0433936311663585,0.05658589412209343,0.07250250032952348,0.056204271343139836,0.0409711976855211,0.055330111490533185,0.07503254134973139
9132,Nathan Eovaldi,SP,0.9741088555068697,0.8650863906152542,0.9718789443962121,1.0945847766336034,0.21408125860181088,0.17523742898018346,0.21279508394092284,0.25654107565016504,0.8233948589730274,0.7523184991158047,0.8232212592311076,0.8992575448644301,0.33884878343915875,0.2861923897868299,0.33747534604561275,0.3946403797506274,0.07657178817231705,0.0619418381695829,0.07594144441866582,0.09358968851108525,0.09861818790443123,0.07401704869584134,0.09706156697884427,0.12863441616495846
9323,Patrick Corbin,SP,0.6577974106758321,0.5799528686085794,0.6557991350235444,0.7425857130865265,0.3642627531170276,0.3073459116819176,0.363113234865214,0.42702102144089726,1.3245168519504296,1.2217783701983351,1.3231997118082068,1.4311920953022577,0.7591947497434735,0.6570547178685514,0.7564407960522881,0.8690077218061936,0.04075875781968382,0.03258439037778198,0.04051596568290368,0.04991868006189388,0.04445264845097001,0.033183373984551116,0.04371895440787281,0.05781265079210318
9803,Miles Mikolas,SP,0.6156955177858338,0.541644577823998,0.6140366404804771,0.6966173513388768,0.216798778698035,0.1782440140418126,0.21561282907686757,0.2597640398737288,1.1777239364465022,1.0821702387759178,1.1778520713699843,1.2749683170170714,0.5829606293594211,0.5014228040264914,0.5810642348114394,0.6711329990312349,0.04964467381453329,0.03973154901021626,0.049428312462813484,0.060711039921653887,0.05842585466159184,0.04396057288155852,0.05765385618012685,0.07557037465724367
10123,Kyle Gibson,SP,0.7820249347635085,0.6929064882770464,0.7803196511128005,0.8796908854897344,0.3546603832604754,0.3009253373629511,0.35301310512713424,0.41384890571872146,1.0326267206387345,0.9506432261019927,1.0320452549300765,1.1176647586839588,0.528153307523063,0.4544732652308395,0.5258313664438348,0.6095045257414058,0.05743475289657509,0.046527037620468406,0.05708270982488072,0.06952974412304748,0.07003412426830927,0.05284173746188878,0.06896069504098314,0.09071529606508937
10310,Zack Wheeler,SP,1.183467098813669,1.0605299432531463,1.180801475344936,1.3173555706282871,0.22171440715344612,0.18410403686189686,0.22040572171800166,0.2635870758575135,0.7491498935268428,0.6837903635610931,0.7483797476817379,0.8167803434151044,0.3006296026714006,0.2569513368174729,0.2993845688414274,0.35001720145832177,0.08047735379678461,0.06608178773101699,0.07998665779245462,0.09653797909071965,0.11553632546199309,0.08891470378962339,0.11418814386074397,0.14719205622726628
10314,Erasmo Ramírez,SP,0.7441644450912662,0.6096539418249051,0.7417611462771854,0.891036363184799,0.3256159426402818,0.237642928753815,0.32056775910067814,0.43034933107281315,1.145621239282007,1.0046861176917727,1.1433925389654862,1.2944897872718841,0.6117849279579483,0.48909620037077095,0.6076162919390209,0.7558935080890057,0.046725896974654096,0.03837412281247648,0.04648797630198462,0.05592094668604418,0.05062525849485242,0.03558141946914351,0.049651196370719027,0.06902215507498011
10603,Chris Sale,SP,1.2113535446006665,1.0791098805632215,1.2080306599287933,1.359072673664486,0.2536097661058987,0.20573634975232927,0.25244142360319416,0.3048988772728389,0.8231029458604965,0.7481755961138901,0.822603723693452,0.9007519856853905,0.3707196868841075,0.3118617501612557,0.36923072596169215,0.43424456907247233,0.07105309337471082,0.05698344190510163,0.07058442701221446,0.08717230427742981,0.07997663600548488,0.059056122173168364,0.07894356883552231,0.10505897476891177
10954,Jacob deGrom,SP,1.1913901610656448,1.0457520878015543,1.1877052114291775,1.3477486843526076,0.21087869835564146,0.1659695907000538,0.20919554648905853,0.2620478595169936,0.7153875074883219,0.6385319439387004,0.7146743389700024,0.7965308096688374,0.2957746352516422,0.2429549712452418,0.29462964651993284,0.35372645824050647,0.07321989098915155,0.05591985775691976,0.07283103607728614,0.09212380239680644,0.09254674980085151,0.06650177672224639,0.09089301858555857,0.12426736112132089
11156,Merrill Kelly,SP,0.9017722911697346,0.7956828225145519,0.8993634660632561,1.0163298368770595,0.2979072706855547,0.24863766663675732,0.29643151138273377,0.3539579470464582,0.8591772792080005,0.7840729835829383,0.8592327510996304,0.936211669020838,0.385385694191598,0.32700994052559257,0.3838280267372657,0.4489275123141585,0.06862211316229869,0.05567077436458771,0.06804702371626162,0.08349866311792001,0.08744718114584592,0.06552420430175099,0.08606392570108803,0.11384885381886792
11423,Jose Quintana,SP,0.7172035565093982,0.627283110458852,0.7154587174110341,0.8137156193514338,0.35690766645258265,0.29729296975842306,0.35552533942007164,0.422481228642264,0.9517159680123418,0.8687515264676005,0.9511720724197338,1.0369354024061255,0.4424015631798354,0.3777055113673776,0.44079525460045355,0.5133952109191858,0.06002052095740928,0.04775624083915534,0.05944577420051084,0.0742206186430364,0.06738331161290988,0.04907387222894467,0.06631138679528538,0.0884574296135302
11486,Robbie Ray,SP,1.0253900285283364,0.9020947385212612,1.0211853053311908,1.1602316616999446,0.3554126948488001,0.29442821137017255,0.3531179891365242,0.42298838840089165,0.8428924143789737,0.7666399742295726,0.8414886330751681,0.9252153574648452,0.4057078239772552,0.34097321856305035,0.40404081062037267,0.47726264312983013,0.06741042029302417,0.05542414586831878,0.0669628156017271,0.08105782173678844,0.08704794831138779,0.06483367327547666,0.08570815233520818,0.11416338248009814
11589,José Ureña,SP,0.6041493725462603,0.5110804438409475,0.6008070762278116,0.7085863282850627,0.4848996929854365,0.39094931065353394,0.48037742379744164,0.5945630635397274,1.3023177454229977,1.170657620078922,1.3001244041978617,1.438791764230261,0.7815003918632231,0.6435448265325467,0.7776743854859599,0.9334224148039917,0.0380267594996052,0.030645069045342612,0.037932640965076425,0.04579174428338897,0.036428808044885574,0.026184065779737996,0.0358257205539042,0.04884356257068758
11674,Jameson Taillon,SP,0.7606511748667872,0.6695152225575458,0.7596079530594915,0.8610049192389241,0.2300829007011102,0.1885076417829929,0.22892421154308812,0.2763336926706971,0.9938279955749053,0.9128369861762405,0.9934718338928394,1.077392011992409,0.45053512981959193,0.3865417497082708,0.4487074016766186,0.5217367506470162,0.06231760496272966,0.05190877543057382,0.06191938871659807,0.07375875415334229,0.07796390681243612,0.059137678200831,0.07703470468842682,0.09980386947787383
11760,Drew Smyly,SP,0.9159515930573623,0.8005946845324817,0.9136824810429154,1.0413573635437157,0.3559024751107111,0.2929700673188362,0.3543332699273225,0.42439124559246355,1.0102434842940164,0.9198779116727875,1.008126072502098,1.1055227642237866,0.5324387383072593,0.4482052918783398,0.530442320987802,0.6232534762354953,0.05587748224394121,0.04542212369142649,0.055379327849420956,0.06809210821343316,0.05125079540360512,0.03702170688213885,0.05049087323637875,0.06851141775473121
11828,James Paxton,SP,0.8563761222555974,0.7358371566600955,0.8531684869354081,0.9902682652978021,0.4285984777038563,0.34530525965333814,0.4257014912199184,0.5223936328718337,1.0192058315582362,0.9145009339791351,1.0181909325255503,1.1302895792034235,0.5519105828039147,0.4575911854967139,0.5494037929458913,0.6546823249970091,0.055869761738347866,0.043924744855635446,0.05527246066212503,0.0699167904351581,0.05760605989371962,0.04043531978201195,0.056510963353420665,0.07798716930114878
11836,Taijuan Walker,SP,0.6766411884333212,0.5848788572591332,0.674399972557078,0.7716361412296555,0.4056773320541122,0.3364041455941257,0.4036061091714516,0.4835035129011848,1.143349792420947,1.0390079166137696,1.1422790189382024,1.252924498751251,0.62592177737106,0.5269076000148143,0.6240236026070035,0.7349185453200554,0.046803257095095065,0.03832211471044237,0.046505516596853286,0.05612413693850313,0.04614616039321827,0.03378825005122872,0.04553064196039873,0.06113499423188201
12049,Kyle Hendricks,SP,0.6173138729558225,0.539064494484346,0.6154140068623036,0.7036618161231677,0.2871199544337412,0.23598123322912748,0.2854839023674936,0.34435226391432683,1.1774651685157513,1.0820754526379255,1.1757422255436183,1.2771664769518667,0.6062654982139329,0.5189517011249742,0.6041128596798908,0.7004814114535806,0.046866612834771317,0.037266517744671976,0.046501741318854706,0.05755620500084791,0.053546908135553614,0.03976087466845588,0.05290655533934242,0.07039728787219729
12272,Aaron Brooks,SP,0.7432821279288732,0.62586622527011615,0.7403964445589484,0.8663009106849798,0.33246368926880254,0.2572158462354294,0.3290166851552585,0.419373452875882,1.1140619359596269,1.0001136327210443,1.1125562439354786,1.2340992406205942,0.586755540141433,0.4827807262301147,0.5841639790955198,0.7041282365222186,0.04830908836592074,0.040324366156417796,0.048030298736171415,0.05704850927044032,0.051892619336701584,0.03811239445891989,0.051067142983936095,0.0684886823800407
12304,Chris Bassitt,SP,0.8903298915769382,0.7916646098023162,0.8877019449730748,0.998107746143932,0.3365402690574223,0.28397938623169205,0.33484694038201623,0.3953103380918609,0.9728008835447317,0.893688725672264,0.971179193449106,1.0542032213296504,0.4627525558732495,0.3985495314850523,0.46070168049951854,0.5356643259781889,0.06371731275061597,0.05196846581547534,0.06323696936805712,0.07704858292488025,0.06960435375899837,0.05256528613370778,0.06850551968137439,0.0900375602926528
12317,Colin Rea,SP,0.7867824180664582,0.6864348070008354,0.783595725012038,0.8945043303965893,0.28571868892486274,0.23490955731194563,0.2845318068715009,0.3416089069056168,1.0077288505220618,0.9168666109087674,1.006249780983798,1.104711833278708,0.4947472794474604,0.41627952449507427,0.4927780839561905,0.5790308107508986,0.05688541686413655,0.0460708290501231,0.056432873533173195,0.06902725512950451,0.05621887823935341,0.04053921083748656,0.05517264231302438,0.07500094835669771
12447,Seth Lugo,SP,0.8388935703561757,0.7360318812204932,0.8365202991673032,0.9485813231690771,0.2884132681672939,0.23816854575183508,0.2863047002622836,0.345977681726676,0.9215627399770743,0.8399880754150293,0.919514034277342,1.010125288858232,0.41494163127516326,0.35143586920243414,0.4130964953000903,0.4838991624313821,0.06462048273900663,0.05222434355456321,0.06408085039429502,0.0784969460506882,0.08753976545847167,0.06473122387183272,0.08623539577569103,0.1148114596931754
12718,Adrian Houser,SP,0.7105669581764072,0.6079966365479236,0.7081601646055691,0.8222085873182485,0.32915359436144076,0.2662145771317148,0.32686936169142655,0.39891259525563766,0.9816404308956037,0.8899243135260816,0.9797238616150399,1.0812026687387752,0.45640370707344197,0.3811002338392303,0.45379618704459124,0.5412690761497211,0.060315350692681194,0.0497149029521795,0.059884145284836786,0.07261180863972681,0.07050377576817214,0.051668953207607775,0.06945626380096817,0.09340864010523262
12730,Nick Martinez,SP,0.7128761967965406,0.6013478174041567,0.7107948177440532,0.8336083797610843,0.26421681987200074,0.20454126472208342,0.26167083245482925,0.33196757265771143,1.0267859864253965,0.9188477437942913,1.0246379460681552,1.139647534349943,0.48637441002107845,0.4006490088727279,0.4837199614837831,0.5809129623349981,0.05840986659319942,0.046524553361168834,0.05791467287462121,0.07207592892643742,0.06991073978483346,0.04908293451201556,0.0687189269819557,0.09572181770790715
12768,Sonny Gray,SP,1.0640222549429532,0.9494288740715568,1.0615082232145263,1.1869089678974336,0.2622604790817743,0.21877588576076376,0.2612549425874643,0.30862715025501597,0.8939302730533192,0.8195395060477656,0.8932911286945946,0.9715139560411991,0.4157403577194867,0.35532797206548666,0.41379172149951193,0.4811743155127214,0.06887559493890189,0.05539090079109763,0.0684357222199245,0.08420178560419112,0.07978172441325393,0.06009272878688774,0.07875891524261125,0.10260578337494528
12880,Tyler Anderson,SP,0.7310324423865661,0.6409206075373208,0.7301956742741993,0.822546842692683,0.38804920145892796,0.32829642999841036,0.38647633815026095,0.4543435426236679,0.9864147834476243,0.9056798092644689,0.9855815026351795,1.0729192676422155,0.4985116996468642,0.4264801467780644,0.49676506987099356,0.5764722373643119,0.051388095238461405,0.04108092269492781,0.05123850286866377,0.06237647949385376,0.05873871376089366,0.04327646493850472,0.05804697291594439,0.07669394089364556
12970,Joe Musgrove,SP,1.0319803063706081,0.907200444392543,1.0285927038384035,1.1659766362880675,0.24207227916015184,0.19618144985996472,0.24038777021590635,0.292205090472583,0.8556807879555735,0.7800478812394523,0.8548937213703802,0.9363257218410429,0.36619155250273394,0.3086472422471139,0.36409133489059897,0.4289473446959092,0.07014976993722558,0.059271314264587024,0.06975579310484117,0.08253034485266963,0.09801949984453083,0.07488668217690456,0.0967222577896055,0.1250892002408306
12972,Joe Ross,SP,0.9369171501871686,0.8036014622793621,0.9323340519515406,1.0848012889197514,0.3168215925113241,0.24342965634915914,0.3134966997870632,0.40024816021074283,0.9406550398998009,0.8448168456238038,0.9389237550445926,1.0412515091719339,0.45772868083723434,0.3784486177312257,0.45536811157565044,0.5471364716667981,0.0581273229381386,0.049247332656829276,0.057883642338873,0.06764121534834285,0.06981212998658029,0.05192326656156994,0.0687116909635943,0.09165619298697163
13050,Anthony DeSclafani,SP,0.7886081730435905,0.6736918364136671,0.7857249275415474,0.9148052731612643,0.2516350335349618,0.19975461333404143,0.24995989331651539,0.3095587789659289,0.9846771139929648,0.8846238810696375,0.9821663035389515,1.09062999153695,0.4585509366951715,0.3786116955200324,0.45465758067072126,0.5506361792658199,0.060047206864505466,0.048656663505859885,0.05945884152590958,0.07341666814158969,0.07470338842285511,0.05412988448281202,0.07305020552827945,0.1005763946471886
13074,Yu Darvish,SP,0.9093073171091469,0.7987108218254841,0.9054518447436903,1.0342067742308239,0.2821029752557889,0.22904172636946096,0.28038723293931167,0.34096770750158956,0.9415061863956233,0.852563643561504,0.9406515852876249,1.0340188849316825,0.49225019920213925,0.4132681148053093,0.4905171553006811,0.5807932164730415,0.059787144981587596,0.0464489163371117,0.05913821021495467,0.07559517729565775,0.065597078958645,0.04712826718053448,0.06431672611198264,0.08803140922173225
13125,Gerrit Cole,SP,1.0235692157127625,0.9113237737263266,1.0218998634156191,1.1436266277146352,0.25881802860191316,0.21364232361456592,0.25730004049485933,0.3082123884415423,0.846101477123402,0.7734862919467359,0.8448391776853501,0.9224606382984228,0.38085181747240937,0.3235280704064618,0.3794980079109541,0.44438161305710777,0.07008868277752234,0.058299605922255256,0.06975915183073783,0.0835691714131111,0.0916076993366921,0.07018218123471343,0.09044836723298932,0.11686115831634533
13164,Eduardo Rodriguez,SP,0.8486050675825534,0.7466745869022096,0.8471099856627959,0.958489282188544,0.3675599380626641,0.3067167302155227,0.3650850812984455,0.43627251872367107,1.072567869084309,0.9828287933201824,1.0718741794410631,1.1670948612781467,0.5631340675437073,0.48147608327626257,0.5614979886399802,0.6530419978171637,0.05265793013340437,0.0439629327226318,0.052361116124193544,0.06215438861000665,0.058250145844121165,0.04378406794893186,0.05734593527441732,0.07580215931490071
13273,Ross Stripling,SP,0.6533074474116447,0.5621575938656331,0.6509896604151444,0.7495198724066623,0.26214758968528346,0.20806418016656245,0.2602033216647581,0.322466487224138,1.2446925929583326,1.1293893242780704,1.2436841124499307,1.3656270513546027,0.6722583120781108,0.564437325682743,0.6697865564846743,0.7903348186931174,0.042605041948929015,0.03332485794360456,0.04228004325433159,0.05286430029060368,0.04186645779274742,0.029397521823473598,0.0411644076574311,0.057167056872892655
13361,Steven Matz,SP,0.8350784704209627,0.7152736343393836,0.8308570885099618,0.9658442578683873,0.31973782291371483,0.2560337159245032,0.3181830837473418,0.39098718017634887,1.1007165272061217,0.9937840620936338,1.0994384396016605,1.2121645493732607,0.5789649715906448,0.4818562989080395,0.5764404048978891,0.6850908415489373,0.0508118418064126,0.04085612802732163,0.05051334893720917,0.06183878548546862,0.051558076380991656,0.03670374191603158,0.05059559394923048,0.06993070057881995
13431,Marcus Stroman,SP,0.7416959104536904,0.6433040542604112,0.738781126205811,0.8473717042463531,0.36494583618783943,0.29788387910692055,0.3621738153962714,0.4390099440285612,1.0172271670828583,0.9273679042388272,1.0155120522485483,1.1133615131154146,0.49333103385584137,0.41674813249738474,0.4906637961087061,0.5779404723081992,0.05630659867282609,0.045729906117410665,0.05585184257114931,0.06848136930457549,0.06585279867339416,0.04861158644743586,0.06479354134491216,0.08655670897935737
13543,Blake Snell,SP,1.2602859158652382,1.1107915500766954,1.2558468153075777,1.4218833519328136,0.5071759551815102,0.42325703854137703,0.5040327046340373,0.6038502668424957,0.7559590087172718,0.686711123509097,0.7549706037589636,0.8289827697228849,0.3756110657424825,0.31452751055950234,0.37371691695602216,0.4414555687215045,0.06652827991864015,0.05495320081053017,0.06621861596185155,0.07944207856196495,0.07563553420119434,0.056230118180664375,0.07456041859114557,0.09861102552610457
13619,Jakob Junis,SP,0.8204056201575864,0.7058170300297479,0.816885602922091,0.9475264512306909,0.28379670866050016,0.22526511864770826,0.2811536379923717,0.3506434857093141,1.1077910641093924,0.9949279995122252,1.1065048019335428,1.2211536253859934,0.5718916567791131,0.47052857608324183,0.568919654258575,0.6844769320513092,0.049116009253110174,0.04125347792336577,0.04893392222700953,0.057893398953218614,0.05628598769330379,0.04119292245121077,0.055403607028468804,0.07416010620795294
13649,Clay Holmes,SP,0.8129864693911273,0.6961342146762148,0.8086473825266303,0.9481327638131151,0.36960488120752677,0.29398772666933826,0.366147944540732,0.4577660471475205,0.9309565366943727,0.8347415792554533,0.9298090910822616,1.0309324189026015,0.4455712018715834,0.3656878204514981,0.44325219266669,0.5327321170473007,0.06031608386574433,0.04902048051604746,0.05987745714312058,0.07322110629205478,0.06780816157504074,0.048667456227677514,0.06645445870881683,0.09080894110822858
13743,Max Fried,SP,0.9524698446482863,0.8445524147720183,0.949509573040589,1.0720946659879942,0.25256235824581524,0.2097273465770664,0.25140325159334953,0.3003674142256911,0.8279044487859821,0.7601673483278174,0.8276850582082352,0.8985137587278792,0.3367676677094087,0.2874615221402123,0.33529539593355895,0.38992784262956826,0.07592998757313302,0.06455809646483769,0.0756028012841746,0.08825451643113794,0.10563623895984617,0.08227722832691388,0.10442946899143708,0.13380352885009172
13761,Chris Stratton,SP,0.7967279125168507,0.6879876008906187,0.7936509192649064,0.9170145316790977,0.3512757007341006,0.28281835218933915,0.34791892524636825,0.43103644245118017,1.0526901437610396,0.9568077947108656,1.0511911220347998,1.1538321751070015,0.5421314747517968,0.45608246592645074,0.539686138960535,0.636215680320147,0.05127367871864101,0.044227007048828766,0.05112163774727864,0.05879802296430774,0.05798061502455935,0.04381579952764275,0.057223071479024355,0.07443576213263944
13774,Zach Eflin,SP,0.8231369405987885,0.7221858691261023,0.8195296022246255,0.9324625095710328,0.16863969359658784,0.1348932099954528,0.16762296958800768,0.20638096558861707,1.0291135550069521,0.9438398379104607,1.0280239952814811,1.119477150702464,0.4443798748983842,0.37943475767137175,0.4430221942761232,0.5158450217094958,0.06271659679169819,0.05303015046561034,0.06240832111358152,0.07326070152941583,0.08730897430383322,0.066665515256535135,0.08618704087511812,0.11219063308167244
13781,Alex Wood,SP,0.8884506598236092,0.7502969700673946,0.885641370837841,1.0418418101199167,0.3543617118520544,0.2741195285614656,0.35074821677532964,0.44737648260970797,1.1437581236541747,1.0199393649036483,1.141311153978803,1.2794763458182081,0.6503150212375407,0.5298682356562174,0.6456911938271341,0.7898207129348821,0.045660317676956705,0.03618138570179674,0.04530916785286471,0.056514445789482955,0.04351147993280264,0.029775062816465962,0.04252933976530869,0.06052524762997432
13896,Chris Flexen,SP,0.6975789151072778,0.6074808934843581,0.6951224780234807,0.7942888843638257,0.38790352807646117,0.3212936907037073,0.386046672931886,0.4625291922155781,1.1979129008560991,1.0943946940598623,1.195864397063834,1.3088263503568272,0.6603375877541238,0.5596798605354026,0.6565708885138408,0.775140165871026,0.04350788043564323,0.03673948771941201,0.043332589081953116,0.05082063252314967,0.04514964751039931,0.03396050990778728,0.044600015927878045,0.0586743613773315
13942,Brent Suter,SP,0.8273679932564214,0.7001231448494007,0.8253085440874058,0.9608158588081412,0.254851011158489,0.19321098533555406,0.2516590637174977,0.3265853983749773,1.0313058990612922,0.9213616116230124,1.0297926334370398,1.1476681810040203,0.49724153827166295,0.4074332785922896,0.4935783484933999,0.5988396963221648,0.054614342549355044,0.04591920720895284,0.0543897978155964,0.06419463405108311,0.06415561375641485,0.04672647709612912,0.06334335158607991,0.08495929768602663
14078,Michael Wacha,SP,0.8054069557637268,0.7100624726473972,0.8023637587380225,0.9092802656538381,0.25381320758616815,0.21208372963789882,0.2527697621081233,0.2992313075562281,0.9247387599711763,0.8497387204140564,0.9237693479805218,1.0033572813673048,0.40439699918469274,0.34637068778306107,0.4030241309399492,0.4666095148074377,0.06818954635626695,0.05666599603821122,0.06764725548839227,0.08109082693779049,0.08334906276306375,0.06375423232282974,0.08215810261094231,0.10725762501202855
14107,Kevin Gausman,SP,1.0738393576275869,0.9606941112966202,1.071327687791423,1.1966254710672501,0.26400174582638675,0.22194223218590642,0.2624877958560834,0.31011581502593394,0.8644420271409301,0.7945337408614972,0.8637092365699255,0.935460447793834,0.3831299554305633,0.32888329635565067,0.3822753919672265,0.44018474226621374,0.0681341918503818,0.05632860199793373,0.06791288565352979,0.08116356698029953,0.09111943005413808,0.07054818089356044,0.08994902859256755,0.11560939173778893
14120,Lance McCullers Jr.,SP,0.964153528362011,0.8112559738825271,0.9600570621697722,1.1322572055200766,0.5972206837277313,0.47330104245329185,0.5911138679945038,0.7417640564252029,1.0157393753123163,0.8970805703807881,1.0131211660213455,1.143190602636318,0.6017893771915523,0.4824190169081777,0.5970190064894383,0.7340102789800349,0.048025936907309684,0.03853526223746473,0.04770671945801411,0.05888164457025687,0.046776853330329354,0.03249685593978815,0.04594589684252222,0.06371547783503638
14168,José Berríos,SP,0.8049648512947154,0.7163793088589312,0.8026290125247232,0.902909140971964,0.2947393762330013,0.24760873441811002,0.2928774009507349,0.3459573013685,1.0046634957247649,0.9284614413305184,1.003464945510864,1.0830323942736406,0.4744934188619087,0.40947218454481027,0.4736015386495917,0.5436475698767749,0.058589782662268844,0.05039452515512454,0.058356814282589056,0.06764347841126102,0.07692798920182635,0.05972970219787915,0.07611250808181558,0.09698565118200293
14309,Frankie Montas,SP,0.9273730475632095,0.7976590210202499,0.9233548256281654,1.0703924152137145,0.4338485297005322,0.3527055723132587,0.4304436231567371,0.5274820532084936,1.0833507379306246,0.9804840502628995,1.0810074146288766,1.1913964128757253,0.6183012970421818,0.5146472065452309,0.6152753229449199,0.7293479420935309,0.04667510610728592,0.037650335898220026,0.04641832084755943,0.05640302684826577,0.04731389121439324,0.03405261069522756,0.04652496797411214,0.06357654959410336
14361,Ty Blach,SP,0.5597112915084949,0.4607657645295524,0.5573945336187475,0.6666419301699328,0.31295782099793124,0.23991609363663607,0.3100379092967238,0.3934197817153189,1.3528957004370523,1.2122354170884317,1.3508018012843612,1.502905831749433,0.7475764648764875,0.6112809987468419,0.7445555188582906,0.8930957180923746,0.04170246931617753,0.03270837042812665,0.0413752623023934,0.051849222190976214,0.041806409649890526,0.028691513946904505,0.04079593983448679,0.0576788809999253
14374,Tyler Glasnow,SP,1.205224414946824,1.0513947294332542,1.2015050606283209,1.3675502697260278,0.35552571846084735,0.2881986710216753,0.35369083611590807,0.42935984422223455,0.7910200140280019,0.7159971718539669,0.7902025816679742,0.8705907396977781,0.3832608964582321,0.3191796787649459,0.3806896195726123,0.4555664941664954,0.06602956580594141,0.05469982569248982,0.06577514627685516,0.07844805584833506,0.078887597386732,0.05833866400760973,0.07766037110174154,0.10282959410243078
14527,Jorge López,SP,0.7886404123613074,0.6762541721084063,0.7874586283710776,0.9087289685974167,0.412712585242984,0.3325953649945862,0.40999476427586273,0.5027005182765824,1.1444711590272614,1.0383830520381292,1.1423295151551622,1.2575244167298445,0.6561793013220888,0.5473305512921564,0.6524444512241199,0.7809449479875649,0.044062160323080794,0.037259713154138334,0.04388940061016393,0.051332696303633366,0.04468783277889858,0.03347234291335508,0.04410655926168565,0.05804440731542538
14739,Paul Blackburn,SP,0.8572134881864422,0.7395837478989156,0.8529718752883406,0.9874717096745008,0.3045711507149412,0.24558549683739406,0.3021425760625255,0.37177744748438346,1.012169538086668,0.9173670360978544,1.0110017859725784,1.1107949586730286,0.4980690796377876,0.4158118270920293,0.4957606975513798,0.587467493593434,0.05485453620821775,0.04613608603104057,0.054675968800743865,0.06437706253474339,0.06401363555556557,0.04746642976157966,0.0628571516234405,0.08423609008708449
14843,Michael Lorenzen,SP,0.7762000947348642,0.6766670978153422,0.7729211303488634,0.8881259928521165,0.3547233423671722,0.2936951030656627,0.35244489834877557,0.42420956845314395,0.955971952856002,0.8647829299819214,0.9553549688237166,1.0523237836307893,0.46668709571176664,0.3905979174357333,0.4645823832005467,0.55058890972229,0.05863521317186644,0.047917506053184386,0.058280939452176855,0.07065942671135668,0.06772526032593189,0.049720120561733194,0.0666734179089965,0.08909069344078745
14916,Jon Gray,SP,0.8718900820937732,0.7646538465817188,0.8691248963158945,0.988253631000444,0.3287783157215975,0.2709351776669953,0.32727935089424853,0.3910017073237417,0.9828878824953574,0.9007050406545208,0.9816593561579243,1.0699134197371492,0.48866570165076656,0.41619984288246015,0.4862115428520797,0.5666938506114203,0.05621654151393012,0.047067743934512324,0.056062127668426394,0.06588211728539745,0.06785618787450542,0.05154043932141772,0.06700216559119165,0.08726953206702717
14932,Ben Lively,SP,0.7828914587762101,0.6680272142887606,0.7797411824650176,0.9060955566715609,0.3067365808316027,0.2450163147624911,0.3044476675426355,0.376538765649668,0.959676859967784,0.8622542119221435,0.9579425058166062,1.0616236658909075,0.45658706507840147,0.37782138489593525,0.45423825190657835,0.5448252936311416,0.059956079461151494,0.04848687047582398,0.059434462990828885,0.07339302721458085,0.0647926377290377,0.046146152682810825,0.06370362167130682,0.08693522120659468
14975,Chad Kuhl,SP,0.8013979273734518,0.6977333221558533,0.7994436815179975,0.9139005507861727,0.4822632108551917,0.3990009178722815,0.4791562527065303,0.5762114996282787,1.1082226434775435,1.0095183564450776,1.1056541724629825,1.2165802471513276,0.6420730048880451,0.5387449603383098,0.6388767515366884,0.7554960217851824,0.04530005763295065,0.03839859305257747,0.04515698819057244,0.052919698312654535,0.04541598199020153,0.03391431683564607,0.04487190065361972,0.05898818445917023
15038,Germán Márquez,SP,0.6390645985611213,0.5489459388690551,0.6364325305755429,0.7398397577019427,0.41275997359801403,0.3373447651559568,0.4098701185390168,0.49688207798070655,1.332824093389974,1.2198639841897727,1.3311481129620393,1.4521105120635733,0.790121690899445,0.6684112079885884,0.7887000761559468,0.9195074161694434,0.03851934243543597,0.03208109797475812,0.03831934649521912,0.045538357315527106,0.04084435049399735,0.03038618095052852,0.04009569443563492,0.05331295163779438
15047,Austin Voth,SP,0.8661425065199672,0.7347669268273568,0.8614110934816172,1.014256603492162,0.343216610790049,0.26094961733801286,0.3395283266776216,0.438339321996959,1.0216851016334592,0.9100946864224145,1.0186040812443142,1.1422671510378148,0.5306910158668267,0.4313512065905858,0.5268836706185938,0.642734431920965,0.05182164468306277,0.04338624188865865,0.05161632223570231,0.06097016920239263,0.05749208696802816,0.042030779978773615,0.05651222874843165,0.07687127063419635
15423,Andrew Heaney,SP,0.9121691208613983,0.806066287848666,0.9100248415436022,1.027718132180411,0.3441618217473399,0.28549756998691406,0.34224190829126844,0.4086366198266587,1.061550132656465,0.9738796142780634,1.0596762700671947,1.1544842957156438,0.5868066864161209,0.5013908755862567,0.584925540674615,0.6798521613622573,0.04752302131121944,0.038659846481071375,0.047222432085249136,0.057367553662123476,0.04693038001224823,0.034559967895163385,0.04623207187366115,0.061939960592191846
15440,Matthew Boyd,SP,0.9022304965194377,0.7894840510986346,0.9004997125771188,1.0244881811380466,0.2643664972393828,0.21301880869000275,0.26298247955538845,0.31970464319014086,0.9076763697608173,0.8272202194706835,0.9067399367533312,0.9913228558386953,0.4166621687528789,0.34937841483752763,0.41494201375943573,0.48695258172967093,0.06503746346677002,0.0532750509718533,0.06437330707720645,0.0788701283314518,0.08181803585611029,0.05976596292320341,0.08036732296830781,0.10773946106862915
15454,Nick Pivetta,SP,1.0558483029353665,0.9361382779826988,1.0525605821982245,1.189094285697231,0.2987287177666088,0.24969109292106928,0.29731749889848186,0.35164427273150706,0.8320332794830249,0.7626567572828198,0.8310508528436287,0.9040581962384475,0.3856266784854729,0.3291233681221001,0.38392268582060574,0.44767973655361265,0.06680688367608549,0.05611217884326645,0.06638237254119445,0.07849394770122485,0.08691637622247421,0.06608297854284216,0.08594313665422654,0.11215147545913029
15467,Marco Gonzales,SP,0.5833425692565396,0.4948395719021604,0.5806074782073685,0.6809424644908793,0.31182409691056306,0.24765207155605068,0.3093493788443722,0.38408066024226845,1.1705680065901123,1.0567371790857996,1.1687179753471486,1.2914656452649595,0.5716465791552617,0.4750256830451267,0.5679589145814818,0.6826065220182891,0.05055098522635646,0.04073846631968639,0.050254926132732594,0.06109608214905143,0.061784479998387286,0.04450569859670151,0.060587588808924966,0.08277422660658715
15474,Lucas Giolito,SP,0.9876058273213512,0.8705517913583958,0.98555009281871,1.111628250072215,0.3554899250573695,0.29640041032404313,0.3535752571184494,0.4220888656879276,0.9289717159210118,0.8513525084534138,0.9284167630445161,1.00941502724607,0.45717110559545243,0.38917184511196024,0.4557054813356668,0.5284135946021981,0.05947552420698686,0.05101689032947161,0.05925743486628443,0.06904562144341575,0.07350895181509046,0.05633593450486761,0.07256679399655377,0.09382285545662544
15488,Antonio Senzatela,SP,0.5467168779789475,0.46393434608345363,0.5442040506028407,0.6398222423365617,0.3243581592414274,0.2605018649366949,0.3222434122514162,0.3964981294159739,1.4286319094549322,1.2980960891993667,1.4272447450364534,1.562919574172845,0.7896094481928699,0.6646734843761906,0.7859064596894467,0.9264725138859907,0.03894890214786729,0.03232767280809278,0.038748015405182246,0.046177606568284915,0.041598450584994486,0.03052526765877737,0.040950109296326,0.054595657844141415
15689,Luis Castillo,SP,0.951727530681474,0.8506938389231371,0.9490058696315179,1.062580167725272,0.2783689089624865,0.23366045285620646,0.2773173755529602,0.3284035803971424,0.8904431805058816,0.8214721754481903,0.8902561007358037,0.9615677524073036,0.3978397384168525,0.34315821332168184,0.3959718453097746,0.4573609277069669,0.06671911475813982,0.05695688956395178,0.06643851745818233,0.07783961341004278,0.09393211505706951,0.07360804350988606,0.09263917801840495,0.11874430701127868
15734,Brad Keller,SP,0.7352689977056036,0.6393172975521323,0.7322905542960862,0.8399499629320415,0.5234583832268584,0.43398376363041713,0.5195101421965971,0.6219343027755491,1.119397099217231,1.0175286721439312,1.117840124515698,1.227430652072698,0.6388801711235652,0.5369161851302988,0.6353619891321136,0.753921002687621,0.04529733829052155,0.038639580126909,0.04511650407810032,0.052638839133812884,0.04618364190392927,0.03503206306864118,0.04568932514097374,0.05917607838231341
15823,Zack Littell,SP,0.7984354220081551,0.69947967630257335,0.7946351084730101,0.902821783347453,0.18535426728251125,0.14907501037227655,0.18381525038067043,0.22592512225204103,0.9912095264444134,0.9023452909761932,0.9896926950456353,1.0842572334248006,0.4229419266583432,0.35521628683894,0.421193704836148,0.4988677656785768,0.06126747415204364,0.052139780169949766,0.06091904512717922,0.07128591939474677,0.08451296940303166,0.06383912828394381,0.08315773677360597,0.1095549318109571
15873,Sean Manaea,SP,1.0856938026047973,0.9481355494434203,1.0824931567530376,1.2335550488791236,0.3349229925804473,0.26903450485876224,0.33325530150917926,0.4085605285451287,0.9683299951588935,0.877459686954152,0.9671131760224678,1.0638523816890804,0.5080479222833001,0.4263907854781758,0.505847318679389,0.5978455740884524,0.05402893983433996,0.042734760222262566,0.05365130887591471,0.06624849997950924,0.05697597463989463,0.04090672330698046,0.055921470211109325,0.07635788089885476
15890,Luis Severino,SP,0.7913633310976272,0.6988737588511066,0.7893666765984265,0.890878333105676,0.3480529484903572,0.28977010266016834,0.34594184764168767,0.4110029601951781,1.0633300601006102,0.9786070318967649,1.0626450720992937,1.1499682713210133,0.5552962718942636,0.4774498756532572,0.5536972202304321,0.6396180764783509,0.049973137777504915,0.042163371201152565,0.04981815419014662,0.05840536691470819,0.05733688978644949,0.04381452027788195,0.0565751149573436,0.07356551319981641
16137,Carlos Rodón,SP,1.1440943989887464,1.0204467981092946,1.1417539901017202,1.2748669142532396,0.33610407133377485,0.2849199318144343,0.3342546953156038,0.39402871909467085,0.8029700490004987,0.7371608879465449,0.8022344781102524,0.8720607490645448,0.3760913949050233,0.320690476304565,0.3745634258520091,0.4377375842856695,0.07287375729951813,0.061829379387451484,0.07228829511790417,0.08621851844690197,0.08545057280845854,0.06551167989713519,0.08438946100649578,0.10922295775763888
16149,Aaron Nola,SP,0.9664820611526953,0.8596817349217563,0.9651113553957018,1.0840806629461515,0.25653900184719586,0.2109766789391019,0.2551710637710185,0.30598010489546557,1.0554840058243538,0.9720299444354384,1.0543682881336562,1.1441761561031862,0.5457636118529252,0.4677779364508101,0.5437149832261736,0.6297499034846433,0.05388649505963871,0.04482184434266684,0.05362756171943707,0.06333737427640444,0.06278299249075048,0.04759015085087606,0.06205670764161447,0.08037698342050846
16162,Brandon Woodruff,SP,1.206963958494505,1.0350787927438978,1.2010124395796884,1.3948686654183275,0.2367208302672885,0.1822444067774692,0.23379812120638055,0.2986193485638523,0.7361815970714257,0.6517470415067432,0.7347999583091964,0.8255121476690388,0.30172845528071046,0.2413708613040821,0.2997572986938629,0.370705165911189,0.0815579330332367,0.0659256411189225,0.08090143815245392,0.09939076806221332,0.11278457954879377,0.08028683267776514,0.11070671064106274,0.15226616370390633
16207,Spencer Turnbull,SP,0.806860002419441,0.6675409203196466,0.8037579209318433,0.9589039413803435,0.3976118887464406,0.3037944214403455,0.3923252246339017,0.5088048524024383,1.0530953324520353,0.9164447972423281,1.0513865868782415,1.1987231780742267,0.5654556655346099,0.43935807370320573,0.5589190571996723,0.7144519396685155,0.05026996217273567,0.040341545666775495,0.049822767552914315,0.06169498328667923,0.05392679092536991,0.03671363874105348,0.05274976881196628,0.07541145725477269
16256,Kyle Freeland,SP,0.6555704292931478,0.5760789677522162,0.6527824220447509,0.7457093645854411,0.2694697616490433,0.22384931814848702,0.2681237516581626,0.31940232076103814,1.252184189149617,1.1556811097840851,1.2503210701101857,1.3563139709011724,0.6314639400605954,0.5419616130952514,0.6297443037898637,0.7262590314542541,0.04755099526567806,0.039129754515986,0.047406655353210245,0.056384006846371085,0.061722346669467416,0.04607831639184096,0.060852039365530346,0.07981376433610424
16269,John Means,SP,0.8634758392110629,0.7534779998062889,0.8606104590940586,0.9843387793331111,0.22068642223576238,0.17775540007415774,0.2192966441463381,0.2689081050925345,0.9252330446690713,0.8372830606098854,0.9242928757208,1.0171547168831825,0.40164460112286854,0.33700402634073595,0.39869138239274304,0.4761672083561841,0.06356698668584321,0.0542618214797004,0.06330284488136947,0.07344026060119405,0.08343001009919712,0.06267140514131123,0.08252771031882972,0.10736331360935318
16350,Ryan Borucki,SP,0.7907069598758761,0.6723870265915074,0.7877905368887406,0.9181791904105315,0.3151099168419145,0.24574418660690647,0.3125508655728647,0.39413417683732394,0.9781810089695164,0.8854155240153185,0.9766252333093599,1.0806508663233039,0.46722889699301823,0.3906914431006403,0.4651084056659749,0.5514904749120095,0.05574469420398923,0.04735926825038796,0.055527946502583844,0.06480532782466705,0.06823041560874793,0.051098221017956955,0.0672635563439507,0.08895019932991197
16358,Tyler Mahle,SP,0.9741409928654501,0.834336818544956,0.9719921537758753,1.1240557402316738,0.2903741595715811,0.23126784562719477,0.28755082046004443,0.35840423161200896,0.823386338753946,0.7412086517032521,0.8218579488462672,0.9123735291343963,0.35837089500024055,0.29713911684500277,0.356248866231012,0.42872907746505606,0.0703566151360332,0.0592099966371356,0.06998939315339277,0.08294598187746657,0.0949089896340869,0.06987059452810902,0.09357876661080293,0.1242630738201569
16400,Reynaldo López,SP,1.0959347647120863,0.9461105534524932,1.092521847117888,1.2646610924497546,0.2868721999503935,0.22691927517068824,0.2845013243795261,0.3555840211701663,0.7886904406580836,0.7085983273996808,0.7870323077444472,0.8735274443558193,0.33357161785857736,0.2755711795672099,0.3312260136507941,0.39893793114338466,0.07481008237585672,0.06267485599108213,0.07440585470338555,0.0882500072807046,0.1031445596406076,0.07612866689617583,0.10127432298863534,0.13646127700181254
16401,Yonny Chirinos,SP,0.7244883930429029,0.581325194026243,0.7186011547386633,0.8902072959883187,0.37177103415210017,0.2683398410820512,0.3649959296060393,0.49461318069945964,1.243418863413459,1.0643067053352229,1.2400924046329682,1.442893191933435,0.7178102693326044,0.5428003005810924,0.7101306194688088,0.9238421487028003,0.041559173655957404,0.032273016841011706,0.04110854878196066,0.05191942596274731,0.04115736237716326,0.0271356327864214,0.039905542465863295,0.05947262843662798
16502,Ryan Yarbrough,SP,0.7218741599867119,0.6261386370544805,0.7193265682673295,0.8267830662967851,0.2186018463351613,0.17469416745231264,0.2172290112583266,0.26863373271752256,1.110328553205595,1.0054117227656763,1.1080768589784027,1.2233292474838402,0.5317790117816745,0.44346459960865775,0.527882042716358,0.6326824275802932,0.051534062087763434,0.04328458248092165,0.05130678013153131,0.06047252815573045,0.059831394764764324,0.04426828322718274,0.05899159538052831,0.07796633973542677
16511,Jordan Montgomery,SP,0.7789307497284572,0.6830690529371979,0.7760224964819908,0.8842181657350904,0.29092336527575735,0.2416246393275024,0.2896049675240958,0.34605375450694587,1.0685450485260808,0.9764725929228599,1.0680061151229878,1.1671304827580702,0.5270894177201799,0.44544161931822196,0.5248888041102795,0.6159774021948387,0.0531982456573441,0.044734558807572294,0.0529850283862712,0.062164155044136964,0.0643002561701782,0.04820566180802897,0.06332277004067391,0.08301381193712486
16561,Austin Gomber,SP,0.6084188624265787,0.5212428196835769,0.6060111175698478,0.7028751128238344,0.30545072805997375,0.2477518393370582,0.3037000321929604,0.36975795418971713,1.303776308200487,1.1793205417999117,1.300611645245668,1.4330943134680258,0.7135838247095866,0.5937063283619194,0.7098035690460671,0.8460875918747551,0.042307040830675595,0.034729076590812286,0.042004437041721014,0.050645479653772134,0.04759744093786729,0.034744785188176135,0.04683038203480295,0.06324356924350104
16918,Luke Weaver,SP,0.8189969949370768,0.7059423578452099,0.8166061937243942,0.9417427648295076,0.3424039676034626,0.2768447584623663,0.33957872900324737,0.41583471431228813,1.1624808145636656,1.057111642367081,1.1608578065627317,1.2753689104274475,0.6565777981491003,0.5472090602680908,0.6543531097039346,0.7746076232257735,0.043992823668269926,0.03703623345774521,0.043909045830217236,0.05130665159739761,0.045269328718704524,0.03355528839288965,0.04467837678259528,0.05875465266628809
16929,Touki Toussaint,SP,0.9728076262228972,0.8356032205196541,0.9693127110870667,1.1221393206865777,0.5170573315559581,0.42167116985477815,0.515048520257974,0.6230388593776268,0.9348015458094876,0.8438845280726185,0.9328657469398451,1.0331008578566383,0.5236709636172069,0.4348850784916345,0.5215104199376128,0.6222313164557258,0.05195115673395998,0.04410278490130175,0.05177861761989838,0.06035745548862407,0.05182804503530889,0.03905138170985819,0.05114517208755768,0.06720165781169389
16943,Sean Newcomb,SP,0.9931474582902601,0.8638818726746471,0.988729633030296,1.1327846558012513,0.43039514402203233,0.3534033252132808,0.4274925912890035,0.5161379267117367,0.8715430902243145,0.7964928380405796,0.8704203203257311,0.9514704640627256,0.4381235867078604,0.3711648188265937,0.4358354163738142,0.5104806419966921,0.05947989749288236,0.05143050669896693,0.05924195407497536,0.0684379867690203,0.06802334397343454,0.052403933813184665,0.06717338814302154,0.0864054251107887
16944,Grant Holmes,SP,1.0418124953684966,0.8928600033845928,1.0373715832906347,1.2019200678367916,0.40856565812729523,0.3214077614066407,0.40579979864285054,0.5068382970603994,0.8883964929036583,0.7953470169684712,0.8873059990844723,0.9877101657776023,0.45270966260060536,0.3700684862869808,0.4501472298414146,0.5427525676613422,0.05867869409061976,0.049161456165250764,0.058363620608535643,0.06902405987521362,0.06756124727583339,0.049730637956273305,0.0664233512312252,0.08893853918491748
16977,Trevor Williams,SP,0.7675966482164795,0.6587444487552048,0.7653753766053504,0.8850547112259831,0.3473338426620759,0.2803826026087053,0.34521260944345755,0.42165144317420744,1.207607829724154,1.0995136067146156,1.2055979532907957,1.3225360784559754,0.6715368636543982,0.5664146950586025,0.6694247427240636,0.7887681377776619,0.04436389786309088,0.03562822828570221,0.04405245959317651,0.054269441123646726,0.03958927484821024,0.027621314369031758,0.03896554667771328,0.05362291767711806
17034,Sean Reid-Foley,SP,1.0181133107283393,0.8566830946600842,1.012867883102429,1.1961706386612545,0.5076154840834755,0.40100217852483927,0.5046792338305028,0.6279657509191825,0.9312256473050776,0.8340989977975274,0.929035957134742,1.0360053598927585,0.5227602170012874,0.43267010439656184,0.519761461944175,0.6255213314073841,0.05040199674214415,0.041664402888949244,0.050169514061794956,0.05994655239873313,0.04795439849169528,0.03439726683149934,0.047094984649139755,0.06439175018064865
17085,Pablo López,SP,1.0950455896988047,0.9686040770912171,1.0906359838472393,1.2348467468697473,0.24898089747011448,0.2064874351813814,0.24729032084893324,0.29612811018443075,0.8771074779256082,0.8052789698984061,0.8763942209305703,0.9497711689679974,0.39414506320481385,0.3353499501928085,0.39320185620052006,0.4557978406760827,0.06595995062176675,0.05734016896714526,0.06574111359174752,0.07537543646557915,0.0879528179022287,0.06795483607767529,0.08697335967809208,0.11134920176034732
17149,Domingo Germán,SP,0.9349942568259374,0.8135818546992682,0.9325390227828335,1.067575244411833,0.29620724149512534,0.2382815695961126,0.2944586307348303,0.3608577057219473,0.929770726161594,0.8423688718404421,0.9296366404010346,1.0193137006409394,0.4527753660790862,0.3791276771498009,0.45100361186158083,0.5327825016635604,0.05848805548010651,0.04947284841485904,0.05831749645837396,0.06830796140296486,0.06968156881486753,0.05197871698887568,0.06875929605393893,0.09042577042606863
17277,Ranger Suárez,SP,0.9704968179665427,0.8496351141518592,0.9669998044397545,1.1005219388858771,0.2585598643064915,0.21260760507160062,0.25741940588690193,0.3087760496337289,0.8697078133140165,0.792284762612389,0.8686529146861441,0.9531571201798215,0.3731598350848349,0.3116320029634835,0.3717687628392917,0.44053541641577104,0.0699873729419401,0.059942233213298786,0.06959999130481312,0.08129068159580924,0.09738193106738906,0.07413598233651121,0.09594526330074388,0.1257079249100897
17282,Michael Kopech,SP,0.9672759370924048,0.8487369770315317,0.9657031161518745,1.096678793074488,0.5609516571008122,0.4691553409403466,0.5581252336535445,0.664266681985023,0.9151451238392863,0.8337532533013036,0.9144842414882467,1.0002419528927016,0.5120603605181352,0.4294231340983886,0.5099804639722099,0.5991951475091479,0.052528956761557416,0.04486502317342594,0.05225775944169222,0.06099115123156747,0.05240052239346822,0.039797905432962064,0.05161066559233364,0.0673606672664023
17295,Framber Valdez,SP,0.9468427573497595,0.8403639486108674,0.9443356301442553,1.0614677936313197,0.31173568764845155,0.2625784722548477,0.31049602600266996,0.3654714976286424,0.8578054989498869,0.7868465568016504,0.8569204935771129,0.9308825023522211,0.37769513295897744,0.32264118372758616,0.37557936361814437,0.4373339153729312,0.07093597742211079,0.06058214177466378,0.07065138901302637,0.08246777219832953,0.09611018088595441,0.07461038951312811,0.0948724862891637,0.12190508364257188
17312,Justin Steele,SP,1.0212750682636378,0.8944351040190474,1.0182175669034177,1.1572295556779575,0.25896333035959673,0.21341785125800922,0.2575352210369986,0.3098324310003169,0.8438536903992006,0.7654082064660114,0.8431127784130282,0.9255770027727387,0.3636033304568058,0.30440948570593623,0.3616922938189077,0.4301236702966704,0.06942192139053209,0.05971998119996538,0.06909269095857318,0.0799337005988501,0.0961444323270907,0.07358813722827749,0.09466205377525692,0.12350040355644112
17425,Erick Fedde,SP,0.7409963205995345,0.6480556969530771,0.7380092571674663,0.8456654920766807,0.3885090242094867,0.3251234363572252,0.38597468663579465,0.4594660883954113,1.032236828650797,0.9449123298300279,1.031515068175405,1.1221053041651718,0.5333656959818289,0.45383861799184855,0.5313853834945661,0.6183538908392028,0.051197557444989744,0.042589668096446175,0.05097465441148115,0.06050307276025146,0.055308672463206345,0.04123968995275961,0.05460969427552038,0.07147249466473103
17432,Jeff Hoffman,SP,0.8711231783764117,0.7332894910333443,0.8671154142243183,1.021291363215026,0.4426475827926103,0.34051629938564343,0.4385378402269785,0.5589570497244337,1.05894557506541,0.9502494157129546,1.0565997849809825,1.1755028642954872,0.606506159666928,0.5017055293531303,0.6033985044291854,0.7255743173887068,0.04607565547606838,0.03884597419966355,0.04595527978622008,0.053724542532154314,0.04531832158776188,0.03340324328627203,0.04458136806281225,0.05928828418184792
17479,Jack Flaherty,SP,1.0412015083813788,0.9274042690979751,1.0373102550617759,1.1674886662339212,0.3641776554527289,0.30898745513012643,0.36240083206756146,0.4251600894330477,0.9668783305544877,0.8933620586535124,0.9660580500028189,1.0431391606725706,0.5097830059733293,0.43929781922473726,0.5082251724702433,0.5845451207987191,0.054550124660042984,0.04751192805576996,0.05436947583118964,0.06224521680659494,0.06077657851196885,0.04770192501382211,0.060117449293564745,0.0764579963813611
17578,JT Brubaker,SP,0.9379470746140953,0.8206234054508147,0.9346762957880288,1.0659044934042976,0.3551836624694099,0.29212719454967767,0.3526532550474686,0.42797729540123575,1.0368377553584331,0.9419006675293238,1.035828999694397,1.1359134836046718,0.5633761929039893,0.47395505996853576,0.560694026542372,0.659454663395459,0.04897442093275735,0.041852242734217206,0.04883897299586587,0.056746276884774405,0.05346871362597891,0.040255886082605497,0.052866079022429104,0.06892830810637322
17594,Mitch Keller,SP,0.9116342457519376,0.8056532708900833,0.9086036378849671,1.0269275673758698,0.26061013577923753,0.21909512876306544,0.25957969439753675,0.30727257744461767,0.9261601698100073,0.8526512295644915,0.9251098106780811,1.0017204614150363,0.41398262920088474,0.3558627591177147,0.4124531490428496,0.47690307911549823,0.0638336130690329,0.055648445124737655,0.06357849397530635,0.07298278500232036,0.09121856122455947,0.07030237857619832,0.09005040554682756,0.11590685301635896
17606,Cristian Javier,SP,0.9427931518829626,0.8110814270730135,0.939071872600205,1.08685239199341,0.41281059492620853,0.332395297360152,0.40960287157549313,0.5072297041337415,0.946163552047977,0.844879845010686,0.9446018703347735,1.0532578081263315,0.4997555838038062,0.406207839154354,0.49664639994839765,0.6043406317022587,0.05446180836685464,0.046023995127762514,0.05417148807662383,0.0636017128266987,0.05833436083112477,0.04287611060003637,0.057450154767597766,0.07675919659902344
17611,Taylor Clarke,SP,0.8252090651265248,0.7022290077147737,0.8214305113190082,0.9635424862407549,0.34952667602180976,0.2720619544749526,0.3472498664872755,0.4357573015270932,1.0261546649924902,0.9220670602673956,1.0254660088114922,1.1349261791400762,0.5304249380437372,0.44266737550314583,0.5281906736690942,0.6286222974182873,0.051199332713865855,0.0437196972488165,0.05107807358868357,0.05925408597764306,0.055955312409717614,0.041428921333828056,0.05523876490172459,0.0729081116178318
17677,Jeffrey Springs,SP,0.8634069470080667,0.7470403509865531,0.8609029310509629,0.990091933528001,0.30486348030179666,0.2467185578767257,0.30299677454466195,0.36942119536890333,0.9514238186227393,0.8598368461092585,0.9501568908166408,1.0485423108781236,0.4555265330867516,0.3786104799552449,0.4528295277109932,0.5409778586683991,0.05919934932313324,0.04864327374231585,0.05888622113512372,0.0708228997174616,0.06873217543474715,0.050060659431755285,0.06744370419809378,0.09132710232681748
17732,Nabil Crismatt,SP,0.8028043902012348,0.6415284312841638,0.7981226916388965,0.9792973209422383,0.2926217477302881,0.20526885655138655,0.2885841654049715,0.3985362777547868,1.037155663739772,0.8839903606273772,1.033840748483069,1.2005245254270471,0.5065554852922743,0.3802717111608031,0.5014898686496774,0.6505878940575438,0.05533582967116011,0.04351904347019011,0.05473903477952605,0.06928534963269649,0.06568270369946777,0.043486866006768835,0.06410227791232825,0.09480219790182669
17735,Tyler Alexander,SP,0.7146719837514993,0.6097041215661643,0.7115135487976039,0.8276556618212673,0.2601890200393925,0.20389581244156343,0.25750649877196663,0.32713313722634785,1.1353667411383777,1.0201462034609814,1.1325573119757673,1.2583232177192745,0.5639910068162699,0.46727430111955215,0.5607127024864518,0.6715711528878778,0.04879437874679426,0.04121368577219151,0.04861178342203338,0.056763144494721855,0.05643207374091067,0.041904289476579086,0.05545454700707418,0.07361069500181795
17874,Nestor Cortes,SP,0.8663874536416609,0.7430883475217479,0.8634583473708741,1.0022142487595596,0.32130968661741643,0.2556347770434483,0.31866252313314625,0.39583291767603623,1.020707933038411,0.9172250177076016,1.0192218165899543,1.134841264364164,0.525854201967577,0.4289895283365653,0.5227376572735144,0.6340041211029231,0.052413075097486835,0.043475724252184676,0.05214968301478311,0.06224093087536348,0.05772231494175508,0.041589809449148314,0.0567149072914005,0.07709696883311039
17948,Trent Thornton,SP,0.9221625809633409,0.8026549738526635,0.919422900960968,1.0517339336468652,0.3715847573183703,0.3025670208015279,0.3692347549105114,0.4495655138292188,0.9677643147824877,0.8828489227435905,0.966680689101554,1.056702689773758,0.5020043108277552,0.42710667775899236,0.4996873079886067,0.5847658759807127,0.05271931984428929,0.045576049256011296,0.05249478661823606,0.0604321045913043,0.05808115967810665,0.044354627288591304,0.057309821855070595,0.07425048058671531
17964,Tyler Gilbert,SP,0.7563893817121764,0.6309355787050194,0.7518827510472714,0.8999601398567753,0.32632195265469405,0.2452149074067842,0.32242006737243123,0.42447714746585097,1.0420852523668949,0.920528857005883,1.0391122327492086,1.1710155284417758,0.5210029078672036,0.4154778600548083,0.5179926812197202,0.6383009248554209,0.05237952836856303,0.043219101888721106,0.05216647311907757,0.06250210942550868,0.05891808301521254,0.041932589705506375,0.05781475447678139,0.07961711784984363
17968,Brock Burke,SP,0.7099955091184619,0.5560057426600686,0.7023281976072998,0.8874980600800462,0.4014959895854975,0.28589853271943255,0.3948396429674615,0.5383137988100197,1.136552153634307,0.9814817575637562,1.1322930541408072,1.3093572019486732,0.6409989733075665,0.4973795303350213,0.6359264402911023,0.8001260451666582,0.043220576351975355,0.03410068879228762,0.04292644652620353,0.0534015371235504,0.044150220635076676,0.02976075186586393,0.04295423235265387,0.062057485393381795
17969,Peter Lambert,SP,0.6790708663960681,0.5691788956632489,0.6759740148029658,0.8022283141772363,0.3947922177929176,0.3099427801635829,0.3927058056139859,0.4884894862266937,1.2113305875381561,1.0953831089993755,1.2090016238308825,1.3304908243788498,0.7035671067347016,0.5922605077397938,0.6998636843564462,0.8247669637428572,0.040121159355679024,0.03303150931274089,0.03986741013778432,0.04786599510536238,0.038061499482373064,0.02762328410254553,0.03741071395466805,0.05059919689454938
17995,Logan Webb,SP,0.9553600706983423,0.8511413940500776,0.9523119105891388,1.068316927336462,0.20235850380601159,0.16956845224766917,0.2016729596389888,0.23890079286826324,0.8943327779152361,0.8248921832044194,0.893204325363865,0.9648459316923167,0.36463720851945597,0.31380786208830475,0.3635954687877664,0.41822140604516644,0.07024400564700843,0.06180214019260001,0.06994077993907942,0.07969473223080496,0.10623594441909849,0.08437318511692239,0.10494988757370646,0.13261223203101466
18000,Triston McKenzie,SP,0.9677798294126956,0.8418405021378141,0.9657423213275715,1.1049211309681841,0.40886576115744905,0.3355380148218713,0.4064545534384657,0.492230092778872,0.9161951476509094,0.8310202286875549,0.9143348093555905,1.0072231539533874,0.4810338186462059,0.4029603982771627,0.478425871112209,0.5695455651690463,0.05477084884025447,0.047122647699725406,0.05469426079114194,0.06291209316473712,0.06051029400158564,0.04627305362345184,0.059791210932781044,0.07705648548556332
18311,Carson Fulmer,SP,0.8426717179314521,0.6813630983910948,0.8369441048538526,1.027049198802588,0.5463085051548853,0.40582279115892655,0.5403864159819822,0.7044070306359135,1.1072501473679606,0.9670551846695815,1.1045460440810506,1.2543975600233275,0.6814852560831747,0.5438646887249039,0.6767238779743048,0.8332307756109426,0.0419819214562912,0.03415460920230241,0.041744605696692486,0.05052421262752174,0.03840257809123802,0.0270549440085498,0.037570524998433524,0.052355519988226955
18383,Michael Soroka,SP,0.9385779863790481,0.8046908398959514,0.9343681236446599,1.0849822148529162,0.32435953849580884,0.2562973472374883,0.32075000029956247,0.40320733554838173,0.9665418504587946,0.8700968815177064,0.9655057790318684,1.0663914390793945,0.48475187607115866,0.4017193319566354,0.48277673114414404,0.577337532087637,0.05509035129958696,0.04712453828160197,0.054852450166731175,0.06401669373509108,0.06356149342566744,0.047432814097164384,0.06265767161374095,0.08361182144400536
18498,Kenta Maeda,SP,0.8932615797941247,0.7778805447104208,0.8903776504139131,1.018762424363528,0.32138169695479235,0.25900189952319,0.31855744374982825,0.38985016645744963,1.0677800489777038,0.9668782998315911,1.0666116412593025,1.1720469014932,0.6132430288907471,0.5155528882986637,0.6096256122758421,0.7250272421633241,0.04807281098422199,0.037124531157324094,0.04775951407600155,0.06049660057331949,0.04170347872595107,0.028288997904334034,0.0410255605025817,0.057240822657857314
18525,Dylan Cease,SP,1.2359237865798616,1.1056121951679494,1.234009400478522,1.3750594577504633,0.38427053626028096,0.32605538526638944,0.38274534864203547,0.4479167015324329,0.8269141352196906,0.7633877221691984,0.8267992321494879,0.8920794040019886,0.41549803927913126,0.35687430499723405,0.41422701817099783,0.4790320116606579,0.06310560405770407,0.05494455353175755,0.06287793830545636,0.07223719061887761,0.07330453284338348,0.05757194093931417,0.07240134789542027,0.09189393592685975
18555,Logan Allen,SP,0.7625021383245864,0.6342249560248362,0.7590052344322531,0.9047230386285352,0.3570965660908615,0.2683374876256327,0.3531441403972883,0.45757465735542235,1.1138839304217971,0.9927638814615541,1.109991842620968,1.2433491956129306,0.6055436617891145,0.4953470339114372,0.6015926645401459,0.7330377854526484,0.045785758198820255,0.038100003232708464,0.045616577890586985,0.054276794265154624,0.047733106671009495,0.03445068193936433,0.046921893697689454,0.06362038703348855
18674,Jake Woodford,SP,0.7003543616705666,0.5859033587827531,0.6965573312232697,0.8272852861075624,0.3625497787132216,0.2784041787779192,0.3594687220448303,0.4580803526204788,1.207471043546376,1.0769994915665397,1.2037381167561723,1.348838209668023,0.6764992148453333,0.5539364477982491,0.6725781097236794,0.8122128648338128,0.04277181254590193,0.03570108380377529,0.04260335995532166,0.050125171625082794,0.043645531924394416,0.031774521869839395,0.042960294763443985,0.05772329353159001
18679,Freddy Peralta,SP,1.140528401644138,1.0209433633647083,1.1368896796657544,1.2748002743135318,0.3504126081117832,0.29667256115250124,0.34977318750230335,0.407260604197336,0.7950110882259602,0.7326353664868916,0.7939396366992297,0.8608879455468987,0.3742511021037984,0.32114435007178593,0.37318135324795243,0.4319123048579571,0.06859005055525902,0.05980990235325646,0.0683018222173738,0.07842090152049294,0.08161426550389841,0.06364990428021342,0.08056729238549422,0.10344032935169149
18684,Sandy Alcantara,SP,0.8411585266208582,0.7393673125031666,0.83919319604423,0.94795626651609,0.275656755203693,0.2276286477112922,0.274335828506613,0.3278852979291994,0.996973952323785,0.9145705448849961,0.9966658851475261,1.0833124548272894,0.4734542584282279,0.4051529851098794,0.4717810591173173,0.548565858024031,0.05754200699724783,0.049808462501139364,0.057343502786187335,0.06612636293700024,0.07130283354235828,0.05530083173430308,0.07040342350367898,0.09035249706561956
18694,Kolby Allard,SP,0.8298602954811628,0.7258621464412703,0.8270156597156975,0.9425537253160015,0.33165421121651345,0.2712581235218765,0.33083184745853333,0.3985640289605254,1.036044785490989,0.9498426400188459,1.0355579933936943,1.125416484314237,0.5475567043742863,0.46839099293134345,0.5453935673526236,0.6339938770371134,0.04838139049407628,0.04122621497258425,0.048264307286624494,0.056079609379482635,0.05178545334896054,0.03937461522594799,0.05105017449481808,0.06690968272133434
18769,Cody Poteet,SP,0.9563663258898856,0.7865275250724926,0.9509301914120276,1.1436540277078933,0.4063806433017801,0.2958182776203866,0.4000216492673983,0.5402455680136264,0.9424953718816462,0.8248812140636335,0.9379508301712851,1.0767549669601655,0.49385456231058095,0.39080337909144347,0.4891229665723521,0.6134151480773583,0.05445564323899381,0.04492986635689765,0.054174358852712365,0.06510576173219515,0.05928598118795457,0.04212265621264404,0.05815950391774086,0.08097082112787769
19206,Dakota Hudson,SP,0.5796128616394471,0.497777920616568,0.5771231206474845,0.6695548895093524,0.5155655760010854,0.4285605002850806,0.5138521487764791,0.6134671732388804,1.2398947085882526,1.1310265137854931,1.2382590837825265,1.3573735252507722,0.71337200758335,0.6003536657616696,0.7095937541253547,0.8370037067217571,0.04209628784193532,0.03504661023062021,0.041858758090636466,0.04990147466207681,0.04037411963049507,0.0300027109559038,0.039694938717736786,0.052762684422354954
19225,Mitch White,SP,0.7828843397537768,0.665296746840687,0.7812033381598937,0.9095253513171708,0.3741398167492345,0.29196898379369957,0.37125872764837986,0.46700682854486025,1.1159589771462328,1.0026210613091688,1.1153609380845393,1.235096998460585,0.6174000123093291,0.5136182806354064,0.6135189213163539,0.7339155383097197,0.045468889034742874,0.03828685229330139,0.045336689236764954,0.05294440865392667,0.04664842805382774,0.03457600101568697,0.04598279069987281,0.06118215982613319
19244,Cole Irvin,SP,0.7084701849504922,0.6113772958282012,0.7057366465258856,0.8144128677772265,0.263615876614863,0.21217893214284955,0.2624185189183953,0.3206988121146147,1.1402202200061855,1.0314840773027218,1.1388041871406334,1.2555197894229881,0.5632641299167334,0.46582953987785497,0.5612450293367802,0.6687460887596319,0.049375518056463945,0.04121228342443752,0.049203342360818136,0.05813302855072656,0.05666638212551372,0.041783858348808864,0.05587439452329006,0.07469480185078452
19291,Zac Gallen,SP,0.9289465222330163,0.8265839428231024,0.9269596489525593,1.0402800622161168,0.3124543567318313,0.2630550040087518,0.31135970132848584,0.3650857438090373,0.9508787129243603,0.8781405234979648,0.9496312200080304,1.0267256900385904,0.46179482364230534,0.39625479488512283,0.46067992142446257,0.5310175150268294,0.05965272643481443,0.052095137553602,0.05944485275289354,0.06789951871593024,0.07281168234079222,0.05688650791240732,0.07202492801405856,0.09095475890582883
19309,Trevor Richards,SP,0.9567715879662259,0.8412764250853988,0.9554625574819503,1.079477793864773,0.38363458605326595,0.31830523396236177,0.38183196451385726,0.454124570708951,0.927092024410036,0.8477983421155574,0.9267180978491243,1.0087523429578584,0.4721087370620531,0.40112122594151506,0.4703507319758358,0.5498425911065308,0.05540880709040758,0.048232862072302256,0.055179494607655755,0.06317183154850554,0.06216702812778907,0.04805944419803514,0.06143583591034941,0.07912221542659868
19312,Cal Quantrill,SP,0.6682042998732799,0.5809482067224838,0.6665451948515897,0.7632616777651096,0.3785331584834129,0.3156995387004854,0.376258659172667,0.448962185975999,1.1777809034898916,1.0812467043135325,1.1774768001779101,1.2783149786851766,0.6342887057349572,0.5402612437171063,0.6317782169893497,0.7352435797207165,0.045591069219889147,0.03851403792873318,0.045422837449305566,0.053213601152891234,0.0482546973693295,0.03651684203607116,0.047611368053355765,0.06185982766026366
19316,Eric Lauer,SP,0.9787348343678104,0.8510775792653223,0.9757359708275669,1.1171957651823947,0.3193526407400127,0.25855550608931094,0.3167373509075518,0.3883728330272299,0.8868580155177818,0.8043943149893497,0.8855137449495399,0.9738758049313494,0.41753604280559065,0.3480000694870779,0.415812679746957,0.49309786060657607,0.06365390169326837,0.05404482412626766,0.06331618717921886,0.07433137536339413,0.07598955146773494,0.05694818659253792,0.07498868772036325,0.09775262450117506
19320,Joey Lucchesi,SP,0.8515481066113496,0.7085030493783765,0.8460374181536249,1.0116272370366115,0.31490978669236686,0.2406771126452621,0.31103390776895457,0.39970068425258587,0.9502380038149503,0.8314926347439189,0.9485532819075151,1.0749217145780605,0.4564112586188141,0.3596918995789815,0.4528701995856022,0.5655587737242054,0.0588542839499701,0.04804209395109018,0.058303056622012156,0.07131492055983163,0.0699516078933133,0.049057532816107474,0.06857979685319443,0.0961733779513076
19350,Dean Kremer,SP,0.90574621795886,0.7956076381101123,0.9041336768972614,1.0264464532693924,0.2829289172550407,0.23521670351551324,0.28156472480295514,0.3347387400330727,0.9111957539285145,0.8319948756969925,0.9099548948695193,0.9940918915711393,0.41563271088954284,0.3516814096430919,0.4134850216236213,0.48685922015111405,0.06351495510061576,0.05472388772491047,0.06322926622436323,0.07333449570782594,0.07917090683683499,0.060781065612971995,0.07801971599108715,0.10107414411750501
19361,Corbin Burnes,SP,0.902738903030876,0.7885131851833341,0.8993983516160904,1.0256282371012853,0.3006820309957857,0.24683885512496959,0.29783999153078533,0.36198884505137835,0.8788277773891048,0.7942881584163778,0.8769797267571278,0.966439842660695,0.3982538207442074,0.3322717524297982,0.3950930873792679,0.4727560175316509,0.06446134939602291,0.05396151625181712,0.06425999237750266,0.07598612537530515,0.08625722574077418,0.06473915974062135,0.08498163538494294,0.11217212727919358
19362,Keegan Akin,SP,0.8529393776170625,0.7312602669849768,0.8500523486489964,0.982950936428523,0.40134149572395,0.321702037794264,0.39772132329349696,0.49165986398590217,1.093071072749728,0.9926058584519979,1.0919144059470902,1.1965044018636954,0.622859849140547,0.5262390202534817,0.6195231749108976,0.7328146082099765,0.04499726913774346,0.03839230320301134,0.04491310226286115,0.051835291788965655,0.04488743293949724,0.033892636612689826,0.04434931418830067,0.057992052818135326
19374,Walker Buehler,SP,0.7395354320016908,0.6422093136137856,0.7368412554079675,0.844127686226738,0.420072986020158,0.34599042334747754,0.4165818190902628,0.5052680991679739,1.1442482874330686,1.0469280591938424,1.1430017900768799,1.2455774237995676,0.6377171701355516,0.5416454685725708,0.6356605132191935,0.7436514542936643,0.04547940331439877,0.03836067487390627,0.04523085028859497,0.05332873758367648,0.046499145350409644,0.034915562276710076,0.04578929926044073,0.06037016802775214
19388,Tony Gonsolin,SP,0.8546497177515644,0.717778275182605,0.8497033011032487,1.007857755273338,0.42777426398918766,0.3346114696930111,0.4238217322843939,0.5336021260572577,0.9634689146168842,0.848793049374049,0.9599983252876372,1.0891603122217308,0.5106249065372649,0.4043416208878966,0.5056792991064548,0.6303930586497688,0.054922707365578485,0.04346371727310764,0.05455621310825952,0.06772222523258585,0.0533496829901235,0.03659489909009189,0.052302575443501274,0.0735254476133074
19407,Ronel Blanco,SP,1.014285721968485,0.8685913692003701,1.011295758738928,1.1690778662335328,0.3792049055198056,0.30323457898349165,0.3754969343152098,0.4665054306487261,0.788348966786591,0.6999681610794496,0.7868660064681101,0.8821430192530824,0.36098578764959144,0.2898988756919778,0.3591206361721029,0.4398997908098036,0.0705104021430182,0.05745205137540251,0.06988871933101963,0.08557996949531635,0.08646389345156823,0.06200652995343846,0.08481881868351843,0.11684166850822164
19409,Dane Dunning,SP,0.8592226464549941,0.7546536880458214,0.8563283276613767,0.9753145473568842,0.36199879957416836,0.29960536609462335,0.3600951541377747,0.42922907091131085,1.0041196502299055,0.9138747986239095,1.002045481165231,1.1015529301479274,0.5170535087834398,0.43134206981928847,0.5143689595740506,0.6111806876056542,0.05300705000189478,0.045116028636100834,0.05282284171490887,0.06147999388391448,0.058076852556131695,0.04337810865085838,0.057265761037451714,0.0752425277463875
19427,Shane Bieber,SP,0.8975096733179229,0.7702710101718154,0.893855402518017,1.0344370620806917,0.2413019133786216,0.1895207565035897,0.23879351206521715,0.3001078716990543,0.9252251247991693,0.8298111915552072,0.9236654898048753,1.0250963835768652,0.40553274047770066,0.3331524661014657,0.4033983592880046,0.486094835542873,0.06399178511228584,0.05358087047814359,0.06364386235594005,0.0753541704589927,0.09099724051865692,0.0670707614061308,0.0892607644743192,0.12035517444826663
19447,Patrick Sandoval,SP,0.926901333994794,0.8162943442387175,0.9237990945082193,1.047771338013456,0.41325874798298146,0.3455233497842331,0.4111122730997569,0.4881928907477492,0.9579537372737401,0.8737126359584553,0.9572854675823422,1.0466320362822077,0.5008838642426662,0.4225007611227196,0.4988797822737523,0.5862279534733769,0.05297472706338119,0.04553467213836073,0.05290030941491497,0.06052738294173908,0.05799532218248496,0.04446155450746161,0.057220259574813886,0.07374783201806916
19479,Aaron Civale,SP,0.8921992499120531,0.780816575614036,0.8886673073596896,1.0128264204346193,0.32789391130776196,0.26883168681886516,0.3260732488291413,0.39425323650137545,1.038122770705449,0.9478194736459505,1.0373764913892738,1.1331528661811308,0.5448125641608171,0.46060250331575137,0.543294961038298,0.6372940828042033,0.050297737353099836,0.04249978704343168,0.050095505934817965,0.058742841372934715,0.052432317822471076,0.0396456542850743,0.05176849481720379,0.06783347467391568
19618,Jordan Hicks,SP,0.8872785804817316,0.7603968087215205,0.8844078006216592,1.0262537502339304,0.38724555444785297,0.30475168489853804,0.3842308563517072,0.479073337483553,0.9804109237171303,0.8808018479748049,0.978861076877616,1.0824202904792364,0.5097481859288711,0.4243253240312404,0.5065566309562433,0.6058515913568915,0.05289409199772573,0.04519950457901136,0.052728747108823235,0.06113705435319953,0.05744378828238889,0.04291380398693019,0.05673412356381824,0.07440113495188452
19666,Jason Alexander,SP,0.7673507869447413,0.6353444927701257,0.762572999855708,0.9141923738630129,0.3447322896410109,0.2639564474150667,0.3402110176117261,0.43801974577099934,1.0819401757629794,0.9539529029706395,1.0781869478804889,1.2196047004571993,0.5627898601587229,0.44895491117426917,0.558082548911435,0.6937599211638636,0.050953165297556564,0.04030589150926868,0.050443096231036086,0.06310991478041082,0.05522046848573538,0.038013008651457965,0.0538866891634303,0.07742315676507085
19680,Sixto Sánchez,SP,0.7419918123291112,0.6178872690834244,0.7383790208888608,0.8791905109204314,0.32975154308473903,0.2506749883118252,0.32618171732338025,0.421766022762381,1.0760286607090443,0.9529419925703013,1.0729978992911824,1.2088121212968315,0.5497474484445288,0.44579577956900224,0.5460126780521348,0.6685069352163201,0.04978614223590662,0.04154721834542709,0.04960140589702236,0.05874770421150036,0.055624424543420245,0.04020723442620933,0.05475097809122692,0.07441218880455279
19716,Dustin May,SP,0.8903421466620828,0.7721095948556636,0.8866842009698921,1.018645864831728,0.38544599468864854,0.31325240836313556,0.38255929087635704,0.4663045199711427,0.970123491863752,0.881941709671331,0.9687606738113477,1.0635393200729435,0.501268754653453,0.42285966026819083,0.49816144537475354,0.5888350487325887,0.05375658652653254,0.04637692658796338,0.05355174228405839,0.06176408254197495,0.05944327076289786,0.045222058860746935,0.05875794804642821,0.07618107631336567
19755,Shohei Ohtani,SP,1.2285882138440334,1.0587535345690695,1.22184358585129,1.4175925275159564,0.31098202292872956,0.24600906953913274,0.30864825728414347,0.3846638481300588,0.769365622875386,0.68940533913855,0.7667238115195418,0.8582266286102811,0.34728021097172246,0.28135628001024887,0.34496147812689265,0.419490281028006,0.07251350306302949,0.060066898580946874,0.07205175171445317,0.08627448175228081,0.09140368702854941,0.06677686267340233,0.08995053903783037,0.1210337093613557
19795,Keegan Thompson,SP,0.9435866001945743,0.8099260064901561,0.940631904766434,1.0873093606683146,0.3655026818514966,0.28702626079960725,0.3614524971717471,0.4561601040452575,0.9277991197344281,0.8367170815063821,0.9250024499476337,1.024686601945035,0.46545298363867044,0.38697745715645054,0.46261877791779904,0.5528518856615385,0.05723591569296374,0.04919741048408556,0.056994313156860495,0.0661669987987125,0.0639036665432647,0.048072698030401206,0.06301842471911884,0.08281313254563395
19853,Michael King,SP,1.0937696173051625,0.9438840464752687,1.0900700812872572,1.2560538321702166,0.3441594254945871,0.2790590354833812,0.34156942459380546,0.41685320843112234,0.8325831715757763,0.7445535320519331,0.8312228076017694,0.9274333144901581,0.3934124999680009,0.31864005917603133,0.3912890684572041,0.47632511484154577,0.06604988556473121,0.054666858150016005,0.0655529124074953,0.0789609541949133,0.07830819646969303,0.056744954672551896,0.07695601652709823,0.10464160234676824
19866,Brandon Bielak,SP,0.8390603288904404,0.713567437679237,0.8362876475380383,0.9750518858325572,0.37980053103214867,0.29838462168973084,0.37705423705452606,0.47035909445128943,0.9954964347816362,0.8923935949607696,0.9944156671042687,1.1026377019948073,0.5091675363568375,0.42144044712033985,0.5070129422888332,0.6073254272608888,0.053530776839404395,0.04558928982616251,0.05328048353517788,0.06250058822227718,0.058682362212013624,0.043485324339081005,0.05779814019688265,0.07732464115401291
19867,Griffin Canning,SP,0.8508037574825145,0.7440963586173068,0.8483067280411529,0.966393587104594,0.37942602449877527,0.3124610309309418,0.3773414296720342,0.4536218653572155,1.0303880440247386,0.943115686535052,1.0298185696738105,1.1188842249181343,0.549011213543842,0.46496521785856215,0.5470288307073778,0.6381781601373965,0.05057192194150136,0.04357533741333405,0.05039113035621847,0.058370438616360744,0.05374386794175433,0.04107810018968998,0.05312125974559358,0.0685398175757495
19874,Alex Faedo,SP,0.8957215948135056,0.7675311793092569,0.8917615595670944,1.0394030538624208,0.35295192310292944,0.2774906168443973,0.3502986964331728,0.43843529813492266,0.9718593127556869,0.872649130603801,0.9707092401304058,1.075475465701637,0.49604489972234206,0.40915672936164665,0.4931008130260477,0.5920031272806984,0.05395162027937985,0.04603766015182747,0.05371646535650709,0.06253968604719885,0.06036520596278907,0.0449458766063979,0.05954853846362487,0.07868023949952768
19879,Tanner Houck,SP,0.8147819521784928,0.7003219025288336,0.8129529680713847,0.9345155143059483,0.32114007917970516,0.26055246484699823,0.3186620676980778,0.38966105768735143,1.0383951147980544,0.936811977358998,1.0365705738713178,1.1480023829914634,0.5273143382138359,0.4363169804049273,0.5246843475041623,0.6284837726992675,0.05221583964390676,0.0440080679689203,0.052021509932767676,0.061001723662139636,0.06162568657834136,0.04601345781141345,0.06066264234955425,0.08067106821554978
19899,Clarke Schmidt,SP,1.0131148567774668,0.873382619072225,1.009403127401899,1.1636467209464734,0.29942992933698553,0.23990014566737927,0.29782896997387615,0.3647202523934007,0.8566572215619886,0.7661656148046725,0.8554221337208665,0.95223993905994,0.39607412267985476,0.3233050852231938,0.3933204426020936,0.4813879121301592,0.06447604146476141,0.0539048272616676,0.06406807180037928,0.07653041909069722,0.07826420061283844,0.05703610439755125,0.0768449739216689,0.10467312190320245
19911,José Suarez,SP,0.901128243200059,0.7863557638234526,0.8974787616375293,1.0263061432105165,0.3441619835176194,0.28348719917372456,0.3425210081425313,0.41134083957065964,0.9865626826257616,0.8950101227780517,0.9850222016099527,1.0836060191386283,0.5134922880125281,0.43290339348555307,0.510703430095686,0.6020282353838151,0.05220652502597976,0.045133830469837904,0.052056493910279056,0.0599519381663593,0.05296456470495162,0.039991213103819756,0.052498347024983155,0.0678240015044623
19959,Jesús Luzardo,SP,1.1331407437624144,1.0071813327452377,1.130364357159241,1.2696882372723495,0.29203694833962773,0.24363867642803674,0.29065839906535385,0.34520969596627393,0.8502334706508918,0.7810790898915739,0.848958101537526,0.9214357507575901,0.39380875603939564,0.33773788672799043,0.3922272540289953,0.45564062141968403,0.06573722307464192,0.05775769424703168,0.06550111349904761,0.07446504288385601,0.0875725258192311,0.06850283630297781,0.08661683019413058,0.10992068958846911
19962,Joey Wentz,SP,0.8688212765436767,0.7510203749711185,0.8664418332373076,0.9982146665905579,0.40775437713276264,0.333067874291548,0.4049660784683392,0.49081114905887885,1.0644886828767406,0.97042901793656,1.0637296995822312,1.163168634431319,0.6025654617853803,0.5114805230996867,0.5986995224069583,0.7073617829690253,0.04575773557597069,0.03916333095915074,0.04566385961893133,0.052624087663820464,0.04493667373752699,0.03393915794988091,0.044422689974270645,0.05796448481494924
19990,Bryse Wilson,SP,0.709344141400225,0.6140658024297263,0.706663876817538,0.8145191985668433,0.3007913923927743,0.24294172368415662,0.29875626763061175,0.3649537580863474,1.1266317664766066,1.0330533240526536,1.1253161308961266,1.2265499731560294,0.5831382141002973,0.4976020396449139,0.5804020946639032,0.6765320250895316,0.046652319059720275,0.04005933841913167,0.046499495820258294,0.05396851864522172,0.05159776680611128,0.03958980779467339,0.051018556719481085,0.06614509427288018
20000,Tyler Wells,SP,0.9366148185257771,0.8119771069376214,0.9327887244808137,1.0726289887964975,0.2821365741602837,0.2259153238521313,0.2799933976575977,0.34461332211223317,0.8771756508430751,0.7911926283802629,0.8763033647230545,0.9659506733208942,0.4000432487077723,0.33133177701795247,0.39809065800560717,0.4754638921453959,0.06403490685628845,0.05474032592534747,0.06364471633662717,0.07469440200466439,0.07864829043515839,0.058980251409791094,0.07745016688151977,0.10238207622158886
20070,Bailey Falter,SP,0.7360814318745743,0.6409326451735471,0.7342378593705412,0.8379690983026008,0.307053925336315,0.25113456193465916,0.30535281829904537,0.36792884936446774,1.0546707332942464,0.9607435284016947,1.052991061199777,1.1557521205698387,0.5190919903819895,0.43397797438170893,0.5162734488799179,0.6126263030283032,0.0524088474243212,0.044932256519715316,0.05217999573119184,0.06059255937651827,0.060012658338465044,0.04550187481843204,0.05908360307878649,0.07807885461815364
20099,Chris Paddack,SP,0.730392566882125,0.6362930222276795,0.7274200820084211,0.832402310953687,0.26546192291379256,0.21512836129938862,0.26328228206369214,0.3221730170676147,1.1979098888159196,1.1001885951104557,1.195634241976865,1.301173456743353,0.6350653179607456,0.5408705784081236,0.6315182430753599,0.7415371849468217,0.044796299229715966,0.038248498372993885,0.044655457053065825,0.05184211953541276,0.04885407448594336,0.0371551885984817,0.04817383976809129,0.0627305179413512
20132,Adam Oller,SP,0.7667109997351583,0.6339092738400258,0.7625603843668254,0.9135279808657955,0.46373536603603366,0.35914832549699527,0.4588607500485335,0.5840715163470019,1.0984175310396798,0.9647034280792395,1.0952607834418526,1.242522127518498,0.6224413658777841,0.4941705384076725,0.6173731595530094,0.7679194315719737,0.046379551691495,0.037602648494616205,0.04612552876765162,0.05595008854383446,0.04626440300157457,0.032508887753372524,0.0452467761638142,0.06343274491968848
20167,Kyle Muller,SP,0.7759047006382201,0.6615683673513182,0.7734387341300137,0.8979076376230548,0.46003883887683855,0.36906748159557146,0.4572981689119821,0.5600218703758899,1.1446303599887973,1.0355232343259317,1.1413784153465114,1.2631739741256882,0.6778590111052893,0.5677233740866419,0.6750210594359647,0.7999451005698336,0.04180701385291733,0.035332565552511144,0.04171684724607781,0.04870129774646914,0.038739313740602126,0.028686269974487366,0.038200259167292805,0.0503863952426835
20203,Eli Morgan,SP,0.8609545779582713,0.7319970307069291,0.8591543164507249,1.0027290809797649,0.29208683017819986,0.2250336089132129,0.28953195112476116,0.37023852535427537,1.020164811055912,0.9188599244180121,1.0186472209610047,1.125811103407941,0.5116623415734971,0.4284588744841692,0.5091942201031971,0.6026523109571498,0.0524648776910437,0.044842517206067425,0.052389312536258115,0.06069632702646941,0.06028785063937987,0.04501600543229495,0.05948559755777659,0.07872461151720724
20253,Griffin Jax,SP,0.7929190970833613,0.6713583568331736,0.7892237377301371,0.9261445920986868,0.36436404844498055,0.2832656868944869,0.36041558770285287,0.45764670354291404,1.0863563751453942,0.9782868229631277,1.0830210000627756,1.204473182554839,0.5888218536000519,0.48878352741441133,0.585667413503181,0.6992723910127121,0.047290997366187915,0.04027775377171743,0.04717137236402781,0.05496561739496653,0.04946178257033387,0.036894436924423644,0.048705565927880494,0.06441092435949802
20302,David Peterson,SP,0.92539915538613,0.815240958520322,0.9237072848559356,1.0438186184332139,0.37116265631008655,0.310653882481533,0.37007097360031316,0.4369052030580153,0.9433373359301273,0.8638950267335935,0.9432607507572375,1.0259398947712264,0.46737299413293404,0.3974455009219513,0.46554629868099673,0.5438486037019381,0.05830466960335905,0.05044846736794623,0.05809516525545022,0.06696794091930287,0.07038516196847305,0.054087530304171176,0.06948360493277782,0.08958985419725686
20369,Matt Manning,SP,0.8156386086861158,0.7002855625365969,0.8128780546184735,0.9417410128169873,0.30414352561717956,0.2449083193273049,0.30175481190548337,0.3728430232944509,0.9609426949809462,0.8633065067503157,0.959353317309894,1.0615671551309902,0.4555137237902226,0.37623603534174566,0.4523017334185311,0.5431543536838249,0.05716889618964632,0.048737005647370955,0.057045282437187254,0.06627230754695913,0.0682025582991838,0.051349272545497204,0.0672973040854164,0.08859445727769226
20418,Josh Fleming,SP,0.9004345640254346,0.7334603058026673,0.8952763482071524,1.0866261968377826,0.27448816624341515,0.1970119724885544,0.2697253756650142,0.37047232856849394,0.9001532227981311,0.7823889647518791,0.8979994153208298,1.0303415739060577,0.4087466040430265,0.31953687021253846,0.4053563749151463,0.5076231311899654,0.06287575783557921,0.05103417953260133,0.062209779069537834,0.07654474081559688,0.07741993938289828,0.05370389137308945,0.07538254464718258,0.10786877463691033
20492,Casey Mize,SP,0.8569218398548347,0.7470740240347775,0.8542023653275206,0.97519325557843,0.25978830476286496,0.21109210420508734,0.25840280181501585,0.3145011176249999,0.996899414018319,0.9123073353353272,0.9952784171950484,1.087949903701437,0.46688108462763717,0.39511218450612845,0.46544034945340984,0.5430797050483446,0.057471607860656464,0.050172659793337446,0.05719381957410791,0.06559928275420811,0.07066396342507515,0.05451951142530289,0.06977467592782521,0.08975035219345293
20531,Kutter Crawford,SP,1.0027354793545942,0.8824577411672465,0.9994632697531904,1.1312767173611784,0.28450391587969104,0.235345840539929,0.28282232372119465,0.33906591005802855,0.896893569095239,0.8172551008500107,0.8958899810564975,0.9783849797710186,0.42853334522783143,0.35891306574771314,0.4262890724118554,0.505662798657367,0.06043175304194093,0.05215923215004121,0.06021826705088217,0.06930651468428095,0.07352300794706586,0.0559022122618522,0.07286802962409479,0.0942971390185394
20548,Bowden Francis,SP,0.8135173160354128,0.6740060689797118,0.8098121800192599,0.9671047397925779,0.3927160236541362,0.2960708663521888,0.3878455580155076,0.5067185624992679,1.0993184203372517,0.9687781028443648,1.096148163215236,1.2404672425761012,0.6082674903118112,0.48791682055405355,0.6046591385729394,0.743811838604035,0.04720951073947444,0.03897635167877024,0.04690959884495005,0.056329164823515764,0.049613726437921134,0.03525009534672512,0.04868211427300362,0.06729528338562522
20629,Tyler Phillips,SP,0.7879069255951535,0.6461067820032093,0.7830433984044188,0.9428330092927617,0.29614328210992524,0.2137957594753218,0.29153309139250216,0.3911259103249051,1.0957405324036353,0.9609957877387683,1.0924845538992876,1.2411751508150666,0.5616810781582493,0.44877912896237176,0.5573056128188247,0.689858210907364,0.049688419085896315,0.04129681429095182,0.04946873193918416,0.05902146204740221,0.056419760235932266,0.04056437038054857,0.05515618377521238,0.07623422478953168
20633,Yusei Kikuchi,SP,1.123643645763235,1.001052094280392,1.120911497594673,1.254844969311848,0.3576214313652868,0.3003258934791038,0.35679761275935407,0.418047318509544,0.9249396122805749,0.8496673401317533,0.9240559836936766,1.0044202574247016,0.46294323071034993,0.39745885805919234,0.4615444121588375,0.5331998883895845,0.05751919032892033,0.04636900254084372,0.05716871674163517,0.06950723777593154,0.06318904407247199,0.04711405122466358,0.062357387237059775,0.08248025688611228
20778,Cristopher Sánchez,SP,0.9985826273174512,0.878755718898063,0.9962163416547335,1.1245864521619462,0.20516778320755155,0.16875817238418983,0.2043417883892863,0.24467575257629146,0.8447610087216451,0.7698473945762192,0.8438113151685103,0.921832550079417,0.34206776780384296,0.28943145614607835,0.3407113099286677,0.40012861570388275,0.07205640322596926,0.06237537567486878,0.07182940055523362,0.08270605057413682,0.10613177235738648,0.08242841699951889,0.10484985745454009,0.13516658935114234
21052,Luis Gil,SP,1.0363379183286412,0.9009518013932407,1.031522445167855,1.1871019228411597,0.4710221168694663,0.38553458480679714,0.46913041001307487,0.563637711402011,0.8228772915900258,0.743787028398863,0.8217157849088388,0.9054578325587044,0.4119443821592926,0.3439477151742898,0.40941313948535174,0.48657360100542635,0.06311400363895153,0.05397025619346747,0.06276852223762323,0.07333132409146677,0.06934270424804041,0.05212804362073743,0.06839789591115368,0.09023897283414442
21212,J.P. France,SP,0.7756975420332407,0.6561599299018899,0.7718642777072302,0.9081458784281619,0.3453854474079521,0.2697187861871581,0.3423360287819033,0.4336931637786522,1.051004763495558,0.9330384839352516,1.0488359915473509,1.1757920091278016,0.5295433468740441,0.42694668855885554,0.5251387466978996,0.6480105995958059,0.05294639399955705,0.043836153366992675,0.05271902541973516,0.06309659018530989,0.061139827968697026,0.04377079529706805,0.059867041444609984,0.0828557028505503
21224,Bailey Ober,SP,0.9225987009987326,0.8122616645414648,0.9200533756171978,1.0397860679282647,0.23261135067817756,0.19116734019964698,0.23162516038440548,0.27961996133132416,0.9768128049318949,0.893535350940177,0.9753175354488177,1.0630586582858497,0.4622556741265945,0.38925373469700825,0.46003112147365544,0.5404901403782905,0.057251116704153275,0.049245120500884525,0.0570158184634091,0.06613135182219129,0.07147400853711135,0.054696013773969224,0.07047598746622112,0.09207959237900808
21318,Tylor Megill,SP,1.0685033937666877,0.9253720628957697,1.065419401678239,1.222565618477486,0.39635846837157873,0.3212219343407386,0.3934276625474487,0.4816033169295086,0.9233249718165913,0.8313979222002869,0.9203197069051122,1.0241889295075843,0.487789972253002,0.4016631103694863,0.4847194465346703,0.5839230823952852,0.055433743591479685,0.04670824001256474,0.0550138042044738,0.0653306053301513,0.05838858009712796,0.04323523684778647,0.05743373097436476,0.07664018193517094
21390,Joe Ryan,SP,1.1269730697610298,0.99652224094315,1.1234927359229154,1.2681685614938152,0.2218120961648236,0.1821048706464662,0.2204186022158519,0.2659986428580974,0.8415784265930792,0.7674925381967624,0.8400935536901685,0.920187078616532,0.3701573943019751,0.31053265867061036,0.36911333923801626,0.4340816786382562,0.06942325458909976,0.059423601424352615,0.06908083643374997,0.08049450200110511,0.09363317772524944,0.07152290553921162,0.09261628455660095,0.11953861678059031
21446,Ryan Feltner,SP,0.8765343756731033,0.7547226773460044,0.8721634482362567,1.0096937199125773,0.3342501943369518,0.26998368563196395,0.33192252800980776,0.40828662017313516,0.9922532451539509,0.8895230245968598,0.990545868561181,1.1016432245251433,0.500063209467344,0.4101837695568682,0.4977236266441822,0.599678104546633,0.053980238177466694,0.0456119922605172,0.05377571081819549,0.06294893588997076,0.06366863552442435,0.047287910887004625,0.06276387500962513,0.08395516950832663
21448,Davis Martin,SP,0.8274549511685948,0.7162412230353092,0.8246586193001594,0.9477392040055385,0.3273455688803859,0.2650568084031927,0.3261677497753336,0.39543829655210927,0.9821713096831172,0.8907107415701291,0.9814129983814379,1.0754162827038873,0.4809422433479488,0.4028283321739787,0.47852712429559247,0.5667211405562699,0.05548343497746799,0.04760150230190482,0.05526505410496459,0.06408937309374904,0.064450317273733,0.04847609530994897,0.06365656674084014,0.08414631560991821
21453,Konnor Pilkington,SP,0.9098748679441933,0.7601508316610925,0.9046670524400777,1.0757793447312354,0.47208168671627454,0.3637143998138368,0.4670794818059165,0.5977527404923032,0.9656839039644884,0.8576306798433365,0.9625589163292902,1.0793379183472478,0.5315108133299331,0.4324057951708133,0.5286468196851881,0.6405403328054782,0.04959851346123706,0.04137900572704452,0.049317765218212725,0.05899711152303494,0.04909592922324563,0.035610528627643086,0.04817682786892054,0.06545914360390725
21455,Kris Bubic,SP,1.0015639718931186,0.8724703941033116,0.9980412529654912,1.1438995403892294,0.32095569373673755,0.25926732312881007,0.3195592147759057,0.3881423552459585,0.865095077006584,0.7824210695325304,0.8641606479550893,0.9503855328077235,0.3968837510395404,0.3290165373503985,0.3952214775445512,0.4690808421070055,0.06456525520380403,0.05550106885278045,0.0642575091920574,0.07490315219640052,0.08361848793080157,0.06362254111582163,0.08255745129374645,0.10646778008086755
21487,Stephen Kolek,SP,0.8158236021207029,0.6944773935495391,0.8114187069142573,0.947648389019654,0.27051684111479146,0.2100284579347609,0.26816794973560654,0.33861413216941477,0.9508875520894882,0.8530544602051158,0.9497941248269435,1.0550599072694027,0.4291518309046352,0.3536742880955168,0.42659836463908096,0.5142881177345849,0.06088852616751006,0.051531055397982854,0.06054857323310161,0.0713668127190967,0.07777905050223338,0.057999776378040914,0.07676732254262153,0.10256721540895697
21504,Jake Irvin,SP,0.7625402551732718,0.6684050083379823,0.7603065606884761,0.8613041321127569,0.33789563034495496,0.28215171856319976,0.336463916667993,0.3979305811842363,1.079601313460492,0.9849658068948388,1.0781838573632598,1.1793477175926428,0.5586539540250365,0.4720621362388912,0.5556667443117576,0.6561012166927871,0.04992149709043958,0.04303370537050527,0.0498292401308974,0.05754673485922858,0.056645245114698935,0.043440144372158,0.05595928320485065,0.07291475503207025
21537,Daniel Lynch IV,SP,0.8490469982530471,0.7383559911165587,0.8461823869875609,0.9711980415090395,0.34952331245622914,0.28509771413496554,0.3473419010041446,0.42036413521582483,1.033844366322947,0.9370431893182215,1.0321756791923316,1.1344179081263466,0.5373729574577839,0.45103668865391755,0.5353096603034754,0.6340869172289538,0.05065428204683222,0.04364495566116524,0.05044692278883776,0.058420479430235,0.055674907007694056,0.04209376243441463,0.05492740268090291,0.07154673310846889
21649,Luis Medina,SP,0.9239717832977209,0.7990069301524338,0.9218840373663278,1.0573505772675398,0.4351812102346395,0.35221738461378876,0.43203814967978205,0.5277225036178342,0.983210813857123,0.894348921592808,0.981919220184511,1.0768715562714624,0.5390663362339115,0.45509849735308777,0.536758677178195,0.6303727992398163,0.049605890514578,0.042507040070996004,0.04951465762429849,0.05727040451823268,0.05028531251394797,0.03786375536846597,0.04974413947445049,0.06462294937536661
21690,Edward Cabrera,SP,1.1003076114291768,0.9699451594742008,1.0971657651480613,1.242042383870674,0.4150717043630171,0.34745818886843244,0.41362109050714824,0.48990785277915916,0.8385121240302571,0.7641740855256037,0.8374133460988102,0.9148226704398125,0.4263905377196107,0.3593019389871658,0.42395671098660737,0.499383829334099,0.060660026334557214,0.05243939464423996,0.06047378533153241,0.06957695173119019,0.06602426661835069,0.050533825765316,0.06523164938661832,0.08462656330531368
21741,Javier Assad,SP,0.857941668258759,0.7369214749793095,0.8549308169225684,0.9869249899919771,0.37029671060299996,0.29909094616415866,0.36772426482391485,0.45071315111803206,0.9405561294725994,0.8462232052535339,0.9392281874084261,1.0394203781561775,0.46155308976097636,0.38200497510682074,0.4595144560571338,0.5495650626466891,0.05732708318103199,0.04919167360790065,0.05702632911110918,0.06689843491161702,0.06457279937657394,0.04817701628746035,0.06366160569740148,0.08373197989751266
21844,Braxton Garrett,SP,0.9714595161348547,0.8486402864636067,0.9677790911888481,1.1049663768010538,0.22951381484563554,0.18453992587536522,0.22815458118092358,0.27890150873316183,0.9269324870244111,0.842151477476159,0.9259777165964493,1.0169946686342093,0.41861147616379396,0.3521534291933258,0.4164185719178065,0.4918195352400907,0.06086225562884211,0.052152769206328956,0.060637176514258095,0.07007625721402197,0.07818595254713116,0.05908933870831935,0.07727276151748715,0.10030091306605432
21846,Cole Ragans,SP,1.2781169985736138,1.123177163830256,1.2744402201857847,1.448749309143521,0.31248157022924483,0.2546057139285351,0.31071563967720117,0.37857039437918155,0.7778302841315469,0.7038526628434586,0.7767207487040524,0.8531563596622409,0.35968270859087664,0.299305607933267,0.35766147308600105,0.42617835462259535,0.06926199243115484,0.05949674683038769,0.0689178634973526,0.0802736892605794,0.08955779351383436,0.06735006293347011,0.08835553352387901,0.11562983724533483
22092,Kyle Tyler,SP,0.8191653747330376,0.6707342854465279,0.8134956308894097,0.9898748084171052,0.4306395953683358,0.3128569380211223,0.424014184202723,0.5701565437202605,1.0657306631366819,0.9285958427294824,1.0636307208178044,1.2110074385986662,0.5912166626555252,0.46825965009565196,0.5858144901709157,0.7333816508526866,0.04759857436936882,0.03920166773843675,0.04730091968465849,0.05699187891433982,0.049042814664687975,0.0345001790228491,0.048109909063568324,0.06727331146388621
22100,José Soriano,SP,0.9209124890934802,0.8089338198439593,0.9182244001333087,1.0402540792564212,0.39390690876274426,0.3294415155958151,0.39163551420727527,0.4657276475196877,0.9066044485883427,0.8281615114204118,0.9056789642798453,0.985715357411291,0.4464866408333298,0.3797666871302994,0.44469805603852547,0.520647540778091,0.05872160275279669,0.05126356448641365,0.05855608458301101,0.06695110279061157,0.06955798822621348,0.05354459601470792,0.06886654378089581,0.08873204070520177
22175,Max Kranick,SP,0.803629782513418,0.6567591986008716,0.7982337000710658,0.9689504942012624,0.44344943383044705,0.32780374372190696,0.43942461199227867,0.5756185046959745,1.1109156767290198,0.9732949903597959,1.1073616529308201,1.2526120430209848,0.6467449786858879,0.5187463016395553,0.6415833597672571,0.7911956271481515,0.04317454320990648,0.035038664358763946,0.042909540395008675,0.052134358027350385,0.04055336161291652,0.028490215936249785,0.039488345910325344,0.055639552432071596
22182,Hunter Greene,SP,1.2589927144174773,1.1141991193773277,1.2548322779639673,1.4122118898954379,0.29807215138497767,0.2484171574447957,0.29656801612111683,0.3526755177241144,0.7622586548019347,0.6967707159326211,0.7621024133927594,0.8301905381455196,0.34372452922253227,0.29267903808157736,0.3419513422513133,0.3987617277985797,0.0699144839277056,0.06082416015141742,0.06959390450144448,0.08017815282935986,0.09280873097638066,0.07234243035877168,0.09163514651911275,0.1171841311966881
22191,Tobias Myers,SP,0.9492456796602213,0.822370861529784,0.9475307500960941,1.088078930473826,0.27139989579260954,0.21490933958856961,0.2691699268842207,0.33452711849764166,0.8880886914716464,0.8060830013247218,0.88696469725056315,0.973026550780483,0.40285603436195794,0.3395376668431057,0.40138764805198746,0.47161933314505544,0.06259375482354372,0.05397110961820941,0.06239678693459555,0.0722673035037727,0.07689316201016778,0.05864673415939052,0.07581310629685115,0.09883039088768188
22201,MacKenzie Gore,SP,1.098595188468002,0.9791660238258417,1.0948757116028165,1.2297421272691742,0.3556821681179881,0.3006808031571879,0.3540754392716973,0.4160947419257761,0.8913016976609219,0.8182922477929195,0.8906068904985814,0.965543832072032,0.4415508371093234,0.37718451226039335,0.439876904223712,0.509452995857083,0.05910723230388493,0.051617674264618975,0.05893974786747338,0.0669418843635427,0.07191259870994506,0.05638770023471027,0.07100172886300718,0.09034231409787223
22207,DL Hall,SP,0.9329785983587239,0.7728532281194705,0.9282326109967922,1.1071925593802907,0.41305230640891805,0.3112443622920385,0.4094862861164401,0.5305598006329901,0.9931340236804601,0.8775885671590818,0.9916345878275522,1.1145101249106955,0.540270845739005,0.43647118961800335,0.536508714514776,0.6566177297454143,0.05013016374697886,0.041655837709365165,0.04987233903204094,0.05949724744531825,0.05241602819708081,0.03759163376657175,0.05139145304633663,0.07042573467864907
22250,Logan Gilbert,SP,1.1750972035357,1.041876654865518,1.1723273229456828,1.3208193413887885,0.20381734528965453,0.16789123788180849,0.20273428279550937,0.24321949452286756,0.791342747345078,0.7235456437215539,0.790491906579332,0.8624448565393387,0.3295501635699314,0.2789101028221867,0.3272316512960328,0.3857279207055521,0.07338344340397246,0.06393285574303949,0.07296907159353039,0.08425276148240045,0.10446442517340947,0.08082168762879983,0.10293254749887278,0.1327284818821599
22264,Shane Baz,SP,1.0053738443389886,0.8826412982226395,1.0022580436580404,1.1387749975621742,0.3463066875020531,0.28610182037318127,0.3440886066907337,0.4148878248376656,0.9113571500612575,0.8339455784159135,0.9103370805276838,0.993854119861649,0.4540592955615138,0.3856997463169823,0.45307322603395395,0.5257031262360204,0.05787140920786641,0.050347846070510155,0.0576848166621648,0.06597901442627338,0.06867547652608662,0.053147692216463135,0.06793272165184838,0.08661933848080534
22267,Tarik Skubal,SP,1.2825457741189352,1.1440231370112475,1.279369431334536,1.4343934347032417,0.17312868200048848,0.1427566009207889,0.17207904262353196,0.2076129148406765,0.6882533963646952,0.6320055007594364,0.6878908558347322,0.7472379943854847,0.2523220308418987,0.21430989755914293,0.2513825741131254,0.29273383671337727,0.09135466641143093,0.0790867702163206,0.09104703145050866,0.10521004306006501,0.1448150376855614,0.11337318439892345,0.14319455172696322,0.1822651393804189
22286,Trevor Rogers,SP,0.9286393621953354,0.8121702633029246,0.9273930406712797,1.0518811996104813,0.3191276730172218,0.26417292674982695,0.31748840132899425,0.3806178769485317,0.9031446797004228,0.8241651699518212,0.9019322219936634,0.9828004237966164,0.4232197152864561,0.3604527851819718,0.42073701509467787,0.4947245289423089,0.06076523720102694,0.052868832548530274,0.060477741771837276,0.06934225536187653,0.07487662764618085,0.05757033427757911,0.07394130569038412,0.09504077381567336
22294,Matthew Liberatore,SP,0.8609876997791093,0.7534349265106096,0.8576833918535383,0.9786335259800879,0.29063572470019505,0.23797146640994718,0.28900578788975834,0.34740743170462596,0.9829189784851814,0.8989672039948888,0.981516533866431,1.0724944036197708,0.47248363463656257,0.4022916097020108,0.4712152954925435,0.549602464825437,0.055487531757426226,0.04816162517238808,0.05527452826178182,0.06328550223872124,0.06582615228359777,0.051113179160073366,0.06488001275323976,0.08365020474670604
22387,Josh Winckowski,SP,0.7210101019052381,0.6040944299513452,0.7171789057277662,0.8512895181862195,0.3808599627432839,0.29429683218791497,0.37603820462825405,0.4842589980286781,1.144629740258404,1.026679132100334,1.1423456589840568,1.2679617966026326,0.6313702971476345,0.5250842272641142,0.6283483280672753,0.750081856662115,0.0446882369678555,0.03750935428118557,0.04444311099370647,0.0525425176057327,0.04537023912782952,0.033164329473160295,0.044764097269390256,0.059803304871952484
22487,Johan Oviedo,SP,0.9992866697541086,0.8575622055149009,0.9940601259042603,1.1565116344886688,0.39948024303861523,0.32115921541451475,0.39672208287822297,0.4864538106717222,0.859621945294991,0.7697870563863364,0.8582882675031807,0.9573596484047162,0.4231922737875568,0.3455456429064455,0.41985730625643997,0.5088234369912549,0.060827167879466904,0.051284669909307024,0.06064916910511448,0.07103517803976472,0.07003143718498435,0.05187595222882883,0.06895685453840754,0.09125934399100712
22543,Taj Bradley,SP,1.040607270941745,0.921737155744598,1.0400604229226689,1.1630012562057104,0.33536232635849944,0.2829036194964583,0.33428618712190095,0.3930648190823949,0.9285459631083647,0.8572566113212716,0.9272078848407825,1.004146540707384,0.47576810104066647,0.4091244057842479,0.4742737530853506,0.5462376764222943,0.05511405415191509,0.04794083492717379,0.05495022564741836,0.06274513451973893,0.06253292494711717,0.04862275390673959,0.061731567481589714,0.07895800163529174
22630,Keider Montero,SP,0.8402946501532634,0.7282985235158707,0.8375438085993507,0.9602370779951676,0.3154030139116041,0.2568271254805826,0.3140047368972566,0.3799003462678223,0.9973781718199454,0.9121606210850076,0.9959831075067529,1.0854204613417955,0.4987073089255875,0.42343151901264786,0.49669370137752655,0.5802064632067109,0.052945890946045265,0.04549357473537216,0.05271951276933984,0.061056277998131944,0.057662432614918095,0.04387705409583604,0.0570596023387145,0.0740364743134627
22810,Roansy Contreras,SP,0.8892779606626015,0.7682499371888506,0.8873532103112896,1.014910271458482,0.40200901099557723,0.3287426344580575,0.39932494293414134,0.4839331308569623,0.9738556592096173,0.8873300468447081,0.972788302346749,1.0634737343174219,0.520394154023631,0.44392104894252754,0.5187068986537584,0.604725778492652,0.050611467416451894,0.04319616486392395,0.05035433546526848,0.05908390663208066,0.05198055516566633,0.03874462386637393,0.051122205434031405,0.06754327918162358
23150,Osvaldo Bido,SP,0.9845805978460966,0.8380934133475165,0.9807166628488654,1.1446595298445366,0.36796551931395716,0.28822547499602413,0.36492480190143883,0.460096665022832,0.9027528354513938,0.8021407495998106,0.9008874014159964,1.0064318457961674,0.451379272216884,0.3670441589729983,0.4492272951119026,0.5444503740304913,0.0588636997270876,0.04911192815781439,0.05855605753973807,0.06933757276876976,0.0669560354731562,0.04894167368971259,0.06591279791549401,0.08861223893066425
23221,Michael Grove,SP,0.892708942071833,0.7600177720358745,0.8894521192526714,1.036182360228236,0.32217417094446965,0.25294104173278176,0.3195669515043968,0.3984339018182668,1.0552939521791906,0.9512985726563995,1.053714991821384,1.1665755952833323,0.5636543938892299,0.47004229514537327,0.5603796649972119,0.6659399615620545,0.0486041909444541,0.04140039580592686,0.048515136983695056,0.056154191744397036,0.05186315080469944,0.03836076366244139,0.05129579295534016,0.06733492383627322
23252,Spencer Howard,SP,0.8669923543989698,0.7403965409841611,0.8644140190324436,1.003211800110193,0.4252351544950134,0.338980419317709,0.4214088610876603,0.5230796834793184,1.1123142923043805,1.0066767900943063,1.1095311686309117,1.2254277421131448,0.6577864754814418,0.5514946064228915,0.6539039824888266,0.7785415625758753,0.04282030898319104,0.036136767211638825,0.04273893471657144,0.04987907540270154,0.040442408957780784,0.029784567063548425,0.0399802020863434,0.0528020607674707
23301,Janson Junk,SP,0.7642103449549791,0.6469063671086162,0.7603475025479927,0.8923981930893861,0.1967025518707395,0.14569618382158417,0.19461204755604933,0.2527700022469709,1.0402997875668516,0.9310324346167752,1.038365528784984,1.1592474039314755,0.46058680565654153,0.3740491795031866,0.4574511583708646,0.5581790372042358,0.058259609842331035,0.048681636673022506,0.058040448456749216,0.06883579487084834,0.07674671435860672,0.055690625915914706,0.07537433322344222,0.10278448207764082
23313,José Buttó,SP,0.9743571881868623,0.8060175358466635,0.9687515580507725,1.166008543087538,0.40755497603180885,0.3036304776117617,0.4013332325978698,0.528466815690938,0.8925216211442897,0.784755789643139,0.8903123220111167,1.008193082499986,0.45125857969935285,0.36222403906235295,0.44758662195996257,0.5507956870959049,0.05740909672047511,0.047619227308652014,0.05714639505357525,0.06827855727910492,0.06458911626548931,0.04618605539247464,0.06330907723358414,0.08729468245925033
23335,Joey Cantillo,SP,1.0227968963080074,0.8441223736715706,1.0184864416975083,1.2190526641886414,0.3724404650710778,0.2730902307463867,0.36691618314522206,0.4867022396030865,0.9224454368336562,0.8101873100636537,0.920212208954805,1.0445688379792977,0.480025198033491,0.3820616204158887,0.47616258673733025,0.5911960264881253,0.05459809004186295,0.044946988008894184,0.054143119002952884,0.06553133368519722,0.059104778758683814,0.041269110436517244,0.05806323179174236,0.08023615862351621
23429,JP Sears,SP,0.8246682154864577,0.7210413547202781,0.8210111059272249,0.9397931092619602,0.28479390506690605,0.23569208010740939,0.2836619732247958,0.3400726235048623,1.0264994230216617,0.9366663920172661,1.0248800105776796,1.1223620214940246,0.507954183054403,0.42696834482153756,0.5053167094987103,0.5974325941510747,0.05397971281047693,0.04636111074065197,0.05369812818896777,0.06237343693209064,0.06178115417547108,0.046636005807750354,0.061090655966031776,0.07935046447574648
23499,Keaton Winn,SP,0.8571495958816701,0.7277687603736388,0.8526213460924319,0.9998618420572922,0.31392425867710794,0.24467547179090893,0.3110862998184275,0.3943705841088344,1.030325547975745,0.924877483853315,1.0280108765247444,1.143103646920363,0.5302772812759821,0.43734067262246873,0.5277119007445098,0.6330779379685145,0.05128497821743239,0.04354098293869494,0.051083114217707906,0.059525070937490536,0.05807571991647611,0.043258261589325976,0.05729316023931598,0.07552280515611481
23550,Aaron Ashby,SP,1.0755112908745872,0.9307774654367111,1.0725608846731745,1.232583701558586,0.4226839821603315,0.33805347755113413,0.41943579380263524,0.5178483305032426,0.9397665410092902,0.8525031370641784,0.9387881322962245,1.0320069206504978,0.5184762760519485,0.43448856633521243,0.5160660125162669,0.6099644210516841,0.0504588137312763,0.04259148944259062,0.050325474299280026,0.05898264261793773,0.05108607320958198,0.03810797288887151,0.05022363397640046,0.06713102882400195
23590,Ben Brown,SP,1.051394305366734,0.9207862197913846,1.0475665749357814,1.1960536498815073,0.32383439479764786,0.2626654626664047,0.3211282210273433,0.3914218151032428,0.9656388955062211,0.8809964268828592,0.9642474651830162,1.055703198271958,0.5101248405312758,0.4331081114647424,0.5071517271494417,0.5955599772429805,0.051959246675626423,0.0446868240508921,0.05177282751420856,0.05983691672019012,0.056184335841774326,0.042379585298089405,0.05540725042674531,0.07245962278218165
23796,Ryan Weathers,SP,0.9164308512388771,0.7970094661750023,0.9126069461430963,1.048306293403511,0.30014020102655964,0.24232180186519484,0.2984821747479944,0.36279153051519175,0.9456879203960001,0.8582893857086498,0.9445173082018768,1.0382554681810414,0.4616100450671076,0.3880401833704247,0.45850194065198613,0.5443197178915821,0.05599560462042788,0.048107291532875615,0.05580684570370299,0.06465763794307393,0.0638324775901193,0.048480298985692186,0.06290183009214924,0.08254479835291043
23899,Valente Bellozo,SP,0.7891329484498663,0.6621701891657326,0.7850158895999262,0.9324934538046173,0.31115253438927726,0.2364734116416189,0.30804070199178746,0.39799269011939375,0.9962749579587689,0.8888009442557833,0.9931130271493839,1.112008894321052,0.48556878102498996,0.39736320518543833,0.482322496783242,0.5856801372427299,0.05384113720380918,0.04500720840843823,0.053550711781657795,0.06381126570054464,0.06121275288553646,0.04449449941291929,0.06002292785264067,0.08155520936487803
23920,Brayan Bello,SP,0.901615373565526,0.8012242773306978,0.8992739124147072,1.01131056506458,0.3089693282183239,0.25964693240864517,0.30808176810233234,0.3620453792951691,0.9169673602175233,0.8420145137670919,0.9168779655857553,0.995458026162779,0.4183593335969492,0.35724518217323464,0.41605854265684283,0.48727602872487835,0.06326077549189371,0.05565518438276791,0.06283363559808439,0.07223097550957577,0.08146690381832453,0.06394456742624918,0.08060653153523023,0.1026029534635647
24282,Kai-Wei Teng,SP,1.0238215039632497,0.8395257165827036,1.0189899738640906,1.2341622964339523,0.43753116284408794,0.31964749431135187,0.43146350219688157,0.5755514461668723,0.9473218234402777,0.8277913850001284,0.9454492038073155,1.0777385920879987,0.5197984809809837,0.41254398395883735,0.5158116115843876,0.6433304563631779,0.052339871898001676,0.04303553930627426,0.052019022705112355,0.06269084011656396,0.05475622810277439,0.038844122158411314,0.05357839225846277,0.07409330670067449
24492,Grayson Rodriguez,SP,1.0635117233740534,0.9371866580555586,1.0612092796372745,1.198855414705531,0.3037381377665004,0.24937179319733194,0.30217057041456047,0.36313516657344874,0.8860831788016837,0.8113555643667776,0.8855362791258388,0.962739511141525,0.42318721811116516,0.3622733298084361,0.42122403832529154,0.4891496345302596,0.061940375984519576,0.053595450405022574,0.06170538432464266,0.07111634938248655,0.07405707179397206,0.056971706217648535,0.07321709757203376,0.09455261730818129
24494,Simeon Woods Richardson,SP,0.9549022534270327,0.837404238315854,0.951621836918195,1.082285525615185,0.353466311572655,0.29468333343666603,0.35159465493343034,0.4179491043075714,0.9070066393954332,0.8323788091753698,0.9052728638307983,0.9853896625342347,0.45278992768068294,0.3876747501045691,0.451315956421255,0.5248885803000732,0.0561544514570855,0.04859378468320729,0.05597673345700352,0.06429091414657064,0.06147331449425219,0.04714583722172348,0.06072225071997209,0.077739871091402
24586,Kyle Bradish,SP,1.220886351241943,1.0426748785496918,1.2142698863176933,1.41791188662053,0.2605042030498004,0.2055964129321127,0.25808293786633124,0.32262998744047555,0.7397061721860135,0.6573447752303634,0.7379752786190394,0.8296929109297826,0.3088929321503241,0.247879155836667,0.30596744894341776,0.3776869167130417,0.07845262135227651,0.06559570867769537,0.07788733736870021,0.09320490532223716,0.11083837934106973,0.08049245312493002,0.10878703195210926,0.14843441837631044
24719,Randy Vásquez,SP,0.7190941568185946,0.6230794453253851,0.7174778397096959,0.8199577763623339,0.3172781024756556,0.2604715770734505,0.31519629163875196,0.38148658884255343,1.0325333244421264,0.9429663228937956,1.0320216368674862,1.1240740390549389,0.49428013200695187,0.41941380775029263,0.4923780695362925,0.5752700817022799,0.05395620215929639,0.046916013524826605,0.053761332807984466,0.061818257360037265,0.06421052478979584,0.04913198742014471,0.06339094327385425,0.08224441145880351
24728,Mike Burrows,SP,0.9945885286216535,0.8530965150373935,0.9904742961913551,1.1454731121097328,0.3233855214859851,0.2534207045028555,0.3208298453545132,0.4005310811497507,0.9182739712413772,0.8285964003445158,0.9173568348769401,1.0116510959058398,0.4566396566860581,0.37939689589448633,0.4551867574388182,0.5402727545956137,0.05617244894083463,0.04782781972328508,0.0559950501224714,0.06496550759163017,0.06354572773682118,0.04766019488967805,0.06254249922375602,0.08295766042956773
24968,Reese Olson,SP,0.9706928184860597,0.8490833576795949,0.9676266723841801,1.0992096276086407,0.30285284837728166,0.24809429719269233,0.30097439683668137,0.36408756178147156,0.876243232594981,0.7977620352077699,0.8748678166555443,0.9588733147840972,0.41016017643290853,0.3468336601118742,0.4080975968906136,0.47981020810039315,0.06086366542339355,0.052522089506341595,0.060719177811084796,0.06970933723011162,0.07383556893271494,0.0563582864058847,0.07293555327650666,0.0942466475782309
24975,Cooper Criswell,SP,0.8056318237144947,0.684300807255483,0.802861755482043,0.9386650002063204,0.3158274230374057,0.24474513260231476,0.31350438133823877,0.3944987885249617,1.021471652169968,0.9168700709275643,1.020984341246206,1.1320317544074152,0.5083870756365344,0.4215906094250157,0.504624002493939,0.6072209173921593,0.05314324147277585,0.045197555671430634,0.052872054560064774,0.06178316792262674,0.059495775660911986,0.044430009584639635,0.058554142512359804,0.0779077889197288
25098,Jacob Lopez,SP,1.127209707761428,0.968691475650115,1.1224679341523849,1.3027113890532536,0.35612617222150206,0.27685086333294034,0.3530441284099949,0.44710774361426503,0.8533960975385022,0.765221477916972,0.8518299988169489,0.9477582814670938,0.42041706601873585,0.3447951838591965,0.4183128161767838,0.5040272214287598,0.06207134382626813,0.05298061141106227,0.06183645790445434,0.07242065491601628,0.07386936014655433,0.05513561357024582,0.07256606140739391,0.09723554904094235
25311,Roddery Muñoz,SP,0.8546696191868592,0.7207532184732096,0.8503402773231645,1.0035621512533528,0.45686566659291555,0.3610340652821441,0.453807257780946,0.5638512211840303,1.0760898068957059,0.9716798915687168,1.0741844954950444,1.1887984536958263,0.6286978057691001,0.5278050711834439,0.6251981439595212,0.7416209532375581,0.04395719358681148,0.03701380758691606,0.04385881724690721,0.05141797766148416,0.0419970052328913,0.03092303449088277,0.041446639594958326,0.05440524272546383
25377,Brady Singer,SP,0.9341065787033125,0.8283399174801703,0.9327527962273181,1.0511478307116178,0.29659311728174076,0.2489742801056496,0.2951330123078334,0.34977428357589585,0.951003357762307,0.8765017625312909,0.9503677111631106,1.0262476765870727,0.4502831425626682,0.3863698870637007,0.44927828524649327,0.5185234030251781,0.059564174604442896,0.052305238979092214,0.05937528384011592,0.06734194934555725,0.07608371838297946,0.059803620680394895,0.07506473346293845,0.09520618926005946
25385,Drew Rasmussen,SP,0.9203848139803217,0.7977015700319917,0.9175341661546319,1.0540988522981793,0.23866033174181184,0.1911520079504265,0.23655995168883914,0.2924574496371366,0.8473717996106921,0.7611774110495902,0.8458933927268475,0.9385731337159194,0.3574055145247604,0.29392443364989845,0.35434838760634735,0.4314312147760042,0.06972248325624207,0.05854993081867253,0.06938278462784137,0.08232039870859921,0.08960594109426522,0.0664568783728507,0.08804948013355152,0.11736268908927913
25386,Jhony Brito,SP,0.8701274009874368,0.7430120049248479,0.8661497273666909,1.0119129043074848,0.3148962547538566,0.2453569181618154,0.3119085825821609,0.3924434559382636,0.9550373155151213,0.8600620023290223,0.9528518550761835,1.05628843395393,0.4672742639207066,0.3904588297012931,0.46396200302913526,0.5541897116697618,0.056288625107313035,0.04797507092066523,0.05596362392804885,0.06538891303048538,0.06224021165730175,0.04680848004848932,0.06126583585837117,0.08080157208300412
25436,George Kirby,SP,0.9656276375003702,0.8516733128161875,0.9623711768799753,1.0899092984774628,0.17006108829869093,0.13829863183623414,0.16915406305776412,0.20598385225534505,0.9437117192786733,0.8625807120545456,0.9424154439525799,1.030329440614202,0.3971443394008075,0.3352079726602283,0.39555807272880356,0.46485939524228675,0.06510595480193183,0.05601960089747235,0.06482976237410068,0.07521030061092047,0.0949663327191727,0.07340776666101907,0.09366111403102395,0.12091937264062544
25550,Matt Waldron,SP,0.8793396896738597,0.7645207387126423,0.8763816647686138,1.0059386832451838,0.28875169420369373,0.231643613867185,0.28644102532505816,0.35379001252397335,0.9971636305903966,0.90696902689301,0.9946769579317107,1.091829429180227,0.49136668193078525,0.414680171961185,0.48885542900214374,0.5786398494805975,0.05433382287864475,0.0470790895176566,0.05410976143278555,0.06227365221694115,0.06415529852074826,0.04847063664402217,0.06331364255775647,0.08245300688477737
25636,Hunter Gaddis,SP,0.7891575825104333,0.6504382006962276,0.7849582476869028,0.9437270422703591,0.3253089015387289,0.24073382514421898,0.3208304045113973,0.42796600068826707,1.0184758430957077,0.896609257413612,1.0173240449091652,1.1500691416666886,0.507035298138947,0.4079645654686318,0.5042245742743918,0.6197695117977537,0.052798428304945993,0.04385298263852386,0.05256528691466568,0.06253336732941941,0.06015732744899666,0.04320951481651517,0.059070010560247334,0.0808024850101452
25862,Noah Davis,SP,0.7672920331907439,0.6255267237936946,0.7616740035602134,0.9266187812046148,0.42871091722537247,0.31623562540942324,0.4239153507799364,0.5591565110565055,1.1710984861547868,1.0237240632320568,1.168794395226831,1.3326409783231115,0.6872670265326527,0.5505131275560431,0.6828421737143531,0.8401195216058477,0.04210526751691783,0.03455889087235791,0.04188048879562962,0.05016495989683561,0.041208969997300025,0.02958129737722215,0.04045524127360897,0.05575987482922038
25880,Hunter Brown,SP,1.1590867063373378,1.0310612372449137,1.1566847313392303,1.2973984676789851,0.2815027304874219,0.2369653130422638,0.28024301684335584,0.3313245125237552,0.7885263716743303,0.7229740512922525,0.7879920034405499,0.8568434820323397,0.34101195809420026,0.290857623877157,0.33955168675898784,0.39675381703079027,0.07304227776823495,0.0636436063535119,0.07266437586865715,0.08359957091868761,0.10368379679750782,0.08073024084449855,0.10252271404685659,0.13042817406425294
25977,Quinn Priester,SP,0.8779813588465791,0.7699637319849201,0.8753824236807277,0.9937165137112723,0.309520933500529,0.25792639088827546,0.30756583098148405,0.36708490446528874,0.9390633869791312,0.8618301217171724,0.9379783363150963,1.0179924996987895,0.449061321573847,0.3839097209173639,0.44689653696663506,0.5179562354849956,0.058339915898788064,0.05051578435528393,0.0580721775062443,0.06707921117289455,0.06663495443862734,0.051649618745329556,0.0657630737573707,0.08467531880745602
26056,Brandon Walter,SP,0.9744670103951564,0.8124606074136457,0.9689579269907037,1.1515227020151912,0.2054957434647738,0.1459427406216721,0.20236780369099527,0.2731496505251832,0.8919754831276075,0.7810617238326603,0.8899891058297164,1.0076771816955705,0.37977995627421346,0.300470513990637,0.3763160041610263,0.4706654927905311,0.06708303406701378,0.0554256535204079,0.06654877941745393,0.08031723851646595,0.09478115020249256,0.06722601098871579,0.09274683093863673,0.12965148898957082
26058,Easton Lucas,SP,0.8746647402047065,0.7004010274816191,0.8656919931781027,1.074970407065611,0.39352298741769454,0.27967942952865726,0.38786157072404637,0.5294719597985534,1.0274045814543424,0.8808617030552948,1.0238952113824624,1.1878063597280786,0.5529114147218462,0.42633814011083876,0.5469501008831608,0.6989548145769806,0.05090077452764337,0.04108045946301863,0.05067112515936464,0.06156937968844681,0.05460048226504772,0.03730753184160357,0.053532237005952596,0.07567399243848823
26079,Beau Brieske,SP,0.7921007444596754,0.6691749675028351,0.7883771388106381,0.9281372164518839,0.3231749356006262,0.24789394271091145,0.3201544385895464,0.4107314069300479,0.9900823941889773,0.8879040994187226,0.988347197419972,1.0999845211863812,0.4871871035527777,0.4025301983211923,0.4845809530903349,0.5824729230641017,0.053646099914972545,0.04510987413179446,0.053338010555390704,0.06333920608869574,0.0621101293136062,0.04581007727022213,0.061154148339013656,0.08180044554803197
26108,Andre Pallante,SP,0.7696607784927177,0.6751214088356445,0.7681932544225669,0.87079862989837,0.3640990134607721,0.3027167076853626,0.3620329937182358,0.4333638482646918,1.033368460009679,0.949269454075099,1.0317878508293212,1.122353122880469,0.5277681786515172,0.4507939645063359,0.52516309991213,0.6154828215396145,0.05133576037055005,0.04458653608598173,0.051185584769866,0.05831691326297543,0.05688292856247931,0.04377374764485697,0.05620709130459285,0.07249246978428335
26171,Connor Gillispie,SP,0.7916166090189987,0.6397742565602019,0.7854955812922457,0.9639100454624028,0.39639405495559815,0.2836487976363084,0.3899560883239767,0.526743832523265,1.1315978902044512,0.9816810632838185,1.129286252180382,1.2963495161204839,0.6405373593767832,0.5034649614491398,0.6337254080966872,0.801135207714627,0.044897188077301274,0.03643752344737965,0.04464387426840821,0.05391548850296548,0.046017086025919245,0.03204697426653061,0.04505620290591569,0.06329995290798114
26221,Ryan Pepiot,SP,1.0561725042705472,0.9343104984491213,1.0547110195453695,1.1878358576656978,0.3573446613317871,0.2964918098339935,0.3552330953535501,0.42473158366492614,0.8323610946407366,0.7609734889239149,0.8312395983456169,0.9069382229928461,0.3963984080417261,0.3345558493290986,0.39435132322100175,0.46504046416572614,0.06470006357970257,0.05628530315065047,0.06443191293794695,0.074005290473367,0.07766528285099969,0.05953849986590668,0.0765576526116539,0.09882967147144575
26253,Ryne Nelson,SP,0.8964611535966973,0.7861479246917596,0.8942800893771501,1.0154105219174028,0.24204481757758847,0.20030733808979834,0.24056257186770813,0.2885684290691462,0.909709621632297,0.8272045771067731,0.9087874746660611,0.9956523483031549,0.39962804089769516,0.3374273408311136,0.3978200288865078,0.468014671288076,0.0639645986074011,0.05553753475551587,0.06370198665581367,0.07309588595167703,0.08400858117298272,0.06460547672361164,0.08269135957140078,0.10697967983221689
26257,Joey Estes,SP,0.7805369439232297,0.6692838537313359,0.7776053263898385,0.8996283327679876,0.2533428984746733,0.1959987740425662,0.2515097968933173,0.31759441986588294,1.025476629836733,0.9324235660307788,1.023729072785545,1.125370659265464,0.4981743394981887,0.42032563234751374,0.4963329084547453,0.5848136973272886,0.053263103352429654,0.04440569494273599,0.05288557566297737,0.06322306885054652,0.06210443831105588,0.04569279462740072,0.06106508605808031,0.0820593629070521
26285,Tommy Henry,SP,0.7960673067977594,0.6843407460781564,0.7924472940032223,0.9211582626319635,0.38234866534016193,0.3099587019015849,0.3793698261512207,0.46646694806140837,1.0400879319995358,0.9373437598841481,1.0377895326619746,1.1488022018005901,0.5457198799991568,0.45450116171430954,0.5417453739302212,0.6472518651071348,0.05037324977009756,0.043139831753066696,0.05012457590751879,0.058276794777435754,0.054467547397597134,0.04078446571588555,0.053711701197827616,0.07109610143690416
26378,Nick Lodolo,SP,1.0500080466707855,0.9265825084515593,1.0473208175343158,1.1836104011423743,0.2569659340080076,0.21144134917698615,0.25524774307744774,0.30708089407764805,0.8921617504911268,0.8148455441909732,0.8909973559193236,0.9733929565489391,0.41035686159254486,0.34711695253055197,0.40891586762063437,0.48003739357370995,0.06311048324216252,0.05486919138209716,0.06300167990971063,0.07198051064609168,0.08266545800911108,0.06378419416717251,0.08169936512881232,0.10454786297727924
26389,DJ Herz,SP,1.1273947893779541,0.9642188130433519,1.1253100182318572,1.307684612965294,0.386340553545481,0.3024594691244735,0.38226410446336856,0.478951001999997,0.8711063735212061,0.7828202592571605,0.8682550675805009,0.96569551745138,0.4548610026041845,0.3756031786774222,0.4528019229294613,0.5441083360646021,0.0558393767436967,0.04639839630091943,0.055400067103096,0.06657792799760502,0.05775996380771044,0.041906910146359826,0.0570478584359512,0.0766609973564821
26410,Alek Manoah,SP,0.9078672637494849,0.7849093982004405,0.9045086850338879,1.0398331134326124,0.4042957671394851,0.33088632744551755,0.40114641040636645,0.48906819090389014,0.9258058014371883,0.8351694793604395,0.9235830242235828,1.0236301218528514,0.4656037157098154,0.38538257465669207,0.4625965343830615,0.556397772155664,0.057340084581089495,0.04886205458137365,0.057044131440775914,0.06669867927790554,0.06687394533488616,0.050736118800627894,0.06581929286311254,0.08649385746280894
26419,Bradley Blalock,SP,0.6448774548172012,0.5395218335462528,0.642335599102069,0.7587249395880749,0.42939778619716223,0.34407225737339325,0.4261312899101275,0.5267848721642422,1.2726373457466198,1.1524667693146435,1.2705587238092209,1.403114920428535,0.7635096984327039,0.6423073664738677,0.7589418464815973,0.9001100848488671,0.03803504896937187,0.03192256654249445,0.037920635882946085,0.04464559460620528,0.03507986184614475,0.02577812736616182,0.034617751104441166,0.04575591958469499
26440,Ryan Gusto,SP,0.9008576326555718,0.7738600902692784,0.8965011052582875,1.0446605998976897,0.34401891101437526,0.2707155084671765,0.3414621568291282,0.4273187071987061,1.030821659428758,0.9326568620346808,1.0301198908223859,1.132021182741418,0.5464955446049122,0.4569589295127892,0.543409011184105,0.6459950139669727,0.050406330379765045,0.043154961496674006,0.05020200195939574,0.05827698008371752,0.05498623913125106,0.041137804545434975,0.05415187039808897,0.07176966447529838
27451,Alec Marsh,SP,0.9409555192484026,0.8164478939566585,0.9374027425480165,1.077376409006136,0.3128678664695709,0.24773314972399282,0.3101967771889571,0.38511142156481176,0.955273314006359,0.8650866257498729,0.953707940692921,1.0488131431206076,0.47542579526454404,0.39912272506894575,0.47281642850921624,0.5601239384354956,0.05578103178155273,0.04799493224618008,0.055609924066700706,0.06435226383671662,0.06369625012701138,0.047782046778735654,0.06281445919705081,0.08248237281194024
27463,Garrett Crochet,SP,1.2678198214494745,1.1287805545342278,1.266242437505515,1.4166469576376586,0.2276029755635896,0.18738086054321484,0.22646276400756332,0.27325367340008105,0.7844161133160291,0.7193038890339973,0.783371000826474,0.8521421824798149,0.3365447697779085,0.28770594339119365,0.33568275100932743,0.38996044662690826,0.07263930948117012,0.063248225584505,0.07237830475964852,0.08305191382987683,0.10116798267374,0.07897827756228026,0.0997890769832666,0.12831330472728322
27468,Reid Detmers,SP,1.0593560085387006,0.9361680659680495,1.05692203726912,1.190571885736522,0.3693460039558181,0.31285305238537897,0.36676548542654097,0.43529295884089547,0.9380541884342863,0.8605626559192006,0.9371589236896054,1.017294453121301,0.49885822352898185,0.4271972817386806,0.49659445179549255,0.5769712475839313,0.052680601791429575,0.04542032388435238,0.05251518307713222,0.06027481329198939,0.05793762809817727,0.04442431461724289,0.0573517701057462,0.07317579495191284
27470,Emerson Hancock,SP,0.7743711275528627,0.6671756481265126,0.7704085017136622,0.8919586090645595,0.3165624522213765,0.2521126578017833,0.3149031381819213,0.3886124051459724,1.0386845515252283,0.9425744612099719,1.0370694108513598,1.1406995975773153,0.5158411700815086,0.4345864019144249,0.5132790231661299,0.6050571442707292,0.05245870444257508,0.04505134515128749,0.05228791176237646,0.06034443535909486,0.06037567427108725,0.04577561195843802,0.059502322217620064,0.07760532960200073
27472,Jared Shuster,SP,0.7548765375435293,0.6263190773678475,0.7514133278276651,0.8956838522611649,0.4165416414721959,0.31854042108868946,0.4124780872059147,0.5320459404037906,1.0662099811246415,0.9477686752818504,1.0633577795896376,1.1909575798936611,0.5810772199148577,0.4746595111578945,0.5771747600615736,0.6999906998443645,0.04729659910992653,0.039334275946877835,0.047007312975969384,0.056132046625249246,0.047708798873679695,0.03434871985960372,0.04676777010622138,0.06366553774069285
27473,Cade Cavalli,SP,0.8558231029812414,0.7114422469924758,0.8500838891494151,1.0188269228635587,0.3109262166380099,0.231866426016442,0.30710675660016784,0.40334838360225883,1.0086407145459266,0.8950010721600514,1.005944044060623,1.1289833467620642,0.5013327782167802,0.4074052830458786,0.49809353165700304,0.6095781727913309,0.053712014415057276,0.04510227684427449,0.05349391250376796,0.06309970084685358,0.06218269881126271,0.04537241651602125,0.06115438545000741,0.08238744726635015
27474,Max Meyer,SP,0.9145890494858429,0.7845834633520686,0.9112099231124224,1.0563950759146776,0.3110127896319563,0.24361438887704526,0.30865070563323616,0.3846684279821428,1.0024065638772852,0.9055600425279173,1.0009412416917711,1.1043902531140097,0.5069049674938289,0.42297761197452977,0.5045377526871444,0.5990152594956215,0.053272318964362214,0.045527308919097106,0.053034251345946526,0.06139329199596531,0.062152405538101974,0.04665636656653221,0.06125974588109773,0.08044675736611259
27483,Bobby Miller,SP,0.9091947643074737,0.7907283951948315,0.9060750967994539,1.0379575006369717,0.3424344692951745,0.2761385528944307,0.3407785011967136,0.41611611259861836,0.9915938536328602,0.9007614718375067,0.9911869156135795,1.08537400385045,0.5152008354248326,0.43427174718333256,0.5126807895765774,0.6027392581522218,0.052921373756791255,0.04567249512748879,0.05269128181600656,0.06081499360659801,0.0583454322905967,0.044039842121096205,0.057624451819973076,0.07533647979740284
27487,Landon Knack,SP,0.9748326981710085,0.8319532553295131,0.9690256339244989,1.1337114497703369,0.3300430230756439,0.25736008647327296,0.3274695073405134,0.41266317501090943,0.9245737359178252,0.8271959392966531,0.9231622404157267,1.0297316826514573,0.45879754953311114,0.37468627578671265,0.45632184110104035,0.551261762486958,0.05740532083838279,0.04862448740519666,0.05715956326652736,0.06712699460229116,0.06596999906491108,0.04861747735842234,0.06508159198666291,0.08664231853105649
27498,Spencer Strider,SP,1.110015980693436,0.973583678788581,1.106868345588825,1.2545917292648934,0.3588889418372336,0.29529451793084355,0.35757126553575225,0.4284739785937323,0.8992217960338679,0.8181792064499325,0.8976861838006418,0.9844823165220731,0.4582991486916075,0.3850682854284983,0.45629973652173894,0.5390029499271161,0.05896564996975254,0.05078292120690278,0.05870821092633491,0.06796319177186237,0.06838490804623107,0.05292022517106959,0.0674125980581628,0.08718157558701817
27500,Slade Cecconi,SP,0.8636884366364562,0.7541672190613957,0.8608807444649635,0.9821281838654442,0.2485941288979145,0.19902706923023947,0.24719582618476504,0.30291955320266,1.014501029800588,0.9255575687834371,1.0135430868113229,1.104915935593884,0.4864200238812016,0.41119992165290503,0.4838536168384079,0.5686384478969795,0.0546794593329268,0.04742067889142729,0.054574347714986565,0.06242324607798966,0.06756174526907296,0.05200626533299239,0.06659378357255197,0.08609401433115517
27517,Jared Koenig,SP,0.7273547071568786,0.5924661830149504,0.7224399354615412,0.8794616678109165,0.37887806423443804,0.27415984409592864,0.37344178993007415,0.501991195380855,1.1331224017764123,0.9883752080335532,1.1302681143831705,1.287965310841644,0.6174516547850474,0.4848610337866645,0.6124144028683218,0.766449096914486,0.046321131043665975,0.03776774389964455,0.04616228369895375,0.05540754972280563,0.04837835460567215,0.033868737360050985,0.047308146551005,0.0659853576843711
27552,Graham Ashcraft,SP,0.7774602206831979,0.6782001171925057,0.7756454506415997,0.8839041211186662,0.3158485290257711,0.2595487196779331,0.31349503714479243,0.3789665689984409,1.0501885270126092,0.9593155378685831,1.0483591505117107,1.1469216828005575,0.5193863861824266,0.4374189585726225,0.5166330884055228,0.6101039382637578,0.052727885676544656,0.04551710791218906,0.052510154469232004,0.06045912353586716,0.06402868322323031,0.04915410464587609,0.06302348753527817,0.08180647577410975
27581,Hayden Wesneski,SP,0.9197334303843274,0.749009908048302,0.9131752984214405,1.1038819565527025,0.27886888871810317,0.1999161556515523,0.2749709407563331,0.37462797492086675,0.9522138627746944,0.8274986909127919,0.9489070268957623,1.0881672206202382,0.452324551435354,0.3558616823534963,0.4484519333282223,0.5631061500438908,0.05845216689535239,0.04811865129361389,0.05812032632104556,0.06959197157632531,0.0721039399723374,0.05123258187389733,0.07074604765481286,0.0973667343740567
27582,Davis Daniel,SP,0.8282874169377543,0.6718522458150269,0.8217414839527002,1.0037109878563562,0.30382241763434303,0.21638160971185472,0.2992626342540802,0.40588378509362044,1.0698942046686928,0.9318103683772738,1.066448378418627,1.2193956249172706,0.5492441184312961,0.4304442892631141,0.5433030348876383,0.6864749261848677,0.05052348725460424,0.04137294450445979,0.05025403400442476,0.0606570336991661,0.057770790251938806,0.04054363880400279,0.05649974717712531,0.0784761525023609
27589,Logan Allen,SP,0.839644399562295,0.738672195376178,0.8381570510654818,0.9460492260423775,0.36485711843661794,0.3049937808723651,0.3634288503965126,0.4308558180891164,1.0113979705617095,0.9263530189992564,1.0091168370966255,1.1045803167302288,0.516608781340046,0.4388420163319497,0.514913008473423,0.6036415337725847,0.052734099387544135,0.04593290073922673,0.05263587510242006,0.06015958187406273,0.05814660015492913,0.04504557714738752,0.057443055323896236,0.07404404157643597
27597,Cody Bradford,SP,0.9585500842278647,0.817127180854782,0.953597515046195,1.1151517390912278,0.2340235983702851,0.1756970420766412,0.231205293653659,0.30218197487747583,0.8879227557121159,0.7940732139357416,0.8871493773772268,0.9869321133698797,0.38785636583923866,0.31779826653607574,0.3860622286802906,0.46301440929106163,0.06543836241036662,0.05568735550412153,0.06504394826787743,0.07644307249613574,0.0879063668650127,0.0653134403031779,0.08639589820587476,0.1156733981453951
27636,Mitchell Parker,SP,0.7761423360797075,0.6831843312480166,0.773684347581417,0.8780157941824448,0.31168089432656926,0.25941771020814075,0.3098449509173743,0.369020831737937,1.0602087844366364,0.9761750361553587,1.05885261454948,1.1514438899228863,0.5334937083213107,0.4574039642602198,0.5314167500053719,0.6162527598829127,0.0510843117575782,0.0445540107509884,0.050913913558252435,0.0579496062332563,0.05960457831793754,0.04651628586880638,0.05878799073974945,0.07530989111772796
27646,Luis Ortiz,SP,0.9523623273218452,0.8248412185232856,0.9490687909434614,1.0935386919270274,0.40948231664196205,0.3337195231175023,0.4065118009303861,0.4954534065618242,0.9242043117557824,0.8370657068480772,0.9228466329965732,1.017182239210062,0.4735574636095324,0.3948370099930522,0.4708418100379825,0.5595378490255447,0.05586983441490586,0.04824848357586979,0.05558092186731996,0.06445748311355744,0.0618066347734016,0.046612562380858716,0.06119247441618965,0.08005444374164344
27649,Connor Phillips,SP,1.035570689525755,0.8183136011301386,1.0266142439016832,1.2908724909545486,0.48530107397868183,0.34717571339187453,0.4767272741218638,0.6575680701913822,0.9553860109913032,0.8114973737129964,0.9522590856422397,1.108529761936215,0.5506999529374973,0.4171567720563851,0.5467116679052495,0.7011955376075822,0.04857516218872621,0.037900194579491425,0.04811291405606396,0.061537798610466175,0.04632980054097914,0.030661977669574958,0.045028494257887165,0.06685182247718052
27669,Tanner Gordon,SP,0.7576624358488487,0.6419684276045018,0.7543765689457225,0.8841255774715862,0.2588441103183628,0.19853334083788482,0.2569148461519817,0.3278135071758259,1.182766831509864,1.0630590474922463,1.179970154078314,1.3096894500683707,0.6115076431873043,0.506573300858996,0.6074084880081446,0.73073819285866215,0.046800050869763354,0.03949565412860288,0.04657853798604232,0.05469182977912735,0.054952598513580544,0.04060699552183774,0.05406510421949935,0.07193982660741804
27688,Jack Kochanowicz,SP,0.6526147638540287,0.563667226573101,0.6502841287219007,0.7491334165976589,0.35780309244765746,0.292391645149995,0.3549970566811672,0.43271557475447275,1.1426988732535959,1.0453051098734196,1.1412509067255432,1.2454590357523638,0.6032179246147584,0.513626891181593,0.6011390545151072,0.7008659049269461,0.045715880366809306,0.0389987900277463,0.045546497573888886,0.05296723285768428,0.050997064976684936,0.03894575914421927,0.05018997486971715,0.06588670541583755
27691,Louis Varland,SP,0.9518869161695515,0.8178743003506672,0.947248229232269,1.101340012625179,0.27812216179200044,0.21268635056133392,0.27473410667404274,0.35319282284598996,0.9429886079987159,0.8479506589826384,0.9408191131934129,1.0440187304057247,0.45375332451960093,0.3774263557726602,0.45187396723487017,0.5371936440624929,0.057315722697938,0.048638623372543745,0.05708564695478585,0.06663024146131426,0.0684399086503423,0.050928732740160756,0.06740638600985586,0.08969814857824565
27707,Mitch Spence,SP,0.8404950546880474,0.7270114523521956,0.8392940525428412,0.9622054597187923,0.3020328879283552,0.2413245374307046,0.2997305454876803,0.37155384525833035,1.032026395046641,0.9409822726485818,1.0303641815848912,1.129733070874754,0.5201008544579527,0.43941516679901116,0.5170449732662084,0.6115391359977412,0.051823298549370345,0.044932598191722926,0.05162459035115116,0.05958482174491641,0.057849749553008756,0.044286382351928645,0.05695326231365873,0.07455025445686642
27756,Mick Abel,SP,0.9289320182719757,0.7583215304141386,0.9228067235409034,1.113314029577635,0.38745085841453175,0.28505632206789183,0.38206558761423337,0.5045782683790356,1.0117828870185315,0.8902551500010963,1.0089413661381268,1.146415172636042,0.5544043490167494,0.44447790459047215,0.549542663649262,0.6821805735873933,0.049187079698446205,0.040126232864160255,0.04886208926266809,0.05927267762677874,0.05037781704969303,0.0350698401607143,0.04945386132498919,0.06901339265339818
27758,Kyle Harrison,SP,0.9863767028545092,0.8625520581168836,0.9821855991560849,1.1193090689699672,0.32052766992663906,0.2626104335344096,0.3189211490821624,0.38547635229799226,0.9244833067561424,0.8426653792707414,0.9238934529257126,1.0098562854400581,0.459675771043416,0.3915226100866748,0.4574350283739407,0.5360151199311276,0.05588603714029049,0.047681735912262595,0.055714535903070087,0.0647687518645011,0.06345993395862985,0.04791171095543539,0.06262835877117771,0.08166942779626296
27768,Eury Pérez,SP,1.130492270511502,0.9920192728591936,1.128559925612703,1.2771381775651607,0.31813493190591213,0.2594633685856357,0.3168807371722769,0.3834633375984943,0.8014807520819868,0.7310090867696853,0.7999877033813421,0.8780501029109453,0.38094037869504915,0.3223378398624144,0.379351590551687,0.4444535053923623,0.06397963969912863,0.053828642229360485,0.06366686384079318,0.07509453448727561,0.07211063354144495,0.05381595701061739,0.0710460326185919,0.09354603206430168
27779,Bryce Elder,SP,0.8115299946819409,0.7133169335498202,0.8096706863730675,0.9181927325894647,0.3377515821314808,0.2801357409903699,0.3364743143196722,0.4001857964310902,1.0362773141086932,0.9473920630425179,1.034970802680311,1.1291949745650876,0.5228551063180387,0.44443588427531044,0.5204555590877078,0.6081890373784423,0.0524077781386753,0.04557188435007839,0.052270277113892497,0.059672044020751554,0.06278268746938391,0.04868184374533607,0.06188771833603038,0.07970092439278276
27782,Brandon Pfaadt,SP,0.9111821673069701,0.8030955332105472,0.9086933322743564,1.023726590523722,0.2334232281447018,0.19351442737908192,0.23212107319166958,0.27789643026235544,1.0357718602720978,0.9508750515566506,1.0355872333059948,1.124012921728257,0.5033930461257331,0.42936376000923676,0.5015169011011741,0.5830842579524965,0.05405295638930813,0.04685404607056447,0.053967475454085215,0.061687292998011664,0.06660376599445425,0.05179815091189599,0.06586608321021327,0.08441177153878238
27792,Gavin Stone,SP,0.8812576778491542,0.760958816998709,0.8778362708527094,1.0116887082821906,0.27160155125800267,0.21579164014913005,0.2703132213498659,0.3332176653800413,0.9275105561196303,0.845736438337997,0.9263201578350246,1.0135177906190553,0.42356578632187364,0.35802111212688403,0.4217747638945053,0.49619676676377744,0.06087859939465769,0.05286156018993835,0.060580296616218915,0.06990774278735173,0.07556315551778708,0.057872761037220194,0.07456430834155728,0.09634838725407188
27819,Brandon Young,SP,0.8140360481307596,0.6754277145645569,0.8108598749584485,0.9655149120761726,0.36395853929355093,0.27471717643583693,0.3612431833796237,0.4648196451854852,1.08859678314796,0.9677447548731282,1.0858895790763188,1.2185532219470685,0.5913256137447666,0.4836706760326992,0.5862841556029719,0.7135032098932212,0.047125553181029546,0.039436924234216034,0.04692584738576987,0.05537976929534673,0.05014035543363932,0.03633908440486401,0.04940997470762293,0.06651818024744822
27863,Jared Jones,SP,1.0651534883482527,0.9265710130627554,1.0606903484233592,1.220587003693739,0.3177760532770453,0.251872149067736,0.31551920527071153,0.39171827239954443,0.8667434953111303,0.7848748656000625,0.8650822639130625,0.9546632382906269,0.4224097333359477,0.3527558129895075,0.42082754230552966,0.49748514237641495,0.059595856468109984,0.04977629653554671,0.05922542714478292,0.07050677560020854,0.07072325356330324,0.05192256093108065,0.06971808237439106,0.09348384734884921
27889,J.T. Ginn,SP,0.9734416979460003,0.8388726033942391,0.9697843829446753,1.1196783155825585,0.324356515727287,0.2572389987065322,0.3215477117893447,0.40162322710347725,0.9747343273859904,0.8815890684463474,0.9737970755413596,1.071890862966655,0.5027430136308377,0.4208742713888926,0.5000895445910762,0.5951088890949875,0.05306733515652793,0.04549494205430021,0.052782871922942995,0.06120036374253251,0.05900345586662348,0.04439994334229831,0.05825562742015268,0.07604417289244862
29608,Joe Boyle,SP,1.0968062533160734,0.9445603231592751,1.0916343897958747,1.264996755219788,0.5389051204066014,0.43519633208805375,0.534888125659892,0.6559493088560686,0.9046888215314876,0.8156205189085832,0.9029107388928892,0.9991024097382333,0.5189576258864266,0.431850563797173,0.5171080369951162,0.6106749740405523,0.051256704815293645,0.043377524470767544,0.051040458173612094,0.059950835726095865,0.049649723880182954,0.03708899091302142,0.04882617713316047,0.06445920895889741
29812,Robert Gasser,SP,0.838991450970938,0.675269149638418,0.8320836709357331,1.019722871629248,0.2297860625199302,0.16092259512823245,0.22486878178968972,0.31729126070433644,0.9561788971230343,0.8298310008849703,0.9522640353133902,1.0948081623868096,0.42316813395471015,0.33007178698341305,0.41927905905113627,0.5298964290093047,0.06102126444984758,0.04961146849734673,0.06044781485295568,0.074263696047666,0.07993076982292878,0.05519779245162648,0.07823811067976366,0.1110815149986738
29833,Nick Nastrini,SP,0.8425232726484341,0.6882962931399828,0.836693682997925,1.0155642197799342,0.6806703519097259,0.5153463253790758,0.6739307195124624,0.8638597706336163,1.0650213467034577,0.932370218116209,1.0621193125941244,1.2063819401211298,0.6734325962815998,0.5405083861433149,0.6678865231246573,0.8237431475995759,0.041564418629626974,0.033722777882178145,0.04129324960215724,0.05024573564435503,0.03631947540167208,0.025448941081042356,0.03555830066081994,0.04986210540859728
29837,Bryce Miller,SP,0.8975648011887405,0.7896962325676751,0.8949341972805263,1.015942882312236,0.2836510954742298,0.23272828167024334,0.2819847012272142,0.34020858491290784,0.9513084625170672,0.8676111645738216,0.9504745240648308,1.0394134372770294,0.45741721407313884,0.3861605276574409,0.4547287020324361,0.5386615034002276,0.05728312405188333,0.04954681966441957,0.05708543419215502,0.06558625982197434,0.06817949258181737,0.05205128280867621,0.06732376921577274,0.08696175326089281
29839,Emmet Sheehan,SP,1.1569190448478697,1.0017723176845048,1.153079796942221,1.321987214163054,0.3249565592043765,0.25854404129606745,0.32199379142289397,0.4001662215562187,0.7980899923985962,0.7191383663646015,0.7971364440311826,0.8807213342039633,0.3759078792042883,0.3136691747277729,0.3738574963486896,0.44504360666423526,0.06609247870611122,0.056384712553111824,0.0658432724747294,0.07660260082148639,0.0782433823220757,0.0591635965667865,0.07741801480083266,0.1012763710620839
29863,Ryan Bergert,SP,0.996486291171043,0.8480300649586053,0.9942192125445705,1.1561062744862995,0.39545965512804887,0.3054337023514125,0.3926523772595273,0.4943640565439408,0.8897846793859017,0.8010000097021914,0.8879516373147254,0.9881846646983268,0.4528089890450798,0.3751039985290634,0.45002210921911234,0.5416357205088093,0.05665117092723708,0.04826212804689581,0.05632134368341561,0.06588489491820818,0.06162538307027232,0.04593847036699432,0.060757702244956996,0.08006844618038073
29869,Michael McGreevy,SP,0.7396938406916541,0.6258356206581585,0.7360779142763811,0.8651743245912844,0.24542950951636122,0.18853307656698795,0.24235138654677912,0.31187147430056206,1.028174223712283,0.9253475425625072,1.025945914559156,1.1360961916692074,0.47389321006898977,0.3939141438679352,0.4716236174822457,0.5639834965080497,0.056157829989137244,0.04749550379396104,0.05578195828305109,0.06587530271101286,0.06950940896203095,0.05158540523730556,0.0685583379545038,0.09095703029880509
29878,Sean Burke,SP,0.9852476851248168,0.8553018148877712,0.9819672796805448,1.1227237428085526,0.408434526103255,0.3309567240636323,0.40606008458701104,0.49239375630224325,0.9326561379182837,0.8478004878831216,0.9315681414908243,1.0213861779741944,0.4905477511054879,0.413046338513869,0.48842533009590944,0.5750925729205822,0.05334024162700522,0.0458489243128596,0.0531427013542565,0.06129414884532286,0.057067826757631515,0.04308714342829409,0.056259360872934525,0.07344373742213149
29911,Andrew Abbott,SP,0.9443726815437304,0.8372826799625923,0.9408050497322047,1.0651438850223414,0.2992770112950221,0.2511506366908637,0.2980857807694922,0.35206359402479054,0.8790729814101642,0.8069744093970223,0.8778306455193334,0.9567411968010111,0.39819238311709315,0.33987113796633217,0.39690812784182017,0.4620327424092726,0.06411091065322792,0.05616454106796083,0.06387077161643727,0.07305604841200128,0.07994919170505667,0.06211682795833905,0.07902410156217707,0.10045156286754578
29914,Andrew Alvarez,SP,0.9878021216033975,0.7989980400228478,0.9806407729604847,1.203757239365414,0.33710967248910073,0.23730992589013317,0.33152650016178753,0.45834640062934606,0.8796607526131832,0.7585537393722519,0.8763596238794735,1.0143886508927584,0.4207312920283742,0.32463440001462707,0.4157887074453357,0.5326094065954391,0.06149481452153141,0.0502856769233497,0.06094211131835018,0.07428695141291244,0.07389354560111493,0.05127514359590451,0.07215647782296766,0.10276725320339855
29921,Spencer Arrighetti,SP,1.071786592590629,0.9345940008319057,1.068867718306646,1.2199303379679223,0.4100109480439771,0.3371027939370144,0.4077512210440851,0.49403480075584405,0.9073951470808255,0.8265507671670859,0.906166187198479,0.995125955057447,0.47828075776955625,0.40315853411770597,0.47675523052586605,0.5607775227850327,0.05513315296603116,0.047349894825601486,0.05493607427779999,0.0636248856230135,0.06090407110856168,0.04586477258193847,0.060066479108330434,0.07832927718842969
29928,Dylan Dodd,SP,0.6465819735727427,0.5286763183666704,0.6426977352755497,0.7805453251994904,0.3574060729388136,0.26194423160489677,0.3518425665439015,0.46935970254708576,1.2516434866968704,1.1035887123868726,1.248521566345369,1.4177681572103447,0.6998113181029237,0.5661146287693448,0.6940240342141201,0.8487830050437132,0.04147110048050123,0.0341676753336759,0.041253271928826746,0.04924879087826761,0.04231400499405243,0.03004124129477554,0.04154326154026643,0.057052603570092765
29960,AJ Smith-Shawver,SP,0.954840754671189,0.8014567752090209,0.951734786848958,1.1181670667540269,0.3883262627221207,0.3017646186060297,0.38488687269735034,0.48916873491895685,0.8809740355181414,0.7816214431872336,0.8791948159687439,0.98448784884943,0.44428944461044223,0.36385184088252354,0.4407741402162817,0.5352900801037529,0.05648419771269392,0.046332592455142756,0.05615731250309988,0.06800092264459402,0.05992004231654527,0.043159608972162845,0.05881113518828482,0.08035155051579286
30004,McCade Brown,SP,0.8480531434957216,0.6812248230336045,0.8430491154623878,1.0313204896090122,0.49479420766172977,0.3605985901108339,0.48731943128391053,0.6506184682677549,1.0940612881282008,0.9481193266194958,1.0911234970230077,1.2518579490194055,0.654296224195537,0.5142985074258363,0.6492187399242559,0.8138570103644605,0.042915654786797534,0.034700615285397585,0.042691396317945635,0.05218902184747019,0.040221960868873086,0.02791698627897139,0.03921809227337717,0.05589112392113338
30031,Julian Aguiar,SP,0.7838587783061645,0.6320283021332038,0.7774224238482559,0.9574179206137807,0.3735828620570714,0.2717966739539349,0.3687607677287238,0.49505289001598335,1.0531400175462684,0.9137882005160163,1.0499107124329674,1.201233772353129,0.5642229583705509,0.44385701238514697,0.5596928089924091,0.6990968050790718,0.048280103390309054,0.03892948411406692,0.04794015721433284,0.05886556501547294,0.05089288338696429,0.035174733389161626,0.049768451269188,0.07066647796158525
30055,Cade Povich,SP,0.955514897868194,0.8358749098084051,0.9528448553425752,1.08557250883149,0.36832055989079354,0.30154285935137815,0.3664978438872738,0.4418779736990106,0.9993975892661019,0.9136068947893198,0.9988111105230915,1.0898226180874828,0.5383236272297172,0.4590273084595501,0.5360172857020784,0.625847145411877,0.04970010967462609,0.04273793579956461,0.04963590328067122,0.05704966843436775,0.052382149248037566,0.040003719461242364,0.05169256518124471,0.06723811993234563
30056,David Festa,SP,1.0381920145730077,0.8968174582578909,1.033899555885965,1.1958778455582686,0.34945766008503854,0.27775632850710796,0.3475091388138575,0.42846517705849724,0.9435653979413879,0.853765210882253,0.9418020423882378,1.0376664308067416,0.49739286510823316,0.41715919204073737,0.49443676150401566,0.5862880958293829,0.0530312058030445,0.045109660858116685,0.05300893476461865,0.061314899803675466,0.056468690504444315,0.042006597596532885,0.05560874101378835,0.07351499387508667
30076,Landen Roupp,SP,0.9517234546579756,0.8176543121058903,0.9482455282770448,1.0922792823104208,0.35988263480227567,0.2855111766273751,0.35715463358941313,0.4448126838278378,0.9332797734760623,0.8447339405422739,0.9310340914278454,1.0296752006732903,0.46364176501568616,0.386488354285542,0.46041127803402604,0.5497702891090919,0.05723772051891008,0.04905578671468258,0.05697294496857745,0.0657996346340719,0.06680967373539495,0.05005401007314373,0.06593140593101152,0.08616356531883308
30094,Jordan Wicks,SP,0.8513996833186915,0.7180357459970685,0.8485959231897297,0.9977110628907814,0.35349195992857757,0.27508973181469376,0.3497968645675751,0.4448681336875992,1.0061941281347253,0.904717080301813,1.0049712408967992,1.1134766845998185,0.5186808825350184,0.4317964794924119,0.5157214684710707,0.6151007045042488,0.05203594365345344,0.0440913349748878,0.051799459425564215,0.06073815270213093,0.05679017192344309,0.04199087022637916,0.05604248067348759,0.07429429904647038
30107,Christian Scott,SP,0.8777966291718166,0.7319547217552351,0.8721626174062447,1.042807768776808,0.3013434402939662,0.22308321589167052,0.2971556771390936,0.39390338804903313,0.9806470118352758,0.8659447853334667,0.9770224518186446,1.103393538831316,0.4825788991151799,0.39150557854508644,0.4785695568138165,0.5884598186594988,0.05440629288953612,0.045441414358928914,0.0541725799478677,0.06408920572901093,0.06389165790042638,0.046012140807225106,0.0629212574411441,0.08511128299422893
30113,Chad Patrick,SP,1.0275264363933538,0.8874214954570863,1.0219350882506628,1.1813521934200713,0.32001049406905596,0.2517206409118931,0.3180070598249477,0.39467449346460637,0.8972883362962348,0.8112164927058539,0.8955903209173088,0.9882401697105385,0.43766264017019496,0.3663407610947302,0.43556384689083544,0.5172027932574976,0.05871027385651405,0.05058278026195575,0.058552589998358204,0.06750034175793433,0.06902933318812704,0.05193914239780558,0.06828139650855558,0.08888602000065368
30122,Gavin Williams,SP,1.0583030099991328,0.936013378026681,1.0553451160700904,1.1873125751717137,0.40495348349229404,0.3418149723297199,0.4032575126033249,0.4732313621795567,0.8243166543299815,0.7579992519723062,0.8229766970888626,0.8935897350207173,0.40097013862671915,0.34261699782816535,0.3995661666625663,0.46278641368305606,0.06237080079088907,0.05423383030100298,0.062303465062310825,0.07103732532036255,0.07199754045564255,0.05630080004952217,0.07129484981739398,0.09042934379437695
30134,Tanner Bibee,SP,0.9467752205782093,0.8394267707033721,0.944672311375874,1.0603424840362823,0.2884755029826558,0.2427692356484371,0.28672686376012124,0.34136121104336836,0.9213452734996083,0.8470782970742494,0.9204495409305935,1.0006219585086955,0.43457081655785845,0.3729324867620558,0.43285745499550987,0.5025915053604101,0.05996292226544646,0.05275668415352037,0.05983019744736498,0.06759975304885706,0.0722379673182486,0.056365091825194474,0.07152182471637461,0.09082270901829972
30146,Jack Leiter,SP,0.9973105374569257,0.8704411243955488,0.994885309823683,1.1353298634266582,0.390869324083975,0.32174522645355724,0.38874045882937225,0.4668292038200811,0.9154421507299316,0.8363557066494492,0.914285695978189,0.9976911959040946,0.4736801743594797,0.40374864273791067,0.4718387168324405,0.5511188265392598,0.05537392462593957,0.04795220142803033,0.055108969878486826,0.0634387854762385,0.060998853693205034,0.04690464946712611,0.06003158155628707,0.07813351253825523
30160,Richard Fitts,SP,0.9093254554780122,0.7501439953679864,0.9051886072061326,1.0833324308120569,0.34421581820063707,0.25357699218893276,0.34044440506735346,0.44841082682585376,0.9741689314557791,0.8615527097853084,0.9719646675430765,1.0950194933853417,0.4972157733478475,0.40072783782444465,0.4938760042213791,0.6044999316255414,0.053542655042911044,0.04458132881383797,0.05325303340486337,0.06340420085435787,0.059989708355904704,0.04317049046574472,0.05882640382340486,0.0808457481659891
30171,Mason Black,SP,0.8224950774764246,0.6730032520528764,0.8156565605738664,0.9892055638534981,0.399841383117877,0.2945885344823211,0.3938573426025659,0.520855128016088,1.105569997649989,0.9737979174665539,1.1022133975334805,1.2492282862812574,0.6270791752656183,0.502963352192744,0.6217660835136951,0.7675320096837153,0.044511046966781403,0.03669937565706396,0.04421183138715122,0.05347514390215466,0.04399152270309943,0.031249864798277446,0.043114315549385274,0.05963405810383619
30182,Will Warren,SP,1.0376381403425958,0.9091276508143806,1.0341881462819398,1.1719042923834633,0.36939825817256305,0.3033144516339496,0.36683797248156413,0.44285852066664666,0.9567433256817979,0.8742625525960421,0.955620147574151,1.0441470818496283,0.5109074263860744,0.4341379308818306,0.5091842637936355,0.5935453579521406,0.05255486496138393,0.045769023602007915,0.05237296907691443,0.05984803969413779,0.05641353889238922,0.04349787707853281,0.05570789463543749,0.07163855368939971
30184,Noah Cameron,SP,0.923914892979851,0.7995769883442392,0.9210858029846622,1.0563720909586183,0.29426088769059444,0.23288501779033166,0.2919725060637683,0.362290438381399,0.8577159190004151,0.7784294465336854,0.8565547729468537,0.9414293662611334,0.3833597514800772,0.32225800926097953,0.38145164780087487,0.45112779172524436,0.06496712448624577,0.056070377549881,0.06477075428740942,0.07485472101451379,0.0815259817541517,0.06179592509755576,0.0806073251956764,0.10461456651134206
30203,Jackson Jobe,SP,0.890745385363362,0.7345246183813234,0.885047206245801,1.0714705301217573,0.4420668799774155,0.3335520261757795,0.4380594019081602,0.5646189539647184,0.9393878531022452,0.8264664653681977,0.9361595349061654,1.0638501914703822,0.49675347413460397,0.39695636445110943,0.4924769698922143,0.6123110076056603,0.05261820499325395,0.0425748248477152,0.05209966389486888,0.06409043365585781,0.05375480316195,0.0370609572687966,0.05276350682493433,0.07404375294815821
30240,Hunter Dobbins,SP,0.8425596007024482,0.70764325100873,0.837803714819012,0.9919996246459892,0.2949358745130695,0.22140644364834988,0.2921390671913307,0.37841976833497526,0.984134724948611,0.8787133731355126,0.9811650002283008,1.0947182504974893,0.47473442366486723,0.3905930968765138,0.4718088164176223,0.5673257068243677,0.05557901728575651,0.04700278374087882,0.05526673099268198,0.06513966959125014,0.06555227789180801,0.048536648202358076,0.06446554840476575,0.08635994952172646
30279,Bryan Woo,SP,1.0486673142304601,0.9325203813178374,1.0456215598671683,1.1726563669179113,0.20601326863433927,0.16888984997380402,0.20517430285966323,0.24617308555898604,0.8037034431281807,0.7387375556039181,0.8021213107427345,0.8745392450279943,0.33022091943644793,0.2834538083679912,0.3286547680841441,0.3830103213683336,0.07291172781323367,0.06348504004972966,0.07259775024759088,0.08346311537446131,0.1016353929011973,0.07966449277073086,0.10049099791182131,0.12715668867980878
31204,Justin Wrobleski,SP,0.8259857096277734,0.6671244869192042,0.8206448328631781,1.0021233411186077,0.4113719629271446,0.3041115983699898,0.40620792802084504,0.5367838383920848,1.0408007583597239,0.911252367779415,1.0389255173497864,1.1817959521890506,0.5765297095550843,0.45548061183202887,0.5717659298780323,0.7100619588984514,0.046780313936140384,0.03796846038961702,0.046509240197664226,0.05696672307300013,0.04646792224839211,0.0322325126812823,0.045595364009694245,0.06387076338549103
31312,Colton Gordon,SP,0.8204587298244035,0.6980323378558201,0.8170465899878991,0.9553395868789861,0.2761978671064166,0.21209340705372198,0.27434816849172083,0.347767587252585,1.0758110448838976,0.9676296574429317,1.0740541737891998,1.19071544481693,0.5436140047042519,0.4520432559698905,0.5402237956208542,0.6489814782081946,0.05045333711831549,0.04292965888329506,0.05036270540988136,0.05841633593676222,0.0570906985192074,0.04281323204618762,0.05621992494053814,0.07434216969495702
31318,Gunnar Hoglund,SP,0.7922375904096118,0.6438031749381093,0.7862201487176633,0.9605812261137007,0.3524583224101638,0.2559775909109769,0.3479814752161985,0.46234725917948155,1.0917345058766577,0.9603745315570812,1.086947754561812,1.2360674363306068,0.5860195017900025,0.47327516655255,0.5810409801701348,0.7199994157847451,0.0473123809606682,0.03902875272522659,0.04694887102228197,0.056380693659368784,0.05051031297951027,0.03577854694582451,0.04963585779587938,0.06876254189452717
31475,Logan Henderson,SP,1.199093535422863,0.96313984779857,1.1921147798952216,1.4619397701876486,0.3057245517233232,0.21207412573174939,0.3000345359060519,0.41904169721454354,0.7558381962109817,0.6476330912132912,0.7523384063324793,0.8755306729684256,0.3382325451631244,0.2583092026966316,0.334942814392324,0.43223124617784836,0.07168218828672418,0.056676304178763556,0.0707943189481055,0.08959511433299619,0.08883986450971365,0.05898294004064241,0.08653890599840217,0.1271217933134691
31508,Caden Dana,SP,0.963383554355073,0.7689214272971223,0.9555657962895984,1.1834446841959259,0.48442904574715895,0.3557726006563435,0.4771053677669055,0.6371198922752316,0.9979031010375149,0.8637323752649207,0.9946201794776699,1.1447856049320648,0.5891544776778815,0.46161334087139744,0.58205607745543,0.7368720219666213,0.0450790682309047,0.03511687384897563,0.044626781270749906,0.05635631625376236,0.04147514242799427,0.027326187999310976,0.04042726133360642,0.05903702085807058
31612,Carson Palmquist,SP,0.773032026620814,0.6266600510637006,0.7653828940459418,0.9383301196992954,0.553282691255757,0.41590228029738274,0.5487233893332504,0.7086236464637194,1.2013213208195512,1.057503666753324,1.1988263698137356,1.353452861779719,0.7714731083343572,0.6246811255546425,0.7664986385265511,0.9376448952618521,0.03772840587468041,0.030772119726003626,0.037544366142552146,0.04532536636418349,0.03274916611897361,0.023327813258018068,0.03209201876561555,0.04443774938406145
31623,Jacob Misiorowski,SP,1.215655849933888,1.0298339365399805,1.210689492093285,1.419359790752908,0.4101382521362546,0.3147071332838277,0.40558375571748756,0.5202729963589064,0.8255125188023029,0.7341189965729787,0.8235414977773322,0.9215460919123039,0.42718429333745533,0.3485633392163218,0.42484810750674007,0.5159012657284403,0.059444031669012985,0.049171742360763215,0.05910333804051036,0.07070636466028436,0.06318140665130234,0.045756054069588374,0.06212717587898779,0.08495299582933066
31635,Hayden Birdsong,SP,1.1606971397581303,0.9831477548372164,1.1561086670736964,1.3539530813697869,0.5118726431670235,0.40345613514240675,0.5074544366872974,0.6324413483906564,0.862273883934316,0.768526282634068,0.8603974488280395,0.9612189635960131,0.48450571581171514,0.39744590635974186,0.48214481736459164,0.579931204369337,0.05294833036168536,0.04306912475030742,0.05258104453291597,0.06408508858224043,0.04913997848678139,0.03490252664193954,0.04819943662576234,0.06668645321861506
31676,Carson Whisenhunt,SP,0.8561199482909639,0.6862961180918231,0.849665261525586,1.0525826314127786,0.4049485153557258,0.28961045166564564,0.3973874287570832,0.5466918937040842,1.005384388711022,0.8679464536533129,1.00228504169717,1.1587137974557788,0.5383334670723902,0.4155433930040026,0.5333486235239566,0.6765693659729075,0.0503489468630713,0.04076157306217426,0.05000843432469604,0.061475732532759245,0.05237562443507016,0.03607420586997152,0.05116286914125337,0.0729868888456167
31687,Shane Smith,SP,1.0226478370874263,0.888525246516046,1.0194489090170735,1.1718322417537734,0.36253433333825386,0.29415158022005544,0.3600925972850709,0.4387870522527088,0.8653419438594739,0.7873063819792003,0.8644131389989738,0.9486261810505641,0.42612875865404776,0.35920889666093003,0.42486192487384,0.4976883747671892,0.05956687719644657,0.05126738105229706,0.05929273014257255,0.06843964895910501,0.06750741783994556,0.05111573009497278,0.06648063453224808,0.08711438625973733
31730,Jonathan Cannon,SP,0.8193321611854312,0.7147784816115271,0.8174731173857996,0.9319980206851817,0.3280129291669251,0.27044037186170927,0.3257848987159587,0.39210849158945466,1.0343022190447153,0.9504983227955667,1.0331283366269624,1.1228546860850335,0.5344322364568168,0.4592120507280529,0.5328523765824548,0.617652479842323,0.04979916876503905,0.04291185585264853,0.049649521531082236,0.05710822911639492,0.05446351221455014,0.04139193346425858,0.05377787043486147,0.06987131754757799
31741,Mason Barnett,SP,0.8294708415444368,0.6590725882922619,0.8231385642632147,1.0160166865894766,0.4181275463192692,0.2975945137194647,0.41145716604591076,0.5600219261874755,1.0812858036375685,0.9270857669257473,1.077819047158686,1.2452745628620354,0.6112065484053628,0.47356142383168887,0.6065154228815357,0.7654315173905734,0.04555566515538886,0.036696667765815726,0.045248496145175565,0.055602761479050695,0.04540724478966104,0.031100109763217816,0.04429851363168014,0.06354975792155752
31757,Mason Miller,SP,1.0714112712845363,0.8786765266286928,1.0655370725414268,1.2837524700980074,0.38476845338277593,0.27918993743033466,0.37872620241386534,0.5112570332342472,0.8546358507006239,0.7438519392017015,0.8521245202957881,0.972126924756062,0.4283204843181658,0.33711968331638953,0.42460482561377233,0.5317740323888238,0.05909978058523193,0.04822499957934991,0.05867698252539659,0.07127624387531685,0.06704041480232792,0.04687035116185733,0.06542924157176001,0.09288910245071827
31827,Zebby Matthews,SP,0.9938814956545059,0.8562526766169992,0.9903171308948637,1.1429687000616773,0.309802792387348,0.2427515659572728,0.3074993417336286,0.3835646435765224,1.0387344647364802,0.9404127480120834,1.0368592635325795,1.1437703377687718,0.5560116319691116,0.4680778004984086,0.5536940450562002,0.6541640421419842,0.049430319407300395,0.042019385378111035,0.04921336522454789,0.05741958113319201,0.05365322427259039,0.04042607067685314,0.05275851295534735,0.06982882942461623
31838,Kodai Senga,SP,1.0466777580908317,0.8982762303648993,1.0424077355535635,1.2075892554007852,0.4520438585156497,0.36535607861637615,0.44983815787194525,0.5486768870478832,0.8071626341022339,0.7193856337145801,0.8059348843941657,0.9030652828143112,0.3890376323932464,0.3143907075202032,0.386856068365501,0.4724416588115908,0.0661384858858214,0.053590169882038734,0.06571081568524606,0.08066801913464601,0.07646328421686245,0.054394484161034755,0.07508813693332095,0.10260540227262184
31843,Kumar Rocker,SP,0.8656734876338409,0.725373217631271,0.8606944527624676,1.0199889027719222,0.347456153093374,0.26427317458703387,0.34416894857147695,0.44057729613480945,1.035678251568604,0.9275672771689645,1.0315981471573055,1.1508789008392835,0.546256110501379,0.45158405660823164,0.5427148102920163,0.6529270306137105,0.05000487311847915,0.04236777761469873,0.04983650628381973,0.058426505679453226,0.05434058996832524,0.040389962642918394,0.053458298220096526,0.07140854841833755
31846,Spencer Schwellenbach,SP,1.0146234181942635,0.8892694637938411,1.01281354016596,1.1476646370448227,0.20293116896026284,0.1611570010001531,0.20162452536461667,0.2488614860028465,0.8504372438127289,0.775716659165172,0.8498050111976878,0.9284603308651591,0.35528807534951845,0.30007666071417055,0.3540147690112384,0.4156689084365436,0.06938025436356293,0.05997534682004614,0.06905048497014893,0.07985314080006421,0.09878284826115027,0.07628228861516106,0.09715261541083198,0.126641883312281
31872,Cade Horton,SP,0.915522239033009,0.7862377196240925,0.9128197737199213,1.0551596909007352,0.27755088854676147,0.21695509640281202,0.2755140690966457,0.34536278855702895,0.8365905317451297,0.7547644464088057,0.835085652936142,0.9224985700274996,0.3659268019775361,0.3038785101723579,0.36375510364570474,0.4317963268838044,0.06714016630109955,0.05641777127508154,0.06679524752947333,0.07935037018433509,0.08109049838227125,0.06005271512443599,0.0799652822447332,0.10548529331897573
31900,Adam Mazur,SP,0.7701360658964111,0.6450522824347097,0.7660129602832595,0.9084043921494808,0.4282807628479014,0.3307045959430842,0.4256986759760041,0.5379877475735896,1.09842234224956,0.9847382315526698,1.0958738473027192,1.2211399813218808,0.6180447180146252,0.5130681414147915,0.614625709268714,0.7347239760373471,0.04454583600535024,0.037420940675681934,0.044348461380805206,0.052176727849060044,0.04440356778217199,0.032579592421694836,0.043828100469219894,0.05845760814736032
31967,Drew Thorpe,SP,0.7931680741711441,0.6398823106413454,0.78877974136398,0.9580788650623785,0.39714673574274706,0.29555135446078984,0.3917372489255407,0.5165523907460619,0.9845553495168817,0.8686433819465094,0.9823051560660281,1.1083363617993538,0.5096228407894321,0.40903054854955756,0.5054056902050426,0.624058568812432,0.05212383568250363,0.04254602378009134,0.051851044490131004,0.0628127066653647,0.057607298917975946,0.04082928811421899,0.05630865203787322,0.07920811457870734
31986,Parker Messick,SP,0.9471069348442319,0.7796440508247783,0.9421950270902189,1.133528553276689,0.24110082860816928,0.17298013660022235,0.23675858392035865,0.32161656431128277,0.9073353522791034,0.7925988202688201,0.9048480221762715,1.0297733693027054,0.4043009124107772,0.3205475056630618,0.4020057412565608,0.4974983590170853,0.06303197576577672,0.0519107964249032,0.06257624525531652,0.07570625993446695,0.08229668440696258,0.05801446016197949,0.08050090305446808,0.11246766641329595
32095,Cam Schlittler,SP,1.129475587343214,0.9607029815786254,1.1244882148073925,1.3162420023294945,0.3618855751043492,0.2792696245764995,0.3576295080522828,0.4555772530997634,0.8083331905463825,0.723477405937915,0.8068866155469094,0.8996795872388367,0.3864120521141502,0.3176515309655327,0.38418544954490647,0.46269969793387117,0.06401296632510448,0.053845562928127574,0.06371662713751623,0.07523326102541054,0.07545684982355631,0.05547627694150498,0.07428246721792646,0.09937267365803445
32227,Luis Morales,SP,0.9707618335244526,0.7989597974524909,0.9644092391231396,1.163972475464836,0.33548804786208375,0.24508076763933284,0.3314999933142597,0.4412608766859339,0.842761924954837,0.7351955836777162,0.8406820721098854,0.9567436857420325,0.39590114326655573,0.311606832952779,0.3928364335458706,0.48821259935460076,0.06262308654557759,0.05035678022963828,0.06213500679316463,0.07666335435175807,0.07324927837662452,0.05075426882365182,0.07150417538006873,0.10139263054266325
33482,Chase Dollander,SP,0.8644159474502002,0.7349007841893294,0.8597692500793215,1.0047094481153522,0.44595430508970735,0.3584375990737593,0.4435165451516029,0.5435653508581331,1.063006896911095,0.9637067086518072,1.0608579300387433,1.1707149433543365,0.6183692749613673,0.5189435684607439,0.6148661826602718,0.7256281462111124,0.04400696636861364,0.036561029900311015,0.04382629533783379,0.05191232178665448,0.04257301255165751,0.03156485852425855,0.041995244961253016,0.05609901696112193
33527,Hurston Waldrep,SP,1.0319047378018102,0.8619856405155942,1.0266339582917787,1.2197561887460295,0.33687289870009174,0.2533451768188857,0.33353344452119815,0.43434738660937144,0.8193361859429921,0.7227906735763041,0.8185825492737464,0.9214311683975537,0.37980438058049393,0.3030343476511797,0.37822949634401387,0.46211236601657957,0.06559417672922059,0.05404298323427077,0.06509272210505511,0.07943699926651127,0.0780243341554028,0.05595422474880077,0.07666940472913024,0.10512077386584
33628,Mitch Farris,SP,0.9167215525831198,0.7330042315827249,0.9091168010103653,1.1274288455960952,0.3994830581631846,0.28790344647919613,0.39375856254722474,0.533102715991153,1.0050974561884876,0.866958781986836,1.0021712997957022,1.1542412427785966,0.5483796898257631,0.43000398144409935,0.5423939539199494,0.6857312774387512,0.0495250065885422,0.03997951870914124,0.04915373282379823,0.05995336861805275,0.05158754795045921,0.03543327122732038,0.0503916033408527,0.07154050759534482
33677,Paul Skenes,SP,1.1876008575626449,1.0600023138081442,1.1849609135858623,1.32486084316467,0.23113031892244446,0.19122793876072208,0.2298116222271025,0.2758193988990638,0.7155752142255383,0.6571684744001712,0.7141264855852674,0.7773177088966621,0.2822799453709646,0.24210766091296415,0.2811068461730962,0.3264794662489437,0.07905024780561459,0.06808837668577773,0.07884423928080157,0.09133068503463232,0.11262368330444263,0.08802482231666753,0.11106918373990562,0.14128162002073816
33699,Logan Evans,SP,0.8264162229594705,0.6952731052470736,0.822385012708396,0.9700383920073954,0.35056862468508354,0.27233758226697213,0.3465326250138718,0.44088611487390317,0.992272053639424,0.8927772005043573,0.990426262149384,1.0991377446774904,0.5020238924910905,0.41679889222829236,0.49963317873706947,0.5961511585696267,0.052942970709856235,0.044794293713078984,0.052751966216475724,0.06164008969661093,0.057474027547625574,0.04257847379817469,0.05661969981922625,0.07522960396359601
33703,Nolan McLean,SP,1.1745918138416382,0.9779595551372592,1.168061913657659,1.384929616751022,0.3024692304297137,0.2223673965146414,0.297660281262825,0.396683528929098,0.7448352566260507,0.6523299619966776,0.7428297546685553,0.8448556869949371,0.3253986042685541,0.2597017637127441,0.3231092378963172,0.39935965387814704,0.0736337321545017,0.06013271929003317,0.07299624475707188,0.08928475110285777,0.09351751523218645,0.06534051564280326,0.09166387051461955,0.12714500405923318
33825,Yoshinobu Yamamoto,SP,1.1775684391070966,1.0407248364393162,1.1739080299834042,1.324964362023205,0.2898184054751306,0.23825728941640092,0.28805174708538545,0.3485339098263337,0.7535267223116077,0.6881643511341309,0.7525686205157768,0.8224179092966482,0.3254241197433625,0.2759413879202898,0.3239733306302804,0.3801391658460177,0.07422612097509382,0.06470941038414742,0.07390610529594609,0.08500308227225703,0.09895905608363845,0.0767367391511843,0.09788103702417063,0.12509244250467969
33829,Shota Imanaga,SP,0.9030104722457376,0.7871304457644505,0.9008032948202721,1.0270677135201554,0.1863365389921059,0.14851880067214956,0.18435336223755397,0.22953025463993865,0.8804604356952965,0.7959108616664534,0.8775442713469124,0.9758799225366038,0.36026592839016003,0.2977368816322912,0.3581207551111698,0.4313946420163982,0.07181717088755192,0.05973089777208237,0.07124662118283022,0.08576380879531102,0.10291230366149236,0.07639265132779055,0.10158961145481513,0.13460728607542283
33838,Yariel Rodríguez,SP,0.9665627381878931,0.8230857044401577,0.9630272703119567,1.123005840992393,0.4142913476152384,0.3249591776901432,0.4102614127664961,0.5189326489893896,0.9365808110237223,0.8377999813868401,0.9346902060213718,1.0426487999210685,0.49567605750019467,0.4092905726024491,0.49283544010690616,0.5928796088744043,0.05378178461289351,0.045561194293614285,0.05360405763473526,0.06259259644418937,0.05746878458443779,0.04238691310418142,0.05668736208336661,0.07537984348688723
33876,Rhett Lowder,SP,0.9204113309389591,0.7391085639620076,0.9142645641958949,1.1240638268648535,0.3598745532882434,0.2598114750213212,0.3545250627854439,0.47704129523819394,0.8425893229488347,0.723409209770728,0.8390790735159581,0.9720483372228901,0.3941957520151331,0.30323542817050464,0.39104144020655085,0.4958826006192607,0.06216634177181509,0.04904884630258899,0.06156873048276703,0.07753128415035374,0.07203838362662386,0.04827579378705377,0.07006518710267724,0.10233129497398749
35321,Tomoyuki Sugano,SP,0.6657579866763382,0.5558079545339173,0.6624703245860353,0.7869837433743435,0.24518728555706332,0.18655276222089623,0.2431917707732586,0.31161833550532164,1.1209151560727968,1.0061451247467321,1.1189616625618186,1.243856181226932,0.5376090345647909,0.44394482314110006,0.5347050563878626,0.642286702474237,0.0552496763549073,0.04295296783086711,0.05463878530875195,0.06987183549282161,0.06431997301369817,0.043778062193408164,0.06307181889617247,0.08908628711395666
35323,Roki Sasaki,SP,0.8987794818476504,0.7308300982917371,0.8920052782373098,1.0865760672541418,0.45908616814172937,0.3399375917740843,0.4530587734854271,0.5990895251893819,0.9523873963465506,0.8309979366884743,0.9488565807418636,1.0841959107728114,0.5151529995754884,0.4069348655506106,0.5104126157707389,0.6373936331085398,0.05075947650203128,0.041114080103049004,0.05027835690325713,0.06134125528496341,0.05165988126591518,0.03591671166360781,0.05043703833993297,0.07156965350062224
35333,Chase Burns,SP,1.274950579617774,1.0622923469744705,1.265987633014297,1.5102045583102761,0.36989327868223637,0.271957603075697,0.36536507595542966,0.4838651305391652,0.8576914047005177,0.7513911548119439,0.8557916903993668,0.9738947203562992,0.4522310006005569,0.35874041035230186,0.4492765558952089,0.5558451367316537,0.055793890150946365,0.04424630089909399,0.05534536271860853,0.06887742374123704,0.058848316947895385,0.0402180715591569,0.0575803888348763,0.0820208204337401
