Name,Team,W,L,QS,ERA,G,GS,SV,HLD,BS,IP,TBF,H,R,ER,HR,BB,IBB,HBP,SO,K/9,BB/9,K/BB,HR/9,K%,BB%,K-BB%,AVG,WHIP,BABIP,LOB%,GB%,HR/FB,FIP,WAR,RA9-WAR,ADP,InterSD,InterSK,IntraSD,Vol,Skew,Dim,FPTS,FPTS/IP,SPTS,SPTS/IP,P10,P20,P30,P40,P50,P60,P70,P80,P90,TT10,TT20,TT30,TT40,TT50,TT60,TT70,TT80,TT90,NameASCII,PlayerId,MLBAMID
"Tarik Skubal","DET",14.1766,6.54757,18.1929,2.71777,29.6222,29.6222,0,0,0,190.276,743.125,144.907,62.4549,57.4585,18.5763,38.0944,0.658608,6.42222,230.726,10.9133,1.80186,6.05669,0.878654,0.310481,0.0512624,0.25921813026070595,0.207422,0.961767,0.281167,0.767838,,,2.681,5.95419,5.92546,5.909999847412109,3.38061,-2.19789,2.02938,3.38061,2.19789,2.29417,1125.3,5.922631578947368,1033,5.436842105263158,,,,,,,,,,,,,,,,,,,"Tarik Skubal","22267",669373
"Paul Skenes","PIT",12.2289,7.73818,17.4851,2.74565,29.8408,29.8408,0,0,0,184.619,732.047,142.904,61.2197,56.3221,15.3339,45.4242,0.838629,6.47753,221.525,10.7991,2.21439,4.8768,0.747515,0.30261,0.0620509,0.24055911973118782,0.210108,1.02009,0.287783,0.761764,,,2.65846,5.69916,6.02394,9.789999961853027,2.5785,0.131712,1.77955,2.5785,-0.131712,2.62727,1103.7,5.965945945945946,1021,5.518918918918919,,,,,,,,,,,,,,,,,,,"Paul Skenes","33677",694973
"Garrett Crochet","BOS",13.4227,7.5794,15.1706,3.04516,28.5028,28.5028,0,0,0.687426,176.8,706.266,141.526,65.0222,59.8204,18.9675,45.2965,1.74863,4.95608,217.186,11.0558,2.30582,4.79475,0.965543,0.307512,0.0641352,0.24337702989578247,0.215736,1.05669,0.291903,0.759979,,,2.92566,4.91882,4.93401,9.9399995803833,5.14247,-1.29716,1.40161,5.14247,1.29716,3.13118,990.8999999999999,5.598305084745762,922,5.209039548022599,,,,,,,,,,,,,,,,,,,"Garrett Crochet","27463",676979
"Logan Webb","SFG",13.3007,9.5392,17.0229,3.30052,30.0452,30.0452,0,0.17773,0,194.47,799.495,183.831,77.5185,71.317,15.5129,43.9252,0.899738,5.83118,183.628,8.49824,2.03284,4.18047,0.717929,0.22968,0.0549412,0.17473886534571648,0.245193,1.17116,0.305701,0.729174,,,3.05122,4.85863,4.4338,56.68000030517578,4.76605,-0.743405,1.15033,4.76605,0.743405,3.46623,978.4000000000002,5.043298969072166,980,5.051546391752577,,,,,,,,,,,,,,,,,,,"Logan Webb","17995",657277
"Cristopher Sánchez","PHI",11.9458,7.38769,16.483,3.19856,28.9124,28.9124,0,0,0,185.72,758.278,166.658,71.7435,66.004,15.9447,45.34,2.15725,5.83446,179.461,8.69672,2.19718,3.95813,0.772684,0.23667,0.0597934,0.1768764853477478,0.235692,1.1415,0.294537,0.739446,,,3.14527,4.52303,4.80178,26.239999771118164,3.83584,-1.15946,1.09082,3.83584,1.15946,3.54557,950.4000000000001,5.109677419354839,927,4.983870967741935,,,,,,,,,,,,,,,,,,,"Cristopher Sanchez","20778",650911
"Chris Sale","ATL",10.8279,6.07128,13.6949,3.1867,24.9393,24.9393,0,0,0,152.52,618.351,125.619,58.7,54.004,16.2032,39.7158,0.643139,8.6137,187.362,11.056,2.34357,4.71758,0.956126,0.303003,0.0642286,0.23877481371164322,0.220375,1.08402,0.298578,0.747525,,,3.00994,3.8055,3.89305,36.209999084472656,3.74492,-0.261847,1.06022,3.74492,0.261847,3.58637,834.8000000000001,5.4562091503267975,784,5.124183006535947,,,,,,,,,,,,,,,,,,,"Chris Sale","10603",519242
"Yoshinobu Yamamoto","LAD",12.2626,6.62449,13.6963,3.24215,26.3524,26.3524,0,0,0,159.687,646.206,128.854,62.5275,57.5253,15.7408,46.8133,0.724512,4.96182,173.712,9.79048,2.63842,3.71074,0.887156,0.268818,0.0724433,0.19637516140937805,0.216769,1.10008,0.279308,0.736443,,,3.21361,3.76666,3.80289,25.09000015258789,4.14788,-0.0221894,1.02612,4.14788,0.0221894,3.63184,843.8000000000001,5.273750000000001,784,4.9,,,,,,,,,,,,,,,,,,,"Yoshinobu Yamamoto","33825",808967
"Cole Ragans","KCR",9.69196,7.76708,12.7102,3.42148,25.7053,25.7053,0,0,0,150.417,614.68,119.29,62.1556,57.1832,15.8531,52.8837,1.71338,4.79319,186.45,11.156,3.16423,3.52567,0.948552,0.303329,0.0860345,0.21729456633329391,0.214164,1.14465,0.291619,0.733555,,,3.17649,3.72177,3.23086,48.150001525878906,4.08109,-0.265951,0.869696,4.08109,0.265951,3.84041,801.8000000000001,5.3453333333333335,740,4.933333333333334,,,,,,,,,,,,,,,,,,,"Cole Ragans","21846",666142
"Framber Valdez","DET",12.7784,9.53195,15.6576,3.49196,28.4283,28.4283,0,0,0,183.384,765.01,163.579,77.3391,71.1519,15.5493,59.9725,0.711355,7.81202,172.094,8.44594,2.9433,2.86955,0.763121,0.224957,0.0783945,0.14656240493059158,0.234614,1.21904,0.290492,0.724604,,,3.46944,3.63124,3.69246,94.52999877929688,3.56615,-3.27802,1.10499,3.56615,3.27802,3.52669,871.0000000000001,4.759562841530055,847,4.628415300546448,,,,,,,,,,,,,,,,,,,"Framber Valdez","17295",664285
"Dylan Cease","TOR",10.5805,9.74119,12.6901,3.74707,29.4357,29.4357,0,0,0,172.727,717.463,143.343,78.1665,71.9132,21.1852,66.165,1.50001,5.31965,204.619,10.6617,3.44755,3.09255,1.10387,0.285197,0.0922208,0.19297665357589722,0.221901,1.21295,0.290732,0.730289,,,3.60191,3.6249,2.84651,74.52999877929688,5.83773,-1.16484,1.13168,5.83773,1.16484,3.4911,847.1000000000001,4.896531791907515,789,4.5606936416184976,,,,,,,,,,,,,,,,,,,"Dylan Cease","18525",656302
"Max Fried","NYY",13.7017,7.97701,15.7422,3.33869,28.4537,28.4537,0,0.174837,0,178.486,734.993,156.328,71.9697,66.2122,16.4538,52.3004,0.848492,6.97066,168.711,8.50711,2.6372,3.22581,0.829669,0.229541,0.0711577,0.1583833172917366,0.23135,1.16888,0.285134,0.736335,,,3.43931,3.56744,4.01755,56,2.27783,-2.09632,1.10503,2.27783,2.09632,3.52663,875.8000000000001,4.920224719101124,843,4.735955056179775,,,,,,,,,,,,,,,,,,,"Max Fried","13743",608331
"Hunter Brown","HOU",12.1617,8.50439,15.6686,3.48653,29.2073,29.2073,0,0,0,178.103,734.294,151.416,74.9953,68.9957,19.5704,57.706,1.49094,6.89311,192.652,9.7352,2.91603,3.33851,0.988943,0.262363,0.078587,0.1837764009833336,0.226096,1.17416,0.288203,0.738081,,,3.48835,3.55245,3.50795,39.619998931884766,3.33969,0.314376,1.01967,3.33969,-0.314376,3.64044,869.6,4.885393258426967,821,4.612359550561798,,,,,,,,,,,,,,,,,,,"Hunter Brown","25880",686613
"Jesús Luzardo","PHI",11.495,9.20998,14.0009,3.65707,28.5866,28.5866,0,0,0,170.471,699.281,145.838,75.2926,69.2692,20.8697,52.3883,0.796855,4.98499,188.162,9.93399,2.76584,3.59167,1.10181,0.269079,0.0749174,0.19416122883558273,0.227194,1.16282,0.288693,0.72738,,,3.52877,3.50999,3.36808,68.44000244140625,3.22799,-0.304816,0.936537,3.22799,0.304816,3.75128,825.1,4.853529411764706,782,4.6,,,,,,,,,,,,,,,,,,,"Jesus Luzardo","19959",666200
"Hunter Greene","CIN",10.1345,8.08531,13.7031,3.66157,27.7156,27.7156,0,0.171821,0,165.716,676.454,131.493,73.2826,67.42,24.4179,53.1792,0.58411,9.50134,198.872,10.8007,2.88816,3.73965,1.32613,0.293992,0.0786147,0.2153768613934517,0.214237,1.11439,0.274211,0.740193,,,3.78523,3.46025,3.56137,45.59000015258789,1.99418,0.717977,1.01293,1.99418,-0.717977,3.64942,801.6,4.828915662650602,727,4.379518072289157,,,,,,,,,,,,,,,,,,,"Hunter Greene","22182",668881
"Sonny Gray","BOS",11.6861,8.66646,13.3483,3.79513,28.1153,28.1153,0,0,0,168.052,691.891,154.255,77.0265,70.8643,20.9006,43.428,0.650391,5.17618,177.196,9.48967,2.32578,4.08021,1.11933,0.256103,0.0627671,0.1933360993862152,0.239792,1.17632,0.299545,0.716394,,,3.51079,3.44718,3.01245,119.26000213623047,2.56139,-0.991684,0.93736,2.56139,0.991684,3.75019,794.5000000000001,4.729166666666667,777,4.625,,,,,,,,,,,,,,,,,,,"Sonny Gray","12768",543243
"Bryan Woo","SEA",13.296,8.30448,15.3066,3.39926,29.3033,29.3033,0,0,0,182.522,729.725,150.577,74.9321,68.9375,24.1269,37.6964,0.922025,6.94018,183.936,9.06975,1.85878,4.87941,1.18968,0.252062,0.0516583,0.20040391758084297,0.219792,1.03151,0.265081,0.733621,,,3.57173,3.41578,3.31379,40.18000030517578,3.72062,-0.0415819,1.34749,3.72062,0.0415819,3.20335,899.4,4.914754098360656,836,4.5683060109289615,,,,,,,,,,,,,,,,,,,"Bryan Woo","30279",693433
"Jacob deGrom","TEX",9.78577,6.63755,11.7341,3.43584,25.3853,25.3853,0,0,0,152.065,605.795,124.59,63.1005,58.0524,20.8294,34.352,0.54488,4.34331,170.832,10.1107,2.03313,4.97297,1.23279,0.281996,0.0567058,0.22529024630784988,0.219697,1.04522,0.276372,0.738488,,,3.43241,3.32808,3.05267,46.060001373291016,2.63948,-0.83901,1.07485,2.63948,0.83901,3.56686,769.5,5.0625,715,4.703947368421052,,,,,,,,,,,,,,,,,,,"Jacob deGrom","10954",594798
"Logan Gilbert","SEA",10.1389,7.85953,13.3083,3.43317,27.8527,27.8527,0,0,0,164.467,655.54,135.233,68.1935,62.738,21.7426,36.2072,1.10604,5.50229,183.73,10.0541,1.98134,5.07441,1.1898,0.280273,0.0552325,0.22504021972417831,0.22031,1.0424,0.277918,0.732242,,,3.3803,3.25497,2.87639,36.060001373291016,2.22861,-0.621969,1.17027,2.22861,0.621969,3.43964,834,5.085365853658536,776,4.7317073170731705,,,,,,,,,,,,,,,,,,,"Logan Gilbert","22250",669302
"Ranger Suárez","BOS",11.2716,8.5319,13.4754,3.68333,26.9803,26.9803,0,0,0,164.033,685.553,156.381,72.9696,67.132,16.9863,46.5449,0.820425,5.29042,147.294,8.08157,2.55378,3.16455,0.931988,0.214854,0.067894,0.1469602733850479,0.246767,1.2371,0.296939,0.725425,,,3.63345,3.20326,3.16878,165.75999450683594,2.79659,0.68589,0.855079,2.79659,-0.68589,3.85989,736.9000000000002,4.493292682926831,737,4.4939024390243905,,,,,,,,,,,,,,,,,,,"Ranger Suarez","17277",624133
"Joe Ryan","MIN",11.286,9.52287,13.4757,3.81278,27.9772,27.9772,0,0,0,168.485,682.094,145.524,77.584,71.3773,25.3553,38.0795,0.568754,8.19932,185.273,9.89678,2.0341,4.86543,1.35441,0.271624,0.0558274,0.21579671278595924,0.228878,1.08973,0.282626,0.715835,,,3.71625,3.16612,2.63477,64.76000213623047,1.92524,0.988509,1.11826,1.92524,-0.988509,3.50899,788.1,4.691071428571429,747,4.446428571428571,,,,,,,,,,,,,,,,,,,"Joe Ryan","21390",657746
"Kevin Gausman","TOR",11.4067,9.9978,13.8102,3.93597,29.0995,29.0995,0,0.17571,0,179.377,739.829,163.164,85.2684,78.4469,23.9859,50.8036,1.07617,3.87409,175.386,8.79976,2.549,3.45224,1.20346,0.237063,0.0686695,0.16839374601840973,0.238142,1.19283,0.286504,0.713459,,,3.83243,3.10122,2.48673,115.73999786376953,3.38477,-0.116105,1.01113,3.38477,0.116105,3.65183,790.6000000000001,4.416759776536313,768,4.290502793296089,,,,,,,,,,,,,,,,,,,"Kevin Gausman","14107",592332
"George Kirby","SEA",11.574,8.9878,13.5056,3.62512,27.9028,27.9028,0,0,0,165.03,668.584,150.694,72.2529,66.4727,20.2073,31.2948,0.644376,6.58636,160.962,8.77812,1.70668,5.1434,1.10201,0.24075,0.0468076,0.19394250214099884,0.23893,1.10276,0.290271,0.713968,,,3.46486,3.08264,2.48317,63.59000015258789,3.07156,-0.446755,0.904943,3.07156,0.446755,3.79341,790.4,4.79030303030303,773,4.684848484848485,,,,,,,,,,,,,,,,,,,"George Kirby","25436",669923
"Spencer Schwellenbach","ATL",10.473,7.15809,13.4962,3.55301,24.8915,24.8915,0,0,0,155.986,630.621,139.509,66.9345,61.5797,18.4563,31.5557,1.25327,5.63823,152.732,8.81228,1.82069,4.84007,1.06488,0.242193,0.0500391,0.1921539008617401,0.23509,1.09667,0.286693,0.717022,,,3.43035,3.02052,3.20736,81.08999633789062,2.68567,0.463663,0.835662,2.68567,-0.463663,3.88578,761,4.878205128205129,738,4.730769230769231,,,,,,,,,,,,,,,,,,,"Spencer Schwellenbach","31846",680885
"Kyle Bradish","BAL",8.39642,6.93218,10.6799,3.60387,25.231,25.231,0,0,0,140.717,580.703,120.391,61.2472,56.3474,15.941,44.5348,0.546859,6.28947,151.284,9.67583,2.84836,3.39698,1.01956,0.260519,0.0766912,0.18382753431797028,0.227206,1.17204,0.288017,0.727017,,,3.54119,2.98695,2.54209,70.79000091552734,2.90179,-0.848217,0.550811,2.90179,0.848217,4.26559,683.6000000000001,4.8482269503546105,646,4.581560283687943,,,,,,,,,,,,,,,,,,,"Kyle Bradish","24586",680694
"Nathan Eovaldi","TEX",10.6994,7.84655,13.0275,3.65348,24.8535,24.8535,0,0.170573,0,152.968,621.582,133.506,67.4957,62.096,18.0531,36.6895,0.948684,6.25082,147.717,8.69106,2.15867,4.02612,1.06218,0.237646,0.059026,0.17862016707658768,0.230724,1.11263,0.279635,0.708661,,,3.58019,2.91916,2.6741,151.75999450683594,5.13579,0.991536,0.781695,5.13579,-0.991536,3.95774,729.4,4.767320261437908,698,4.562091503267974,,,,,,,,,,,,,,,,,,,"Nathan Eovaldi","9132",543135
"Pablo López","MIN",9.74036,7.87466,11.8969,3.78951,25.9308,25.9308,0,0,0,154.818,640.372,143.831,70.8557,65.1872,18.9267,39.3035,0.797347,6.7169,154.945,9.00737,2.28482,3.94227,1.10026,0.241961,0.061376,0.18058477714657784,0.241996,1.1829,0.297051,0.716808,,,3.61453,2.9067,2.53317,139.17999267578125,3.02464,-1.59771,0.627129,3.02464,1.59771,4.16383,710.9,4.586451612903225,700,4.516129032258065,,,,,,,,,,,,,,,,,,,"Pablo Lopez","17085",641154
"Chase Burns","CIN",7.4454,7.79419,9.7543,3.6081,29.0514,24.2709,0,0.366251,0,131.577,539.299,111.547,57.336,52.7492,17.6618,41.3403,0.824836,3.52304,155.496,10.6361,2.82772,3.76136,1.20808,0.288329,0.0766556,0.21167368441820145,0.225605,1.16197,0.292225,0.745558,,,3.53947,2.90574,2.87572,111.79000091552734,4.54835,-0.792945,0.597789,4.54835,0.792945,4.20295,639.2000000000003,4.8424242424242445,601,4.553030303030303,,,,,,,,,,,,,,,,,,,"Chase Burns","35333",695505
"Freddy Peralta","NYM",12.4051,8.4052,12.3248,3.76288,28.3474,28.3474,0,0,0,163.892,678.583,134.07,74.4815,68.523,21.9091,60.1103,0.629584,7.47684,182.747,10.0354,3.3009,3.0402,1.20312,0.269307,0.088582,0.18072526156902313,0.219428,1.1848,0.276027,0.732069,,,3.88005,2.8641,2.85596,59.7400016784668,3.33906,-0.223407,1.0342,3.33906,0.223407,3.62106,759.6,4.631707317073171,699,4.262195121951219,,,,,,,,,,,,,,,,,,,"Freddy Peralta","18679",642547
"Brandon Woodruff","MIL",9.71616,7.11006,10.7356,3.72084,24.9643,24.9643,0,0.174569,0,143.751,584.12,121.281,64.5983,59.4304,20.3588,38.8212,0.486632,5.7019,152.442,9.54416,2.43053,3.92678,1.27463,0.260978,0.0664611,0.19451715797185898,0.224763,1.11375,0.275146,0.725715,,,3.78452,2.79032,2.53182,112.73999786376953,3.11629,-0.613995,0.732251,3.11629,0.613995,4.02367,674.0000000000001,4.680555555555556,629,4.368055555555555,,,,,,,,,,,,,,,,,,,"Brandon Woodruff","16162",605540
"Blake Snell","LAD",9.77788,6.50068,11.4067,3.44531,23.7794,23.7794,0,0,0,136.054,561.863,104.883,56.612,52.0831,14.4462,57.9055,1.03706,3.15699,166.788,11.0331,3.83046,2.88034,0.955619,0.296848,0.10306,0.19378814101219177,0.209431,1.1965,0.282999,0.744765,,,3.41012,2.76598,2.84156,74.79000091552734,2.6288,0.0595128,0.759804,2.6288,-0.0595128,3.98693,712.2,5.236764705882353,649,4.772058823529412,,,,,,,,,,,,,,,,,,,"Blake Snell","13543",605483
"Michael King","SDP",10.141,8.43,11.3234,3.72986,27.9716,27.9716,0.152409,0.177407,1.06267,159.096,665.712,139.832,71.6673,65.9339,21.0427,55.7611,1.68541,7.14944,165.448,9.35933,3.15438,2.96709,1.19038,0.248528,0.0837616,0.16476625204086304,0.23197,1.2294,0.285338,0.745942,,,3.96099,2.75736,2.74092,134.64999389648438,3.39224,-0.431999,0.799386,3.39224,0.431999,3.93415,695.3000000000002,4.372955974842768,663,4.169811320754717,,,,,,,,,,,,,,,,,,,"Michael King","19853",650633
"Zack Wheeler","PHI",8.42584,4.91568,11.1356,3.30687,18.9249,18.9249,0,0,0,118.378,477.189,96.077,47.2778,43.4956,13.8698,31.6763,0.494221,5.20381,136.495,10.3774,2.40827,4.30907,1.05449,0.28604,0.0663809,0.21965894848108292,0.218203,1.0792,0.283528,0.742835,,,3.28683,2.69134,2.89409,143.41000366210938,3.69977,-0.383499,0.833539,3.69977,0.383499,3.88861,612.4,5.189830508474576,569,4.822033898305085,,,,,,,,,,,,,,,,,,,"Zack Wheeler","10310",554430
"José Soriano","LAA",9.83662,10.0321,12.9232,3.76925,29.5138,29.5138,0,0.231042,0.197119,168.102,719.548,149.274,76.524,70.402,14.4143,72.1561,1.30013,8.94194,155.863,8.34473,3.86316,2.16008,0.771726,0.216612,0.10028,0.11633210629224777,0.233807,1.31724,0.288055,0.72003,,,3.84277,2.6906,2.77389,331.9700012207031,2.13759,-1.04506,1.17652,2.13759,1.04506,3.43131,752.6,4.479761904761905,727,4.3273809523809526,,,,,,,,,,,,,,,,,,,"Jose Soriano","22100",667755
"Drew Rasmussen","TBR",9.81599,7.83696,10.161,3.68214,28.7055,28.7055,0.169354,0,0,154.857,635.011,140.265,68.8651,63.3559,18.1631,38.9828,0.819764,5.13002,139.488,8.10678,2.26562,3.57818,1.05561,0.219662,0.0613893,0.15827243030071259,0.237377,1.15751,0.28183,0.717613,,,3.71299,2.67753,2.79801,146.41000366210938,4.46876,0.459659,0.572578,4.46876,-0.459659,4.23656,707.5999999999999,4.56516129032258,687,4.432258064516129,,,,,,,,,,,,,,,,,,,"Drew Rasmussen","25385",656876
"Nick Pivetta","SDP",10.7678,9.22118,13.6794,3.92463,28.7738,28.7738,0,0,0,172.301,704.207,146.849,81.6688,75.1353,26.9145,51.2162,1.10262,4.74501,187.409,9.78914,2.67524,3.65917,1.40585,0.266128,0.0727289,0.19339867681264877,0.226534,1.14953,0.276397,0.725732,,,3.96481,2.63685,2.53049,90.12000274658203,1.6275,1.20155,1.04413,1.6275,-1.20155,3.60783,764.4999999999998,4.4447674418604635,715,4.156976744186046,,,,,,,,,,,,,,,,,,,"Nick Pivetta","15454",601713
"Eury Pérez","MIA",8.76079,8.7509,9.18556,3.91557,26.8694,26.8694,0,0,0,144.186,591.049,119.075,68.1851,62.7303,20.1995,47.5912,0.613132,4.80009,160.368,10.01,2.9706,3.3697,1.26084,0.271327,0.0805198,0.19080762565135956,0.221059,1.15591,0.276119,0.711637,,,3.82197,2.60621,2.36176,83.8499984741211,3.03597,-0.27082,0.699997,3.03597,0.27082,4.06667,671.2000000000002,4.661111111111112,621,4.3125,,,,,,,,,,,,,,,,,,,"Eury Perez","27768",691587
"MacKenzie Gore","TEX",9.29337,10.1825,11.8772,3.91935,27.9738,27.9738,0,0,0,157.553,663.258,138.266,74.5779,68.6117,20.2852,60.0699,0.660921,6.44368,176.887,10.1045,3.43141,2.94469,1.15876,0.266695,0.0905678,0.17612678557634354,0.2317,1.25885,0.295267,0.728259,,,3.82997,2.60093,2.13371,182.44000244140625,5.29138,-1.22711,0.987114,5.29138,1.22711,3.68385,720.4000000000001,4.559493670886076,686,4.341772151898734,,,,,,,,,,,,,,,,,,,"MacKenzie Gore","22201",669022
"Jack Flaherty","DET",9.94824,9.71338,11.6259,4.05312,27.5877,27.5877,0,0,0,156.382,655.625,140.237,76.5503,70.4263,21.1886,53.611,1.06994,6.70464,172.19,9.90977,3.08538,3.21185,1.21943,0.262636,0.0817707,0.1808648407459259,0.235569,1.23957,0.296191,0.714428,,,3.85145,2.56741,1.92935,212.32000732421875,2.59606,-0.983434,0.999631,2.59606,0.983434,3.66716,693.1000000000001,4.442948717948719,668,4.282051282051282,,,,,,,,,,,,,,,,,,,"Jack Flaherty","17479",656427
"Kris Bubic","KCR",8.09148,7.56161,10.1083,3.73232,29.0376,23.1329,0.0118362,0.513803,1.69391,133.178,556.756,121.651,60.0317,55.2291,13.8005,43.1333,1.74137,4.42538,129.266,8.73563,2.9149,2.99689,0.932622,0.232176,0.0774724,0.1547040343284607,0.238907,1.23732,0.294567,0.720129,,,3.61232,2.50918,2.24792,222.97000122070312,2.44635,0.63801,0.42017,2.44635,-0.63801,4.43977,615.8,4.630075187969925,604,4.541353383458647,,,,,,,,,,,,,,,,,,,"Kris Bubic","21455",663460
"Spencer Strider","ATL",10.6717,8.55767,10.794,3.93151,25.8367,25.8367,0,0,0,151.773,632.848,130.066,72.0649,66.2997,20.4633,54.4155,0.667821,6.70758,177.751,10.5405,3.2268,3.26654,1.21346,0.280874,0.0859852,0.19488908350467682,0.227497,1.21551,0.293438,0.721392,,,3.75377,2.46503,2.40581,103.6500015258789,2.9483,-0.218186,0.969446,2.9483,0.218186,3.70741,713.8,4.696052631578947,673,4.427631578947368,,,,,,,,,,,,,,,,,,,"Spencer Strider","27498",675911
"Matthew Boyd","CHC",10.4587,8.50569,12.0462,3.88117,26.7893,26.7893,0,0,0,156.446,648.847,143.013,73.3323,67.4657,20.6222,43.7776,0.899282,6.79976,142.453,8.19504,2.51844,3.25402,1.18635,0.219548,0.0674698,0.1520780846476555,0.239045,1.19397,0.281233,0.718457,,,3.99751,2.4583,2.4391,227.55999755859375,4.01933,3.28815,0.676932,4.01933,-3.28815,4.09742,655.3000000000002,4.200641025641027,638,4.089743589743589,,,,,,,,,,,,,,,,,,,"Matthew Boyd","15440",571510
"Tanner Bibee","CLE",10.9197,9.92843,12.1907,3.97833,29.0318,29.0318,0,0,0,176.278,735.4,162.312,84.697,77.9213,24.0814,52.2635,1.00369,7.85588,164.839,8.41598,2.66835,3.15399,1.22949,0.224148,0.0710681,0.15308032929897308,0.240363,1.21726,0.284215,0.71811,,,4.064,2.45468,2.24302,171.17999267578125,3.10281,-1.85443,0.95915,3.10281,1.85443,3.72113,736,4.181818181818182,718,4.079545454545454,,,,,,,,,,,,,,,,,,,"Tanner Bibee","30134",676440
"Trevor Rogers","BAL",9.41691,8.51346,11.6401,4.01925,26.7727,26.7727,0,0,0,157.891,665.052,149.542,76.6429,70.5115,18.8093,50.7718,1.26566,5.27526,136.437,7.77708,2.89406,2.68726,1.07216,0.205152,0.0763426,0.12880954891443253,0.245551,1.26868,0.28811,0.710831,,,4.02049,2.40733,1.91972,171.52999877929688,3.74615,1.12718,0.764243,3.74615,-1.12718,3.98101,649.5,4.110759493670886,647,4.094936708860759,,,,,,,,,,,,,,,,,,,"Trevor Rogers","22286",669432
"Aaron Nola","PHI",9.83003,9.62597,12.1448,4.1486,27.1157,27.1157,0,0,0,162.409,676.298,153.634,81.3732,74.8634,24.7346,44.5304,0.661078,5.11976,158.573,8.78743,2.46768,3.56101,1.37068,0.234473,0.0658444,0.16862832009792328,0.245168,1.22015,0.290746,0.714161,,,4.07937,2.39586,2.21749,200.2899932861328,3.67055,-0.628356,0.94366,3.67055,0.628356,3.74179,658.9,4.067283950617284,653,4.030864197530864,,,,,,,,,,,,,,,,,,,"Aaron Nola","16149",605400
"Tyler Glasnow","LAD",7.9772,5.87497,10.8,3.69186,22.7352,22.7352,0,0,0,130.72,536.17,103.726,58.2847,53.622,16.0117,48.5913,0.464373,3.459,152.818,10.5215,3.3455,3.14497,1.1024,0.285018,0.0906267,0.19439172744750977,0.214256,1.16522,0.278202,0.723878,,,3.58393,2.39138,2.40002,119.02999877929688,2.46557,-0.87069,0.54551,2.46557,0.87069,4.27265,652.2000000000002,4.978625954198474,597,4.557251908396947,,,,,,,,,,,,,,,,,,,"Tyler Glasnow","14374",607192
"Andrew Abbott","CIN",9.79634,8.98492,10.7848,4.17678,27.5819,27.5819,0,0,0,162.738,681.708,153.38,82.0918,75.5245,26.052,50.6583,0.810095,4.10339,148.611,8.21873,2.80159,2.93359,1.44077,0.217998,0.0743109,0.14368674159049988,0.244646,1.25378,0.281522,0.727754,,,4.39938,2.38363,2.44241,221.41000366210938,4.2063,-0.176384,0.959154,4.2063,0.176384,3.72113,621.6000000000001,3.813496932515338,610,3.7423312883435584,,,,,,,,,,,,,,,,,,,"Andrew Abbott","29911",671096
"Sandy Alcantara","MIA",10.1046,10.7862,12.1417,4.15599,27.999,27.999,0,0,0,173.152,729.554,168.027,86.9104,79.9576,20.2456,50.3035,0.892998,6.94962,142.765,7.42056,2.61465,2.83807,1.05232,0.195688,0.0689511,0.1267368271946907,0.249928,1.26092,0.29017,0.691733,,,3.99809,2.3524,2.29389,157.97000122070312,3.55997,-0.653142,0.99293,3.55997,0.653142,3.67609,712.4000000000001,4.117919075144509,720,4.161849710982659,,,,,,,,,,,,,,,,,,,"Sandy Alcantara","18684",645261
"Shohei Ohtani","LAD",7.30787,4.6048,7.8074,3.36903,21.2223,21.2223,0,0,0,107.96,437.228,85.6634,43.9276,40.4134,13.0528,32.9915,0.497833,4.40974,128.3,10.6956,2.75031,3.88888,1.08813,0.29344,0.0754561,0.2179834470152855,0.214251,1.09906,0.28092,0.744437,,,3.36939,2.33899,2.39221,1.059999942779541,1.58622,0.252353,0.742425,1.58622,-0.252353,4.0101,560.7,5.191666666666667,516,4.777777777777778,,,,,,,,,,,,,,,,,,,"Shohei Ohtani","19755",660271
"Nick Lodolo","CIN",8.76701,7.99721,11.0336,4.01383,26.169,26.169,0,0,0,147.769,618.343,136.165,71.6325,65.9019,21.4873,37.6461,1.05585,12.9247,148.667,9.05475,2.29287,3.94908,1.30871,0.240429,0.0608822,0.17954668030142784,0.239823,1.17624,0.288411,0.710911,,,4.04001,2.32819,2.46283,126.26000213623047,2.00298,0.0490435,0.653185,2.00298,-0.0490435,4.12909,628.3000000000001,4.245270270270271,612,4.135135135135135,,,,,,,,,,,,,,,,,,,"Nick Lodolo","26378",666157
"Brady Singer","CIN",10.5366,11.1414,11.9242,4.39831,29.0374,29.0374,0,0,0,166.566,708.596,161.318,88.4796,81.4013,23.8881,53.0425,0.633598,9.52712,153.971,8.31941,2.86602,2.90278,1.29073,0.21729,0.0748558,0.14243386685848236,0.249708,1.28694,0.293548,0.695793,,,4.2777,2.32199,2.1103,321.82000732421875,2.66661,-0.0459326,1.38588,2.66661,0.0459326,3.15216,640.9999999999999,3.8383233532934127,642,3.844311377245509,,,,,,,,,,,,,,,,,,,"Brady Singer","25377",663903
"David Peterson","NYM",9.32428,7.36776,12.7466,3.91514,27.4993,27.4993,0,0,0,159.804,685.834,152.122,75.562,69.517,15.6515,61.321,1.79684,7.36131,142.489,8.02484,3.45354,2.32365,0.881479,0.20776,0.0894109,0.11834903061389923,0.246491,1.33566,0.297315,0.71989,,,3.91446,2.30223,2.38318,358.8800048828125,4.09622,-0.115659,1.12021,4.09622,0.115659,3.50638,672,4.2,672,4.2,,,,,,,,,,,,,,,,,,,"David Peterson","20302",656849
"Mitch Keller","PIT",9.13737,11.4226,13.2159,4.32251,29.4954,29.4954,0,0,0,174.551,742.571,172.317,91.1229,83.8331,22.1663,52.2862,0.871394,10.0252,152.469,7.86145,2.69593,2.91605,1.14292,0.205326,0.0704124,0.13491341471672058,0.253311,1.28675,0.296961,0.68957,,,4.10997,2.29412,2.06807,347.1499938964844,1.66972,-1.41346,1.21457,1.66972,1.41346,3.38057,695.2,3.972571428571429,707,4.04,,,,,,,,,,,,,,,,,,,"Mitch Keller","17594",656605
"Nolan McLean","NYM",10.536,7.72007,11.1646,3.71319,25.6409,25.6409,0,0,0,150.945,636.714,131.935,67.6916,62.2763,16.0113,57.0442,0.791722,8.48594,148.572,8.85854,3.40123,2.60451,0.954664,0.233342,0.0895916,0.14375044405460358,0.230985,1.25198,0.285104,0.728176,,,3.84793,2.28873,2.64379,98.41000366210938,3.41475,1.57132,0.815054,3.41475,-1.57132,3.91326,680.4000000000001,4.505960264900663,650,4.304635761589404,,,,,,,,,,,,,,,,,,,"Nolan McLean","33703",690997
"Merrill Kelly","ARI",11.0444,8.38237,13.4736,4.07415,28.7661,28.7661,0,0,0,174.089,726.721,164.179,85.6601,78.8073,22.9182,51.5508,1.12622,4.39092,155.88,8.05864,2.66506,3.02382,1.18482,0.214498,0.0709362,0.14356188476085663,0.244759,1.23919,0.287128,0.70827,,,4.01975,2.28312,2.42879,232.74000549316406,2.17488,-0.244536,1.04147,2.17488,0.244536,3.61137,722.3000000000003,4.151149425287358,715,4.109195402298851,,,,,,,,,,,,,,,,,,,"Merrill Kelly","11156",518876
"Emmet Sheehan","LAD",9.02996,5.65635,7.14967,3.92223,34.4825,22.805,0.157513,0.309351,0,134.078,548.837,110.245,63.5126,58.4316,18.9881,42.9559,0.91416,5.47026,152.529,10.2386,2.88342,3.55084,1.27458,0.277914,0.0782671,0.19964665174484253,0.220309,1.14263,0.277466,0.70834,,,3.78449,2.28191,1.84103,122.79000091552734,1.93913,0.0558791,0.673675,1.93913,-0.0558791,4.10177,633.8999999999999,4.730597014925372,585,4.365671641791045,,,,,,,,,,,,,,,,,,,"Emmet Sheehan","29839",686218
"Luis Castillo","SEA",11.0568,9.81796,13.8483,3.88707,28.7164,28.7164,0,0,0,173.363,717.22,157.695,81.3856,74.8748,24.2057,48.5792,1.09784,6.46049,161.716,8.39539,2.52196,3.32892,1.25662,0.225476,0.0677326,0.15774383395910263,0.238145,1.18984,0.280288,0.72447,,,4.03707,2.26857,1.98868,163.3800048828125,1.43307,0.175848,0.846736,1.43307,-0.175848,3.87102,733.2,4.238150289017342,712,4.115606936416185,,,,,,,,,,,,,,,,,,,"Luis Castillo","15689",622491
"Michael Wacha","KCR",10.3771,10.3591,11.5737,4.32961,27.5524,27.5524,0,0,0,163.833,692.647,162.188,85.6682,78.8148,21.5638,48.518,0.65316,5.18718,125.907,6.91658,2.66529,2.59506,1.18459,0.181777,0.0700473,0.11172949522733688,0.253838,1.2861,0.286129,0.692666,,,4.2926,2.15981,1.61231,378.0299987792969,4.44792,0.682057,1.14465,4.44792,-0.682057,3.4738,611.8,3.7304878048780483,624,3.8048780487804876,,,,,,,,,,,,,,,,,,,"Michael Wacha","14078",608379
"Shane McClanahan","TBR",7.68413,5.86723,9.40573,3.68946,20.3392,20.3392,0,0,0,118.983,488.414,104.217,53.0172,48.7758,15.4928,35.9558,0.731599,2.91154,125.172,9.46814,2.71973,3.48128,1.17189,0.256282,0.0736173,0.18266510963439941,0.231826,1.17809,0.287242,0.735596,,,3.70383,2.14478,2.14727,242.64999389648438,4.26444,-1.98357,0.392956,4.26444,1.98357,4.47606,558.6999999999999,4.694957983193277,533,4.4789915966386555,,,,,,,,,,,,,,,,,,,"Shane McClanahan","21483",663556
"Casey Mize","DET",9.16102,8.46698,9.76266,4.11383,26.8298,26.8298,0,0,0,147.832,619.802,144.704,73.4491,67.5731,19.8411,39.5156,0.941157,5.38988,128.511,7.8237,2.4057,3.25215,1.20792,0.207342,0.0637551,0.14358638226985931,0.251705,1.24614,0.292731,0.708062,,,4.05259,2.14159,1.83571,271.9700012207031,2.1572,1.11211,0.659485,2.1572,-1.11211,4.12069,595.2,4.021621621621622,603,4.074324324324325,,,,,,,,,,,,,,,,,,,"Casey Mize","20492",663554
"Yusei Kikuchi","LAA",8.38881,9.84834,11.4755,4.23476,29.1618,29.1618,0,0,0,166.866,709.593,159.539,85.3428,78.5154,25.4612,59.4343,1.58425,5.03976,168.324,9.07864,3.20562,2.83211,1.37326,0.237212,0.0837582,0.15345394611358643,0.247301,1.31227,0.29707,0.728916,,,4.26041,2.14109,1.88105,358.32000732421875,3.93798,-0.240574,1.27347,3.93798,0.240574,3.30203,656.3,3.9299401197604786,654,3.9161676646706587,,,,,,,,,,,,,,,,,,,"Yusei Kikuchi","20633",579328
"Shane Bieber","TOR",7.81563,5.94206,9.07254,3.76888,21.0842,21.0842,0,0,0,124.408,512.475,116.856,56.6277,52.0975,16.1885,29.9757,0.382536,3.61658,115.016,8.32053,2.16853,3.83695,1.17112,0.224431,0.0584921,0.1659393459558487,0.244018,1.18024,0.289542,0.726468,,,3.7878,2.07274,1.92272,197.55999755859375,1.76052,0.133108,0.36994,1.76052,-0.133108,4.50675,544.5999999999999,4.391935483870967,540,4.354838709677419,,,,,,,,,,,,,,,,,,,"Shane Bieber","19427",669456
"Reese Olson","DET",6.93451,7.07915,8.14638,3.84258,29.5595,21.8361,0,0.319928,0,123.99,519.064,112.293,57.5412,52.9379,13.5883,40.5946,2.09563,5.36486,116.055,8.42402,2.94662,2.85888,0.986329,0.223585,0.0782073,0.14537784457206726,0.237354,1.23307,0.287383,0.712264,,,3.79984,2.03871,1.78303,300.760009765625,2.10847,2.18433,0.227279,2.10847,-2.18433,4.69696,548.1999999999998,4.420967741935482,532,4.290322580645161,,,,,,,,,,,,,,,,,,,"Reese Olson","24968",681857
"Clay Holmes","NYM",9.90509,8.534,8.67025,3.87205,27.0345,27.0345,0.464672,0,4.86629,147.531,633.471,139.718,68.9911,63.4718,13.5647,55.5553,1.56197,8.73048,121.557,7.4155,3.38911,2.18804,0.827502,0.191891,0.0876999,0.10419071465730667,0.245469,1.32361,0.290632,0.716361,,,3.98976,2.03737,2.34062,354.82000732421875,2.61822,0.87152,0.959243,2.61822,-0.87152,3.72101,608,4.108108108108108,607,4.101351351351352,,,,,,,,,,,,,,,,,,,"Clay Holmes","13649",605280
"Trey Yesavage","TOR",7.87628,6.35289,8.47508,3.86538,29.0184,23.9305,0,0.334765,0,130.803,547.923,108.023,61.0633,56.1782,16.0528,54.7801,0.838014,4.48294,146.187,10.0585,3.76918,2.66861,1.10452,0.266801,0.0999777,0.16682352870702744,0.221059,1.24464,0.281753,0.725007,,,3.85455,2.03539,1.89432,152.2899932861328,2.85259,-0.406956,0.526022,2.85259,0.406956,4.29864,606.8000000000002,4.632061068702291,562,4.290076335877862,,,,,,,,,,,,,,,,,,,"Trey Yesavage","35456",702056
"Joe Musgrove","SDP",8.06044,7.74291,10.7267,3.90791,23.6216,23.6216,0,0,0,136.523,569.587,127.985,64.435,59.2802,18.5622,35.0505,1.08772,9.26901,129.623,8.54512,2.31062,3.69819,1.22367,0.227574,0.0615366,0.1660371869802475,0.243656,1.19419,0.290182,0.719457,,,3.97763,2.02941,2.15343,236.1199951171875,2.16534,-0.493206,0.383064,2.16534,0.493206,4.48925,575.3000000000002,4.199270072992702,566,4.131386861313868,,,,,,,,,,,,,,,,,,,"Joe Musgrove","12970",605397
"Braxton Ashcraft","PIT",6.68064,7.1544,6.45697,3.88535,36.6161,22.24,0,1.46449,1.44269,133.278,564.224,129.18,62.5401,57.5369,13.6218,42.2206,1.54787,5.60595,118.208,7.98233,2.85106,2.79977,0.919849,0.209505,0.0748294,0.13467589020729065,0.250157,1.28604,0.300489,0.714636,,,3.7665,2.0019,2.03328,295.05999755859375,2.16987,0.599479,0.404026,2.16987,-0.599479,4.4613,572.6,4.305263157894737,579,4.353383458646617,,,,,,,,,,,,,,,,,,,"Braxton Ashcraft","23793",677952
"Zac Gallen",,11.6888,9.87847,12.1044,4.17738,27.9242,27.4929,0,0.281511,0,158.777,669.811,150.259,80.1051,73.6967,21.461,51.9233,0.807346,5.5882,151.509,8.58804,2.94319,2.91794,1.21648,0.226197,0.0775194,0.14867719262838364,0.245401,1.27338,0.29317,0.709187,,,4.07048,1.99278,1.89339,224.7100067138672,3.66545,-0.0748995,1.22762,3.66545,0.0748995,3.36317,658.3000000000002,4.140251572327045,652,4.10062893081761,,,,,,,,,,,,,,,,,,,"Zac Gallen","19291",668678
"Shane Baz","BAL",9.24652,9.38125,11.4391,4.14596,27.4722,27.4722,0,0,0,156.205,658.254,141.819,78.2147,71.9575,21.9891,53.6642,0.721624,7.64808,154.377,8.89468,3.09196,2.87672,1.26694,0.234524,0.0815251,0.1529993712902069,0.237575,1.25145,0.284918,0.712019,,,4.16611,1.97817,1.68959,190.24000549316406,3.65761,-1.31,0.896115,3.65761,1.31177,3.80518,636.6000000000001,4.080769230769231,616,3.948717948717949,,,,,,,,,,,,,,,,,,,"Shane Baz","22264",669358
"Grayson Rodriguez","LAA",7.69263,7.1093,8.8581,3.97577,20.2153,20.2153,0,0,0,114.953,482.163,104.896,55.1964,50.7807,15.0677,38.3422,0.560281,4.41216,120.648,9.44591,3.00193,3.14661,1.1797,0.250223,0.0795213,0.1707014963030815,0.238721,1.24606,0.295787,0.720807,,,3.85584,1.95732,1.65827,311.760009765625,2.92869,-0.803221,0.31001,2.92869,0.803221,4.58665,509.5,4.430434782608696,496,4.3130434782608695,,,,,,,,,,,,,,,,,,,"Grayson Rodriguez","24492",680570
"Bubba Chandler","PIT",8.39002,7.61015,9.07154,4.25846,30.2763,24.8917,0.0207084,0.316622,0,141.204,600.884,131.908,72.6222,66.8125,17.3821,50.2897,0.948164,7.90538,130.73,8.33239,3.20534,2.59953,1.10789,0.217562,0.0836929,0.13386953622102737,0.243063,1.29031,0.290249,0.694118,,,4.12018,1.94904,1.6439,154.85000610351562,3.88067,0.681432,0.785888,3.88067,-0.681432,3.95215,579.1000000000001,4.107092198581562,572,4.056737588652482,,,,,,,,,,,,,,,,,,,"Bubba Chandler","29868",696149
"Cody Ponce","TOR",7.87521,7.40912,8.91479,4.07329,33.1007,21.776,0,0.817796,0.503502,132.29,556.58,122.715,65.0791,59.8728,18.0169,43.1571,1.41899,5.74412,134.438,9.14617,2.93608,3.11509,1.22574,0.241544,0.0775398,0.1640038937330246,0.241718,1.25386,0.29474,0.716632,,,3.98212,1.94188,1.47095,297.5,3.14601,-1.89146,0.512081,3.14601,1.89146,4.31722,560.6000000000001,4.246969696969698,551,4.174242424242424,,,,,,,,,,,,,,,,,,,"Cody Ponce","17920",664074
"Robbie Ray","SFG",9.2158,10.1967,11.9483,4.23075,28.6128,28.6128,0,0,0,168.293,712.062,149.441,85.9907,79.1115,24.4828,66.0464,0.548527,6.84276,175.526,9.38681,3.53205,2.65761,1.3093,0.246503,0.0927537,0.15374960750341415,0.233804,1.28043,0.284536,0.714616,,,4.23972,1.94069,1.86311,158.75999450683594,1.73354,-0.25771,1.26872,1.73354,0.25771,3.30837,693.6,4.128571428571429,661,3.9345238095238093,,,,,,,,,,,,,,,,,,,"Robbie Ray","11486",592662
"Shota Imanaga","CHC",9.82207,7.56721,11.7408,4.01796,25.2744,25.2744,0,0,0,151.624,618.091,140.473,73.5771,67.691,27.094,32.5064,0.692775,3.88648,137.348,8.15261,1.92949,4.22526,1.60823,0.222213,0.0525916,0.1696212701499462,0.241487,1.14084,0.271724,0.736052,,,4.3665,1.92308,2.07635,181.1199951171875,3.47055,1.2787,0.786218,3.47055,-1.2787,3.95171,591.6999999999999,3.8927631578947364,572,3.763157894736842,,,,,,,,,,,,,,,,,,,"Shota Imanaga","33829",684007
"Gavin Williams","CLE",9.86135,8.83354,11.3301,3.95665,28.2565,28.2565,0,0,0,161.315,684.351,139.904,77.0853,70.9185,20.2742,69.0296,0.827372,5.99017,163.639,9.12964,3.85126,2.37056,1.13113,0.239115,0.100869,0.13824640959501266,0.229603,1.29519,0.281206,0.730261,,,4.13533,1.91195,2.13142,150.67999267578125,2.32557,0.642459,1.09315,2.32557,-0.642459,3.54246,684.4000000000001,4.2509316770186345,648,4.024844720496894,,,,,,,,,,,,,,,,,,,"Gavin Williams","30122",668909
"Edward Cabrera","CHC",8.25158,7.37619,8.68359,3.98621,24.1707,24.1707,0,0,0,133.115,560.316,113.51,64.0852,58.9584,16.1728,52.3137,0.507488,7.12791,141.702,9.5806,3.53697,2.70871,1.09346,0.252897,0.0933646,0.15953263640403748,0.226623,1.24572,0.283782,0.710555,,,3.92518,1.89726,1.89459,181.5,1.8986,-0.835008,0.543801,1.8986,0.835008,4.27493,598.0000000000001,4.49624060150376,564,4.2406015037593985,,,,,,,,,,,,,,,,,,,"Edward Cabrera","21690",665795
"Chris Bassitt",,9.9756,8.52171,10.6906,4.17091,26.4781,25.8896,0,0.261963,0,144.796,620.564,140.298,72.9388,67.1037,18.4026,49.5642,0.803864,9.34395,132.83,8.25621,3.08073,2.67996,1.14383,0.214047,0.0798696,0.13417744636535645,0.249794,1.31124,0.297,0.71252,,,4.17313,1.8621,1.73284,391.32000732421875,1.81582,0.847146,1.00661,1.81582,-0.847146,3.65786,576.6,3.976551724137931,580,4,,,,,,,,,,,,,,,,,,,"Chris Bassitt","12304",605135
"Bailey Ober","MIN",7.54884,8.03742,9.81336,4.35865,30.2755,24.1412,0,0.332992,0,142.542,589.82,136.873,75.0351,69.0323,24.154,32.9431,0.525877,5.20633,129.865,8.19958,2.08,3.9421,1.52506,0.220177,0.0558528,0.16432444378733635,0.248107,1.19134,0.283462,0.696917,,,4.31879,1.84017,1.28772,303.3800048828125,1.38021,-0.187233,0.785992,1.38021,0.187233,3.95201,552.8,3.8657342657342655,549,3.839160839160839,,,,,,,,,,,,,,,,,,,"Bailey Ober","21224",641927
"Cam Schlittler","NYY",8.4447,7.61168,9.32461,3.91936,23.8343,23.8343,0,0,0,133.002,561.867,117.528,62.9569,57.9203,16.6293,50.7818,0.68942,6.52115,132.794,8.98596,3.43631,2.615,1.12528,0.236345,0.0903805,0.14596445858478546,0.23293,1.26547,0.28411,0.726428,,,4.05618,1.83742,1.99905,140.02999877929688,3.29146,1.20044,0.534347,3.29146,-1.20044,4.28754,560.3,4.212781954887218,536,4.030075187969925,,,,,,,,,,,,,,,,,,,"Cam Schlittler","32095",693645
"Carlos Rodón","NYY",10.7919,8.47018,10.8706,4.06473,24.2147,24.2147,0,0,0,143.515,598.23,122.462,70.453,64.8167,20.9081,51.9456,0.524082,6.19244,152.051,9.53529,3.25757,2.92712,1.31117,0.254168,0.0868322,0.16733621060848236,0.226744,1.21526,0.276615,0.716256,,,4.12539,1.83024,1.97798,202.05999755859375,2.79826,1.33254,0.879396,2.79826,-1.33254,3.82747,620.1000000000001,4.306250000000001,577,4.006944444444445,,,,,,,,,,,,,,,,,,,"Carlos Rodon","16137",607074
"Quinn Priester","MIL",10.3617,8.91451,10.8941,4.15514,27.5704,27.5704,0,0,0,161.868,687.953,157.289,81.2302,74.7318,19.4859,52.7254,0.716844,6.90217,131.307,7.30076,2.93157,2.49039,1.08343,0.190866,0.076641,0.11422499269247055,0.25033,1.29744,0.288573,0.704762,,,4.18281,1.82987,2.02146,282.55999755859375,2.76895,0.655441,1.05863,2.76895,-0.655441,3.58849,638.8999999999999,3.9438271604938264,645,3.9814814814814814,,,,,,,,,,,,,,,,,,,"Quinn Priester","25977",682990
"Jacob Misiorowski","MIL",8.83114,7.35635,8.84272,4.02501,34.1498,25.2066,0,0.321593,0,141.411,598.417,113.742,68.7415,63.2422,17.9613,64.205,1.03076,8.96392,161.463,10.2762,4.08629,2.51481,1.14313,0.269817,0.107292,0.1625257506966591,0.21655,1.25837,0.276965,0.714691,,,4.05499,1.82969,1.81919,138.08999633789062,2.73648,0.161127,0.825289,2.73648,-0.161127,3.89961,628.6000000000001,4.458156028368795,574,4.070921985815603,,,,,,,,,,,,,,,,,,,"Jacob Misiorowski","31623",694819
"Ryan Pepiot","TBR",10.7116,10.0662,11.8199,4.14499,29.3976,29.3976,0,0,0,165.235,689.504,144.042,82.7171,76.0997,26.0404,56.9653,0.959399,7.66369,166.629,9.07593,3.10278,2.9251,1.41837,0.241665,0.0826177,0.15904714167118073,0.230513,1.21649,0.273021,0.718867,,,4.34041,1.81513,1.9789,134.7899932861328,4.68325,0.769616,1.07822,4.68325,-0.769616,3.56238,665.8000000000001,4.035151515151515,626,3.793939393939394,,,,,,,,,,,,,,,,,,,"Ryan Pepiot","26221",686752
"Braxton Garrett","MIA",5.86804,6.19642,7.36789,4.02734,27.3814,20.1121,0,1.19255,0,115.928,485.356,113.603,56.3868,51.8758,14.1794,27.77,1.39251,6.63116,103.044,7.99973,2.1559,3.71062,1.10081,0.212306,0.0572158,0.1550900936126709,0.251917,1.21949,0.297915,0.699349,,,3.83771,1.81457,1.69947,458.239990234375,3.31554,-0.228596,0.18368,3.31554,0.228596,4.75509,494.80000000000007,4.265517241379311,503,4.336206896551724,,,,,,,,,,,,,,,,,,,"Braxton Garrett","21844",666129
"Jack Leiter","TEX",9.17968,9.91835,9.28499,4.29321,28.2313,28.2313,0,0,0,156.849,665.694,139.12,81.3269,74.8207,22.9407,62.1885,0.744325,7.00606,150.672,8.64557,3.56837,2.42283,1.31633,0.226339,0.0934191,0.1329197734594345,0.233228,1.28345,0.27473,0.709147,,,4.43873,1.79621,1.44627,241.91000366210938,2.34806,0.710038,1.07758,2.34806,-0.710038,3.56323,612.5,3.9012738853503186,581,3.700636942675159,,,,,,,,,,,,,,,,,,,"Jack Leiter","30146",683004
"Sean Manaea","NYM",7.49281,7.08632,8.38598,4.15983,33.4466,22.5541,0,0.387033,0.0552739,132.059,547.855,116.069,66.3457,61.038,19.1272,40.4158,0.634788,7.08009,137.62,9.37899,2.7544,3.4051,1.30355,0.251197,0.0737709,0.17742617428302765,0.23197,1.18496,0.282124,0.694945,,,4.01279,1.79487,1.51845,274.17999267578125,3.0172,-0.375426,0.594052,3.0172,0.375426,4.20793,576.5000000000001,4.367424242424243,548,4.151515151515151,,,,,,,,,,,,,,,,,,,"Sean Manaea","15873",640455
"Reid Detmers","LAA",7.37646,8.53551,6.72166,4.26409,33.5423,22.0122,0.0338579,0.453226,2.60437,133.266,563.422,120.595,68.6303,63.1398,18.5058,48.8867,2.64808,6.13519,146.54,9.89642,3.30152,2.99754,1.24977,0.260089,0.0867675,0.17332126200199127,0.237206,1.27176,0.29733,0.702438,,,3.97977,1.79089,1.23491,340.739990234375,4.5978,-1.31158,0.757053,4.5978,1.31158,3.9906,564.9,4.247368421052632,547,4.112781954887218,,,,,,,,,,,,,,,,,,,"Reid Detmers","27468",672282
"Michael McGreevy","STL",8.46852,8.21534,10.0654,4.12468,28.4627,24.1541,0,0.322037,0,143.116,602.187,147.279,71.293,65.5895,16.2804,33.9768,0.813238,4.46452,97.1432,6.10897,2.13667,2.8591,1.02381,0.161317,0.0564223,0.10489501431584358,0.261251,1.2665,0.2909,0.693932,,,4.06224,1.77817,1.76456,481.0899963378906,2.62483,-0.959899,0.536241,2.62483,0.959899,4.28501,559.2,3.9104895104895108,587,4.104895104895105,,,,,,,,,,,,,,,,,,,"Michael McGreevy","29869",700241
"Brayan Bello","BOS",10.2302,9.45587,11.197,4.26217,26.9816,26.9816,0,0,0,155.733,669.849,154.154,80.1644,73.7512,18.2266,54.222,0.603108,8.28927,127.031,7.34128,3.13355,2.3428,1.05334,0.189642,0.0809467,0.10869502276182175,0.253819,1.33803,0.294164,0.701151,,,4.22943,1.77583,1.93145,345.6199951171875,3.02676,-0.229726,1.23434,3.02676,0.229726,3.35421,600.6000000000001,3.850000000000001,614,3.9358974358974357,,,,,,,,,,,,,,,,,,,"Brayan Bello","23920",678394
"Foster Griffin","WSN",6.40102,7.33431,9.24745,4.1475,29.8522,21.7019,0,0.291371,0,129.522,548.003,123.56,64.8782,59.688,16.0419,41.6694,1.30076,5.86462,117.982,8.19815,2.89545,2.83139,1.11469,0.215295,0.0760387,0.13925618678331375,0.246888,1.27569,0.293409,0.702883,,,4.02443,1.77121,1.58341,512.2899780273438,3.946,-2.11531,0.356565,3.946,2.11531,4.52458,534.8000000000001,4.113846153846154,534,4.107692307692307,,,,,,,,,,,,,,,,,,,"Foster Griffin","16432",656492
"Brandon Pfaadt","ARI",10.469,10.1468,11.4968,4.49661,29.0019,29.0019,0,0,0,168.929,711.592,173.521,91.7404,84.4012,24.9153,39.1264,1.16292,7.35968,147.882,7.87864,2.08452,3.77959,1.3274,0.207818,0.0549843,0.15283358469605446,0.260893,1.2588,0.301855,0.680147,,,4.12723,1.75965,1.51144,370.94000244140625,4.1759,-0.884793,1.40691,4.1759,0.884793,3.12412,648.7000000000002,3.8384615384615395,678,4.011834319526627,,,,,,,,,,,,,,,,,,,"Brandon Pfaadt","27782",694297
"Zebby Matthews","MIN",6.73388,7.1787,6.78922,4.10068,33.4939,20.6483,0,0.318267,0,121.895,507.597,118.361,60.3688,55.5393,17.9243,31.2194,0.877938,3.30109,119.099,8.79352,2.30505,3.81489,1.32342,0.234633,0.0615044,0.17312819510698318,0.250194,1.22712,0.298871,0.716637,,,3.94222,1.75237,1.43733,304.55999755859375,5.6802,-1.64407,0.284273,5.6802,1.64407,4.62097,510.6000000000002,4.1852459016393455,512,4.19672131147541,,,,,,,,,,,,,,,,,,,"Zebby Matthews","31827",805673
"Logan Henderson","MIL",7.75317,6.99158,7.58305,4.07875,31.6159,20.5973,0,0.29537,0,121.364,502.284,108.591,59.7841,55.0014,18.5381,36.476,0.942598,4.04861,121.11,8.98118,2.70496,3.32027,1.37473,0.241119,0.0726202,0.16849834471940994,0.235168,1.19531,0.27957,0.715978,,,4.12678,1.73987,1.44646,280.260009765625,3.10096,0.0955919,0.403906,3.10096,-0.0955919,4.46146,500.30000000000007,4.134710743801653,480,3.9669421487603307,,,,,,,,,,,,,,,,,,,"Logan Henderson","31475",701656
"Shane Smith","CHW",7.94665,9.31446,9.86694,4.14034,27.8526,27.8526,0,0,0,156.517,661.803,138.891,78.2651,72.0039,21.4112,57.5702,1.1175,9.47259,152.42,8.76442,3.31038,2.64756,1.23118,0.230311,0.0869899,0.14332104474306107,0.233525,1.25521,0.279098,0.709949,,,4.25087,1.72561,1.98294,263.739990234375,3.39838,1.36977,0.792573,3.39838,-1.36977,3.94324,645.1,4.10891719745223,615,3.917197452229299,,,,,,,,,,,,,,,,,,,"Shane Smith","31687",681343
"Jameson Taillon","CHC",10.1725,9.10565,11.5347,4.38668,26.1564,26.1564,0,0,0,153.591,640.045,153.207,81.3715,74.8617,25.0379,35.9354,0.554966,3.95234,118.226,6.92771,2.10571,3.28996,1.46715,0.184716,0.0561451,0.12857036665081978,0.255277,1.23146,0.280522,0.699404,,,4.49396,1.70486,1.48961,323.4100036621094,4.0739,1.12558,1.02307,4.0739,-1.12558,3.63591,550.3000000000002,3.5733766233766247,561,3.642857142857143,,,,,,,,,,,,,,,,,,,"Jameson Taillon","11674",592791
"Cade Cavalli","WSN",7.01454,8.5698,9.13743,4.22832,24.4143,24.4143,0,0,0,137.007,591.101,135.192,69.9648,64.3677,15.8157,48.933,0.614929,8.28617,114.822,7.54264,3.21441,2.3465,1.03893,0.19425,0.0827828,0.11146744340658188,0.253224,1.34391,0.296038,0.704765,,,4.21259,1.67797,1.6089,341.6499938964844,3.535,-0.263008,0.740631,3.535,0.263008,4.01249,525.0000000000002,3.8321167883211698,536,3.9124087591240877,,,,,,,,,,,,,,,,,,,"Cade Cavalli","27473",676917
"Tatsuya Imai","HOU",7.40812,7.2143,10.698,4.31561,25.7816,25.7816,0,0,0,150.277,642.676,134.41,78.3255,72.0595,19.791,63.0683,1.07163,7.89211,147.682,8.84463,3.77713,2.34163,1.18527,0.229793,0.0981339,0.13165901601314545,0.2351,1.3141,0.283541,0.701845,,,4.29832,1.66166,1.3858,999,6.45287,0.418318,1.01252,6.45287,-0.418318,3.64997,598.6,3.990666666666667,573,3.82,,,,,,,,,,,,,,,,,,,"Tatsuya Imai","sa3062955",837227
"Ryne Nelson","ARI",8.71403,7.26103,11.6093,4.25057,27.8932,27.8932,0.192353,0.0686436,0.0786634,159.723,671.06,157.726,81.9943,75.4348,21.6756,43.4634,0.886082,5.07714,130.388,7.34708,2.44906,2.99996,1.22137,0.194302,0.0647683,0.12953391671180725,0.253368,1.25962,0.28919,0.697686,,,4.17836,1.65565,1.93713,272.739990234375,2.31263,0.48192,0.810373,2.31263,-0.48192,3.9195,618.6000000000001,3.866250000000001,630,3.9375,,,,,,,,,,,,,,,,,,,"Ryne Nelson","26253",669194
"Cade Horton","CHC",9.20115,6.74681,7.71884,3.97857,23.0272,23.0272,0,0,0,127.236,531.519,115.667,61.1373,56.2463,16.2018,40.2831,0.659596,5.31353,109.657,7.75659,2.84942,2.72217,1.14603,0.206309,0.0757886,0.13052058219909668,0.238035,1.22567,0.276242,0.711446,,,4.14192,1.64712,1.82086,198.08999633789062,5.68721,0.847801,0.49204,5.68721,-0.847801,4.34395,526.4000000000002,4.144881889763782,512,4.031496062992126,,,,,,,,,,,,,,,,,,,"Cade Horton","31872",690990
"Gerrit Cole","NYY",7.17445,5.12594,8.39775,3.92066,18.2974,18.2974,0,0,0,110.072,454.867,98.2471,52.1203,47.9507,15.7308,32.8555,0.536997,3.97113,111.095,9.08362,2.68641,3.38132,1.28622,0.244237,0.0722311,0.17200543731451035,0.235018,1.19106,0.283353,0.724081,,,3.97813,1.62893,1.66481,288.5299987792969,2.712,0.745957,0.29549,2.712,-0.745957,4.60601,473.40000000000003,4.303636363636364,453,4.118181818181818,,,,,,,,,,,,,,,,,,,"Gerrit Cole","13125",543037
"Tyler Mahle","SFG",7.40071,7.51781,8.47692,4.06006,23.0216,23.0216,0,0,0,129.465,544.967,123.925,63.4825,58.4039,16.4536,40.4949,0.435143,3.80451,106.911,7.43213,2.81508,2.64011,1.14381,0.196179,0.074307,0.1218719556927681,0.247519,1.27,0.284841,0.71392,,,4.16223,1.61729,1.74162,359.239990234375,2.30851,2.63031,0.325926,2.30851,-2.63031,4.56543,517.4,4.010852713178294,519,4.023255813953488,,,,,,,,,,,,,,,,,,,"Tyler Mahle","16358",641816
"Noah Cameron","KCR",8.36441,7.8927,10.1969,4.21373,24.9343,24.9343,0,0,0,143.785,608.778,138.442,73.173,67.3191,19.7087,47.0002,1.0503,4.92007,121.169,7.58435,2.9419,2.57805,1.23363,0.199036,0.0772042,0.1218317449092865,0.248614,1.28972,0.285431,0.711241,,,4.31493,1.58569,1.66954,273,3.92905,2.33088,0.706655,3.92905,-2.33088,4.05779,546.8000000000002,3.7972222222222234,546,3.7916666666666665,,,,,,,,,,,,,,,,,,,"Noah Cameron","30184",702070
"Landen Roupp","SFG",6.89865,7.13969,7.38961,4.09467,27.3387,22.2048,0,0.30363,0,119.66,513.605,113.528,59.1751,54.4411,12.9395,47.5925,1.03722,4.27372,111.038,8.3515,3.57957,2.3331,0.973214,0.216193,0.0926635,0.12352988868951797,0.24587,1.34648,0.297808,0.712878,,,3.98534,1.57687,1.52696,442.82000732421875,3.02741,-3.23792,0.586026,3.02741,3.23792,4.21863,497.70000000000005,4.1475,497,4.141666666666667,,,,,,,,,,,,,,,,,,,"Landen Roupp","30076",694738
"Matthew Liberatore","STL",7.3348,9.4233,9.52427,4.37804,26.6329,26.6329,0,0,0.537628,144.995,616.67,143.818,76.6657,70.5325,19.0077,45.5881,1.25669,5.32943,118.049,7.32746,2.82971,2.58947,1.17983,0.19143,0.0739264,0.11750379949808121,0.254206,1.30629,0.291139,0.692528,,,4.26452,1.56401,1.32875,448.3800048828125,3.00587,-1.07084,0.779112,3.00587,1.07084,3.96118,547.9,3.778620689655172,561,3.8689655172413793,,,,,,,,,,,,,,,,,,,"Matthew Liberatore","22294",669461
"Zack Littell",,8.15203,8.52292,10.8536,4.46037,27.2626,26.1249,0,0.269071,0.263163,148.725,623.099,154.624,80.117,73.7076,24.5622,30.1261,1.56614,5.55948,113.808,6.887,1.82306,3.77772,1.48637,0.182648,0.0483487,0.1342991180717945,0.263228,1.24222,0.289641,0.695869,,,4.47149,1.54974,1.26695,438.67999267578125,4.17321,0.288653,0.853573,4.17321,-0.288653,3.8619,512.1000000000001,3.4369127516778533,540,3.6241610738255035,,,,,,,,,,,,,,,,,,,"Zack Littell","15823",641793
"Joey Cantillo","CLE",6.61413,7.08292,6.43708,3.89335,38.9988,19.2323,0.15998,0.693341,0,125.465,531.767,109.466,58.9949,54.2753,14.8167,53.6143,1.03194,3.58374,131.462,9.43023,3.84593,2.452,1.06285,0.247218,0.100823,0.1463952362537384,0.230664,1.29981,0.288311,0.731261,,,3.94243,1.54908,1.51952,273.1499938964844,2.06571,-1.06555,0.531964,2.06571,1.06555,4.29072,549.1,4.3928,522,4.176,,,,,,,,,,,,,,,,,,,"Joey Cantillo","23335",676282
"Eduardo Rodriguez","ARI",8.4549,8.77507,8.50643,4.43242,24.2481,24.2481,0,0,0,136.336,585.293,137.093,72.9827,67.1441,18.8914,48.2006,1.11942,3.26284,120.828,7.97629,3.18189,2.50677,1.24709,0.20644,0.0823529,0.12408723682165146,0.256811,1.3591,0.29992,0.707045,,,4.29641,1.54827,1.31789,535.2899780273438,2.19799,-0.475468,1.06848,2.19799,0.475468,3.57535,505.50000000000006,3.7169117647058827,522,3.838235294117647,,,,,,,,,,,,,,,,,,,"Eduardo Rodriguez","13164",593958
"Seth Lugo","KCR",8.94269,8.77343,12.025,4.38447,26.0789,26.0789,0,0,0.302612,155.658,662.724,153.308,82.4249,75.8309,22.727,50.9019,1.14073,6.23795,131.121,7.5813,2.9431,2.57596,1.31405,0.197852,0.0768072,0.12104489654302597,0.253157,1.31191,0.289065,0.706442,,,4.44974,1.53897,1.51421,362.739990234375,4.35457,0.580808,1.09609,4.35457,-0.580808,3.53854,564.7,3.6198717948717953,572,3.6666666666666665,,,,,,,,,,,,,,,,,,,"Seth Lugo","12447",607625
"Jeffrey Springs","ATH",9.74116,10.1215,11.0567,4.55566,28.779,28.779,0,0,0.277955,163.669,693.099,160.757,90.0506,82.8465,27.4176,51.6268,0.638699,4.43891,139.662,7.67987,2.83891,2.70522,1.50767,0.201503,0.0744869,0.12701639533042908,0.252352,1.29764,0.283728,0.703068,,,4.63391,1.53735,1.21501,440.6499938964844,2.9358,-0.526793,1.40412,2.9358,0.526793,3.12784,574.9000000000001,3.505487804878049,581,3.542682926829268,,,,,,,,,,,,,,,,,,,"Jeffrey Springs","17677",605488
"Dustin May","STL",7.4175,9.17452,8.92225,4.28056,29.094,23.0593,0,0.278179,0,135.069,576.686,124.908,69.8277,64.2414,16.5143,50.1995,1.66292,8.5273,120.95,8.05918,3.34491,2.40938,1.10039,0.209732,0.0870482,0.12268421798944473,0.241153,1.29642,0.284874,0.692687,,,4.23803,1.52697,1.3396,443.44000244140625,2.50268,-0.559376,0.636067,2.50268,0.559376,4.15191,529.9,3.925185185185185,519,3.8444444444444446,,,,,,,,,,,,,,,,,,,"Dustin May","19716",669160
"Bryce Miller","SEA",8.46635,8.181,9.11125,4.22822,25.2377,25.2377,0,0,0,144.452,599.459,133.139,73.7653,67.864,21.8706,41.8676,0.733305,5.07419,128.697,8.01836,2.60854,3.07389,1.36263,0.214688,0.0698424,0.14484556019306183,0.240968,1.21152,0.276821,0.701177,,,4.29642,1.52511,0.94779,254.2100067138672,2.73809,0.439684,0.667307,2.73809,-0.439684,4.11026,566.2,3.931944444444445,551,3.826388888888889,,,,,,,,,,,,,,,,,,,"Bryce Miller","29837",682243
"Steven Matz","TBR",5.84004,6.04203,6.56468,4.19845,33.3476,19.7887,0.247043,1.14934,1.39341,124.888,528.326,126.589,63.3257,58.2597,17.5956,33.6917,0.975109,4.62028,101.636,7.32437,2.42797,3.01666,1.26802,0.192375,0.0637707,0.1286039501428604,0.258337,1.28339,0.293955,0.71476,,,4.25939,1.50631,1.34297,498.2900085449219,2.24286,-0.268691,0.233101,2.24286,0.268691,4.6892,464.40000000000003,3.7152000000000003,482,3.856,,,,,,,,,,,,,,,,,,,"Steven Matz","13361",571927
"Adrian Houser","SFG",7.18551,7.47471,9.02113,4.35973,24.6601,24.6601,0.00537338,0,0,138.194,598.89,144.084,72.7643,66.9431,15.3483,46.073,1.13223,6.58845,98.9799,6.44616,3.00055,2.14833,0.999571,0.165272,0.0769307,0.08834166079759598,0.26378,1.37602,0.298069,0.695993,,,4.28969,1.49252,1.29298,461,2.23304,-0.628458,0.90413,2.23304,0.628458,3.79449,501.30000000000007,3.6326086956521744,534,3.869565217391304,,,,,,,,,,,,,,,,,,,"Adrian Houser","12718",605288
"Kyle Freeland","COL",7.03099,12.4293,10.717,5.12485,28.5858,28.5858,0,0,0,164.324,715.814,188.352,101.707,93.5708,27.1213,43.3477,1.17567,5.93053,119.744,6.55834,2.37414,2.76241,1.48543,0.167284,0.0605573,0.10672645270824432,0.282583,1.41001,0.310255,0.670997,,,4.723,1.46761,1.3409,745.5599975585938,3.45329,1.01792,2.05217,3.45329,-1.01792,2.26378,485.7000000000001,2.9615853658536593,562,3.426829268292683,,,,,,,,,,,,,,,,,,,"Kyle Freeland","16256",607536
"Dean Kremer","BAL",9.35096,9.06643,9.68848,4.46367,26.4757,26.4757,0,0,0,152.159,643.314,149.265,82.0275,75.4653,23.4499,46.7896,0.532613,4.47605,127.96,7.56867,2.76754,2.7348,1.38703,0.198908,0.0727321,0.1261759027838707,0.252117,1.28849,0.28553,0.698591,,,4.46746,1.46164,1.03555,422.760009765625,2.82909,0.716969,1.1083,2.82909,-0.716969,3.52227,557.5,3.6677631578947367,564,3.710526315789474,,,,,,,,,,,,,,,,,,,"Dean Kremer","19350",665152
"Luis Severino","ATH",9.09588,10.8889,11.6379,4.61703,28.7202,28.7202,0,0,0,171.869,739.609,173.466,95.8361,88.1692,25.1636,55.1855,0.965051,10.8189,137.716,7.21159,2.88982,2.49552,1.3177,0.186202,0.0746145,0.11158733814954758,0.257519,1.33038,0.290376,0.686659,,,4.58803,1.45857,1.11785,454.760009765625,3.60364,0.40242,1.56143,3.60364,-0.40242,2.9181,593.5,3.4505813953488373,613,3.563953488372093,,,,,,,,,,,,,,,,,,,"Luis Severino","15890",622663
"Chad Patrick","MIL",6.03701,7.61371,7.73849,4.32241,23.9229,23.9229,0,0.816588,0,128.881,545.331,122.139,67.2795,61.8971,20.2008,42.9793,0.981692,5.16922,121.35,8.47409,3.00133,2.82345,1.41066,0.222525,0.0788132,0.1437116488814354,0.245663,1.28118,0.286641,0.715002,,,4.41039,1.44163,1.35493,326.32000732421875,2.04373,0.325586,0.512371,2.04373,-0.325586,4.31684,493.3999999999999,3.824806201550387,487,3.7751937984496124,,,,,,,,,,,,,,,,,,,"Chad Patrick","30113",694477
"Reynaldo López","ATL",6.48747,5.62344,7.7253,3.94717,29.2894,19.9987,0,0.506672,1.75052,117.388,494.977,109.399,55.96,51.4832,14.823,40.7003,1.26231,3.27941,115.449,8.85135,3.12045,2.83656,1.13646,0.233241,0.0822266,0.15101423859596252,0.242572,1.27866,0.294882,0.727803,,,3.93369,1.42603,1.69327,377.2099914550781,4.67953,-1.41229,0.27805,4.67953,1.41229,4.62927,499.9000000000002,4.272649572649574,492,4.205128205128205,,,,,,,,,,,,,,,,,,,"Reynaldo Lopez","16400",625643
"Mason Miller","SDP",3.14099,2.26831,0.0531385,2.49279,60.1293,0.072668,32.7056,3.51431,4.05175,65.6583,257.847,39.5765,19.7671,18.1858,5.81988,24.892,1.56538,2.3127,100.908,13.8318,3.41203,4.05383,0.797751,0.391348,0.0965379,0.2948102429509163,0.171593,0.981879,0.272419,0.793694,,,2.45673,1.42446,1.50496,26.8799991607666,3.04127,-0.720464,2.16467,3.04127,0.720464,2.11377,612.6000000000001,9.281818181818183,554,8.393939393939394,,,,,,,,,,,,,,,,,,,"Mason Miller","31757",695243
"Kodai Senga","NYM",7.5175,5.71504,6.58973,3.91583,26.608,19.1019,0,0.335478,0,110.868,470.07,95.0114,52.4324,48.2378,13.3351,47.7585,0.524718,4.67374,113.668,9.22731,3.87692,2.38006,1.08251,0.241811,0.101599,0.14021269977092743,0.227497,1.28775,0.281028,0.727937,,,4.06703,1.41449,1.64156,312.1199951171875,3.22633,1.64749,0.372568,3.22633,-1.64749,4.50324,483.5000000000001,4.355855855855856,455,4.099099099099099,,,,,,,,,,,,,,,,,,,"Kodai Senga","31838",673540
"Nick Martinez",,8.92035,8.36795,9.89453,4.44556,25.4014,23.0985,0,0.608256,1.12363,132.329,561.406,135.616,71.0479,65.364,18.1629,35.64,0.986444,5.07285,99.2388,6.74946,2.42396,2.78448,1.2353,0.176768,0.0634834,0.1132848858833313,0.260452,1.29417,0.291236,0.687166,,,4.34257,1.41239,1.09694,562.1799926757812,3.94835,0.566648,0.842605,3.94835,-0.566648,3.87653,480.8000000000002,3.642424242424244,505,3.8257575757575757,,,,,,,,,,,,,,,,,,,"Nick Martinez","12730",607259
"Justin Verlander",,6.73314,7.33541,8.0823,4.43003,22.1695,21.8327,0,0.212799,0,117.621,500.83,116.092,62.9307,57.8962,17.2248,37.5392,0.546907,4.92089,100.027,7.65371,2.87238,2.66459,1.31798,0.199722,0.074954,0.12476763874292374,0.253271,1.30615,0.289832,0.700301,,,4.42103,1.39561,1.0476,521.3200073242188,1.24897,-0.0177904,0.499795,1.24897,0.0177904,4.33361,433.5,3.6737288135593222,440,3.7288135593220337,,,,,,,,,,,,,,,,,,,"Justin Verlander","8700",434378
"Taj Bradley","MIN",6.10679,6.8471,7.6481,4.35867,32.3719,18.1759,0,0.827934,0,113.213,479.128,106.252,59.5963,54.8286,15.6988,39.7342,0.942965,3.69256,110.167,8.75787,3.15872,2.7726,1.248,0.229932,0.0829301,0.14700207859277725,0.243865,1.28949,0.292263,0.696649,,,4.14236,1.39385,0.844437,425.1199951171875,3.40876,-0.407,0.383699,3.40876,0.407238,4.4884,455.80000000000007,4.033628318584071,449,3.9734513274336285,,,,,,,,,,,,,,,,,,,"Taj Bradley","22543",671737
"Parker Messick","CLE",6.8226,6.13324,8.33806,4.00527,21.7107,21.421,0,0.204019,0,115.07,487.496,109.538,55.6626,51.2096,14.2581,37.8076,0.615711,5.29705,103.851,8.12252,2.95705,2.74683,1.11518,0.213029,0.0775546,0.13547438383102417,0.24649,1.28049,0.292017,0.719736,,,4.06473,1.39295,1.40647,311.55999755859375,1.18609,-0.925114,0.237571,1.18609,0.925114,4.68324,471.79999999999995,4.102608695652173,472,4.104347826086957,,,,,,,,,,,,,,,,,,,"Parker Messick","31986",800048
"Andre Pallante","STL",7.16892,9.28857,8.83366,4.38944,26.0845,24.7835,0,0.414535,1.24809,136.455,594.238,139.275,72.3384,66.5513,13.2648,53.0811,1.45449,4.79855,93.4243,6.16188,3.50101,1.76003,0.87489,0.157217,0.0893263,0.06789059191942215,0.259667,1.40966,0.293272,0.690608,,,4.30206,1.38553,1.25743,707.3200073242188,2.58893,-0.702101,1.04817,2.58893,0.702101,3.60244,497.10000000000014,3.6551470588235304,523,3.8455882352941178,,,,,,,,,,,,,,,,,,,"Andre Pallante","26108",669467
"Jacob Lopez","ATH",8.0529,7.51503,9.06836,4.29283,23.1637,23.1637,0,0,0,127.825,543.347,112.669,66.272,60.9703,19.1412,50.7782,0.589448,7.92762,130.577,9.19371,3.57522,2.57151,1.34771,0.240319,0.0934544,0.14686475694179535,0.23248,1.27868,0.279252,0.711128,,,4.41657,1.3774,1.37126,379.2099914550781,2.34621,-0.744527,0.685239,2.34621,0.744527,4.08635,504.7,3.94296875,478,3.734375,,,,,,,,,,,,,,,,,,,"Jacob Lopez","25098",682052
"Simeon Woods Richardson","MIN",6.14085,6.42669,6.25703,4.54213,30.1728,21.9882,0,0.314903,0,121.896,521.276,116.263,66.8681,61.5186,17.3056,46.2959,0.509599,3.99961,110.75,8.17706,3.41819,2.39222,1.27773,0.21246,0.0888126,0.12364688515663147,0.246854,1.33359,0.28857,0.691753,,,4.40145,1.37588,0.771825,340.17999267578125,3.50629,-1.31935,0.691553,3.50629,1.31935,4.07793,464.10000000000014,3.804098360655739,461,3.778688524590164,,,,,,,,,,,,,,,,,,,"Simeon Woods Richardson","24494",680573
"Cade Smith","CLE",4.96877,3.49513,0,2.9391,67.712,0,31.1006,4.07915,5.08915,70.3773,282.058,53.7079,24.9814,22.9829,5.7691,19.9441,1.56093,3.60769,91.0271,11.6407,2.55049,4.56411,0.737764,0.322725,0.0707093,0.252015583217144,0.207763,1.04653,0.29645,0.74221,,,2.61792,1.35993,1.12294,33.349998474121094,2.20525,0.533556,1.90946,2.20525,-0.533556,2.45406,584.8000000000001,8.354285714285716,553,7.9,,,,,,,,,,,,,,,,,,,"Cade Smith","27867",671922
"Zach Eflin","BAL",8.77278,8.34678,10.0512,4.43591,24.3038,24.3038,0,0,0,140.431,586.188,146.69,75.2344,69.2156,22.9274,26.8743,0.798594,4.51175,108.263,6.93838,1.72233,4.02849,1.46938,0.18469,0.0458459,0.1388438120484352,0.2644,1.23594,0.29216,0.695078,,,4.3862,1.35355,1.00648,403.6499938964844,2.40642,-1.4918,0.830016,2.40642,1.4918,3.89331,490.90000000000003,3.5064285714285717,521,3.7214285714285715,,,,,,,,,,,,,,,,,,,"Zach Eflin","13774",621107
"Mike Burrows","HOU",6.16158,7.25435,7.02543,4.11293,28.8526,23.3597,0,0.323011,0,126.292,530.896,114.104,62.7332,57.7145,18.8129,44.2226,1.33877,5.05931,121.782,8.67862,3.15145,2.75385,1.34067,0.22939,0.0832981,0.14609237015247345,0.236919,1.25365,0.27943,0.724255,,,4.31375,1.35234,1.3591,283.2099914550781,1.08004,0.379554,0.307906,1.08004,-0.379554,4.58946,499.30000000000007,3.9626984126984133,480,3.8095238095238093,,,,,,,,,,,,,,,,,,,"Mike Burrows","24728",681347
"Max Meyer","MIA",6.06017,7.81354,8.06953,4.35221,27.295,22.1667,0,0.294095,0,124.969,532.867,123.182,65.6874,60.4324,17.3827,41.3345,0.775274,4.69018,114.035,8.21257,2.97682,2.75884,1.25187,0.214003,0.07757,0.13643349707126617,0.253022,1.31646,0.29767,0.705012,,,4.22324,1.32388,1.2884,393.5,4.33586,-0.135379,0.541455,4.33586,0.135379,4.27806,486.09999999999997,3.8888,494,3.952,,,,,,,,,,,,,,,,,,,"Max Meyer","27474",676974
"Justin Steele","CHC",5.56273,3.69896,6.06679,3.64901,13.9487,13.7339,0,0.165438,0,74.6476,307.568,67.8923,32.8973,30.2655,8.59402,19.733,0.36504,2.71834,69.9311,8.43134,2.37914,3.54387,1.03615,0.227368,0.0641581,0.16320960968732834,0.238121,1.17385,0.287031,0.723976,,,3.66046,1.30076,1.3955,376.9100036621094,1.97183,0.845223,0.708577,1.97183,-0.845223,4.05523,338.49999999999994,4.513333333333333,329,4.386666666666667,,,,,,,,,,,,,,,,,,,"Justin Steele","17312",657006
"Michael Soroka","ARI",6.85418,8.10397,6.31641,4.27702,36.7126,21.613,0.112704,1.01954,0.51227,130.871,557.24,119.157,67.601,62.1929,16.5119,47.4401,0.95297,9.80938,127.902,8.79584,3.26247,2.69607,1.13553,0.229527,0.0851341,0.14439310133457184,0.238319,1.27299,0.288673,0.689963,,,4.13307,1.29656,1.34218,399.32000732421875,5.03955,1.05474,0.563786,5.03955,-1.05474,4.24828,539.9000000000001,4.121374045801527,523,3.9923664122137406,,,,,,,,,,,,,,,,,,,"Michael Soroka","18383",647336
"Jared Jones","PIT",4.5806,5.18248,6.40366,4.026,14.8923,14.8923,0,0,0,85.1877,357.234,77.4354,41.421,38.1073,11.1858,28.2199,0.641394,3.70581,87.4212,9.23596,2.9814,3.09786,1.18177,0.244717,0.0789955,0.16572143882513046,0.238037,1.24026,0.292233,0.713753,,,3.914,1.29126,1.32802,410.2099914550781,3.40462,0.123009,0.334123,3.40462,-0.123009,4.5545,371.50000000000006,4.370588235294118,360,4.235294117647059,,,,,,,,,,,,,,,,,,,"Jared Jones","27863",683003
"Brad Lord","WSN",6.11998,8.78646,8.65356,4.40513,33.0547,22.6527,0.642328,0.74555,0,132.524,567.74,131.832,70.5056,64.8651,16.4545,44.3668,0.965253,5.8963,103.141,7.00451,3.01304,2.32473,1.11746,0.181669,0.0781462,0.10352267324924469,0.254759,1.32956,0.289979,0.690072,,,4.33051,1.26578,1.14893,641.239990234375,1.78557,0.548182,0.623802,1.78557,-0.548182,4.16826,509.2000000000001,3.828571428571429,522,3.924812030075188,,,,,,,,,,,,,,,,,,,"Brad Lord","31972",695418
"Ryan Weathers","NYY",7.30797,7.23053,7.49086,4.04023,33.1663,21.2632,0,0.337193,0,125.587,527.908,114.757,61.2804,56.378,17.7139,42.5395,1.11344,5.15187,119.089,8.53433,3.04852,2.7995,1.26944,0.225587,0.0805813,0.14500614255666733,0.23897,1.25249,0.282585,0.724667,,,4.21149,1.25853,1.62679,299.5299987792969,3.81896,0.28372,0.308566,3.81896,-0.28372,4.58858,506.0000000000001,4.015873015873017,490,3.888888888888889,,,,,,,,,,,,,,,,,,,"Ryan Weathers","23796",677960
"Will Warren","NYY",6.86263,7.95613,6.41754,4.31068,35.533,20.7001,0,0.470959,0,123.069,525.04,117.53,64.0714,58.9457,17.3374,44.239,0.882565,5.14057,122.204,8.93675,3.23518,2.76236,1.26788,0.232752,0.0842583,0.14849372953176498,0.247087,1.31445,0.298085,0.710544,,,4.18428,1.25385,1.10491,338.760009765625,3.96127,-0.0493,0.609058,3.96127,0.0493,4.18792,491.3,3.994308943089431,491,3.991869918699187,,,,,,,,,,,,,,,,,,,"Will Warren","30182",701542
"Robby Snelling","MIA",5.57797,6.00853,7.30698,4.09827,17.7354,17.0547,0,0,0,92.0629,394.063,90.3841,45.5675,41.9221,10.8251,32.9596,0.348652,2.81633,79.9626,7.81708,3.2221,2.42608,1.05825,0.202918,0.0836404,0.1192779541015625,0.252267,1.33978,0.297417,0.718895,,,4.09241,1.21859,1.23601,999,2.98201,-0.829851,0.299245,2.98201,0.829851,4.60101,363.5,3.9510869565217392,369,4.010869565217392,,,,,,,,,,,,,,,,,,,"Robby Snelling","sa3020707",702281
"Roki Sasaki","LAD",6.81628,5.64575,7.23252,4.18216,32.202,18.3248,0.145173,1.345,0.435442,112.167,480.383,101.504,56.6546,52.1222,13.8146,45.9044,0.928619,6.56975,106.971,8.58313,3.68327,2.3303,1.10845,0.222679,0.095558,0.12712102383375168,0.237209,1.31419,0.285518,0.708638,,,4.23234,1.21006,1.12505,252.24000549316406,2.17186,-1.01183,0.385612,2.17186,1.01183,4.48585,450.40000000000015,4.021428571428573,437,3.9017857142857144,,,,,,,,,,,,,,,,,,,"Roki Sasaki","35323",808963
"Jhoan Duran","PHI",5.15312,3.95672,0,2.88176,66.3941,0,33.1546,3.16887,4.12316,68.3563,278.769,55.6552,23.7906,21.8874,5.06135,20.5578,2.44031,3.63886,78.7295,10.3658,2.70671,3.82966,0.666393,0.282419,0.0737452,0.2086736410856247,0.218623,1.11494,0.29625,0.758348,,,2.85614,1.16392,1.26431,33.439998626708984,2.3349,0.731065,2.08201,2.3349,-0.731065,2.22398,556.1,8.177941176470588,535,7.867647058823529,,,,,,,,,,,,,,,,,,,"Jhoan Duran","21029",661395
"Andrew Alvarez","WSN",4.57006,5.80011,6.09115,4.24602,39.7117,16.4469,0,0.841774,0,111.977,483.427,108.818,57.4224,52.8286,11.8326,43.7776,1.07898,4.97804,83.7683,6.73276,3.51856,1.9135,0.951031,0.17328,0.0905567,0.08272336423397064,0.250346,1.36274,0.286033,0.699649,,,4.3189,1.15446,1.07979,999,2.84799,-0.670139,0.394344,2.84799,0.670139,4.47421,422.80000000000007,3.775000000000001,429,3.830357142857143,,,,,,,,,,,,,,,,,,,"Andrew Alvarez","29914",674841
"Hunter Barco","PIT",4.87632,4.28696,4.71231,4.08125,33.1348,12.1363,0,0.807204,0,90.0791,386.121,82.8708,44.4005,40.8484,9.74384,36.5932,0.84686,4.52724,81.7918,8.17199,3.6561,2.23517,0.973528,0.211829,0.0947711,0.11705804616212845,0.240204,1.32621,0.288508,0.709333,,,4.09482,1.15284,1.11095,999,1.98358,0.473624,0.254585,1.98358,-0.473624,4.66055,369.2,4.102222222222222,362,4.022222222222222,,,,,,,,,,,,,,,,,,,"Hunter Barco","33174",682995
"Lucas Giolito",,8.13597,7.88061,10.0309,4.5736,25.5726,25.1203,0,0.245964,0,135.953,584.995,132.29,75.096,69.0883,20.9486,52.8763,0.784498,4.20651,122.444,8.1057,3.50038,2.31566,1.38679,0.209307,0.0903876,0.11891967803239822,0.25059,1.36199,0.289558,0.706311,,,4.59662,1.15132,0.959794,405.8500061035156,4.19993,0.606836,1.1498,4.19993,-0.606836,3.46693,477.90000000000015,3.513970588235295,480,3.5294117647058822,,,,,,,,,,,,,,,,,,,"Lucas Giolito","15474",608337
"Cristian Javier","HOU",7.72836,8.88958,8.89829,4.7035,25.6178,25.6178,0,0,0,140.697,602.917,128.429,79.9238,73.5299,22.3628,59.6918,0.47814,5.36704,127.152,8.13353,3.81831,2.13014,1.43048,0.210894,0.099005,0.11188922822475433,0.238779,1.33706,0.273125,0.689975,,,4.78115,1.11996,0.637671,397.2900085449219,4.14009,1.48479,1.22185,4.14009,-1.48479,3.37087,499.00000000000006,3.539007092198582,478,3.3900709219858154,,,,,,,,,,,,,,,,,,,"Cristian Javier","17606",664299
"Kumar Rocker","TEX",5.28496,6.30384,5.23712,4.32431,25.5499,17.7214,0,0.670743,0,98.5004,418.089,94.7184,51.4428,47.3274,12.8454,32.4511,0.669118,4.28296,86.3131,7.88644,2.96506,2.65979,1.17369,0.206447,0.0776178,0.12882908433675766,0.248374,1.29106,0.290128,0.693557,,,4.19672,1.10617,0.837904,512.4400024414062,2.78907,-1.37913,0.141471,2.78907,1.37913,4.81137,393.70000000000005,3.976767676767677,394,3.9797979797979797,,,,,,,,,,,,,,,,,,,"Kumar Rocker","31843",677958
"Grant Taylor","CHW",3.37889,3.9479,0.180196,3.42919,65.183,1.48694,6.94986,13.7272,1.64407,73.8199,307.217,61.2307,30.5728,28.127,6.09085,28.7909,1.5092,2.26507,88.2617,10.7607,3.51014,3.06561,0.742587,0.287294,0.0937151,0.19357870519161224,0.221721,1.21948,0.303285,0.729483,,,3.07859,1.08852,0.842509,313.5,4.66234,-1.0097,0.860981,4.66234,1.0097,3.85203,489.20000000000005,6.610810810810811,466,6.297297297297297,,,,,,,,,,,,,,,,,,,"Grant Taylor","33927",691799
"Griffin Jax","TBR",3.77227,4.26078,0,3.17307,64.8071,0.114821,14.7435,13.9614,5.97501,66.4116,268.538,53.9886,25.4503,23.4143,6.77471,18.1962,1.81189,2.45359,83.2973,11.2883,2.46592,4.57773,0.918099,0.310188,0.0677603,0.2424279823899269,0.217794,1.08693,0.299171,0.745364,,,2.88557,1.08602,0.978544,166.2899932861328,2.01007,-0.0566303,1.24503,2.01007,0.0566303,3.33996,498.9000000000001,7.55909090909091,476,7.212121212121212,,,,,,,,,,,,,,,,,,,"Griffin Jax","20253",643377
"Ian Seymour","TBR",6.26746,6.25318,5.84926,4.22463,28.6603,16.292,0,0.661464,0.159248,104.481,438.337,97.2499,53.3083,49.0437,15.0474,31.6223,1.38101,5.42585,98.8179,8.51219,2.72395,3.12495,1.29619,0.225438,0.0721413,0.15329671651124954,0.242344,1.23345,0.285997,0.700926,,,4.17959,1.08473,1.03203,309.3500061035156,3.23468,1.4942,0.228485,3.23468,-1.4942,4.69535,423.90000000000003,4.075961538461539,416,4,,,,,,,,,,,,,,,,,,,"Ian Seymour","27932",693855
"Slade Cecconi","CLE",6.9478,9.15111,9.496,4.58238,25.9777,25.9777,0,0,0,146.549,616.05,146.799,81.1041,74.6158,24.4761,37.0995,1.00315,5.69446,120.793,7.41829,2.2784,3.25593,1.50315,0.196077,0.0602217,0.13585573807358742,0.25608,1.25487,0.285811,0.686982,,,4.53388,1.07994,0.852828,420.3800048828125,2.98927,-0.717028,0.929926,2.98927,0.717028,3.7601,523.3999999999999,3.560544217687074,536,3.6462585034013606,,,,,,,,,,,,,,,,,,,"Slade Cecconi","27500",677944
"Hurston Waldrep","ATL",8.2327,7.78722,9.1211,4.43505,23.8062,23.8062,0,0,0,134.172,586.501,128.27,71.8672,66.1179,15.0936,61.6788,1.23612,6.11099,116.51,7.81522,4.13728,1.88897,1.01245,0.198652,0.105164,0.09348810464143753,0.247285,1.4157,0.292363,0.699461,,,4.37657,1.07898,1.25476,270.67999267578125,3.47491,-0.0835842,1.25507,3.47491,0.0835842,3.32658,504.2999999999999,3.7634328358208946,505,3.7686567164179103,,,,,,,,,,,,,,,,,,,"Hurston Waldrep","33527",694462
"Edwin Díaz","LAD",5.03509,2.98813,0,3.04231,63.6676,0,37.0445,2.54444,5.14131,66.7938,269.141,48.147,24.542,22.5786,6.75644,22.7538,0.748694,4.1004,91.4337,12.3201,3.06592,4.01839,0.910384,0.339725,0.0845425,0.2551821395754814,0.198719,1.06149,0.287243,0.754516,,,2.91848,1.06069,1.03318,27,1.36533,-0.336216,2.22528,1.36533,0.336216,2.03297,582.9,8.7,542,8.08955223880597,,,,,,,,,,,,,,,,,,,"Edwin Diaz","14710",621242
"Aaron Civale",,6.14294,6.66374,6.02022,4.55791,20.6197,20.0504,0.0376325,0.177809,0,106.305,452.548,104.467,58.5177,53.8363,16.6203,33.577,0.681206,5.1571,92.1988,7.80578,2.84271,2.74589,1.40712,0.203733,0.0741955,0.12953725457191467,0.252451,1.29858,0.288029,0.692887,,,4.52613,1.03804,0.692147,655.030029296875,1.83412,0.866398,0.445222,1.83412,-0.866398,4.40637,371.9000000000001,3.508490566037737,376,3.547169811320755,,,,,,,,,,,,,,,,,,,"Aaron Civale","19479",650644
"José Berríos","TOR",7.06794,6.81087,8.26182,4.32943,34.9618,17.2286,0,0.846986,0,117.281,497.609,113.494,61.3237,56.4178,17.8882,35.91,1.00375,6.04078,99.2398,7.61554,2.75569,2.76357,1.37271,0.199433,0.0721651,0.12726809084415436,0.249076,1.2739,0.282414,0.708266,,,4.49869,1.01595,0.856526,475,2.48142,-0.288639,0.403179,2.48142,0.288639,4.46243,426.6000000000002,3.646153846153848,427,3.6495726495726495,,,,,,,,,,,,,,,,,,,"Jose Berrios","14168",621244
"Johan Oviedo","BOS",5.55444,5.39743,4.65244,4.24595,37.7691,14.8114,0,0.756089,0,102.3,438.767,90.7363,52.4591,48.2624,13.2865,44.2264,1.11549,6.11074,97.8774,8.61089,3.89088,2.2131,1.16889,0.223074,0.100797,0.1222766563296318,0.233598,1.31928,0.279334,0.709027,,,4.38617,1.00384,1.05402,430.9100036621094,1.48074,0.130926,0.216604,1.48074,-0.130926,4.71119,408.30000000000007,4.002941176470589,391,3.8333333333333335,,,,,,,,,,,,,,,,,,,"Johan Oviedo","22487",670912
"Connelly Early","BOS",3.63519,3.29824,2.7215,3.6949,23.8569,6.76064,0,0.775509,0.248938,53.6872,225.276,46.8884,23.9576,22.041,5.06459,19.3229,0.591495,2.83465,55.6222,9.32438,3.23924,2.87857,0.849015,0.246907,0.0857744,0.1611328050494194,0.230843,1.23328,0.293642,0.7147,,,3.52755,0.991134,0.862686,248.47000122070312,2.23202,-0.013037,0.824192,2.23202,0.013037,3.90108,265.90000000000003,4.924074074074075,255,4.722222222222222,,,,,,,,,,,,,,,,,,,"Connelly Early","33666",813349
"Jacob Latz","TEX",3.84336,3.75289,5.19588,4.2521,37.5268,14.2957,0.0643614,1.10066,1.238,107.724,463.12,96.2628,55.3203,50.8946,13.7494,50.0008,2.1014,3.38035,99.959,8.35128,4.17742,1.99915,1.14872,0.215838,0.107965,0.10787314176559448,0.234937,1.35777,0.278733,0.716008,,,4.42518,0.98926,0.791812,465.239990234375,3.74391,1.57572,0.433364,3.74391,-1.57572,4.42218,422.4,3.911111111111111,403,3.7314814814814814,,,,,,,,,,,,,,,,,,,"Jacob Latz","21306",656641
"Bryan Abreu","HOU",3.17998,2.6061,0,3.13557,65.2139,0,7.37565,21.2038,4.53436,68.1807,282.161,51.6676,25.8195,23.7539,6.77512,28.2037,0.729135,3.88371,90.6277,11.9631,3.72295,3.21333,0.89433,0.321192,0.0999561,0.22123555094003677,0.20661,1.17147,0.294048,0.767933,,,3.18036,0.987258,0.925172,251.35000610351562,1.16096,-0.169915,1.01441,1.16096,0.169915,3.64746,486.90000000000003,7.16029411764706,454,6.676470588235294,,,,,,,,,,,,,,,,,,,"Bryan Abreu","16609",650556
"Logan Allen","CLE",6.48845,7.48614,6.34144,4.4985,24.6935,21.1206,0,0.311132,0,116.445,505.451,117.937,63.2643,58.2032,16.6469,44.3588,0.824554,4.29906,93.9828,7.26389,3.42847,2.1187,1.28663,0.185939,0.0877608,0.09817784279584885,0.258186,1.39376,0.292609,0.712508,,,4.63298,0.965204,0.718935,663.4400024414062,1.64355,0.183322,0.7648,1.64355,-0.183322,3.98027,386.50000000000006,3.3318965517241383,403,3.4741379310344827,,,,,,,,,,,,,,,,,,,"Logan Allen","27589",671106
"Anthony Kay","CHW",6.0817,8.49423,8.85056,4.48535,22.1766,22.1766,0,0,0.981628,126.466,549.126,124.778,68.5075,63.0269,17.0306,50.6435,2.15835,5.68923,101.45,7.21975,3.60408,2.00322,1.21199,0.184748,0.0922258,0.09252233058214188,0.253206,1.38711,0.287855,0.705337,,,4.61772,0.963352,0.948014,566.1799926757812,3.15276,-0.080374,0.825231,3.15276,0.080374,3.89969,429.30000000000007,3.4071428571428575,440,3.492063492063492,,,,,,,,,,,,,,,,,,,"Anthony Kay","20387",641743
"Aroldis Chapman","BOS",4.204,3.44046,0,3.03745,58.1355,0,30.2289,2.76174,3.62226,58.385,238.509,41.4544,21.4181,19.7046,5.31596,25.1693,0.760314,1.98482,80.1006,12.3474,3.87983,3.18247,0.81945,0.335839,0.105528,0.23031120747327805,0.196136,1.14111,0.286953,0.763849,,,2.97017,0.963215,1.01519,44.90999984741211,1.53918,0.153646,1.96344,1.53918,-0.153646,2.38208,502.1,8.656896551724138,466,8.03448275862069,,,,,,,,,,,,,,,,,,,"Aroldis Chapman","10233",547973
"Max Scherzer",,5.52514,5.77596,6.01105,4.64533,17.7733,17.5879,0,0.163319,0,92.1144,385.822,89.3474,51.679,47.5447,16.3053,25.2768,0.291361,3.65362,88.0654,8.60439,2.46966,3.48404,1.5931,0.228254,0.0655143,0.16273987293243408,0.250349,1.24437,0.289252,0.685701,,,4.46641,0.963204,0.532529,562.3800048828125,1.66999,-2.03388,0.453652,1.66999,2.03388,4.39513,341.6,3.71304347826087,341,3.7065217391304346,,,,,,,,,,,,,,,,,,,"Max Scherzer","3137",453286
"J.T. Ginn","ATH",4.16496,5.0074,3.72254,4.3006,25.8293,14.4682,0,0.851784,0,86.6372,371.897,83.7032,44.999,41.3991,11.0757,31.0153,1.17185,5.0642,80.244,8.33587,3.22191,2.58724,1.15056,0.21577,0.0833976,0.1323719546198845,0.249252,1.32412,0.297048,0.702728,,,4.19397,0.946056,0.790147,537.530029296875,3.11043,-0.427677,0.202754,3.11043,0.427677,4.72966,346.1,3.97816091954023,348,4,,,,,,,,,,,,,,,,,,,"J.T. Ginn","27889",669372
"Jeremiah Estrada","SDP",3.87644,3.20406,0,3.38904,67.6488,0,3.25894,24.5891,2.35664,69.6289,285.878,53.5004,28.4994,26.2194,8.81759,27.2517,1.8094,2.50569,91.8089,11.8669,3.52246,3.36893,1.13973,0.321147,0.0953263,0.22582104057073593,0.208888,1.15975,0.28736,0.763845,,,3.42644,0.939548,0.883318,365.3800048828125,2.5309,-1.12133,0.795685,2.5309,1.12133,3.93909,475.9,6.798571428571428,442,6.314285714285714,,,,,,,,,,,,,,,,,,,"Jeremiah Estrada","22210",669093
"Davis Martin","CHW",6.9481,9.98126,9.04976,4.60523,26.3766,26.3766,0,0,0,146.989,635.035,148.017,81.7532,75.213,21.5533,51.9568,1.57696,7.32393,113.333,6.93926,3.18127,2.18128,1.31969,0.178467,0.0818172,0.09664939343929291,0.257084,1.36047,0.286851,0.696238,,,4.70921,0.928878,0.958943,656.0599975585938,2.365,-0.551066,1.12024,2.365,0.551066,3.50635,481.3999999999999,3.2748299319727887,498,3.3877551020408165,,,,,,,,,,,,,,,,,,,"Davis Martin","21448",663436
"Robert Gasser","MIL",4.68342,4.89098,3.55881,4.03468,34.5222,11.4248,0,1.72412,0,84.6803,359.24,78.4966,41.263,37.962,11.0817,27.4853,0.75227,6.83788,76.269,8.10603,2.92119,2.7749,1.17778,0.212307,0.0765096,0.13579723984003067,0.24159,1.25155,0.283774,0.715382,,,4.25102,0.923289,0.956721,528.7100219726562,2.01539,-0.79075,0.377085,2.01539,0.79075,4.49722,348.90000000000003,4.104705882352942,340,4,,,,,,,,,,,,,,,,,,,"Robert Gasser","29812",688107
"Patrick Corbin",,6.54847,8.50199,7.35587,4.88543,23.711,23.359,0,0.219714,0,123.922,538.459,133.007,73.1174,67.268,18.8764,41.2894,0.927112,3.54988,98.6823,7.16694,2.9987,2.39001,1.37092,0.183268,0.0766806,0.10658720880746841,0.269453,1.4065,0.30349,0.684246,,,4.60821,0.922435,0.426233,748.739990234375,3.62921,-0.205381,1.1504,3.62921,0.205381,3.46613,401.09999999999985,3.2346774193548375,436,3.5161290322580645,,,,,,,,,,,,,,,,,,,"Patrick Corbin","9323",571578
"Michael Lorenzen","COL",6.3403,10.2196,7.67974,5.18173,24.6404,24.6404,0,0.0815984,0,142.136,623.896,152.961,88.9509,81.8348,24.5163,51.5068,0.653063,5.81055,112.665,7.13386,3.26138,2.18737,1.55236,0.180583,0.0825568,0.09802575409412384,0.269973,1.43853,0.299128,0.678932,,,5.00189,0.922181,1.10217,711.030029296875,4.95798,0.896065,1.79863,4.95798,-0.896065,2.60183,397.49999999999994,2.799295774647887,437,3.0774647887323945,,,,,,,,,,,,,,,,,,,"Michael Lorenzen","14843",547179
"Devin Williams","NYM",4.47642,4.36838,0,3.20254,64.1225,0,30.453,4.40638,3.80754,65.1497,266.796,47.4306,25.1987,23.1828,5.67461,27.0395,1.17088,3.26368,84.6899,11.6993,3.73533,3.13208,0.78391,0.317433,0.101349,0.2160840407013893,0.200558,1.14306,0.285749,0.740638,,,3.06299,0.920022,0.924229,44.619998931884766,2.81167,-1.00917,1.92427,2.81167,1.00917,2.4343,531,8.169230769230769,493,7.584615384615384,,,,,,,,,,,,,,,,,,,"Devin Williams","15816",642207
"Janson Junk","MIA",4.36534,4.71552,3.74878,4.62822,33.1271,12.2797,0.054759,1.47981,0,95.3184,404.796,102.205,53.2795,49.0171,12.8755,22.0658,1.13724,3.14883,69.0117,6.51611,2.08346,3.12755,1.21571,0.170485,0.0545108,0.11597438156604767,0.269257,1.30374,0.300071,0.668184,,,4.23673,0.906359,0.492657,577.0900268554688,4.90554,-2.20307,0.369955,4.90554,2.20307,4.50673,344.90000000000003,3.630526315789474,373,3.9263157894736844,,,,,,,,,,,,,,,,,,,"Janson Junk","23301",676083
"Abner Uribe","MIL",3.59902,2.63603,0,3.15556,67.0115,0,17.155,15.086,3.49263,69.2795,288.958,53.955,26.4029,24.2907,5.22024,29.9512,2.02747,3.75243,80.9385,10.5146,3.89091,2.70235,0.678154,0.280105,0.103653,0.17645268142223358,0.211378,1.21113,0.288209,0.750717,,,3.23758,0.902054,1.05056,116.1500015258789,2.90263,-0.899929,1.33776,2.90263,0.899929,3.21632,513.7,7.4449275362318845,485,7.028985507246377,,,,,,,,,,,,,,,,,,,"Abner Uribe","25327",682842
"Hunter Dobbins","STL",4.91709,5.21409,4.96943,4.37883,26.9872,14.2137,0,0.747394,1.01939,91.2555,391.413,91.7455,48.2599,44.3991,10.9309,30.0674,1.20119,4.04608,67.4485,6.65205,2.96538,2.24324,1.07805,0.172321,0.0768178,0.09550298750400543,0.256775,1.33486,0.289742,0.690575,,,4.33555,0.898835,0.72287,699.2899780273438,2.28882,-0.0534272,0.284664,2.28882,0.0534272,4.62045,334.8999999999999,3.680219780219779,348,3.8241758241758244,,,,,,,,,,,,,,,,,,,"Hunter Dobbins","30240",690928
"Kyle Leahy","STL",4.72653,6.08041,5.69053,4.47935,40.5655,16.0716,0.0137587,1.90479,3.5734,117.934,510.205,118.643,63.8003,58.6962,14.9001,43.9109,1.16732,4.46493,95.3924,7.27978,3.35102,2.17241,1.13709,0.186969,0.0860652,0.10090349614620209,0.256897,1.37835,0.295111,0.69695,,,4.39045,0.889472,0.663634,543.1500244140625,6.46054,-1.84276,0.602401,6.46054,1.84276,4.1968,433.30000000000007,3.6720338983050853,449,3.805084745762712,,,,,,,,,,,,,,,,,,,"Kyle Leahy","24763",681517
"Brandon Sproat","MIL",3.54288,4.41275,4.60726,4.19995,25.254,11.8412,0,0.771404,0,77.5789,331.95,72.2826,39.3512,36.2031,8.70558,29.439,0.71193,4.47328,65.5894,7.60909,3.41525,2.22797,1.00994,0.197589,0.0886853,0.10890328884124756,0.242529,1.3112,0.284153,0.696614,,,4.21443,0.886306,0.834371,462.1199951171875,1.84661,0.342832,0.425641,1.84661,-0.342832,4.43248,316.30000000000007,4.055128205128206,310,3.9743589743589745,,,,,,,,,,,,,,,,,,,"Brandon Sproat","33850",687075
"Ryan Feltner","COL",3.83182,6.44067,6.24627,5.18721,25.6595,19.4853,0,0.341848,0,109.88,485.368,116.928,68.8368,63.3299,16.1375,44.5798,0.44873,4.1108,88.7963,7.27311,3.65144,1.99185,1.32179,0.182946,0.0918474,0.09109879285097122,0.267767,1.46986,0.30382,0.667104,,,4.75752,0.883631,0.77113,750.3800048828125,2.64788,-0.339202,1.14329,2.64788,0.339202,3.47561,344.00000000000006,3.127272727272728,373,3.390909090909091,,,,,,,,,,,,,,,,,,,"Ryan Feltner","21446",663372
"Miles Mikolas",,7.15021,8.73585,7.90973,4.86249,24.5048,24.2323,0,0.223837,0,128.773,548.642,141.383,75.6226,69.5728,21.6738,28.4336,0.615359,4.09802,87.2518,6.09809,1.98725,3.06861,1.5148,0.159032,0.0518255,0.10720670223236084,0.273939,1.31873,0.293991,0.675355,,,4.72594,0.883204,0.438435,999,2.09929,-0.241478,1.02569,2.09929,0.241478,3.63242,395.39999999999986,3.0651162790697666,437,3.387596899224806,,,,,,,,,,,,,,,,,,,"Miles Mikolas","9803",571945
"Patrick Sandoval","BOS",3.63922,4.5425,3.78243,4.15615,28.2421,9.80756,0,0.760924,0,71.1985,309.374,68.6158,35.7381,32.879,7.17414,30.8193,0.770297,2.75107,66.5706,8.415,3.89578,2.16003,0.906863,0.215179,0.0996182,0.11556041985750198,0.248785,1.39659,0.304078,0.712564,,,3.98956,0.876565,0.731864,674.3800048828125,4.08956,-0.344902,0.45208,4.08956,0.344902,4.39723,295.9,4.1676056338028165,300,4.225352112676056,,,,,,,,,,,,,,,,,,,"Patrick Sandoval","19447",663776
"Garrett Whitlock","BOS",4.43275,3.12003,0.170366,3.35943,57.8074,0.232978,3.79667,18.9178,1.78968,65.3276,267.753,56.3263,26.5052,24.3848,6.41973,18.4316,0.918505,2.89228,72.2906,9.95928,2.53927,3.92211,0.884428,0.26999,0.0688379,0.2011517584323883,0.22857,1.14435,0.29756,0.733655,,,3.17871,0.851975,0.788123,410,1.8331,-1.98892,0.883575,1.8331,1.98892,3.8219,438.6,6.747692307692308,424,6.523076923076923,,,,,,,,,,,,,,,,,,,"Garrett Whitlock","20191",676477
"Rhett Lowder","CIN",4.03418,4.36206,3.94933,4.34258,26.9146,11.3873,0,0.734121,0,77.6601,331.047,76.946,40.7301,37.4717,10.2523,24.7241,0.865715,3.38571,62.1898,7.20716,2.86527,2.51535,1.18814,0.187858,0.0746847,0.11317340284585953,0.254,1.30917,0.28935,0.697919,,,4.33563,0.848635,0.819718,519.8800048828125,2.92519,1.26807,0.381615,2.92519,-1.26807,4.49118,298.00000000000006,3.820512820512821,304,3.8974358974358974,,,,,,,,,,,,,,,,,,,"Rhett Lowder","33876",695076
"David Bednar","NYY",4.30025,4.37268,0,3.37033,62.9628,0,31.2144,3.61783,4.39871,64.6292,263.076,51.6087,26.307,24.2024,7.12872,21.0723,1.82149,2.32379,77.1416,10.7424,2.93444,3.66081,0.992716,0.29323,0.0800997,0.21312987804412842,0.215324,1.12458,0.286212,0.739608,,,3.26787,0.836041,0.820236,40.529998779296875,2.13085,-0.715458,2.01587,2.13085,0.715458,2.31217,515.7,7.933846153846154,490,7.538461538461538,,,,,,,,,,,,,,,,,,,"David Bednar","19569",670280
"Chris Paddack",,4.54449,5.34881,4.69556,4.86803,18.5528,17.4795,0.0357497,1.10293,0,95.3841,405.938,101.685,56.0788,51.5925,16.1598,24.0008,0.46166,2.68412,74.5096,7.03038,2.2646,3.10447,1.52476,0.183549,0.0591242,0.12442517280578613,0.26812,1.31768,0.296363,0.67539,,,4.61455,0.827743,0.305069,749.0900268554688,2.70543,-0.200473,0.518231,2.70543,0.200473,4.30902,314.00000000000006,3.3052631578947373,340,3.5789473684210527,,,,,,,,,,,,,,,,,,,"Chris Paddack","20099",663978
"Joe Boyle","TBR",4.73867,5.95927,4.81597,4.31267,23.9111,17.1667,0,0.623258,0,95.0595,412.51,79.4168,49.5121,45.5512,11.4838,51.1046,1.03765,5.36554,100.677,9.53182,4.83846,1.97001,1.08726,0.244059,0.123887,0.12017174065113068,0.223056,1.37305,0.278551,0.70785,,,4.36959,0.82245,0.842516,441.0899963378906,2.09766,-1.62449,0.38482,2.09766,1.62449,4.48691,400.30000000000007,4.213684210526316,370,3.8947368421052633,,,,,,,,,,,,,,,,,,,"Joe Boyle","29608",671212
"Luis Morales","ATH",6.36367,6.6271,7.26503,4.60326,20.5775,20.5775,0,0,0,114.115,490.165,108.087,63.4421,58.3667,17.8385,45.6489,0.608554,4.35463,98.8762,7.79816,3.60023,2.16601,1.40689,0.20172,0.0931296,0.10859045386314392,0.245563,1.34721,0.279022,0.701247,,,4.74894,0.820408,0.801009,411.2099914550781,2.38432,0.394757,0.660044,2.38432,-0.394757,4.11994,389.3999999999999,3.41578947368421,384,3.3684210526315788,,,,,,,,,,,,,,,,,,,"Luis Morales","32227",806960
"JP Sears","SDP",7.77183,9.06378,7.78844,4.6236,27.2048,23.5617,0,0.329318,0,130.311,550.246,127.492,72.7661,66.9448,23.4799,36.7929,1.14916,6.75751,109.569,7.56749,2.54113,2.978,1.62166,0.199128,0.0668663,0.13226159662008286,0.251614,1.26072,0.278369,0.69642,,,4.79848,0.818558,0.766398,571.3200073242188,1.88851,1.64627,0.870887,1.88851,-1.64627,3.83882,436.90000000000003,3.360769230769231,439,3.376923076923077,,,,,,,,,,,,,,,,,,,"JP Sears","23429",676664
"Drew Anderson","DET",4.23599,4.34001,3.8397,4.05487,32.6663,7.66402,0,0.951818,0,72.6679,309.436,63.3548,35.5868,32.7398,8.99539,30.8092,1.04789,3.80858,79.871,9.89211,3.81575,2.59244,1.11409,0.258118,0.0995656,0.15855233371257782,0.230533,1.29581,0.29233,0.718118,,,3.97528,0.816035,0.625363,564.1199951171875,2.5299,-0.475034,0.353459,2.5299,0.475034,4.52872,324.70000000000005,4.447945205479453,307,4.205479452054795,,,,,,,,,,,,,,,,,,,"Drew Anderson","15130",623454
"Griffin Canning",,7.31702,7.44992,6.64999,4.55538,22.4974,22.0733,0,0.199016,0,116.738,504.118,116.005,64.2253,59.0872,17.3611,44.8639,0.99578,3.73124,101.161,7.7991,3.45882,2.25484,1.33847,0.200669,0.0889948,0.11167459189891815,0.254662,1.37803,0.29271,0.707683,,,4.58418,0.815589,0.886583,714.1199951171875,1.93734,0.00540148,0.841867,1.93734,-0.00540148,3.87751,410.10000000000014,3.5051282051282064,419,3.5811965811965814,,,,,,,,,,,,,,,,,,,"Griffin Canning","19867",656288
"Josh Hader","HOU",4.61304,3.57747,0,3.25094,56.7715,0,32.0882,2.56302,2.85083,60.3071,242.035,42.3046,23.6781,21.7838,8.02303,21.9075,0.954057,2.32922,81.7754,12.2039,3.26939,3.73276,1.19733,0.337866,0.0905137,0.2473525106906891,0.194237,1.06475,0.267825,0.765083,,,3.3583,0.81086,0.704521,49.849998474121094,1.20011,0.293054,2.02216,1.20011,-0.293054,2.30378,500.40000000000003,8.34,460,7.666666666666667,,,,,,,,,,,,,,,,,,,"Josh Hader","14212",623352
"Matt Strahm","KCR",3.99839,2.9375,0,3.4893,62.7322,0.126821,2.30154,19.6619,3.7842,65.5111,267.074,54.2526,27.6072,25.3986,7.88136,19.1641,1.2844,3.01972,71.6124,9.83821,2.63279,3.7368,1.08275,0.268137,0.0717558,0.1963815540075302,0.221539,1.12068,0.280365,0.734329,,,3.52872,0.808019,0.666858,596.7899780273438,1.98805,0.482094,0.911493,1.98805,-0.482094,3.78468,417.60000000000014,6.327272727272729,394,5.96969696969697,,,,,,,,,,,,,,,,,,,"Matt Strahm","13799",621381
"Tanner Gordon","COL",5.39538,10.0184,7.2748,5.58084,23.1976,23.1976,0,0,0,126.791,554.318,150.012,85.4592,78.6224,25.1188,31.3342,0.63037,4.0087,89.1166,6.32575,2.22419,2.84407,1.78301,0.160768,0.0565276,0.1042405404150486,0.289055,1.43028,0.308577,0.655953,,,5.14111,0.798578,0.527155,999,2.99513,-0.156667,1.75114,2.99513,0.156667,2.66514,315.3000000000002,2.4826771653543322,383,3.015748031496063,,,,,,,,,,,,,,,,,,,"Tanner Gordon","27669",685299
"Andrés Muñoz","SEA",3.66895,3.18566,0,2.90116,60.9346,0,33.8084,3.32683,5.34752,63.1721,258.159,45.7067,22.1343,20.3636,5.00081,25.0549,1.99041,3.5661,78.0912,11.1255,3.56952,3.1168,0.712455,0.302493,0.0970524,0.2054409235715866,0.199125,1.12014,0.277959,0.762655,,,3.0511,0.795726,0.93019,33.09000015258789,1.3697,2.41146,2.22802,1.3697,-2.41146,2.0293,536.1,8.50952380952381,501,7.9523809523809526,,,,,,,,,,,,,,,,,,,"Andres Munoz","20373",662253
"Jose Quintana",,6.60127,6.98273,6.89025,4.65211,19.3039,19.0869,0,0.179211,0,105.121,462.261,111.46,59.0619,54.337,13.8067,40.5779,0.47258,4.322,75.6296,6.47509,3.47411,1.86381,1.18207,0.163608,0.0877814,0.07582669705152512,0.267058,1.44631,0.297791,0.700602,,,4.68504,0.793022,0.642879,655.1500244140625,4.75225,0.697276,0.875345,4.75225,-0.697276,3.83287,333.19999999999993,3.173333333333333,360,3.4285714285714284,,,,,,,,,,,,,,,,,,,"Jose Quintana","11423",500779
"Will Vest","DET",4.31642,3.67215,0,3.34396,61.6901,0.0639915,7.83819,14.1371,4.82207,65.3014,270.248,57.437,26.3726,24.2628,5.63126,20.3313,1.18733,2.45224,66.2406,9.12945,2.80212,3.25806,0.776114,0.245111,0.0752323,0.16987857222557068,0.232102,1.19091,0.295035,0.735437,,,3.27412,0.786042,0.785747,326.44000244140625,0.927641,-1.15428,0.967638,0.927641,1.15428,3.70982,421.00000000000006,6.476923076923078,409,6.292307692307692,,,,,,,,,,,,,,,,,,,"Will Vest","19769",676684
"Grant Holmes","ATL",4.06469,4.42472,4.72782,4.17006,27.9539,12.2934,0,0.810451,0.689371,85.8712,367.477,80.7518,43.2474,39.7876,11.1216,33.0083,1.26006,3.83153,86.2527,9.03998,3.45954,2.61306,1.16564,0.234716,0.0898243,0.14489174634218216,0.244231,1.32478,0.298505,0.718127,,,4.09699,0.779963,0.946281,537.5900268554688,1.94641,-0.909697,0.246045,1.94641,0.909697,4.67194,355.4999999999999,4.133720930232557,352,4.093023255813954,,,,,,,,,,,,,,,,,,,"Grant Holmes","16944",656550
"Hunter Harvey","CHC",2.71171,1.96879,0,3.35241,50.4907,0,3.76952,13.1038,2.03693,52.9652,215.99,44.9779,21.4446,19.729,5.45828,15.0281,0.901934,2.08292,56.493,9.59945,2.55361,3.75916,0.927487,0.261553,0.0695775,0.19197572022676468,0.226157,1.13293,0.288616,0.736405,,,3.31081,0.777596,0.689744,516.8800048828125,2.36902,-0.17876,1.12668,2.36902,0.17876,3.49776,346.70000000000005,6.541509433962265,333,6.283018867924528,,,,,,,,,,,,,,,,,,,"Hunter Harvey","15507",640451
"Orion Kerkering","PHI",5.37429,3.89858,0,3.50382,63.1667,0.0815587,1.59253,16.673,4.27985,64.3474,269.289,55.3006,27.2296,25.0513,6.19712,22.925,1.47412,3.81273,68.6864,9.60687,3.20642,2.99614,0.866765,0.255065,0.0851314,0.16993392258882523,0.227995,1.21568,0.292861,0.733231,,,3.49883,0.772675,0.739743,685.6500244140625,1.56706,0.467997,0.709678,1.56706,-0.467997,4.05376,391.79999999999995,6.121874999999999,377,5.890625,,,,,,,,,,,,,,,,,,,"Orion Kerkering","31776",689147
"Adrian Morejon","SDP",5.58329,4.33999,0,3.44732,65.1705,0.000985017,2.7246,17.4733,2.13954,68.0093,280.871,59.8978,28.3152,26.05,6.43993,21.2123,1.53549,1.85429,67.5611,8.94069,2.80712,3.185,0.852227,0.240541,0.0755231,0.16501784324645996,0.232338,1.19263,0.290842,0.732305,,,3.39682,0.772273,0.77505,468.9100036621094,1.37442,0.0310917,0.764213,1.37442,-0.0310917,3.98105,423.4000000000001,6.226470588235295,412,6.0588235294117645,,,,,,,,,,,,,,,,,,,"Adrian Morejon","20039",670970
"Carmen Mlodzinski","PIT",3.37088,3.72959,0.871736,3.82388,38.139,6.20149,0,3.68867,1.85724,65.2159,275.878,61.7685,30.1181,27.7087,6.53961,21.6265,0.797455,2.70468,57.9253,7.99388,2.98452,2.67845,0.902487,0.209967,0.0783914,0.13157586008310318,0.245555,1.27875,0.295213,0.717635,,,3.78157,0.766906,0.814238,532,1.25953,-0.719327,0.718982,1.25953,0.719327,4.04136,290.7,4.472307692307692,291,4.476923076923077,,,,,,,,,,,,,,,,,,,"Carmen Mlodzinski","27572",669387
"Jordan Montgomery",,4.68,4.68157,5.0476,4.56969,13.6203,13.462,0.00203552,0,0,74.6145,321.819,78.053,41.1794,37.885,9.82065,24.2883,0.542806,2.34943,57.4534,6.93003,2.92966,2.36547,1.18457,0.178527,0.0754721,0.10305502265691757,0.264424,1.3716,0.299386,0.690375,,,4.37719,0.760026,0.559533,743.3800048828125,1.78164,-1.09256,0.373445,1.78164,1.09256,4.50207,265.2,3.536,281,3.7466666666666666,,,,,,,,,,,,,,,,,,,"Jordan Montgomery","16511",656756
"Randy Vásquez","SDP",6.40528,8.61514,7.61398,4.84136,26.0966,26.0966,0,0,0,138.149,604.425,144.874,80.7767,74.3145,20.6092,49.7919,1.04684,7.74513,91.5389,5.96348,3.24379,1.83843,1.34263,0.151448,0.0823789,0.06906886398792267,0.264906,1.4091,0.285837,0.686854,,,4.99873,0.747582,0.510436,698.4400024414062,3.04616,-0.0283894,1.25518,3.04616,0.0283894,3.32643,395.9000000000001,2.8688405797101457,427,3.0942028985507246,,,,,,,,,,,,,,,,,,,"Randy Vasquez","24719",681190
"Sean Burke","CHW",7.01573,9.25597,8.31962,4.79294,26.4732,26.4732,0,0,0,145.516,632.239,139.306,84.233,77.4944,24.405,63.5811,0.690345,5.90037,136.067,8.41557,3.93242,2.14005,1.50942,0.215214,0.100565,0.11464913189411163,0.247542,1.39426,0.28562,0.70326,,,4.87773,0.74517,0.704613,479.1199951171875,1.81446,0.0660431,1.53356,1.81446,-0.0660431,2.95525,485.80000000000007,3.327397260273973,480,3.287671232876712,,,,,,,,,,,,,,,,,,,"Sean Burke","29878",680732
"Sean Newcomb","CHW",3.73555,4.16348,2.99981,4.15557,47.8457,10.6581,0.215329,2.69145,0,97.8996,422.784,91.8278,49.1338,45.2031,11.5629,41.1489,2.0737,4.91901,89.5662,8.23391,3.78286,2.17664,1.06298,0.211849,0.0973286,0.11452031880617142,0.243759,1.3583,0.291251,0.717902,,,4.25249,0.745097,0.811598,618.6500244140625,1.70704,-0.385873,0.378304,1.70704,0.385873,4.49559,392.40000000000003,4.004081632653062,388,3.9591836734693877,,,,,,,,,,,,,,,,,,,"Sean Newcomb","16943",656794
"Ben Brown","CHC",2.63994,3.18186,1.3608,3.77857,33.6756,2.58849,0.0158955,1.07251,0.32497,53.1377,220.332,46.5056,24.2494,22.3094,6.13394,17.0017,0.690654,2.02567,59.1642,10.0207,2.87959,3.47991,1.03891,0.268523,0.0771638,0.19135911017656326,0.231021,1.19514,0.296836,0.714823,,,3.48319,0.744609,0.552242,519.760009765625,3.29612,-0.242978,0.900269,3.29612,0.242978,3.79964,261.20000000000005,4.928301886792454,252,4.754716981132075,,,,,,,,,,,,,,,,,,,"Ben Brown","23590",676962
"Trevor Megill","MIL",4.34039,3.47943,0,3.44139,61.9889,0.000585,20.7289,8.81535,5.91183,64.9956,267.252,53.2082,27.0139,24.8528,7.44288,22.6393,2.35315,2.23862,78.0563,10.8085,3.13489,3.44782,1.03062,0.29207,0.0847116,0.2073587328195572,0.219529,1.16696,0.291732,0.746378,,,3.37021,0.738225,0.728528,115.76000213623047,2.14622,1.37749,1.41811,2.14622,-1.37749,3.10919,479.09999999999997,7.3707692307692305,456,7.015384615384615,,,,,,,,,,,,,,,,,,,"Trevor Megill","17722",656730
"José Alvarado","PHI",4.65955,3.16681,0,3.52694,56.551,0,4.42431,13.68,1.93875,58.1455,242.834,50.3745,24.7676,22.7862,5.68402,21.4829,1.19029,2.23772,65.4121,10.1247,3.32521,3.04484,0.879796,0.269369,0.0884673,0.1809019073843956,0.229901,1.23582,0.301927,0.736932,,,3.37987,0.732982,0.616534,647.3200073242188,2.10625,-1.32028,0.773249,2.10625,1.32028,3.969,362.40000000000003,6.248275862068966,349,6.017241379310345,,,,,,,,,,,,,,,,,,,"Jose Alvarado","17780",621237
"Lance McCullers Jr.","HOU",5.01224,5.25998,5.57812,4.60074,23.8709,16.5817,0,0.424426,0,90.9625,401.726,84.8751,50.5428,46.4994,11.7753,46.3807,0.403625,5.76935,86.91,8.59904,4.58899,1.87384,1.16507,0.216342,0.115453,0.10088807344436646,0.242794,1.44297,0.291361,0.703256,,,4.62706,0.732357,0.398694,650.030029296875,3.8403,-1.47933,0.580607,3.8403,1.47933,4.22586,322.79999999999995,3.5472527472527466,317,3.4835164835164836,,,,,,,,,,,,,,,,,,,"Lance McCullers Jr.","14120",621121
"Alex Cobb",,3.43112,2.68854,3.56779,4.01179,9.61414,9.35142,0,0.113617,0,50.0762,213.458,50.0009,24.2627,22.3217,5.45812,15.9029,0.229894,1.83225,40.6272,7.30177,2.85816,2.55471,0.980966,0.190329,0.0745013,0.11582784354686737,0.255468,1.31607,0.297672,0.714716,,,3.99196,0.721447,0.707546,999,2.20164,1.56032,0.809656,2.20164,-1.56032,3.92046,206.5,4.13,213,4.26,,,,,,,,,,,,,,,,,,,"Alex Cobb","6562",502171
"Luis Gil","NYY",6.19501,5.00867,5.37637,4.2669,36.3365,13.0516,0,0.314223,0,95.065,406.436,79.9237,48.9895,45.0703,13.1884,45.7397,1.20022,4.13334,94.0144,8.90053,4.33027,2.05542,1.24857,0.231314,0.112539,0.1187756210565567,0.22415,1.32187,0.267626,0.715244,,,4.53459,0.720443,0.767436,376.17999267578125,2.70499,-0.140774,0.232663,2.70499,0.140774,4.68978,373.1,3.927368421052632,344,3.6210526315789475,,,,,,,,,,,,,,,,,,,"Luis Gil","21052",661563
"Marcus Stroman",,6.50285,6.84707,6.05668,4.80296,19.7028,19.7028,0.00224665,0,0.0421628,106.47,468.126,112.395,61.7598,56.819,13.4667,41.4389,0.450755,4.46465,75.7595,6.40401,3.50286,1.82822,1.13835,0.161836,0.0885207,0.07331477850675583,0.266199,1.44486,0.297085,0.682129,,,4.64973,0.71954,0.412824,999,1.89784,1.18097,0.935442,1.89784,-1.18097,3.75274,350.3000000000001,3.3047169811320765,378,3.5660377358490565,,,,,,,,,,,,,,,,,,,"Marcus Stroman","13431",573186
"Jon Gray",,3.95221,4.08545,4.09873,4.66141,12.8293,12.1041,0,0,1.36014,66.8155,284.591,66.2327,37.6152,34.606,10.4351,21.6418,0.396952,2.28389,57.169,7.70063,2.91513,2.6416,1.4056,0.200881,0.0760451,0.12483590841293335,0.254091,1.31518,0.289014,0.685989,,,4.52846,0.714483,0.364232,999,2.76498,-2.0038,0.435257,2.76498,2.0038,4.41966,243.19999999999996,3.629850746268656,247,3.6865671641791047,,,,,,,,,,,,,,,,,,,"Jon Gray","14916",592351
"Kyle Wright",,3.57481,4.18448,4.3161,4.55034,14.0654,12.3631,0,0,0,72.8536,316.129,72.8879,40.0373,36.8343,9.22911,27.2996,0.352449,3.93702,60.8551,7.51776,3.37247,2.22915,1.14012,0.192501,0.0863561,0.1061449870467186,0.255844,1.37519,0.296353,0.689268,,,4.39764,0.710607,0.522755,999,2.55969,-1.04605,0.353871,2.55969,1.04605,4.52817,268.70000000000005,3.68082191780822,277,3.7945205479452055,,,,,,,,,,,,,,,,,,,"Kyle Wright","19665",657140
"Matt Brash","SEA",3.12131,3.0488,0,3.17504,59.6359,0.0697911,4.03859,19.468,1.73499,60.8949,253.925,50.103,23.3507,21.4826,5.06916,23.6845,1.52229,2.93309,72.1122,10.6579,3.50047,3.0447,0.7492,0.28399,0.0932738,0.19071666151285172,0.22042,1.21172,0.299974,0.75628,,,3.16022,0.710507,0.709697,465.8800048828125,1.45999,0.166298,0.997882,1.45999,-0.166298,3.66949,418.9000000000001,6.8672131147541,399,6.540983606557377,,,,,,,,,,,,,,,,,,,"Matt Brash","25756",666374
"Pete Fairbanks","MIA",3.61315,3.58525,0,3.52556,60.6609,0,26.9417,3.30208,5.3606,63.2281,262.377,53.9776,26.922,24.7683,6.43593,21.8104,0.895364,2.30951,64.3294,9.15677,3.10453,2.94948,0.916102,0.245179,0.0831262,0.1620529592037201,0.226552,1.19865,0.283845,0.731771,,,3.56798,0.710455,0.678139,89.76000213623047,1.73216,-0.058607,1.89069,1.73216,0.058607,2.47908,455.0000000000001,7.222222222222224,440,6.984126984126984,,,,,,,,,,,,,,,,,,,"Pete Fairbanks","17998",664126
"Jose A. Ferrer","SEA",3.98034,2.34628,0,3.36822,63.5954,0,2.95043,19.0589,4.55058,66.7493,275.242,59.528,27.153,24.9807,5.09693,18.0442,1.26057,3.42971,61.8684,8.3419,2.43295,3.42872,0.687234,0.224778,0.0655574,0.1592206507921219,0.234576,1.16214,0.291382,0.715811,,,3.23918,0.695034,0.585198,545.6500244140625,3.04446,-2.40231,0.971748,3.04446,2.40231,3.70434,430.29999999999995,6.4223880597014915,422,6.298507462686567,,,,,,,,,,,,,,,,,,,"Jose A. Ferrer","24017",678606
"Ryan Walker","SFG",4.25263,4.14139,0,3.52736,60.5267,0.180908,23.9032,3.8709,4.48781,62.9349,263.783,56.448,26.8109,24.666,5.66266,19.554,1.24857,4.4123,65.6982,9.39516,2.79632,3.35983,0.809787,0.249061,0.0741291,0.17493216693401337,0.235379,1.20763,0.301475,0.722609,,,3.35945,0.676363,0.608262,143.35000610351562,1.87478,-0.345287,1.66706,1.87478,0.345287,2.77726,442.80000000000007,7.028571428571429,433,6.873015873015873,,,,,,,,,,,,,,,,,,,"Ryan Walker","20423",676254
"Chase Dollander","COL",4.75816,10.1757,6.29804,5.46902,23.4524,23.4524,0,0,0,123.645,550.786,128.44,81.6689,75.1354,20.3296,55.4762,0.66335,7.06273,105.551,7.68297,4.03805,1.90264,1.47977,0.191638,0.100722,0.09091580659151077,0.263063,1.48745,0.298345,0.65773,,,5.08263,0.673244,0.597194,632.4099731445312,2.98957,-0.339611,1.75819,2.98957,0.339611,2.65575,364.7999999999999,2.941935483870967,386,3.1129032258064515,,,,,,,,,,,,,,,,,,,"Chase Dollander","33482",801403
"David Festa","MIN",2.70462,3.43364,1.90267,4.11653,28.3573,5.11872,0,1.09114,0,52.5982,220.848,47.7648,26.15,24.058,6.93703,17.6397,0.277169,2.38224,54.834,9.38256,3.01829,3.10856,1.18698,0.248289,0.0798726,0.16841645538806915,0.237842,1.24347,0.29361,0.704841,,,3.90663,0.665863,0.43152,650.5599975585938,2.18944,-0.526483,0.780637,2.18944,0.526483,3.95915,235.3,4.439622641509434,228,4.30188679245283,,,,,,,,,,,,,,,,,,,"David Festa","30056",701581
"Chris Martin","TEX",2.82115,2.55356,0,3.4523,52.0063,0,2.61367,11.2612,2.87435,53.3664,218.155,49.9752,22.2508,20.4708,6.14676,11.0211,1.64995,1.97009,52.6766,8.88366,1.85865,4.77963,1.03662,0.241464,0.0505195,0.1909448839724064,0.243587,1.14297,0.299497,0.739546,,,3.38863,0.658614,0.51855,627.0599975585938,1.90415,-1.14366,1.09605,1.90415,1.14366,3.5386,314.40000000000003,5.932075471698114,313,5.90566037735849,,,,,,,,,,,,,,,,,,,"Chris Martin","11847",455119
"Troy Melton","DET",4.29546,4.07852,3.21685,4.03466,33.7382,8.12561,0,3.24662,0,73.1798,307.179,68.8942,35.6589,32.8062,10.1829,23.0339,0.730702,2.44346,64.588,7.94333,2.83281,2.80404,1.25234,0.210262,0.0749852,0.13527651876211166,0.244565,1.25619,0.283725,0.724446,,,4.22333,0.657651,0.618556,300.94000244140625,3.14241,0.341109,0.527138,3.14241,-0.341109,4.29715,304.80000000000007,4.175342465753426,302,4.136986301369863,,,,,,,,,,,,,,,,,,,"Troy Melton","31807",675512
"Andrew Painter","PHI",5.34507,6.54211,6.42261,4.6883,24.6088,17.7866,0,1.13379,0.462706,99.4672,432.126,101.747,56.3203,51.8147,15.4502,37.7653,0.658322,3.16419,83.1184,7.52073,3.41708,2.20092,1.39796,0.192348,0.0873942,0.1049535721540451,0.260091,1.40259,0.294902,0.705722,,,4.71761,0.65623,0.639756,999,4.51149,-0.690808,0.584677,4.51149,0.690808,4.22043,329.90000000000003,3.332323232323233,347,3.505050505050505,,,,,,,,,,,,,,,,,,,"Andrew Painter","sa3017880",691725
"Gabe Speier","SEA",2.97069,2.92287,0,3.36051,59.8395,0,1.39775,19.2196,3.37477,57.6845,233.166,46.0848,23.4118,21.5388,6.32147,16.3532,1.70385,2.86591,68.2347,10.6461,2.55144,4.17256,0.986283,0.292645,0.0701354,0.2225092202425003,0.215403,1.08241,0.285266,0.728265,,,3.1935,0.653393,0.548083,701.2899780273438,1.62686,-1.37693,1.09518,1.62686,1.37693,3.53976,395.80000000000007,6.824137931034484,372,6.413793103448276,,,,,,,,,,,,,,,,,,,"Gabe Speier","17170",642100
"Robert Suarez","ATL",4.90976,4.6023,0,3.594,64.59,0,10.7901,7.89065,4.95668,67.2839,275.407,58.0198,29.2051,26.8687,7.84255,19.8277,1.95069,2.31714,70.1319,9.38096,2.65219,3.53706,1.04903,0.254649,0.0719944,0.1826542541384697,0.22909,1.157,0.286257,0.72744,,,3.55313,0.647602,0.666495,199.7899932861328,2.26842,1.26421,0.950406,2.26842,-1.26421,3.73279,407.59999999999997,6.083582089552238,392,5.850746268656716,,,,,,,,,,,,,,,,,,,"Robert Suarez","30115",663158
"Tyler Wells","BAL",5.1235,5.10862,5.09225,4.37643,40.3319,10.8756,0,1.98161,0.579064,92.1015,380.565,85.8015,48.6806,44.7862,16.1486,23.974,0.45232,2.77436,81.075,7.92251,2.3427,3.38179,1.57801,0.213038,0.0629958,0.15004263073205948,0.242502,1.1919,0.271452,0.700891,,,4.5252,0.641546,0.36722,467.5,2.47127,0.436252,0.495772,2.47127,-0.436252,4.33897,349.4,3.7978260869565217,341,3.7065217391304346,,,,,,,,,,,,,,,,,,,"Tyler Wells","20000",669330
"Tomoyuki Sugano",,7.54269,8.65661,7.35393,4.81735,22.6269,22.3371,0,0.218548,0,120.799,519.517,134.316,70.2816,64.6591,21.2223,28.315,1.09351,5.36078,80.5023,5.99773,2.10957,2.8431,1.58114,0.154956,0.0545025,0.10045367106795311,0.27646,1.34629,0.294425,0.694775,,,4.9225,0.619895,0.534378,736.260009765625,2.82166,0.426107,0.970852,2.82166,-0.426107,3.70553,351.70000000000016,2.9066115702479354,395,3.2644628099173554,,,,,,,,,,,,,,,,,,,"Tomoyuki Sugano","35321",608372
"Tanner Scott","LAD",4.40198,3.75586,0,3.53396,63.2365,0,4.86254,17.9821,6.37131,65.5796,274.888,54.5956,27.9898,25.7506,7.10456,26.2413,1.83053,3.21492,73.1497,10.0389,3.60131,2.78757,0.975014,0.266107,0.0954618,0.17064501345157623,0.222447,1.23265,0.287514,0.745475,,,3.66013,0.617591,0.666858,428.4100036621094,1.52487,0.897651,0.741595,1.52487,-0.897651,4.01121,415.30000000000007,6.292424242424244,395,5.984848484848484,,,,,,,,,,,,,,,,,,,"Tanner Scott","17586",656945
"Jeff Hoffman","TOR",4.58777,4.0269,0,3.6116,61.8208,0,26.2196,4.05745,4.38411,63.4899,262.026,51.2004,27.6933,25.4778,8.54164,22.6815,1.44254,3.38798,75.5251,10.706,3.21521,3.32981,1.21082,0.288235,0.0865622,0.20167315751314163,0.216991,1.16368,0.280854,0.745897,,,3.7368,0.614833,0.444614,91.81999969482422,2.0614,-2.15,1.71354,2.0614,2.15,2.71528,442.9,7.03015873015873,418,6.634920634920635,,,,,,,,,,,,,,,,,,,"Jeff Hoffman","17432",656546
"Alex Vesia","LAD",4.07696,3.13867,0,3.54965,62.1465,0,1.99536,22.6297,3.10551,62.67,258.917,48.3206,26.8667,24.7174,8.44101,25.2623,2.01595,2.96492,77.9804,11.1987,3.6279,3.08683,1.21221,0.301179,0.0975689,0.20360977202653885,0.209461,1.17413,0.276426,0.756348,,,3.74873,0.611663,0.608218,682.8800048828125,1.2947,0.871826,0.753496,1.2947,-0.871826,3.99534,417.00000000000006,6.6190476190476195,385,6.111111111111111,,,,,,,,,,,,,,,,,,,"Alex Vesia","25007",681911
"Ryan Helsley","BAL",4.16828,3.84642,0,3.55066,61.6853,0,29.0913,2.87434,7.51032,64.7717,269.996,55.2033,27.7756,25.5536,7.38938,24.2589,1.91339,2.04777,72.7098,10.103,3.37076,2.99725,1.02675,0.2693,0.0898491,0.17945082485675812,0.226532,1.2268,0.292279,0.747812,,,3.59154,0.600731,0.526981,60.439998626708984,2.80293,-1.9027,1.93494,2.80293,1.9027,2.42008,476.9,7.336923076923076,459,7.061538461538461,,,,,,,,,,,,,,,,,,,"Ryan Helsley","18138",664854
"Stephen Kolek","KCR",4.0301,3.6883,3.46392,4.25776,31.2913,8.2326,0,1.47138,0.39737,70.9723,306.581,73.5672,36.4956,33.5759,7.09707,22.2555,0.871827,4.22926,51.028,6.47087,2.82222,2.29283,0.899979,0.166442,0.0725925,0.09384962916374207,0.262649,1.35014,0.299453,0.690759,,,4.11665,0.598663,0.563207,629.030029296875,1.17945,0.600172,0.511196,1.17945,-0.600172,4.31841,274.9,3.8718309859154925,292,4.112676056338028,,,,,,,,,,,,,,,,,,,"Stephen Kolek","21487",663568
"Aaron Bummer","ATL",2.99102,2.21922,0,3.69886,57.1215,0.128212,0.0299745,6.95334,1.65872,60.6922,259.801,56.5866,27.1125,24.9435,4.41723,22.1134,2.14303,4.48716,61.7079,9.15062,3.27918,2.79052,0.655028,0.23752,0.0851165,0.15240315347909927,0.242652,1.29671,0.31225,0.711396,,,3.36267,0.590716,0.545813,999,2.50245,-0.579242,0.767106,2.50245,0.579242,3.97719,328.0000000000001,5.37704918032787,327,5.360655737704918,,,,,,,,,,,,,,,,,,,"Aaron Bummer","16258",607481
"Kutter Crawford","BOS",4.53474,4.60812,4.11008,4.27788,40.7264,6.44222,0,2.28821,0,76.5338,316.84,69.7377,39.5414,36.3781,11.8791,21.4171,0.594148,2.97162,74.3532,8.74356,2.51855,3.47167,1.39692,0.234671,0.067596,0.1670750230550766,0.238459,1.19104,0.280569,0.692574,,,4.1659,0.585736,0.487875,559.2100219726562,1.44073,-0.976013,0.533102,1.44073,0.976013,4.2892,324.20000000000005,4.210389610389611,313,4.064935064935065,,,,,,,,,,,,,,,,,,,"Kutter Crawford","20531",676710
"Thomas White","MIA",2.81901,3.08135,4.71941,4.24302,9.65854,9.65854,0,0,0,52.5715,228.188,47.1781,26.9399,24.7847,6.31177,25.3326,0.202728,2.69439,52.3014,8.95377,4.33683,2.06459,1.08055,0.229203,0.111016,0.11818668246269226,0.235701,1.37928,0.28871,0.715688,,,4.30556,0.580345,0.667704,999,1.10142,0.178112,0.631326,1.10142,-0.178112,4.15823,216.20000000000005,4.079245283018869,207,3.9056603773584904,,,,,,,,,,,,,,,,,,,"Thomas White","sa3023268",806258
"Fernando Cruz","NYY",3.54836,3.92563,0,3.69453,59.0462,0.068911,1.6843,19.8483,1.01213,60.7715,254.708,47.3478,27.1162,24.9469,7.57027,27.611,1.04273,2.90395,81.5756,12.081,4.08908,2.95446,1.12113,0.320271,0.108403,0.21186859160661697,0.211192,1.23345,0.294546,0.743354,,,3.57625,0.578837,0.500332,689.1799926757812,2.34314,-0.887486,0.66209,2.34314,0.887486,4.11721,391.8000000000001,6.422950819672133,362,5.934426229508197,,,,,,,,,,,,,,,,,,,"Fernando Cruz","7048",518585
"Raisel Iglesias","ATL",4.13705,3.6135,0,3.6283,63.9455,0,27.7316,3.91777,4.19643,66.4861,270.276,58.1319,29.1342,26.8035,8.28626,17.1615,1.52189,2.30412,70.2405,9.50822,2.32309,4.09292,1.12168,0.259884,0.063496,0.19638801366090775,0.231776,1.13247,0.289323,0.724718,,,3.52074,0.577711,0.612254,71.12000274658203,2.02146,0.810873,1.86569,2.02146,-0.810873,2.51241,478.2000000000001,7.245454545454547,465,7.045454545454546,,,,,,,,,,,,,,,,,,,"Raisel Iglesias","17130",628452
"Aaron Ashby","MIL",3.77049,3.3693,0.348296,3.58277,54.9423,0.574123,0.488334,9.598,0,66.828,286.7,58.5901,28.9166,26.6032,5.35112,30.1563,0.734478,3.48376,69.0152,9.29455,4.06127,2.28858,0.720657,0.240723,0.105184,0.13553865253925323,0.231527,1.32798,0.297935,0.736323,,,3.62078,0.570967,0.686881,559.760009765625,2.67178,-0.0699828,0.706573,2.67178,0.0699828,4.0579,359.9,5.371641791044776,349,5.208955223880597,,,,,,,,,,,,,,,,,,,"Aaron Ashby","23550",676879
"Louis Varland","TOR",3.60871,3.22464,0.27769,3.76538,59.29,0.379747,3.74603,14.9821,1.06938,66.596,277.523,61.8164,30.285,27.8622,8.31548,19.3225,1.07458,2.5386,66.4396,8.97887,2.6113,3.43847,1.12378,0.239402,0.0696247,0.16977762430906296,0.24179,1.21837,0.295737,0.73174,,,3.74786,0.568597,0.449708,543.1799926757812,3.25174,-0.708212,0.771385,3.25174,0.708212,3.97149,382.2,5.704477611940298,377,5.626865671641791,,,,,,,,,,,,,,,,,,,"Louis Varland","27691",686973
"Ryan Weiss","HOU",4.05083,4.47649,3.62444,4.34563,30.8237,9.03195,0,0.577896,0,73.1407,314.175,67.9441,38.3868,35.3158,9.78147,29.3087,1.02166,4.08282,71.0991,8.74878,3.60645,2.42587,1.20362,0.226304,0.0932878,0.13301615417003632,0.24198,1.32967,0.290954,0.704487,,,4.29913,0.567639,0.429042,999,2.42442,-1.33231,0.294268,2.42442,1.33231,4.60764,287.40000000000003,3.9369863013698634,282,3.863013698630137,,,,,,,,,,,,,,,,,,,"Ryan Weiss","sa3007778",680802
"Garrett Cleavinger","TBR",3.8792,3.62873,0,3.43264,64.4501,0,7.14722,20.9633,4.04079,64.4399,267.52,50.9358,26.7149,24.5777,7.76744,23.5945,0.879764,4.34867,77.843,10.872,3.29532,3.29921,1.08484,0.29098,0.0881969,0.20278316736221313,0.212607,1.15658,0.280375,0.751155,,,3.58703,0.566518,0.662195,420,2.01803,0.0945279,0.903521,2.01803,-0.0945279,3.7953,433.6,6.775,407,6.359375,,,,,,,,,,,,,,,,,,,"Garrett Cleavinger","17897",664076
"Daniel Palencia","CHC",3.33588,3.57525,0,3.718,62.7711,0,27.5601,4.83349,4.29934,65.9574,277.657,55.5116,29.6171,27.2477,6.96732,26.8204,1.06572,3.48883,72.8324,9.93811,3.6597,2.71556,0.950703,0.26231,0.0965955,0.16571490466594696,0.224427,1.24826,0.289733,0.726324,,,3.67849,0.565195,0.460167,107.55999755859375,2.83448,-0.541953,1.90399,2.83448,0.541953,2.46134,472.70000000000005,7.162121212121213,455,6.893939393939394,,,,,,,,,,,,,,,,,,,"Daniel Palencia","27914",694037
"Richard Fitts","STL",4.36507,6.56892,5.12834,4.40641,29.947,16.6939,0,0.663162,0,100.307,428.039,99.931,53.3811,49.1106,14.6358,32.1941,0.765213,4.01917,77.0987,6.91762,2.88859,2.39481,1.31319,0.180121,0.0752131,0.10490764677524567,0.25504,1.3172,0.284231,0.705371,,,4.57778,0.560459,0.792811,566.6500244140625,1.59316,-0.992786,0.222398,1.59316,0.992786,4.70347,345.5,3.455,355,3.55,,,,,,,,,,,,,,,,,,,"Richard Fitts","30160",690916
"Colin Rea","CHC",4.81801,4.45867,3.51454,4.34711,33.9476,8.98117,0.125452,0.707578,0,80.7985,342.728,81.0143,42.4202,39.0266,11.9701,22.9047,0.75972,3.68532,65.1966,7.26213,2.55131,2.84643,1.33333,0.190228,0.0668305,0.12339787185192108,0.256263,1.28615,0.288923,0.705578,,,4.43452,0.560062,0.554237,528.3800048828125,2.24894,0.264779,0.354673,2.24894,-0.264779,4.5271,294.19999999999993,3.6320987654320978,302,3.728395061728395,,,,,,,,,,,,,,,,,,,"Colin Rea","12317",607067
"Bryan King","HOU",3.43485,2.7326,0,3.60648,63.5735,0,0.297067,16.6681,1.76773,64.9884,269.435,58.4435,28.3066,26.0421,7.53477,18.3323,0.803811,3.5428,64.2596,8.89907,2.53877,3.50527,1.04346,0.238498,0.0680398,0.17045801132917404,0.236078,1.18138,0.28964,0.731862,,,3.67459,0.558863,0.552737,739.530029296875,1.53682,1.32326,0.872256,1.53682,-1.32326,3.83699,361.8,5.5661538461538465,351,5.4,,,,,,,,,,,,,,,,,,,"Bryan King","25890",687911
"Charlie Morton",,4.84413,5.08258,4.80419,4.67224,14.1018,13.8456,0,0.15093,0,72.596,319.876,69.8926,40.9645,37.6873,10.1084,32.9612,0.60058,5.76748,72.0129,8.92771,4.08632,2.18478,1.25318,0.225128,0.103044,0.12208394706249237,0.248598,1.4168,0.300384,0.697722,,,4.56179,0.554776,0.448197,999,2.19827,-1.64207,0.320472,2.19827,1.64207,4.5727,262.20000000000005,3.591780821917809,262,3.589041095890411,,,,,,,,,,,,,,,,,,,"Charlie Morton","4676",450203
"Corbin Burnes","ARI",2.52069,1.8691,3.27898,3.60342,6.43709,6.33697,0,0,0,37.857,157.354,33.591,16.4752,15.1572,4.21126,12.0408,0.242908,1.55834,36.3379,8.63885,2.86254,3.0179,1.00117,0.230931,0.0765203,0.15441039204597473,0.233669,1.20537,0.284672,0.733757,,,3.7392,0.552698,0.825739,549.8200073242188,1.30809,-0.126685,1.10824,1.30809,0.126685,3.52234,173.6,4.568421052631579,168,4.421052631578948,,,,,,,,,,,,,,,,,,,"Corbin Burnes","19361",669203
"Spencer Arrighetti","HOU",5.08301,7.28528,5.48596,4.59879,26.8462,15.8877,0,0.717579,0,96.4737,416.552,88.3898,53.5823,49.2957,14.4629,41.9867,0.703821,5.43723,95.4328,8.9029,3.91693,2.27293,1.34924,0.229102,0.100796,0.1283060386776924,0.239455,1.35142,0.285176,0.697315,,,4.58034,0.552554,0.35699,416.1199951171875,2.78703,3.31209,0.405706,2.78703,-3.31209,4.45906,362.40000000000003,3.7750000000000004,351,3.65625,,,,,,,,,,,,,,,,,,,"Spencer Arrighetti","29921",681293
"Lucas Erceg","KCR",4.55795,4.791,0,3.69302,60.0064,0,3.96032,14.723,4.39048,63.2634,268.146,57.1875,28.2166,25.9592,5.53214,22.9279,1.66842,3.93375,60.5074,8.60792,3.26178,2.63903,0.787015,0.225651,0.0855054,0.14014562964439392,0.237013,1.26638,0.294761,0.717128,,,3.63287,0.548278,0.504912,512.3200073242188,1.41062,0.961635,0.741399,1.41062,-0.961635,4.01147,365.2000000000001,5.796825396825398,358,5.682539682539683,,,,,,,,,,,,,,,,,,,"Lucas Erceg","19360",668674
"Dylan Lee","ATL",3.28047,3.04362,0,3.5882,63.1335,0.000520073,1.94235,16.2972,3.49129,65.6848,267.585,57.743,28.465,26.1878,9.1057,17.8451,1.5258,1.37035,72.1266,9.88265,2.44511,4.04181,1.24765,0.269547,0.0666897,0.20285718888044357,0.232488,1.15077,0.291003,0.749889,,,3.61877,0.545313,0.71472,731.4099731445312,0.958143,0.745861,0.892756,0.958143,-0.745861,3.80966,387.90000000000003,5.877272727272728,374,5.666666666666667,,,,,,,,,,,,,,,,,,,"Dylan Lee","19996",669276
"Jared Koenig","MIL",4.19942,3.08819,0.286529,3.49614,60.4517,0.391834,1.3768,13.9607,1.87099,64.7949,270.963,57.3984,27.3589,25.1702,6.82477,21.8501,1.53852,3.16179,65.4867,9.09609,3.03497,2.99709,0.947959,0.241681,0.0806385,0.1610424965620041,0.233373,1.22307,0.291256,0.744536,,,3.6411,0.54452,0.728669,747.3800048828125,1.02248,-1.00973,0.797396,1.02248,1.00973,3.9368,362.7,5.58,350,5.384615384615385,,,,,,,,,,,,,,,,,,,"Jared Koenig","27517",657649
"Caleb Thielbar","CHC",3.46206,2.85063,0,3.74403,64.2968,0,1.16761,16.9093,1.28873,62.6729,258.114,54.3148,28.3393,26.0721,7.9594,19.9494,1.1529,1.47165,64.4493,9.25509,2.86479,3.23063,1.14299,0.249693,0.0772892,0.17240384221076965,0.229474,1.18495,0.282166,0.72757,,,3.75481,0.542398,0.504805,749.1199951171875,1.99277,-1.11806,0.81868,1.99277,1.11806,3.90843,365.4000000000001,5.800000000000002,349,5.5396825396825395,,,,,,,,,,,,,,,,,,,"Caleb Thielbar","10078",573204
"A.J. Minter","NYM",3.76977,2.78249,0,3.40679,53.4551,0,1.62696,22.8524,2.39366,55.2337,226.907,45.4685,22.7258,20.9077,5.95899,18.9541,0.924315,1.75386,61.2796,9.98514,3.08845,3.23306,0.970981,0.270065,0.0835325,0.18653283268213272,0.220508,1.16636,0.284323,0.743523,,,3.44349,0.537344,0.590235,742.8200073242188,1.13505,-0.773102,0.938696,1.13505,0.773102,3.74841,377.2,6.858181818181818,358,6.509090909090909,,,,,,,,,,,,,,,,,,,"A.J. Minter","18655",621345
"Jonah Tong","NYM",2.24735,2.35111,1.87111,3.7921,12.6188,5.2389,0,0.473107,0,33.4792,139.971,27.4615,15.3329,14.1063,3.67028,13.9643,0.32433,1.12036,37.6914,10.1323,3.75394,2.69912,0.98666,0.269281,0.0997662,0.1695145219564438,0.219893,1.23736,0.284842,0.719063,,,3.66039,0.536832,0.480957,345.17999267578125,2.26751,-0.391621,1.06094,2.26751,0.391621,3.58541,155.80000000000007,4.721212121212123,144,4.363636363636363,,,,,,,,,,,,,,,,,,,"Jonah Tong","32157",804636
"Tyler Anderson",,4.88904,7.31488,6.80747,4.86855,21.5617,21.0142,0,0.206153,0,116.273,507.44,117.749,68.3675,62.8981,19.012,46.9415,1.43806,4.39389,89.7665,6.94827,3.63345,1.9123,1.4716,0.176901,0.0925065,0.08439415693283081,0.258163,1.41641,0.284278,0.697621,,,5.04125,0.536568,0.426219,745.7899780273438,2.68597,1.06962,0.920828,2.68597,-1.06962,3.77223,344.90000000000003,2.9732758620689657,360,3.103448275862069,,,,,,,,,,,,,,,,,,,"Tyler Anderson","12880",542881
"Matt Svanson","STL",3.15046,2.08073,0,3.65585,58.5819,0,4.51264,9.75915,0,66.6302,281.275,60.7198,29.4191,27.0656,5.94723,24.0612,1.04326,3.7134,62.4101,8.42998,3.25003,2.59381,0.803316,0.221883,0.0855432,0.13633976876735687,0.239525,1.27241,0.295839,0.724112,,,3.67269,0.529556,0.617578,455.1199951171875,4.91789,3.61229,0.853696,4.91789,-3.61229,3.86174,368.4,5.498507462686566,362,5.402985074626866,,,,,,,,,,,,,,,,,,,"Matt Svanson","29629",694335
"Luis Medina","ATH",4.97681,6.36828,4.85872,4.775,31.8515,15.6055,0,0.830123,0,100.345,442.933,98.3174,57.8683,53.2388,13.3377,46.7755,1.61643,5.83527,88.2714,7.91708,4.19531,1.88713,1.19626,0.199288,0.105604,0.09368431568145752,0.251888,1.44594,0.294339,0.689958,,,4.67661,0.527177,0.259905,750.8499755859375,3.79879,-0.512925,0.761447,3.79879,0.512925,3.98474,346.3,3.463,352,3.52,,,,,,,,,,,,,,,,,,,"Luis Medina","21649",665622
"Sam Hentges","SFG",1.80968,1.7434,0,3.56024,50.9674,0,0.0365759,6.38283,0.709919,50.3595,211.438,45.9533,21.6536,19.9213,4.78818,17.1657,0.913327,1.77296,50.8632,9.09002,3.06778,2.96306,0.85572,0.240558,0.0811857,0.15937259793281555,0.238719,1.25337,0.300809,0.735,,,3.47938,0.525218,0.423574,747.6199951171875,2.6206,-0.499315,1.0346,2.6206,0.499315,3.62054,257.9,5.1579999999999995,254,5.08,,,,,,,,,,,,,,,,,,,"Sam Hentges","18548",656529
"Camilo Doval","NYY",4.1238,3.58883,0,3.66499,62.064,0,4.81404,15.9989,4.66176,63.8464,273.073,52.9506,28.2605,25.9996,5.47641,30.761,1.62099,3.56879,71.0962,10.0219,4.33617,2.31124,0.771973,0.260355,0.112647,0.14770812541246414,0.221789,1.31114,0.292741,0.729192,,,3.63619,0.523118,0.55881,485.8800048828125,1.89643,-1.99826,0.705375,1.89643,1.99826,4.0595,400.3,6.2546875,381,5.953125,,,,,,,,,,,,,,,,,,,"Camilo Doval","21992",666808
"Jake Irvin","WSN",6.5735,9.42548,8.72254,4.87411,29.4185,24.4907,0,0.293483,0,142.989,615.718,146.665,84.1717,77.438,23.7466,47.2466,0.638192,5.70947,105.822,6.66066,2.9738,2.23978,1.49466,0.171868,0.0767341,0.09513364732265472,0.260617,1.35613,0.28375,0.68303,,,4.925,0.515203,0.544603,733.030029296875,2.23965,-0.836266,1.26164,2.23965,0.836266,3.31781,433.8,3.033566433566434,456,3.1888111888111887,,,,,,,,,,,,,,,,,,,"Jake Irvin","21504",663623
"Cole Sands","MIN",3.68267,3.27718,0,3.99719,62.109,0.20848,3.89486,13.3497,2.06804,66.939,280.31,62.076,32.3149,29.7297,7.65043,20.1831,1.25635,3.60206,65.1849,8.76417,2.71363,3.22968,1.02861,0.232546,0.0720027,0.16054308414459229,0.241988,1.22887,0.296291,0.698046,,,3.73929,0.509463,0.285717,529.8200073242188,0.98672,-3.51452,0.703562,0.98672,3.51452,4.06192,366.2,5.465671641791045,361,5.388059701492537,,,,,,,,,,,,,,,,,,,"Cole Sands","21461",663485
"Robert Garcia","TEX",3.52838,4.22868,0,3.65023,62.4805,0,16.1053,11.0904,4.89255,62.3876,260.309,54.6958,27.5035,25.3032,7.05316,22.1118,1.61205,2.10195,66.9842,9.6631,3.18983,3.02935,1.01749,0.257325,0.0849442,0.1723811775445938,0.231668,1.23114,0.293985,0.736617,,,3.62183,0.508614,0.367304,262.8500061035156,3.19434,-0.324222,1.28045,3.19434,0.324222,3.29273,415.69999999999993,6.704838709677419,405,6.532258064516129,,,,,,,,,,,,,,,,,,,"Robert Garcia","23363",676395
"Mick Abel","MIN",5.05836,5.57724,4.5968,4.63993,34.7125,13.2505,0,0.818439,2.64228,91.2837,397.785,87.3705,51.1534,47.0611,12.0605,40.8785,0.529255,3.90063,83.8804,8.27008,4.03036,2.05194,1.18909,0.210869,0.102765,0.10810327529907227,0.247504,1.40495,0.29296,0.692283,,,4.48656,0.508089,0.301932,507.5,1.47596,-1.60558,0.467124,1.47596,1.60558,4.37717,336.59999999999997,3.6989010989010986,336,3.6923076923076925,,,,,,,,,,,,,,,,,,,"Mick Abel","27756",690953
"Trevor McDonald","SFG",2.8944,3.24355,3.17228,4.18454,19.2057,8.3003,0,0.756084,0,57.0067,245.841,56.4559,28.81,26.5052,6.34812,20.1779,0.53434,3.31775,45.011,7.10617,3.18561,2.23071,1.00222,0.18309,0.082077,0.1010129302740097,0.253911,1.3443,0.293052,0.705924,,,4.2401,0.507756,0.527257,618.1799926757812,4.09291,-1.32606,0.705405,4.09291,1.32606,4.05946,227.4,3.9894736842105263,232,4.0701754385964914,,,,,,,,,,,,,,,,,,,"Trevor McDonald","26448",686790
"Gregory Soto","PIT",2.34441,2.88051,0,3.84693,62.5546,0,2.86049,14.4132,1.8254,61.1124,262.048,54.7054,28.3931,26.1217,5.33602,24.6214,1.25014,4.88453,65.0996,9.5872,3.62598,2.64403,0.785834,0.248426,0.0939573,0.15446855872869492,0.235249,1.29805,0.304549,0.708826,,,3.58818,0.497254,0.483393,585.5599975585938,3.22162,-1.49835,0.801123,3.22162,1.49835,3.93184,357.9000000000001,5.8672131147541,351,5.754098360655738,,,,,,,,,,,,,,,,,,,"Gregory Soto","19677",642397
"Graham Ashcraft","CIN",4.51012,3.4541,0.526538,4.05699,53.5969,0.720052,1.35302,12.7549,2.74062,63.1609,270.379,62.3959,30.9473,28.4715,6.49777,21.2208,0.504152,2.96361,54.9388,7.82841,3.02381,2.58892,0.925889,0.203192,0.0784854,0.12470687925815582,0.253442,1.32387,0.302549,0.706784,,,3.88159,0.494561,0.434084,689.0599975585938,2.36645,-0.742925,0.589487,2.36645,0.742925,4.21402,326.20000000000005,5.177777777777779,332,5.26984126984127,,,,,,,,,,,,,,,,,,,"Graham Ashcraft","27552",668933
"Edwin Uceta","TBR",4.8265,3.44714,0,3.76077,65.1163,0,12.4584,17.2809,1.95972,71.3805,296.75,58.6358,32.421,29.8273,9.58296,25.8244,2.05722,4.47892,84.0041,10.5916,3.25607,3.25289,1.20827,0.28308,0.0870242,0.1960560604929924,0.220066,1.18324,0.283773,0.732493,,,3.80031,0.493239,0.523219,234.58999633789062,1.01873,-0.0583198,0.882372,1.01873,0.0583198,3.8235,455,6.408450704225352,431,6.070422535211268,,,,,,,,,,,,,,,,,,,"Edwin Uceta","20539",670955
"Tyler Holton","DET",4.18937,3.44289,0,3.59579,62.6953,0.550279,1.27058,12.6425,1.74087,69.5748,283.71,62.6191,30.2146,27.7974,8.42292,16.4952,1.07616,2.13322,57.794,7.47608,2.13377,3.50369,1.08957,0.203708,0.058141,0.14556697383522987,0.236226,1.13711,0.272528,0.726354,,,3.85084,0.486176,0.689752,742.8200073242188,2.55303,1.33719,0.949579,2.55303,-1.33719,3.73389,374.8,5.354285714285714,365,5.214285714285714,,,,,,,,,,,,,,,,,,,"Tyler Holton","26231",663947
"Payton Tolle","BOS",2.67026,2.62584,2.31713,4.10942,25.5463,5.30883,0,0.863787,0,50.4947,211.11,45.4426,25.0608,23.056,7.36649,16.9963,0.298278,1.73202,51.3288,9.14867,3.02936,3.02,1.31298,0.243137,0.0805089,0.16262833029031754,0.23621,1.23654,0.284816,0.717074,,,4.11131,0.479664,0.454505,388.739990234375,2.75261,-0.0898626,0.825592,2.75261,0.0898626,3.89921,215.89999999999998,4.318,208,4.16,,,,,,,,,,,,,,,,,,,"Payton Tolle","35466",801139
"Tyler Rogers","TOR",4.14023,3.63676,0,3.69896,69.1397,0,2.38515,23.8461,2.82193,70.4585,292.499,70.6763,31.4762,28.9581,6.95859,13.6408,0.967719,3.14781,47.8438,6.11132,1.74241,3.5074,0.888853,0.163569,0.0466354,0.11693369597196579,0.256342,1.19669,0.288435,0.708559,,,3.77579,0.478922,0.505649,642.8800048828125,3.22511,-0.121544,0.918805,3.22511,0.121544,3.77493,398.29999999999995,5.6899999999999995,410,5.857142857142857,,,,,,,,,,,,,,,,,,,"Tyler Rogers","15541",643511
"Brusdar Graterol","LAD",2.14978,1.34768,0,3.48714,47.0425,0,0.157445,6.12871,0.385978,47.8369,197.982,43.3721,20.1466,18.5349,4.05125,13.3461,1.03045,2.05845,40.071,7.53893,2.51093,3.00244,0.7622,0.202397,0.0674108,0.13498623669147491,0.237555,1.18566,0.283997,0.716438,,,3.52684,0.478106,0.52261,999,1.5384,-2.57489,1.16173,1.5384,2.57489,3.45103,253.20000000000005,5.275000000000001,247,5.145833333333333,,,,,,,,,,,,,,,,,,,"Brusdar Graterol","20367",660813
"Tommy Nance","TOR",2.07483,3.05704,0,3.82344,53.5023,0,0.301733,8.23978,1.02652,56.7651,238.964,53.6859,26.2124,24.1154,5.76649,17.2739,1.30836,2.81726,53.2166,8.43738,2.73874,3.08075,0.914265,0.222697,0.0722867,0.1504107043147087,0.245284,1.25006,0.299704,0.711556,,,3.64257,0.473137,0.332554,999,3.29343,-2.34295,0.914105,3.29343,2.34295,3.78119,285.5999999999999,5.010526315789472,285,5,,,,,,,,,,,,,,,,,,,"Tommy Nance","19178",667297
"Kevin Ginkel","ARI",3.35828,3.31535,0,3.94604,58.7591,0,7.17708,8.4851,3.69258,61.0435,258.054,55.8595,29.0918,26.7644,6.15597,21.6239,0.8436,2.9344,62.3546,9.19331,3.18813,2.8836,0.907611,0.241634,0.0837958,0.1578378900885582,0.239231,1.26931,0.30126,0.702702,,,3.6101,0.469777,0.356888,545.6199951171875,2.98282,0.225893,0.851892,2.98282,-0.225893,3.86414,348.0000000000001,5.704918032786887,343,5.622950819672131,,,,,,,,,,,,,,,,,,,"Kevin Ginkel","19876",656464
"Steven Okert","HOU",2.97325,2.43645,0,3.9758,62.9138,0.0944186,0.0703822,10.1857,3.56873,63.5979,264.392,53.5801,30.5377,28.0947,8.95559,22.5388,1.70362,3.20292,70.9468,10.04,3.18955,3.14777,1.26734,0.26834,0.0852476,0.18309229612350464,0.224513,1.19688,0.281104,0.716898,,,3.94891,0.469695,0.185851,999,1.46089,-1.96177,0.734371,1.46089,1.96177,4.02084,326.5,5.1015625,307,4.796875,,,,,,,,,,,,,,,,,,,"Steven Okert","13580",595345
"JoJo Romero","STL",4.23116,3.73815,0,3.55739,63.2062,0,11.9226,20.7866,3.52314,64.1114,271.372,57.8053,27.5446,25.341,5.7366,24.9468,2.116,2.64383,59.9156,8.41099,3.50205,2.40173,0.805307,0.220788,0.0919284,0.12885922193527222,0.237119,1.29075,0.292308,0.73885,,,3.72031,0.469011,0.558776,439.2099914550781,1.91832,-0.400965,1.09044,1.91832,0.400965,3.54608,428.99999999999994,6.703124999999999,422,6.59375,,,,,,,,,,,,,,,,,,,"JoJo Romero","19574",668941
"Emilio Pagán","CIN",3.15251,3.44287,0,4.06859,63.3477,0.0721371,25.9871,4.10403,4.43578,65.8854,271.705,56.3932,32.3745,29.7845,10.6346,22.0373,0.78185,2.18326,71.9543,9.82901,3.01031,3.26511,1.4527,0.264825,0.0811076,0.18371781706809998,0.227866,1.19041,0.277501,0.724811,,,4.1521,0.468843,0.444211,93.37999725341797,1.41639,1.58227,1.83093,1.41639,-1.58227,2.55875,425.5000000000001,6.446969696969699,405,6.136363636363637,,,,,,,,,,,,,,,,,,,"Emilio Pagan","14771",641941
"Phil Maton","CHC",3.37776,2.90275,0,3.70597,64.2828,0,5.45877,16.1781,2.95657,65.4178,274.367,54.3515,29.2797,26.9374,6.8616,24.2339,1.4034,5.41558,70.6383,9.71823,3.33403,2.91486,0.944001,0.257459,0.0883266,0.16913290321826935,0.222099,1.20128,0.284001,0.714791,,,3.69878,0.467805,0.509414,442.6499938964844,2.17863,0.333308,0.839558,2.17863,-0.333308,3.88059,398.5,6.130769230769231,378,5.815384615384615,,,,,,,,,,,,,,,,,,,"Phil Maton","18064",664208
"Cody Bradford","TEX",2.70819,2.82066,1.736,4.24469,18.1238,5.40217,0,0.852669,0,42.5393,175.424,40.734,21.8075,20.0629,6.24778,9.67345,0.505018,1.22701,37.0619,7.84114,2.0466,3.8313,1.32184,0.21127,0.0551433,0.15612710639834404,0.247588,1.18496,0.284507,0.686499,,,4.07071,0.465917,0.267287,609.239990234375,2.40311,-0.0218346,0.993756,2.40311,0.0218346,3.67499,182.79999999999998,4.251162790697674,182,4.232558139534884,,,,,,,,,,,,,,,,,,,"Cody Bradford","27597",674003
"Jimmy Herget","COL",2.53394,2.8763,0.481289,4.47675,64.3153,0.658173,2.31759,9.07001,1.81343,73.2684,314.108,73.6285,39.614,36.4449,10.5022,23.248,1.75636,4.02013,67.4078,8.28012,2.85569,2.89951,1.29005,0.214601,0.0740128,0.14058838039636612,0.256689,1.32221,0.302142,0.696849,,,4.27502,0.46551,0.398821,742.2100219726562,1.94424,0.269569,0.552065,1.94424,-0.269569,4.26391,311.5,4.267123287671233,321,4.397260273972603,,,,,,,,,,,,,,,,,,,"Jimmy Herget","17556",623474
"Mitchell Parker","WSN",4.42977,6.04185,4.24566,4.72264,40.3301,10.2578,0.193938,0.840216,0,89.2494,384.256,91.5577,50.9049,46.8326,12.559,30.5961,0.863749,2.38607,67.7171,6.82867,3.08535,2.21326,1.26646,0.176229,0.0796244,0.09660494327545166,0.260645,1.36868,0.291511,0.681343,,,4.55565,0.460804,0.15624,739.4099731445312,2.80117,-0.20158,0.392985,2.80117,0.20158,4.47602,300.50000000000006,3.3764044943820233,317,3.561797752808989,,,,,,,,,,,,,,,,,,,"Mitchell Parker","27636",680730
"Bryce Elder","ATL",3.93503,4.18951,4.18158,4.63849,17.0564,10.5055,0,0.644362,0,63.8605,276.271,65.921,35.775,32.913,8.40677,21.8484,0.561702,2.66739,52.3389,7.37623,3.07915,2.39554,1.18478,0.189448,0.0790833,0.11036422848701477,0.261846,1.37439,0.301107,0.684138,,,4.35902,0.457943,0.376283,692.030029296875,2.40935,-1.21661,0.43107,2.40935,1.21661,4.42524,236.60000000000005,3.696875000000001,249,3.890625,,,,,,,,,,,,,,,,,,,"Bryce Elder","27779",693821
"Drew Pomeranz","LAA",2.3007,2.38877,0.30645,3.80926,55.7606,0.449847,1.83945,8.93953,2.08048,55.6775,233.129,49.0118,25.6147,23.5655,7.33209,19.0088,1.12077,3.22354,60.3203,9.7505,3.07268,3.17329,1.1852,0.258742,0.0815374,0.17720440030097961,0.232397,1.22169,0.290968,0.734229,,,3.87823,0.454793,0.326724,659.969970703125,1.45377,-1.55022,0.901374,1.45377,1.55022,3.79817,300.9000000000001,5.373214285714288,289,5.160714285714286,,,,,,,,,,,,,,,,,,,"Drew Pomeranz","11426",519141
"Shawn Armstrong","CLE",3.21002,2.70418,0,3.80208,65.0765,0.4109,2.54674,16.6404,2.02321,68.7655,285.592,60.8968,31.5763,29.0502,8.0614,20.831,0.753718,3.7562,68.22,8.9286,2.72635,3.27493,1.05507,0.238873,0.0729397,0.1659327819943428,0.233317,1.1885,0.286025,0.711955,,,3.74765,0.451794,0.328009,608.8200073242188,1.04085,0.882191,0.805928,1.04085,-0.882191,3.92543,397.6,5.76231884057971,385,5.579710144927536,,,,,,,,,,,,,,,,,,,"Shawn Armstrong","12857",542888
"Blake Treinen","LAD",3.86968,4.02367,0,3.9076,60.2096,0,1.09716,13.8495,4.64979,60.2441,254.342,53.3286,28.4312,26.1567,7.15281,22.7531,2.83474,2.95022,65.866,9.83987,3.39913,2.89482,1.06857,0.258966,0.0894585,0.16950757801532745,0.233243,1.26289,0.296721,0.721237,,,3.77195,0.448908,0.343403,746.9400024414062,2.14681,-1.4494,0.624121,2.14681,1.4494,4.16784,335.09999999999997,5.584999999999999,324,5.4,,,,,,,,,,,,,,,,,,,"Blake Treinen","12572",595014
"Brooks Raley","NYM",2.92911,2.159,0,3.73761,59.1175,0,1.09421,14.559,1.3122,58.1092,241.763,50.0016,26.2306,24.1321,6.66855,18.9785,0.811007,3.68505,56.6714,8.77731,2.9394,2.98609,1.03283,0.234409,0.0785004,0.15590858459472656,0.228214,1.18708,0.278205,0.716742,,,3.84654,0.443135,0.441812,749.469970703125,2.59008,1.71227,0.918546,2.59008,-1.71227,3.77527,323.1,5.570689655172414,309,5.327586206896552,,,,,,,,,,,,,,,,,,,"Brooks Raley","10061",548384
"Germán Márquez",,4.20743,7.53949,5.37625,5.29104,19.9499,19.7572,0,0.175909,0,103.184,452.498,114.039,65.9361,60.6612,17.0641,37.3755,0.84964,3.59658,76.1282,6.64011,3.25999,2.03685,1.48838,0.16824,0.0825981,0.08564171940088272,0.277112,1.46742,0.304632,0.670288,,,5.00067,0.43897,-0.140011,999,4.80229,-0.320381,1.0652,4.80229,0.320381,3.57974,285.70000000000005,2.7737864077669907,323,3.1359223300970873,,,,,,,,,,,,,,,,,,,"German Marquez","15038",608566
"Andrew Kittredge","BAL",4.09046,3.84241,0,3.71962,63.7515,0,7.1448,17.308,3.3159,66.0751,271.868,60.765,29.6829,27.3082,8.63568,16.8258,1.34712,1.99844,65.5564,8.92935,2.29182,3.89618,1.17625,0.241133,0.0618896,0.17924370616674423,0.240137,1.17428,0.291467,0.731409,,,3.70455,0.437376,0.369386,477.1499938964844,1.85742,0.550869,0.885434,1.85742,-0.550869,3.81942,397.1,6.016666666666667,391,5.924242424242424,,,,,,,,,,,,,,,,,,,"Andrew Kittredge","12828",552640
"Bennett Sousa","HOU",2.731,1.60864,0,3.63599,46.5524,0,0.810005,4.60777,0.878192,49.7734,204.89,41.863,21.857,20.1084,5.96356,16.7268,0.735465,1.4594,53.6782,9.70605,3.02454,3.20911,1.07833,0.261985,0.0816381,0.1803472712635994,0.224222,1.17713,0.282535,0.731136,,,3.63196,0.433712,0.376852,999,2.90572,3.50436,0.990622,2.90572,-3.50436,3.67917,266,5.32,251,5.02,,,,,,,,,,,,,,,,,,,"Bennett Sousa","21345",656986
"Cade Povich","BAL",1.81439,2.43067,1.69893,4.34136,16.2472,5.96746,0,0.74376,0,41.8837,177.804,39.6233,21.9604,20.2036,5.80744,15.0548,0.710299,1.24383,40.5313,8.70938,3.23499,2.69224,1.24791,0.227955,0.0846711,0.14328406751155853,0.245338,1.30548,0.293627,0.702886,,,4.16967,0.43315,0.24596,560.969970703125,2.50438,-0.994294,0.897349,2.50438,0.994294,3.80353,171,4.071428571428571,170,4.0476190476190474,,,,,,,,,,,,,,,,,,,"Cade Povich","30055",700249
"Connor Prielipp","MIN",3.0975,3.5591,0.946427,4.06946,44.1982,2.61951,0,3.83375,0,59.2315,256.206,58.682,29.1111,26.7822,6.73496,22.0937,1.14111,3.06712,55.5808,8.44529,3.35705,2.51568,1.02335,0.216937,0.086234,0.13070343434810638,0.253984,1.36373,0.307871,0.724133,,,4.01095,0.42767,0.325287,999,3.75415,-1.42755,0.622396,3.75415,1.42755,4.17014,250.1,4.238983050847458,257,4.3559322033898304,,,,,,,,,,,,,,,,,,,"Connor Prielipp","sa3020808",687570
"Braydon Fisher","TOR",3.05272,1.95963,0,3.75772,48.8176,0.0907931,0.999997,5.4765,1.13129,50.5227,212.196,41.7412,22.9287,21.0944,5.99087,21.1046,1.25626,2.32927,56.7751,10.1138,3.75953,2.69018,1.0672,0.26756,0.0994581,0.1681017428636551,0.221131,1.24391,0.283741,0.73298,,,3.82063,0.424437,0.325059,750.8800048828125,1.89133,0.892842,0.83985,1.89133,-0.892842,3.8802,264.40000000000003,5.184313725490196,247,4.8431372549019605,,,,,,,,,,,,,,,,,,,"Braydon Fisher","24609",680755
"Andrew Nardi","MIA",2.2577,1.70782,0,3.80871,48.2968,0,0.226962,5.58778,2.65287,47.9112,200.647,40.6248,22.0387,20.2756,5.82547,18.6864,0.976674,1.91446,57.2766,10.7593,3.51019,3.06516,1.0943,0.285459,0.0931304,0.19232875853776932,0.225635,1.23794,0.297572,0.728612,,,3.61478,0.423632,0.371787,744.9400024414062,2.64637,-0.946233,0.898732,2.64637,0.946233,3.80169,249.80000000000004,5.2041666666666675,237,4.9375,,,,,,,,,,,,,,,,,,,"Andrew Nardi","25942",677053
"Jordan Wicks","CHC",1.96886,2.05817,0.815879,4.01686,21.692,2.715,0.301666,0.977106,0,38.2152,161.33,36.8765,18.5393,17.0561,4.42303,12.2838,0.187037,0.963606,33.9101,7.98612,2.89293,2.76056,1.04166,0.210191,0.0761406,0.13405021280050278,0.249026,1.28641,0.295705,0.712647,,,3.90502,0.418159,0.255174,741.7899780273438,2.0744,-0.335282,1.03043,2.0744,0.335282,3.6261,168.8,4.442105263157895,171,4.5,,,,,,,,,,,,,,,,,,,"Jordan Wicks","30094",696136
"Brant Hurter","DET",2.86781,2.38795,0,3.63687,43.5118,0.280649,0.040799,5.34311,0,53.4338,225.883,49.5713,23.47,21.5924,4.95721,16.8859,1.42241,3.93375,47.8773,8.06411,2.84413,2.83535,0.834956,0.211956,0.0747549,0.13720107823610306,0.241736,1.24373,0.293072,0.722266,,,3.71806,0.415874,0.453072,999,1.57179,0.336729,0.948458,1.57179,-0.336729,3.73539,253.70000000000005,4.7867924528301895,253,4.773584905660377,,,,,,,,,,,,,,,,,,,"Brant Hurter","30133",676428
"Tanner Banks","PHI",2.81323,2.23789,0,3.92603,58.1741,0.140417,0.0738654,8.31583,2.45135,61.8775,257.898,58.4546,29.3397,26.9925,8.15136,17.2624,1.27465,2.11708,57.8665,8.41661,2.51079,3.35218,1.1856,0.224378,0.0669349,0.15744305402040482,0.245074,1.22366,0.291613,0.721207,,,3.91689,0.41262,0.429164,999,1.27116,-0.247495,0.804835,1.27116,0.247495,3.92689,300.59999999999997,4.848387096774193,297,4.790322580645161,,,,,,,,,,,,,,,,,,,"Tanner Banks","16990",621383
"Paul Blackburn","NYY",2.6336,3.8236,1.19951,4.46006,45.9122,3.5806,0.0495623,6.51199,0,65.0677,277.218,65.1516,35.0491,32.2451,9.01532,20.2377,0.692069,2.48188,55.2964,7.64846,2.79923,2.73234,1.24698,0.199469,0.0730029,0.12646593898534775,0.256,1.31231,0.295164,0.691792,,,4.28417,0.412541,0.10458,999,3.06395,-0.16787,0.570322,3.06395,0.16787,4.23957,273.3,4.204615384615384,280,4.3076923076923075,,,,,,,,,,,,,,,,,,,"Paul Blackburn","14739",621112
"Dennis Santana","PIT",3.76807,3.21509,0,3.94235,63.869,0,23.3179,7.31715,3.37119,67.1026,281.987,61.3836,31.9495,29.3935,7.12016,22.9214,0.83189,3.20671,62.1214,8.33191,3.07428,2.7102,0.954977,0.220299,0.0812853,0.13901372253894806,0.239912,1.25636,0.290774,0.704302,,,3.83114,0.410223,0.405844,128.24000549316406,2.28369,0.238703,1.67888,2.28369,-0.238703,2.76149,440.0999999999999,6.568656716417909,433,6.462686567164179,,,,,,,,,,,,,,,,,,,"Dennis Santana","17878",642701
"Bryan Baker","TBR",2.97332,2.58658,0,3.99396,61.6996,0,0.989563,11.9173,3.25594,64.1711,267.137,55.7633,30.9537,28.4774,8.89659,22.515,1.0025,2.12111,69.9356,9.80846,3.15773,3.10618,1.24775,0.261796,0.0842824,0.17751380801200867,0.22995,1.21984,0.28635,0.718966,,,3.90952,0.403732,0.24988,679.1799926757812,1.67403,-0.346722,0.702585,1.67403,0.346722,4.06322,335.30000000000007,5.239062500000001,321,5.015625,,,,,,,,,,,,,,,,,,,"Bryan Baker","19804",641329
"Sawyer Gipson-Long","DET",1.74424,2.07576,0.99812,4.14326,25.6203,3.52087,0,2.86713,0,42.5421,177.818,40.3372,21.2878,19.5848,5.81997,11.5044,0.299714,2.17886,38.4606,8.13654,2.43382,3.34312,1.23125,0.216292,0.0646976,0.15159454941749573,0.245757,1.21859,0.287993,0.699273,,,4.0704,0.402195,0.32971,618.2899780273438,2.04133,0.255007,1.0354,2.04133,-0.255007,3.61947,186.39999999999998,4.334883720930232,183,4.255813953488372,,,,,,,,,,,,,,,,,,,"Sawyer Gipson-Long","26048",687830
"Kody Funderburk","MIN",3.94336,2.65285,0,3.86666,60.2477,0,4.19383,13.5166,1.73164,64.6626,279.002,60.3976,30.1967,27.7809,5.5323,26.3491,1.32535,4.17999,61.2212,8.52101,3.66738,2.32346,0.770008,0.21943,0.0944408,0.12498875707387924,0.243075,1.34153,0.301924,0.71581,,,3.7702,0.401222,0.38482,713.969970703125,3.70128,-2.7922,0.702203,3.70128,2.7922,4.06373,359.20000000000005,5.526153846153846,355,5.461538461538462,,,,,,,,,,,,,,,,,,,"Kody Funderburk","24993",681892
"Jason Adam","SDP",2.87158,1.73723,0,3.40974,44.5272,0,0.32948,12.1518,2.51106,46.1792,190.86,37.405,19.0168,17.4955,5.02187,16.111,1.27329,2.96203,49.3246,9.61302,3.13991,3.06156,0.978727,0.258434,0.0844127,0.17402147501707077,0.217741,1.15888,0.275742,0.742151,,,3.65169,0.400209,0.518124,704.8800048828125,2.28988,2.83154,1.07947,2.28988,-2.83154,3.56071,271.70000000000005,5.906521739130436,254,5.521739130434782,,,,,,,,,,,,,,,,,,,"Jason Adam","11861",592094
"Logan Evans","SEA",3.84558,3.8925,2.67701,4.38853,13.3044,10.2397,0,0,0.932937,58.3536,249.931,55.9303,30.9283,28.4541,7.24877,21.3118,0.780035,2.87974,45.3365,6.99236,3.28696,2.1273,1.11799,0.181396,0.0852707,0.09612575173377991,0.247765,1.32369,0.281146,0.690283,,,4.43986,0.394447,0.221015,750.3800048828125,1.11167,0.436828,0.612111,1.11167,-0.436828,4.18385,215.50000000000003,3.715517241379311,217,3.7413793103448274,,,,,,,,,,,,,,,,,,,"Logan Evans","33699",688138
"Kyle Finnegan","DET",4.07538,4.36699,0,3.88848,59.7439,0,5.02116,13.1102,4.88149,62.2512,260.986,56.7887,29.2346,26.8958,7.05151,21.2778,1.75543,1.78435,58.6387,8.47772,3.07625,2.75586,1.01948,0.224681,0.0815285,0.14315246045589447,0.238684,1.25406,0.288777,0.716069,,,3.83518,0.392833,0.312314,359.2900085449219,1.33806,1.90983,0.7684,1.33806,-1.90983,3.97547,350.49999999999994,5.653225806451612,345,5.564516129032258,,,,,,,,,,,,,,,,,,,"Kyle Finnegan","15009",640448
"Angel Zerpa","MIL",3.14519,2.23549,0,3.68985,58.7233,0.186374,0.0273868,11.2477,2.42217,60.9524,257.15,57.2246,27.1625,24.9895,6.25723,19.9872,0.935694,2.56704,56.3762,8.32429,2.95123,2.82062,0.923918,0.219234,0.0777256,0.14150883257389069,0.243928,1.26675,0.296386,0.731162,,,3.72993,0.391751,0.51144,729.4099731445312,2.95369,-0.893856,0.818142,2.95369,0.893856,3.90914,316.4000000000001,5.186885245901641,314,5.147540983606557,,,,,,,,,,,,,,,,,,,"Angel Zerpa","22717",672582
"Justin Topa","MIN",2.69698,3.53715,0,4.00035,61.1349,0.125878,6.87301,13.4788,2.69441,63.8178,272.497,63.8275,30.8325,28.3659,6.03357,20.0918,1.8384,3.37887,52.9254,7.46389,2.83348,2.63417,0.850894,0.194224,0.0737323,0.12049143016338348,0.256308,1.31498,0.30407,0.703394,,,3.80889,0.39112,0.228415,629.5,1.83547,1.4361,0.930432,1.83547,-1.4361,3.75942,357.4,5.584375,366,5.71875,,,,,,,,,,,,,,,,,,,"Justin Topa","15145",623437
"Hayden Birdsong","SFG",2.74525,3.3497,1.61254,4.55822,20.3361,8.01813,0,1.19955,0,54.9742,240.712,50.0201,30.2638,27.8427,7.81383,27.3827,0.491843,3.33486,55.0053,9.0051,4.48291,2.00876,1.27923,0.228511,0.113757,0.1147535890340805,0.238197,1.40798,0.286774,0.709247,,,4.65807,0.388077,0.296224,578.8499755859375,1.70489,-0.984272,0.508554,1.70489,0.984272,4.32193,202.60000000000002,3.683636363636364,195,3.5454545454545454,,,,,,,,,,,,,,,,,,,"Hayden Birdsong","31635",806185
"Justin Slaten","BOS",4.03898,3.68616,0,4.01195,56.0999,0,1.27994,9.06276,3.49649,60.8675,255.771,56.7514,29.4925,27.1331,7.26915,19.678,1.61463,2.21697,56.316,8.327,2.90963,2.86188,1.07483,0.220181,0.0769359,0.14324548095464706,0.242656,1.25567,0.290575,0.708454,,,3.91637,0.379435,0.37228,738.2899780273438,2.21104,0.298735,0.67292,2.21104,-0.298735,4.10277,304.1000000000001,4.985245901639345,301,4.934426229508197,,,,,,,,,,,,,,,,,,,"Justin Slaten","25648",686580
"Jonathan Cannon","CHW",4.42068,8.00116,5.04248,4.97768,32.26,16.6581,0.0320367,0.822854,0,109.104,475.187,114.23,65.5897,60.3425,17.7409,38.5076,1.10127,4.9582,81.4966,6.72269,3.1765,2.11638,1.46345,0.171504,0.0810367,0.09046764671802521,0.264591,1.39993,0.290206,0.681372,,,4.95025,0.374975,0.0315094,749.7100219726562,3.65973,-1.44231,0.815734,3.65973,1.44231,3.91235,322.80000000000007,2.9614678899082576,345,3.165137614678899,,,,,,,,,,,,,,,,,,,"Jonathan Cannon","31730",686563
"Brendon Little","TOR",2.35854,2.1408,0,3.58422,52.9125,0,0.0700549,12.9259,2.554,52.4796,227.342,44.4677,22.7172,20.8998,4.26932,28.0048,1.70708,2.15444,56.4986,9.68925,4.8027,2.01746,0.732168,0.248518,0.123183,0.12533409893512726,0.225515,1.38097,0.294677,0.748251,,,3.7636,0.370904,0.378583,999,2.40669,-1.94761,0.871938,2.40669,1.94761,3.83742,295.20000000000005,5.676923076923078,282,5.423076923076923,,,,,,,,,,,,,,,,,,,"Brendon Little","21574",663893
"Walker Buehler",,5.81526,7.27918,5.19379,5.09002,19.798,19.4743,0,0.178663,0,102.784,455.282,108.348,63.1853,58.1305,16.1542,42.0678,0.5307,5.76414,80.517,7.05023,3.68354,1.91398,1.4145,0.176851,0.0923994,0.08445143699645996,0.265917,1.46341,0.296653,0.682555,,,5.00767,0.368882,0.128106,693,3.57204,0.817071,1.0401,3.57204,-0.817071,3.6132,302.6000000000001,2.9378640776699037,325,3.1553398058252426,,,,,,,,,,,,,,,,,,,"Walker Buehler","19374",621111
"Ricky Tiedemann","TOR",1.93688,2.15889,1.66632,4.35764,15.6616,5.59245,0,0.923439,0,37.6277,164.885,34.5652,19.8029,18.2187,4.62521,18.5414,0.412372,2.28217,39.4708,9.44084,4.43484,2.12879,1.10628,0.239383,0.11245,0.12693282961845398,0.239933,1.41137,0.299502,0.714192,,,4.29537,0.364691,0.230027,999,2.00587,-0.938513,0.841407,2.00587,0.938513,3.87812,147.7,3.8868421052631574,144,3.789473684210526,,,,,,,,,,,,,,,,,,,"Ricky Tiedemann","sa3018096",694357
"Justin Wilson",,1.7581,1.6415,0,3.7682,44.6724,0,0.0802973,6.67047,2.15216,43.0901,181.629,38.769,19.6101,18.0413,4.98322,15.7356,1.23577,1.73188,46.2418,9.65827,3.2866,2.93868,1.04082,0.254595,0.0866359,0.16795924305915833,0.236164,1.2649,0.299158,0.734186,,,3.70837,0.363072,0.252943,999,2.78163,-1.25237,1.01074,2.78163,1.25237,3.65235,221.29999999999998,5.1465116279069765,216,5.023255813953488,,,,,,,,,,,,,,,,,,,"Justin Wilson","4301",458677
"Erik Miller","SFG",3.07172,2.72555,0,3.55359,60.4356,0.397645,1.65405,11.5706,2.44728,60.7141,262.72,50.6845,26.0571,23.9726,5.39441,32.35,2.73191,2.74963,65.1741,9.66114,4.79543,2.01466,0.799645,0.248074,0.123135,0.1249394491314888,0.222671,1.36763,0.288376,0.754844,,,3.8776,0.362491,0.603697,744.760009765625,2.25504,-0.247947,0.806582,2.25504,0.247947,3.92456,340.30000000000007,5.578688524590165,323,5.295081967213115,,,,,,,,,,,,,,,,,,,"Erik Miller","26252",669062
"Kyle Harrison","BOS",2.45477,2.31522,1.00977,4.13936,34.8761,2.89384,0,3.49107,0,52.4888,223.953,47.9607,26.2403,24.1411,6.63695,20.6752,0.720335,2.57457,53.5632,9.18423,3.54508,2.5907,1.13801,0.239172,0.0923195,0.14685238897800446,0.238964,1.30763,0.294113,0.714402,,,4.06683,0.362432,0.355994,619.8800048828125,2.29084,-0.136422,0.735885,2.29084,0.136422,4.01882,221.90000000000003,4.267307692307693,217,4.173076923076923,,,,,,,,,,,,,,,,,,,"Kyle Harrison","27758",690986
"Brad Keller","PHI",3.88927,3.90432,0.309175,3.80442,57.7302,0.422804,5.07224,17.6997,2.54878,65.6847,278.505,59.6763,30.1802,27.7658,7.26289,24.3589,0.676791,3.32715,60.8183,8.3332,3.3376,2.49676,0.995147,0.218374,0.087463,0.1309112012386322,0.237926,1.27937,0.286823,0.729079,,,3.98524,0.361719,0.544858,535.3800048828125,2.28282,0.770137,0.768041,2.28282,-0.770137,3.97595,384.30000000000007,5.822727272727274,377,5.712121212121212,,,,,,,,,,,,,,,,,,,"Brad Keller","15734",641745
"Luke Weaver","NYM",3.98802,4.165,0.135738,3.92015,61.142,0.217471,5.14439,18.405,1.81531,68.6149,283.699,60.1403,32.4856,29.8867,9.80995,21.5015,1.20898,2.53625,73.7575,9.67454,2.82028,3.43034,1.28674,0.259985,0.0757899,0.184195414185524,0.231611,1.18986,0.285816,0.723866,,,3.89485,0.361639,0.415594,449.5299987792969,1.52125,-1.08899,0.712973,1.52125,1.08899,4.04937,401.6,5.820289855072464,385,5.579710144927536,,,,,,,,,,,,,,,,,,,"Luke Weaver","16918",596133
"Tobias Myers","NYM",2.53101,2.38866,0.800113,4.02355,33.8418,3.69248,0,1.86595,0,54.6758,231.2,54.075,26.5689,24.4434,7.34227,16.0062,0.298293,2.0125,46.3897,7.63605,2.63472,2.89824,1.20859,0.200647,0.0692308,0.13141649216413498,0.253657,1.28176,0.293088,0.727605,,,4.17264,0.361504,0.39792,613.2899780273438,2.2551,-0.330899,0.831971,2.2551,0.330899,3.89071,226.49999999999997,4.118181818181817,230,4.181818181818182,,,,,,,,,,,,,,,,,,,"Tobias Myers","22191",668964
"Yimi García","TOR",2.46681,2.77686,0,3.80556,56.2912,0,4.94936,10.0015,5.18305,57.4401,238.962,47.9775,26.3999,24.2879,7.20652,20.8404,1.82281,2.99309,62.963,9.86536,3.26537,3.0212,1.12915,0.263486,0.0872122,0.17627360671758652,0.223018,1.19808,0.28126,0.722269,,,3.81862,0.360122,0.332532,646.260009765625,1.9093,-0.744056,0.953547,1.9093,0.744056,3.7286,329.8999999999999,5.787719298245612,313,5.491228070175438,,,,,,,,,,,,,,,,,,,"Yimi Garcia","12095",554340
"Jovani Morán","BOS",2.33652,1.5971,0,3.88911,49.2737,0,0.0253975,6.23192,0.0974138,52.1657,223.087,46.9318,24.5022,22.542,5.13894,22.4396,0.941805,1.91349,54.6151,9.4226,3.87144,2.43387,0.886607,0.244815,0.100587,0.14422868192195892,0.236154,1.32983,0.300712,0.721638,,,3.7224,0.358131,0.289541,999,2.27789,-0.692935,0.796996,2.27789,0.692935,3.93734,263.1,5.059615384615385,257,4.9423076923076925,,,,,,,,,,,,,,,,,,,"Jovani Moran","20422",663558
"Luis Garcia",,2.34885,1.76578,0.246238,4.10772,37.229,2.05843,0.490024,6.23169,1.3651,52.1022,222.351,49.6158,25.848,23.7801,6.78812,18.4145,0.224206,2.70295,48.0338,8.29724,3.18088,2.60848,1.17256,0.216027,0.0828175,0.13320989161729813,0.246559,1.30571,0.292516,0.720734,,,4.20093,0.351443,0.235329,999,2.60624,0.175269,0.806086,2.60624,-0.175269,3.92522,225.70000000000005,4.340384615384616,226,4.346153846153846,,,,,,,,,,,,,,,,,,,"Luis Garcia","23735",677651
"Martín Pérez","ATL",2.33198,2.74524,2.67495,4.56346,8.63181,8.35888,0,0.0811671,0,45.7795,198.52,46.9674,25.231,23.2126,6.20134,16.6888,0.223618,1.64514,34.9744,6.87578,3.28092,2.09569,1.21915,0.176176,0.084066,0.09211006760597229,0.260661,1.39049,0.29326,0.698965,,,4.56963,0.351437,0.391377,745.2899780273438,1.0616,0.885172,0.770538,1.0616,-0.885172,3.97262,157.40000000000003,3.4217391304347835,165,3.5869565217391304,,,,,,,,,,,,,,,,,,,"Martin Perez","6902",527048
"Matt Gage","SFG",1.961,1.87474,0,3.95278,51.0449,0.260114,0.0406421,5.02734,1.02698,53.4599,227.928,52.4157,25.5212,23.4795,5.51265,17.7569,1.41668,2.18733,45.9083,7.72869,2.98938,2.58538,0.928057,0.201416,0.0779056,0.12350998818874359,0.252018,1.31262,0.299579,0.714939,,,3.87738,0.350257,0.173285,999,2.06787,-1.20304,0.881389,2.06787,1.20304,3.82481,235.20000000000005,4.437735849056605,239,4.509433962264151,,,,,,,,,,,,,,,,,,,"Matt Gage","17381",657424
"Danny Coulombe",,1.61724,1.17817,0,3.67839,44.3879,0.107586,0.536242,4.26782,0.83237,43.3751,181.001,38.0005,19.2694,17.7279,5.00806,15.5483,0.547201,1.23004,43.0351,8.92944,3.22614,2.76784,1.03913,0.237762,0.0859018,0.15186044573783875,0.231397,1.23455,0.28398,0.736597,,,3.81224,0.349412,0.35601,999,0.961058,0.820116,1.0962,0.961058,-0.820116,3.5384,213.89999999999998,4.974418604651162,206,4.790697674418604,,,,,,,,,,,,,,,,,,,"Danny Coulombe","13293",543056
"Justin Wrobleski","LAD",2.60904,2.46011,0.812837,4.22,29.7823,2.91464,0.223724,2.80844,0,50.4069,213.128,47.704,25.6905,23.6353,6.42819,16.8628,0.81307,1.87669,46.7125,8.34037,3.0108,2.77015,1.14773,0.219176,0.0791207,0.14005538076162338,0.245406,1.28091,0.292223,0.699625,,,4.05485,0.346797,0.191642,617.3499755859375,1.67821,-0.691459,0.794932,1.67821,0.691459,3.94009,220.39999999999998,4.4079999999999995,221,4.42,,,,,,,,,,,,,,,,,,,"Justin Wrobleski","31204",680736
"Caleb Ferguson","CIN",2.39966,2.57634,0,4.13584,56.1528,0.0588279,0.229481,8.88564,2.62853,55.9103,240.639,52.6638,27.927,25.6929,5.92905,21.5252,1.35224,3.75129,52.7838,8.49673,3.46496,2.45219,0.954413,0.219348,0.0894502,0.1298983097076416,0.244535,1.32693,0.298339,0.702127,,,3.98184,0.343967,0.294184,999,2.36748,-1.19319,0.720666,2.36748,1.19319,4.03911,266.80000000000007,4.764285714285715,266,4.75,,,,,,,,,,,,,,,,,,,"Caleb Ferguson","19349",657571
"Jack Dreyer","LAD",1.77431,1.27737,0,3.86343,39.7345,0.249512,0.333769,3.36065,0.882226,42.2602,175.59,37.0435,19.7185,18.141,5.00559,14.3908,1.47134,1.17821,41.3165,8.79901,3.06476,2.87103,1.06602,0.235301,0.081957,0.15334420651197433,0.231492,1.21709,0.281779,0.713894,,,3.82483,0.343024,0.199277,735.0900268554688,2.36084,1.52676,1.06913,2.36084,-1.52676,3.57449,202.10000000000002,4.811904761904763,194,4.619047619047619,,,,,,,,,,,,,,,,,,,"Jack Dreyer","30249",676263
"Erik Sabrowski","CLE",2.30812,2.47844,0,3.74539,58.8627,0,1.40256,14.718,0.323886,60.3929,259.78,47.3644,27.3182,25.1328,6.37127,33.4903,0.80338,3.18188,72.3247,10.7781,4.99086,2.15957,0.949472,0.278407,0.128918,0.14948934316635132,0.212294,1.33881,0.283863,0.744235,,,3.93314,0.342465,0.372007,745.9099731445312,1.80035,0.783868,0.760647,1.80035,-0.783868,3.9858,349,5.816666666666666,323,5.383333333333334,,,,,,,,,,,,,,,,,,,"Erik Sabrowski","24978",681870
"Eduard Bazardo","SEA",3.00856,2.27343,0,3.73849,60.8815,0,0.647132,9.67895,0.393813,64.9969,268.597,55.4415,29.3466,26.9989,8.02234,21.4445,1.14033,2.56985,65.7274,9.10116,2.96938,3.06501,1.11084,0.244707,0.0798389,0.16486789286136627,0.226678,1.18292,0.277577,0.724082,,,3.82561,0.340165,0.255641,748.8499755859375,1.31416,-1.74962,0.854431,1.31416,1.74962,3.86076,344.6,5.3015384615384615,326,5.015384615384615,,,,,,,,,,,,,,,,,,,"Eduard Bazardo","20997",660825
"Justin Martinez","ARI",1.29066,1.81491,0,3.37102,26.0468,0,2.68662,1.91516,0.663148,27.6244,118.487,21.3703,11.2466,10.3469,1.83348,14.8218,1.15812,1.90756,33.3831,10.8762,4.82893,2.2523,0.597345,0.281746,0.125093,0.15665297210216522,0.210013,1.31015,0.293607,0.741867,,,3.39784,0.339716,0.399452,747.1199951171875,2.54067,-0.20112,1.24244,2.54067,0.20112,3.34341,166.00000000000006,5.928571428571431,152,5.428571428571429,,,,,,,,,,,,,,,,,,,"Justin Martinez","24453",679885
"John Schreiber","KCR",2.59923,2.54885,0,4.06566,64.5178,0,0.535223,14.8126,3.08029,63.5335,270.507,59.8493,31.1963,28.7006,7.29802,22.7668,1.16898,3.00826,58.0699,8.22604,3.22509,2.55064,1.03382,0.214671,0.0841636,0.13050710409879684,0.24455,1.30035,0.292987,0.710229,,,4.0175,0.337466,0.249872,999,1.30862,-0.634037,0.687645,1.30862,0.634037,4.08314,334.5,5.2265625,332,5.1875,,,,,,,,,,,,,,,,,,,"John Schreiber","20020",670167
"Taylor Rogers","MIN",2.41499,2.59271,0,4.03473,57.7671,0,10.6678,5.86169,0.617182,58.7495,252.347,53.3202,28.6278,26.3376,7.04626,24.7491,1.47116,3.25784,60.3314,9.24233,3.79139,2.43772,1.07944,0.239081,0.0980757,0.14100519567728043,0.237676,1.32885,0.294809,0.724901,,,4.07063,0.336008,0.167244,504.8800048828125,3.11583,-0.17243,1.0839,3.11583,0.17243,3.55479,327.7,5.554237288135593,319,5.406779661016949,,,,,,,,,,,,,,,,,,,"Taylor Rogers","13449",573124
"Christian Scott","NYM",1.56193,1.64267,1.35854,4.0165,22.7975,2.76963,0,0.646544,0,35.037,145.129,31.8836,16.9959,15.6363,4.69291,9.69848,0.448297,1.58937,33.4004,8.57958,2.49126,3.44388,1.20547,0.230142,0.0668265,0.16331559419631958,0.23822,1.1868,0.283982,0.702221,,,3.93631,0.334606,0.281879,529.8200073242188,2.26784,0.0664163,1.15216,2.26784,-0.0664163,3.46378,148.3,4.2371428571428575,144,4.114285714285714,,,,,,,,,,,,,,,,,,,"Christian Scott","30107",681035
"Tyler Kinley","ATL",3.27672,2.72366,0,4.15804,60.0019,0,1.76939,9.00018,2.45607,60.8491,256.876,53.1403,30.5571,28.1125,7.79372,24.6813,1.59559,2.47265,64.3317,9.51509,3.65054,2.60649,1.15274,0.250438,0.0960826,0.15435589104890823,0.231324,1.27893,0.287738,0.706385,,,4.0245,0.332385,0.138905,736.7899780273438,1.83072,-1.01021,0.60967,1.83072,1.01021,4.18711,308.2000000000001,5.052459016393445,294,4.819672131147541,,,,,,,,,,,,,,,,,,,"Tyler Kinley","18297",641755
"Ryan Bergert","KCR",2.12394,2.46989,2.30001,4.54946,24.7456,9.00491,0,1.00695,0,62.9878,271.888,60.6241,34.6088,31.8401,8.68138,25.6894,0.876612,2.28007,53.7834,7.68483,3.67062,2.09361,1.24044,0.197815,0.0944851,0.10332944989204407,0.248542,1.37032,0.286258,0.697209,,,4.55127,0.329053,0.255339,571.969970703125,1.57941,0.227359,0.560632,1.57941,-0.227359,4.25249,224.90000000000006,3.569841269841271,226,3.5873015873015874,,,,,,,,,,,,,,,,,,,"Ryan Bergert","29863",686701
"Mark Leiter Jr.","ATH",3.60138,3.54685,0,4.16365,64.2741,0,5.2807,11.0647,3.67923,65.1872,279.455,60.6156,32.7798,30.1574,8.75977,24.8581,1.07147,4.25996,69.5696,9.60506,3.43201,2.79867,1.20941,0.248948,0.0889522,0.15999550372362137,0.242136,1.3112,0.301475,0.719764,,,4.08765,0.328836,0.0985767,551.5599975585938,3.37848,-1.69945,0.634032,3.37848,1.69945,4.15462,333.70000000000005,5.133846153846155,330,5.076923076923077,,,,,,,,,,,,,,,,,,,"Mark Leiter Jr.","15551",643410
"Spencer Turnbull",,2.24051,3.35664,2.46033,4.88007,9.40542,8.6812,0,0,0,46.6296,206.172,48.2159,27.4826,25.284,6.37499,19.5333,0.286906,2.73029,35.7562,6.90132,3.77013,1.83053,1.23044,0.173429,0.0947429,0.07868633419275284,0.262174,1.45292,0.295118,0.684525,,,4.81118,0.325341,0.230057,999,1.16019,0.472397,0.672816,1.16019,-0.472397,4.10291,152.2,3.2382978723404254,160,3.404255319148936,,,,,,,,,,,,,,,,,,,"Spencer Turnbull","16207",605513
"Hoby Milner","CHC",2.58577,2.25425,0,3.89819,59.9176,0,0.032399,11.758,1.63041,61.4843,259.567,60.0419,28.9466,26.6309,6.58264,17.9825,1.53924,2.62349,51.7953,7.58174,2.63226,2.88032,0.96356,0.199545,0.0692788,0.1302661970257759,0.251262,1.26901,0.296037,0.71325,,,3.84754,0.323626,0.294307,999,1.92713,-1.72097,0.819908,1.92713,1.72097,3.90679,298.30000000000007,4.890163934426231,303,4.967213114754099,,,,,,,,,,,,,,,,,,,"Hoby Milner","13346",571948
"Kenley Jansen","DET",3.79434,3.36077,0,3.96213,56.8444,0,23.6385,2.78681,3.21098,58.7599,243.327,49.7286,28.1177,25.8683,7.86894,20.5537,1.42395,2.05334,59.4751,9.10954,3.14812,2.89364,1.20525,0.244424,0.0844695,0.15995491296052933,0.225302,1.19609,0.272922,0.71145,,,4.00592,0.323445,0.255489,107.91000366210938,2.3915,0.896914,1.71156,2.3915,-0.896914,2.71792,389.20000000000005,6.596610169491526,372,6.305084745762712,,,,,,,,,,,,,,,,,,,"Kenley Jansen","3096",445276
"Ryan Gusto","MIA",3.43394,3.65454,1.39884,4.74204,30.8534,5.90499,0,1.11059,0,58.9121,254.217,59.7538,33.7396,31.0404,8.86116,20.4968,0.330254,2.53235,50.6909,7.74404,3.1313,2.47311,1.35372,0.1994,0.0806272,0.11877253651618958,0.258464,1.36221,0.296515,0.685548,,,4.54233,0.323197,0.0828275,999,2.13198,-0.616228,0.483135,2.13198,0.616228,4.35582,206.90000000000003,3.50677966101695,215,3.6440677966101696,,,,,,,,,,,,,,,,,,,"Ryan Gusto","26440",687473
"Clarke Schmidt","NYY",1.54604,1.47791,0.975133,3.90041,12.8037,3.27956,0,0.704486,0,27.8962,116.867,24.6587,13.1409,12.0896,3.59251,9.57447,0.31337,1.45611,27.4792,8.86547,3.08896,2.87005,1.15903,0.235132,0.081926,0.15320611745119095,0.232988,1.22716,0.281765,0.722247,,,4.02543,0.32146,0.335473,746.1500244140625,1.24097,-0.515907,1.19549,1.24097,0.515907,3.40601,118.00000000000006,4.214285714285716,113,4.035714285714286,,,,,,,,,,,,,,,,,,,"Clarke Schmidt","19899",657376
"Joe Jiménez","ATL",1.61981,1.70046,0,3.79923,38.1073,0,0.0198905,3.91666,1.4713,39.508,163.869,33.6642,18.128,16.6778,4.77686,13.3645,0.571962,1.87156,44.4532,10.1265,3.04445,3.32623,1.08818,0.271274,0.0815559,0.18971776217222214,0.226493,1.19036,0.29061,0.716407,,,3.61354,0.316575,0.32773,999,2.25007,1.70557,1.09785,2.25007,-1.70557,3.5362,205.1,5.1274999999999995,194,4.85,,,,,,,,,,,,,,,,,,,"Joe Jimenez","15761",641729
"McCade Brown","COL",3.16486,5.90715,4.08294,5.3897,16.1391,15.9527,0,0.134162,0,78.6964,349.573,80.3341,51.2258,47.1278,13.8332,34.9706,0.433292,5.26159,69.9286,7.99728,3.99936,1.99964,1.58201,0.20004,0.100038,0.10000186413526535,0.259695,1.46518,0.294801,0.667918,,,5.17679,0.315261,0.484608,999,2.23977,0.0101819,0.688898,2.23977,-0.0101819,4.08147,224.40000000000003,2.8405063291139245,233,2.949367088607595,,,,,,,,,,,,,,,,,,,"McCade Brown","30004",685326
"A.J. Puk","ARI",1.57232,1.41689,0,3.54621,28.9434,0.0540871,2.08451,2.22383,1.39693,30.8406,127.707,26.261,13.2086,12.1519,3.71486,10.0559,0.571855,1.64436,35.0121,10.2173,2.93454,3.48174,1.08408,0.274158,0.0787417,0.19541674852371216,0.226374,1.17757,0.291745,0.742646,,,3.56865,0.313813,0.358117,630.260009765625,2.79493,-0.266703,1.24004,2.79493,0.266703,3.34662,164.6,5.309677419354839,155,5,,,,,,,,,,,,,,,,,,,"A.J. Puk","19343",640462
"Alek Manoah","LAA",4.00875,6.0145,5.91501,4.82504,17.411,17.411,0,0,0,94.8094,418.208,92.3257,55.2488,50.8289,15.2834,42.9253,0.486598,7.06198,80.3603,7.62838,4.07478,1.87209,1.45081,0.192154,0.102641,0.08951262384653091,0.250734,1.42656,0.282644,0.702672,,,5.11727,0.307492,0.415815,641.9400024414062,2.76574,-1.08272,0.589144,2.76574,1.08272,4.21447,289.3,3.045263157894737,290,3.0526315789473686,,,,,,,,,,,,,,,,,,,"Alek Manoah","26410",666201
"Robert Stephenson","LAA",2.54284,2.51324,0,4.01446,56.6866,0,9.66031,7.39621,3.76143,58.2684,241.125,50.6066,28.2507,25.9907,8.73007,18.8715,2.22428,2.51642,63.5129,9.81006,2.91485,3.36554,1.34843,0.263402,0.0782644,0.18513783067464828,0.230305,1.19238,0.28392,0.720053,,,4.00403,0.307097,0.22855,344.760009765625,2.25418,-0.588799,1.07247,2.25418,0.588799,3.57004,325.9000000000001,5.618965517241381,313,5.396551724137931,,,,,,,,,,,,,,,,,,,"Robert Stephenson","13594",596112
"Tony Santillan","CIN",3.48767,3.36832,0,4.14852,66.9801,0.000455073,5.27983,16.7434,2.86491,68.0465,292.955,60.6335,34.0933,31.3658,9.15718,30.1987,2.01513,4.10744,70.9413,9.38288,3.99415,2.34915,1.21115,0.242158,0.103083,0.1390748918056488,0.234424,1.33485,0.288301,0.727308,,,4.31196,0.304814,0.357231,461.760009765625,2.34938,1.68701,0.631898,2.34938,-1.68701,4.15747,366.9,5.395588235294118,356,5.235294117647059,,,,,,,,,,,,,,,,,,,"Tony Santillan","19926",663574
"Kohl Drake","ARI",2.5988,2.95983,2.46861,4.33838,15.2857,6.3237,0,0.7819,0,43.9327,189.631,42.9278,23.0189,21.1774,5.65106,17.088,0.556623,1.77062,39.5528,8.10274,3.50062,2.31466,1.15767,0.208578,0.0901119,0.11846646666526794,0.251375,1.36608,0.296864,0.710053,,,4.2945,0.303022,0.385987,999,2.82739,-1.20683,0.783777,2.82739,1.20683,3.95496,167,3.7954545454545454,169,3.840909090909091,,,,,,,,,,,,,,,,,,,"Kohl Drake","sa3021723",684442
"Yennier Cano","BAL",2.90759,3.19908,0,3.83539,51.5519,0,1.3758,11.5841,3.41676,51.5572,219.436,48.7189,23.8819,21.9713,5.38933,18.5007,0.922418,2.18493,47.6517,8.31825,3.22955,2.57567,0.940779,0.217156,0.0843103,0.13284526020288467,0.245126,1.30379,0.29737,0.726234,,,3.84919,0.301497,0.252727,999,2.4037,-3.73837,0.855856,2.4037,3.73837,3.85886,281.9,5.421153846153846,281,5.403846153846154,,,,,,,,,,,,,,,,,,,"Yennier Cano","25911",666974
"Jakob Junis","TEX",2.83797,2.11338,0.227891,4.01117,55.6922,0.311645,1.96859,7.80138,1.35297,64.3686,268.319,61.6023,31.1828,28.6882,8.59128,16.4178,1.26462,2.98659,55.6534,7.78145,2.29553,3.38982,1.20123,0.207415,0.0611876,0.14622725173830986,0.247483,1.21208,0.287058,0.709739,,,4.04541,0.298888,0.158797,748.2899780273438,1.49074,1.56561,0.833424,1.49074,-1.56561,3.88877,298.70000000000005,4.667187500000001,300,4.6875,,,,,,,,,,,,,,,,,,,"Jakob Junis","13619",596001
"Riley O'Brien","STL",2.78947,2.60003,0,3.75961,61.0526,0,15.6079,13.1495,5.08346,64.1805,278.203,56.796,29.1417,26.8104,5.75637,29.152,1.5289,5.19248,64.7146,9.0749,4.08797,2.2199,0.807214,0.232616,0.104787,0.12782955169677734,0.232905,1.33916,0.294367,0.729323,,,3.88984,0.298371,0.455598,228.17999267578125,2.52572,-0.988707,1.32784,2.52572,0.988707,3.22954,411.59999999999997,6.4312499999999995,402,6.28125,,,,,,,,,,,,,,,,,,,"Riley O'Brien","20348",676617
"Pierson Ohl","COL",2.11694,3.11967,1.17644,4.80984,27.2021,4.59463,0,2.59847,0.498368,53.0041,226.224,58.3766,30.79,28.3268,8.88339,12.139,0.292588,1.46621,40.8593,6.93783,2.06117,3.36596,1.50838,0.180615,0.0536591,0.12695550546050072,0.27456,1.33038,0.303871,0.683993,,,4.54221,0.297204,0.357184,999,3.29037,-1.10117,0.713955,3.29037,1.10117,4.04806,185.70000000000005,3.503773584905661,203,3.830188679245283,,,,,,,,,,,,,,,,,,,"Pierson Ohl","30179",701487
"Carlos Estévez","KCR",3.74386,4.29508,0,4.13461,63.5339,0,31.8672,2.1423,5.42099,65.9979,278.506,60.3174,32.956,30.3195,8.55553,23.0411,2.67083,3.09376,59.4351,8.10504,3.14207,2.57952,1.1667,0.213407,0.0827312,0.1306755468249321,0.239003,1.26305,0.280734,0.706108,,,4.20724,0.294605,0.152019,77.5,2.38934,1.1025,2.21982,2.38934,-1.1025,2.04024,429.70000000000005,6.510606060606062,421,6.378787878787879,,,,,,,,,,,,,,,,,,,"Carlos Estevez","14542",608032
"Keider Montero","DET",3.87166,3.98787,2.64164,4.45435,36.2947,5.98052,0,1.8368,0,69.0738,296.17,68.6174,37.1593,34.1866,10.1425,23.5234,0.714204,3.02395,58.3879,7.60767,3.06499,2.48212,1.32152,0.197143,0.0794254,0.11771803349256516,0.254495,1.33395,0.290787,0.705421,,,4.5064,0.294178,0.20687,746.260009765625,2.42985,-0.593222,0.409516,2.42985,0.593222,4.45398,251.20000000000002,3.640579710144928,258,3.739130434782609,,,,,,,,,,,,,,,,,,,"Keider Montero","22630",672456
"Eric Lauer","TOR",3.4299,3.22401,1.1177,4.20313,36.5152,2.88555,0,2.19577,0,55.6241,234.262,52.4477,28.2362,25.9773,8.78064,18.0792,0.600906,1.86917,53.5474,8.66399,2.92522,2.96183,1.42071,0.228579,0.077175,0.1514040231704712,0.244724,1.26792,0.28731,0.72622,,,4.33783,0.293259,0.242335,602.469970703125,1.72761,0.0916039,0.672092,1.72761,-0.0916039,4.10388,224.5000000000001,4.008928571428574,219,3.9107142857142856,,,,,,,,,,,,,,,,,,,"Eric Lauer","19316",641778
"Juan Mejia","COL",2.38665,2.86426,0,4.56215,62.0992,0,2.39922,11.8572,2.83951,65.6832,288.012,62.7222,36.1905,33.2952,8.10974,29.9097,1.63004,4.78445,66.9288,9.17067,4.09827,2.23769,1.11121,0.232382,0.103849,0.12853289395570755,0.247603,1.41028,0.306331,0.694423,,,4.2869,0.292722,0.326776,725.6199951171875,2.11366,-2.09326,0.557905,2.11366,2.09326,4.25613,313.2000000000001,4.745454545454547,313,4.742424242424242,,,,,,,,,,,,,,,,,,,"Juan Mejia","23237",675848
"Seranthony Domínguez","CHW",3.56874,4.02104,0,3.91832,61.6562,0,21.296,6.08239,5.6745,62.2672,264.886,51.9621,29.4665,27.1092,7.74823,28.8891,1.15062,2.83675,67.6308,9.77524,4.17558,2.34105,1.11992,0.255321,0.109063,0.14625823497772217,0.222861,1.29846,0.280224,0.734028,,,4.10905,0.290687,0.347992,332.8800048828125,1.86533,-1.41108,1.55099,1.86533,1.41108,2.93201,394.2,6.358064516129032,375,6.048387096774194,,,,,,,,,,,,,,,,,,,"Seranthony Dominguez","19249",622554
"Brenan Hanifee","DET",2.09528,2.26359,0,3.91223,50.1513,0.0869754,0.0280755,8.0178,0.990696,55.5425,236.176,56.7727,26.2434,24.1439,5.34568,15.5241,1.13959,2.25077,41.147,6.66738,2.5155,2.65052,0.866204,0.174222,0.0657311,0.10849052667617798,0.259946,1.30165,0.299153,0.71056,,,3.86475,0.287895,0.302169,999,1.33028,-0.576076,0.920301,1.33028,0.576076,3.77293,264.70000000000005,4.7267857142857155,275,4.910714285714286,,,,,,,,,,,,,,,,,,,"Brenan Hanifee","22304",669724
"Cristian Mena","ARI",1.65453,1.53092,1.38858,4.09461,16.2821,3.3269,0,0.659959,1.93185,32.1519,137.167,30.4188,15.8997,14.6277,3.90155,12.2829,0.169894,0.903047,29.3742,8.22247,3.43826,2.39146,1.09213,0.21415,0.0895474,0.12460213154554367,0.245351,1.32812,0.292346,0.71972,,,4.11578,0.287596,0.279185,745.2899780273438,1.72606,-1.06892,1.06901,1.72606,1.06892,3.57465,132.60000000000002,4.143750000000001,131,4.09375,,,,,,,,,,,,,,,,,,,"Cristian Mena","27974",691441
"José Urquidy","PIT",3.95255,4.85182,3.52593,4.90484,24.1593,14.4077,0,0.575604,0,87.7042,378.576,90.6245,51.9535,47.7972,13.7725,29.5541,0.360136,3.17821,67.2051,6.89643,3.03277,2.27397,1.4133,0.177521,0.0780665,0.09945427626371384,0.262039,1.37027,0.290154,0.676184,,,4.76367,0.286683,0.320383,747.8499755859375,1.85055,0.0984987,0.45831,1.85055,-0.0984987,4.38892,281.4,3.1977272727272723,297,3.375,,,,,,,,,,,,,,,,,,,"Jose Urquidy","18413",664353
"Pierce Johnson","CIN",3.25292,3.66138,0,4.18095,58.189,0,1.12108,10.6488,2.78258,59.3372,252.372,54.5249,29.962,27.5651,8.68908,23.0442,1.39163,2.13143,64.0582,9.71606,3.49523,2.7798,1.31792,0.253825,0.0913103,0.16251450777053833,0.23999,1.30726,0.29677,0.727887,,,4.15251,0.282692,0.26131,745.5900268554688,1.66627,0.807992,0.569048,1.66627,-0.807992,4.24127,284.90000000000003,4.828813559322034,280,4.745762711864407,,,,,,,,,,,,,,,,,,,"Pierce Johnson","13435",572955
"Drew Thorpe","CHW",3.38887,4.12965,3.99107,4.78599,11.227,11.2077,0,0,0,59.1075,253.856,58.2377,34.1652,31.432,9.33526,21.9233,0.373239,1.69193,44.2842,6.74293,3.33815,2.01996,1.42143,0.174446,0.0863613,0.08808497339487076,0.252943,1.35619,0.276878,0.685567,,,4.88848,0.278799,0.278868,740,2.07984,0.0195159,0.549437,2.07984,-0.0195159,4.26742,191.10000000000002,3.238983050847458,194,3.288135593220339,,,,,,,,,,,,,,,,,,,"Drew Thorpe","31967",689672
"Anthony Bender","MIA",3.03496,3.01477,0,3.8843,62.4563,0,1.50048,14.8393,3.57832,63.1266,268.462,57.6944,29.6139,27.2448,6.51732,23.7964,1.55952,3.27284,58.8174,8.38563,3.39267,2.47169,0.929178,0.21909,0.0886398,0.1304503232240677,0.239006,1.29091,0.290683,0.716863,,,3.90024,0.277975,0.37436,744.1799926757812,1.16277,-0.758771,0.731086,1.16277,0.758771,4.02522,336.3,5.338095238095239,331,5.253968253968254,,,,,,,,,,,,,,,,,,,"Anthony Bender","19742",669622
"Coleman Crow","MIL",1.61763,1.38559,1.01715,3.86374,17.1726,1.80469,0,0.778359,0,25.1677,104.843,22.5228,11.7441,10.8046,3.02362,7.89098,0.478443,1.19148,25.2754,9.03851,2.82183,3.20307,1.08125,0.241078,0.0752646,0.16581321507692337,0.235199,1.20845,0.28904,0.713108,,,3.77102,0.277541,0.213308,999,1.31611,-0.179444,1.22656,1.31611,0.179444,3.36459,115.3,4.612,113,4.52,,,,,,,,,,,,,,,,,,,"Coleman Crow","sa3015142",689441
"Kyle Hurt","LAD",1.29004,1.34517,1.04791,4.16176,14.0385,3.62859,0,1.38544,0,30.2178,129.813,27.3432,15.1883,13.9733,3.76848,13.1663,0.340745,1.36987,30.3486,9.03896,3.92142,2.30502,1.12239,0.233787,0.101425,0.13236196339130402,0.237196,1.34058,0.290473,0.718665,,,4.19085,0.271254,0.269101,999,2.08027,-0.901222,1.08279,2.08027,0.901222,3.55628,124.60000000000001,4.153333333333333,120,4,,,,,,,,,,,,,,,,,,,"Kyle Hurt","27514",669165
"Dietrich Enns","BAL",2.55186,2.26687,0.358934,4.17686,46.5492,0.49085,0.435895,8.24983,0,58.7784,251.262,58.6187,29.6509,27.2788,7.86403,19.3437,2.36036,2.25447,54.2911,8.31292,2.96186,2.80666,1.20412,0.216074,0.0769862,0.13908758759498596,0.255237,1.32638,0.302998,0.721577,,,4.12946,0.270747,-0.00355332,749.260009765625,2.189,0.100197,0.676807,2.189,-0.100197,4.09759,261.80000000000007,4.437288135593222,268,4.5423728813559325,,,,,,,,,,,,,,,,,,,"Dietrich Enns","13932",608650
"Victor Vodnik","COL",3.64937,3.51059,0,4.36661,60.5081,0,16.1381,6.13696,4.15669,64.7213,286.117,64.0778,34.1319,31.4014,6.83764,31.4962,1.557,2.20244,61.9946,8.62084,4.3798,1.96832,0.950827,0.216676,0.110082,0.10659424215555191,0.253856,1.4767,0.311789,0.714432,,,4.15483,0.267276,0.452601,353.32000732421875,2.53622,-2.04475,1.37641,2.53622,2.04475,3.16479,357.5,5.5,363,5.584615384615384,,,,,,,,,,,,,,,,,,,"Victor Vodnik","24614",680767
"Jordan Leasure","CHW",3.36652,4.60615,0,4.08631,63.5302,0.111868,6.57496,15.0347,4.71763,64.4197,271.977,54.0793,31.7921,29.2488,9.67197,27.3677,1.20377,2.4476,72.1248,10.0765,3.82351,2.6354,1.35126,0.265187,0.100625,0.16456209123134613,0.223319,1.26432,0.276914,0.731227,,,4.23623,0.264542,0.147413,316.8500061035156,2.78943,-1.18527,0.734393,2.78943,1.18527,4.02081,362.20000000000005,5.659375000000001,342,5.34375,,,,,,,,,,,,,,,,,,,"Jordan Leasure","29950",673929
"Yoendrys Gómez","TBR",3.69836,2.86026,1.73581,4.50795,35.9821,7.99759,0.00631935,0.895911,0,73.4477,316.468,67.8641,39.9878,36.7887,11.0804,30.3044,0.313319,4.5663,69.4862,8.51457,3.71338,2.29294,1.35776,0.219568,0.0957582,0.12380979210138321,0.240997,1.33658,0.282463,0.703891,,,4.62852,0.263421,0.241922,739.6500244140625,1.94154,0.429303,0.301156,1.94154,-0.429303,4.59846,265.1,3.631506849315069,259,3.547945205479452,,,,,,,,,,,,,,,,,,,"Yoendrys Gomez","22872",672782
"Justin Lawrence","PIT",2.62069,2.88986,0,4.04372,54.5912,0,0.745139,11.2118,3.94953,58.5631,255.167,53.2401,28.6006,26.3125,5.39507,27.1563,2.45509,4.35173,56.7051,8.71446,4.17339,2.0881,0.829117,0.222227,0.106426,0.11580179631710052,0.238042,1.37282,0.296147,0.711058,,,4.01026,0.26216,0.275093,703.5599975585938,1.93898,-1.24005,0.679282,1.93898,1.24005,4.09429,307.3,5.208474576271187,300,5.084745762711864,,,,,,,,,,,,,,,,,,,"Justin Lawrence","17639",664875
"Ian Hamilton","ATL",1.63783,1.51197,0,3.90784,45.7185,0.105902,0.0722714,4.9031,0.140387,48.8039,209.63,43.9748,23.0336,21.1909,5.06505,21.4014,0.896037,2.23401,50.0469,9.22921,3.94667,2.33848,0.934052,0.238739,0.102092,0.1366477534174919,0.236431,1.33957,0.297288,0.726474,,,3.88627,0.260282,0.304603,999,1.67768,-1.58045,0.893097,1.67768,1.58045,3.8092,237.70000000000002,4.851020408163266,231,4.714285714285714,,,,,,,,,,,,,,,,,,,"Ian Hamilton","19261",641656
"Mason Montgomery","PIT",2.19729,2.39119,0,4.00145,58.4229,0,1.94825,9.89752,1.8267,60.9618,262.845,56.0671,29.4609,27.104,6.94769,26.854,0.842127,2.52506,65.1823,9.62307,3.96455,2.42728,1.02571,0.247987,0.102167,0.14582066982984543,0.240151,1.36021,0.304454,0.730388,,,3.92403,0.259926,0.382988,660.260009765625,3.87141,-1.11872,0.717307,3.87141,1.11872,4.04359,309.70000000000005,5.07704918032787,304,4.983606557377049,,,,,,,,,,,,,,,,,,,"Mason Montgomery","29770",682254
"Ryan Fernandez","STL",2.87778,2.87722,0,4.17877,55.0839,0,0.261698,7.92004,1.18319,58.41,251.751,52.6936,29.4785,27.1202,6.30842,26.9466,2.14076,2.13713,58.9508,9.08332,4.15202,2.18769,0.972021,0.234163,0.107037,0.1271265223622322,0.236648,1.36347,0.294682,0.708414,,,4.01442,0.253711,0.133593,999,3.33928,-1.98427,0.585976,3.33928,1.98427,4.2187,280.6,4.837931034482759,275,4.741379310344827,,,,,,,,,,,,,,,,,,,"Ryan Fernandez","24862",681676
"Hunter Gaddis","CLE",3.1066,2.81914,0.121291,3.80508,62.9967,0.165868,4.50973,19.2873,2.33175,66.8897,277.887,59.4085,30.7392,28.28,9.24485,20.4559,1.2727,3.37363,64.6655,8.70074,2.75234,3.16122,1.24389,0.232704,0.0736122,0.15909215807914734,0.233839,1.19397,0.278459,0.734071,,,4.06713,0.253385,0.32611,556.8499755859375,1.61474,0.321633,0.8677,1.61474,-0.321633,3.84307,393.69999999999993,5.876119402985074,380,5.6716417910447765,,,,,,,,,,,,,,,,,,,"Hunter Gaddis","25636",683769
"Javier Assad","CHC",3.45815,2.84195,1.61084,4.05598,40.1105,3.5866,0,3.65701,0,62.2333,266.546,59.3905,30.4851,28.0463,7.3254,22.8912,0.636445,3.16601,51.5802,7.45938,3.31046,2.25328,1.05938,0.193513,0.0858806,0.10763229429721832,0.246957,1.32215,0.286728,0.719135,,,4.26381,0.252893,0.466787,715.3800048828125,0.934655,-0.285143,0.648643,0.934655,0.285143,4.13514,261.29999999999995,4.2145161290322575,261,4.209677419354839,,,,,,,,,,,,,,,,,,,"Javier Assad","21741",665871
"Taijuan Walker","PHI",5.27617,6.76703,4.769,5.0713,37.1843,16.1203,0.0252404,1.36705,0.855194,110.217,483.045,117.013,67.505,62.1046,18.2517,40.7595,0.577811,4.54203,76.578,6.25315,3.32831,1.87878,1.49039,0.158532,0.0843803,0.07415153831243515,0.267309,1.43147,0.288005,0.682705,,,5.13139,0.251978,0.000805512,749.1199951171875,1.80325,-0.965592,1.00326,1.80325,0.965592,3.66232,308.40000000000003,2.803636363636364,336,3.0545454545454547,,,,,,,,,,,,,,,,,,,"Taijuan Walker","11836",592836
"Mason Englert","TBR",2.33636,2.02995,0,4.22136,53.741,0.104244,0.256517,8.33895,0.835938,63.3213,267.075,61.7876,32.2828,29.7002,8.78699,18.4825,1.09328,2.53991,57.4697,8.16831,2.62696,3.10941,1.24892,0.215182,0.0692035,0.14597859233617783,0.251115,1.26766,0.294782,0.706024,,,4.11993,0.251653,0.0939739,999,1.45472,-0.682562,0.709582,1.45472,0.682562,4.05389,277.30000000000007,4.401587301587303,281,4.4603174603174605,,,,,,,,,,,,,,,,,,,"Mason Englert","22288",669438
"Quinn Mathews","STL",1.99076,2.85311,3.44236,4.42538,7.98313,7.98313,0,0,0,41.9541,188.344,39.1108,22.423,20.6292,4.6942,25.2154,0.163188,1.9314,36.9386,7.92408,5.40922,1.46492,1.007,0.196123,0.13388,0.06224340200424194,0.242627,1.53325,0.28785,0.725542,,,4.76997,0.251475,0.41526,577,3.09635,-1.53608,0.778133,3.09635,1.53608,3.96249,140.9,3.354761904761905,138,3.2857142857142856,,,,,,,,,,,,,,,,,,,"Quinn Mathews","sa3023407",687273
"Luis García","NYM",2.11055,1.95187,0,3.94314,48.1287,0,0.0520684,9.37936,1.76811,49.8027,212.987,47.3175,23.7173,21.8199,4.86984,18.486,1.70307,2.25724,44.5567,8.05198,3.34065,2.4103,0.880043,0.2092,0.086794,0.1224057748913765,0.246133,1.32128,0.297217,0.713498,,,3.8665,0.251475,0.21767,999,2.16702,-0.628018,0.885209,2.16702,0.628018,3.81972,252.3,5.046,251,5.02,,,,,,,,,,,,,,,,,,,"Luis Garcia","6984",472610
"Jason Foley","SFG",1.23331,1.16279,0,3.60481,26.6635,0,0.427135,1.14001,1.09154,27.32,114.602,26.4664,11.8941,10.9426,2.45032,7.57682,0.680085,1.05752,22.5367,7.42424,2.49603,2.97442,0.807206,0.196652,0.0661143,0.13053756207227707,0.249759,1.24609,0.296566,0.723525,,,3.5994,0.246421,0.216356,999,1.58319,-1.12087,1.29367,1.58319,1.12087,3.27511,130.60000000000002,4.837037037037038,132,4.888888888888889,,,,,,,,,,,,,,,,,,,"Jason Foley","19531",671345
"Mitch Bratt","ARI",1.17289,1.24138,1.47159,4.35471,4.82644,4.57172,0,0,0,24.5908,104.249,25.4364,12.9331,11.8984,3.58534,6.40616,0.183908,0.846931,20.6068,7.54188,2.34459,3.21671,1.3122,0.197669,0.0614507,0.1362186074256897,0.262243,1.2949,0.300137,0.70497,,,4.23941,0.246235,0.283861,999,1.63447,-1.43041,1.19889,1.63447,1.43041,3.40148,91.80000000000001,3.6720000000000006,94,3.76,,,,,,,,,,,,,,,,,,,"Mitch Bratt","sa3017719",683352
"Ben Joyce","LAA",1.5077,1.10909,0,3.67117,32.9304,0,3.51248,5.49091,3.84525,34.869,147.641,28.9016,15.4601,14.2233,3.57809,15.0879,0.274945,2.183,38.2017,9.86021,3.89434,2.53194,0.923538,0.258747,0.102193,0.1565534770488739,0.221689,1.26157,0.285849,0.731895,,,3.76391,0.240515,0.332978,547.1799926757812,2.24461,-0.71038,1.17755,2.24461,0.71038,3.42994,199.4,5.6971428571428575,188,5.371428571428571,,,,,,,,,,,,,,,,,,,"Ben Joyce","31461",690829
"Clayton Beeter","WSN",2.31628,2.85168,0,3.94604,59.2422,0,12.184,9.87302,4.04592,63.1678,271.708,51.9876,30.1042,27.6959,7.07863,33.1493,0.907724,2.65439,71.5235,10.1905,4.72303,2.15762,1.00855,0.263237,0.122003,0.14123336225748062,0.220376,1.34779,0.285495,0.731557,,,4.02778,0.239275,0.332938,334.0299987792969,3.37618,-0.50789,1.12997,3.37618,0.50789,3.49338,380.90000000000003,6.046031746031747,360,5.714285714285714,,,,,,,,,,,,,,,,,,,"Clayton Beeter","27494",690925
"Josh Sborz","TEX",1.76454,2.22943,0,4.16486,39.6214,0,0.0243922,5.01546,1.52081,41.5214,176.439,37.996,20.8854,19.2146,5.01012,16.1988,0.66301,1.41645,42.1869,9.14424,3.51118,2.60432,1.08597,0.239102,0.0918098,0.14729253202676773,0.239234,1.30522,0.295503,0.705998,,,3.94444,0.238618,0.0355072,999,1.71164,-1.37129,0.924596,1.71164,1.37129,3.7672,203.5,4.845238095238095,198,4.714285714285714,,,,,,,,,,,,,,,,,,,"Josh Sborz","18323",622250
"Josh White","MIA",2.66771,2.45028,0,3.99281,41.7938,0,0,3.90002,0,44.6107,189.351,39.5644,21.5123,19.7913,5.31768,18.1454,1.11877,1.82444,46.8985,9.46155,3.66074,2.5846,1.07282,0.24768,0.0958291,0.151850625872612,0.233581,1.29363,0.292293,0.720132,,,3.92513,0.237158,0.209828,999,0.416352,0.509793,0.845704,0.416352,-0.509793,3.8724,217.5,4.833333333333333,210,4.666666666666667,,,,,,,,,,,,,,,,,,,"Josh White","sa3019953",687985
"River Ryan","LAD",1.52005,1.67702,1.33233,4.52403,11.1351,5.59006,0,0.486195,0,34.6751,150.184,33.9986,18.9458,17.4301,4.75355,13.6497,0.330185,1.63107,29.0618,7.54305,3.54281,2.12911,1.23379,0.193508,0.0908866,0.1026211827993393,0.252022,1.37414,0.289303,0.700175,,,4.5631,0.236907,0.228609,584.9400024414062,2.02817,0.337317,0.973359,2.02817,-0.337317,3.70219,119.1,3.4028571428571426,120,3.4285714285714284,,,,,,,,,,,,,,,,,,,"River Ryan","29514",689981
"Keaton Winn","SFG",1.22766,1.68037,0.432403,4.13188,21.0857,1.44814,0,0.851739,0,30.0411,127.809,29.7884,14.9911,13.7918,3.37364,9.1517,0.377533,1.44939,26.4249,7.91664,2.74176,2.88743,1.01071,0.206753,0.0716045,0.13514869660139084,0.25415,1.29623,0.302197,0.699916,,,3.89446,0.232573,0.1291,999,2.02243,-0.848885,1.14999,2.02243,0.848885,3.46668,133.1,4.4366666666666665,137,4.566666666666666,,,,,,,,,,,,,,,,,,,"Keaton Winn","23499",676775
"Jordan Romano","LAA",2.63637,3.30028,0,4.4193,56.0345,0,4.88607,9.12364,3.21315,56.1285,239.006,51.3272,29.9576,27.561,8.43042,21.2412,1.58142,3.09794,59.0298,9.46521,3.40595,2.77902,1.35179,0.246981,0.0888732,0.15810731798410416,0.239102,1.2929,0.291406,0.70123,,,4.28523,0.232333,-0.0817081,621.739990234375,4.11969,-2.23063,0.774398,4.11969,2.23063,3.96747,290.4000000000001,5.185714285714288,283,5.053571428571429,,,,,,,,,,,,,,,,,,,"Jordan Romano","16122",605447
"Jack Perkins","ATH",1.56265,1.40743,0.394245,3.90919,23.2716,0.539139,0.535594,1.06793,0,30.9098,130.862,26.0087,14.5933,13.4258,3.38511,13.1276,0.479821,1.77803,32.2188,9.38115,3.82238,2.45427,0.985642,0.246205,0.100317,0.14588789641857147,0.224298,1.26615,0.281555,0.71352,,,3.92084,0.22971,0.180071,566.6799926757812,2.38395,-2.56387,1.13207,2.38395,2.56387,3.49057,152.89999999999998,4.9322580645161285,144,4.645161290322581,,,,,,,,,,,,,,,,,,,"Jack Perkins","31468",678022
"JT Brubaker","SFG",1.83836,1.94681,0.402516,4.26365,40.2357,0.782187,0,2.88378,0,48.4535,207.738,46.8109,24.9503,22.9543,5.8523,17.3972,0.896998,2.53021,41.3239,7.6757,3.23145,2.37531,1.08704,0.198923,0.083746,0.1151769757270813,0.249245,1.32515,0.291241,0.700845,,,4.2334,0.229699,0.0629562,999,1.71165,-0.737644,0.854761,1.71165,0.737644,3.86032,193.20000000000005,4.025000000000001,196,4.083333333333333,,,,,,,,,,,,,,,,,,,"JT Brubaker","17578",664141
"Josiah Gray","WSN",4.5795,8.0629,5.84219,5.3797,19.2441,19.2441,0,0,0,107.787,472.696,108.511,70.0315,64.429,19.2001,45.5715,0.938048,4.95438,92.2876,7.70585,3.80514,2.02512,1.60317,0.195237,0.0964076,0.09882905334234238,0.257031,1.42951,0.287466,0.660766,,,5.14469,0.22755,-0.149037,717.1500244140625,8.47199,-1.84474,1.21995,8.47199,1.84474,3.37341,313.1,2.899074074074074,324,3,,,,,,,,,,,,,,,,,,,"Josiah Gray","24580",680686
"Tyler Alexander","TEX",3.46753,3.83918,0.366262,4.64543,49.8473,2.28152,0.0269796,5.1854,0.946496,68.7919,290.786,70.1439,38.5952,35.5076,10.6785,18.1997,1.80404,2.25793,56.6097,7.40621,2.38105,3.11048,1.39706,0.194678,0.0625878,0.13209030777215958,0.259477,1.28422,0.292875,0.677829,,,4.39944,0.225548,-0.289578,999,1.7675,0.197822,0.513166,1.7675,-0.197822,4.31578,267.3,3.873913043478261,276,4,,,,,,,,,,,,,,,,,,,"Tyler Alexander","17735",641302
"Andrew Chafin",,1.48145,1.74497,0,3.98196,41.6577,0,0.279838,1.81188,1.73789,41.5746,179.238,36.8032,19.9938,18.3943,4.4922,20.1128,0.684317,1.33982,43.9791,9.52051,4.35398,2.18662,0.972463,0.245367,0.112213,0.13315419107675552,0.233249,1.36901,0.29558,0.7293,,,3.97214,0.223895,0.199266,999,1.74245,-1.30725,0.938562,1.74245,1.30725,3.74858,198.40000000000003,4.723809523809525,191,4.5476190476190474,,,,,,,,,,,,,,,,,,,"Andrew Chafin","12988",605177
"Félix Bautista","BAL",0.967555,0.712565,0,3.20565,13.4235,0,0.0862486,0.596985,0.873559,13.9536,57.4076,9.84571,5.40222,4.97004,1.36226,6.55622,0.209473,0.400658,19.2015,12.3848,4.22872,2.92875,0.878651,0.334476,0.114205,0.22027171403169632,0.195155,1.17546,0.283851,0.758875,,,3.14783,0.223592,0.223281,746.8200073242188,0.703662,-1.08147,1.39136,0.703662,1.08147,3.14485,86.30000000000003,6.164285714285716,78,5.571428571428571,,,,,,,,,,,,,,,,,,,"Felix Bautista","20666",642585
"Carson Whisenhunt","SFG",1.68095,1.71182,1.17264,4.33987,11.6475,3.68784,0,0.681118,0,27.3417,117.65,26.9968,14.3308,13.1844,3.63083,9.99603,0.287275,1.09322,22.125,7.28286,3.29037,2.21338,1.19515,0.188058,0.0849639,0.10309383273124695,0.253346,1.35299,0.289165,0.710193,,,4.4598,0.21951,0.204024,700.1500244140625,1.50047,-0.619637,1.10377,1.50047,0.619637,3.5283,95.40000000000002,3.533333333333334,98,3.6296296296296298,,,,,,,,,,,,,,,,,,,"Carson Whisenhunt","31676",687931
"Brady Basso","ATH",2.56858,1.98936,0.0225571,3.98809,50.207,0.122258,1.05184,7.06185,0,55.5445,235.893,53.2843,26.7532,24.6129,6.6175,19.0944,1.91628,1.87974,49.4725,8.01614,3.0939,2.59095,1.07225,0.209724,0.080945,0.12877945601940155,0.247928,1.30307,0.293818,0.722904,,,4.0354,0.218341,0.231486,999,2.33639,-0.486319,0.809482,2.33639,0.486319,3.92069,258.50000000000006,4.61607142857143,257,4.589285714285714,,,,,,,,,,,,,,,,,,,"Brady Basso","25582",669620
"Ryan Thompson","ARI",3.42429,2.53782,0,3.96391,60.9015,0,2.92154,13.1801,5.00333,62.8762,266.686,62.0961,30.1009,27.6929,6.29106,18.778,1.71386,2.8422,51.4368,7.36258,2.68785,2.73921,0.900492,0.192874,0.0704124,0.12246164679527283,0.253385,1.28624,0.297884,0.704531,,,3.83128,0.21716,0.363611,720.6799926757812,2.36488,-1.24555,0.770805,2.36488,1.24555,3.97226,334.20000000000005,5.3047619047619055,340,5.396825396825397,,,,,,,,,,,,,,,,,,,"Ryan Thompson","16647",657044
"Colin Selby","BAL",2.13587,2.62939,0,3.97827,54.1713,0,0.243529,7.19178,1.66013,58.2611,248.391,52.2698,27.9926,25.7532,6.60299,23.7958,1.00125,2.78521,58.8367,9.08891,3.6759,2.47257,1.02001,0.236872,0.0957998,0.14107193797826767,0.235651,1.3056,0.292043,0.719425,,,3.95744,0.216348,0.152581,999,1.52729,-0.498157,0.765788,1.52729,0.498157,3.97895,272.90000000000003,4.705172413793104,264,4.551724137931035,,,,,,,,,,,,,,,,,,,"Colin Selby","24986",681882
"Ty Johnson","TBR",1.12719,1.45919,1.78804,4.42288,4.10071,4.10071,0,0,0,22.3014,94.9247,20.3052,11.9126,10.9596,3.36487,8.32205,0.0850672,1.40034,22.0493,8.89828,3.35847,2.6495,1.35794,0.232282,0.0876701,0.14461219310760498,0.238318,1.28366,0.28334,0.698878,,,4.42707,0.214116,0.17014,999,0.636644,0.982119,1.20113,0.636644,-0.982119,3.3985,90.9,4.131818181818182,88,4,,,,,,,,,,,,,,,,,,,"Ty Johnson","sa3023410",694494
"Brock Burke","CIN",3.13076,2.1714,0,4.2119,61.185,0.103452,0.720196,10.4933,2.52885,62.6637,266.159,60.873,31.876,29.3259,8.68636,20.5432,2.32064,2.39178,57.1072,8.20194,2.95049,2.77986,1.24757,0.21456,0.0771838,0.13737618178129196,0.250275,1.29925,0.294123,0.715327,,,4.21253,0.2132,0.282326,999,1.60936,-1.09631,0.610923,1.60936,1.09631,4.18544,286.9000000000001,4.5539682539682556,288,4.571428571428571,,,,,,,,,,,,,,,,,,,"Brock Burke","17968",656271
"Jaden Hill","COL",2.07678,2.46249,0,4.48189,50.3117,0,0.0356108,4.61776,0,52.4697,228.322,51.558,28.4014,26.1293,6.52398,20.0531,0.746833,4.02372,50.6947,8.69554,3.43965,2.52803,1.11904,0.222032,0.0878281,0.13420389592647552,0.252432,1.36481,0.306299,0.691604,,,4.1958,0.211839,0.290106,999,2.19931,-1.75385,0.661501,2.19931,1.75385,4.118,213.50000000000006,4.105769230769232,219,4.211538461538462,,,,,,,,,,,,,,,,,,,"Jaden Hill","30250",677955
"Isaac Mattson","PIT",3.36434,3.55683,0,4.19526,59.3822,0,2.05228,15.2223,3.373,64.8789,278.215,57.7159,32.8724,30.2426,7.80876,28.2711,1.51986,3.42995,61.1128,8.47757,3.92177,2.16167,1.08323,0.219661,0.101616,0.11804457753896713,0.234129,1.32535,0.281021,0.707678,,,4.28176,0.21134,0.197957,748.4400024414062,2.10581,0.86795,0.571684,2.10581,-0.86795,4.23775,330.8,5.0892307692307694,320,4.923076923076923,,,,,,,,,,,,,,,,,,,"Isaac Mattson","20385",676755
"Nick Mears","KCR",2.79172,3.34664,0,4.21523,58.4349,0,0.074253,11.3704,3.0709,59.7744,254.089,55.1262,30.4303,27.9959,7.38131,22.7929,1.09731,2.2264,57.6195,8.67554,3.43184,2.52796,1.11137,0.226769,0.0897043,0.13706448674201965,0.240652,1.30355,0.291005,0.70265,,,4.06824,0.211072,0.138199,749.1500244140625,1.63147,0.257124,0.629767,1.63147,-0.257124,4.16031,299.9,4.998333333333333,294,4.9,,,,,,,,,,,,,,,,,,,"Nick Mears","25376",683232
"Evan Phillips",,0.902848,0.581814,0,3.39288,19.3257,0,0.735983,1.80888,0.800354,19.8288,81.3118,16.6708,8.12522,7.4752,2.02791,6.17872,0.313868,0.760423,21.2078,9.62588,2.80442,3.43239,0.920438,0.26082,0.0759879,0.184832401573658,0.224152,1.15234,0.286346,0.735831,,,3.37543,0.211059,0.252415,999,0.597312,3.8264,1.39704,0.597312,-3.8264,3.13728,113.2,5.66,108,5.4,,,,,,,,,,,,,,,,,,,"Evan Phillips","17734",623465
"Spencer Bivens","SFG",2.63914,2.60681,0,4.15003,59.7845,0.0688989,1.91763,6.88251,0,69.7802,299.748,70.9412,34.9747,32.1767,7.78993,22.1067,1.34378,3.64016,52.6386,6.78914,2.85124,2.38111,1.00472,0.175609,0.0737509,0.10185839980840683,0.258908,1.33344,0.295689,0.706986,,,4.18461,0.208522,0.161233,999,1.09563,-0.185479,0.687375,1.09563,0.185479,4.0835,301,4.3,312,4.457142857142857,,,,,,,,,,,,,,,,,,,"Spencer Bivens","30226",702352
"Joey Wentz","ATL",2.53203,3.18175,1.28367,4.64997,27.9496,4.17388,0.00195336,0.926847,0.286324,48.7878,212.55,48.6306,27.3988,25.2069,6.56102,20.6469,1.018,1.29974,46.965,8.66375,3.80879,2.27467,1.21033,0.22096,0.0971393,0.12382081896066666,0.255141,1.41998,0.306905,0.696909,,,4.30763,0.205875,0.123151,731.6799926757812,3.01393,-0.495769,0.598714,3.01393,0.495769,4.20171,181.1,3.6959183673469385,186,3.795918367346939,,,,,,,,,,,,,,,,,,,"Joey Wentz","19962",666214
"Scott Barlow","ATH",2.65115,2.45769,0.192765,4.2055,51.6423,0.26361,0.32125,3.7795,0.886664,53.1496,231.167,45.7796,26.9953,24.8356,5.9822,27.3912,1.39991,3.33121,56.361,9.5438,4.63824,2.05763,1.01299,0.243811,0.118491,0.12531976401805878,0.22839,1.3767,0.288175,0.712633,,,4.2116,0.205223,0.0709439,750.5,1.38125,-0.271161,0.632949,1.38125,0.271161,4.15607,236.80000000000004,4.467924528301888,225,4.245283018867925,,,,,,,,,,,,,,,,,,,"Scott Barlow","14993",605130
"Huascar Brazobán","NYM",2.37067,2.13173,0,4.0497,51.1349,0.190661,0.212031,9.21021,3.97102,56.1098,241.242,50.3966,27.443,25.2475,6.04509,24.4872,1.18592,3.07884,52.682,8.45019,3.92774,2.15141,0.969632,0.218378,0.101505,0.11687363684177399,0.235855,1.33459,0.286233,0.714248,,,4.13176,0.204978,0.231482,999,1.54171,-0.701705,0.74327,1.54171,0.701705,4.00897,271.6000000000001,4.850000000000001,263,4.696428571428571,,,,,,,,,,,,,,,,,,,"Huascar Brazoban","6107",623211
"Kendry Rojas","MIN",1.7274,1.95011,0,4.1093,33.1135,0,0,1.82045,0,36.5453,156.81,35.383,18.1372,16.6862,4.00667,13.63,0.827752,1.45014,34.1727,8.4157,3.35664,2.50718,0.986721,0.217924,0.0869202,0.13100409507751465,0.249651,1.34116,0.303005,0.711365,,,3.92817,0.203946,0.124029,999,2.35111,-0.267875,0.994754,2.35111,0.267875,3.67366,164.60000000000002,4.448648648648649,164,4.4324324324324325,,,,,,,,,,,,,,,,,,,"Kendry Rojas","sa3016746",696070
"Gabriel Hughes","COL",1.67376,3.0516,1.99217,5.18889,16.1405,5.54822,0,0.746041,0,38.8153,171.477,43.2241,24.3247,22.3787,5.83403,13.9785,0.435448,1.32171,27.5554,6.38919,3.24115,1.97128,1.35272,0.160695,0.0815181,0.07917652279138565,0.276764,1.47371,0.304511,0.670499,,,4.85178,0.202774,0.24247,999,0.478285,-0.902081,0.790709,0.478285,0.902081,3.94572,118.00000000000001,3.025641025641026,132,3.3846153846153846,,,,,,,,,,,,,,,,,,,"Gabriel Hughes","sa3020661",687312
"DJ Herz","WSN",1.11946,1.56527,0.499906,4.0373,15.7105,1.97118,0.166631,0.920631,0,24.5874,105.272,20.972,11.9887,11.0296,3.00587,11.8299,0.279035,0.920933,27.3164,9.99891,4.33024,2.30909,1.10027,0.259483,0.112375,0.14710865169763565,0.226672,1.33409,0.288849,0.727894,,,4.05821,0.202025,0.226628,999,1.87299,-0.620174,1.16869,1.87299,0.620174,3.44175,112.5,4.5,105,4.2,,,,,,,,,,,,,,,,,,,"DJ Herz","26389",687792
"Keegan Akin","BAL",3.19835,2.8688,0,4.012,62.594,0.217855,1.73295,13.5536,3.24179,66.2747,279.899,60.4855,32.1128,29.5438,9.10229,24.4619,1.75467,2.09231,66.8112,9.07286,3.32188,2.73124,1.23608,0.238698,0.0873953,0.15130218118429184,0.238748,1.28175,0.289595,0.731739,,,4.1064,0.201872,0.159161,725.469970703125,1.77149,-0.995517,0.620717,1.77149,0.995517,4.17238,343.7000000000001,5.207575757575759,335,5.075757575757576,,,,,,,,,,,,,,,,,,,"Keegan Akin","19362",669211
"Gordon Graceffo","STL",2.89051,2.7102,0,4.35186,49.804,0.156703,0.0975911,6.097,1.41054,61.0404,261.149,61.8497,32.0821,29.5155,6.70754,19.4606,0.861205,2.21069,49.4256,7.28747,2.86934,2.53977,0.988981,0.189262,0.0745193,0.11474289000034332,0.25827,1.33207,0.300758,0.684488,,,4.00932,0.201395,-0.0126626,999,3.16194,-1.17648,0.616046,3.16194,1.17648,4.17861,263.1000000000001,4.313114754098362,273,4.475409836065574,,,,,,,,,,,,,,,,,,,"Gordon Graceffo","29519",700669
"Evan Sisk","PIT",1.69907,1.99613,0,3.91301,43.8168,0,0,5.14784,0.419667,44.6339,194.462,42.4191,21.0933,19.4059,4.10768,19.7015,0.72385,2.45737,43.0435,8.67931,3.97262,2.18478,0.828275,0.221346,0.101312,0.12003345787525177,0.246188,1.39178,0.306118,0.727823,,,3.89217,0.200882,0.322038,999,4.18056,-2.19349,0.915238,4.18056,2.19349,3.77968,214.60000000000002,4.768888888888889,213,4.733333333333333,,,,,,,,,,,,,,,,,,,"Evan Sisk","24995",681895
"Jason Alexander","HOU",2.77049,2.58438,3.20624,4.51632,24.7836,6.04612,0.150722,0.894587,0,53.1843,229.515,54.4296,29.0093,26.6886,7.5849,18.0782,0.266595,2.2408,41.2948,6.98804,3.05925,2.28423,1.28354,0.179922,0.078767,0.10115529596805573,0.260185,1.36333,0.292202,0.702847,,,4.58239,0.200453,0.135354,750.1799926757812,1.55634,-0.752976,0.674153,1.55634,0.752976,4.10113,179.40000000000006,3.3849056603773597,187,3.5283018867924527,,,,,,,,,,,,,,,,,,,"Jason Alexander","19666",669920
"Brock Stewart","LAD",1.12923,1.01339,0,3.93219,25.9068,0,0.0167527,5.04834,1.06957,26.2376,110.88,22.5432,12.4603,11.4635,3.43816,10.4249,0.794219,1.55999,30.2029,10.3602,3.57594,2.89719,1.17935,0.272393,0.09402,0.17837336659431458,0.227952,1.25652,0.292781,0.728398,,,3.90673,0.198263,0.162529,999,1.6025,-0.115588,1.19156,1.6025,0.115588,3.41125,139.7,5.373076923076923,135,5.1923076923076925,,,,,,,,,,,,,,,,,,,"Brock Stewart","16727",592779
"Tim Herrin","CLE",2.90994,2.29078,0,3.82469,52.2549,0,0.0372015,10.2995,1.69536,51.5384,222.064,44.6788,23.8066,21.9021,5.08905,24.2963,1.30822,3.11192,52.7162,9.20568,4.24279,2.16973,0.888687,0.237392,0.109411,0.12798109650611877,0.229527,1.33832,0.289292,0.730286,,,3.96849,0.19613,0.259348,999,1.89905,-0.495798,0.77846,1.89905,0.495798,3.96205,271.3,5.217307692307693,260,5,,,,,,,,,,,,,,,,,,,"Tim Herrin","25139",682120
"Greg Weissert","BOS",3.3742,3.01646,0,4.13432,62.131,0,0.723227,13.1069,3.90403,63.9741,272.588,61.6572,31.9432,29.3878,8.06741,21.9655,1.63422,2.80065,56.5076,7.9496,3.09014,2.57257,1.13494,0.2073,0.0805812,0.12671928107738495,0.248797,1.30713,0.292446,0.714513,,,4.1693,0.195484,0.23384,999,1.09032,0.258084,0.605865,1.09032,-0.258084,4.19218,310.00000000000006,4.843750000000001,312,4.875,,,,,,,,,,,,,,,,,,,"Greg Weissert","20375",669711
"Sam Moll","CIN",1.22507,1.33947,0,4.31365,36.7868,0,0,2.89395,0.564621,35.7866,154.213,32.6986,18.6438,17.1523,4.49653,15.4329,1.12466,1.94248,35.2005,8.8526,3.88124,2.28087,1.13084,0.228259,0.100075,0.1281834915280342,0.238959,1.34496,0.290322,0.704834,,,4.25791,0.194661,0.0919786,999,1.61923,-0.708673,0.996809,1.61923,0.708673,3.67092,162.40000000000003,4.511111111111112,159,4.416666666666667,,,,,,,,,,,,,,,,,,,"Sam Moll","14874",594580
"Calvin Faucher","MIA",3.24423,3.86603,0,4.0685,63.4448,0.0811618,5.05818,13.6618,2.80459,65.7772,284.198,61.8301,32.3206,29.7349,7.35253,27.7396,1.31839,3.16303,64.6798,8.84985,3.79548,2.33168,1.00601,0.227587,0.0976066,0.12998052686452866,0.244103,1.36171,0.300544,0.722148,,,4.03106,0.192786,0.334598,523.9400024414062,1.17607,-0.503197,0.705423,1.17607,0.503197,4.05944,359.1000000000001,5.440909090909092,357,5.409090909090909,,,,,,,,,,,,,,,,,,,"Calvin Faucher","20116",676534
"DL Hall","MIL",2.31137,2.07445,0.278792,4.02458,43.8897,0.726997,0,4.01533,0.550581,55.3172,237.788,50.0142,26.8875,24.7365,6.11318,24.4036,0.751314,2.39706,52.281,8.50601,3.97041,2.14235,0.994602,0.219864,0.102627,0.1172364354133606,0.237048,1.34529,0.2877,0.721694,,,4.13503,0.192328,0.244853,725.969970703125,1.94513,-0.941979,0.751492,1.94513,0.941979,3.99801,245.2,4.458181818181818,239,4.345454545454546,,,,,,,,,,,,,,,,,,,"DL Hall","22207",669084
"Ryan Brasier","TEX",1.46563,1.26872,0.279241,4.01794,40.3007,0.381868,0,2.10949,0.8501,42.2506,175.943,39.4941,20.5025,18.8623,5.08854,12.2307,0.497774,1.26845,37.1446,7.91234,2.60532,3.03699,1.08393,0.211118,0.0695154,0.14160213619470596,0.243125,1.22424,0.286211,0.700039,,,3.90103,0.190449,0.0967396,999,0.861044,0.10607,1.08695,0.861044,-0.10607,3.55074,190.9,4.545238095238095,188,4.476190476190476,,,,,,,,,,,,,,,,,,,"Ryan Brasier","5615",518489
"Blade Tidwell","SFG",1.68331,2.01719,1.00319,4.52497,16.9948,3.03827,0,0.701507,0,32.706,142.179,32.029,17.8736,16.4438,4.44564,13.3605,0.217894,1.6151,28.2047,7.76133,3.67654,2.11104,1.22335,0.198374,0.0939698,0.10440444946289062,0.251793,1.3878,0.291723,0.702552,,,4.55111,0.189206,0.0941845,731.3200073242188,2.0176,-1.32315,0.972569,2.0176,1.32315,3.70324,126.80000000000005,3.842424242424244,128,3.878787878787879,,,,,,,,,,,,,,,,,,,"Blade Tidwell","31701",694918
"PJ Poulin","WSN",3.49344,3.02683,0,4.00262,58.8811,0,2.33381,10.3138,3.07648,59.8828,258.852,55.5821,28.9478,26.632,6.58078,25.8933,1.04635,3.03796,57.4549,8.63511,3.8916,2.21891,0.989049,0.221961,0.100031,0.12192929536104202,0.241745,1.36058,0.295394,0.726902,,,4.09425,0.186618,0.273306,741.6199951171875,2.60127,-2.9258,0.660498,2.60127,2.9258,4.11934,289.29999999999995,4.821666666666666,286,4.766666666666667,,,,,,,,,,,,,,,,,,,"PJ Poulin","23394",676571
"Bowden Francis","TOR",2.14378,2.29295,1.39005,4.31502,24.5147,3.06257,0,0.778397,0,40.021,168.28,36.866,20.8564,19.1879,6.84765,12.6811,0.211929,2.27157,37.5291,8.43961,2.85175,2.95945,1.53991,0.223016,0.0753572,0.14765861630439758,0.24044,1.23803,0.275523,0.717978,,,4.60485,0.186105,0.109423,750,1.91285,-0.418004,0.969253,1.91285,0.418004,3.70766,148.7,3.7175,144,3.6,,,,,,,,,,,,,,,,,,,"Bowden Francis","20548",670102
"Eric Orze","MIN",2.43461,3.08063,0,4.30612,56.8104,0,0.805568,6.98299,0.171039,61.0761,265.481,56.4553,31.7634,29.2223,7.53839,27.2011,1.19673,4.23049,59.1971,8.72311,4.00827,2.17628,1.11083,0.222981,0.10246,0.12052097916603088,0.241212,1.36971,0.292367,0.709865,,,4.3451,0.185775,-0.0335443,738.760009765625,2.40607,-1.28389,0.590497,2.40607,1.28389,4.21267,265.4000000000001,4.350819672131149,259,4.245901639344262,,,,,,,,,,,,,,,,,,,"Eric Orze","27626",679358
"Kai-Wei Teng","HOU",1.71854,1.93583,0.702775,4.52529,18.6192,2.69538,0,0.606718,0,31.1339,136.091,28.4501,17.0157,15.6544,3.63327,13.688,0.218362,3.35335,31.041,8.97315,3.95684,2.26776,1.05028,0.22809,0.10058,0.12751034647226334,0.238977,1.35345,0.294124,0.67804,,,4.30025,0.184318,0.0351398,721.469970703125,1.55951,-1.34125,0.978014,1.55951,1.34125,3.69598,122.39999999999999,3.9483870967741934,118,3.806451612903226,,,,,,,,,,,,,,,,,,,"Kai-Wei Teng","24282",678906
"Cal Quantrill","TEX",2.04156,2.67482,1.54845,4.96526,17.0506,5.57786,0,0.62373,0,40.5569,175.364,41.5757,24.3208,22.3751,6.23493,13.5187,0.15986,2.24941,31.1094,6.90348,2.99993,2.30121,1.38359,0.177398,0.077089,0.10030927509069443,0.260505,1.35844,0.289081,0.663718,,,4.76592,0.18174,-0.0244653,999,2.53097,-1.20182,0.830111,2.53097,1.20182,3.89318,138.40000000000003,3.3756097560975618,145,3.5365853658536586,,,,,,,,,,,,,,,,,,,"Cal Quantrill","19312",615698
"Gage Jump","ATH",1.26339,1.60523,1.33921,4.46555,3.72212,3.72212,0,0,0,20.2177,86.5023,19.7597,10.9038,10.0315,2.95127,7.11039,0.151274,0.798592,17.3996,7.7455,3.16522,2.44706,1.31377,0.201146,0.0821989,0.1189470961689949,0.251418,1.32904,0.288595,0.702177,,,4.48516,0.181716,0.145547,999,1.08212,-1.1259,1.2154,1.08212,1.1259,3.37946,69.1,3.4549999999999996,71,3.55,,,,,,,,,,,,,,,,,,,"Gage Jump","sa3034986",695611
"Kevin Kelly","TBR",1.87496,2.01061,0,4.0263,38.0592,0,0.0519013,2.76478,2.27304,39.6116,165.653,38.5436,19.2619,17.7209,5.00418,9.41417,0.755186,2.42497,34.0163,7.7287,2.13895,3.61331,1.13698,0.205347,0.0568308,0.14851617813110352,0.250587,1.2107,0.292173,0.700721,,,3.95659,0.180239,0.194681,999,1.57759,-1.09904,1.09279,1.57759,1.09904,3.54295,180.1,4.5024999999999995,182,4.55,,,,,,,,,,,,,,,,,,,"Kevin Kelly","25679",687330
"Tanner Houck","BOS",1.17483,1.5647,0.734653,4.98773,4.07515,3.16864,0,0,0,21.4431,93.6438,22.4549,12.917,11.8836,2.86224,7.2548,0.234102,1.5346,17.2059,7.22158,3.04495,2.37166,1.20133,0.183738,0.0774723,0.10626562684774399,0.264628,1.38551,0.30242,0.653348,,,4.49527,0.179194,0.0340762,999,1.40284,-0.310088,1.14478,1.40284,0.310088,3.47363,68.3,3.2523809523809524,73,3.4761904761904763,,,,,,,,,,,,,,,,,,,"Tanner Houck","19879",656557
"Gavin Stone","LAD",1.74217,1.12283,1.03195,4.47777,11.6498,2.4485,0,0.54781,0,25.1742,107.18,25.2994,13.614,12.5249,3.48901,7.84791,0.159137,0.775287,22.0524,7.88394,2.8057,2.80998,1.24735,0.205752,0.0732221,0.13253022730350494,0.2567,1.31672,0.298711,0.691132,,,4.2125,0.178239,0.0304885,674.530029296875,1.92263,1.09569,1.11647,1.92263,-1.09569,3.51137,104.1,4.164,107,4.28,,,,,,,,,,,,,,,,,,,"Gavin Stone","27792",694813
"Jake Bird","NYY",2.46353,1.83554,0,4.06932,50.2187,0.0619184,0.0304465,8.2146,4.91951,54.0253,232.803,49.2383,26.5515,24.4273,5.95261,22.478,1.86656,3.87303,54.3137,9.04805,3.74458,2.41631,0.991637,0.233303,0.0965536,0.13674971461296082,0.238498,1.32746,0.296101,0.712574,,,4.02008,0.177136,0.124379,999,3.14015,-1.70644,0.726757,3.14015,1.70644,4.03099,260.4,4.822222222222222,254,4.703703703703703,,,,,,,,,,,,,,,,,,,"Jake Bird","21267",656234
"Matt Festa","CLE",3.51519,2.91941,0,4.18454,57.3175,0,0.0286365,9.79758,1.16507,59.0129,248.592,52.5741,29.8239,27.438,7.53838,20.9973,1.47717,3.29329,57.5833,8.78197,3.20228,2.74241,1.14967,0.231637,0.0844648,0.14717267453670502,0.23439,1.2467,0.282923,0.69421,,,4.07907,0.176247,0.00461507,999,1.70617,0.53079,0.65466,1.70617,-0.53079,4.12712,284.40000000000003,4.820338983050848,275,4.661016949152542,,,,,,,,,,,,,,,,,,,"Matt Festa","19330",670036
"Kirby Yates","LAA",2.97951,2.80264,0,3.98337,55.3816,0,10.0737,8.66303,2.28603,56.646,239.447,45.7108,27.2514,25.0713,8.16621,26.2606,1.00751,2.81397,66.6135,10.5836,4.17232,2.53663,1.29746,0.278197,0.109672,0.1685250923037529,0.217285,1.27055,0.276891,0.7387,,,4.19713,0.174896,0.277609,357.44000244140625,2.04537,1.54752,0.98544,2.04537,-1.54752,3.68608,336.79999999999995,5.90877192982456,314,5.508771929824562,,,,,,,,,,,,,,,,,,,"Kirby Yates","9073",489446
"Ryan Yarbrough","NYY",2.95021,2.57854,1.09176,4.2857,43.4636,2.61478,0.184922,3.40474,0.98629,65.0575,275.39,62.6946,33.6735,30.9797,9.42501,19.1217,0.73182,4.25638,52.4025,7.24931,2.64527,2.74048,1.30385,0.190285,0.0694348,0.12084977328777313,0.248776,1.2576,0.280094,0.701572,,,4.48555,0.174564,0.173869,670.260009765625,1.80484,0.845026,0.684274,1.80484,-0.845026,4.08763,253.5,3.9,255,3.923076923076923,,,,,,,,,,,,,,,,,,,"Ryan Yarbrough","16502",642232
"Ryne Stanek","STL",3.02259,3.17145,0,4.25039,59.5156,0,1.7602,10.1267,3.07988,59.2378,255.526,53.5487,30.4087,27.976,7.73765,27.0742,0.987508,2.20488,59.7573,9.07893,4.11339,2.20716,1.17558,0.23386,0.105955,0.12790480256080627,0.236683,1.36101,0.28857,0.719503,,,4.29845,0.17333,0.0847593,739.530029296875,3.13604,-1.23259,0.587896,3.13604,1.23259,4.21614,280.80000000000007,4.759322033898306,274,4.6440677966101696,,,,,,,,,,,,,,,,,,,"Ryne Stanek","15947",592773
"Mason Barnett","ATH",2.19595,1.94471,1.55646,4.77096,21.6583,5.53381,0,0.61024,0,46.1583,201.964,45.3323,26.5965,24.4688,6.52366,19.9084,0.535542,2.40225,39.1795,7.63927,3.88176,1.96799,1.27199,0.193993,0.0985742,0.09541861712932587,0.252333,1.41341,0.289726,0.688751,,,4.7249,0.169783,0.00211047,999,2.77675,-1.97052,0.689762,2.77675,1.97052,4.08032,153.30000000000007,3.3326086956521754,155,3.369565217391304,,,,,,,,,,,,,,,,,,,"Mason Barnett","31741",686930
"Austin Warren","NYM",2.59005,1.84826,0,4.14405,37.5407,0,0,3.69736,0,43.2071,183.907,40.5664,21.6247,19.8947,5.69163,15.6908,0.581162,1.91725,39.1848,8.16215,3.26837,2.49732,1.18556,0.213068,0.0853189,0.12774937599897385,0.243936,1.30203,0.287218,0.717193,,,4.25638,0.167876,0.0479231,999,1.29165,-1.17901,0.880349,1.29165,1.17901,3.8262,177.79999999999998,4.134883720930232,177,4.116279069767442,,,,,,,,,,,,,,,,,,,"Austin Warren","24937",681810
"Mitch Farris","LAA",1.35488,2.34969,1.83824,4.88439,6.3629,6.20152,0,0.0679226,0,32.4098,141.162,31.6007,19.1186,17.5891,5.07752,14.048,0.181763,1.20117,28.4804,7.90883,3.90105,2.02736,1.41,0.201756,0.0995168,0.10223940759897232,0.250972,1.40849,0.287186,0.688376,,,4.82582,0.166892,0.0945526,999,1.29845,-0.252905,0.938781,1.29845,0.252905,3.74829,103.10000000000001,3.2218750000000003,106,3.3125,,,,,,,,,,,,,,,,,,,"Mitch Farris","33628",815083
"Yaramil Hiraldo","BAL",0.660041,0.723442,0,4.19842,31.8437,0,0,1.42499,1.0543,34.4612,144.882,31.3152,17.4738,16.0759,5.00288,12.3954,0.373439,0.889397,34.7978,9.0879,3.23723,2.80731,1.30657,0.24018,0.0855553,0.15462461858987808,0.237962,1.2684,0.286637,0.714773,,,4.15937,0.164968,0.0280439,999,2.20512,-0.27091,1.13369,2.20512,0.27091,3.48841,144.50000000000003,4.250000000000001,140,4.117647058823529,,,,,,,,,,,,,,,,,,,"Yaramil Hiraldo","25215",682274
"Brent Headrick","NYY",1.6316,1.29722,0,3.98812,41.416,0,0.0182647,3.57168,0.774085,47.3633,198.005,42.5351,22.8128,20.9878,6.89581,15.6769,1.09212,1.9653,49.0737,9.32502,2.97893,3.13032,1.31035,0.247841,0.0791745,0.16866691410541534,0.235832,1.22905,0.286506,0.72901,,,4.07309,0.160595,0.159476,999,1.62892,0.00550252,0.980365,1.62892,-0.00550252,3.69285,209.90000000000003,4.4659574468085115,204,4.340425531914893,,,,,,,,,,,,,,,,,,,"Brent Headrick","27702",687396
"Austin Gomber","TEX",1.58482,3.09899,1.02698,4.93907,19.3134,4.4103,0,0.89944,0,40.7361,173.143,43.1103,24.2993,22.3554,7.14787,10.522,0.352733,0.968709,29.8566,6.59634,2.32468,2.83753,1.57921,0.172439,0.0607708,0.11166791245341301,0.266685,1.31658,0.288512,0.672385,,,4.79659,0.160228,-0.0909671,999,7.01873,-2.02337,0.915862,7.01873,2.02337,3.77885,133.50000000000006,3.2560975609756113,142,3.4634146341463414,,,,,,,,,,,,,,,,,,,"Austin Gomber","16561",596295
"Brandon Williamson","CIN",1.86025,2.21949,1.18656,4.59097,29.8015,2.95517,0,1.05988,0,47.9668,206.588,46.7367,26.5959,24.4682,7.34793,18.0734,0.388145,2.19471,41.8937,7.86051,3.3911,2.31798,1.37869,0.202788,0.087485,0.11530350893735886,0.250841,1.35115,0.287345,0.700882,,,4.64743,0.160068,0.133085,999,2.63763,-0.721046,0.763642,2.63763,0.721046,3.98181,174.90000000000003,3.6437500000000007,177,3.6875,,,,,,,,,,,,,,,,,,,"Brandon Williamson","25463",682227
"Wade Miley",,2.00048,2.41625,2.27033,4.89599,7.88533,7.65718,0,0.0804725,0,39.9412,175.032,42.0679,23.6174,21.728,5.77246,14.7381,0.159324,1.99697,26.7284,6.02273,3.32095,1.81356,1.30071,0.152706,0.0842023,0.06850340962409973,0.265753,1.42224,0.288526,0.681148,,,4.93254,0.155335,0.0974828,999,1.37178,-1.10222,0.83455,1.37178,1.10222,3.88727,115.99999999999999,2.8999999999999995,125,3.125,,,,,,,,,,,,,,,,,,,"Wade Miley","8779",489119
"Luke Little","CHC",0.753321,0.553009,0,3.58574,17.7865,0,0,1.01611,0,18.4456,80.3777,14.6067,7.98806,7.34902,1.36605,10.6922,0.317139,1.40215,20.4601,9.98294,5.21695,1.91356,0.666526,0.25455,0.133024,0.12152542173862457,0.213912,1.37154,0.285007,0.740208,,,3.8465,0.154559,0.144237,999,1.73864,0.0259054,1.30516,1.73864,-0.0259054,3.25978,89.90000000000003,4.994444444444446,85,4.722222222222222,,,,,,,,,,,,,,,,,,,"Luke Little","28036",681432
"Carlos Rodriguez","MIL",1.87778,2.43553,0.953249,4.50212,21.6207,2.52626,0,0.640447,0,35.5151,152.914,33.142,19.3108,17.7659,5.1223,14.8971,0.228561,1.52613,31.7903,8.05608,3.77513,2.13399,1.29806,0.207896,0.0974213,0.1104748398065567,0.242815,1.35264,0.281384,0.702957,,,4.60716,0.153791,0.145872,999,1.40755,-1.66306,0.934717,1.40755,1.66306,3.75371,136.10000000000002,3.7805555555555563,132,3.6666666666666665,,,,,,,,,,,,,,,,,,,"Carlos Rodriguez","30161",692230
"Ty Madden","DET",0.794563,1.08445,0.887763,4.40736,13.8278,2.65189,0,0.569972,0,23.8549,103.328,23.6112,12.6977,11.6819,3.11636,9.40381,0.296692,0.895679,21.0283,7.93356,3.54788,2.23614,1.17574,0.203509,0.0910089,0.11249996721744537,0.253805,1.38399,0.297526,0.709103,,,4.36569,0.152851,0.0770659,999,2.08531,-0.930709,1.18092,2.08531,0.930709,3.42544,94.30000000000001,3.929166666666667,97,4.041666666666667,,,,,,,,,,,,,,,,,,,"Ty Madden","30140",680744
"Dauri Moreta",,1.20288,1.17266,0,3.91397,26.9304,0,0.0368339,0.933775,1.46724,27.681,116.74,23.1996,13.0849,12.0381,3.53327,11.7147,0.835743,1.27437,30.9282,10.0557,3.80884,2.64011,1.14878,0.264931,0.100348,0.16458257287740707,0.223607,1.26131,0.283826,0.728431,,,3.9676,0.152619,0.167125,999,0.897742,1.09575,1.17623,0.897742,-1.09575,3.43169,125.20000000000006,4.471428571428573,115,4.107142857142857,,,,,,,,,,,,,,,,,,,"Dauri Moreta","21101",664294
"James McArthur","KCR",1.56493,1.3861,0,4.19288,28.8608,0,0.741261,1.31311,2.12271,30.0319,128.114,29.7205,15.2077,13.9911,3.42224,9.45123,0.606293,1.5494,26.4622,7.93024,2.83236,2.79987,1.02558,0.206552,0.0737721,0.1327802687883377,0.253776,1.30434,0.301486,0.697021,,,3.95315,0.152409,0.0690997,999,1.39833,-0.880243,1.12081,1.39833,0.880243,3.50559,135.1,4.503333333333333,139,4.633333333333334,,,,,,,,,,,,,,,,,,,"James McArthur","21527",663704
"Bailey Falter","KCR",3.51604,3.69893,2.18391,4.61397,37.9357,5.93489,0,2.23308,0,68.8328,294.181,69.8371,38.3565,35.288,10.4704,22.4364,0.247356,1.60459,50.5408,6.6083,2.9336,2.25262,1.36902,0.171801,0.0762674,0.09553410112857819,0.258521,1.34055,0.283876,0.694672,,,4.6919,0.151427,0.137049,999,1.32426,0.0848317,0.476256,1.32426,-0.0848317,4.36499,243.60000000000002,3.530434782608696,253,3.6666666666666665,,,,,,,,,,,,,,,,,,,"Bailey Falter","20070",663559
"Julian Fernández","WSN",2.7467,2.41669,0,4.04498,58.7999,0,1.65538,10.074,0,62.0982,262.55,56.3734,30.3365,27.9095,8.14431,23.2117,0.98625,2.2595,61.4708,8.90908,3.36412,2.64826,1.18037,0.23413,0.0884087,0.1457209512591362,0.237783,1.2816,0.287997,0.7223,,,4.09085,0.149297,0.279024,749.8499755859375,2.32474,-0.277908,0.702205,2.32474,0.277908,4.06373,311.79999999999995,5.0290322580645155,303,4.887096774193548,,,,,,,,,,,,,,,,,,,"Julian Fernandez","18341",642759
"Emerson Hancock","SEA",3.11331,2.96111,1.56046,4.39821,31.3939,5.95069,0,1.04023,0,61.5291,263.601,60.8172,32.6833,30.0687,8.58103,20.4324,0.258882,3.30168,47.4684,6.94331,2.9887,2.32319,1.25517,0.180077,0.0775127,0.10256396234035492,0.253546,1.32051,0.284174,0.701458,,,4.56241,0.148987,-0.00254184,746.0599975585938,1.56464,-0.280996,0.614567,1.56464,0.280996,4.18058,218.49999999999997,3.5241935483870965,222,3.5806451612903225,,,,,,,,,,,,,,,,,,,"Emerson Hancock","27470",676106
"Kyle Hart","SDP",3.11915,3.41229,2.65043,4.60018,25.5481,7.00585,0,1.09271,0,58.7711,254.283,57.6184,32.6519,30.0397,8.65759,22.8186,0.605345,2.82206,48.8516,7.48096,3.49436,2.14087,1.32579,0.192115,0.0897371,0.10237790644168854,0.252002,1.36865,0.286098,0.699468,,,4.69657,0.147639,0.163658,999,2.0254,-1.1054,0.529292,2.0254,1.1054,4.29428,199.10000000000002,3.374576271186441,202,3.4237288135593222,,,,,,,,,,,,,,,,,,,"Kyle Hart","19646",606996
"Philip Abner","ARI",1.19132,0.992687,0,4.1607,23.605,0,0.0122364,1.26735,0.557195,24.1432,103.532,23.2133,12.132,11.1614,2.5663,8.97087,0.273506,1.09096,22.4999,8.38741,3.34412,2.50811,0.956653,0.217323,0.0866484,0.13067494332790375,0.24835,1.33305,0.301839,0.701337,,,3.90337,0.147413,0.0807893,999,3.0335,-3.2272,1.18641,3.0335,3.2272,3.41813,98.90000000000002,4.1208333333333345,99,4.125,,,,,,,,,,,,,,,,,,,"Philip Abner","33821",691769
"Jalen Beeks",,2.41289,1.69774,0,4.0398,43.358,0.15611,0.352821,4.00168,2.31476,45.1078,192.761,42.2229,22.008,20.2474,5.10086,17.4347,1.03943,1.83984,40.5614,8.09289,3.47861,2.32647,1.01773,0.210423,0.0904473,0.11997567862272263,0.243378,1.32256,0.290414,0.716911,,,4.08868,0.146407,0.154866,999,1.56545,-2.48871,0.886594,1.56545,2.48871,3.81787,203.3,4.517777777777778,201,4.466666666666667,,,,,,,,,,,,,,,,,,,"Jalen Beeks","17192",656222
"Sammy Peralta","MIL",1.06159,1.42114,0,4.20737,19.5131,0,0,0.981439,0.573923,23.7303,100.775,22.9199,12.0582,11.0935,2.77298,7.93794,1.03049,0.861634,20.3359,7.71266,3.01056,2.56187,1.05169,0.201796,0.0787693,0.12302719801664352,0.249197,1.30036,0.292553,0.696911,,,4.05276,0.145745,0.0594647,999,1.77764,-1.12491,1.22677,1.77764,1.12491,3.36431,97.90000000000002,4.0791666666666675,98,4.083333333333333,,,,,,,,,,,,,,,,,,,"Sammy Peralta","25589",671111
"Cody Laweryson",,0.954481,1.8864,0,4.31255,27.4165,0,0,1.40318,0.364196,31.2025,132.94,30.2982,16.2515,14.9514,4.06698,10.5834,0.543578,1.25916,26.649,7.6866,3.05267,2.518,1.17307,0.200459,0.0796105,0.12084835022687912,0.250197,1.3102,0.290228,0.699961,,,4.26006,0.144636,0.0165258,999,1.54761,0.748701,1.13273,1.54761,-0.748701,3.48969,124.19999999999999,4.006451612903225,125,4.032258064516129,,,,,,,,,,,,,,,,,,,"Cody Laweryson","26429",689520
"Jordan Hicks","CHW",2.24718,3.34501,0.286621,4.31262,51.0521,0.99658,0.608884,6.05302,1.33189,59.3204,261.006,57.287,30.8969,28.4251,5.84365,26.6925,0.864767,4.404,53.5112,8.11863,4.04974,2.00473,0.88659,0.205019,0.102268,0.10275117307901382,0.249172,1.41569,0.301624,0.700313,,,4.18426,0.144083,0.0363628,750.239990234375,3.55413,-0.32042,0.631382,3.55413,0.32042,4.15816,258.6,4.3830508474576275,261,4.423728813559322,,,,,,,,,,,,,,,,,,,"Jordan Hicks","19618",663855
"Ryan Johnson","LAA",0.7853,0.822323,0,4.1661,17.1925,0,0.257092,0.919342,2.54041,18.1855,76.8483,17.6666,9.15005,8.41804,2.37519,5.95685,0.789703,0.305249,17.2742,8.54904,2.94805,2.8999,1.17548,0.224783,0.0775143,0.14726915210485458,0.250283,1.29903,0.300203,0.713039,,,3.96631,0.143505,0.0391981,999,1.04946,-2.84759,1.30558,1.04946,2.84759,3.25923,81.80000000000003,4.544444444444446,84,4.666666666666667,,,,,,,,,,,,,,,,,,,"Ryan Johnson","35325",696270
"Brandon Eisert","CHW",2.37301,3.20127,0,4.16964,55.2679,0.257912,0.788141,6.89044,1.21833,57.5232,245.752,54.7834,28.9675,26.6501,7.63246,21.0271,2.07875,2.54899,54.7666,8.56871,3.28987,2.60457,1.19416,0.222853,0.0855624,0.1372908651828766,0.246577,1.31791,0.295105,0.719277,,,4.18545,0.142828,0.133593,999,2.46176,-2.63136,0.712853,2.46176,2.63136,4.04953,258.80000000000007,4.4620689655172425,257,4.431034482758621,,,,,,,,,,,,,,,,,,,"Brandon Eisert","27668",685126
"Matt Waldron","SDP",2.24096,2.84474,2.60881,4.96208,7.62933,7.39552,0,0.068302,0,40.8348,177.069,42.1395,24.4717,22.514,6.6004,14.1315,0.192975,1.96908,31.4042,6.92148,3.11458,2.22228,1.45473,0.177355,0.0798077,0.09754736721515656,0.261787,1.37801,0.28902,0.676143,,,4.88116,0.141509,0.146114,999,6.36664,-2.63606,0.795462,6.36664,2.63606,3.93938,122.10000000000004,2.9780487804878057,128,3.1219512195121952,,,,,,,,,,,,,,,,,,,"Matt Waldron","25550",663362
"Mason Fluharty","TOR",2.13719,1.42897,0,4.02729,36.3708,0,0.0298792,1.9244,1.55979,37.3518,158.759,32.8399,18.1675,16.7141,4.59815,15.6229,1.51422,1.60247,38.3959,9.25158,3.76438,2.45767,1.10793,0.24185,0.0984065,0.1434437483549118,0.232029,1.29747,0.286603,0.720882,,,4.06308,0.13849,0.0987884,999,1.82436,-0.578477,0.97012,1.82436,0.578477,3.70651,156.5,4.22972972972973,150,4.054054054054054,,,,,,,,,,,,,,,,,,,"Mason Fluharty","31553",689254
"Brennan Bernardino","COL",2.59962,2.68058,0,4.47148,57.3402,0.372761,0.641743,6.70986,0.815326,57.1284,252.592,57.0313,30.8512,28.3831,6.65564,25.3604,2.91259,3.95616,52.0578,8.20118,3.99528,2.05272,1.04853,0.206095,0.100401,0.1056937724351883,0.255431,1.44222,0.306121,0.705321,,,4.36671,0.1383,0.290352,999,2.61379,-2.06263,0.573947,2.61379,2.06263,4.23474,237.49999999999994,4.166666666666666,244,4.280701754385965,,,,,,,,,,,,,,,,,,,"Brennan Bernardino","16835",657514
"José Buttó","SFG",3.74563,3.69887,0.252728,3.9959,54.62,0.345611,2.83525,8.24413,2.28271,63.2678,271.573,57.7898,30.5329,28.0902,7.00898,26.5861,1.40589,3.08814,57.7528,8.21548,3.78193,2.1723,0.997044,0.21266,0.0978965,0.11476361751556396,0.2389,1.33363,0.286675,0.722111,,,4.15672,0.137729,0.196317,745.9099731445312,1.45304,0.234258,0.657047,1.45304,-0.234258,4.12394,302.3,4.798412698412698,297,4.714285714285714,,,,,,,,,,,,,,,,,,,"Jose Butto","23313",676130
"Nick Raquet","STL",2.3137,1.66294,0,4.15975,29.0187,0,0,1.35928,0.708835,31.4118,134.588,30.8461,15.7808,14.5184,3.59954,10.9815,0.558745,1.35203,24.9674,7.15356,3.14639,2.27358,1.03133,0.18551,0.0815937,0.10391590744256973,0.25231,1.33159,0.290823,0.708019,,,4.21307,0.136316,0.0203,999,1.23702,-1.44602,1.05156,1.23702,1.44602,3.59792,117.6,3.793548387096774,121,3.903225806451613,,,,,,,,,,,,,,,,,,,"Nick Raquet","20333",675919
"Grant Wolfram","BAL",1.68905,1.78061,0,4.31152,27.1079,0,0,1.8564,0,29.7513,129.66,28.5922,15.4919,14.2526,3.26443,13.1273,0.815139,1.36393,27.5851,8.34471,3.97113,2.10135,0.987516,0.21275,0.101245,0.11150546371936798,0.248264,1.40228,0.300381,0.706005,,,4.16841,0.136168,0.0247465,999,1.56913,-0.87802,1.02015,1.56913,0.87802,3.6398,131.7,4.39,133,4.433333333333334,,,,,,,,,,,,,,,,,,,"Grant Wolfram","21623",664991
"David Morgan","SDP",2.31149,2.31551,0,3.97569,58.427,0.240747,0.0269216,7.84115,1.47249,63.0778,270.359,56.5772,30.2872,27.8642,7.46404,26.819,1.45187,3.40688,63.1088,9.00443,3.82656,2.35314,1.06498,0.233426,0.0991976,0.1342281699180603,0.235607,1.32212,0.289649,0.728054,,,4.11,0.135916,0.298927,999,1.63773,-0.555156,0.693052,1.63773,0.555156,4.07593,299.90000000000003,4.760317460317461,292,4.634920634920635,,,,,,,,,,,,,,,,,,,"David Morgan","31616",688158
"Hayden Wesneski","HOU",1.33305,1.40063,0.820728,4.2106,14.5651,1.93057,0,0.573957,0.0561996,23.5262,98.0757,21.7738,11.9637,11.0066,3.68367,6.99607,0.167754,0.844663,22.419,8.57643,2.67637,3.20451,1.4092,0.228588,0.0713334,0.15725485235452652,0.241301,1.22289,0.282075,0.711742,,,4.2646,0.135727,0.135091,999,1.2175,-0.766857,1.22936,1.2175,0.766857,3.36085,95.20000000000003,3.966666666666668,92,3.8333333333333335,,,,,,,,,,,,,,,,,,,"Hayden Wesneski","27581",669713
"Justin Hagenman","NYM",0.955841,1.11162,0,4.12484,21.8162,0.104707,0.189136,1.19622,0,27.8553,116.1,27.268,13.8766,12.7665,4.18766,6.75221,0.411815,1.02042,25.1613,8.12958,2.18163,3.72638,1.35303,0.216722,0.0581588,0.15856316685676575,0.25172,1.22132,0.292238,0.71539,,,4.12004,0.135222,0.0644932,999,2.9141,-0.904857,1.24056,2.9141,0.904857,3.34592,117.80000000000005,4.207142857142859,118,4.214285714285714,,,,,,,,,,,,,,,,,,,"Justin Hagenman","21546",663795
"Brandon Walter","HOU",0.292156,0.182419,0.314552,3.84013,1.44554,1.04748,0.0312576,0,0,7.33162,29.639,6.64704,3.40029,3.12827,0.926888,1.34186,0.0593754,0.351603,6.57361,8.0695,1.64721,4.89888,1.13781,0.221789,0.0452734,0.17651554197072983,0.237857,1.08965,0.279782,0.685762,,,3.67836,0.133257,0.132556,999,0.715384,-0.879064,1.51779,0.715384,0.879064,2.97627,32.30000000000001,4.614285714285716,33,4.714285714285714,,,,,,,,,,,,,,,,,,,"Brandon Walter","26056",687888
"Tristan Beck","SFG",1.4595,0.953902,0,4.08628,28.8727,0.0636381,0.176033,1.16348,0,35.5416,150.688,33.9947,17.5402,16.137,4.40579,11.7362,0.559376,1.53074,30.3169,7.67697,2.97188,2.5832,1.11565,0.20119,0.0778841,0.12330614775419235,0.247377,1.28668,0.288115,0.712555,,,4.16048,0.132598,0.0829198,999,1.2457,-0.46018,1.09536,1.2457,0.46018,3.53952,150.80000000000004,4.18888888888889,150,4.166666666666667,,,,,,,,,,,,,,,,,,,"Tristan Beck","21584",663941
"Zak Kent","TEX",1.46818,1.20891,0,4.20207,27.6109,0,0,1.03415,0.714373,31.6572,137.131,28.9441,16.0659,14.7806,3.54967,14.5762,0.570024,1.48863,29.8136,8.47587,4.14395,2.04536,1.00916,0.217409,0.106294,0.11111531406641006,0.239076,1.37474,0.289549,0.712162,,,4.23167,0.131776,0.0270567,999,1.21152,0.527616,1.03922,1.21152,-0.527616,3.61438,128.20000000000002,4.0062500000000005,124,3.875,,,,,,,,,,,,,,,,,,,"Zak Kent","25703",687849
"Wandy Peralta","SDP",2.92007,2.21568,0,3.8154,59.156,0.0875578,0.0982423,7.54353,1.65026,59.7633,256.543,55.2527,27.5387,25.3356,5.97635,24.4146,1.27334,2.965,50.8461,7.65713,3.6767,2.08261,0.900003,0.198197,0.0951677,0.10302931070327759,0.241106,1.33305,0.285923,0.731112,,,4.10796,0.130834,0.343413,999,1.18214,-0.580388,0.783506,1.18214,0.580388,3.95532,280.2,4.67,275,4.583333333333333,,,,,,,,,,,,,,,,,,,"Wandy Peralta","14295",593974
"Manuel Rodríguez","TBR",0.676783,0.811866,0,3.81365,14.069,0,0.238976,2.88932,0.119583,14.4908,61.3113,13.705,6.67424,6.1403,1.43449,4.6063,0.27424,0.831958,13.1569,8.17155,2.8609,2.85628,0.890941,0.214591,0.0751296,0.13946180045604706,0.245288,1.26365,0.297238,0.713798,,,3.73202,0.127711,0.0322465,999,1.07763,1.32433,1.39663,1.07763,-1.32433,3.13782,74.90000000000003,5.350000000000002,77,5.5,,,,,,,,,,,,,,,,,,,"Manuel Rodriguez","20794",655889
"Ronel Blanco","HOU",1.06359,1.1253,0.766314,4.21732,9.03146,2.14839,0,0.567434,0.610131,18.3969,77.9782,16.4679,9.37023,8.62061,2.74939,7.5311,0.251471,0.444353,18.7754,9.18521,3.68432,2.49306,1.34504,0.240778,0.0965795,0.14419854432344437,0.235247,1.30452,0.282985,0.725999,,,4.33738,0.127227,0.128944,999,0.828804,-0.152097,1.26029,0.828804,0.152097,3.31962,72.70000000000002,4.03888888888889,69,3.8333333333333335,,,,,,,,,,,,,,,,,,,"Ronel Blanco","19407",669854
"Justin Bruihl","STL",1.74302,1.92044,0,4.12938,43.136,0,0,5.78249,1.91166,43.8724,189.346,41.8384,21.8799,20.1295,4.73436,16.8824,3.66177,2.95637,39.3905,8.08057,3.46326,2.33323,0.971208,0.208034,0.0891616,0.11887290328741074,0.246824,1.33844,0.295927,0.707217,,,4.09889,0.126232,0.101346,999,1.78954,-0.841027,0.918308,1.78954,0.841027,3.77559,196.90000000000003,4.4750000000000005,197,4.4772727272727275,,,,,,,,,,,,,,,,,,,"Justin Bruihl","23779",677865
"AJ Blubaugh","HOU",3.05205,2.92311,1.46319,4.4233,32.7682,2.87521,0,1.95867,0.55308,50.0805,215.354,46.9443,26.7538,24.6135,7.24286,20.7543,0.75929,1.92118,46.4827,8.35343,3.72977,2.23966,1.30162,0.215843,0.0963729,0.11947010457515717,0.24364,1.35179,0.285718,0.711359,,,4.51728,0.124326,0.0242955,593.1799926757812,2.29624,1.10665,0.650081,2.29624,-1.10665,4.13323,192.7,3.8539999999999996,190,3.8,,,,,,,,,,,,,,,,,,,"AJ Blubaugh","31764",805123
"Steven Cruz","KCR",1.52398,1.62804,0,4.14092,37.4372,0.0939959,0,3.13435,0,39.5499,169.41,36.117,19.7794,18.197,4.39763,16.3975,0.67078,1.80498,35.7802,8.14215,3.73141,2.18206,1.00073,0.211205,0.0967917,0.11441326141357422,0.238858,1.3278,0.285684,0.70614,,,4.15198,0.122318,0.0921329,999,1.46081,-0.390954,0.989417,1.46081,0.390954,3.68078,183.20000000000002,4.58,178,4.45,,,,,,,,,,,,,,,,,,,"Steven Cruz","23165",674444
"Reiver Sanmartin","SFG",2.03253,1.62636,0,4.04943,34.6619,0.16408,0,1.98265,0.278956,38.3383,165.189,39.687,18.7498,17.2498,3.84934,12.4861,3.69965,1.45145,29.0079,6.80967,2.93114,2.32321,0.903642,0.175604,0.0755869,0.10001739859580994,0.262391,1.36086,0.302698,0.714417,,,4.01776,0.121811,0.0875263,999,1.19368,-1.4241,1.00541,1.19368,1.4241,3.65945,155,4.078947368421052,165,4.342105263157895,,,,,,,,,,,,,,,,,,,"Reiver Sanmartin","19754",665665
"Jacob Webb","CHC",2.59709,2.51603,0,4.19195,48.8684,0,0.0353323,7.31101,1.12558,51.5738,218.373,46.0186,26.1105,24.0217,6.96467,19.8722,1.42978,2.40251,47.8438,8.34908,3.46784,2.40757,1.21538,0.219092,0.0910012,0.12809070199728012,0.234671,1.2776,0.27641,0.708587,,,4.33104,0.119445,0.119773,999,0.939329,0.983709,0.789121,0.939329,-0.983709,3.94784,237.10000000000005,4.559615384615386,227,4.365384615384615,,,,,,,,,,,,,,,,,,,"Jacob Webb","19274",657097
"Adam Mazur","MIA",1.46097,2.6088,1.16891,4.51763,20.346,3.71716,0,0.935732,0,37.9647,163.401,39.513,20.7139,19.0567,5.67498,12.234,0.217146,1.17639,29.0919,6.89658,2.90022,2.37795,1.34532,0.17804,0.0748712,0.1031687781214714,0.263437,1.36303,0.293673,0.708487,,,4.60551,0.118395,0.145988,999,3.51362,-1.33782,0.964711,3.51362,1.33782,3.71372,126.39999999999998,3.3263157894736834,135,3.5526315789473686,,,,,,,,,,,,,,,,,,,"Adam Mazur","31900",800049
"Andre Granillo","STL",1.79684,1.04897,0,4.30179,31.3283,0,0.21121,2.02404,0,36.0099,153.486,32.4993,18.7086,17.2119,4.77709,14.8181,0.647024,1.38033,34.1655,8.53902,3.70351,2.30566,1.19395,0.222596,0.0965434,0.12605252116918564,0.236724,1.31401,0.281886,0.70414,,,4.31166,0.117897,-0.0191713,999,2.10216,-2.05402,0.980891,2.10216,2.05402,3.69215,149.70000000000005,4.158333333333335,143,3.9722222222222223,,,,,,,,,,,,,,,,,,,"Andre Granillo","29542",701552
"Kade Strowd","ARI",2.42456,2.37995,0,4.0899,53.0899,0,0.801414,9.4571,0.517192,55.0062,239.528,52.1388,27.1702,24.9966,5.50196,24.6848,0.839912,2.63626,50.295,8.22916,4.03888,2.03749,0.90022,0.209975,0.103056,0.10691927373409271,0.245698,1.39664,0.298171,0.718356,,,4.09683,0.117648,0.0977001,749.8800048828125,2.40248,-0.61014,0.730608,2.40248,0.61014,4.02586,255,4.636363636363637,254,4.618181818181818,,,,,,,,,,,,,,,,,,,"Kade Strowd","26191",669704
"Andrew Morris","MIN",1.29072,1.36167,0,4.03972,19.2605,0,0,1.15236,0,20.9973,88.5025,20.9858,10.2444,9.42481,2.49403,5.61477,0.518095,0.799675,17.5684,7.53026,2.40664,3.12896,1.06901,0.198507,0.0634419,0.13506516069173813,0.25565,1.26685,0.298131,0.707787,,,3.92233,0.117149,0.0926264,999,1.08351,-0.516253,1.27467,1.08351,0.516253,3.30044,95.20000000000002,4.533333333333334,98,4.666666666666667,,,,,,,,,,,,,,,,,,,"Andrew Morris","sa3020569",702193
"Henry Baez","ATH",0.972214,0.940628,1.07947,4.64108,3.8552,2.79026,0,0,0,16.5399,72.356,16.994,9.27089,8.52922,2.01561,6.30151,0.15898,0.929348,11.6098,6.31736,3.4289,1.84239,1.09677,0.160454,0.0870904,0.07336381077766418,0.260944,1.40845,0.290845,0.685009,,,4.62704,0.117079,0.147804,999,1.1185,0.738542,1.26831,1.1185,-0.738542,3.30892,60.000000000000014,3.529411764705883,62,3.6470588235294117,,,,,,,,,,,,,,,,,,,"Henry Baez","sa3016584",692013
"Porter Hodge","CHC",2.37758,2.46679,0,4.0601,44.7788,0,1.03606,6.53706,3.4107,47.6823,206.44,40.8479,23.381,21.5105,5.55091,24.5472,1.07926,2.28959,51.7276,9.76356,4.63328,2.10727,1.04773,0.25057,0.118907,0.13166241347789764,0.227434,1.37148,0.288551,0.72911,,,4.16732,0.116909,0.213075,743.9099731445312,2.50067,-0.185695,0.771994,2.50067,0.185695,3.97067,230.80000000000004,4.8083333333333345,218,4.541666666666667,,,,,,,,,,,,,,,,,,,"Porter Hodge","26413",687863
"Luis Perales","WSN",1.32912,1.8534,0.945083,4.42483,15.152,2.56845,0,0.99599,0,25.9,113.276,24.6124,13.8409,12.7337,3.38093,12.0939,0.400027,1.20034,24.2369,8.42211,4.20252,2.00406,1.17484,0.213964,0.106765,0.10719911009073257,0.24617,1.41723,0.2934,0.715146,,,4.50043,0.116241,0.117387,999,1.38638,-1.26207,1.07963,1.38638,1.26207,3.56049,103.5,3.980769230769231,104,4,,,,,,,,,,,,,,,,,,,"Luis Perales","sa3014677",691384
"Cooper Criswell","SEA",2.01484,1.86102,0.672273,4.04469,26.6812,3.04259,0.158944,1.38386,0.0551465,44.0571,187.827,43.2238,21.5214,19.7997,5.3385,13.7928,0.348995,2.60429,35.1441,7.17926,2.81761,2.548,1.09055,0.187109,0.0734337,0.11367529630661011,0.252137,1.29415,0.289317,0.716457,,,4.23152,0.115993,0.0812994,999,1.58049,-0.103543,0.983794,1.58049,0.103543,3.68828,175.3,3.9840909090909093,178,4.045454545454546,,,,,,,,,,,,,,,,,,,"Cooper Criswell","24975",681867
"Trevor Williams","WSN",1.24336,1.42656,0.25816,4.53114,20.1808,1.63665,0,0.869048,0,27.5725,117.73,28.8446,15.0888,13.8817,4.00352,7.81706,0.195499,0.832489,22.4901,7.34103,2.55158,2.87705,1.3068,0.191031,0.0663981,0.12463254481554031,0.264434,1.32965,0.300787,0.694629,,,4.3325,0.113148,0.0785611,999,1.81462,-1.14501,1.12253,1.81462,1.14501,3.50329,103.6,3.6999999999999997,109,3.892857142857143,,,,,,,,,,,,,,,,,,,"Trevor Williams","16977",592866
"Dylan Ross","NYM",1.35748,0.95538,0,3.93465,35.5404,0,0.0230949,2.33399,0.958318,36.6788,157.98,31.0081,17.4297,16.0353,4.11036,19.0771,0.925741,1.1599,38.7472,9.50754,4.68101,2.03109,1.00857,0.245266,0.120756,0.12450998276472092,0.225115,1.36551,0.283475,0.736634,,,4.13438,0.111613,0.239225,999,2.43176,-1.67014,1.01249,2.43176,1.67014,3.65001,170.00000000000003,4.594594594594596,159,4.297297297297297,,,,,,,,,,,,,,,,,,,"Dylan Ross","sa3025659",697811
"George Klassen","LAA",1.15491,1.36099,0.751915,4.52717,9.9538,2.36204,0,0.808346,0,20.3491,88.4765,19.4892,11.1261,10.236,2.79893,8.85202,0.298237,0.919434,19.2033,8.49325,3.91507,2.16937,1.23791,0.217044,0.100049,0.11699489504098892,0.247623,1.39275,0.294346,0.704883,,,4.47642,0.111386,0.0533246,999,1.35001,-1.04449,1.17566,1.35001,1.04449,3.43246,73.69999999999999,3.6849999999999996,73,3.65,,,,,,,,,,,,,,,,,,,"George Klassen","sa3023440",691946
"Cade Gibson","MIA",2.55876,3.18151,0,4.01978,55.5492,0.100916,0.0234414,6.92181,2.66504,61.6688,267.845,60.0743,29.939,27.5439,5.72398,24.1686,1.88249,4.14586,48.9731,7.14717,3.52719,2.02631,0.835363,0.182841,0.0902336,0.09260748326778412,0.2508,1.36605,0.29405,0.712375,,,4.13092,0.110666,0.320452,999,2.41915,0.00928916,0.725756,2.41915,-0.00928916,4.03232,270.99999999999994,4.370967741935483,274,4.419354838709677,,,,,,,,,,,,,,,,,,,"Cade Gibson","31815",806188
"Sean Sullivan","COL",2.10721,3.02191,2.77504,5.27956,6.72624,6.72624,0,0,0,38.7969,168.426,42.3913,24.738,22.7589,7.07787,11.2156,0.15032,1.91993,28.8616,6.69523,2.60177,2.57333,1.6419,0.171361,0.066591,0.10476972162723541,0.272981,1.38173,0.295879,0.660648,,,5.03466,0.109225,0.0137874,999,0.524509,1.4799,0.81133,0.524509,-1.4799,3.91823,112.30000000000003,2.8794871794871804,123,3.1538461538461537,,,,,,,,,,,,,,,,,,,"Sean Sullivan","sa3023162",807743
"Liam Hendriks",,0.918713,0.9932,0,4.25508,19.9292,0,0.582401,0.555028,0.0548017,20.4117,86.2155,18.3421,10.4896,9.65039,2.77597,7.6173,0.284666,0.85797,20.6969,9.12576,3.35865,2.7171,1.22399,0.240061,0.0883519,0.15170868486166,0.235941,1.27179,0.286842,0.700848,,,4.12082,0.108979,0.0460664,999,2.03263,-2.34451,1.26684,2.03263,2.34451,3.31088,88.3,4.415,85,4.25,,,,,,,,,,,,,,,,,,,"Liam Hendriks","3548",521230
"Paul Sewald",,1.69287,1.95029,0,4.43346,43.5867,0,1.71136,2.8474,3.48597,44.265,185.385,40.1057,23.7013,21.8052,7.28766,14.5608,0.849865,1.90741,44.3885,9.02511,2.96052,3.04849,1.48174,0.239439,0.0785436,0.16089586168527603,0.237429,1.23498,0.27992,0.696414,,,4.38595,0.106943,-0.102621,749.469970703125,1.51566,0.66494,0.960051,1.51566,-0.66494,3.71993,194.5,4.420454545454546,188,4.2727272727272725,,,,,,,,,,,,,,,,,,,"Paul Sewald","13892",623149
"Colton Gordon","HOU",2.38901,2.18287,0.688756,4.35978,31.8288,0.947946,0.163634,1.13687,0,42.6537,181.276,43.0758,22.459,20.6623,6.84461,12.3671,1.05938,1.71046,37.6474,7.94368,2.60947,3.04417,1.44422,0.207681,0.0682225,0.1394582763314247,0.257634,1.29984,0.295269,0.719223,,,4.4461,0.106074,0.0630019,999,2.57341,-0.336211,0.874725,2.57341,0.336211,3.8337,158.3,3.6813953488372095,162,3.7674418604651163,,,,,,,,,,,,,,,,,,,"Colton Gordon","31312",676467
"Tony Gonsolin",,1.55807,0.778279,0.286448,4.52032,3.94952,3.22206,0,0,0,16.865,72.0227,15.0159,9.20715,8.47058,2.71724,7.07038,0.0978947,0.85931,15.8115,8.4378,3.77311,2.2363,1.45006,0.219535,0.0981688,0.121365986764431,0.234283,1.30959,0.269919,0.704465,,,4.76515,0.105843,0.147804,999,1.66272,1.38143,1.23144,1.66272,-1.38143,3.35808,57.900000000000006,3.405882352941177,54,3.176470588235294,,,,,,,,,,,,,,,,,,,"Tony Gonsolin","19388",664062
"Luinder Avila","KCR",1.54589,1.49282,0,4.04874,27.3412,0,0,1.17015,0,31.6504,137.109,29.6113,15.4764,14.2382,2.96524,13.6767,0.503719,1.71858,28.5337,8.11375,3.88907,2.0863,0.843185,0.208109,0.0997506,0.10835873335599899,0.243286,1.36769,0.295361,0.710629,,,4.00927,0.10567,0.176343,999,2.18405,-0.594468,1.07159,2.18405,0.594468,3.57121,135.9,4.246875,135,4.21875,,,,,,,,,,,,,,,,,,,"Luinder Avila","24452",679883
"Noah Schultz","CHW",1.08964,1.24067,1.47194,4.60292,3.33312,3.33312,0,0,0,18.2321,81.4778,18.3291,10.1354,9.32454,2.27371,9.03085,0.0708789,1.06236,14.819,7.31518,4.45794,1.64093,1.12238,0.181878,0.110838,0.0710398480296135,0.256766,1.50065,0.295724,0.712444,,,4.79155,0.104124,0.12154,999,6.07813,-2.18247,1.18985,6.07813,2.18247,3.41353,61.800000000000026,3.433333333333335,64,3.5555555555555554,,,,,,,,,,,,,,,,,,,"Noah Schultz","sa3020949",702273
"Seth Halvorsen","COL",3.15186,3.91982,0,4.62259,58.411,0,8.48597,7.93936,4.53756,61.1613,269.393,61.3211,34.1454,31.4137,8.10471,27.3179,1.31395,2.77475,55.0565,8.10166,4.01988,2.0154,1.19262,0.204372,0.101405,0.10296685248613358,0.256251,1.44927,0.302127,0.705032,,,4.53351,0.103197,0.236791,576.5900268554688,4.72546,0.307212,0.922099,4.72546,-0.307212,3.77053,286.4000000000001,4.695081967213116,293,4.80327868852459,,,,,,,,,,,,,,,,,,,"Seth Halvorsen","33294",678020
"Ryan Watson","BOS",1.90619,1.80652,0,4.32252,36.6052,0,0.0304973,2.88366,0,38.65,166.159,38.6607,20.1769,18.5628,4.81657,13.37,0.96514,1.65649,33.3344,7.76223,3.11332,2.49323,1.12158,0.200618,0.0804652,0.12015310674905777,0.255807,1.3462,0.299556,0.703367,,,4.19661,0.103135,0.0928522,999,1.22467,0.930132,0.93519,1.22467,-0.930132,3.75308,158.70000000000002,4.06923076923077,163,4.17948717948718,,,,,,,,,,,,,,,,,,,"Ryan Watson","sa3015070",670245
"Yohan Ramírez","PIT",2.0784,2.31574,0,4.267,43.2963,0,0.021876,5.12609,1.47015,47.7995,209.163,44.3292,24.6329,22.6623,4.9431,19.9837,1.24471,5.75386,47.692,8.97976,3.76265,2.38655,0.930719,0.228013,0.095541,0.13247229158878326,0.241674,1.34547,0.301138,0.691379,,,4.09935,0.102969,0.0832374,999,2.2657,-0.967853,0.771417,2.2657,0.967853,3.97144,217.30000000000004,4.5270833333333345,213,4.4375,,,,,,,,,,,,,,,,,,,"Yohan Ramirez","19444",670990
"John King",,1.36642,1.14223,0,4.02398,33.4924,0,0,1.24155,1.40258,34.9078,150.323,37.505,16.9648,15.6076,3.40632,10.2002,0.471936,1.03643,23.1474,5.96791,2.62984,2.26931,0.878224,0.153984,0.0678551,0.08612887561321259,0.269652,1.36661,0.303011,0.715953,,,4.04316,0.102085,0.131846,999,0.72931,-1.04317,1.11996,0.72931,1.04317,3.50672,140.3,4.008571428571429,153,4.371428571428571,,,,,,,,,,,,,,,,,,,"John King","22051",667463
"Yariel Rodríguez","TOR",1.65923,1.59151,0.0677675,4.06077,32.8006,0.0926735,0.151776,4.75462,0.443855,35.5913,152.819,30.6566,17.4551,16.0587,4.34455,16.4756,0.849137,2.11623,35.3316,8.93433,4.16619,2.14449,1.09861,0.231199,0.107811,0.12338805198669434,0.228393,1.32426,0.278284,0.722953,,,4.30372,0.101872,0.149598,746.3800048828125,1.60099,-0.564783,1.01754,1.60099,0.564783,3.64328,172.60000000000005,4.794444444444446,164,4.555555555555555,,,,,,,,,,,,,,,,,,,"Yariel Rodriguez","33838",684320
"Bradgley Rodriguez","SDP",3.16982,1.3084,0,4.08964,38.9468,0,0,3.02001,1.28939,41.9018,183.03,37.8121,20.696,19.0404,4.49843,18.9426,3.40518,4.34098,37.932,8.14735,4.06864,2.00247,0.966209,0.207245,0.103495,0.10375045984983444,0.236701,1.35447,0.283966,0.714643,,,4.38726,0.101458,0.0967396,999,1.8859,0.898317,0.834434,1.8859,-0.898317,3.88742,181.8,4.328571428571429,177,4.214285714285714,,,,,,,,,,,,,,,,,,,"Bradgley Rodriguez","29107",699134
"Caden Dana","LAA",3.97931,6.3488,4.93958,5.10353,16.2618,15.834,0,0.175435,0,85.0951,372.057,82.9617,52.4499,48.2539,15.2971,37.5292,0.431462,3.93923,73.0962,7.73094,3.96923,1.94772,1.61788,0.196465,0.100869,0.09559556841850281,0.250952,1.41596,0.27938,0.686763,,,5.21605,0.100131,0.106935,740.739990234375,1.84381,-0.956124,0.585095,1.84381,0.956124,4.21987,248.7,2.9258823529411764,250,2.9411764705882355,,,,,,,,,,,,,,,,,,,"Caden Dana","31508",702674
"Sean Guenther","DET",0.507175,0.867872,0,3.91066,13.7907,0.107212,0,1.79089,0.219724,14.8443,63.2688,14.7843,7.01099,6.45011,1.6009,4.67626,0.204693,0.611312,11.7023,7.09501,2.83519,2.50248,0.970612,0.184961,0.0739111,0.11105004698038101,0.254984,1.31098,0.295076,0.723001,,,4.02907,0.0996126,0.0772335,999,1.42119,-0.60401,1.3968,1.42119,0.60401,3.13759,61.400000000000006,4.093333333333334,63,4.2,,,,,,,,,,,,,,,,,,,"Sean Guenther","20045",674944
"Brandon Young","BAL",1.28118,1.91107,1.27981,4.58842,16.6182,3.31794,0,0.692488,0,30.9742,131.401,30.9463,17.1646,15.7914,4.9038,9.53763,0.202854,0.78165,26.769,7.7781,2.77129,2.80667,1.42487,0.20372,0.0725844,0.1311359405517578,0.255583,1.30702,0.291275,0.693644,,,4.46428,0.099372,0.030367,999,2.08849,-1.64957,1.0721,2.08849,1.64957,3.57053,112.29999999999998,3.62258064516129,115,3.7096774193548385,,,,,,,,,,,,,,,,,,,"Brandon Young","27819",687064
"Tink Hence","STL",0.264604,0.530595,0.472638,4.40344,2.30508,1.94859,0,0,0,9.59516,41.2842,9.31612,5.10286,4.69463,1.27114,3.7841,0.0754833,0.26208,8.20591,7.69692,3.54938,2.16853,1.1923,0.198766,0.0916597,0.10710666328668594,0.250178,1.36529,0.289794,0.706442,,,4.41199,0.0989614,0.123034,999,1.52015,0.640077,1.42884,1.52015,-0.640077,3.09488,42.300000000000004,4.23,41,4.1,,,,,,,,,,,,,,,,,,,"Tink Hence","sa3014709",693311
"Bryan Hoeing","SDP",1.14733,0.966053,0.12638,4.14249,19.264,0.624018,0,0.813959,0,23.1631,98.2276,22.5475,11.5885,10.6614,2.75669,7.48175,0.262438,0.793824,18.9833,7.37594,2.90703,2.53728,1.07111,0.193258,0.0761675,0.11709066480398178,0.250661,1.29643,0.290136,0.704655,,,4.11502,0.0983126,0.0519071,999,0.622217,-0.324956,1.24219,0.622217,0.324956,3.34375,91.50000000000001,3.978260869565218,94,4.086956521739131,,,,,,,,,,,,,,,,,,,"Bryan Hoeing","26304",663773
"Ron Marinaccio","SDP",1.88249,1.22903,0,4.24289,36.213,0,0,1.5714,2.35525,40.3166,173.995,36.2845,20.6592,19.0065,5.0467,17.63,0.539542,2.7597,38.0951,8.5041,3.93559,2.16082,1.12659,0.218943,0.101324,0.11761889606714249,0.236219,1.33728,0.282788,0.709837,,,4.38985,0.095449,-0.0099917,999,1.15872,-0.26994,0.910439,1.15872,0.26994,3.78608,161.9,4.0475,156,3.9,,,,,,,,,,,,,,,,,,,"Ron Marinaccio","23488",676760
"Rob Zastryzny","MIL",2.69712,1.53636,0,4.08869,44.6079,0.385545,0,3.21068,0.929772,44.2224,188.226,41.3333,21.8371,20.0902,5.8855,16.244,2.03098,1.96113,40.3272,8.20726,3.30593,2.48259,1.1978,0.214249,0.0863008,0.1279483437538147,0.243108,1.30199,0.286313,0.7244,,,4.27647,0.0951357,0.109018,999,1.2834,-1.1326,0.870695,1.2834,1.1326,3.83907,183.20000000000002,4.163636363636364,180,4.090909090909091,,,,,,,,,,,,,,,,,,,"Rob Zastryzny","15094",642239
"Yerry De los Santos","NYY",0.943274,1.03438,0,4.02491,29.4097,0,0.0522964,2.05291,0,32.4424,140.012,31.7991,15.7702,14.5086,3.28076,12.4996,0.756306,1.30592,26.2017,7.26874,3.46757,2.09621,0.910131,0.187139,0.0892751,0.0978640764951706,0.251961,1.36546,0.294842,0.718499,,,4.11111,0.0942477,0.0737064,999,1.78558,-1.48145,1.14258,1.78558,1.48145,3.47657,137.7,4.303125,142,4.4375,,,,,,,,,,,,,,,,,,,"Yerry De los Santos","21420",660787
"Zack Kelly","BOS",2.40743,2.52788,0,4.33272,52.2218,0.0991468,0.0251319,7.09905,1.66863,57.1363,247.938,52.6762,29.898,27.5062,6.92244,25.7861,1.58905,3.20917,54.7285,8.62073,4.06177,2.12241,1.09041,0.220734,0.104002,0.11673247069120407,0.240593,1.37325,0.290884,0.706175,,,4.31688,0.0913073,0.059489,999,1.274,-0.213811,0.606644,1.274,0.213811,4.19114,248.89999999999992,4.366666666666665,245,4.298245614035087,,,,,,,,,,,,,,,,,,,"Zack Kelly","20349",677161
"Alex Lange","KCR",1.9589,2.20659,0,4.00883,46.1968,0,0.400359,4.38541,0.863617,45.8988,202.179,40.4508,22.2223,20.4445,4.28727,25.5035,0.612995,2.65897,47.3265,9.27995,5.00082,1.85569,0.840663,0.234082,0.126143,0.10793910920619965,0.232454,1.43695,0.295447,0.729449,,,4.12795,0.0898669,0.208463,999,2.5232,-2.50062,0.824404,2.5232,2.50062,3.90079,210.20000000000005,4.569565217391306,201,4.369565217391305,,,,,,,,,,,,,,,,,,,"Alex Lange","19883",656638
"Cole Sulser","TBR",2.54152,1.82632,0,4.14935,44.9267,0.178539,0.0136502,4.60745,0.560167,50.0709,211.373,47.3334,25.092,23.0846,6.81032,16.5473,1.32692,1.78599,44.5438,8.00653,2.97429,2.69191,1.22412,0.210735,0.0782847,0.13245069235563278,0.2452,1.2758,0.286007,0.713733,,,4.22252,0.0895198,0.115166,999,2.807,2.69778,0.836781,2.807,-2.69778,3.88429,214.7,4.294,212,4.24,,,,,,,,,,,,,,,,,,,"Cole Sulser","15256",642121
"Dane Dunning","SEA",0.881086,0.722038,0.686027,4.36213,8.53722,2.24887,0.00952939,0.25138,0,17.8265,76.4139,17.4404,9.3915,8.64018,2.32221,6.046,0.451533,1.05227,15.4396,7.79491,3.05241,2.55368,1.17241,0.202052,0.0791217,0.12293016910552979,0.251609,1.3175,0.293251,0.69655,,,4.29097,0.0888866,0.0699951,999,1.83544,-0.990162,1.28802,1.83544,0.990162,3.28264,73.40000000000002,4.077777777777779,73,4.055555555555555,,,,,,,,,,,,,,,,,,,"Dane Dunning","19409",641540
"Austin Peterson","CLE",1.12495,1.69569,0.954368,4.54025,12.498,2.89442,0,0.961565,0,25.8144,109.847,27.0239,14.1551,13.0227,4.03352,6.74872,0.309465,0.953985,18.7253,6.52843,2.35289,2.77464,1.40626,0.170468,0.0614377,0.10902989283204079,0.264567,1.30829,0.289606,0.697496,,,4.6108,0.0874495,0.084074,999,1.0431,-0.546997,1.18471,1.0431,0.546997,3.42039,90.99999999999999,3.4999999999999996,96,3.6923076923076925,,,,,,,,,,,,,,,,,,,"Austin Peterson","sa3020868",804926
"Jonathan Loáisiga","ARI",1.57987,1.68921,0,3.87885,48.1824,0,0.181364,5.89457,5.21016,50.9405,218.113,50.9252,23.8636,21.9545,5.62677,16.4483,1.82129,2.50301,42.5799,7.52288,2.90603,2.58871,0.994119,0.195219,0.0754116,0.11980746686458588,0.255697,1.32259,0.300078,0.731307,,,4.01542,0.0873415,0.323302,745.3800048828125,2.47223,-1.81386,0.963563,2.47223,1.81386,3.71525,224.00000000000003,4.392156862745098,230,4.509803921568627,,,,,,,,,,,,,,,,,,,"Jonathan Loaisiga","19753",642528
"Hayden Harris","ATL",1.28355,1.36429,0,3.96308,28.4657,0,0,1.41527,0.347083,29.7364,126.957,26.3081,14.2328,13.0942,3.34458,12.5334,0.335932,1.58295,30.8093,9.32474,3.79336,2.45817,1.01227,0.242675,0.0987215,0.1439531370997429,0.233144,1.3062,0.291834,0.720415,,,3.94929,0.0849793,0.194808,999,1.21727,-0.85458,1.13083,1.21727,0.85458,3.49223,138.5,4.616666666666666,132,4.4,,,,,,,,,,,,,,,,,,,"Hayden Harris","31913",802686
"Braden Nett","ATH",1.4641,2.1707,1.59917,4.77924,13.6071,3.99642,0,0.6978,0,30.2426,135.087,30.6903,17.4561,16.0596,3.78752,15.0059,0.37446,1.38497,24.8457,7.39393,4.46566,1.65573,1.12714,0.183924,0.111083,0.07284052670001984,0.258562,1.51099,0.298711,0.699122,,,4.74608,0.0841461,0.0665786,999,2.29361,-1.09283,0.94012,2.29361,1.09283,3.74651,98.20000000000002,3.273333333333334,104,3.466666666666667,,,,,,,,,,,,,,,,,,,"Braden Nett","sa3020336",804556
"Pedro Avila","CLE",1.77141,1.96286,0.321802,4.41774,22.627,1.50608,0.00149628,1.52569,0,31.0145,135.363,30.1089,16.5476,15.2238,3.71637,13.2859,0.580698,1.71564,26.9558,7.82221,3.8554,2.0289,1.07844,0.199137,0.0981506,0.10098672658205032,0.250155,1.39918,0.294267,0.702956,,,4.4057,0.0822049,-0.0258082,999,0.855386,-0.0986047,0.99726,0.855386,0.0986047,3.67032,119.19999999999999,3.8451612903225802,120,3.870967741935484,,,,,,,,,,,,,,,,,,,"Pedro Avila","18864",658648
"Justin Sterner","ATH",3.2118,3.4748,0,4.23143,60.6091,0.150315,8.09403,10.0683,4.28424,65.8416,279.023,60.3211,33.6479,30.956,10.296,23.6069,2.76432,3.88853,65.5453,8.95949,3.22687,2.77653,1.40738,0.23491,0.0846058,0.15030443668365479,0.239819,1.2747,0.284742,0.723314,,,4.42982,0.0814762,0.0498064,451.260009765625,1.85055,0.0478414,0.837477,1.85055,-0.0478414,3.88336,337.4000000000001,5.112121212121213,328,4.96969696969697,,,,,,,,,,,,,,,,,,,"Justin Sterner","27694",686993
"Chase Silseth","LAA",1.86584,2.25342,0,4.19398,41.6732,0,0,3.6484,0.40814,48.2938,208.506,43.8975,24.4618,22.5048,6.0423,21.704,1.29377,2.36996,47.0887,8.77541,4.04474,2.16958,1.12604,0.225838,0.104093,0.12174515426158905,0.238014,1.35838,0.288307,0.719952,,,4.30701,0.0813836,0.104528,746.5599975585938,2.08959,-1.67217,0.801159,2.08959,1.67217,3.93179,205.00000000000003,4.270833333333334,200,4.166666666666667,,,,,,,,,,,,,,,,,,,"Chase Silseth","30074",681217
"Anthony Nunez","BAL",1.21941,1.3871,0,4.03812,21.4219,0,0,1.32025,0,22.0713,94.2923,19.4474,10.7641,9.90296,2.70028,9.18834,0.558029,1.42894,23.2502,9.48071,3.74672,2.5304,1.10109,0.246576,0.0974453,0.1491304337978363,0.232416,1.29742,0.290122,0.719027,,,4.06191,0.0809386,0.0181457,999,1.15821,-1.37214,1.2167,1.15821,1.37214,3.37773,96.5,4.386363636363637,91,4.136363636363637,,,,,,,,,,,,,,,,,,,"Anthony Nunez","sa3010171",689296
"Jonathan Bowlan","PHI",2.57817,2.27423,0,4.1958,48.9575,0.0320886,0.0231874,5.51302,1.28465,55.4289,235.505,52.8072,28.088,25.8409,7.96362,19.3521,0.405778,2.04816,52.2134,8.47791,3.1422,2.69808,1.29305,0.221708,0.0821724,0.1395355612039566,0.246641,1.30184,0.291328,0.722359,,,4.27715,0.0808357,0.152257,999,2.22186,-0.344128,0.713803,2.22186,0.344128,4.04826,235.8,4.287272727272727,236,4.290909090909091,,,,,,,,,,,,,,,,,,,"Jonathan Bowlan","24607",680742
"Mitch Spence","ATH",1.49176,1.6798,0.0689398,4.47873,26.7958,1.05039,0.0121403,1.17349,0,37.1927,160.216,38.8844,20.1179,18.5085,5.18816,11.3664,0.767916,1.73429,30.5111,7.38315,2.75048,2.68431,1.25545,0.190437,0.0709444,0.11949259042739868,0.264312,1.35109,0.302436,0.700971,,,4.36457,0.0804794,-0.007972,999,2.63294,-0.364515,0.9705,2.63294,0.364515,3.706,137.9,3.7270270270270274,147,3.972972972972973,,,,,,,,,,,,,,,,,,,"Mitch Spence","27707",687765
"Ethan Roberts","CHC",1.38561,1.47563,0,4.34188,30.6916,0,0,1.42716,0,32.5579,140.089,30.279,17.0728,15.707,4.39596,13.1198,0.533916,1.94713,30.7326,8.49544,3.62672,2.34246,1.21518,0.219379,0.0936532,0.12572543323040009,0.242188,1.33297,0.287929,0.706845,,,4.39084,0.0783751,0.0249024,999,1.39745,-0.260517,1.0378,1.39745,0.260517,3.61627,138.00000000000006,4.181818181818183,134,4.0606060606060606,,,,,,,,,,,,,,,,,,,"Ethan Roberts","24930",681799
"Chase Lee","TOR",0.884888,0.809928,0,4.04024,19.9336,0,0,1.22337,0.762575,21.8997,92.2043,20.5839,10.686,9.83111,2.98003,6.87788,0.544014,1.0143,20.9428,8.60674,2.82656,3.04495,1.22469,0.227135,0.0745939,0.15254072099924088,0.24414,1.25398,0.291507,0.720308,,,4.07265,0.0782318,0.0278511,999,3.00424,-1.87012,1.28282,3.00424,1.87012,3.28958,93.30000000000001,4.240909090909091,93,4.2272727272727275,,,,,,,,,,,,,,,,,,,"Chase Lee","29574",695445
"JR Ritchie","ATL",0.441959,0.562321,0.831533,4.56299,2.11207,2.11207,0,0,0,10.8586,47.2545,10.6788,5.98401,5.50529,1.41907,4.14882,0.0418732,0.828447,8.9059,7.38156,3.4387,2.14661,1.17618,0.188467,0.0877974,0.10066957026720047,0.252589,1.36552,0.289798,0.688704,,,4.56883,0.0764421,0.0941728,999,0.636682,-0.0663607,1.39279,0.636682,0.0663607,3.14294,43.50000000000001,3.954545454545455,45,4.090909090909091,,,,,,,,,,,,,,,,,,,"JR Ritchie","sa3020395",702275
"Adbert Alzolay","NYM",2.07358,2.26511,0,4.1289,45.3805,0,0.779425,3.23307,7.9455,46.048,194.132,42.9872,22.9623,21.1253,6.64694,14.7947,1.00304,2.35087,43.1104,8.42585,2.89161,2.9139,1.29913,0.222067,0.0762096,0.14585726708173752,0.242884,1.25482,0.285628,0.718284,,,4.25628,0.0750796,0.105953,999,1.54411,-0.844167,0.938205,1.54411,0.844167,3.74906,194.50000000000006,4.228260869565219,191,4.1521739130434785,,,,,,,,,,,,,,,,,,,"Adbert Alzolay","17859",640470
"Grant Anderson","MIL",2.30425,2.79651,0,4.24226,52.6241,0,0.0299514,6.98397,2.99771,56.8594,242.933,52.6618,29.132,26.8014,7.75999,22.1556,1.88699,2.65417,55.9004,8.8482,3.5069,2.52308,1.22829,0.230107,0.0912005,0.13890614360570908,0.241432,1.31583,0.290697,0.714355,,,4.25207,0.0747814,0.0900271,999,1.88374,-0.307152,0.681302,1.88374,0.307152,4.0916,250.59999999999997,4.3964912280701745,246,4.315789473684211,,,,,,,,,,,,,,,,,,,"Grant Anderson","20546",681982
"Tim Mayza","PHI",1.1505,0.822591,0,4.11789,24.009,0,0,1.30859,0.629521,23.8193,102.401,24.1075,11.8461,10.8984,2.70804,7.98458,0.509572,0.994386,19.3564,7.31369,3.01693,2.42422,1.02322,0.189026,0.0779738,0.1110517829656601,0.25805,1.34731,0.299891,0.715386,,,4.11873,0.0743853,0.0882966,999,1.03971,-1.20068,1.21474,1.03971,1.20068,3.38035,93.30000000000001,3.8875000000000006,96,4,,,,,,,,,,,,,,,,,,,"Tim Mayza","15042",641835
"Trey Gibson","BAL",0.0943629,0.695919,0.56095,4.47927,1.34087,1.34087,0,0,0,6.80882,29.6574,6.80055,3.68339,3.38872,0.84393,2.50927,0.0261141,0.533944,5.96028,7.87839,3.3168,2.3753,1.11552,0.200971,0.0846086,0.11636218428611755,0.255523,1.36732,0.300688,0.692201,,,4.33655,0.0740154,0.0260711,999,1.05171,-0.600344,1.47652,1.05171,0.600344,3.03131,21.3,3.042857142857143,22,3.142857142857143,,,,,,,,,,,,,,,,,,,"Trey Gibson","sa3023250",694346
"Dylan Dodd","ATL",1.18941,1.19719,0,4.20328,33.0297,0.0995576,0,1.62892,0.674882,37.2248,157.52,38.0233,18.8969,17.3851,4.9049,10.0926,0.620752,1.08052,31.8809,7.70799,2.44012,3.15885,1.18588,0.202392,0.0640714,0.13832076638936996,0.259815,1.29258,0.302281,0.708356,,,4.03564,0.07386,0.0643574,999,2.17417,-0.429759,1.07387,2.17417,0.429759,3.56817,152.5,4.121621621621622,159,4.297297297297297,,,,,,,,,,,,,,,,,,,"Dylan Dodd","29928",689266
"Joey Lucchesi",,1.66492,1.57779,0.03422,4.22018,36.6846,0.193111,0,1.46471,0,40.8915,175.776,40.2662,20.8417,19.1744,4.74964,14.9996,0.684563,1.51602,31.6876,6.97428,3.30134,2.11256,1.04537,0.180273,0.0853337,0.09493902325630188,0.252833,1.35153,0.289169,0.708078,,,4.30694,0.0724124,0.0433182,999,1.31357,-0.0603865,0.970883,1.31357,0.0603865,3.70549,154.90000000000003,3.7780487804878056,157,3.8292682926829267,,,,,,,,,,,,,,,,,,,"Joey Lucchesi","19320",664192
"Gregory Santos","SFG",0.570854,1.00086,0,3.90221,16.1067,0,0.499905,1.55305,2.38702,16.7581,73.3682,16.2532,7.89777,7.26595,1.33396,7.53922,0.72772,0.809636,14.5521,7.81525,4.04897,1.93018,0.716411,0.198343,0.102759,0.09558460116386414,0.249976,1.41976,0.303649,0.72496,,,3.92782,0.0718969,0.09045,999,1.39846,-0.791942,1.33619,1.39846,0.791942,3.21841,82.9,4.876470588235295,83,4.882352941176471,,,,,,,,,,,,,,,,,,,"Gregory Santos","21894",666619
"Danny Young","ATL",0.960136,0.693207,0,3.93387,19.3788,0,0,3.73029,0,19.2248,83.6314,17.2347,9.13379,8.40309,1.79749,8.62921,0.294962,1.82337,20.2826,9.49522,4.03973,2.35046,0.841488,0.242524,0.103181,0.1393422856926918,0.235515,1.34534,0.302106,0.716573,,,3.87168,0.07096,0.10979,999,0.618939,-0.244404,1.26263,0.618939,0.244404,3.3165,94.8,4.989473684210526,92,4.842105263157895,,,,,,,,,,,,,,,,,,,"Danny Young","18439",664849
"Dax Fulton","MIA",0.548891,1.3106,0.42739,4.48762,9.2983,1.63955,0,0.598596,0,14.9247,65.8922,14.7791,8.08893,7.44181,1.70481,7.01754,0.252478,0.66483,12.4415,7.50255,4.23177,1.77291,1.02805,0.188815,0.1065,0.08231490850448608,0.253893,1.46044,0.296713,0.706222,,,4.49709,0.0698573,0.091312,999,1.12584,-0.455254,1.30272,1.12584,0.455254,3.26304,51.400000000000006,3.426666666666667,53,3.533333333333333,,,,,,,,,,,,,,,,,,,"Dax Fulton","sa3014535",690978
"Andrew Saalfrank","ARI",4.14222,3.40252,0.000998156,4.12,61.9203,0.001365,13.6868,10.7383,3.01112,65.4596,284.844,61.1481,32.5717,29.966,5.97911,31.0566,6.31685,2.15234,55.7823,7.66948,4.26995,1.79615,0.822064,0.195834,0.10903,0.08680452406406403,0.243002,1.40857,0.290555,0.711322,,,4.14019,0.0693669,0.168419,579.3200073242188,2.69082,1.2098,1.18918,2.69082,-1.2098,3.41443,375.6,5.7784615384615385,374,5.753846153846154,,,,,,,,,,,,,,,,,,,"Andrew Saalfrank","26203",685314
"Angel Bastardo","TOR",0.6536,0.753618,0,4.1775,14.1252,0.307986,0,1.3163,0,15.7217,67.6279,14.6074,7.93206,7.2975,1.85253,6.57129,0.352888,0.699042,15.3666,8.79668,3.76177,2.33844,1.06049,0.227222,0.0971682,0.13005389273166656,0.242013,1.34709,0.295671,0.712752,,,4.09945,0.068615,0.0202557,999,1.2867,-0.0534334,1.32168,1.2867,0.0534334,3.23776,64.80000000000001,4.050000000000001,64,4,,,,,,,,,,,,,,,,,,,"Angel Bastardo","sa3009716",682785
"Kyle Nicolas","PIT",1.81518,2.03869,0,4.29388,44.8541,0,0.283122,3.38463,2.10133,48.8895,215.242,45.5884,25.3533,23.325,5.28503,24.7557,0.68548,2.62994,48.0435,8.84427,4.55725,1.9407,0.972915,0.223207,0.115013,0.10819325596094131,0.242676,1.43884,0.299591,0.714763,,,4.25553,0.0679113,0.136936,999,3.07393,-1.43993,0.738372,3.07393,1.43993,4.0155,205.50000000000003,4.1938775510204085,204,4.163265306122449,,,,,,,,,,,,,,,,,,,"Kyle Nicolas","27775",693312
"Travis Adams","MIN",2.60609,3.60211,0.257416,4.67582,43.6028,1.7465,0.0160419,7.44902,1.66561,59.3473,257.236,60.8295,33.5141,30.833,7.69834,21.1476,0.897533,2.55805,47.9471,7.27116,3.20704,2.26725,1.16745,0.186394,0.0822112,0.10418239235877991,0.260478,1.38131,0.298683,0.680665,,,4.40396,0.0674703,-0.228189,999,3.95975,-3.08343,0.547862,3.95975,3.08343,4.26952,231.60000000000005,3.92542372881356,243,4.11864406779661,,,,,,,,,,,,,,,,,,,"Travis Adams","30180",701519
"Bryan Hudson","CHW",0.349931,0.358396,0,3.99827,16.2816,0,0,1.97,0.39048,17.7349,75.8343,15.91,8.56387,7.87876,2.03653,7.59866,0.745737,0.717262,16.7843,8.51763,3.85613,2.20885,1.03349,0.221329,0.100201,0.12112818658351898,0.235639,1.32556,0.28489,0.723455,,,4.14185,0.0664199,0.0414598,999,1.3071,0.33767,1.3485,1.3071,-0.33767,3.202,82.00000000000003,4.555555555555557,79,4.388888888888889,,,,,,,,,,,,,,,,,,,"Bryan Hudson","19924",663542
"Erick Fedde",,1.14488,1.54956,0.935382,4.89877,4.05043,3.88417,0,0.0335071,0,21.3428,92.2391,21.2273,12.6272,11.6171,3.29113,8.46838,0.160255,0.65445,14.8746,6.27245,3.57101,1.75649,1.38783,0.161262,0.091809,0.06945287436246872,0.255393,1.39137,0.276152,0.680341,,,5.02822,0.0664008,0.0170534,999,1.36417,-0.0777009,1.17261,1.36417,0.0777009,3.43652,66.9,3.185714285714286,69,3.2857142857142856,,,,,,,,,,,,,,,,,,,"Erick Fedde","17425",607200
"Griff McGarry","WSN",1.66868,2.3264,0,4.27929,41.2102,0,0,6.48531,0,47.5177,208.273,39.9218,24.5582,22.5935,5.27592,27.4292,1.12845,2.64518,52.1346,9.87447,5.19518,1.9007,0.999276,0.250319,0.131698,0.11862082779407501,0.224031,1.41739,0.286833,0.713633,,,4.28294,0.0655094,0.0355211,999,1.62398,-1.16673,0.737819,1.62398,1.16673,4.01624,227.70000000000005,4.743750000000001,213,4.4375,,,,,,,,,,,,,,,,,,,"Griff McGarry","sa3017130",676046
"Nestor Cortes",,1.15635,0.859719,0.697735,4.49298,2.76246,2.53077,0,0,0,12.9617,54.1027,11.8042,7.0334,6.47073,2.42306,4.13122,0.0471517,0.448899,11.2341,7.80044,2.86854,2.71931,1.68247,0.207643,0.0763588,0.13128452748060226,0.238359,1.22943,0.261564,0.709713,,,4.89201,0.0650993,0.109375,999,1.60684,0.218359,1.34669,1.60684,-0.218359,3.20441,50.39999999999999,3.8769230769230765,49,3.769230769230769,,,,,,,,,,,,,,,,,,,"Nestor Cortes","17874",641482
"Tanner McDougal","CHW",1.06321,1.75189,1.39471,4.78634,10.9541,3.74677,0,0.412879,0,25.8055,114.497,25.55,14.9171,13.7238,3.58419,12.5131,0.287587,1.33968,22.0491,7.68992,4.3641,1.76209,1.25003,0.192574,0.109288,0.08328662067651749,0.253865,1.475,0.292836,0.700433,,,4.84231,0.0646759,0.0505431,999,1.22851,-0.780721,1.05095,1.22851,0.780721,3.59874,77.6,2.9846153846153842,80,3.076923076923077,,,,,,,,,,,,,,,,,,,"Tanner McDougal","sa3017471",701780
"Gus Varland","WSN",1.56634,2.28878,0,4.4033,40.0208,0,0.028193,3.78018,0.552532,41.629,181.195,41.0405,22.1383,20.3672,5.23863,16.7887,1.05999,2.22573,38.8955,8.40902,3.62963,2.31677,1.13257,0.21466,0.0926551,0.12200534343719482,0.253054,1.38915,0.303285,0.706819,,,4.27267,0.062193,0.0183968,750,2.25417,-1.39259,0.858407,2.25417,1.39259,3.85546,179.70000000000002,4.278571428571429,182,4.333333333333333,,,,,,,,,,,,,,,,,,,"Gus Varland","24737",681402
"José Leclerc",,1.52498,1.55618,0,4.17031,35.3853,0,0.0468793,1.38019,4.61952,36.7155,157.248,31.9297,18.4921,17.0128,4.93839,16.7438,0.513625,1.73272,38.8906,9.53317,4.10438,2.32268,1.21054,0.247319,0.10648,0.14083922654390335,0.230088,1.32569,0.28429,0.722738,,,4.27491,0.0618972,0.13645,999,1.2198,0.169291,0.975851,1.2198,-0.169291,3.69886,154.10000000000002,4.164864864864866,145,3.918918918918919,,,,,,,,,,,,,,,,,,,"Jose Leclerc","14524",600917
"Chris Roycroft","STL",1.85229,2.1615,0,4.43883,36.4773,0,0.0173069,1.66301,1.92435,39.945,176.77,39.8951,21.4142,19.701,3.9258,18.5953,1.0321,2.04002,31.9559,7.19996,4.1897,1.71849,0.884521,0.180776,0.105194,0.07558149844408035,0.255517,1.46427,0.299112,0.699627,,,4.36256,0.0610924,-0.0099917,999,2.97542,-2.3236,0.853845,2.97542,2.3236,3.86154,151.8,3.7950000000000004,157,3.925,,,,,,,,,,,,,,,,,,,"Chris Roycroft","31261",688297
"Mason Black","KCR",1.41074,2.59163,1.10901,4.90698,19.1105,3.26529,0,0.651926,0,36.5672,160.382,36.6428,21.6708,19.9371,5.51843,15.6463,0.210976,1.68194,29.8282,7.34139,3.8509,1.90641,1.35821,0.185983,0.0975565,0.0884263813495636,0.256148,1.42995,0.288974,0.687074,,,4.88719,0.0601939,-0.0890293,999,2.48102,-1.45721,0.871698,2.48102,1.45721,3.83774,113.8,3.075675675675676,117,3.1621621621621623,,,,,,,,,,,,,,,,,,,"Mason Black","30171",696131
"Hunter Stratton","ATL",0.824074,0.881492,0,4.23676,20.3093,0,0.035943,2.19387,1.35099,21.8217,93.9239,21.4286,11.1658,10.2726,2.67055,7.55551,0.263053,1.43877,19.4887,8.03781,3.11615,2.5794,1.10143,0.207495,0.0804429,0.12705185264348984,0.25231,1.32823,0.298836,0.705805,,,4.17642,0.059421,0.068356,999,1.862,-1.07537,1.24629,1.862,1.07537,3.33828,90.30000000000001,4.104545454545455,90,4.090909090909091,,,,,,,,,,,,,,,,,,,"Hunter Stratton","23455",676702
"Paxton Schultz","WSN",1.64916,1.91885,0,4.37004,32.7497,0.287074,0,1.57554,0,39.777,170.7,38.2228,20.9936,19.3141,5.67572,15.3219,0.679838,1.40431,36.7377,8.31233,3.46676,2.39772,1.2842,0.215218,0.0897594,0.12545841187238693,0.248242,1.34612,0.291744,0.713861,,,4.4044,0.0587188,0.0127089,999,2.34298,-2.86958,0.914035,2.34298,2.86958,3.78129,157.39999999999998,3.9349999999999996,156,3.9,,,,,,,,,,,,,,,,,,,"Paxton Schultz","25501",687606
"Welinton Herrera","COL",0.718444,1.39744,0,4.47064,16.1935,0,0,0.812358,0,16.8952,74.4109,16.8572,9.12226,8.39248,2.12094,7.42778,0.435259,0.960927,16.3597,8.71477,3.95675,2.20251,1.12982,0.219857,0.0998212,0.12003564089536667,0.255326,1.43739,0.309966,0.711341,,,4.32002,0.0578895,0.108678,999,1.03267,-0.990668,1.24921,1.03267,0.990668,3.33439,69.00000000000001,4.058823529411765,71,4.176470588235294,,,,,,,,,,,,,,,,,,,"Welinton Herrera","sa3016061",700327
"Pete Hansen","STL",0.118739,0.523593,0.491213,4.68082,1.53779,1.53779,0,0,0,7.81679,33.9684,8.49891,4.41896,4.06544,1.07628,2.52087,0.0555404,0.201813,5.1333,5.91031,2.90244,2.03632,1.23919,0.15112,0.074212,0.07690761238336563,0.272002,1.40976,0.296476,0.693874,,,4.65661,0.0574514,0.0984272,999,1.21413,-0.191411,1.46002,1.21413,0.191411,3.05331,27.100000000000005,3.3875000000000006,28,3.5,,,,,,,,,,,,,,,,,,,"Pete Hansen","sa3020798",677337
"Joel Payamps","ATL",1.88554,2.13536,0,4.22452,49.5936,0,0.323144,7.4953,0.942633,49.8048,211.201,48.2272,25.4108,23.3779,6.55366,15.7703,1.43136,2.27196,45.7379,8.26509,2.84978,2.90026,1.18428,0.21656,0.0746694,0.14189103245735168,0.249676,1.28497,0.295835,0.70385,,,4.09586,0.0566203,0.155351,999,1.6748,-1.52825,0.864921,1.6748,1.52825,3.84677,225.09999999999997,4.501999999999999,225,4.5,,,,,,,,,,,,,,,,,,,"Joel Payamps","14332",606303
"Shane Drohan","BOS",0.871828,0.792981,0.0281031,4.19679,14.1311,0.0384316,0,0.787126,0,14.9127,64.1189,13.8107,7.55866,6.95397,1.7703,6.24543,0.360858,0.666712,14.6968,8.86969,3.76919,2.35321,1.06839,0.229212,0.0974039,0.13180799782276154,0.241417,1.3449,0.295544,0.710983,,,4.09785,0.0564215,0.00524171,999,1.0958,-0.452743,1.31317,1.0958,0.452743,3.24911,63.00000000000001,4.2,62,4.133333333333334,,,,,,,,,,,,,,,,,,,"Shane Drohan","sa3014447",675660
"Jhonathan Díaz",,0.199875,0.0661528,0.27533,4.21205,6.66601,0.725709,0,0.405086,0,9.66321,40.6504,9.14569,4.91569,4.52244,1.07092,3.10811,0,0.276686,7.70785,7.17884,2.8948,2.47991,0.997419,0.189613,0.0764595,0.11315340548753738,0.245419,1.26809,0.283456,0.682328,,,4.03139,0.0549641,0.0254445,999,0.858003,-3.31675,1.46595,0.858003,3.31675,3.0454,45.300000000000004,4.53,44,4.4,,,,,,,,,,,,,,,,,,,"Jhonathan Diaz","20298",646242
"Easton McGee","MIL",1.29612,0.669165,0,4.1909,23.0961,0,0,0.959338,0,27.14,115.273,25.973,13.7368,12.6379,3.17838,9.19788,0.936824,1.12485,22.7811,7.55454,3.05015,2.47678,1.05399,0.197627,0.0797922,0.1178351417183876,0.247479,1.29591,0.288573,0.697697,,,4.11984,0.0534464,0.0157424,999,1.20217,-0.678219,1.17793,1.20217,0.678219,3.42943,115.30000000000001,4.270370370370371,116,4.296296296296297,,,,,,,,,,,,,,,,,,,"Easton McGee","22176",668834
"Duncan Davitt","CHW",0.789637,1.64158,0.897432,4.75421,12.4261,2.59653,0,1.32731,0,24.289,105.266,25.311,13.9463,12.8306,3.80211,7.99185,0.330965,1.28183,18.8632,6.98953,2.96128,2.36031,1.40882,0.179196,0.0759207,0.10327547043561935,0.263678,1.37111,0.293329,0.691802,,,4.76229,0.0528645,0.00313167,999,1.26822,-0.353632,1.16555,1.26822,0.353632,3.44593,78.40000000000003,3.266666666666668,83,3.4583333333333335,,,,,,,,,,,,,,,,,,,"Duncan Davitt","sa3020394",701474
"Enyel De Los Santos","HOU",3.0394,2.50934,0,4.35484,58.0881,0,0.0612859,7.69801,2.13708,60.1431,256.248,55.956,31.6321,29.1015,8.82146,22.1705,1.55837,3.10503,57.5021,8.6048,3.31766,2.59364,1.32007,0.2244,0.0865196,0.13788089156150818,0.242263,1.29901,0.286273,0.706855,,,4.3905,0.0506501,-0.130121,999,1.64793,-1.27962,0.577955,1.64793,1.27962,4.22939,260.70000000000005,4.345000000000001,256,4.266666666666667,,,,,,,,,,,,,,,,,,,"Enyel De Los Santos","18403",660853
"Jhony Brito","SDP",0.87165,1.26495,0,4.22561,16.5741,0.370613,0,1.18103,0.469211,19.5402,83.4419,19.6295,9.97215,9.17438,2.36802,6.20436,0.40254,0.746025,15.6267,7.19748,2.85766,2.51866,1.09068,0.187276,0.0743555,0.11292093247175217,0.256623,1.32208,0.295084,0.704381,,,4.17822,0.0503683,0.0460665,999,1.42152,-0.937372,1.28788,1.42152,0.937372,3.28282,86.4,4.32,89,4.45,,,,,,,,,,,,,,,,,,,"Jhony Brito","25386",666745
"Lou Trivino",,1.62684,1.60636,0,4.455,30.6516,0.0808786,0.420477,1.27461,0.702514,31.6862,137.812,30.575,17.0485,15.6847,4.00878,13.0819,0.614214,1.94781,27.5826,7.83444,3.71573,2.10845,1.13863,0.200147,0.0949262,0.10522099584341049,0.249019,1.37779,0.291327,0.699399,,,4.46184,0.0502115,-0.0283811,999,1.11277,-1.01475,1.01316,1.11277,1.01475,3.64912,122.00000000000003,3.812500000000001,123,3.84375,,,,,,,,,,,,,,,,,,,"Lou Trivino","15043",642152
"Landon Knack","LAD",1.26009,1.33342,0.946555,4.85132,12.9018,2.93133,0.0184596,0.683325,0,25.0236,107.714,23.9835,14.6615,13.4886,4.31888,9.92737,0.139892,0.984266,22.4405,8.07096,3.57048,2.26047,1.55333,0.208335,0.0921643,0.11617030203342438,0.247758,1.35515,0.280751,0.690821,,,4.89345,0.0491318,-0.0446068,999,1.33215,0.259394,1.09204,1.33215,-0.259394,3.54395,88.4,3.536,88,3.52,,,,,,,,,,,,,,,,,,,"Landon Knack","27487",689017
"Bryce Montes de Oca","WSN",0.448135,0.626973,0,3.90899,8.58332,0,0,0.677113,0,8.90235,38.6754,7.36336,4.20281,3.86658,0.907541,4.83457,0.21978,0.571652,10.4986,10.6137,4.8876,2.17156,0.917496,0.271453,0.125004,0.1464495211839676,0.221327,1.37019,0.295284,0.73166,,,3.92364,0.0487513,0.0721186,999,1.2271,-1.68352,1.41977,1.2271,1.68352,3.10698,42.10000000000001,4.677777777777779,38,4.222222222222222,,,,,,,,,,,,,,,,,,,"Bryce Montes de Oca","21319",656755
"Doug Nikhazy","CLE",1.10716,2.27115,0.918458,4.63135,16.1475,2.29828,0,0.598618,0,25.2335,110.517,24.1401,14.1142,12.985,3.55774,12.2056,0.220358,0.741589,22.1663,7.90602,4.35336,1.81608,1.26893,0.200569,0.110441,0.09012829512357712,0.247414,1.44037,0.28648,0.708804,,,4.75043,0.0487268,-0.0270065,999,2.95023,-1.91187,1.08467,2.95023,1.91187,3.55378,82.4,3.2960000000000003,82,3.28,,,,,,,,,,,,,,,,,,,"Doug Nikhazy","30142",680951
"Yuki Matsui","SDP",2.16092,1.78076,0,4.14951,52.0095,0,0.080138,6.16695,1.03601,54.3657,232.584,48.4618,27.2453,25.0657,7.46664,24.4063,1.51271,1.51206,54.5633,9.03271,4.04036,2.23562,1.23607,0.234596,0.104935,0.12966039776802063,0.234493,1.34033,0.283436,0.730961,,,4.34352,0.0481115,0.124379,999,1.69842,-0.628866,0.720876,1.69842,0.628866,4.03883,244.7,4.531481481481482,235,4.351851851851852,,,,,,,,,,,,,,,,,,,"Yuki Matsui","33826",673513
"Connor Phillips","CIN",3.11377,2.55216,0,4.36342,46.2659,0.441855,2.63454,4.28862,0.420915,52.2077,225.321,44.723,27.5126,25.3116,7.2161,25.3975,0.437209,3.27607,55.8367,9.6256,4.37823,2.19851,1.24397,0.24781,0.112717,0.13509277999401093,0.227427,1.34311,0.280752,0.70992,,,4.44063,0.0474858,0.0790443,640.1199951171875,2.12829,-1.44058,0.650983,2.12829,1.44058,4.13202,240.70000000000005,4.628846153846155,228,4.384615384615385,,,,,,,,,,,,,,,,,,,"Connor Phillips","27649",683175
"Spencer Miles","TOR",0.463246,0.575223,0,4.34373,12.1316,0,0,0.43426,0,12.5845,53.577,11.8299,6.60188,6.07373,1.73092,5.12628,0,0,12.489,8.93171,3.66614,2.43627,1.2379,0.233104,0.0956806,0.1374230831861496,0.244163,1.34739,0.295025,0.712473,,,4.16044,0.0468682,-0.0352643,999,1.03973,-1.35784,1.36681,1.03973,1.35784,3.17758,49.39999999999999,3.7999999999999994,48,3.6923076923076925,,,,,,,,,,,,,,,,,,,"Spencer Miles","sa3020475",693686
"Richard Lovelady","WSN",0.925195,1.53543,0,4.19257,32.8065,0,0.0565678,3.5757,0.888576,34.6328,148.383,32.6848,17.5363,16.1334,3.96171,12.154,0.767061,2.76222,29.9809,7.7911,3.15846,2.46674,1.02953,0.202051,0.0819102,0.12014100700616837,0.244892,1.29469,0.288606,0.694855,,,4.18297,0.046534,0.0295053,999,1.35384,-1.27765,1.12373,1.35384,1.27765,3.5017,155,4.428571428571429,154,4.4,,,,,,,,,,,,,,,,,,,"Richard Lovelady","19337",663992
"Tim Hill","NYY",3.15334,2.7873,0,4.05538,63.4239,0,0.607115,11.537,1.62189,65.6701,282.144,69.6297,32.1639,29.5908,6.49189,18.6559,1.79688,2.75816,38.0458,5.21412,2.55676,2.03934,0.889704,0.134845,0.0661219,0.06872333586215973,0.267057,1.34438,0.292045,0.708634,,,4.23983,0.0452153,0.254485,999,1.45322,1.1195,0.777854,1.45322,-1.1195,3.96286,295.6000000000001,4.47878787878788,315,4.7727272727272725,,,,,,,,,,,,,,,,,,,"Tim Hill","16814",657612
"Joe Rock","TBR",1.27451,1.75808,0.665186,4.29397,20.0629,2.35532,0,1.08174,0.411766,35.2781,153.107,36.1408,18.2951,16.8315,4.85113,12.2035,0.575723,2.10312,28.8246,7.35359,3.11331,2.36199,1.2376,0.188264,0.0797059,0.10855851322412491,0.26038,1.37038,0.297644,0.723159,,,4.50526,0.0444994,0.154535,750.5900268554688,3.33488,-1.97528,1.03053,3.33488,1.97528,3.62597,123.9,3.54,130,3.7142857142857144,,,,,,,,,,,,,,,,,,,"Joe Rock","30016",697812
"Elmer Rodríguez","NYY",0.578785,0.552182,0.113008,3.97825,7.11331,0.154541,0,0.739137,0,7.89963,33.5534,7.32826,3.7955,3.49186,0.855861,3.0827,0.196391,0.154548,7.32951,8.35047,3.5121,2.37763,0.975077,0.218443,0.0918744,0.12656856328248978,0.241728,1.31791,0.292461,0.718077,,,3.91731,0.0439177,0.0184266,999,0.675122,-0.501274,1.44568,0.675122,0.501274,3.07243,37.7,4.7125,36,4.5,,,,,,,,,,,,,,,,,,,"Elmer Rodriguez","sa3019459",695684
"Franco Aleman","CLE",0.848891,1.16712,0,4.15041,15.2451,0,0,0.886168,0,15.9354,69.1481,14.6661,7.98773,7.34871,1.92419,7.35785,0.401846,0.752098,16.8594,9.52186,4.15557,2.29135,1.08675,0.243816,0.106407,0.13740848004817963,0.240278,1.38208,0.301552,0.726134,,,4.1157,0.043913,0.0153907,999,1.53586,-1.30406,1.2837,1.53586,1.30406,3.28839,68.80000000000001,4.300000000000001,68,4.25,,,,,,,,,,,,,,,,,,,"Franco Aleman","sa3018178",680916
"Osvaldo Bido","NYY",0.754499,0.976313,0.357818,4.57123,11.1572,1.27066,0.00884788,0.308121,0,17.1141,73.8265,16.2715,9.44838,8.69251,2.72922,6.6471,0.35413,1.1058,15.5862,8.19649,3.49559,2.34481,1.43525,0.211119,0.0900368,0.12108239531517029,0.246263,1.33916,0.28356,0.705333,,,4.74587,0.0437317,0.0428082,749.469970703125,1.4582,-0.830281,1.27724,1.4582,0.830281,3.29701,55.300000000000004,3.2529411764705887,54,3.176470588235294,,,,,,,,,,,,,,,,,,,"Osvaldo Bido","23150",674370
"Jedixson Paez","CHW",1.34305,1.89408,0,4.37362,30.9618,0,0,2.67615,0,33.8647,145.089,35.3253,17.8878,16.4568,4.60052,9.80443,0.717718,1.4133,27.2236,7.23504,2.60566,2.77667,1.22265,0.187634,0.0675751,0.12005844712257385,0.263875,1.33265,0.301083,0.704125,,,4.28715,0.0435934,-0.0237762,999,2.16267,1.18051,1.05749,2.16267,-1.18051,3.59002,132.10000000000002,3.8852941176470597,138,4.0588235294117645,,,,,,,,,,,,,,,,,,,"Jedixson Paez","sa3016264",699151
"Jonathan Pintaro","NYM",0.867242,1.11942,0.162103,4.12117,18.4788,1.08521,0,1.22458,0,23.4499,102.955,21.6922,11.6716,10.7379,2.66853,11.6434,0.206113,1.38,22.8169,8.75707,4.4687,1.95965,1.02417,0.221621,0.113092,0.1085284873843193,0.241209,1.42157,0.295188,0.7319,,,4.33459,0.0434047,0.0541846,999,2.21289,-0.787758,1.17995,2.21289,0.787758,3.42673,87.10000000000001,3.786956521739131,87,3.782608695652174,,,,,,,,,,,,,,,,,,,"Jonathan Pintaro","33980",702752
"Zach McCambley","PHI",1.64603,1.94639,0,4.4358,37.0434,0,0,3.94265,0,38.1952,165.935,36.2493,20.4622,18.8252,5.01739,16.4671,0.939913,2.07074,36.8256,8.67726,3.88017,2.23631,1.18225,0.221927,0.0992382,0.122688889503479,0.245929,1.38018,0.295884,0.705905,,,4.37059,0.0433373,0.0397496,999,1.4648,0.547473,0.887835,1.4648,-0.547473,3.81622,162.1,4.265789473684211,161,4.2368421052631575,,,,,,,,,,,,,,,,,,,"Zach McCambley","sa3014478",685112
"Jean Cabrera","PHI",0.162566,1.01063,0.627969,5.03767,1.97351,1.97351,0,0,0,10.4459,46.0595,10.8594,6.35544,5.847,1.53292,4.14127,0.0743543,0.661246,7.38729,6.36475,3.56805,1.78382,1.32074,0.160386,0.0899114,0.0704742893576622,0.263213,1.43603,0.288417,0.672541,,,5.00773,0.0429964,0.0393465,999,1.17475,0.149084,1.3934,1.17475,-0.149084,3.14213,19.799999999999997,1.9799999999999998,23,2.3,,,,,,,,,,,,,,,,,,,"Jean Cabrera","sa3015433",691893
"José Suarez","ATL",0.82723,0.6648,0.0560426,4.05016,15.5461,0.274728,0.0333881,1.28848,0,18.2127,77.4473,17.1609,8.90874,8.19604,2.22838,6.46513,0.447363,0.822306,17.5967,8.69558,3.19481,2.72178,1.10118,0.227208,0.0834778,0.14373043179512024,0.244597,1.29723,0.296664,0.717695,,,3.99376,0.0416946,0.055928,999,1.04197,-0.798603,1.30672,1.04197,0.798603,3.25771,83.40000000000002,4.633333333333335,83,4.611111111111111,,,,,,,,,,,,,,,,,,,"Jose Suarez","19911",660761
"Ben Kudrna","KCR",0.56205,0.917165,0.498698,4.84557,6.49358,1.61328,0,0.679718,0,12.2072,54.3323,12.7892,7.14384,6.57234,1.52398,5.40642,0.170199,0.613555,9.18899,6.77474,3.98598,1.69964,1.12358,0.169126,0.0995067,0.06961913406848907,0.264719,1.49056,0.299612,0.688068,,,4.73203,0.0411899,0.0122801,999,0.861942,-1.1115,1.32469,0.861942,1.1115,3.23374,34.40000000000002,2.8666666666666685,38,3.1666666666666665,,,,,,,,,,,,,,,,,,,"Ben Kudrna","sa3018253",695667
"Daniel Lynch IV","KCR",2.77411,2.20284,0.333805,4.20226,50.7937,0.456486,0.224013,6.12557,0,58.2959,250.061,58.2159,29.5863,27.2194,7.29892,19.4013,0.757873,2.80252,44.5736,6.88149,2.99526,2.29746,1.12684,0.178251,0.0775862,0.10066482424736023,0.255493,1.33144,0.289327,0.712639,,,4.37622,0.0408718,0.0314035,999,1.55797,0.0333191,0.721903,1.55797,-0.0333191,4.03746,240.3,4.143103448275863,247,4.258620689655173,,,,,,,,,,,,,,,,,,,"Daniel Lynch IV","21537",663738
"Julian Aguiar","CIN",1.29317,1.63658,0.68614,4.81724,23.3468,1.77134,0,0.828551,0,32.5848,140.454,33.3563,18.9576,17.441,5.16495,10.3821,0.76135,1.89379,24.6788,6.81634,2.86755,2.37706,1.42657,0.175707,0.0739179,0.10178934782743454,0.260234,1.34229,0.286689,0.678787,,,4.8112,0.0404861,0.0379945,999,1.81984,-0.265283,1.02608,1.81984,0.265283,3.6319,114.90000000000005,3.4818181818181833,118,3.5757575757575757,,,,,,,,,,,,,,,,,,,"Julian Aguiar","30031",687924
"Carlos Hernández","CLE",0.468894,0.49081,0,4.36395,12.1187,0.0218228,0.0134336,0.771042,0.491944,12.8173,55.1382,11.7194,6.75533,6.21491,1.68355,5.52654,0.267509,0.593869,12.4901,8.77022,3.8806,2.26002,1.18215,0.226523,0.100231,0.1262923777103424,0.239084,1.34552,0.28802,0.704589,,,4.32628,0.040413,-0.0210645,999,0.977153,-3.1269,1.36447,0.977153,3.1269,3.18071,47.39999999999999,3.6461538461538456,46,3.5384615384615383,,,,,,,,,,,,,,,,,,,"Carlos Hernandez","22713",672578
"Evan Reifert","TBR",0.585442,1.25867,0,4.24589,15.1373,0,0,0.886105,0,15.9681,69.1437,13.8113,8.18825,7.53319,1.94694,7.82132,0.404982,1.04398,17.5939,9.91634,4.40828,2.24948,1.09734,0.254454,0.113117,0.14133717119693756,0.229125,1.35474,0.291238,0.711082,,,4.18212,0.0395845,0.0368532,999,1.01844,-0.485434,1.30102,1.01844,0.485434,3.26531,70.4,4.4,67,4.1875,,,,,,,,,,,,,,,,,,,"Evan Reifert","sa3014860",682126
"Matt Pushard","STL",2.20331,2.88701,0,4.29039,45.5332,0,0,6.26203,0,47.9607,205.907,46.4645,24.8515,22.8634,6.23581,17.9666,1.21366,1.91033,41.7486,7.83426,3.37149,2.32368,1.17017,0.202754,0.0872557,0.11549855023622513,0.249769,1.34341,0.291415,0.710573,,,4.32776,0.0394447,0.00838946,999,1.09229,-1.17824,0.801073,1.09229,1.17824,3.9319,209.80000000000004,4.3708333333333345,210,4.375,,,,,,,,,,,,,,,,,,,"Matt Pushard","sa3019955",690155
"AJ Smith-Shawver","ATL",0.1651,0.155147,0.0365419,3.91623,5.45647,0.34754,0,0.854612,0,6.82712,28.6407,6.02052,3.22905,2.97073,0.852271,2.64231,0.0516512,0.110911,7.65951,10.0973,3.48328,2.8988,1.12353,0.267435,0.0922573,0.17517764121294022,0.232565,1.26889,0.297442,0.727448,,,3.72399,0.0381969,0.0728238,999,0.686611,-1.10694,1.48893,0.686611,1.10694,3.01476,34.90000000000001,4.9857142857142875,33,4.714285714285714,,,,,,,,,,,,,,,,,,,"AJ Smith-Shawver","29960",700363
"Brycen Mautz","STL",0.876991,0.875391,0,4.1485,13.754,0.327747,0,1.003,0,15.2762,65.1748,14.6931,7.65379,7.04149,1.86933,5.20871,0.379964,0.819161,13.2344,7.79706,3.06871,2.54082,1.10132,0.20306,0.0799191,0.12314114719629288,0.248417,1.3028,0.291163,0.708603,,,4.17703,0.0379787,-0.0164809,999,0.845932,-1.41678,1.33956,0.845932,1.41678,3.21392,59.400000000000006,3.9600000000000004,61,4.066666666666666,,,,,,,,,,,,,,,,,,,"Brycen Mautz","sa3020710",802408
"Colin Holderman","CLE",1.39778,1.74413,0,4.21117,35.922,0,0.063751,3.16766,2.51838,37.1069,160.835,34.7806,18.8724,17.3626,4.23579,15.6773,0.956362,2.39568,34.425,8.34954,3.80241,2.19586,1.02736,0.21404,0.0974745,0.11656548082828522,0.243627,1.3598,0.293416,0.709344,,,4.2248,0.0377452,-0.0165265,999,2.51724,-2.14295,0.988896,2.51724,2.14295,3.68147,159.60000000000002,4.313513513513514,159,4.297297297297297,,,,,,,,,,,,,,,,,,,"Colin Holderman","22361",670059
"Héctor Neris","KCR",1.38407,1.13259,0,4.46891,15.8099,0,0.214411,1.92594,0.691038,15.8716,68.7167,14.5476,8.56628,7.88097,2.19964,7.20716,0.34962,0.775478,16.2952,9.24018,4.08682,2.26097,1.24731,0.237136,0.104882,0.13225320726633072,0.23953,1.37067,0.292335,0.706201,,,4.39228,0.0377376,-0.0649976,999,1.0698,1.79932,1.2315,1.0698,-1.79932,3.358,70.80000000000001,4.425000000000001,70,4.375,,,,,,,,,,,,,,,,,,,"Hector Neris","11804",593576
"Marco Gonzales","SDP",0.793739,1.16113,1.00908,4.96773,4.03351,4.03351,0,0,0,21.7976,95.4205,23.703,13.0779,12.0316,3.77231,7.53082,0.168086,0.755614,14.6879,6.06448,3.10939,1.95038,1.55754,0.153928,0.0789224,0.075005903840065,0.272029,1.4329,0.290222,0.699581,,,5.17772,0.0374694,0.073322,999,1.43455,-0.736634,1.17242,1.43455,0.736634,3.43678,54.20000000000001,2.4636363636363643,61,2.772727272727273,,,,,,,,,,,,,,,,,,,"Marco Gonzales","15467",594835
"Edgardo Henriquez","LAD",1.42932,1.3336,0,4.22265,28.1646,0,0.407373,2.5877,1.85699,28.2592,121.896,25.3954,14.4117,13.2587,3.66097,13.0404,0.258956,1.22567,28.8158,9.17727,4.15311,2.20973,1.16595,0.236397,0.10698,0.1294172704219818,0.235952,1.36012,0.289203,0.72122,,,4.29438,0.0369419,0.064493,750.0900268554688,1.31404,-0.22717,1.08053,1.31404,0.22717,3.5593,121.00000000000006,4.321428571428574,116,4.142857142857143,,,,,,,,,,,,,,,,,,,"Edgardo Henriquez","26944",683618
"Drew Sommers","DET",0.583437,1.51603,0,4.13308,16.4858,0,0,0.813876,0.359842,16.4918,72.358,16.3324,8.23214,7.57357,1.51887,6.40151,0.185983,1.6328,13.8183,7.54097,3.49346,2.1586,0.828885,0.190971,0.0884699,0.10250099748373032,0.25391,1.3785,0.302401,0.703714,,,4.11815,0.0362409,0.027312,999,1.4899,-1.11728,1.32884,1.4899,1.11728,3.22821,60.20000000000001,3.7625000000000006,62,3.875,,,,,,,,,,,,,,,,,,,"Drew Sommers","32026",805427
"K.C. Hunt","MIL",0.606145,0.568407,0,4.1422,8.66221,0,0,0.80995,0,8.97638,37.6389,8.49952,4.49057,4.13133,1.19431,2.85539,0.221567,0.162734,8.22547,8.24712,2.86291,2.88068,1.19745,0.218536,0.0758628,0.14267361909151077,0.245503,1.26498,0.289878,0.708915,,,4.04078,0.0361425,0.0737548,999,0.611289,-1.34883,1.43559,0.611289,1.34883,3.08588,44.500000000000014,4.944444444444446,43,4.777777777777778,,,,,,,,,,,,,,,,,,,"K.C. Hunt","sa3022937",687268
"Marco Raya","MIN",0.939022,0.936129,0,4.37748,17.3749,0,0,1.10996,0,18.0806,78.7912,17.4404,9.55885,8.79414,2.05395,7.7915,0.397961,0.944841,16.4974,8.21196,3.87839,2.11736,1.0224,0.209382,0.0988879,0.11049368232488632,0.248954,1.39553,0.298746,0.701056,,,4.23662,0.0361401,-0.0666585,999,1.26375,0.126412,1.24325,1.26375,-0.126412,3.34233,73.40000000000002,4.077777777777779,73,4.055555555555555,,,,,,,,,,,,,,,,,,,"Marco Raya","sa3014550",694397
"Elvis Alvarado","ATH",2.61876,2.5475,0,4.19999,56.0402,0,3.27598,5.82602,1.37167,60.3429,261.81,53.4608,30.6086,28.1599,7.69583,29.7259,1.34888,3.40278,61.9949,9.2464,4.43355,2.08555,1.14782,0.236793,0.11354,0.12325349450111389,0.233778,1.37857,0.287846,0.726091,,,4.38536,0.0356736,0.0359982,680.9400024414062,1.63762,0.621455,0.675761,1.63762,-0.621455,4.09899,271.8,4.53,260,4.333333333333333,,,,,,,,,,,,,,,,,,,"Elvis Alvarado","21662",665660
"Alan Rangel","PHI",1.09576,1.07749,1.10764,4.63948,11.3531,2.5541,0.354642,0.592981,0.202236,25.6059,109.784,25.7174,14.3476,13.1998,4.49188,8.8153,0.126747,0.737759,20.6053,7.24239,3.09842,2.33744,1.57881,0.18769,0.0802972,0.10739301890134811,0.256583,1.34862,0.282505,0.714668,,,4.92547,0.035527,0.165395,999,1.29654,0.30809,1.14665,1.29654,-0.30809,3.47113,91.6,3.523076923076923,94,3.6153846153846154,,,,,,,,,,,,,,,,,,,"Alan Rangel","19524",660604
"Ryan Webb","CLE",0.120581,0.70085,0.422569,4.70928,1.33654,1.33654,0,0,0,6.85443,30.1588,6.92641,3.89848,3.5866,0.938017,2.83441,0.0492883,0.451561,5.27002,6.91964,3.72163,1.8593,1.23163,0.174743,0.0939829,0.08075973391532898,0.257748,1.42401,0.289787,0.693965,,,4.81465,0.0354015,0.027076,999,1.00862,0.444052,1.4643,1.00862,-0.444052,3.0476,22.3,3.185714285714286,23,3.2857142857142856,,,,,,,,,,,,,,,,,,,"Ryan Webb","sa3018280",669067
"Jorge Alcala","TOR",0.599742,0.860433,0,4.42679,16.0764,0,0,1.40717,0.568691,16.8146,71.9663,15.1461,8.98969,8.27051,2.65576,7.10113,0.325954,0.788588,17.6482,9.44621,3.80088,2.48527,1.4215,0.245229,0.098673,0.14655625075101852,0.236375,1.32309,0.285347,0.715497,,,4.49691,0.0353476,-0.0302439,999,1.30836,-1.54732,1.29193,1.30836,1.54732,3.27742,65.9,3.8764705882352946,62,3.6470588235294117,,,,,,,,,,,,,,,,,,,"Jorge Alcala","19459",660896
"Jake Bennett","BOS",0.192742,0.237677,0,4.41551,8.47767,0,0,0.815896,0,9.56269,41.0651,10.0165,5.09954,4.69158,1.10557,3.04494,0.241427,0.176158,7.31318,6.88286,2.86577,2.40175,1.04051,0.178088,0.0741493,0.10393837094306946,0.26468,1.36588,0.302835,0.69152,,,4.1191,0.0352099,0.0365413,999,0.808331,-0.412855,1.44138,0.808331,0.412855,3.07816,44.7,4.470000000000001,46,4.6,,,,,,,,,,,,,,,,,,,"Jake Bennett","sa3020737",687562
"Nate Pearson","HOU",1.89368,2.24297,0,4.50195,48.3512,0.00190332,0.058574,6.09827,0.938004,52.0802,225.125,48.5975,28.3167,26.0514,7.57895,22.1855,1.55316,2.78809,50.3198,8.69578,3.83388,2.26814,1.30972,0.22352,0.0985477,0.12497225403785706,0.242804,1.35911,0.288351,0.705743,,,4.53312,0.0348379,-0.140237,999,1.65457,-0.623901,0.686077,1.65457,0.623901,4.08523,207.99999999999997,3.9999999999999996,205,3.9423076923076925,,,,,,,,,,,,,,,,,,,"Nate Pearson","20160",663878
"Jose Corniell","TEX",0.979175,1.67725,0.077569,4.2676,17.804,0.339277,0.000949146,1.19283,0,21.5713,90.5623,19.8061,11.1181,10.2287,3.03076,6.75808,0.349426,1.22556,20.0914,8.38255,2.81961,2.97295,1.26449,0.221852,0.0746235,0.14722832292318344,0.239845,1.23146,0.282145,0.691993,,,4.20915,0.0345276,0.0186036,748.1799926757812,1.15053,1.56497,1.272,1.15053,-1.56497,3.30399,93.9,4.2681818181818185,91,4.136363636363637,,,,,,,,,,,,,,,,,,,"Jose Corniell","27984",692030
"Derek Law","ARI",0.988192,0.992796,0,4.16659,18.8879,0,0.000744386,0.822811,0.789313,19.9334,85.4694,19.5838,10.0307,9.22827,2.19443,7.05816,0.311552,0.821234,16.6544,7.51952,3.18678,2.3596,0.990792,0.194858,0.0825811,0.11227716505527496,0.252401,1.33655,0.296034,0.704769,,,4.08113,0.0336165,0.0673257,999,0.823311,0.118743,1.26799,0.823311,-0.118743,3.30935,85.4,4.2700000000000005,88,4.4,,,,,,,,,,,,,,,,,,,"Derek Law","13133",571882
"Brendan Beck","NYY",0.775504,0.768964,0,4.22171,13.054,0,0,0.890722,0,13.5275,56.4384,13.1222,6.89725,6.34547,2.00519,3.69193,0.334673,0.259189,11.7535,7.81972,2.45629,3.18356,1.33407,0.208253,0.0654153,0.14283804595470428,0.250007,1.24296,0.287049,0.708001,,,4.20066,0.0316895,0.0322465,999,0.63951,-1.27089,1.37996,0.63951,1.27089,3.16006,61.2,4.371428571428572,60,4.285714285714286,,,,,,,,,,,,,,,,,,,"Brendan Beck","sa3020680",694341
"Luis Curvelo","TEX",1.56583,1.55223,0,4.57301,29.0222,0,0.0113131,2.03253,2.70862,30.6922,132.779,28.9297,16.9512,15.5951,4.23,13.0709,0.879594,1.46432,27.4589,8.05187,3.83282,2.10077,1.24038,0.206801,0.0984406,0.10836029052734375,0.244661,1.36844,0.285364,0.694302,,,4.55823,0.031555,-0.129985,999,1.93494,0.203713,1.00739,1.93494,-0.203713,3.65681,124.79999999999998,4.025806451612903,123,3.967741935483871,,,,,,,,,,,,,,,,,,,"Luis Curvelo","24710",681168
"Carson Spiers","CIN",0.299666,0.483106,0.307577,5.44443,1.61835,0.601534,0,0,0,5.80545,25.984,6.60731,3.81732,3.51193,1.06896,2.1545,0.0236691,0.32836,4.9127,7.61599,3.34005,2.2802,1.65717,0.189066,0.0829164,0.1061495915055275,0.281148,1.50924,0.316124,0.680565,,,5.11942,0.0313077,-0.0131809,999,1.65553,-1.33459,1.43333,1.65553,1.33459,3.0889,17.90000000000001,2.9833333333333347,21,3.5,,,,,,,,,,,,,,,,,,,"Carson Spiers","27685",686730
"Chase Petty","CIN",1.88737,3.51764,1.31875,5.14328,23.8986,3.51021,0,0.819985,0,40.2447,180.149,41.9954,24.9987,22.9988,6.49194,18.7683,0.30973,2.27302,31.8099,7.11372,4.19718,1.69488,1.4518,0.176576,0.104182,0.07239391654729843,0.263944,1.50986,0.293889,0.692113,,,5.21986,0.0310405,-0.0705731,736.6799926757812,3.43513,-1.7428,0.713885,3.43513,1.7428,4.04815,117.99999999999999,2.9499999999999997,127,3.175,,,,,,,,,,,,,,,,,,,"Chase Petty","30170",695534
"Ben Casparius","LAD",2.9415,2.47263,0,4.44848,40.8356,0.194121,0.0419651,6.89091,0,48.806,209.349,46.945,26.2213,24.1236,7.05698,18.3065,0.630839,2.0723,46.0986,8.50075,3.37579,2.51815,1.30133,0.2202,0.0874449,0.13275468349456787,0.248425,1.33696,0.293694,0.704876,,,4.37843,0.0305799,-0.0402243,720.8200073242188,1.90279,0.0371108,0.676936,1.90279,-0.0371108,4.09742,214.3,4.373469387755102,214,4.36734693877551,,,,,,,,,,,,,,,,,,,"Ben Casparius","30085",676508
"Riley Martin","CHC",0.807165,1.34218,0,4.12157,16.1449,0,0,1.05288,0,17.1583,75.2022,15.317,8.54093,7.85766,1.84662,9.21921,0.438177,0.735466,17.4012,9.12741,4.83574,1.88749,0.968608,0.231392,0.122592,0.10879938304424286,0.234752,1.42999,0.292836,0.728683,,,4.24643,0.0296476,-0.0118916,999,1.04223,-0.9022,1.26263,1.04223,0.9022,3.3165,70.20000000000002,4.129411764705884,67,3.9411764705882355,,,,,,,,,,,,,,,,,,,"Riley Martin","sa3017601",702303
"Scott Effross","DET",0.816877,1.10592,0,4.46997,13.5542,0,0.0402018,1.00821,1.21711,14.0246,61.153,15.2543,7.57118,6.96549,1.49255,4.67689,0.540637,0.410453,9.62295,6.17535,3.00131,2.05755,0.957818,0.157358,0.0764785,0.08087988942861557,0.272078,1.42116,0.306154,0.692762,,,4.23459,0.0284839,-0.0785131,999,2.34995,-1.89673,1.32549,2.34995,1.89673,3.23268,61.30000000000001,4.378571428571429,66,4.714285714285714,,,,,,,,,,,,,,,,,,,"Scott Effross","18384",664123
"Brent Suter","LAA",1.48281,1.69983,0,4.27858,51.1759,0.253938,0.0439583,1.35421,0.791045,55.5024,236.498,56.1243,28.6801,26.3857,7.1472,16.7872,0.854929,2.07491,43.1241,6.9928,2.72213,2.56887,1.15896,0.182344,0.0709823,0.11136197298765182,0.257881,1.31366,0.292637,0.703141,,,4.27476,0.0283032,0.0267979,999,2.08354,-0.567022,0.850678,2.08354,0.567022,3.86576,215.70000000000007,3.8517857142857155,222,3.9642857142857144,,,,,,,,,,,,,,,,,,,"Brent Suter","13942",608718
"Nolan Hoffman","PHI",1.06195,0.704534,0,4.54479,16.5844,0,0,1.38306,0.382987,17.5526,77.4479,16.9702,9.6344,8.86365,1.82435,8.40536,0.2783,0.994337,16.292,8.35361,4.30981,1.93828,0.935425,0.21036,0.108529,0.1018308773636818,0.249384,1.44569,0.303329,0.689752,,,4.2365,0.0273784,-0.0336003,999,1.56572,-0.278307,1.20852,1.56572,0.278307,3.38864,73.40000000000002,4.077777777777779,73,4.055555555555555,,,,,,,,,,,,,,,,,,,"Nolan Hoffman","23381",676510
"Didier Fuentes","ATL",0.310849,0.878457,0.125127,4.42661,5.53991,0.409321,0,0.548,0,7.08359,30.0894,6.86907,3.78699,3.48403,1.04693,2.30056,0.110762,0.306471,7.06953,8.98213,2.92295,3.07296,1.33017,0.234951,0.0764575,0.15849357098340988,0.249945,1.29449,0.300639,0.698688,,,4.16458,0.0267222,-0.0285987,721.5599975585938,3.56731,-1.84527,1.46098,3.56731,1.84527,3.05203,33.30000000000001,4.757142857142859,34,4.857142857142857,,,,,,,,,,,,,,,,,,,"Didier Fuentes","30661",800311
"Nick Burdi","NYM",0.745814,0.108582,0,3.99188,8.50461,0,0,0.868312,0,8.86536,38.3376,7.50381,4.27409,3.93216,0.958949,4.45329,0.111278,0.582355,9.62725,9.77346,4.52092,2.16183,0.973513,0.251117,0.11616,0.1349576860666275,0.225326,1.34874,0.288119,0.723817,,,4.07348,0.0261528,0.0827787,999,0.991545,1.10752,1.40416,0.991545,-1.10752,3.12779,42.500000000000014,4.722222222222224,41,4.555555555555555,,,,,,,,,,,,,,,,,,,"Nick Burdi","16074",595897
"Beau Brieske","DET",1.93562,2.61487,0,4.52139,43.7494,0.447949,0.247129,5.73716,1.02534,47.1612,203.851,45.1236,25.7529,23.6927,6.43251,19.9589,1.1206,1.52924,41.0564,7.835,3.80886,2.05704,1.22755,0.201404,0.0979095,0.10349473357200623,0.247439,1.38,0.286869,0.70135,,,4.53405,0.0255461,-0.176075,999,1.56022,-0.168112,0.763491,1.56022,0.168112,3.98201,197,4.191489361702128,197,4.191489361702128,,,,,,,,,,,,,,,,,,,"Beau Brieske","26079",689225
"Michael Kopech",,1.93907,1.89041,0,4.35412,36.5915,0.27972,0.39943,5.22247,0.857626,38.6804,168.727,31.9615,20.3405,18.7132,4.99679,22.3288,0.386376,1.8768,42.2572,9.83225,5.19539,1.8925,1.16263,0.250447,0.132337,0.11811026930809021,0.221154,1.40356,0.277223,0.717835,,,4.50691,0.0251978,0.0387122,584.4400024414062,1.57475,0.567078,0.826787,1.57475,-0.567078,3.89762,175.90000000000003,4.510256410256411,162,4.153846153846154,,,,,,,,,,,,,,,,,,,"Michael Kopech","17282",656629
"Bryse Wilson","PHI",1.10624,1.40364,0.374379,5.09376,9.98211,2.5307,0.0144101,0.492329,0.0294941,23.1401,100.368,25.2286,14.2355,13.0967,3.92305,6.87328,0.351538,0.928837,16.0162,6.22928,2.67326,2.33022,1.52581,0.159574,0.0684805,0.091094009578228,0.272546,1.38728,0.293356,0.671425,,,4.96631,0.0249761,-0.005263,999,0.704429,0.813119,1.13523,0.704429,-0.813119,3.48636,64,2.782608695652174,71,3.0869565217391304,,,,,,,,,,,,,,,,,,,"Bryse Wilson","19990",669060
"Sam Aldegheri","LAA",1.877,2.96606,1.59991,5.23188,9.50641,6.26398,0,0.0943062,1.62558,38.2969,171.634,39.3091,24.1987,22.2628,6.16165,17.9866,0.279524,2.89461,29.0961,6.83776,4.22696,1.61766,1.44802,0.169524,0.104796,0.06472785025835037,0.260751,1.49609,0.287002,0.680038,,,5.34296,0.0242987,-0.0737795,999,1.86743,0.993104,0.75053,1.86743,-0.993104,3.99929,100.99999999999997,2.6578947368421044,107,2.8157894736842106,,,,,,,,,,,,,,,,,,,"Sam Aldegheri","26443",691951
"Brody Hopkins","TBR",0.184657,0.44611,0.447771,4.847,1.35314,1.35314,0,0,0,6.64171,29.6131,6.45916,3.88797,3.57693,0.952177,3.19454,0.0260979,0.631977,5.66249,7.67308,4.32882,1.77255,1.29027,0.191216,0.107876,0.08333996683359146,0.250486,1.45349,0.287243,0.692942,,,5.02213,0.0239821,0.036766,999,0.962008,-0.150653,1.44975,0.962008,0.150653,3.067,23.9,3.414285714285714,22,3.142857142857143,,,,,,,,,,,,,,,,,,,"Brody Hopkins","sa3023515",811315
"Jared Lyons","CIN",0.0928704,0.738794,0.430004,5.37304,1.3998,1.3998,0,0,0,7.34572,32.293,7.69648,4.76677,4.38543,1.328,3.09131,0.028941,0.129223,5.57476,6.83022,3.78748,1.80337,1.62707,0.17263,0.0957268,0.0769035667181015,0.264734,1.46858,0.28726,0.674353,,,5.2828,0.0235669,-0.0281388,999,0.907782,-0.295515,1.43131,0.907782,0.295515,3.09158,21.7,3.1,25,3.5714285714285716,,,,,,,,,,,,,,,,,,,"Jared Lyons","sa3020483",805723
"Tyler Uberstine","BOS",0.725386,0.704966,0.143845,4.30012,8.99211,0.196712,0,0.68832,0,10.0553,42.8978,9.77032,5.22208,4.80432,1.3937,3.24182,0.249942,0.624855,9.39219,8.40651,2.9016,2.89719,1.24744,0.218943,0.0755708,0.14337243139743805,0.250321,1.29406,0.296567,0.704284,,,4.22251,0.0235191,0.0365388,999,0.535193,-1.31323,1.3998,0.535193,1.31323,3.1336,45.7,4.57,47,4.7,,,,,,,,,,,,,,,,,,,"Tyler Uberstine","sa3017643",700413
"Kervin Castro","NYY",1.4468,1.0299,0,4.30673,20.827,0,0,1.29452,0,21.8828,93.8034,19.5576,11.3821,10.4715,2.66571,9.60712,0.539332,0.95971,20.364,8.37534,3.95123,2.11968,1.09636,0.217092,0.102418,0.11467486619949341,0.234964,1.33277,0.280564,0.699204,,,4.30622,0.0234485,0.0506731,999,1.07248,1.82667,1.18036,1.07248,-1.82667,3.42619,84.9,3.8590909090909093,82,3.727272727272727,,,,,,,,,,,,,,,,,,,"Kervin Castro","21656",665645
"Chris Murphy","CHW",1.59316,1.34271,0,4.17188,31.6995,0,0.0430782,1.40394,0,37.1482,161.813,34.2258,18.7171,17.2198,4.22654,17.2865,0.861739,2.19944,33.594,8.13892,4.18805,1.94337,1.02398,0.20761,0.10683,0.10078009217977524,0.240473,1.38667,0.287057,0.719269,,,4.3792,0.0230785,0.0341125,999,2.28957,1.08301,0.969126,2.28957,-1.08301,3.70783,151.20000000000002,4.086486486486487,148,4,,,,,,,,,,,,,,,,,,,"Chris Murphy","26214",669684
"Kolby Allard","CLE",0.955026,0.797321,0.150284,4.33924,23.1195,0.230728,0,1.42442,0,27.5036,117.331,28.228,14.4136,13.2605,3.91567,8.41403,0.674386,0.653047,21.3444,6.98453,2.75332,2.53676,1.28132,0.181917,0.0717122,0.11020468920469284,0.260734,1.33226,0.292908,0.713362,,,4.42283,0.022716,0.026938,999,1.51904,1.17754,1.17668,1.51904,-1.17754,3.43109,104.2,3.7214285714285715,107,3.8214285714285716,,,,,,,,,,,,,,,,,,,"Kolby Allard","18694",663465
"Kyle Backhus","PHI",0.521095,1.12747,0,4.31671,16.7861,0,0.0662118,3.63652,0.579365,16.1586,70.2297,15.6175,8.42417,7.75023,1.94217,6.62844,0.292733,0.962222,15.0293,8.37101,3.6919,2.2674,1.08175,0.214002,0.0943823,0.11962023377418518,0.249325,1.37672,0.299453,0.707832,,,4.24671,0.0225086,0.0588627,999,1.48567,-0.485524,1.31391,1.48567,0.485524,3.24811,74.20000000000002,4.637500000000001,76,4.75,,,,,,,,,,,,,,,,,,,"Kyle Backhus","29615",679775
"Carson Seymour","SFG",0.787507,1.37438,0.137385,4.08666,16.2973,0.187877,0,0.640265,0,21.4128,92.7456,20.9793,10.5685,9.72298,2.46409,8.35279,0.357831,1.10219,18.5959,7.81602,3.51076,2.22631,1.03568,0.200504,0.0900613,0.11044298112392426,0.251881,1.36984,0.297526,0.724958,,,4.2189,0.022026,-0.00268166,999,1.60041,-0.356375,1.25555,1.60041,0.356375,3.32594,91.20000000000002,4.342857142857143,94,4.476190476190476,,,,,,,,,,,,,,,,,,,"Carson Seymour","30084",693313
"Trent Thornton","CHC",1.17409,0.951916,0,4.2817,25.9751,0,0.00124538,1.65492,0.562331,28.0011,119.248,27.3708,14.4797,13.3214,3.85245,9.02046,0.653072,1.37395,24.0182,7.71983,2.89932,2.66264,1.23824,0.201413,0.0756442,0.12576886266469955,0.251445,1.29964,0.29041,0.706873,,,4.32183,0.0217295,0.0644931,999,1.07058,-0.73652,1.16065,1.07058,0.73652,3.45246,113.8,4.064285714285714,114,4.071428571428571,,,,,,,,,,,,,,,,,,,"Trent Thornton","17948",663423
"Ryan Lambert","NYM",0.540625,0.735361,0,4.15435,11.2453,0,0,0.772797,0,11.6985,50.5066,9.92841,5.86955,5.39999,1.47337,5.85976,0.295613,0.675707,12.8907,9.91719,4.50807,2.19988,1.1335,0.255229,0.11602,0.13920903205871582,0.225794,1.34958,0.285575,0.722644,,,4.24457,0.0211816,0.0276399,999,0.988974,-1.54539,1.37225,0.988974,1.54539,3.17033,59.500000000000014,4.958333333333335,56,4.666666666666667,,,,,,,,,,,,,,,,,,,"Ryan Lambert","sa3025613",822038
"Michel Otañez","TEX",0.823579,0.832464,0,4.3182,22.36,0,0.043597,1.95305,0.664998,23.0607,101.603,19.4546,12.0266,11.0645,2.68586,13.1069,0.35216,1.93463,26.9133,10.5036,5.1153,2.05336,1.04822,0.264888,0.129002,0.13588584959506989,0.22475,1.41199,0.294384,0.712984,,,4.27189,0.0198822,-0.0327407,999,1.92611,-0.782403,1.13701,1.92611,0.782403,3.48399,100.9,4.386956521739131,93,4.043478260869565,,,,,,,,,,,,,,,,,,,"Michel Otanez","22533",671305
"Craig Kimbrel","NYM",1.56635,1.69287,0,4.17402,21.8885,0,0.477106,0.974442,1.36709,22.7394,97.5346,18.8525,11.4631,10.5461,3.09712,11.2608,0.321001,1.24979,26.5087,10.4919,4.45692,2.35407,1.22581,0.271788,0.115455,0.1563333049416542,0.221731,1.32428,0.2843,0.723511,,,4.22474,0.0196878,0.104236,750.0900268554688,1.67248,0.0640912,1.14029,1.67248,-0.0640912,3.47961,105.9,4.604347826086957,98,4.260869565217392,,,,,,,,,,,,,,,,,,,"Craig Kimbrel","6655",518886
"Jackson Jobe","DET",0.377326,0.262088,0.14192,4.57233,1.35111,1.11643,0,0,0,5.21277,22.7949,4.86297,2.87856,2.64828,0.74054,2.54493,0.0296277,0.217853,4.13484,7.13892,4.3939,1.62473,1.27856,0.181393,0.111645,0.06974836438894272,0.242758,1.42111,0.271986,0.710914,,,4.98554,0.0196441,0.00908489,999,1.22304,0.628831,1.47202,1.22304,-0.628831,3.03731,10.7,2.1399999999999997,11,2.2,,,,,,,,,,,,,,,,,,,"Jackson Jobe","30203",695549
"Grant Holman","ATH",2.13718,2.01786,0,4.39301,35.5552,0.202497,0.019926,2.95278,1.83567,36.0991,156.253,35.1437,19.1526,17.6204,4.63648,14.446,0.699149,1.61474,31.159,7.76838,3.60158,2.15693,1.15594,0.199414,0.0924527,0.10696154087781906,0.250683,1.37371,0.292224,0.706219,,,4.41324,0.0195413,-0.019202,999,2.11275,-3.68624,0.920756,2.11275,3.68624,3.77233,139.90000000000003,3.886111111111112,141,3.9166666666666665,,,,,,,,,,,,,,,,,,,"Grant Holman","30002",680880
"Carl Edwards Jr.","NYM",0.0956279,0.226488,0,4.16619,5.5687,0,0,0.77597,0.0716115,5.84767,25.1359,5.48781,2.94233,2.70694,0.716541,2.46806,0.0895841,0.163299,5.34393,8.22471,3.79853,2.16524,1.10281,0.212602,0.0981886,0.11441312730312347,0.243854,1.36052,0.290152,0.721091,,,4.25032,0.019286,0.0138199,999,1.07844,-0.505834,1.49725,1.07844,0.505834,3.00367,27.10000000000001,4.516666666666668,25,4.166666666666667,,,,,,,,,,,,,,,,,,,"Carl Edwards Jr.","13607",605218
"Jose Espada","BAL",0.634665,0.655807,0,4.46472,12.3953,0,0,0.991654,0,14.6171,63.2584,13.2445,7.8818,7.25126,2.10565,7.03802,0.21584,0.440164,15.1124,9.30495,4.33343,2.14725,1.29648,0.238899,0.111258,0.12764094769954681,0.23744,1.38759,0.288853,0.715373,,,4.47488,0.0187533,-0.03973,999,1.2112,0.624615,1.29961,1.2112,-0.624615,3.26719,65.60000000000001,4.373333333333334,62,4.133333333333334,,,,,,,,,,,,,,,,,,,"Jose Espada","21131",664744
"Nick Sandlin","LAA",1.10504,1.585,0,4.30575,29.7576,0,0.0416091,3.45353,2.05348,29.5219,127.132,26.0134,15.352,14.1238,4.45117,13.347,0.535323,1.86294,29.8115,9.08827,4.06894,2.23357,1.35698,0.234492,0.104985,0.1295069083571434,0.232424,1.33326,0.277651,0.724701,,,4.62122,0.0186884,0.0653301,999,1.26715,-0.423294,1.09144,1.26715,0.423294,3.54474,132.20000000000002,4.406666666666667,125,4.166666666666667,,,,,,,,,,,,,,,,,,,"Nick Sandlin","20517",680704
"Craig Yoho","MIL",1.86857,0.9183,0,4.0893,31.6528,0,0,1.15182,0.516005,33.5377,144.447,28.8958,16.5635,15.2384,3.8966,15.7144,0.375259,2.24189,33.6282,9.02427,4.21703,2.13996,1.04567,0.232807,0.10879,0.12401648610830307,0.228442,1.33015,0.280998,0.716299,,,4.24637,0.0185092,0.0842413,749.5900268554688,1.71357,-2.16739,1.01134,1.71357,2.16739,3.65155,145.00000000000003,4.264705882352942,136,4,,,,,,,,,,,,,,,,,,,"Craig Yoho","33248",684974
"Ben Shields","COL",0.100216,0.605476,0,4.6172,7.06152,0,0,0.664205,0,7.35825,32.1865,7.56753,4.1032,3.77495,1.00434,2.6395,0.187175,0.566931,6.70471,8.20064,3.22842,2.54014,1.22843,0.208308,0.0820066,0.12630166858434677,0.261129,1.38716,0.308551,0.693541,,,4.39444,0.0181968,0.0183676,999,0.782674,-0.864877,1.45862,0.782674,0.864877,3.05517,24.700000000000014,3.5285714285714307,28,4,,,,,,,,,,,,,,,,,,,"Ben Shields","sa3023483",815456
"Ky Bush","CHW",1.2523,2.3306,0.0804386,4.56591,13.7956,1.62711,0,0.0278502,0,22.7325,99.675,21.3656,12.5356,11.5328,2.85738,11.2081,0.316372,0.949623,18.61,7.36784,4.4374,1.6604,1.13126,0.186706,0.112447,0.0742594450712204,0.24413,1.43291,0.280215,0.701286,,,4.73634,0.0178264,0.00523856,999,1.51855,-0.897561,1.13416,1.51855,0.897561,3.48778,80.70000000000002,3.508695652173914,78,3.391304347826087,,,,,,,,,,,,,,,,,,,"Ky Bush","29823",681066
"Thomas Harrington","PIT",0.829358,1.1986,0.784169,4.82396,7.82613,2.39082,0.199035,0.487737,0,17.5358,75.6733,18.0287,10.2164,9.3991,2.79049,5.8317,0.1865,0.783879,13.9963,7.18342,2.99304,2.40004,1.43218,0.184957,0.0770642,0.10789290070533752,0.261066,1.36067,0.291523,0.683781,,,4.73931,0.0171375,0.0818165,748.4400024414062,1.54394,-2.33967,1.25795,1.54394,2.33967,3.32274,56.500000000000014,3.1388888888888897,58,3.2222222222222223,,,,,,,,,,,,,,,,,,,"Thomas Harrington","31989",802419
"Garrett Hawkins","SDP",1.40859,1.48438,0,4.25102,21.3559,0,0,1.18022,0,22.1269,94.418,19.9601,11.3601,10.4513,3.08751,9.22009,0.559206,0.84854,21.9221,8.91669,3.75022,2.37765,1.25583,0.232181,0.0976518,0.13452959805727005,0.236635,1.31876,0.284338,0.716883,,,4.33274,0.0168382,0.0506731,999,0.592887,-1.06959,1.18086,0.592887,1.06959,3.42552,91.9,4.177272727272728,89,4.045454545454546,,,,,,,,,,,,,,,,,,,"Garrett Hawkins","sa3017383",678184
"Taylor Clarke","ARI",2.25228,2.19879,0,4.29857,54.9278,0.0710464,0.687728,6.42195,1.54791,60.2344,254.506,60.3418,31.2708,28.7691,8.73608,16.6589,0.898278,2.22312,50.3,7.51564,2.48911,3.01941,1.30531,0.197638,0.0654557,0.1321820542216301,0.256094,1.27835,0.292238,0.706034,,,4.29087,0.0166666,0.10127,999,1.28953,0.370588,0.755784,1.28953,-0.370588,3.99229,249.3,4.155,255,4.25,,,,,,,,,,,,,,,,,,,"Taylor Clarke","17611",664199
"Ryan Borucki","CHW",0.786294,0.91726,0,4.07246,16.944,0,0,1.22463,1.13183,17.236,74.1205,15.7107,8.4774,7.7992,2.0506,7.15652,0.329087,1.09651,16.2818,8.50174,3.73687,2.2751,1.07075,0.219666,0.0965525,0.12311366945505142,0.23852,1.32671,0.287369,0.719622,,,4.22897,0.016486,0.0904419,999,0.85499,-0.680417,1.31133,0.85499,0.680417,3.25156,71.60000000000002,4.211764705882354,71,4.176470588235294,,,,,,,,,,,,,,,,,,,"Ryan Borucki","16350",621366
"Luke Jackson",,1.84104,2.19804,0,4.30957,41.7245,0,1.09106,2.86253,1.70657,43.5016,189.333,40.6826,22.6417,20.8303,4.93375,19.9679,1.68072,2.09294,39.2808,8.12677,4.13114,1.9672,1.02074,0.207469,0.105465,0.10200488567352295,0.243212,1.39421,0.290505,0.70723,,,4.32497,0.016052,-0.000807737,999,0.62091,1.24898,0.862215,0.62091,-1.24898,3.85038,186.50000000000003,4.238636363636364,184,4.181818181818182,,,,,,,,,,,,,,,,,,,"Luke Jackson","11752",592426
"Sauryn Lao",,0.237599,0.21997,0,4.0535,4.39595,0,0.000430803,0.0163125,0,5.77908,24.5547,5.36957,2.82917,2.60283,0.625733,1.8426,0,0.525371,4.65822,7.25444,2.86956,2.52807,0.974479,0.189708,0.0750407,0.11466753482818604,0.242018,1.24798,0.280655,0.691747,,,4.15986,0.0153197,0.0171412,999,0.885215,-0.465769,1.5086,0.885215,0.465769,2.98853,20.10000000000001,3.3500000000000014,18,3,,,,,,,,,,,,,,,,,,,"Sauryn Lao","21922",666659
"Daniel Robert","PHI",0.175229,0.0173522,0,4.23805,5.48004,0,0,0.444344,0,5.51164,23.7178,5.06006,2.82109,2.5954,0.754053,2.53434,0.0579708,0.365426,5.87245,9.58917,4.13834,2.31715,1.2313,0.247597,0.106854,0.14074275642633438,0.243061,1.37788,0.303421,0.730007,,,4.3611,0.0146952,0.0220763,999,1.69612,0.169174,1.48462,1.69612,-0.169174,3.0205,22.10000000000001,3.683333333333335,20,3.3333333333333335,,,,,,,,,,,,,,,,,,,"Daniel Robert","21229",642016
"John Klein","MIN",1.95972,2.1266,0,4.43844,32.6408,0,0,1.63247,0,35.1688,152.242,34.9523,18.852,17.3438,4.67905,12.6756,0.884591,2.27335,30.9792,7.92786,3.2438,2.444,1.19741,0.203486,0.0832594,0.12022683024406433,0.254581,1.35427,0.297862,0.700532,,,4.37817,0.0142216,-0.084421,999,1.67667,-0.730919,0.946005,1.67667,0.730919,3.73866,131.5,3.757142857142857,135,3.857142857142857,,,,,,,,,,,,,,,,,,,"John Klein","sa3020405",804619
"Jack Kochanowicz","LAA",0.902902,2.00231,0.876296,4.94863,16.2255,3.27086,0,0.936881,0,29.3835,131.045,31.8917,17.5614,16.1565,3.78004,11.4405,0.976117,2.20668,18.5268,5.67465,3.50416,1.61941,1.15781,0.141377,0.087302,0.054075442254543304,0.271656,1.47471,0.29563,0.677465,,,4.93984,0.0126228,-0.133002,999,3.06913,-1.50156,1.03996,3.06913,1.50156,3.61339,85.20000000000003,2.9379310344827596,96,3.310344827586207,,,,,,,,,,,,,,,,,,,"Jack Kochanowicz","27688",686799
"Miguel Ullola","HOU",1.05284,0.975029,0.0337404,4.25641,17.5755,0.0461408,0,0.980481,0,18.5997,80.7315,15.8274,9.56138,8.79647,2.32671,9.7336,0.411661,1.04525,20.1436,9.74704,4.70987,2.06949,1.12584,0.249514,0.120568,0.12894607335329056,0.226259,1.37427,0.28433,0.717356,,,4.33389,0.0125609,-0.027433,999,1.11458,0.591799,1.21926,1.11458,-0.591799,3.37432,85.4,4.494736842105263,80,4.2105263157894735,,,,,,,,,,,,,,,,,,,"Miguel Ullola","sa3016504",699044
"Brandyn Garcia","ARI",2.65231,2.94274,0,4.17959,44.0022,0,0.237332,4.40235,0.314814,47.4331,209.336,45.8767,23.9434,22.0279,4.187,22.1403,0.758855,3.28826,42.4359,8.05183,4.20093,1.91668,0.794445,0.202717,0.105765,0.096952423453331,0.249456,1.43396,0.303674,0.70909,,,4.10165,0.0124079,0.107838,999,3.93472,-2.89594,0.749329,3.93472,2.89594,4.0009,204.00000000000003,4.340425531914894,208,4.425531914893617,,,,,,,,,,,,,,,,,,,"Brandyn Garcia","33568",805299
"John Brebbia","COL",0.508035,1.07225,0,5.12796,17.1706,0.0701479,0.224971,1.44864,0.324953,17.7022,77.3024,18.4672,10.9633,10.0862,3.2179,6.38003,0.317435,0.941773,17.3866,8.83952,3.24368,2.72515,1.63602,0.224916,0.0825334,0.14238283783197403,0.26389,1.40362,0.308839,0.682519,,,4.77477,0.0117277,-0.0164686,999,1.18305,-0.524612,1.21836,1.18305,0.524612,3.37552,66.50000000000001,3.694444444444445,68,3.7777777777777777,,,,,,,,,,,,,,,,,,,"John Brebbia","12777",605154
"Emiliano Teodo","TEX",0.778354,0.765716,0,4.37168,11.3298,0,0,1.0124,0,11.6318,51.1866,10.3888,6.14139,5.65007,1.30479,6.22021,0.287798,0.728962,11.7589,9.09834,4.81282,1.89044,1.00956,0.229727,0.12152,0.10820627957582474,0.234842,1.42789,0.2914,0.708119,,,4.36382,0.0114615,0.0101455,749.2899780273438,1.01636,1.66903,1.33267,1.01636,-1.66903,3.22311,57.500000000000014,4.791666666666668,54,4.5,,,,,,,,,,,,,,,,,,,"Emiliano Teodo","sa3015158",693713
"Scott Alexander","SFG",1.20903,1.21602,0,4.18123,26.8874,0.0652841,0,1.48675,1.46515,26.7476,116.003,27.4035,13.507,12.4264,2.83874,9.5029,0.905587,1.26056,19.2445,6.47536,3.19753,2.02512,0.955176,0.165897,0.0819198,0.0839773640036583,0.260393,1.3798,0.295406,0.710534,,,4.28309,0.0102397,0.0110927,999,1.08282,0.562253,1.17307,1.08282,-0.562253,3.43591,101.7,3.7666666666666666,105,3.888888888888889,,,,,,,,,,,,,,,,,,,"Scott Alexander","10591",518397
"Peyton Gray","TEX",0.739518,0.752115,0,3.89571,2.86026,0,0,0,0,5.187,23.9417,6.63565,2.44047,2.24523,0.741,2.21188,0,0,5.187,9,3.83786,2.34506,1.28571,0.216651,0.0923863,0.1242649257183075,0.305371,1.70571,0.373036,0.820353,,,4.27156,0.00996079,0.0571386,999,0,0,1.42325,0,0,3.10233,10.5,2.1,16,3.2,,,,,,,,,,,,,,,,,,,"Peyton Gray","sa3008046",682608
"Jake Miller","DET",0.816668,0.809888,0,4.3314,9.89559,0,0,0.891974,0,10.2472,44.0732,10.2354,5.3605,4.93166,1.33012,3.32643,0.257993,0.691839,8.51808,7.4813,2.92156,2.56072,1.16822,0.193271,0.0754752,0.11779606342315674,0.255534,1.32346,0.294812,0.700989,,,4.33645,0.00926843,0.01707,999,0.568628,-1.18356,1.39144,0.568628,1.18356,3.14475,45.7,4.57,47,4.7,,,,,,,,,,,,,,,,,,,"Jake Miller","sa3020408",805725
"Hans Crouse","BAL",0.584404,0.535064,0,4.31884,5.60894,0,0,0.670072,0.227673,5.85555,25.1082,5.13029,3.05425,2.80991,0.849675,2.73706,0.143329,0.20123,6.39986,9.83662,4.20688,2.33822,1.30595,0.254891,0.109011,0.1458805575966835,0.231408,1.34357,0.286897,0.720761,,,4.34099,0.00911305,0.013066,999,0.691155,1.4227,1.44832,0.691155,-1.4227,3.0689,26.10000000000001,4.350000000000001,24,4,,,,,,,,,,,,,,,,,,,"Hans Crouse","22192",668968
"Chen Zhong-Ao Zhuang","ATH",0.213896,0.650829,0,4.34457,6.96569,0,0,0.536614,0,7.9189,33.2136,8.06033,4.1551,3.82269,1.24649,1.98617,0.194788,0.123096,6.61169,7.51432,2.25733,3.32886,1.41666,0.199066,0.0598,0.13926558569073677,0.259138,1.26867,0.293117,0.709686,,,4.31066,0.00812697,0.0184266,999,2.38422,-1.41681,1.47533,2.38422,1.41681,3.03289,38.10000000000001,4.762500000000001,39,4.875,,,,,,,,,,,,,,,,,,,"Chen Zhong-Ao Zhuang","sa3018174",800018
"Ben Lively","CLE",0.201712,0.374478,0.0995603,4.61916,1.13456,0.954238,0,0,0,5.04349,22.5626,5.56559,2.81361,2.58852,0.839518,2.11926,0.071642,0.201205,3.32841,5.93948,3.78177,1.57055,1.4981,0.147519,0.093928,0.05359083414077759,0.274951,1.52372,0.294016,0.748325,,,5.35945,0.00724911,0.0121853,999,1.15739,1.00016,1.48184,1.15739,-1.00016,3.02421,9.1,1.8199999999999998,12,2.4,,,,,,,,,,,,,,,,,,,"Ben Lively","14932",594902
"Ronan Kopp","LAD",0.783489,0.402735,0,4.32196,10.7884,0,0,0.89109,0,11.2549,49.6846,9.55217,5.87477,5.40478,1.28187,6.97178,0.237049,0.408955,12.6067,10.081,5.57501,1.80825,1.02505,0.253735,0.140321,0.11341379582881927,0.225799,1.46816,0.291051,0.722992,,,4.34289,0.00715218,-0.0256552,999,1.0586,0.955202,1.32185,1.0586,-0.955202,3.23753,52.10000000000001,4.736363636363637,51,4.636363636363637,,,,,,,,,,,,,,,,,,,"Ronan Kopp","sa3017751",691947
"Troy Watson","DET",0.131553,0.629736,0.363468,5.3804,1.54281,1.54281,0,0,0,7.52997,33.0201,7.93299,4.89302,4.50158,1.306,2.85494,0.0634035,0.319993,5.2425,6.26596,3.4123,1.83629,1.56096,0.158767,0.0864607,0.07230599224567413,0.265804,1.43267,0.28446,0.657948,,,5.26235,0.00705915,-0.00530646,999,0.982786,0.278935,1.43403,0.982786,-0.278935,3.08796,27.100000000000005,3.3875000000000006,28,3.5,,,,,,,,,,,,,,,,,,,"Troy Watson","sa3007249",681890
"Tommy Kahnle",,1.534,2.52643,0,4.26068,51.32,0,1.05928,7.67188,2.3829,51.2499,222.707,46.944,26.3719,24.2622,6.10854,24.4341,0.623164,2.19209,46.1489,8.1042,4.29087,1.88871,1.07272,0.207218,0.109714,0.09750372171401978,0.239411,1.39274,0.283927,0.71636,,,4.44229,0.00691945,0.0663382,999,2.05879,-0.00244711,0.815643,2.05879,0.00244711,3.91248,232.40000000000003,4.55686274509804,228,4.470588235294118,,,,,,,,,,,,,,,,,,,"Tommy Kahnle","11384",592454
"Reggie Crawford","SFG",0.0853607,0.115241,0,4.32164,5.71811,0,0,0.677737,0,5.91765,25.9423,5.35157,3.08864,2.84155,0.6984,2.83857,0.150187,0.531755,6.13877,9.3363,4.31711,2.16262,1.06218,0.236632,0.109419,0.12721312791109085,0.23709,1.38402,0.295726,0.707326,,,4.30328,0.00659471,0.0138199,999,0.99576,-0.924917,1.48427,0.99576,0.924917,3.02098,23.10000000000001,3.8500000000000014,21,3.5,,,,,,,,,,,,,,,,,,,"Reggie Crawford","sa3020457",686846
"Tyler Phillips","MIA",2.71332,2.49507,0.0297854,4.32439,58.2405,0.338507,1.86717,11.7283,0,70.0083,301.766,72.1471,36.5632,33.6381,8.24487,23.3071,1.03934,2.58787,51.3207,6.59759,2.99627,2.20194,1.05993,0.170068,0.0772355,0.09283224493265152,0.261524,1.36347,0.295425,0.701824,,,4.30967,0.00645232,0.0475963,999,1.58501,-1.59554,0.626902,1.58501,1.59554,4.16413,314.40000000000003,4.491428571428572,328,4.685714285714286,,,,,,,,,,,,,,,,,,,"Tyler Phillips","20629",663969
"Keegan Thompson","COL",1.05776,1.40333,0.125746,4.73805,27.2744,0.171961,0.188472,0.831138,0,30.6173,134.209,29.9429,17.5201,16.1185,4.48499,13.3993,0.445583,1.77045,29.3314,8.62199,3.93873,2.18903,1.31837,0.21855,0.0998388,0.11871092766523361,0.251538,1.41561,0.298721,0.696704,,,4.60984,0.00513312,-0.0789926,999,1.07454,1.0905,0.990741,1.07454,-1.0905,3.67901,119.19999999999999,3.8451612903225802,120,3.870967741935484,,,,,,,,,,,,,,,,,,,"Keegan Thompson","19795",624522
"Tayler Saucedo","LAA",0.925399,0.934077,0,4.4403,30.3476,0,0.0466432,1.72974,0.744912,30.5386,133.781,29.6977,16.3769,15.0667,3.54949,13.312,0.705221,1.90438,27.1237,7.9936,3.92315,2.03755,1.04607,0.202747,0.0995053,0.10324127972126007,0.250476,1.40837,0.297504,0.700118,,,4.36456,0.00432921,0.0165191,999,1.45324,-1.07364,1.06085,1.45324,1.07364,3.58553,119.19999999999999,3.8451612903225802,120,3.870967741935484,,,,,,,,,,,,,,,,,,,"Tayler Saucedo","17888",642048
"Trevor Stephan","CLE",0.756621,1.05751,0,4.35775,12.8133,0,0,0.764799,1.33862,13.3312,57.3532,12.6404,7.0162,6.45491,1.82696,5.04258,0.264271,0.87632,12.8069,8.64601,3.40428,2.53974,1.23339,0.223299,0.0879216,0.13537690043449402,0.245758,1.32643,0.29384,0.705231,,,4.32733,0.00414361,-0.0395145,999,0.532176,-1.10459,1.34131,0.532176,1.10459,3.21159,49.8,3.8307692307692305,51,3.923076923076923,,,,,,,,,,,,,,,,,,,"Trevor Stephan","19932",663986
"Tom Cosgrove","HOU",0.537161,0.582496,0,4.50832,9.27372,0,0,0.745967,0,9.71056,42.3502,9.12286,5.28724,4.86426,1.25648,4.34163,0.210208,0.627976,8.67291,8.03828,4.02394,1.99762,1.16454,0.20479,0.102517,0.10227301716804504,0.244053,1.38658,0.286559,0.698587,,,4.56629,0.00385765,0.0230332,999,0.862747,0.913975,1.39369,0.862747,-0.913975,3.14175,45.300000000000004,4.53,44,4.4,,,,,,,,,,,,,,,,,,,"Tom Cosgrove","23443",676680
"Yoniel Curet","PHI",0.116043,0.858495,0.350696,5.13422,2.177,1.41667,0,0,0,7.28277,32.677,7.05149,4.51586,4.15459,1.06785,3.82643,0.0673955,0.606253,6.37935,7.88355,4.72868,1.66718,1.31964,0.195224,0.117099,0.07812552899122238,0.24966,1.49365,0.287714,0.678046,,,5.11535,0.00358192,-0.0707939,999,1.17236,0.460016,1.4275,1.17236,-0.460016,3.09667,18.3,2.6142857142857143,19,2.7142857142857144,,,,,,,,,,,,,,,,,,,"Yoniel Curet","sa3015446",692414
"Will Johnston","ATH",0.524086,0.651204,0,4.25673,8.02688,0,0,0.489042,0.236954,8.66026,37.7352,8.07886,4.45223,4.09605,1.0795,4.31086,0.219236,0.144067,8.36534,8.69351,4.47998,1.94053,1.12185,0.221686,0.11424,0.10744559019804001,0.242752,1.43064,0.293654,0.729655,,,4.36692,0.0034077,0.0721479,999,2.53889,-1.65289,1.40725,2.53889,1.65289,3.12367,37.500000000000014,4.166666666666668,36,4,,,,,,,,,,,,,,,,,,,"Will Johnston","sa3022940",690658
"Adam Macko","TOR",0.435622,0.883507,0,4.34584,8.08965,0.249384,0,0.839165,0,9.88095,43.4326,9.35976,5.18611,4.77122,1.20771,4.60373,0.238471,0.715495,9.29573,8.46696,4.19328,2.01917,1.10004,0.214027,0.105997,0.10802949965000153,0.245577,1.41317,0.295258,0.715196,,,4.45753,0.00289008,0.0126604,999,2.90107,-1.62746,1.39724,2.90107,1.62746,3.13702,42.300000000000004,4.23,41,4.1,,,,,,,,,,,,,,,,,,,"Adam Macko","sa3011555",671936
"Alex Carrillo","NYM",0.538566,1.64475,0,4.44038,18.5807,0,0,1.08617,0,20.2534,87.3589,18.0622,10.8615,9.99254,3.09168,9.06961,0.228671,1.28966,20.9123,9.29277,4.03026,2.30575,1.37385,0.239383,0.10382,0.13556328415870667,0.234575,1.33962,0.282485,0.713503,,,4.58897,0.00257384,-0.0558626,999,1.53589,-1.01301,1.24385,1.53589,1.01301,3.34154,80.3,4.015,77,3.85,,,,,,,,,,,,,,,,,,,"Alex Carrillo","26463",692024
"Tucker Davidson","PHI",0.292544,0.367329,0,4.48387,5.56218,0,0,0.665494,0,5.85555,25.3054,5.8714,3.17095,2.91728,0.729699,2.22535,0.111429,0.169048,4.78376,7.35266,3.42037,2.14967,1.12155,0.189041,0.0879394,0.1011013388633728,0.25627,1.38275,0.295541,0.696209,,,4.34796,0.00250873,0.00494846,999,0.77065,0.399201,1.47482,0.77065,-0.399201,3.03357,24.500000000000007,4.083333333333335,25,4.166666666666667,,,,,,,,,,,,,,,,,,,"Tucker Davidson","19871",656353
"RJ Petit","COL",2.22683,3.64038,0,4.88461,46.3191,0,0,6.68734,0,47.8592,210.853,50.3397,28.2335,25.9749,7.07068,18.3737,1.23782,2.86945,42.035,7.90475,3.4552,2.28778,1.32965,0.199357,0.0871397,0.11221693456172943,0.265491,1.43574,0.307955,0.688264,,,4.63074,0.00230376,0.0748892,999,1.09955,0.5753,0.621231,1.09955,-0.5753,4.17169,188.10000000000002,3.9187500000000006,198,4.125,,,,,,,,,,,,,,,,,,,"RJ Petit","sa3017848",696275
"Joel Hurtado","LAA",0.113077,0.705773,0.406959,5.36873,1.30166,1.30166,0,0,0,6.76178,30.7491,7.60438,4.38432,4.03357,1.00529,2.90693,0.0268523,0.561021,3.98985,5.31053,3.86915,1.37253,1.33805,0.129755,0.094537,0.03521788865327835,0.278741,1.55452,0.296109,0.673007,,,5.42638,0.00187516,0.036048,999,0.697983,-0.567937,1.43794,0.697983,0.567937,3.08274,14.7,2.1,18,2.5714285714285716,,,,,,,,,,,,,,,,,,,"Joel Hurtado","sa3019774",805871
"Lake Bachar","MIA",2.9237,2.62649,0,4.30709,52.1302,0.112517,0.119763,7.73071,1.59756,57.2191,246.056,53.2174,29.7643,27.3831,8.23001,23.9211,1.50664,2.40948,56.4935,8.88586,3.76256,2.36165,1.2945,0.229596,0.0972184,0.13237784802913666,0.2422,1.34812,0.290238,0.721987,,,4.41085,0.00175029,0.0516129,999,0.997637,-1.33793,0.572154,0.997637,1.33793,4.23713,251.59999999999997,4.414035087719298,247,4.333333333333333,,,,,,,,,,,,,,,,,,,"Lake Bachar","19222",669199
"Wilber Dotel","PIT",0.595625,0.885682,0.272826,4.64109,9.67048,0.584085,0,0.774704,0,11.8707,52.0441,12.0274,6.65374,6.12144,1.62394,4.70497,0.302704,0.768043,9.64119,7.30966,3.56717,2.04915,1.23122,0.18525,0.0904035,0.09484678506851196,0.258258,1.40955,0.294665,0.697055,,,4.67235,0.00125034,-0.0106756,999,1.25342,-1.1505,1.3523,1.25342,1.1505,3.19693,39.000000000000014,3.2500000000000013,40,3.3333333333333335,,,,,,,,,,,,,,,,,,,"Wilber Dotel","sa3015163",696062
"Taylor Rashi","ARI",0.545441,0.524604,0,4.09508,10.2971,0,0.0762843,1.0178,0.450773,13.2231,57.7958,12.8555,6.5398,6.01661,1.44997,5.98251,0.231077,0.478701,11.6492,7.92876,4.07187,1.9472,0.986893,0.201557,0.103511,0.09804608672857285,0.250425,1.42463,0.298296,0.731685,,,4.2646,0.0012376,-0.00648816,999,0.898429,0.27196,1.35899,0.898429,-0.27196,3.18802,60.10000000000001,4.6230769230769235,62,4.769230769230769,,,,,,,,,,,,,,,,,,,"Taylor Rashi","26344",688497
"Jackson Wolf","SDP",0.686526,0.45103,0.00087091,4.31463,8.55015,0.00119099,0,0.771634,0,9.64692,41.4081,9.37747,5.02692,4.62476,1.30779,3.4576,0.208343,0.500485,8.38288,7.82073,3.22573,2.42448,1.22009,0.202445,0.0835005,0.1189449205994606,0.2504,1.33048,0.290701,0.709563,,,4.39043,0.00112473,0.0230332,999,1.27071,-0.917904,1.40488,1.27071,0.917904,3.12683,46.300000000000004,4.630000000000001,45,4.5,,,,,,,,,,,,,,,,,,,"Jackson Wolf","29832",680232
"Tyler Samaniego","BOS",1.61064,1.43457,0,4.42633,23.2348,0,0,1.12627,0,24.4674,107.229,24.8233,13.0798,12.0334,2.99091,9.96396,0.628402,1.2412,20.4431,7.51969,3.6651,2.0517,1.10016,0.190649,0.0929224,0.09772653132677078,0.258513,1.42178,0.300765,0.709394,,,4.42711,0.0010854,-0.0113772,999,0.705844,-0.946519,1.09889,0.705844,0.946519,3.53481,86.70000000000002,3.6125000000000007,92,3.8333333333333335,,,,,,,,,,,,,,,,,,,"Tyler Samaniego","sa3017876",701719
"Eric Cerantola","KCR",0.934181,0.955204,0,4.48074,15.1981,0,0,0.873378,0,16.2514,71.7401,14.867,8.79447,8.09092,1.8054,8.60223,0.331707,0.979308,15.8672,8.7872,4.7639,1.84454,0.999827,0.221175,0.119908,0.10126715153455734,0.239179,1.44414,0.293612,0.700745,,,4.39537,0.000902228,-0.064967,999,0.929813,1.58818,1.23836,0.929813,-1.58818,3.34886,60.80000000000001,3.8000000000000007,60,3.75,,,,,,,,,,,,,,,,,,,"Eric Cerantola","sa3017914",672021
"Joey Gerber","NYM",0.599408,0.705265,0,4.38685,16.1085,0,0,1.62618,0,17.6434,75.0277,16.5685,9.34768,8.59987,2.53053,6.37762,0.313264,0.739295,16.844,8.59223,3.25326,2.64111,1.29084,0.224504,0.0850036,0.1395001783967018,0.243975,1.30055,0.289227,0.700828,,,4.30042,-0.00000776758,0.0414598,999,1.11556,-0.891958,1.30505,1.11556,0.891958,3.25994,73.10000000000001,4.061111111111112,72,4,,,,,,,,,,,,,,,,,,,"Joey Gerber","24591",680702
"Nigel Belgrave","MIA",0.282865,0.410789,0,4.27007,5.71192,0,0,0.66873,0,5.8866,25.8374,5.43708,3.03577,2.79291,0.670679,2.73474,0.150677,0.535528,5.54518,8.47801,4.18114,2.02768,1.0254,0.214619,0.105845,0.10877414792776108,0.24093,1.38821,0.291501,0.710098,,,4.3989,-0.000731323,0.0212693,999,0.405052,0.135449,1.4742,0.405052,-0.135449,3.0344,23.10000000000001,3.8500000000000014,21,3.5,,,,,,,,,,,,,,,,,,,"Nigel Belgrave","sa3023180",811310
"Tyler Gilbert","CHW",0.996431,1.50572,0,4.41153,28.4321,0.267288,0.0392885,1.78652,0.124298,30.6222,131.875,29.718,16.3153,15.0101,4.2693,11.7468,0.876695,1.29975,27.3659,8.04295,3.45244,2.32964,1.25477,0.207513,0.0890753,0.11843821406364441,0.250091,1.35408,0.291864,0.70868,,,4.4384,-0.00095892,0.0203019,999,1.48,-0.398939,1.08661,1.48,0.398939,3.55119,125.19999999999999,4.038709677419354,126,4.064516129032258,,,,,,,,,,,,,,,,,,,"Tyler Gilbert","17964",656457
"Jagger Haynes","SDP",0.118942,0.441595,0.457585,5.19892,1.65257,1.65257,0,0,0,8.06095,36.2105,8.14996,5.06138,4.65647,1.25179,4.32744,0.0582195,0.275791,6.16505,6.88324,4.83156,1.42464,1.39762,0.170256,0.119508,0.05074804276227951,0.25785,1.54788,0.28516,0.691477,,,5.33747,-0.00100974,-0.000209807,999,1.23382,-0.278667,1.40801,1.23382,0.278667,3.12265,26.100000000000005,3.2625000000000006,27,3.375,,,,,,,,,,,,,,,,,,,"Jagger Haynes","sa3020876",695247
"Andrew Sears","DET",0.0844302,0.4079,0,4.36408,5.71811,0,0,0.667988,0,5.91765,25.7356,5.70156,3.11897,2.86945,0.720984,2.27093,0.149259,0.542729,5.0498,7.68011,3.45379,2.22367,1.09653,0.196219,0.0882407,0.10797794163227081,0.248738,1.34724,0.290393,0.697033,,,4.43872,-0.00136678,0.010242,999,0.929561,-0.959647,1.49646,0.929561,0.959647,3.00472,21.500000000000007,3.5833333333333344,22,3.6666666666666665,,,,,,,,,,,,,,,,,,,"Andrew Sears","sa3023133",808825
"Chase Shugart","PHI",1.252,1.44791,0,4.53399,29.9626,0,0.226886,2.43286,0.85192,32.9251,142.037,31.9092,18.0292,16.5869,4.75895,12.9325,0.794095,1.38299,26.9982,7.37989,3.53507,2.08762,1.30085,0.190079,0.0910505,0.09902837872505188,0.249834,1.36193,0.282921,0.70228,,,4.67853,-0.00205194,-0.0284365,999,1.24234,0.428541,1.03487,1.24234,-0.428541,3.62018,119.50000000000004,3.6212121212121224,120,3.6363636363636362,,,,,,,,,,,,,,,,,,,"Chase Shugart","21544",663767
"Anthony Banda","LAD",2.81487,1.75565,0.191833,4.30981,54.5181,0.262335,0.0416758,8.95154,1.43001,57.1989,247.367,52.8412,29.7725,27.3907,7.60184,25.3485,2.65313,2.72862,54.7707,8.61795,3.98849,2.16071,1.19612,0.221415,0.102473,0.11894147843122482,0.240965,1.36698,0.288301,0.716792,,,4.42037,-0.0030009,-0.0219004,999,1.54137,-0.167111,0.579402,1.54137,0.167111,4.22746,247.59999999999997,4.343859649122806,243,4.2631578947368425,,,,,,,,,,,,,,,,,,,"Anthony Banda","14706",607455
"Juan Morillo","ARI",1.48072,2.11117,0,4.27595,45.0694,0,0.319306,2.63006,0.970434,44.1776,195.928,42.8329,22.8142,20.989,4.37453,22.3434,0.73149,2.19472,40.2883,8.20766,4.55187,1.80314,0.891192,0.205628,0.114039,0.09158922731876373,0.249915,1.47532,0.303474,0.717371,,,4.26482,-0.00316331,0.0474554,999,2.72021,-2.6089,0.83927,2.72021,2.6089,3.88097,184.60000000000002,4.195454545454546,188,4.2727272727272725,,,,,,,,,,,,,,,,,,,"Juan Morillo","21924",666661
"Tate Kuehner","MIL",0.633217,0.598154,0,4.20024,7.06152,0,0,0.667818,0,7.35825,32.2916,6.84275,3.73266,3.43405,0.846852,3.47697,0.18682,0.559365,6.7616,8.27023,4.25275,1.94468,1.0358,0.209392,0.107674,0.10171779245138168,0.242176,1.40247,0.290403,0.721148,,,4.4391,-0.00354047,-0.0336126,999,0.508029,-1.56472,1.42777,0.508029,1.56472,3.09631,27.300000000000015,3.900000000000002,28,4,,,,,,,,,,,,,,,,,,,"Tate Kuehner","sa3023099",804249
"Dylan Smith","DET",1.20613,1.09951,0,4.04732,22.4482,0,0,1.01559,0,26.129,112.982,24.2465,12.7721,11.7503,3.02018,11.0739,0.294321,1.62615,22.356,7.70039,3.81433,2.0188,1.04029,0.197872,0.0980144,0.09985750913619995,0.241783,1.35177,0.283373,0.72521,,,4.38472,-0.00358875,0.0443827,999,1.47003,0.844198,1.18172,1.47003,-0.844198,3.42437,102.1,3.9269230769230767,100,3.8461538461538463,,,,,,,,,,,,,,,,,,,"Dylan Smith","30145",681916
"Austin Kitchen","SEA",0.0832033,0.14068,0,4.21179,5.69778,0,0,0.675408,0,5.928,25.4233,6.239,3.01539,2.77416,0.678239,1.82298,0.104231,0.110826,3.9385,5.97951,2.76769,2.16047,1.02971,0.154917,0.0717052,0.08321188390254974,0.265608,1.35998,0.294645,0.709543,,,4.27237,-0.00427957,-0.0120388,999,0.746167,-0.992083,1.50786,0.746167,0.992083,2.98952,22.500000000000007,3.7500000000000013,23,3.8333333333333335,,,,,,,,,,,,,,,,,,,"Austin Kitchen","27910",685116
"Riley Cornelio","WSN",0.846805,1.26084,1.00586,5.30137,3.33029,2.99486,0,0,0,16.7807,75.0963,17.7512,10.744,9.8845,2.725,7.75225,0.0662009,0.761178,11.6643,6.25595,4.15777,1.50464,1.4615,0.155325,0.103231,0.05209425091743469,0.266602,1.51981,0.287893,0.68052,,,5.37799,-0.00473591,-0.0218269,999,1.18801,-1.36913,1.19126,1.18801,1.36913,3.41165,39.10000000000001,2.3000000000000007,43,2.5294117647058822,,,,,,,,,,,,,,,,,,,"Riley Cornelio","sa3020830",683000
"Yosver Zulueta","SEA",0.888565,0.713343,0,3.89405,19.2299,0,0,0.890574,0.30499,21.5712,93.272,18.5828,10.1449,9.33328,2.16167,10.5596,0.29752,1.35728,21.1573,8.82732,4.40572,2.00361,0.901899,0.226835,0.113213,0.1136215329170227,0.228416,1.35099,0.282947,0.727427,,,4.13359,-0.00561007,0.0660832,999,1.49644,-0.41269,1.25447,1.49644,0.41269,3.32737,98.80000000000001,4.490909090909091,94,4.2727272727272725,,,,,,,,,,,,,,,,,,,"Yosver Zulueta","27765",691172
"Tyson Neighbors","BAL",0.644346,1.05489,0,4.43248,16.7334,0,0,0.98656,0,17.7635,76.7636,16.0821,9.50923,8.74849,2.44971,7.8154,0.452076,1.17419,18.0586,9.14948,3.95972,2.31064,1.24116,0.235249,0.101811,0.13343791663646698,0.237291,1.34531,0.288421,0.702968,,,4.41291,-0.00575358,-0.0892638,999,1.01736,-0.750463,1.27063,1.01736,0.750463,3.30583,80.00000000000003,4.444444444444446,77,4.277777777777778,,,,,,,,,,,,,,,,,,,"Tyson Neighbors","sa3025569",695695
"James Karinchak","ATL",0.65549,0.622714,0,4.49204,9.78631,0,0,0.918802,0,10.1644,44.2502,8.79469,5.51436,5.07321,1.38254,5.51381,0.170678,0.363326,11.6421,10.3085,4.88217,2.11145,1.22416,0.263098,0.124605,0.13849274814128876,0.229189,1.40771,0.292411,0.710756,,,4.34722,-0.00618955,-0.069476,999,0.663917,0.769145,1.35306,0.663917,-0.769145,3.19593,48.300000000000004,4.83,47,4.7,,,,,,,,,,,,,,,,,,,"James Karinchak","20151",675916
"Will Klein","LAD",2.4732,2.23277,0,4.33241,41.2913,0,0,3.39032,0.617794,43.6951,194.811,38.7947,22.8629,21.0339,4.62473,26.5016,0.594898,2.36185,47.6188,9.80819,5.45862,1.79683,0.952569,0.244436,0.136038,0.1083984524011612,0.233777,1.49436,0.300518,0.72139,,,4.31317,-0.00638022,-0.000803879,999,3.22989,-1.3341,0.679721,3.22989,1.3341,4.0937,183.70000000000002,4.175000000000001,176,4,,,,,,,,,,,,,,,,,,,"Will Klein","27787",694361
"Jake Bloss","TOR",0.871519,0.848242,0.142737,4.56747,11.0581,0.273563,0,0.834612,0,12.5125,54.0142,12.2824,6.90222,6.35004,1.83902,4.93555,0.228955,0.385005,11.1951,8.05243,3.55005,2.26826,1.32277,0.207262,0.091375,0.11588691920042038,0.252237,1.37606,0.292862,0.704465,,,4.53204,-0.0070209,-0.0352419,999,0.950984,0.0465798,1.32562,0.950984,-0.0465798,3.23251,51.39999999999999,3.953846153846153,50,3.8461538461538463,,,,,,,,,,,,,,,,,,,"Jake Bloss","33168",814005
"Gunnar Hoglund","ATH",2.13184,2.56093,1.88868,4.92944,16.9932,5.68005,0,0.768517,0,42.0015,180.651,43.2642,25.0053,23.0049,7.42653,13.4564,0.416004,1.70625,32.3366,6.92901,2.88341,2.40307,1.59134,0.179,0.0744882,0.10451176017522812,0.261433,1.35044,0.285047,0.684649,,,4.97696,-0.0073762,0.00180127,999,1.13283,-1.29025,0.814581,1.13283,1.29025,3.91389,135.90000000000003,3.2357142857142867,142,3.380952380952381,,,,,,,,,,,,,,,,,,,"Gunnar Hoglund","31318",680684
"A.J. Causey","KCR",0.578634,0.562347,0,4.5365,7.54218,0,0,0.596744,0,7.8304,34.162,7.89058,4.29017,3.94696,0.996556,2.98006,0.199991,0.504871,6.38989,7.34433,3.42518,2.14422,1.14541,0.187047,0.0872332,0.09981366246938705,0.257215,1.38826,0.296,0.694475,,,4.4927,-0.0083582,0.0184266,999,0.366461,-0.27239,1.42225,0.366461,0.27239,3.10367,30.100000000000005,3.7625000000000006,31,3.875,,,,,,,,,,,,,,,,,,,"A.J. Causey","sa3028661",822067
"Jeff Criswell","COL",0.680173,0.906692,0,4.90208,14.3685,0,0,0.937348,0,16.207,71.9874,17.0195,9.59516,8.82755,2.60536,7.10546,0.180608,0.700094,16.0496,8.91261,3.94578,2.25877,1.4468,0.22295,0.0987043,0.12424596399068832,0.265176,1.48855,0.316607,0.709551,,,4.68923,-0.00929733,-0.0343629,999,1.36243,-0.252194,1.21269,1.36243,0.252194,3.38308,49.3,3.08125,53,3.3125,,,,,,,,,,,,,,,,,,,"Jeff Criswell","27608",676105
"Drey Jameson","ARI",2.38885,2.80398,0,4.11609,48.975,0,1.5174,5.58489,0,52.8376,229.27,51.4158,26.2663,24.165,5.89464,21.946,0.419433,2.15042,47.9283,8.16379,3.73814,2.18392,1.00405,0.209048,0.0957215,0.11332643032073975,0.250597,1.38844,0.300767,0.72333,,,4.1394,-0.00948728,0.228877,645.8499755859375,2.77662,-0.691447,0.771346,2.77662,0.691447,3.97154,243.80000000000004,4.6000000000000005,245,4.622641509433962,,,,,,,,,,,,,,,,,,,"Drey Jameson","26260",686753
"Mike Clevinger","PIT",1.12462,2.3138,0.510021,4.85537,16.3107,2.85959,0,0.792359,0,26.9629,117.078,27.1074,15.811,14.5461,4.00824,10.3866,0.293117,1.12204,21.2006,7.0766,3.46695,2.04116,1.33792,0.181081,0.0887148,0.09236638993024826,0.256773,1.39058,0.287444,0.680092,,,4.7756,-0.010145,0.000124948,999,1.53283,-0.764887,1.07699,1.53283,0.764887,3.56401,93.40000000000002,3.45925925925926,96,3.5555555555555554,,,,,,,,,,,,,,,,,,,"Mike Clevinger","12808",605182
"Collin Snider","CHC",0.192532,0.578532,0,4.52558,7.63083,0,0,0.909362,0.236647,7.96278,34.5409,7.97965,4.3522,4.00402,1.07189,2.90319,0.217401,0.486348,6.52531,7.37528,3.28136,2.24763,1.21151,0.188915,0.0840509,0.10486450046300888,0.256158,1.36671,0.293272,0.696068,,,4.52317,-0.0104912,-0.0160518,999,0.827019,-0.264646,1.45436,0.827019,0.264646,3.06086,35.10000000000001,4.387500000000001,36,4.5,,,,,,,,,,,,,,,,,,,"Collin Snider","23307",676092
"Max Lazar","PHI",1.40535,1.34056,0,4.44923,33.2479,0,0.0719453,1.56115,0,36.3824,154.683,36.6171,19.5499,17.9859,5.12514,11.1346,0.523855,1.05902,28.5971,7.07413,2.75439,2.56831,1.26782,0.184875,0.0719831,0.11289185285568237,0.25698,1.31249,0.289534,0.695027,,,4.39985,-0.0107857,-0.0671869,999,1.68795,-0.515118,1.03228,1.68795,0.515118,3.62363,138.70000000000005,3.852777777777779,145,4.027777777777778,,,,,,,,,,,,,,,,,,,"Max Lazar","23426",676661
"Daysbel Hernández","ATL",1.38643,1.48684,0,4.23265,28.4936,0,0,3.32972,0.899083,29.6676,130.695,26.4061,15.1657,13.9525,3.36526,16.3413,0.732972,1.61514,30.895,9.37237,4.95733,1.89061,1.02089,0.23639,0.125034,0.11135613918304443,0.234224,1.44088,0.293594,0.725145,,,4.34278,-0.0113869,0.0932122,999,1.20869,-0.679826,1.012,1.20869,0.679826,3.65066,137.5,4.583333333333333,131,4.366666666666666,,,,,,,,,,,,,,,,,,,"Daysbel Hernandez","20271",678226
"Jorge López",,1.44376,1.02716,0,4.46115,26.0598,0,0.252753,1.08122,1.58372,26.9482,116.69,26.5614,14.5194,13.3578,3.25871,9.68683,0.565282,2.02207,22.5414,7.52821,3.23514,2.32701,1.08832,0.193173,0.0830136,0.11015982925891876,0.253012,1.34511,0.294298,0.685756,,,4.33771,-0.0114155,-0.0906441,999,0.470914,-0.867197,1.11406,0.470914,0.867197,3.51458,106.7,3.951851851851852,110,4.074074074074074,,,,,,,,,,,,,,,,,,,"Jorge Lopez","14527",605347
"Drew Smith",,1.38999,1.86211,0,4.41116,35.4549,0,0.198373,1.47653,0.61185,36.6963,157.686,33.6921,19.5499,17.9859,5.29769,15.6886,0.766619,1.51859,36.476,8.94598,3.84773,2.325,1.29929,0.231321,0.099493,0.13182846456766129,0.239838,1.34566,0.28767,0.710867,,,4.43062,-0.0126718,-0.0677851,999,1.3386,-0.829413,0.954417,1.3386,0.829413,3.72744,145.9,3.9432432432432436,142,3.8378378378378377,,,,,,,,,,,,,,,,,,,"Drew Smith","17755",622098
"Ben Peoples","CHW",0.0605549,0.187364,0,4.54751,5.27229,0,0,0.766297,0,5.60136,24.0706,5.01034,3.07636,2.83025,0.768805,2.48047,0.114591,0.279861,5.05051,8.11492,3.98551,2.03611,1.23528,0.20982,0.10305,0.10677074640989304,0.235114,1.33732,0.273807,0.688201,,,4.59451,-0.0131416,0.01382,999,0.963867,0.255014,1.49692,0.963867,-0.255014,3.00411,27.10000000000001,4.516666666666668,25,4.166666666666667,,,,,,,,,,,,,,,,,,,"Ben Peoples","sa3011784",687239
"Garrett Acton","MIA",0.531874,0.553361,0,4.52716,19.2914,0,0,1.13681,0,19.5251,84.1825,17.9799,10.6755,9.8215,2.88229,8.59694,0.735467,0.787489,18.5228,8.53796,3.96271,2.15458,1.32857,0.220031,0.102123,0.11790834367275238,0.240379,1.36116,0.282764,0.705419,,,4.59876,-0.0136915,0.0908643,999,1.25593,-0.700248,1.25097,1.25593,0.700248,3.33204,76.3,3.815,73,3.65,,,,,,,,,,,,,,,,,,,"Garrett Acton","27583",670183
"Josh Staumont","CIN",0.681736,0.65571,0,4.77744,9.59307,0,0,0.759941,0,10.0072,44.3353,9.34009,5.77402,5.3121,1.3881,5.27162,0.157292,0.602628,9.73829,8.75814,4.74104,1.8473,1.24839,0.219651,0.118903,0.10074739158153534,0.242845,1.46012,0.290912,0.697619,,,4.75312,-0.0138123,-0.0440996,999,0.78205,-0.405632,1.34421,0.78205,0.405632,3.20772,44.300000000000004,4.430000000000001,43,4.3,,,,,,,,,,,,,,,,,,,"Josh Staumont","18335",622251
"Jose Franco","CIN",0.933954,0.908668,0.0278174,4.73884,13.925,0.0380409,0,0.896153,0,14.7661,64.1304,14.1337,8.45098,7.7749,2.33728,6.24125,0.324291,0.786062,14.0992,8.59352,3.80407,2.25903,1.42458,0.219852,0.0973213,0.12253067642450333,0.247513,1.37985,0.290077,0.697196,,,4.71092,-0.0138833,0.0302491,999,0.999553,-0.965391,1.26755,0.999553,0.965391,3.30994,61.00000000000001,4.066666666666667,60,4,,,,,,,,,,,,,,,,,,,"Jose Franco","sa3008714",683742
"Nabil Crismatt","TEX",0.28436,0.322875,0.187055,4.99787,1.86775,0.463497,0.000336726,0.0260935,0,5.32225,22.9679,5.75507,3.21255,2.95554,0.831111,1.49124,0.0550062,0.223975,3.71458,6.2814,2.52171,2.49093,1.40542,0.161729,0.0649272,0.09680190682411194,0.270793,1.36151,0.294724,0.663147,,,4.73614,-0.0139093,-0.0468951,999,1.29989,-0.216239,1.47844,1.29989,0.216239,3.02875,14.1,2.82,17,3.4,,,,,,,,,,,,,,,,,,,"Nabil Crismatt","17732",622503
"Shinnosuke Ogasawara","WSN",0.245275,0.213312,0,4.58627,7.27617,0.0497042,0,0.83987,0,8.35422,35.9955,8.80358,4.62738,4.25719,1.13933,2.619,0.136942,0.262174,6.17073,6.64773,2.82146,2.35613,1.2274,0.17143,0.0727592,0.09867116808891296,0.265854,1.36728,0.297015,0.691446,,,4.4654,-0.0141673,-0.077837,999,1.4782,-3.46823,1.44778,1.4782,3.46823,3.06962,30.500000000000007,3.812500000000001,34,4.25,,,,,,,,,,,,,,,,,,,"Shinnosuke Ogasawara","35324",829272
"Brian Fitzpatrick","MIL",0.0808447,0.574303,0,4.55313,5.71192,0,0,0.667818,0,5.8866,25.5614,5.76555,3.23701,2.97805,0.836491,2.55087,0.150606,0.115003,5.06092,7.73762,3.90002,1.98399,1.27891,0.19799,0.0997939,0.09819653630256653,0.25182,1.41277,0.289976,0.710871,,,4.62159,-0.0154031,0.0148661,999,0.744868,-0.868215,1.48367,0.744868,0.868215,3.02178,21.500000000000007,3.5833333333333344,22,3.6666666666666665,,,,,,,,,,,,,,,,,,,"Brian Fitzpatrick","sa3020265",702153
"Jesse Scholtens","TBR",0.913742,1.91312,0.251037,4.55793,22.1245,1.15987,0.0219382,0.867955,0,32.3749,138.529,32.6185,17.8216,16.3959,5.08038,10.5996,0.53501,1.10001,28.1856,7.83541,2.94662,2.65912,1.41231,0.203464,0.0765155,0.12694810330867767,0.257184,1.33493,0.294325,0.703396,,,4.51808,-0.0168645,-0.0680405,749,2.0725,-1.15563,1.06929,2.0725,1.15563,3.57428,113.50000000000001,3.5468750000000004,119,3.71875,,,,,,,,,,,,,,,,,,,"Jesse Scholtens","19205",669947
"T.J. McFarland",,0.70721,1.21243,0,4.39249,25.642,0,0,1.35722,0.757472,24.3906,106.697,26.0698,12.9391,11.904,2.64036,8.26388,0.522271,1.38601,16.6659,6.14961,3.04932,2.01671,0.974276,0.156199,0.0774522,0.0787467509508133,0.268632,1.40766,0.301381,0.698321,,,4.36276,-0.0169727,-0.0467563,999,1.04733,-0.614729,1.21011,1.04733,0.614729,3.38651,84.10000000000002,3.5041666666666678,92,3.8333333333333335,,,,,,,,,,,,,,,,,,,"T.J. McFarland","3237",519008
"Blake Walston","ARI",0.528829,0.886814,0.0825378,4.43623,10.1923,0.293658,0,0.839604,0,12.0589,52.8878,11.9739,6.46088,5.94401,1.38643,5.04822,0.253148,0.774276,10.432,7.7858,3.76767,2.06648,1.03474,0.197248,0.0954514,0.1017967239022255,0.254411,1.41158,0.300381,0.700296,,,4.3481,-0.0174167,0.0403975,999,1.22994,0.263739,1.36013,1.22994,-0.263739,3.18649,51.30000000000001,4.275000000000001,53,4.416666666666667,,,,,,,,,,,,,,,,,,,"Blake Walston","26270",686796
"Lyon Richardson","CIN",1.22162,1.04084,0,4.60124,17.6746,0.066667,0,0.901026,0.0811227,20.305,89.9333,20.1535,11.2836,10.3809,2.56116,9.74015,0.785456,0.95208,17.7539,7.86924,4.31723,1.82275,1.13521,0.197412,0.108304,0.08910752087831497,0.254331,1.47223,0.298549,0.707391,,,4.60591,-0.0174208,0.00808765,999,1.21202,-0.745941,1.14579,1.21202,0.745941,3.47228,66.1,3.3049999999999997,68,3.4,,,,,,,,,,,,,,,,,,,"Lyon Richardson","24581",680689
"Albert Suárez","BAL",1.06842,1.14734,0.151657,4.34411,19.5184,0.290995,0,0.653303,0.651812,23.5969,101.269,23.864,12.3801,11.3897,3.24706,7.68853,0.835446,1.05,19.8822,7.58321,2.93245,2.58596,1.23845,0.19633,0.0759215,0.12040865421295166,0.257902,1.33715,0.297066,0.709913,,,4.34983,-0.0176938,0.0197999,999,1.99491,0.0778455,1.19801,1.99491,-0.0778455,3.40265,95.30000000000001,3.9708333333333337,98,4.083333333333333,,,,,,,,,,,,,,,,,,,"Albert Suarez","6175",544150
"Shane Murphy","CHW",0.621754,1.28899,0,4.41538,15.6916,0,0,0.943619,0,17.124,72.3567,17.7647,9.13149,8.40097,2.56408,4.4574,0.425209,0.303826,12.1844,6.40387,2.34272,2.73353,1.34763,0.168394,0.0616031,0.10679061710834503,0.262809,1.29772,0.287635,0.702573,,,4.49276,-0.0177603,-0.0118916,999,1.18634,-0.550054,1.34193,1.18634,0.550054,3.21076,58.10000000000001,3.4176470588235297,62,3.6470588235294117,,,,,,,,,,,,,,,,,,,"Shane Murphy","sa3020389",690294
"Daison Acosta","SDP",0.634495,0.761538,0,4.30904,14.9547,0,0,1.25801,0,15.5801,68.0488,13.8027,8.10812,7.45948,2.00427,8.05643,0.620585,0.851579,15.7535,9.10018,4.65388,1.9554,1.15779,0.231503,0.118392,0.113111212849617,0.233387,1.40302,0.285104,0.721718,,,4.5005,-0.0181137,0.0368532,999,1.24252,0.249853,1.29387,1.24252,-0.249853,3.27484,66.4,4.15,63,3.9375,,,,,,,,,,,,,,,,,,,"Daison Acosta","sa944989",670897
"Hogan Harris","ATH",2.76409,3.08189,0.183301,4.23215,54.0854,0.250668,8.37138,8.56395,0,65.405,284.195,60.1999,33.4304,30.7559,7.93071,30.5109,1.7899,2.94834,62.7953,8.64089,4.19842,2.05813,1.0913,0.220959,0.107359,0.11359958350658417,0.240093,1.38691,0.290369,0.719533,,,4.32597,-0.0187659,0.0985801,556.5599975585938,1.87954,-0.638156,0.900844,1.87954,0.638156,3.79887,326.6,5.024615384615385,321,4.938461538461539,,,,,,,,,,,,,,,,,,,"Hogan Harris","21520",663687
"Walbert Urena","LAA",0.125155,0.694558,0.120977,4.81209,8.32455,0.165438,0,0.859524,0,9.47889,42.305,9.72165,5.50885,5.06814,1.08257,4.73366,0.245943,0.266126,7.26359,6.89662,4.49451,1.53445,1.02787,0.171696,0.111894,0.05980203300714493,0.260598,1.525,0.29832,0.691396,,,4.66966,-0.0192707,-0.131396,999,0.91594,-0.493612,1.40004,0.91594,0.493612,3.13328,31.30000000000001,3.477777777777779,35,3.888888888888889,,,,,,,,,,,,,,,,,,,"Walbert Urena","sa3018298",700712
"Eiberson Castellano","COL",0.0773816,0.582475,0,4.94791,5.72052,0,0,0.668876,0,5.928,26.4853,6.33203,3.54242,3.25902,0.819532,2.34745,0.152881,0.555367,5.01823,7.61877,3.56394,2.13773,1.24423,0.189472,0.0886321,0.10083985328674316,0.268505,1.46415,0.310655,0.68202,,,4.70833,-0.01989,-0.0894098,999,0.750228,-0.949368,1.46704,0.750228,0.949368,3.04394,21.500000000000007,3.5833333333333344,22,3.6666666666666665,,,,,,,,,,,,,,,,,,,"Eiberson Castellano","sa3015414",682769
"Chayce McDermott","BAL",0.551752,1.41129,0.308008,4.94502,8.15738,1.72884,0,0.526208,0,14.4887,65.2639,13.7014,8.653,7.96076,2.1846,8.63993,0.086976,0.760537,13.9146,8.64342,5.36691,1.6105,1.35702,0.213206,0.132384,0.08082132041454315,0.245266,1.54199,0.289627,0.709869,,,5.12096,-0.0210961,-0.105823,999,3.04501,-1.90528,1.24154,3.04501,1.90528,3.34461,44.60000000000003,3.1857142857142877,46,3.2857142857142856,,,,,,,,,,,,,,,,,,,"Chayce McDermott","29866",694646
"Francis Pena","SDP",0.609785,0.590823,0,4.37985,9.66953,0,0,0.857574,0,10.0542,44.2768,9.9337,5.31834,4.89288,1.17947,4.57042,0.257414,0.514942,7.98507,7.14782,4.0912,1.74712,1.0558,0.180344,0.103224,0.0771205946803093,0.253466,1.44259,0.291547,0.714687,,,4.58916,-0.0213392,0.0230332,999,0.497792,-1.33201,1.38554,0.497792,1.33201,3.15262,37.7,3.7700000000000005,39,3.9,,,,,,,,,,,,,,,,,,,"Francis Pena","sa3019374",800212
"Domingo Gonzalez","SEA",0.854355,0.850784,0,4.27595,15.7953,0,0,1.00784,0,16.4201,70.7434,14.9864,8.47966,7.80129,2.04792,7.03197,0.371156,0.942512,15.4735,8.48114,3.85428,2.20045,1.12248,0.218727,0.0994011,0.11932573467493057,0.238755,1.34094,0.285949,0.706934,,,4.32876,-0.0220355,-0.0321035,999,0.969151,0.829008,1.29566,0.969151,-0.829008,3.27245,64.80000000000001,4.050000000000001,64,4,,,,,,,,,,,,,,,,,,,"Domingo Gonzalez","sa3007495",682445
"Chad Green",,1.63222,1.98021,0,4.57509,38.8033,0,0.683443,1.50135,0.81611,40.0579,170.299,39.2008,22.1338,20.3631,6.70265,13.0853,1.24223,1.44484,35.0148,7.86694,2.93993,2.67589,1.50592,0.205607,0.0768369,0.12877029180526733,0.25166,1.30526,0.284942,0.702811,,,4.65033,-0.0226233,-0.111745,999,1.37517,0.155526,0.942949,1.37517,-0.155526,3.74273,149.5,3.7375,150,3.75,,,,,,,,,,,,,,,,,,,"Chad Green","15552",643338
"Joe La Sorsa","PIT",0.24201,0.413518,0,4.59125,5.55459,0,0,0.647734,0,6.36226,27.2871,6.53999,3.52786,3.24563,0.877325,1.98286,0.136183,0.250009,4.39311,6.21446,2.80494,2.21554,1.24106,0.160996,0.0726668,0.08832947164773941,0.261034,1.33959,0.286228,0.684752,,,4.59965,-0.0226954,-0.0758834,999,1.57145,-1.19633,1.48102,1.57145,1.19633,3.02531,19.90000000000001,3.316666666666668,23,3.8333333333333335,,,,,,,,,,,,,,,,,,,"Joe La Sorsa","25481",686747
"Victor Mederos","LAA",0.8802,1.69643,0.315077,4.89243,19.9714,0.583067,0,0.726336,1.39907,26.4365,117.347,26.8647,15.6206,14.371,3.64076,11.1739,0.390674,2.37837,20.7073,7.04953,3.80403,1.85318,1.23945,0.176461,0.095221,0.08124031126499176,0.258824,1.43886,0.292319,0.680538,,,4.8968,-0.0227878,-0.192065,999,1.76922,-1.83368,1.07623,1.76922,1.83368,3.56502,79.99999999999999,3.076923076923076,85,3.269230769230769,,,,,,,,,,,,,,,,,,,"Victor Mederos","31533",682989
"Alex Hoppe","SEA",0.445771,0.684128,0,4.23598,11.2656,0,0,0.895668,0,11.9275,52.3958,11.7532,6.10201,5.61385,1.33929,5.42982,0.303918,0.503791,10.2116,7.70523,4.09712,1.88065,1.01057,0.194893,0.103631,0.09126219153404236,0.252962,1.44062,0.298295,0.723869,,,4.375,-0.0230344,-0.0240637,999,1.31746,-0.829963,1.37377,1.31746,0.829963,3.16831,51.30000000000001,4.275000000000001,53,4.416666666666667,,,,,,,,,,,,,,,,,,,"Alex Hoppe","sa3020836",695380
"Eric Reyzelman","NYY",0,0.189592,0,5.02518,5.07573,0,0,0.735954,0,5.37956,23.9581,5.11021,3.26489,3.0037,0.739588,2.96918,0,0.224148,5.08808,8.51236,4.96744,1.71363,1.23733,0.212375,0.123932,0.08844225853681564,0.246101,1.50187,0.292603,0.683493,,,4.81157,-0.0231915,-0.0392633,999,0.0921348,0.107683,1.47279,0.0921348,-0.107683,3.03628,16.7,3.34,17,3.4,,,,,,,,,,,,,,,,,,,"Eric Reyzelman","sa3020611",801432
"Joe Ross",,1.39155,1.50496,0.0106831,4.40824,33.7185,0.313168,0,0.633221,1.22643,38.6152,166.978,38.5515,20.5586,18.9139,5.09604,14.1712,0.869109,1.88561,31.8249,7.41741,3.30286,2.24575,1.18773,0.190593,0.0848683,0.10572484880685806,0.255441,1.36534,0.293467,0.705536,,,4.44988,-0.0235442,-0.0631674,999,1.00508,-0.220697,0.961029,1.00508,0.220697,3.71863,145.70000000000002,3.7358974358974364,150,3.8461538461538463,,,,,,,,,,,,,,,,,,,"Joe Ross","12972",605452
"Sam Bachman","LAA",1.22425,1.96228,0,4.47071,25.8463,0,0.0517018,1.41705,1.82396,27.2251,120.068,26.4257,14.6999,13.5239,2.99343,12.8393,0.524111,1.57794,23.0966,7.63522,4.24439,1.7989,0.98956,0.192363,0.106934,0.08542903512716293,0.250123,1.44224,0.294521,0.700375,,,4.45646,-0.0238697,-0.0936907,999,1.99189,-2.63335,1.07125,1.99189,2.63335,3.57167,100.30000000000001,3.7148148148148152,101,3.740740740740741,,,,,,,,,,,,,,,,,,,"Sam Bachman","29754",696147
"Seth Martinez","BOS",0.639002,0.594183,0,4.66643,10.9699,0,0.0394897,0.62162,0,11.6799,50.9876,11.7211,6.58257,6.05596,1.65442,4.62823,0.224707,0.649658,9.59872,7.39631,3.56629,2.07395,1.27481,0.188256,0.0907715,0.09748435765504837,0.256425,1.39978,0.292156,0.695979,,,4.68854,-0.0241322,-0.0572958,999,0.830756,1.49964,1.35257,0.830756,-1.49964,3.19658,39.000000000000014,3.2500000000000013,40,3.3333333333333335,,,,,,,,,,,,,,,,,,,"Seth Martinez","21045",661527
"Isaiah Campbell","ARI",1.50201,1.36755,0,4.55957,17.1376,0,0,1.13318,0.999854,18.1311,80.0384,19.7266,9.98431,9.18557,2.06358,6.51203,0.301101,1.0381,13.0775,6.49146,3.23247,2.00821,1.02433,0.16339,0.0813614,0.08202898502349854,0.272136,1.44716,0.308002,0.696128,,,4.42143,-0.0252237,-0.0398021,999,1.80372,-1.9211,1.19836,1.80372,1.9211,3.40218,62.60000000000002,3.477777777777779,70,3.888888888888889,,,,,,,,,,,,,,,,,,,"Isaiah Campbell","25551",663462
"Randy Dobnak","SEA",0.492792,0.744165,0.100143,4.26553,9.59826,0.178621,0,0.686822,0,12.3517,54.1144,12.4155,6.36311,5.85406,1.4176,5.10584,0.285022,0.64961,9.37937,6.83423,3.72034,1.83699,1.03293,0.173325,0.0943527,0.07897218316793442,0.256736,1.41854,0.292793,0.718186,,,4.50632,-0.0253433,0.0204843,999,1.89021,-1.70716,1.37733,1.89021,1.70716,3.16356,49.30000000000001,4.108333333333334,51,4.25,,,,,,,,,,,,,,,,,,,"Randy Dobnak","23798",677976
"Tyler Ferguson","ATH",2.35914,2.10571,0,4.36849,49.4634,0,0.643347,7.01499,2.37811,52.3735,227.733,46.2854,27.632,25.4214,6.4133,25.582,1.36497,3.4592,51.6961,8.8836,4.39608,2.0208,1.10208,0.227003,0.112333,0.11466966569423676,0.23295,1.37221,0.28362,0.703391,,,4.4164,-0.0256664,-0.08427,999,1.79358,-1.04978,0.664703,1.79358,1.04978,4.11373,241.4,4.642307692307693,232,4.461538461538462,,,,,,,,,,,,,,,,,,,"Tyler Ferguson","19481",621053
"David Sandlin","CHW",0.819713,0.85927,0,4.45601,15.1661,0,0,1.04301,0,15.6932,67.2329,15.5275,8.44556,7.76991,2.40539,5.33695,0.39307,0.701095,13.6073,7.80374,3.06071,2.54965,1.37948,0.202391,0.0793801,0.12301112711429596,0.253738,1.32952,0.290427,0.709776,,,4.54781,-0.0266601,0.0368532,999,0.791416,-1.28712,1.30873,0.791416,1.28712,3.25502,66.20000000000002,4.137500000000001,68,4.25,,,,,,,,,,,,,,,,,,,"David Sandlin","sa3020606",689818
"Jackson Rutledge","WSN",2.59877,2.59811,0,4.65144,52.3831,0.0892943,0.872222,7.7952,0,59.8339,260.486,59.6308,33.6128,30.9238,8.72299,22.6368,0.782228,4.10129,51.6894,7.77494,3.40494,2.28343,1.31208,0.198435,0.0869021,0.11153282970190048,0.255108,1.37493,0.293696,0.694519,,,4.64321,-0.0267974,-0.233378,999,3.7311,-1.71073,0.559511,3.7311,1.71073,4.25398,237.3,3.955,243,4.05,,,,,,,,,,,,,,,,,,,"Jackson Rutledge","26215",671131
"Tejay Antone","CIN",0.641381,0.641066,0,5.02551,11.266,0,0,0.66641,0,11.7007,52.1617,11.9908,7.10171,6.53357,1.683,5.47017,0.230799,0.651593,10.1804,7.83056,4.20756,1.86107,1.29453,0.195169,0.104869,0.09029994159936905,0.260443,1.49229,0.301604,0.685826,,,4.83447,-0.0270673,-0.0336897,999,1.09399,-1.20849,1.30612,1.09399,1.20849,3.25851,39.000000000000014,3.2500000000000013,40,3.3333333333333335,,,,,,,,,,,,,,,,,,,"Tejay Antone","16233",622088
"Lazaro Estrada","TOR",0.722334,1.02048,0.0323645,4.53109,15.1498,0.0442592,0,0.714734,0.439868,19.8616,85.2603,19.8428,10.8689,9.99939,3.17613,6.40649,0.310907,1.21379,18.4244,8.34877,2.90302,2.8759,1.43922,0.216096,0.0751404,0.14095555245876312,0.255575,1.32161,0.29741,0.705435,,,4.50974,-0.0280175,-0.0778881,999,3.27536,-1.53629,1.24951,3.27536,1.53629,3.33398,78.1,3.905,80,4,,,,,,,,,,,,,,,,,,,"Lazaro Estrada","24914",681751
"Michael Tonkin","MIN",1.25052,0.975658,0,4.47301,25.5092,0,0.0268501,0.75489,1.32921,27.8101,119.489,26.4464,15.0236,13.8217,3.94514,9.83671,0.472277,2.27847,25.4276,8.22894,3.18339,2.58497,1.27674,0.212802,0.0823231,0.13047927618026733,0.246302,1.30467,0.288473,0.691145,,,4.45758,-0.0286628,-0.0375472,999,0.625853,0.486846,1.11879,0.625853,-0.486846,3.50828,108.40000000000006,3.8714285714285737,106,3.7857142857142856,,,,,,,,,,,,,,,,,,,"Michael Tonkin","10315",543859
"J.P. France","HOU",0.887132,0.787223,0,4.43102,13.744,0.208473,0,0.872549,0,16.277,70.0865,15.5899,8.71058,8.01373,2.22395,6.70173,0.221727,0.428904,14.4236,7.9752,3.70558,2.15221,1.22968,0.205797,0.0956208,0.1101757064461708,0.247632,1.36952,0.288629,0.708154,,,4.45332,-0.02919,-0.0826788,999,0.850728,-1.32619,1.28146,0.850728,1.32619,3.29139,63.20000000000001,3.9500000000000006,65,4.0625,,,,,,,,,,,,,,,,,,,"J.P. France","21212",641585
"Alek Jacob","SDP",0.786487,0.952021,0,4.62727,24.0995,0,0,1.23005,0,26.9925,117.263,25.9091,15.0847,13.8779,3.90975,10.9355,0.41327,1.86991,23.5169,7.84117,3.64617,2.15052,1.30361,0.200549,0.0932562,0.10729324072599411,0.248036,1.365,0.285593,0.693632,,,4.69887,-0.0300503,-0.0905916,999,1.74313,0.641071,1.12533,1.74313,-0.641071,3.49955,96.00000000000003,3.5555555555555567,96,3.5555555555555554,,,,,,,,,,,,,,,,,,,"Alek Jacob","29628",689690
"Cole Wilcox","SEA",0.688489,1.1376,0,4.34418,17.3842,0,0,1.44047,0,18.9419,82.3504,19.0619,9.93806,9.14302,2.0701,7.37444,0.311438,0.793004,15.1592,7.20269,3.50386,2.05565,0.98358,0.184082,0.0895495,0.09453249722719193,0.256958,1.39565,0.298344,0.700915,,,4.24881,-0.0306151,-0.0928262,999,1.62668,-0.649333,1.27101,1.62668,0.649333,3.30532,76.6,4.031578947368421,79,4.157894736842105,,,,,,,,,,,,,,,,,,,"Cole Wilcox","27481",677961
"Casey Lawrence","SEA",0.142805,0.712496,0.3414,5.27367,1.69568,1.39384,0,0.0532474,0,7.90873,34.4625,9.17083,5.03721,4.63423,1.50891,2.0251,0.0791634,0.252127,3.86939,4.40331,2.30453,1.91072,1.71711,0.112279,0.0587625,0.053516022861003876,0.284939,1.41564,0.285819,0.678015,,,5.50071,-0.0308092,-0.0526412,999,1.18201,-0.573568,1.44614,1.18201,0.573568,3.07182,13.200000000000003,1.6500000000000004,16,2,,,,,,,,,,,,,,,,,,,"Casey Lawrence","11121",596271
"Kevin Abel","CIN",0.117511,0.571323,0,5.155,7.02648,0,0,0.666764,0,7.31685,32.621,7.38702,4.55536,4.19093,1.11915,3.65502,0.164356,0.286919,6.23291,7.66672,4.49582,1.7053,1.37659,0.191071,0.112045,0.07902549207210541,0.257576,1.50913,0.293894,0.684593,,,5.03608,-0.0309666,-0.106988,999,1.22601,-0.808479,1.4251,1.22601,0.808479,3.09987,25.3,3.6142857142857143,26,3.7142857142857144,,,,,,,,,,,,,,,,,,,"Kevin Abel","sa3017879",674265
"Génesis Cabrera","PHI",0.461269,0.882428,0,4.62435,20.3805,0,0.0208686,1.22164,0.78092,21.3183,92.275,20.523,11.9062,10.9537,3.1548,8.75228,0.591692,0.963446,18.9753,8.01085,3.69498,2.16804,1.33187,0.205638,0.09485,0.11078838258981705,0.248585,1.37325,0.287415,0.698717,,,4.646,-0.0317941,-0.0722916,999,1.34049,-0.665853,1.22729,1.34049,0.665853,3.36362,75.9,3.6142857142857148,78,3.7142857142857144,,,,,,,,,,,,,,,,,,,"Genesis Cabrera","17490",650893
"Tanner Rainey","DET",0.247588,0.381092,0,4.58556,11.7728,0,0.00826615,0.882081,0.195554,12.1332,53.3829,10.8751,6.7195,6.18194,1.59141,6.46596,0.162302,0.734281,11.8135,8.76284,4.79624,1.82702,1.18045,0.221297,0.121124,0.10017266869544983,0.23548,1.42922,0.283231,0.702805,,,4.67324,-0.0320715,-0.0818335,999,1.19513,-1.0119,1.35912,1.19513,1.0119,3.18784,42.600000000000016,3.550000000000001,41,3.4166666666666665,,,,,,,,,,,,,,,,,,,"Tanner Rainey","17610",663432
"Zach Maxwell","CIN",1.64819,1.82306,0,4.5398,42.5917,0,0,3.0492,0,45.2411,197.563,41.7312,24.805,22.8206,6.56894,22.5158,0.827002,1.66424,46.0201,9.15496,4.47915,2.04391,1.30679,0.232939,0.113968,0.11897137761116028,0.240688,1.4201,0.291093,0.716469,,,4.59169,-0.0323288,-0.00595393,999,1.73758,0.463543,0.729823,1.73758,-0.463543,4.0269,166.7,3.704444444444444,163,3.6222222222222222,,,,,,,,,,,,,,,,,,,"Zach Maxwell","31610",687209
"Peyton Pallette","CLE",1.3536,1.97965,0,4.42438,37.6379,0,0,3.97334,0,40.1995,174.094,37.7169,21.4804,19.762,5.51376,17.1047,0.816692,2.29207,38.9809,8.72718,3.82946,2.27896,1.23444,0.223907,0.0982497,0.125657357275486,0.243811,1.36374,0.292217,0.707846,,,4.42638,-0.0325168,-0.0656502,999,2.02895,-0.163845,0.899349,2.02895,0.163845,3.80087,160.39999999999998,4.01,159,3.975,,,,,,,,,,,,,,,,,,,"Peyton Pallette","sa3020742",688883
"Hayden Durke","ARI",0.429881,0.422857,0,4.54113,5.64996,0,0,0.713287,0,5.83653,26.5285,5.3819,3.20102,2.94493,0.63029,3.66436,0.153338,0.497986,5.69483,8.78151,5.65049,1.55411,0.971915,0.214668,0.138129,0.0765392929315567,0.240626,1.54994,0.296215,0.71599,,,4.72703,-0.0352729,0.0201973,999,0.582548,0.253659,1.4351,0.582548,-0.253659,3.08653,23.10000000000001,3.8500000000000014,21,3.5,,,,,,,,,,,,,,,,,,,"Hayden Durke","sa3022733",694492
"Dale Stanavich","MIA",0.680149,0.68152,0,4.47241,11.0361,0,0,0.971242,0,11.4213,51.1481,10.9482,6.16916,5.67563,1.30354,6.31607,0.299372,0.647917,10.1433,7.99298,4.97708,1.60596,1.0272,0.198313,0.123486,0.07482732087373734,0.247785,1.51159,0.294608,0.718627,,,4.67186,-0.0352946,-0.0110848,999,0.372751,-0.178561,1.33111,0.372751,0.178561,3.22519,43.50000000000001,3.954545454545455,45,4.090909090909091,,,,,,,,,,,,,,,,,,,"Dale Stanavich","sa3019833",689359
"Andrew Walters","CLE",1.3235,0.803095,0,4.15068,25.5629,0.330522,0,1.14362,0,25.7532,110.243,21.8959,12.9098,11.877,3.68476,12.4246,0.24265,0.980626,28.0971,9.81915,4.34205,2.26141,1.28772,0.254866,0.112702,0.14216331392526627,0.22611,1.33267,0.279932,0.734203,,,4.37473,-0.0355016,0.0250082,999,0.896746,-0.383529,1.12466,0.896746,0.383529,3.50045,106.99999999999999,4.115384615384615,99,3.8076923076923075,,,,,,,,,,,,,,,,,,,"Andrew Walters","33834",689958
"Stevie Emanuels","ATH",0.0951481,0.537037,0,4.95432,5.60514,0,0,0.665079,0,5.85555,26.1439,5.61786,3.50366,3.22336,0.858366,3.25489,0.127693,0.231457,5.53885,8.51324,5.00279,1.7017,1.31931,0.211861,0.124499,0.08736122399568558,0.247947,1.51527,0.292707,0.699918,,,4.93516,-0.0361552,-0.0872269,999,1.04662,0.168575,1.45581,1.04662,-0.168575,3.05892,23.500000000000007,3.916666666666668,24,4,,,,,,,,,,,,,,,,,,,"Stevie Emanuels","sa3014698",669434
"Yunior Marte","CIN",0.334806,0.447306,0,4.91309,8.34391,0,0,0.439688,0.285116,8.68499,38.3666,8.85955,5.1534,4.74112,1.2306,3.79223,0.176665,0.441518,7.28164,7.54575,3.92978,1.92015,1.27524,0.189791,0.0988419,0.09094902873039246,0.259561,1.45674,0.297766,0.686104,,,4.76275,-0.0367627,-0.0301972,999,1.29568,-1.30709,1.40028,1.29568,1.30709,3.13296,32.90000000000001,3.655555555555557,34,3.7777777777777777,,,,,,,,,,,,,,,,,,,"Yunior Marte","14416",628708
"Jake Miller","CLE",0.826001,0.818767,0,4.64144,9.5342,0,0,0.906889,0,9.88,42.9979,10.2794,5.53834,5.09527,1.37903,3.78023,0.253705,0.187488,7.28289,6.63421,3.44353,1.92657,1.25621,0.169378,0.0879166,0.08146114647388458,0.263371,1.42304,0.293082,0.702557,,,4.68016,-0.0370576,-0.0939211,999,0.411404,0.121997,1.36888,0.411404,-0.121997,3.17482,41.7,4.17,43,4.3,,,,,,,,,,,,,,,,,,,"Jake Miller","sa3018171",681313
"Corbin Martin","CHC",0.161296,0.461569,0,4.70256,7.10343,0.0419105,0.0501487,0.809051,0,7.64263,33.7869,7.41059,4.34057,3.99333,1.02069,3.82222,0.123234,0.314051,6.82324,8.03508,4.50107,1.78515,1.20196,0.201949,0.113127,0.08882182091474533,0.24993,1.46976,0.293024,0.703013,,,4.70937,-0.0374136,0.00659938,999,1.06079,-0.880073,1.43502,1.06079,0.880073,3.08663,34.7,4.3375,33,4.125,,,,,,,,,,,,,,,,,,,"Corbin Martin","19884",656686
"Will Childers","MIL",0.59031,0.567025,0,4.73942,7.58901,0,0,0.767917,0,7.89856,34.6895,7.85296,4.52109,4.1594,1.1257,3.6818,0.204019,0.169951,6.47786,7.38119,4.19521,1.75943,1.28268,0.186738,0.106136,0.08060257136821747,0.254654,1.46036,0.289541,0.70427,,,4.81059,-0.037562,-0.0816759,999,0.434834,-0.192334,1.40105,0.434834,0.192334,3.13193,30.100000000000005,3.7625000000000006,31,3.875,,,,,,,,,,,,,,,,,,,"Will Childers","sa3021720",682999
"Casey Legumina","SEA",2.57596,2.95375,0,4.28307,46.69,0.131769,0.0297086,4.43631,0,49.6005,212.248,46.0828,25.6573,23.6047,6.68333,19.3891,1.13774,2.43821,46.7935,8.49068,3.51816,2.41339,1.21269,0.220467,0.0913515,0.12911523133516312,0.242006,1.31999,0.287706,0.709516,,,4.32017,-0.0379253,-0.209856,999,2.11957,-0.919638,0.744117,2.11957,0.919638,4.00784,211.29999999999998,4.226,206,4.12,,,,,,,,,,,,,,,,,,,"Casey Legumina","25921",668984
"Guillo Zuñiga","SEA",0.118509,0.543846,0,4.50588,7.02547,0,0.00729979,0.668804,0,7.33755,31.8742,6.91073,3.99301,3.67357,1.04281,3.13489,0.231398,0.476328,6.52093,7.99837,3.84515,2.08012,1.27907,0.204583,0.0983518,0.10623165965080261,0.244515,1.36907,0.283485,0.704965,,,4.68174,-0.0386282,-0.068628,999,1.04375,-0.139023,1.46532,1.04375,0.139023,3.04624,30.300000000000015,4.328571428571431,31,4.428571428571429,,,,,,,,,,,,,,,,,,,"Guillo Zuniga","19588",670871
"Angel Perdomo","LAA",0.189556,0.712009,0,4.39094,12.0314,0,0,0.835257,0,12.3362,54.2633,10.7782,6.54196,6.01861,1.58933,6.25352,0.286209,1.33332,12.6359,9.21865,4.56233,2.0206,1.15952,0.232862,0.115244,0.11761830747127533,0.230912,1.38063,0.283158,0.708448,,,4.60643,-0.0414668,-0.0740491,999,1.073,-0.933814,1.37894,1.073,0.933814,3.16141,44.600000000000016,3.716666666666668,43,3.5833333333333335,,,,,,,,,,,,,,,,,,,"Angel Perdomo","17759",622780
"Jayden Murray","HOU",1.05076,1.03608,0,4.4121,27.4157,0.120303,0.0141162,2.97969,0.273822,29.1224,126.551,28.2493,15.5183,14.2768,3.7029,11.9074,0.45475,1.64755,24.5478,7.58626,3.67987,2.06156,1.14434,0.193976,0.094092,0.09988430142402649,0.250004,1.37889,0.289651,0.704507,,,4.49858,-0.0420127,-0.117819,999,2.48008,-0.551257,1.0987,2.48008,0.551257,3.53507,112.60000000000004,3.8827586206896565,113,3.896551724137931,,,,,,,,,,,,,,,,,,,"Jayden Murray","26482",681151
"Michael Petersen","MIA",0.932709,1.03954,0,4.49184,29.498,0,0,1.48624,1.4365,32.1124,139.169,31.3159,17.4207,16.0271,4.69245,12.7656,1.49411,1.64018,29.7547,8.33922,3.57775,2.33085,1.31513,0.213803,0.0917273,0.12207566201686859,0.251003,1.37272,0.294782,0.710725,,,4.52743,-0.042377,0.0131796,999,2.96795,-2.02874,1.04158,2.96795,2.02874,3.61123,113.70000000000002,3.5531250000000005,114,3.5625,,,,,,,,,,,,,,,,,,,"Michael Petersen","20827",656848
"Cameron Foster","BAL",0.928973,1.47605,0,4.53565,20.0573,0,0,1.03744,0,21.4531,93.1065,21.5722,11.7517,10.8115,3.11544,8.36016,0.544539,0.745618,18.584,7.79636,3.50725,2.22293,1.30699,0.1996,0.0897913,0.10980835556983948,0.256809,1.39524,0.29625,0.710996,,,4.56383,-0.0426566,-0.13865,999,0.99504,-1.1748,1.18844,0.99504,1.1748,3.41541,76.3,3.6333333333333333,81,3.857142857142857,,,,,,,,,,,,,,,,,,,"Cameron Foster","sa3020735",671382
"Gavin Hollowell","CHC",0.745815,1.01308,0,4.46952,15.0998,0,0,1.00892,0.546477,16.4775,72.6702,15.1957,8.89452,8.18296,2.10168,8.65659,0.306428,0.868313,16.3577,8.93453,4.72822,1.88962,1.14794,0.225094,0.119122,0.10597282648086548,0.240646,1.44756,0.293023,0.715342,,,4.54198,-0.0436465,-0.064967,999,2.14719,-0.823153,1.24727,2.14719,0.823153,3.33698,60.80000000000001,3.8000000000000007,60,3.75,,,,,,,,,,,,,,,,,,,"Gavin Hollowell","25427",668970
"Cole Irvin","LAD",0.124346,0.169952,0.00852138,4.77716,7.57353,0.0371561,0.000643242,0.761842,0,8.12481,35.8878,8.41276,4.68762,4.31261,1.21452,3.18487,0.182558,0.646972,6.51804,7.22015,3.52794,2.04656,1.34534,0.181623,0.0887452,0.09287742525339127,0.26244,1.42743,0.295939,0.698171,,,4.8888,-0.0440461,-0.0829403,999,1.02481,-1.41932,1.43929,1.02481,1.41932,3.08094,32.10000000000001,4.012500000000001,33,4.125,,,,,,,,,,,,,,,,,,,"Cole Irvin","19244",608344
"Josh Ekness","MIA",0.49182,0.977367,0,4.61991,12.404,0,0,0.989801,0,13.1948,58.5113,12.5802,7.3622,6.77322,1.63532,6.25012,0.342055,1.28397,11.67,7.95991,4.26311,1.86716,1.11542,0.199448,0.106819,0.09262918680906296,0.246781,1.4271,0.290532,0.69332,,,4.6904,-0.0443972,-0.00401654,999,0.759257,-0.175042,1.3293,0.759257,0.175042,3.22759,44.8,3.446153846153846,46,3.5384615384615383,,,,,,,,,,,,,,,,,,,"Josh Ekness","sa3023204",694795
"Zach Pop","PHI",1.7589,2.91873,0,4.64356,42.4366,0,0.003377,6.23836,0.690081,43.0969,188.021,44.9208,24.1695,22.2359,5.39452,15.1446,0.815458,2.54382,32.8368,6.85736,3.16267,2.16822,1.12655,0.174644,0.0805473,0.09409678727388382,0.263724,1.39373,0.299212,0.683562,,,4.46981,-0.0463741,-0.0913284,999,1.91315,-0.105027,0.832768,1.91315,0.105027,3.88964,175.7,4.086046511627907,186,4.325581395348837,,,,,,,,,,,,,,,,,,,"Zach Pop","20185",647315
"Josh Simpson","MIA",2.17456,1.66774,0,4.50934,33.8145,0,0,1.57414,1.89933,34.8762,154.078,32.3277,18.9938,17.4743,3.85853,18.2137,1.24003,2.04653,33.3213,8.59874,4.70015,1.82946,0.995716,0.216263,0.118211,0.09805156290531158,0.24158,1.44916,0.294597,0.698892,,,4.40532,-0.0464301,-0.0261876,999,1.56327,-0.517396,0.846187,1.56327,0.517396,3.87175,140.60000000000002,4.017142857142858,137,3.914285714285714,,,,,,,,,,,,,,,,,,,"Josh Simpson","25957",681006
"Juan Burgos","ARI",1.61822,1.1062,0,4.55646,27.6494,0,0,2.78189,1.59399,29.1789,127.866,28.9284,16.057,14.7725,3.53598,12.2912,1.01842,1.73607,24.5676,7.57768,3.79114,1.99879,1.09065,0.192135,0.0961258,0.09600923210382462,0.254117,1.41265,0.296172,0.693772,,,4.46879,-0.0473718,-0.0530243,999,1.68722,-1.64519,1.01597,1.68722,1.64519,3.64537,110.00000000000003,3.793103448275863,113,3.896551724137931,,,,,,,,,,,,,,,,,,,"Juan Burgos","27271",686228
"Ryan Rolison","CHC",0.496766,0.708382,0,4.58178,14.6108,0.0434531,0,1.2296,0,16.04,69.4594,16.4304,8.87582,8.16575,2.1377,5.99793,0.274985,0.35461,11.9496,6.70488,3.36542,1.99229,1.19946,0.172037,0.0863516,0.08568547666072845,0.260359,1.39828,0.291572,0.697306,,,4.56584,-0.0479474,-0.064967,999,2.04747,-3.33534,1.31398,2.04747,3.33534,3.24802,62.20000000000001,3.8875000000000006,64,4,,,,,,,,,,,,,,,,,,,"Ryan Rolison","22200",669020
"Cole Winn","TEX",2.25162,2.67035,0,4.37036,56.0698,0,3.28719,8.37697,0,64.0285,277.465,59.2585,33.7956,31.092,7.56895,28.6481,1.63087,3.79793,55.4013,7.78735,4.02684,1.93386,1.06391,0.19967,0.103249,0.09642049670219421,0.241853,1.37293,0.283933,0.699922,,,4.4616,-0.0480041,-0.154376,710.8800048828125,2.43423,2.20485,0.704587,2.43423,-2.20485,4.06055,279.80000000000007,4.371875000000001,274,4.28125,,,,,,,,,,,,,,,,,,,"Cole Winn","22113",668390
"Jake Eder","WSN",0.709596,1.98185,0.0388718,4.64111,21.3314,0.0531581,0,0.993884,0,27.3255,119.721,27.7635,15.3165,14.0912,3.82859,10.5565,0.753855,1.88444,22.2521,7.32903,3.47692,2.10791,1.261,0.185866,0.0881755,0.09769029170274734,0.258793,1.40235,0.294765,0.697923,,,4.69376,-0.0482296,-0.0747455,999,6.47968,-2.51438,1.11765,6.47968,2.51438,3.50979,86.80000000000003,3.2148148148148157,92,3.4074074074074074,,,,,,,,,,,,,,,,,,,"Jake Eder","27590",671109
"Chris Devenski","PIT",0.522041,0.975269,0,4.58954,16.162,0.0953878,0,0.971965,1.75718,17.8043,76.5149,18.3636,9.86877,9.07927,2.70752,5.50698,0.209597,0.833898,14.7062,7.43393,2.78376,2.67046,1.36864,0.1922,0.0719727,0.12022773176431656,0.261686,1.34072,0.296739,0.697299,,,4.52851,-0.0487353,-0.0309065,999,0.963915,-0.484033,1.29652,0.963915,0.484033,3.2713,62.500000000000014,3.472222222222223,64,3.5555555555555554,,,,,,,,,,,,,,,,,,,"Chris Devenski","12763",606965
"Scott McGough",,1.3267,0.838453,0,4.87049,23.503,0.059985,0.178029,0.780006,0.818759,25.7237,112.095,25.422,15.1313,13.9208,3.95796,10.6162,0.459707,1.20073,22.7014,7.94257,3.71432,2.13836,1.38478,0.202519,0.0947075,0.10781164467334747,0.253516,1.40097,0.291557,0.685539,,,4.7485,-0.0508474,-0.143496,999,1.54728,-0.831677,1.05572,1.54728,0.831677,3.59238,92.19999999999999,3.5461538461538455,92,3.5384615384615383,,,,,,,,,,,,,,,,,,,"Scott McGough","12056",543518
"Andrew Hoffmann","ARI",2.02292,2.15626,0,4.28218,35.4215,0,0,3.67676,4.91631,38.4597,166.57,37.7807,19.8903,18.299,4.76173,15.2423,0.691346,1.62921,35.028,8.19695,3.56686,2.29808,1.1143,0.21029,0.0915068,0.11878332495689392,0.252379,1.37866,0.300422,0.714736,,,4.23917,-0.0512424,0.0272909,999,1.62879,-0.82884,0.898484,1.62879,0.82884,3.80202,155.89999999999998,4.102631578947368,160,4.2105263157894735,,,,,,,,,,,,,,,,,,,"Andrew Hoffmann","29633",694851
"Dylan Coleman","NYY",0.411403,0.394739,0,4.85568,5.89203,0,0,0.4553,0.125529,5.93448,27.1294,5.23633,3.48019,3.20177,0.742682,4.17801,0.13339,0.445707,5.79095,8.78233,6.33621,1.38605,1.12632,0.213457,0.154003,0.05945362150669098,0.232667,1.58638,0.281345,0.708591,,,5.1478,-0.0516948,0.00494846,999,1.11999,0.142282,1.4217,1.11999,-0.142282,3.1044,19.10000000000001,3.183333333333335,17,2.8333333333333335,,,,,,,,,,,,,,,,,,,"Dylan Coleman","22276",669395
"Ken Waldichuk","WSN",0.893809,1.49702,0.369703,4.82784,10.8088,2.02183,0,0.609497,0,20.1513,90.353,19.8318,11.7497,10.8097,3.11261,10.7657,0.241253,1.11522,18.2045,8.1305,4.80817,1.69098,1.39016,0.201482,0.119151,0.08233048766851425,0.252724,1.51839,0.292524,0.718291,,,5.10512,-0.0518797,-0.0505768,750.6799926757812,2.0575,-1.17382,1.1314,2.0575,1.17382,3.49146,63.099999999999994,3.155,65,3.25,,,,,,,,,,,,,,,,,,,"Ken Waldichuk","27681",686610
"Prelander Berroa","CHW",0.964234,1.25805,0,4.42333,25.8277,0,0,1.28491,0,26.7601,118.802,24.3279,14.2957,13.1521,3.34315,15.471,0.630736,1.13154,27.42,9.22195,5.20324,1.77235,1.12437,0.230804,0.130225,0.1005789190530777,0.238042,1.48725,0.293753,0.726203,,,4.57118,-0.0521188,0.0110949,999,1.94412,-0.239245,1.04859,1.94412,0.239245,3.60188,110.5,4.092592592592593,106,3.925925925925926,,,,,,,,,,,,,,,,,,,"Prelander Berroa","22932",672860
"Scott Blewett","STL",0.605423,0.7325,0,4.50562,17.4519,0.0666729,0,0.809652,0,20.0033,86.4627,20.1859,10.8849,10.0141,2.66301,7.24178,0.464279,0.825552,15.2359,6.85502,3.25827,2.10388,1.19816,0.176213,0.0837561,0.09245697408914566,0.257489,1.37116,0.289652,0.698023,,,4.55238,-0.0524509,-0.0875875,999,1.37272,-1.33843,1.26507,1.37272,1.33843,3.31324,69.1,3.4549999999999996,71,3.55,,,,,,,,,,,,,,,,,,,"Scott Blewett","16427",656240
"Ryan Harbin","PIT",1.19568,1.7001,0,4.57664,25.8334,0,0,1.75011,0,27.1972,122.393,26.7085,15.0328,13.8302,3.00884,15.1113,0.710013,1.42968,25.2345,8.3505,5.00057,1.66991,0.995673,0.206175,0.123465,0.08271035552024841,0.252319,1.53765,0.305373,0.712279,,,4.54222,-0.0539135,-0.0463855,999,1.27605,-0.933962,1.0028,1.27605,0.933962,3.66293,102.7,3.803703703703704,106,3.925925925925926,,,,,,,,,,,,,,,,,,,"Ryan Harbin","sa3011733",689877
"Luis Mey","CIN",1.73704,1.62733,0,4.64942,32.0517,0,0.313904,2.67513,1.78892,32.3821,145.774,29.9747,18.1834,16.7287,3.96919,19.5244,0.586099,2.04305,30.0712,8.35771,5.42645,1.54018,1.10316,0.206286,0.133936,0.07234977185726166,0.241329,1.52859,0.288417,0.712657,,,4.86941,-0.0547445,-0.0256851,999,1.65097,0.187096,0.878082,1.65097,-0.187096,3.82922,115.60000000000002,3.6125000000000007,114,3.5625,,,,,,,,,,,,,,,,,,,"Luis Mey","25620",682825
"Carter Baumler","TEX",1.31916,2.36183,0,4.6274,40.0872,0,0,5.63364,0,42.7004,185.644,41.1559,23.8637,21.9546,5.72112,18.5202,1.10004,1.71016,37.0508,7.80922,3.90353,2.00056,1.20585,0.199579,0.0997619,0.09981735795736313,0.248805,1.39755,0.288928,0.693144,,,4.56286,-0.0548448,-0.223746,999,0.983404,-0.319195,0.840499,0.983404,0.319195,3.87933,172.79999999999998,4.01860465116279,172,4,,,,,,,,,,,,,,,,,,,"Carter Baumler","sa3014480",691945
"Joel Peguero","SFG",3.01489,2.72783,0,4.32777,60.2788,0,3.08904,9.53777,1.00531,64.3503,282.091,64.5645,33.6345,30.9437,7.19139,27.4105,1.83507,2.88711,52.2417,7.30651,3.83362,1.9059,1.00578,0.185195,0.0971692,0.08802562206983566,0.256419,1.42929,0.298259,0.712277,,,4.37674,-0.055277,-0.0567473,999,5.20338,-0.619056,0.674279,5.20338,0.619056,4.10096,287.5,4.4921875,298,4.65625,,,,,,,,,,,,,,,,,,,"Joel Peguero","21951",666711
"Rafael Montero",,1.2428,1.58656,0,4.45962,46.9669,0,0.217749,3.13381,1.94593,47.9118,209.278,44.0824,25.8054,23.741,5.83644,23.7097,0.909575,2.06288,44.5763,8.37343,4.45375,1.88008,1.09635,0.213,0.113293,0.09970711916685104,0.240223,1.41493,0.287362,0.704226,,,4.47174,-0.0569973,-0.093454,999,1.21746,-0.530156,0.790566,1.21746,0.530156,3.94591,191.00000000000003,3.9791666666666674,186,3.875,,,,,,,,,,,,,,,,,,,"Rafael Montero","12760",606160
"Miguel Castro","LAA",0.725506,0.968904,0,4.67258,18.9493,0,0.0466816,1.43957,0.635883,19.6805,86.05,18.9659,11.1061,10.2176,2.61812,8.50197,0.274871,1.31191,16.9277,7.74115,3.888,1.99104,1.19728,0.19672,0.0988027,0.09791696071624756,0.248779,1.39569,0.28837,0.687397,,,4.64027,-0.05853,-0.0581445,999,0.753309,-0.87734,1.22057,0.753309,0.87734,3.37258,69.69999999999999,3.4849999999999994,69,3.45,,,,,,,,,,,,,,,,,,,"Miguel Castro","15684",612434
"Nick Anderson","ATH",0.778703,0.868995,0,4.70823,17.0152,0,0.0288613,0.923268,0.690441,18.1199,78.8167,18.2258,10.3035,9.47919,2.9541,7.16366,0.291928,0.698246,16.1226,8.00793,3.55812,2.25061,1.46727,0.204558,0.0908901,0.11366765201091766,0.256865,1.40119,0.294376,0.709805,,,4.77664,-0.0598421,-0.0604212,999,2.01542,-1.56554,1.23039,2.01542,1.56554,3.35948,61.500000000000014,3.4166666666666674,63,3.5,,,,,,,,,,,,,,,,,,,"Nick Anderson","18337",623433
"Carson Palmquist","COL",0.588174,1.64627,0.56379,5.55036,13.839,3.44838,0,1.02312,0,29.2745,132.373,29.8627,19.6236,18.0537,5.28854,15.2021,0.186261,2.12004,26.2069,8.05693,4.67365,1.72391,1.62588,0.197977,0.114842,0.08313490450382233,0.25956,1.53939,0.294104,0.675533,,,5.46835,-0.0598517,-0.0584876,999,1.81411,-3.07729,0.912646,1.81411,3.07729,3.78314,80.10000000000002,2.7620689655172423,85,2.9310344827586206,,,,,,,,,,,,,,,,,,,"Carson Palmquist","31612",687223
"Kevin Herget","NYM",0.218173,0.0454865,0,3.9319,4.88121,0,0.0285521,0.382898,0,8.00922,33.9089,7.56807,3.80332,3.49905,1.43653,2.74192,0.16287,0.292105,5.60341,6.29658,3.08111,2.04361,1.61423,0.165249,0.0808614,0.0843873992562294,0.24512,1.28726,0.25725,0.784045,,,5.20402,-0.0622313,0.0184267,999,1.20025,0.791832,1.49473,1.20025,-0.791832,3.00703,29.100000000000005,3.6375000000000006,30,3.75,,,,,,,,,,,,,,,,,,,"Kevin Herget","15369",643361
"Jaden Woods","PIT",0.811458,0.852258,0,4.69911,12.855,0,0,0.943409,0,13.3213,59.3514,13.2493,7.56015,6.95534,1.67909,6.4963,0.347269,0.840986,10.8821,7.35208,4.38898,1.67512,1.13441,0.18335,0.109455,0.07389547675848007,0.254724,1.48226,0.293265,0.700519,,,4.79233,-0.0628054,-0.0991324,999,0.476987,-1.13893,1.29033,0.476987,1.13893,3.27956,42.8,3.292307692307692,44,3.3846153846153846,,,,,,,,,,,,,,,,,,,"Jaden Woods","sa3023064",692243
"Cam Sanders","PIT",0.687425,0.737097,0,4.76157,18.7409,0,0,0.75677,0.23642,20.2553,90.8163,18.8342,11.6482,10.7163,2.57697,11.813,0.368287,1.22619,18.9762,8.43165,5.24886,1.60638,1.14502,0.208951,0.130076,0.07887512445449829,0.242156,1.51305,0.289151,0.70264,,,4.84658,-0.0635983,-0.122179,999,1.34215,0.345197,1.14906,1.34215,-0.345197,3.46792,64.69999999999999,3.2349999999999994,64,3.2,,,,,,,,,,,,,,,,,,,"Cam Sanders","23479",676742
"Angel Chivilli","NYY",0.779328,1.32327,0,4.59824,21.6611,0,0.0212941,1.20565,0.808953,23.7095,102.715,23.7898,13.1669,12.1136,3.52014,8.56146,0.392458,1.3692,20.321,7.71377,3.24989,2.37355,1.33623,0.197839,0.0833516,0.11448747664690018,0.256398,1.36448,0.294005,0.69957,,,4.60762,-0.063785,-0.0467063,999,1.84775,-0.659346,1.17837,1.84775,0.659346,3.42884,80.00000000000003,3.3333333333333344,82,3.4166666666666665,,,,,,,,,,,,,,,,,,,"Angel Chivilli","26790",683409
"Jackson Kowar","MIN",2.00942,1.62222,0,4.73796,41.9736,0,0,3.97174,0,44.2905,195.975,43.0978,25.3438,23.3163,5.99244,21.3651,0.706727,2.62685,40.3429,8.19783,4.34146,1.88826,1.21769,0.205857,0.109019,0.09683790802955627,0.250593,1.45546,0.295312,0.69764,,,4.69736,-0.0646602,-0.219336,999,1.99896,-1.29693,0.688937,1.99896,1.29693,4.08142,164,3.727272727272727,166,3.772727272727273,,,,,,,,,,,,,,,,,,,"Jackson Kowar","21549",663804
"Sam Benschoter","CIN",0.751952,0.832074,0,4.97724,8.15692,0,0,0,0,12.5356,55.1137,15.2703,7.53535,6.93253,2.40105,3.36477,0,0,8.37534,6.01312,2.41576,2.48913,1.72385,0.151965,0.0610515,0.09091337770223618,0.295085,1.48657,0.314095,0.726726,,,5.09414,-0.0652148,-0.0761059,999,0.797795,0.754434,1.30723,0.797795,-0.754434,3.25702,39.599999999999994,3.0461538461538455,46,3.5384615384615383,,,,,,,,,,,,,,,,,,,"Sam Benschoter","sa3017639",680397
"Jhancarlos Lara","ATL",0.689524,1.24246,0,4.16815,12.7541,0,0,0.886036,0,13.9114,63.7169,12.1927,7.00298,6.44274,1.52023,10.077,0.358881,0.965097,15.3493,9.93027,6.51936,1.5232,0.983517,0.240898,0.158153,0.08274514973163605,0.231472,1.60083,0.29807,0.757978,,,4.73029,-0.0703793,0.0434991,999,3.7979,-1.90238,1.26378,3.7979,1.90238,3.31495,48.800000000000026,3.4857142857142875,45,3.2142857142857144,,,,,,,,,,,,,,,,,,,"Jhancarlos Lara","sa3019367",702910
"William Kempner","MIA",0.680575,1.80604,0,4.67865,20.4188,0,0,1.17529,0,21.4441,95.6809,20.074,12.1171,11.1477,2.66531,11.4141,0.555862,1.79036,20.4951,8.6017,4.79044,1.7956,1.11862,0.214203,0.119293,0.09490939229726791,0.243391,1.46838,0.29349,0.697886,,,4.68671,-0.0708667,-0.0754752,999,1.00624,-0.561915,1.15047,1.00624,0.561915,3.46603,71.5,3.4047619047619047,71,3.380952380952381,,,,,,,,,,,,,,,,,,,"William Kempner","sa3020527",687531
"Kendall Graveman",,1.26246,1.33948,0,4.55068,31.313,0,0.315123,1.33052,0.77312,32.3861,143.124,31.5842,17.7994,16.3754,3.98433,15.4716,0.438431,1.82501,27.604,7.67106,4.29951,1.78417,1.10723,0.192867,0.108099,0.08476798981428146,0.251012,1.45296,0.29287,0.705353,,,4.63202,-0.0719823,-0.129966,999,0.57123,-1.03786,0.981735,0.57123,1.03786,3.69102,113.40000000000002,3.5437500000000006,117,3.65625,,,,,,,,,,,,,,,,,,,"Kendall Graveman","15514",608665
"George Soriano","WSN",1.38895,1.18697,0,4.57817,20.9,0,0.0368996,1.62556,0.722108,24.3911,106.15,23.5496,13.4863,12.4074,3.26346,10.0433,0.604062,1.57883,22.4131,8.27013,3.70584,2.23165,1.20417,0.211146,0.0946142,0.11653146147727966,0.249129,1.37726,0.294638,0.692756,,,4.46616,-0.0724661,-0.0263949,999,1.77767,-1.44679,1.10337,1.77767,1.44679,3.52884,94.30000000000001,3.929166666666667,97,4.041666666666667,,,,,,,,,,,,,,,,,,,"George Soriano","21863",666277
"Samy Natera Jr.","LAA",0.568692,1.39238,0,4.78045,17.1029,0,0,1.03119,0,18.1756,80.871,16.5377,10.4937,9.65419,2.61998,10.2742,0.469693,1.16808,18.5873,9.20384,5.08745,1.80913,1.29733,0.229839,0.127044,0.1027948260307312,0.238196,1.47515,0.28862,0.705075,,,4.85237,-0.0750371,-0.0624519,999,1.31386,-0.409604,1.19501,1.31386,0.409604,3.40666,61.10000000000001,3.394444444444445,60,3.3333333333333335,,,,,,,,,,,,,,,,,,,"Samy Natera Jr.","sa3020862",696519
"Nick Hernandez","ATH",0.103088,0.071208,0,5.44,9.60742,0,0.0534104,0,0,11.878,54.2197,13.1116,7.80389,7.17958,2.05311,5.95008,0.141337,0.593032,12.9058,9.77878,4.5084,2.16901,1.55565,0.238028,0.10974,0.1282876655459404,0.275012,1.60479,0.337999,0.69547,,,4.8617,-0.0757279,-0.173955,999,1.89535,-0.969813,1.27963,1.89535,0.969813,3.29382,35.40000000000002,2.9500000000000015,39,3.25,,,,,,,,,,,,,,,,,,,"Nick Hernandez","19281",663321
"Blas Castaño","SEA",0.513139,0.439229,0.00455094,4.46409,9.25873,0.00622351,0,0.663346,0,11.2748,49.4433,11.4219,6.07873,5.59243,1.46128,4.19578,0.190613,1.01591,8.43714,6.73486,3.34923,2.01086,1.16645,0.170643,0.0848603,0.08578231185674667,0.25823,1.38518,0.290117,0.702847,,,4.7101,-0.0770145,-0.0766189,999,1.01262,-0.815109,1.38831,1.01262,0.815109,3.14892,45.50000000000001,4.136363636363637,47,4.2727272727272725,,,,,,,,,,,,,,,,,,,"Blas Castano","26117",680604
"Zach Brzykcy","MIA",0.299391,0.524682,0,5.45805,10.2751,0,0,0,0.21033,9.82252,44.3566,9.82768,6.47486,5.95687,1.486,5.39512,0.178307,0.550297,9.55563,8.75546,4.94334,1.77116,1.36157,0.215427,0.121631,0.09379678219556808,0.255855,1.54979,0.304779,0.665628,,,4.97204,-0.0770817,-0.0643001,999,3.08723,-0.593505,1.33053,3.08723,0.593505,3.22597,37.7,3.7700000000000005,39,3.9,,,,,,,,,,,,,,,,,,,"Zach Brzykcy","27783",694350
"Paul Gervase","LAD",0.737143,0.892801,0,4.57566,17.999,0,0,0.873247,0.449055,19.8997,86.1784,17.8993,10.9969,10.1172,3.02041,9.37672,0.225635,0.994157,20.1666,9.1207,4.24078,2.15071,1.36603,0.23401,0.108806,0.12520410120487213,0.236115,1.37067,0.282759,0.70633,,,4.64494,-0.077703,-0.0558414,999,0.976537,-0.803947,1.20987,0.976537,0.803947,3.38684,78.3,3.915,75,3.75,,,,,,,,,,,,,,,,,,,"Paul Gervase","31571",801434
"Seth Johnson","PHI",1.03142,1.71646,0.0458413,4.88271,17.9588,0.375917,0,1.03487,0.180951,20.9425,92.8218,21.0342,12.3498,11.3618,2.92076,10.0229,0.346256,0.822007,18.7799,8.07059,4.3073,1.8737,1.25519,0.202321,0.107979,0.0943419560790062,0.256587,1.48297,0.300507,0.693685,,,4.70824,-0.0781071,-0.0722348,999,1.86104,-1.35847,1.11543,1.86104,1.35847,3.51276,72.9,3.4714285714285715,75,3.5714285714285716,,,,,,,,,,,,,,,,,,,"Seth Johnson","26020",686751
"Jairo Iriarte","CHW",0.28311,0.925381,0,4.77849,12.0427,0,0,1.18609,0,12.5465,56.3982,12.0846,7.24075,6.66149,1.67002,6.89909,0.247156,0.90423,11.1874,8.02508,4.94893,1.62158,1.19796,0.198365,0.122328,0.07603657990694046,0.24868,1.51306,0.291418,0.705465,,,4.94803,-0.0801449,-0.0210645,999,1.06608,-0.173842,1.32555,1.06608,0.173842,3.23261,42.39999999999999,3.261538461538461,41,3.1538461538461537,,,,,,,,,,,,,,,,,,,"Jairo Iriarte","26907",683568
"Ryan Loutos","SEA",0.885297,0.729684,0,4.64803,16.7307,0,0,1.29214,0.649939,17.3493,75.834,17.1958,9.73914,8.96001,2.2614,7.29768,0.284183,0.854073,14.2974,7.41682,3.78569,1.95917,1.17311,0.188536,0.0962322,0.09230346232652664,0.254066,1.41178,0.292124,0.691798,,,4.59102,-0.0823964,-0.197632,999,1.49393,-0.865662,1.24385,1.49393,0.865662,3.34153,65.00000000000001,3.8235294117647065,67,3.9411764705882355,,,,,,,,,,,,,,,,,,,"Ryan Loutos","29521",702795
"Dom Hamel","NYY",1.02514,1.15537,0.114355,4.40255,19.7689,0.344197,0,1.52618,0,22.014,95.9878,20.8805,11.705,10.7686,3.05197,8.09343,0.36077,2.95315,19.8819,8.12833,3.30885,2.45654,1.24774,0.207129,0.0843173,0.12281180918216705,0.245823,1.31616,0.287523,0.699112,,,4.63653,-0.0834012,-0.0512777,999,1.16276,-0.0871671,1.21448,1.16276,0.0871671,3.38069,86.30000000000001,3.9227272727272733,86,3.909090909090909,,,,,,,,,,,,,,,,,,,"Dom Hamel","30153",687589
"Robby Ahlstrom","TEX",0.571534,0.986457,0,4.81664,16.9115,0,0,1.19673,0,17.5794,77.8326,17.206,10.2263,9.4082,2.44912,8.75581,0.458945,0.714645,14.9182,7.63755,4.48264,1.7038,1.25386,0.19167,0.112495,0.07917480170726776,0.25169,1.47683,0.289381,0.698331,,,4.8652,-0.0836856,-0.0888555,999,0.594143,-0.185639,1.22644,0.594143,0.185639,3.36474,68.40000000000002,3.800000000000001,68,3.7777777777777777,,,,,,,,,,,,,,,,,,,"Robby Ahlstrom","sa3018193",695239
"Bobby Miller","LAD",0.888346,1.05671,0.00654107,4.84149,16.6457,0.404393,0,0.625171,0,21.1797,93.1721,20.4439,12.3842,11.3935,2.99803,9.9045,0.919727,1.19083,19.9175,8.46366,4.20878,2.01095,1.27397,0.213771,0.106303,0.10746762156486511,0.249083,1.43291,0.294888,0.686938,,,4.6661,-0.0864841,-0.104116,741.8800048828125,2.36155,-0.601624,1.1391,2.36155,0.601624,3.4812,77.5,3.6904761904761907,77,3.6666666666666665,,,,,,,,,,,,,,,,,,,"Bobby Miller","27483",676272
"Brandon Waddell","NYM",0.505554,1.28262,0,4.79649,7.17728,0.403135,0,1.19169,0,18.7552,83.0046,20.0709,10.8646,9.99546,2.69976,7.4971,0.286951,0.858994,14.988,7.19225,3.59762,1.99917,1.29553,0.180568,0.0903216,0.09024680405855179,0.268872,1.46989,0.304967,0.702166,,,4.74478,-0.0876961,-0.107332,999,2.41914,-0.60713,1.22352,2.41914,0.60713,3.36864,61.69999999999999,3.247368421052631,66,3.473684210526316,,,,,,,,,,,,,,,,,,,"Brandon Waddell","18347",663399
"Hunter Bigge","TBR",1.18906,1.40945,0,4.25543,39.4886,0.16876,0.116454,3.26092,1.5313,42.0745,180.691,38.9315,21.6238,19.8939,6.40064,17.3976,0.599522,1.92551,41.4707,8.87084,3.72146,2.3837,1.36914,0.229511,0.0962836,0.1332274004817009,0.241259,1.33879,0.286623,0.732671,,,4.51926,-0.0880315,-0.00540084,740.6199951171875,2.54483,2.81409,0.940098,2.54483,-2.81409,3.74654,172.6,4.109523809523809,169,4.023809523809524,,,,,,,,,,,,,,,,,,,"Hunter Bigge","26259",685801
"Austin Love","STL",0.943546,1.70655,0,4.60041,23.0278,0,0,1.26084,0,23.8534,104.698,23.2295,13.2531,12.1928,3.22305,10.7965,0.613156,1.25833,20.0511,7.56536,4.07356,1.85719,1.21607,0.191514,0.10312,0.08839340507984161,0.250743,1.42646,0.288407,0.703839,,,4.72661,-0.0883507,-0.0467204,999,1.07203,-1.32528,1.13631,1.07203,1.32528,3.48492,88.90000000000002,3.7041666666666675,89,3.7083333333333335,,,,,,,,,,,,,,,,,,,"Austin Love","sa3017609",676153
"Kyle Keller","BOS",0.8246,0.944195,0,5.07598,19.1683,0,0,1.07691,0,19.9146,88.1322,18.9779,12.2085,11.2318,3.06422,10.2815,0.470827,0.921335,19.7758,8.93724,4.64649,1.92344,1.38481,0.224387,0.11666,0.10772791504859924,0.246692,1.46924,0.29421,0.682868,,,4.83699,-0.0910088,-0.124159,999,1.76261,-0.731629,1.12359,1.76261,0.731629,3.50188,72.69999999999999,3.6349999999999993,72,3.6,,,,,,,,,,,,,,,,,,,"Kyle Keller","18890",664918
"Bailey Horn","DET",1.80224,1.74442,0,4.33878,36.3408,0,0,2.18405,1.32461,38.683,169.309,36.7163,20.2702,18.6486,4.85207,18.5534,1.01289,1.47162,34.6594,8.06386,4.31664,1.86809,1.12888,0.204711,0.109583,0.09512773901224136,0.245949,1.42878,0.290275,0.721984,,,4.52679,-0.0914242,0.0151432,999,1.63859,-0.469516,0.878969,1.63859,0.469516,3.82804,148.90000000000003,3.817948717948719,148,3.7948717948717947,,,,,,,,,,,,,,,,,,,"Bailey Horn","27753",690544
"Jack Neely","CHC",0.457076,0.616908,0,4.62003,14.4191,0,0,0.963158,0,14.9803,66.8588,13.6043,8.35861,7.68992,2.12171,8.92468,0.266783,0.737266,14.7285,8.84876,5.36186,1.65032,1.2747,0.220293,0.133485,0.08680759370326996,0.23785,1.50391,0.284598,0.724509,,,4.94491,-0.0919631,-0.0164809,999,1.80454,-1.28521,1.26997,1.80454,1.28521,3.3067,54.00000000000001,3.6000000000000005,53,3.533333333333333,,,,,,,,,,,,,,,,,,,"Jack Neely","30106",680891
"Dan Altavilla","MIN",0.830963,1.328,0,4.72736,26.5415,0,0.0885201,0.618948,0,27.3338,120.922,26.2633,15.6059,14.3574,3.57699,13.0866,0.361074,2.03095,23.2537,7.65658,4.30892,1.77692,1.17777,0.192303,0.108223,0.08408012986183167,0.248224,1.4396,0.287263,0.691395,,,4.7941,-0.0925112,-0.20137,999,1.22335,-1.04114,1.07209,1.22335,1.04114,3.57055,88.00000000000003,3.2592592592592604,88,3.259259259259259,,,,,,,,,,,,,,,,,,,"Dan Altavilla","16507",656186
"Joey Estes","ATH",1.22383,1.63693,0.437144,5.00918,20.6525,1.01241,0,0.738247,0,28.6025,122.512,29.5928,17.3037,15.9194,5.4018,7.89099,0.642693,1.79472,22.0115,6.92611,2.48296,2.78945,1.69972,0.179669,0.06441,0.11525873094797134,0.262287,1.31051,0.283225,0.674438,,,5.06705,-0.0940263,-0.128762,999,1.78917,0.0433075,1.08454,1.78917,-0.0433075,3.55395,93.10000000000002,3.2103448275862076,98,3.3793103448275863,,,,,,,,,,,,,,,,,,,"Joey Estes","26257",683155
"Rolddy Muñoz","ATL",0.525907,0.771093,0,4.5901,15.9699,0,0,1.13513,0.390954,17.9177,80.3992,17.5432,9.93286,9.13823,2.11709,9.10282,0.341071,1.61261,16.2353,8.15491,4.57231,1.78354,1.0634,0.201933,0.11322,0.08871285617351532,0.251754,1.48713,0.30052,0.70573,,,4.65307,-0.0951446,-0.0449217,999,1.62336,-0.30849,1.23134,1.62336,0.30849,3.35821,64.80000000000003,3.6000000000000014,67,3.7222222222222223,,,,,,,,,,,,,,,,,,,"Rolddy Munoz","27407",691548
"Colin Poche",,1.2988,1.39316,0,4.72393,26.1921,0,0.0488123,1.40122,0.774346,25.9763,113.015,24.2041,14.8201,13.6345,3.82563,12.35,0.507121,0.869691,23.7055,8.21326,4.27889,1.91948,1.32547,0.209756,0.109278,0.10047867149114609,0.242538,1.40721,0.282001,0.696643,,,4.75127,-0.0971798,-0.143591,999,1.17955,2.17737,1.05694,1.17955,-2.17737,3.59075,93.79999999999998,3.607692307692307,91,3.5,,,,,,,,,,,,,,,,,,,"Colin Poche","19403",621363
"Eduarniel Núñez","ATH",2.73189,1.87376,0,4.5133,45.1731,0,0.0196336,2.75875,0.321384,48.423,216.162,43.7465,26.3946,24.2831,5.89261,27.6063,0.800261,3.89792,47.4499,8.81915,5.13097,1.71881,1.09521,0.219511,0.127712,0.09179982542991638,0.236906,1.47353,0.288268,0.712456,,,4.70912,-0.098083,-0.093427,999,2.49563,-2.18789,0.597216,2.49563,2.18789,4.20371,177.00000000000003,3.6875000000000004,172,3.5833333333333335,,,,,,,,,,,,,,,,,,,"Eduarniel Nunez","23162",674384
"Brandan Bidois","PIT",1.63654,2.40002,0,4.59527,33.7056,0,0,1.78882,0,35.3952,155.446,33.6531,19.6438,18.0723,4.71258,17.1817,0.91872,1.61124,32.5764,8.28327,4.36881,1.896,1.19828,0.209568,0.110531,0.09903629124164581,0.246267,1.43621,0.291257,0.705086,,,4.61809,-0.100015,-0.115154,999,0.440671,2.43731,0.88202,0.440671,-2.43731,3.82397,126.1,3.6028571428571428,127,3.6285714285714286,,,,,,,,,,,,,,,,,,,"Brandan Bidois","sa3015277",684049
"Mike Vasil","CHW",3.32572,4.01933,0.134028,4.34458,59.044,0.851989,0.923274,10.3121,2.45792,74.4698,324.701,71.5502,39.0749,35.9489,8.94071,31.9873,2.19908,4.45626,60.0167,7.25328,3.8658,1.87627,1.08052,0.184837,0.098513,0.08632400631904602,0.248216,1.39033,0.285497,0.70822,,,4.55217,-0.102644,0.0250148,743.530029296875,3.1377,0.0958505,0.468446,3.1377,-0.0958505,4.37541,306.70000000000005,4.1445945945945954,310,4.1891891891891895,,,,,,,,,,,,,,,,,,,"Mike Vasil","30105",678024
"Eli Morgan","KCR",0.653211,1.04155,0,4.73214,21.9015,0,0,1.06975,1.54145,24.1256,103.651,24.139,13.7881,12.685,3.85381,8.42597,1.07206,0.881151,20.214,7.5408,3.14329,2.39901,1.43766,0.195019,0.0812914,0.11372754722833633,0.25586,1.34981,0.288648,0.691098,,,4.69336,-0.106317,-0.147986,999,0.781417,0.578002,1.18072,0.781417,-0.578002,3.42571,83.00000000000003,3.4583333333333344,85,3.5416666666666665,,,,,,,,,,,,,,,,,,,"Eli Morgan","20203",669212
"Robinson Ortiz","SEA",1.60722,1.58866,0,4.17754,30.1624,0,0,1.52725,0,31.1174,136.789,28.3728,15.6998,14.4438,3.55759,16.0226,0.794624,1.84184,28.5503,8.25751,4.63418,1.78187,1.02895,0.208718,0.117134,0.0915837436914444,0.238578,1.42671,0.285835,0.728043,,,4.50869,-0.108201,-0.117005,999,1.68252,-0.88703,1.0192,1.68252,0.88703,3.64107,119.39999999999999,3.851612903225806,115,3.7096774193548385,,,,,,,,,,,,,,,,,,,"Robinson Ortiz","sa3004006",673662
"Cade Winquest","NYY",1.31825,2.15063,0,4.69448,31.9634,0,0,2.30832,0,34.888,152.423,35.0856,19.7803,18.1979,4.79801,13.7144,0.886323,2.09833,27.9224,7.20308,3.53789,2.03598,1.23773,0.18319,0.0899764,0.09321407228708267,0.256831,1.39876,0.291536,0.689585,,,4.68202,-0.111231,-0.173714,999,2.0928,-0.360391,0.957185,2.0928,0.360391,3.72375,122.5,3.5,126,3.6,,,,,,,,,,,,,,,,,,,"Cade Winquest","sa3020805",685464
"Alexis Díaz","TEX",2.71629,3.22862,0,4.76775,56.9784,0,4.2325,5.96147,2.39713,59.4241,260.442,51.6194,34.2173,31.4799,8.39696,29.9154,1.09445,5.98288,58.3856,8.84272,4.5308,1.95169,1.27175,0.224179,0.114864,0.1093149483203888,0.229886,1.37208,0.273974,0.678105,,,4.81937,-0.112576,-0.417737,525,1.74635,1.29972,0.666822,1.74635,-1.29972,4.1109,255.00000000000006,4.322033898305086,243,4.11864406779661,,,,,,,,,,,,,,,,,,,"Alexis Diaz","21132",664747
"Carlos Vargas","SEA",2.41184,2.4817,0,4.09256,51.8427,0,0.0691715,8.71714,3.13019,54.4356,234.354,53.3959,26.9059,24.7534,6.19464,19.5403,1.53603,3.01013,42.6755,7.05567,3.23066,2.18397,1.02418,0.182099,0.0833795,0.09871906042098999,0.252101,1.33986,0.289697,0.716272,,,4.28936,-0.112819,-0.108323,999,1.95977,-0.382493,0.802494,1.95977,0.382493,3.93001,241,4.462962962962963,245,4.537037037037037,,,,,,,,,,,,,,,,,,,"Carlos Vargas","22915",672841
"Triston McKenzie","SDP",0.945241,1.46997,0.712568,5.11525,10.8612,2.75304,0,0.725744,0,22.8516,100.97,21.8633,14.1174,12.988,4.09183,11.8466,0.129789,0.761917,20.915,8.23726,4.66573,1.76548,1.61154,0.20714,0.117328,0.0898124948143959,0.24743,1.47517,0.280508,0.7002,,,5.28769,-0.115183,-0.0836846,750.9400024414062,1.21323,0.30611,1.06643,1.21323,-0.30611,3.57809,70.8,3.0782608695652174,70,3.0434782608695654,,,,,,,,,,,,,,,,,,,"Triston McKenzie","18000",663474
"Bradley Blalock","MIA",0.630231,1.20099,0.275518,5.15467,12.8547,0.952977,0,0.704697,0,17.4556,78.5961,19.213,10.8669,9.99754,2.64974,7.83024,0.376892,0.757068,12.1843,6.28212,4.03722,1.55605,1.36619,0.155024,0.0996263,0.05539723485708237,0.274437,1.54926,0.300196,0.693264,,,5.18835,-0.121501,-0.137555,749.8800048828125,6.11285,-1.52988,1.19595,6.11285,1.52988,3.4054,40.50000000000001,2.382352941176471,47,2.764705882352941,,,,,,,,,,,,,,,,,,,"Bradley Blalock","26419",687134
"Anthony Molina","ATL",0.902821,0.166237,0.120323,5.31011,10.0878,0.164544,0,0.0662064,0.0569663,19.2704,86.2437,22.3377,12.3585,11.3698,2.80396,7.07765,0.257903,0.751382,14.2763,6.66758,3.30552,2.0171,1.30955,0.165535,0.0820657,0.0834692046046257,0.284867,1.52645,0.31848,0.669165,,,4.76384,-0.123525,-0.189838,999,4.39179,-0.336958,1.13029,4.39179,0.336958,3.49295,50.499999999999986,2.6578947368421044,60,3.1578947368421053,,,,,,,,,,,,,,,,,,,"Anthony Molina","26952",683627
"Ty Adcock","SDP",0.791577,1.11065,0,4.46758,27.4801,0,0,1.21732,0,30.1458,128.768,28.605,16.2656,14.9643,4.90019,11.4329,0.494338,1.00558,27.4331,8.19012,3.41327,2.39949,1.46295,0.213043,0.0887868,0.12425635755062103,0.245897,1.32814,0.282213,0.716517,,,4.66609,-0.123683,-0.0329526,999,1.60315,-0.529354,1.11532,1.60315,0.529354,3.51291,107.1,3.57,107,3.566666666666667,,,,,,,,,,,,,,,,,,,"Ty Adcock","25651",686654
"Thomas Hatch","ARI",0.553824,0.370274,0,5.69024,4.25367,0.209284,0.000643321,0.420376,0,10.4526,47.637,11.9275,7.18333,6.60867,1.69912,4.75822,0.348791,0.534154,7.36653,6.34278,4.09695,1.54817,1.46299,0.154639,0.0998849,0.05475384742021561,0.281676,1.59631,0.307352,0.664179,,,5.35779,-0.124992,-0.161176,999,1.51195,-2.94799,1.29917,1.51195,2.94799,3.26777,14.2,1.42,20,2,,,,,,,,,,,,,,,,,,,"Thomas Hatch","19264",641672
"Antonio Senzatela","COL",1.95154,3.6646,0.68436,5.39772,38.5734,3.79015,0,2.71186,0,59.7686,268.843,72.3771,38.963,35.846,9.68306,19.8498,1.03474,2.68932,37.9865,5.72004,2.98899,1.9137,1.45808,0.141296,0.0738341,0.06746240705251694,0.293853,1.54307,0.315626,0.677049,,,5.10145,-0.129698,-0.0427393,999,4.23306,-1.18536,0.605501,4.23306,1.18536,4.19267,152.8,2.546666666666667,189,3.15,,,,,,,,,,,,,,,,,,,"Antonio Senzatela","15488",622608
"Kaleb Ort","LAA",1.62155,1.66217,0,4.63466,40.871,0,0.0493481,3.06872,0,42.4051,183.372,38.6973,23.7359,21.8371,6.72879,19.737,1.07646,1.5385,42.5043,9.02105,4.18896,2.15353,1.42811,0.231793,0.107634,0.12415899336338043,0.23873,1.378,0.28325,0.707928,,,4.69844,-0.135868,-0.213154,999,1.53268,-0.778349,0.788446,1.53268,0.778349,3.94874,155.30000000000004,3.6976190476190487,151,3.5952380952380953,,,,,,,,,,,,,,,,,,,"Kaleb Ort","20061",672391
"Ryan Zeferjahn","LAA",2.98406,3.40205,0,4.40692,61.5146,0.139989,0.559368,12.2103,2.83245,64.046,280.602,55.6565,34.0877,31.3607,9.16467,34.0758,2.09726,4.49608,70.0996,9.85068,4.78847,2.05717,1.28786,0.249818,0.121438,0.12838028371334076,0.229957,1.40106,0.285636,0.723581,,,4.61309,-0.139342,-0.064341,748.8200073242188,2.42961,-1.30401,0.423838,2.42961,1.30401,4.43488,296.30000000000007,4.629687500000001,282,4.40625,,,,,,,,,,,,,,,,,,,"Ryan Zeferjahn","25420",666171
"Orlando Ribalta","WSN",0.57348,0.864009,0,4.90588,28.2225,0,0,1.47001,0,29.5896,131.852,29.0795,17.5318,16.1292,4.45725,14.968,0.494729,1.6985,27.1005,8.24292,4.55267,1.81057,1.35572,0.205538,0.113521,0.09201669692993164,0.252458,1.48861,0.294428,0.701338,,,4.9514,-0.1404,-0.217164,999,4.16619,-3.51745,0.997908,4.16619,3.51745,3.66946,104.4,3.48,105,3.5,,,,,,,,,,,,,,,,,,,"Orlando Ribalta","26247",687377
"Marc Church","TEX",1.26042,1.59885,0,4.71305,30.7859,0,0.0190525,2.70626,2.97692,33.1629,146.729,31.4828,18.8767,17.3665,4.42199,17.8385,0.32231,0.903943,30.1612,8.18536,4.84115,1.69079,1.20007,0.205556,0.121574,0.08398207277059555,0.245985,1.48724,0.289719,0.705873,,,4.74509,-0.146031,-0.231838,999,2.18383,-2.68476,0.907718,2.18383,2.68476,3.78971,129.40000000000006,3.921212121212123,128,3.878787878787879,,,,,,,,,,,,,,,,,,,"Marc Church","26353",687847
"Connor Brogdon","CLE",2.30041,2.36353,0,4.68924,45.3475,0,0,4.43319,0,48.4938,209.417,46.4721,27.4637,25.2666,8.27691,20.0036,1.49416,1.82466,47.0637,8.73459,3.71248,2.35277,1.53612,0.224737,0.0955201,0.12921646237373352,0.247733,1.37081,0.288814,0.710756,,,4.76332,-0.146519,-0.265218,999,2.94822,-0.688035,0.647625,2.94822,0.688035,4.1365,181.20000000000007,3.7750000000000017,180,3.75,,,,,,,,,,,,,,,,,,,"Connor Brogdon","21205",641401
"Andry Lara","WSN",0.470966,0.176265,0,5.09657,24.5135,0,0,0.942898,0,35.7376,158.689,37.6861,21.9974,20.2377,4.63399,15.3125,0.52559,1.69382,28.0804,7.07165,3.85624,1.83382,1.16701,0.176953,0.096494,0.08045875281095505,0.26599,1.48299,0.303319,0.666533,,,4.67693,-0.150805,-0.299527,999,5.63868,-1.71897,0.921114,5.63868,1.71897,3.77185,115.10000000000004,3.1972222222222233,124,3.4444444444444446,,,,,,,,,,,,,,,,,,,"Andry Lara","27967",691251
"Troy Taylor","SEA",1.44394,1.69878,0,4.51063,36.735,0,0.0921318,2.93158,0.391481,36.4985,160.262,34.4536,19.883,18.2924,4.87095,17.0522,0.337944,2.54522,32.4674,8.00599,4.20482,1.904,1.20111,0.20259,0.106402,0.09618791192770004,0.244935,1.41118,0.286305,0.70766,,,4.70177,-0.155482,-0.290925,999,2.40684,-1.39756,0.920915,2.40684,1.39756,3.77211,132.50000000000003,3.6805555555555562,131,3.638888888888889,,,,,,,,,,,,,,,,,,,"Troy Taylor","31883",700187
"Hunter Strickland",,1.15696,1.23118,0,4.78552,27.1006,0,0.067221,0.967008,1.3983,28.3733,123.834,27.5893,16.3987,15.0868,4.15157,12.2987,0.961183,1.37944,22.5033,7.13804,3.90115,1.82973,1.31688,0.181722,0.0993163,0.08240550011396408,0.250458,1.40583,0.280689,0.689326,,,4.8973,-0.162484,-0.139031,999,1.7244,0.752357,1.05243,1.7244,-0.752357,3.59676,96.2,3.435714285714286,99,3.5357142857142856,,,,,,,,,,,,,,,,,,,"Hunter Strickland","7836",519326
"Konnor Pilkington",,1.50994,0.932472,0,4.23118,32.712,0.415674,0.439689,3.49706,0.742867,34.8054,152.873,30.2353,17.786,16.3631,4.73742,19.5565,0.326245,1.79753,34.5652,8.93789,5.05694,1.76745,1.225,0.226104,0.127927,0.09817750751972198,0.229893,1.43058,0.276501,0.741573,,,4.75897,-0.162707,0.0491535,999,2.80421,-1.073,0.956118,2.80421,1.073,3.72518,135.5,3.8714285714285714,126,3.6,,,,,,,,,,,,,,,,,,,"Konnor Pilkington","21453",663455
"Luis Guerrero","TBR",0.94762,1.20157,0,4.7495,22.582,0,0,1.3181,0,24.9903,110.51,23.1592,14.3347,13.1879,3.44591,13.279,0.446008,1.34996,21.5351,7.75563,4.78229,1.62174,1.24101,0.19487,0.120161,0.07470900565385818,0.241541,1.45809,0.278043,0.699169,,,4.96038,-0.180806,-0.0951649,999,1.57622,1.05431,1.08382,1.57622,-1.05431,3.55491,94.3,3.772,92,3.68,,,,,,,,,,,,,,,,,,,"Luis Guerrero","31184",692285
"Roddery Muñoz","HOU",2.04312,2.34392,0.0102766,4.76448,40.569,0.713814,0,5.38251,0,49.1202,214.683,45.571,28.2647,26.0036,7.80496,23.9946,0.729765,2.17794,48.7257,8.92772,4.3964,2.03069,1.43006,0.226966,0.111768,0.11519796401262283,0.241742,1.41623,0.286149,0.704328,,,4.81532,-0.189602,-0.243482,999,1.84808,-1.59307,0.607804,1.84808,1.59307,4.18959,184.60000000000005,3.7673469387755114,181,3.693877551020408,,,,,,,,,,,,,,,,,,,"Roddery Munoz","25311",682610
"Alexander Alberto","CHW",1.34139,2.48265,0,5.02576,36.9514,0,0,1.96345,0,38.7537,175.228,39.0914,23.5225,21.6407,4.41481,20.705,0.796755,2.65815,30.7762,7.14734,4.80844,1.48642,1.02528,0.175635,0.11816,0.057475075125694275,0.257409,1.54298,0.29721,0.676553,,,4.83638,-0.19167,-0.366445,999,3.06795,2.10792,0.778455,3.06795,-2.10792,3.96206,136.00000000000003,3.487179487179488,141,3.6153846153846154,,,,,,,,,,,,,,,,,,,"Alexander Alberto","sa3015986",693739
"Yilber Díaz","ARI",0.788006,1.30682,0.289223,4.68507,17.5335,2.30893,0.435423,1.87991,0.231526,26.7959,122.551,25.6435,15.1619,13.949,3.36188,18.1091,0.189346,0.82217,24.2162,8.13354,6.08234,1.33724,1.12916,0.197601,0.147768,0.04983311891555786,0.247477,1.63281,0.293019,0.732231,,,5.07819,-0.194091,0.0443105,999,7.02488,-2.56262,1.01635,7.02488,2.56262,3.64487,94.30000000000001,3.492592592592593,95,3.5185185185185186,,,,,,,,,,,,,,,,,,,"Yilber Diaz","29271",700270
"Rico Garcia","BAL",1.447,1.71621,0,4.40262,46.2123,0.0372259,0.0208935,10.1534,0,49.8129,215.763,46.5311,26.4864,24.3675,8.30013,22.6533,1.17662,1.6232,49.7697,8.9922,4.09292,2.19702,1.49964,0.230668,0.104992,0.12567667663097382,0.242999,1.38889,0.286553,0.741746,,,4.76507,-0.195723,-0.0631648,999,3.42201,-2.27737,0.748467,3.42201,2.27737,4.00204,214.40000000000003,4.288,211,4.22,,,,,,,,,,,,,,,,,,,"Rico Garcia","20023",670329
"Jayvien Sandridge","LAA",0.700906,1.23447,0,4.74056,19.4008,0,0,1.42357,0,19.5048,89.8371,17.5695,11.1671,10.2738,3.08307,12.5829,0.383785,2.92573,21.7628,10.0419,5.80604,1.72956,1.4226,0.242247,0.140063,0.10218389332294464,0.236376,1.54589,0.292757,0.734834,,,5.34383,-0.213679,-0.0581445,999,1.28184,-0.316743,1.12475,1.28184,0.316743,3.50033,64.3,3.215,61,3.05,,,,,,,,,,,,,,,,,,,"Jayvien Sandridge","25158",682144
"Cole Henry","WSN",1.98212,2.68284,0,4.71216,65.0165,0,10.382,8.85091,0.100742,64.4852,286.425,59.2078,36.6986,33.7627,8.95597,33.9647,0.898359,5.72684,60.8114,8.48726,4.74035,1.79043,1.24996,0.212312,0.118581,0.09373027086257935,0.239966,1.44487,0.283963,0.700372,,,4.90111,-0.214682,-0.323057,689.0900268554688,3.68497,-0.860488,1.09064,3.68497,0.860488,3.54582,297.5,4.6484375,291,4.546875,,,,,,,,,,,,,,,,,,,"Cole Henry","27570",669371
"Zach Agnos","COL",1.65731,2.56025,0,5.18559,40.2595,0,0.744659,2.49243,0.993602,42.5635,188.06,44.29,26.6566,24.5241,6.78707,18.4435,0.730569,1.46639,33.2781,7.03663,3.89986,1.80433,1.43512,0.176955,0.0980727,0.07888251543045044,0.263396,1.47388,0.292798,0.677734,,,5.0477,-0.223237,-0.103481,999,2.90104,-1.49869,0.744239,2.90104,1.49869,4.00768,139.7,3.2488372093023252,146,3.395348837209302,,,,,,,,,,,,,,,,,,,"Zach Agnos","31552",688642
"Luis Peralta","COL",0.775505,2.04827,0,5.38421,27.5436,0,0,1.34006,1.9179,27.4318,127.225,28.4803,17.838,16.411,4.26601,17.0053,0.395879,1.91228,25.558,8.38522,5.57921,1.50294,1.39962,0.200889,0.133664,0.06722505390644073,0.262959,1.65813,0.308529,0.699705,,,5.36229,-0.237683,-0.157695,999,7.2422,-2.52075,0.89304,7.2422,2.52075,3.80928,76.80000000000003,2.8444444444444454,82,3.037037037037037,,,,,,,,,,,,,,,,,,,"Luis Peralta","24203",678821
"Wikelman González","CHW",2.09796,2.57045,0,4.5767,44.5508,0,0.0277097,3.8719,0.331313,49.919,223.946,44.6793,27.5923,25.3849,5.83746,31.2087,0.819105,2.79344,49.0746,8.84778,5.62669,1.57247,1.05245,0.219136,0.139359,0.07977792620658875,0.235224,1.52022,0.28765,0.713215,,,4.73261,-0.243481,-0.190298,999,3.86887,-0.53584,0.617132,3.86887,0.53584,4.17716,191.2,3.824,184,3.68,,,,,,,,,,,,,,,,,,,"Wikelman Gonzalez","26641",682790
"Steven Wilson","TBR",1.57704,2.13964,0,4.76675,49.9964,0,0.0770001,6.91759,3.26388,51.1067,221.312,47.1128,29.4219,27.0681,8.96803,22.6874,1.73454,2.79092,48.2576,8.49826,3.99531,2.12706,1.57929,0.218052,0.102514,0.11553895473480225,0.240576,1.36577,0.2752,0.705361,,,5.02343,-0.24372,-0.238806,999,1.58374,-1.05749,0.689088,1.58374,1.05749,4.08122,190.50000000000006,3.7352941176470598,184,3.607843137254902,,,,,,,,,,,,,,,,,,,"Steven Wilson","20353",621051
"Lucas Sims","CHW",0.866752,1.02731,0,5.45935,19.0454,0,0.0274159,1.57379,1.15525,18.9714,87.0042,17.2481,12.5086,11.5079,2.94944,11.9424,0.2804,2.60695,17.9086,8.49581,5.66545,1.49958,1.39921,0.205836,0.137262,0.06857387721538544,0.238053,1.53866,0.277123,0.665643,,,5.56898,-0.269901,-0.309431,999,0.856062,-0.0315467,1.09142,0.856062,0.0315467,3.54478,58.499999999999986,3.0789473684210518,55,2.8947368421052633,,,,,,,,,,,,,,,,,,,"Lucas Sims","13470",608371
"Michael Kelly","ATH",3.83854,4.01497,0,4.50228,58.9273,0,2.91412,8.70117,0.890537,61.6616,268.955,60.2621,33.5287,30.8464,8.98059,26.3838,2.12918,3.07453,52.7456,7.69864,3.85092,1.99917,1.31079,0.196113,0.0980975,0.09801570326089859,0.25162,1.40518,0.28847,0.717092,,,4.75091,-0.313409,-0.163023,733.760009765625,2.86777,0.471852,0.5812,2.86777,-0.471852,4.22507,262.09999999999997,4.227419354838709,263,4.241935483870968,,,,,,,,,,,,,,,,,,,"Michael Kelly","12791",547184