Name,Team,G,PA,AB,H,1B,2B,3B,HR,R,RBI,BB,IBB,SO,HBP,SF,SH,GDP,SB,CS,AVG,BB%,K%,BB/K,OBP,SLG,wOBA,OPS,ISO,Spd,BABIP,UBR,wSB,wRC,wRAA,wRC+,BsR,Fld,Off,Def,WAR,ADP,InterSD,InterSK,IntraSD,Vol,Skew,Dim,FPTS,FPTS/G,SPTS,SPTS/G,P10,P20,P30,P40,P50,P60,P70,P80,P90,TT10,TT20,TT30,TT40,TT50,TT60,TT70,TT80,TT90,NameASCII,PlayerId,MLBAMID
"Aaron Judge","NYY",145.176,637.851,512.358,148.925,76.5216,24.6188,1.00647,46.7781,107.318,112.708,114.115,10.08,157.179,6.13013,4.73638,0.511657,9.87594,8.79961,2.55441,0.290666,0.178905,0.24642,0.726017,0.422334,0.616544,0.433013,1.03888,0.325878,3.68549,0.326205,-0.961657,-0.518597,137.49,62.1229,182.165,-1.48025,0.799417,60.462270736694336,-6.213895082473755,7.75897,1.9500000476837158,3.78314,0.57477,1.4946,3.78314,-0.57477,3.0072,1211.1,8.352413793,1211.1,8.352413793,,,,,,,,,,,,,,,,,,,"Aaron Judge","15640",592450
"Bobby Witt Jr.","KCR",151.363,659.965,598.475,174.08,103.173,36.6836,6.29074,27.9328,99.7134,91.6139,48.248,5.72831,112.888,6.56673,5.98923,0.685504,6.19131,33.8227,9.28117,0.290873,0.0731069,0.171051,0.427399,0.34719,0.51321,0.364146,0.8604,0.222337,6.99185,0.315215,1.3348,1.95856,105.356,27.376,134.857,3.29336,4.97512,30.482653617858887,11.982689380645752,6.62999,2.809999942779541,2.94902,0.216936,0.701415,2.94902,-0.216936,4.06478,985.5,6.526490066,985.5,6.526490066,,,,,,,,,,,,,,,,,,,"Bobby Witt Jr.","25764",677951
"Shohei Ohtani","LAD",148.307,659.709,558.869,158.245,79.4104,27.3085,5.10572,46.4208,121.57,109.152,91.6537,10.0296,159.431,4.55215,3.69243,0.941125,7.33896,24.0715,6.99414,0.283153,0.138931,0.241669,0.574879,0.386253,0.599474,0.411041,0.985727,0.316321,6.48574,0.313489,0.389212,0.85692,130.433,52.4833,167.071,1.24613,0,53.54278647899628,-14.0001802444458,6.33007,1.3300000429153442,3.36301,-0.489195,0.963285,3.36301,0.489195,3.71562,1182,7.986486486,1182,7.986486486,,,,,,,,,,,,,,,,,,,"Shohei Ohtani","19755",660271
"Juan Soto","NYM",153.956,674.85,541.758,148.1,84.0211,24.6199,0.998069,38.4608,108.387,98.8369,123.952,8.82758,121.096,3.63094,4.22786,1.28029,12.5387,21.1841,5.37801,0.273369,0.183674,0.179442,1.02358,0.409287,0.535475,0.401862,0.944762,0.262106,4.58815,0.283724,-0.870733,0.695765,128.397,48.6586,160.766,-0.174968,-6.54528,48.29278640449047,-13.866795063018799,5.85901,4.239999771118164,1.32063,-0.399249,0.711621,1.32063,0.399249,4.05117,1132.1,7.351298701,1132.1,7.351298701,,,,,,,,,,,,,,,,,,,"Juan Soto","20123",665742
"Gunnar Henderson","BAL",152.51,657.586,579.767,156.413,93.2842,32.7592,4.1713,26.1979,96.0586,84.0113,67.0576,3.49969,139.576,5.88116,4.40561,0.474756,9.22078,23.6517,5.10563,0.269785,0.101975,0.212255,0.480439,0.34903,0.47624,0.354199,0.825269,0.206454,6.04836,0.311221,0.654254,1.56524,99.6655,21.9667,129.983,2.2195,-0.412838,25.45735001564026,6.647811532020569,5.6004,13.050000190734863,1.94438,-0.0636762,0.400587,1.94438,0.0636762,4.46588,907.1,5.928758169,907.1,5.928758169,,,,,,,,,,,,,,,,,,,"Gunnar Henderson","26289",683002
"Julio Rodríguez","SEA",151.455,659.093,599.122,162.294,101.755,27.9467,2.98431,29.6082,93.3032,91.1388,47.2278,3.91505,145.412,8.87153,3.39552,0.476045,10.5216,27.9644,6.49014,0.270887,0.0716557,0.220624,0.324787,0.331594,0.475753,0.34548,0.807347,0.204866,6.01389,0.310378,-0.168621,1.91879,95.2281,17.3511,129.063,1.75017,4.61107,24.32710337638855,6.757530450820923,5.5013,11.100000381469727,2.80348,-0.974722,0.267248,2.80348,0.974722,4.64367,892.9,5.913245033,892.9,5.913245033,,,,,,,,,,,,,,,,,,,"Julio Rodriguez","23697",677594
"Cal Raleigh","SEA",150.568,626.146,540.48,123.757,61.1258,22.5148,0.294426,39.8218,85.3754,101.674,75.5627,8.6777,168.966,5.69017,3.90615,0.507815,5.74427,8.03693,2.29046,0.228976,0.120679,0.26985,0.447207,0.327681,0.492758,0.346998,0.820439,0.263782,3.30852,0.250106,-1.38999,-0.213247,91.2395,17.2555,130.109,-1.60323,3.25009,20.61684763431549,10.031128406524658,5.3406,18.3799991607666,2.50901,1.1275,1.78595,2.50901,-1.1275,2.61874,852.7,5.647019867,852.7,5.647019867,,,,,,,,,,,,,,,,,,,"Cal Raleigh","21534",663728
"José Ramírez","CLE",150.793,649.533,575.429,156.996,93.2436,33.2107,2.88964,27.6524,92.3178,88.9166,63.8255,10.08,74.3809,4.49033,5.55056,0.237567,6.78233,33.3597,8.03208,0.272834,0.0982637,0.114514,0.85809,0.34701,0.484758,0.352277,0.831768,0.211924,6.03839,0.27006,-0.294276,2.38265,97.4315,20.6842,128.399,2.08837,0.469792,23.829270839691162,0.6857030391693115,4.79547,5.900000095367432,2.08876,-0.219297,0.566561,2.08876,0.219297,4.24459,924.5,6.122516556,924.5,6.122516556,,,,,,,,,,,,,,,,,,,"Jose Ramirez","13510",608070
"Fernando Tatis Jr.","SDP",148.018,647.719,566.737,152.696,93.7168,28.1582,2.442,28.3793,98.614,79.2817,70.8251,3.45123,128.32,6.12713,3.00378,1.02618,10.5218,25.9331,5.831,0.269431,0.109345,0.19811,0.551942,0.355112,0.477959,0.358577,0.833071,0.208528,5.9031,0.30098,0.382458,1.69481,100.472,23.9391,131.031,2.07727,5.57939,25.83314037322998,-1.4636321067810059,4.73616,15.100000381469727,2.93474,-0.313749,0.524915,2.93474,0.313749,4.30011,909.2,6.143243243,909.2,6.143243243,,,,,,,,,,,,,,,,,,,"Fernando Tatis Jr.","19709",665487
"Ketel Marte","ARI",141.015,616.155,536.316,147.611,87.111,29.5645,2.44735,28.4879,88.6479,86.7332,67.5788,5.14545,100.171,6.72862,4.94155,0.589146,11.476,5.33676,1.62964,0.275231,0.109678,0.162575,0.674633,0.360511,0.498836,0.366683,0.859347,0.223605,4.12018,0.288713,-0.0203134,-0.631679,99.6313,26.8278,135.791,-0.651992,0.187524,25.484816253185272,0.2592647224664688,4.73131,32.619998931884766,3.35765,0.0968927,0.893922,3.35765,-0.0968927,3.8081,883.3,6.264539007,883.3,6.264539007,,,,,,,,,,,,,,,,,,,"Ketel Marte","13613",606466
"Francisco Lindor","NYM",143.668,632.509,559.531,144.73,89.8306,28.226,1.33003,25.3435,93.2291,77.577,56.4655,1.27478,116.106,10.7037,4.88813,0.920385,7.98581,23.0464,5.46966,0.258663,0.0892724,0.183564,0.486328,0.335502,0.449746,0.339896,0.785248,0.191082,5.51525,0.282258,-0.457952,1.34131,88.5194,13.7837,118.199,0.883354,2.91705,14.488118708133698,9.075642824172974,4.60105,18.56999969482422,3.76516,0.824196,0.544454,3.76516,-0.824196,4.27406,804.6,5.5875,804.6,5.5875,,,,,,,,,,,,,,,,,,,"Francisco Lindor","12916",596019
"Ronald Acuña Jr.","ATL",142.232,623.271,527.904,147.203,92.6505,24.8099,2.03822,27.7041,104.538,76.5504,85.0547,3.58013,133.149,6.96231,2.49893,0.850799,10.2542,24.1804,6.63714,0.278844,0.136465,0.21363,0.638793,0.384338,0.491002,0.377896,0.87534,0.212158,5.54316,0.323363,1.26016,0.922587,106.456,32.8119,143.985,2.18275,-3.13401,34.67480754852295,-10.568485498428345,4.58797,7.619999885559082,3.83307,0.0741919,0.726696,3.83307,-0.0741919,4.03107,944.3,6.65,944.3,6.65,,,,,,,,,,,,,,,,,,,"Ronald Acuna Jr.","18401",660670
"Kyle Tucker","LAD",143.141,619.354,527.381,141.602,82.0083,27.6962,2.2039,29.694,93.6033,88.7269,84.3373,6.02744,92.3003,3.21215,3.57161,0.852884,8.07005,22.969,4.56127,0.268501,0.13617,0.149027,0.913727,0.370495,0.49829,0.371443,0.868785,0.229788,5.36311,0.273643,-0.551966,1.64631,102.542,29.3606,139.87,1.09435,0.0531704,30.279778718948364,-6.573729358613491,4.57006,15.050000190734863,1.82748,0.407873,0.260795,1.82748,-0.407873,4.65227,933.5,6.527972027,933.5,6.527972027,,,,,,,,,,,,,,,,,,,"Kyle Tucker","18345",663656
"Corbin Carroll","ARI",145.279,632.021,550.187,141.359,76.3809,27.7822,10.4107,26.7851,101.307,80.6091,66.6527,2.65752,133.681,8.28462,4.71637,2.1803,6.35414,33.2604,6.89828,0.256929,0.10546,0.211514,0.498594,0.343414,0.49132,0.356329,0.834734,0.234391,8.1686,0.290475,2.03742,2.84571,96.8835,22.2054,128.697,4.88313,3.09782,26.3796968460083,-3.3324334621429443,4.5094,8.670000076293945,1.22101,-0.8696,0.986498,1.22101,0.8696,3.68467,899.7,6.204827586,899.7,6.204827586,,,,,,,,,,,,,,,,,,,"Corbin Carroll","25878",682998
"Vladimir Guerrero Jr.","TOR",153.626,665.751,579.445,170.592,109.158,32.1007,0.468327,28.8642,94.1817,95.6932,75.271,8.00454,91.0413,6.30848,4.49355,0.232137,15.2526,4.70694,2.06255,0.294405,0.113062,0.13675,0.826778,0.378909,0.500861,0.375855,0.879771,0.206456,2.95447,0.305425,-0.22646,-1.10961,112.609,33.9452,144.06,-1.33607,-0.97755,33.23638188838959,-13.026916325092316,4.41208,18.290000915527344,2.83389,0.257735,1.35321,2.83389,-0.257735,3.19572,990.9,6.434415584,990.9,6.434415584,,,,,,,,,,,,,,,,,,,"Vladimir Guerrero Jr.","19611",665489
"Corey Seager","TEX",123.608,529.353,461.451,125.84,75.2259,23.7072,0.363909,26.5432,70.3103,75.9446,59.7013,9.38628,98.2271,4.44424,3.56014,0.195908,9.88797,2.44466,0.559457,0.272706,0.112782,0.185561,0.607788,0.359035,0.498222,0.363078,0.857257,0.225516,2.65147,0.291843,-0.864603,-0.598294,84.0462,21.4991,136.06,-1.4629,0.336469,21.035199284553528,3.674634665250778,4.3922,100.62000274658203,3.3548,-0.0506032,0.842915,3.3548,0.0506032,3.87611,761,6.137096774,761,6.137096774,,,,,,,,,,,,,,,,,,,"Corey Seager","13624",608369
"William Contreras","MIL",144.635,603.063,525.706,139.805,92.43,27.3273,0.879498,19.1685,76.2857,76.7732,69.0812,3.25012,116.181,3.80652,4.10809,0.361268,13.982,5.91896,2.03341,0.265938,0.11455,0.192651,0.594601,0.352899,0.430653,0.341129,0.783552,0.164715,3.27958,0.305824,-0.481031,-0.718844,85.0026,13.746,120.024,-1.19988,1.74647,13.112613201141357,8.917446851730347,4.30676,51.290000915527344,1.82197,-0.578055,0.57725,1.82197,0.578055,4.23033,745.4,5.140689655,745.4,5.140689655,,,,,,,,,,,,,,,,,,,"William Contreras","20503",661388
"Will Smith","LAD",124.327,500.839,428.695,112.137,69.6543,21.2054,1.23079,20.0469,68.9269,68.7487,57.9758,2.60926,97.7629,8.35054,5.62937,0.187931,7.05398,2.46526,1.06415,0.261579,0.115757,0.195198,0.593025,0.356464,0.457074,0.35162,0.813538,0.195495,3.40574,0.290952,-0.71373,-0.82321,74.8599,15.682,126.253,-1.53694,1.76514,14.003348588943481,10.767928719520569,4.26866,104.4800033569336,2.87047,0.177508,0.537696,2.87047,-0.177508,4.28307,651.8,5.256451612,651.8,5.256451612,,,,,,,,,,,,,,,,,,,"Will Smith","19197",669257
"Mookie Betts","LAD",142.024,622.219,545.705,146.483,92.5486,29.8539,2.48697,21.5934,89.2721,79.9034,66.1249,1.88651,72.2185,4.25716,5.52236,0.609346,8.9442,9.24655,2.45578,0.268429,0.106273,0.116066,0.915622,0.348876,0.45096,0.346074,0.799836,0.182531,4.56796,0.273033,-0.350005,-0.219533,90.2006,16.6806,122.443,-0.569538,-1.85982,15.935074031352997,4.715360760688782,4.26735,57.7599983215332,2.74708,0.91063,0.645867,2.74708,-0.91063,4.13884,798.3,5.621830985,798.3,5.621830985,,,,,,,,,,,,,,,,,,,"Mookie Betts","13611",605141
"Trea Turner","PHI",142.999,624.522,574.944,162.451,111.448,29.2355,4.00659,17.7605,89.7006,70.5888,39.8729,0.540613,112.808,5.33958,3.43426,0.931109,10.363,27.6593,5.08254,0.282551,0.0638455,0.180631,0.353458,0.333012,0.44001,0.334694,0.773022,0.157459,6.5675,0.323107,1.26499,2.41982,84.7641,10.972,113.251,3.68481,0.551225,13.492815017700195,7.1715633273124695,4.24007,29,2.35901,1.5814,1.04574,2.35901,-1.5814,3.60568,782.5,5.472027972,782.5,5.472027972,,,,,,,,,,,,,,,,,,,"Trea Turner","16252",607208
"Junior Caminero","TBR",147.894,631.182,579.677,157.379,93.6842,26.2406,0.68808,36.7664,83.9784,103.392,42.8236,1.90415,122.118,3.81542,4.66471,0.201057,15.1125,5.87895,1.61446,0.271495,0.0678467,0.193475,0.350674,0.323335,0.509414,0.353801,0.832749,0.237919,3.30777,0.28349,-0.127324,-0.399158,95.4595,20.8805,127.751,-0.526481,-2.57394,20.175489604473114,-0.8682149648666382,4.16097,16.139999389648438,3.50115,-0.438877,1.20492,3.50115,0.438877,3.39344,874.9,5.911486486,874.9,5.911486486,,,,,,,,,,,,,,,,,,,"Junior Caminero","28163",691406
"Zach Neto","LAA",147.168,633.259,566.062,142.224,84.0094,30.3717,1.23076,26.6117,86.1754,75.107,44.3255,3.32706,155.232,16.4642,3.56368,2.84371,7.83049,26.8364,8.15241,0.251251,0.0699959,0.245133,0.285543,0.322031,0.45029,0.332591,0.772321,0.199039,5.60741,0.298137,0.512724,1.09477,84.8686,10.0442,112.475,1.60749,0.419198,10.91847026348114,7.232535868883133,4.08705,27.520000457763672,1.62287,-0.65896,0.724685,1.62287,0.65896,4.03375,784.6,5.337414965,784.6,5.337414965,,,,,,,,,,,,,,,,,,,"Zach Neto","31347",687263
"Elly De La Cruz","CIN",147.794,636.565,568.701,146.892,88.7064,30.0686,5.44014,22.6772,92.1872,77.1132,60.7036,5.47962,170.534,3.42218,2.7491,0.989385,8.8435,40.4114,10.0409,0.258295,0.0953611,0.267897,0.355962,0.332011,0.449925,0.335503,0.781936,0.191631,7.31569,0.328404,1.14182,2.99759,86.8169,11.6018,110.535,4.13941,-0.598761,12.087994575500488,6.005973160266876,4.01808,8.899999618530273,2.62851,-0.48962,1.27537,2.62851,0.48962,3.29951,825.9,5.580405405,825.9,5.580405405,,,,,,,,,,,,,,,,,,,"Elly De La Cruz","26668",682829
"Geraldo Perdomo","ARI",150.502,648.379,549.319,144.096,100.135,27.6694,3.74734,12.5443,88.5293,64.9264,75.8491,1.00095,86.5973,7.59231,6.27494,9.34388,10.1905,20.5567,5.35421,0.262318,0.116983,0.13356,0.875883,0.356064,0.39484,0.331856,0.750904,0.132522,5.83984,0.288205,0.239829,0.713395,86.5082,9.89724,111.933,0.953225,0.204588,10.123282968997955,7.172260969877243,3.97661,83.23999786376953,2.67516,-0.386921,0.947779,2.67516,0.386921,3.73629,761.5,5.043046357,761.5,5.043046357,,,,,,,,,,,,,,,,,,,"Geraldo Perdomo","22799",672695
"Yordan Alvarez","HOU",128.466,550.538,467.69,135.867,78.8987,27.1422,1.06303,28.7634,77.243,83.687,69.1273,9.828,92.9626,6.75442,6.4525,0.513168,7.74055,3.30298,1.20627,0.290507,0.125563,0.168858,0.743604,0.384981,0.53759,0.388323,0.922571,0.247083,2.98731,0.303913,-0.705056,-0.790322,98.6938,33.6436,152.62,-1.49538,-1.94262,32.648542404174805,-13.639384150505066,3.88355,36.66999816894531,4.24864,-0.136023,1.11707,4.24864,0.136023,3.51058,881.1,6.88359375,881.1,6.88359375,,,,,,,,,,,,,,,,,,,"Yordan Alvarez","19556",670541
"Jeremy Peña","HOU",145.96,631.049,576.651,157.472,108.862,29.0518,1.9304,17.6273,81.6939,68.6125,36.938,1.28618,112.583,11.4842,3.72402,2.25136,11.9738,18.4761,4.46695,0.27308,0.0585343,0.178406,0.328097,0.327441,0.42186,0.325654,0.749301,0.148781,5.37566,0.310652,0.328921,0.836073,81.0181,6.45488,109.45,1.16499,0.679693,8.1933673620224,7.437082648277283,3.82138,98.43000030517578,2.52121,0.651613,0.680254,2.52121,-0.651613,4.09299,733.9,5.026712328,733.9,5.026712328,,,,,,,,,,,,,,,,,,,"Jeremy Pena","21636",665161
"Jackson Merrill","SDP",143.413,607.362,556.232,149.634,92.7249,30.6696,4.10404,22.1359,77.3691,81.0383,39.8496,1.73624,118.849,3.58206,5.11183,2.58624,7.28257,7.84761,2.52793,0.269014,0.0656109,0.195681,0.335296,0.319236,0.458297,0.332916,0.777533,0.189283,4.80363,0.303309,0.905347,-0.353109,81.5581,9.79364,113.404,0.552238,4.2809,10.17408037185669,6.297332763671875,3.78834,70.23999786376953,1.90565,-0.153999,0.570629,1.90565,0.153999,4.23916,742.3,5.19090909,742.3,5.19090909,,,,,,,,,,,,,,,,,,,"Jackson Merrill","29490",701538
"Pete Crow-Armstrong","CHC",147.524,619.466,562.328,138.21,81.8952,28.3908,4.93864,22.9852,84.2194,78.5418,34.6169,1.80033,149.638,8.45704,5.80819,8.25608,4.13911,33.5005,7.68994,0.245781,0.0558818,0.241559,0.231338,0.296598,0.436459,0.31385,0.733057,0.190678,7.33204,0.291329,0.225327,2.73782,73.5946,0.399847,100.307,2.96315,9.0298,3.187777578830719,11.306405067443848,3.62796,28.709999084472656,2.58253,-0.330455,1.11667,2.58253,0.330455,3.5111,707.9,4.783108108,707.9,4.783108108,,,,,,,,,,,,,,,,,,,"Pete Crow-Armstrong","27769",691718
"Wyatt Langford","TEX",142.807,613.447,531.868,133.072,79.0169,27.5508,2.14072,24.3636,83.8037,74.3131,71.6126,2.8314,143.552,5.4177,4.00202,0.546659,7.29507,22.8034,5.41231,0.250198,0.116738,0.234009,0.498862,0.342801,0.447471,0.342128,0.790272,0.197273,5.63782,0.29544,-0.0791946,1.33276,86.9635,14.48,121.628,1.25357,1.43098,16.891255855560303,-2.976653575897217,3.58385,41.900001525878906,3.27765,-0.8549,0.58091,3.27765,0.8549,4.22545,791.7,5.536363636,791.7,5.536363636,,,,,,,,,,,,,,,,,,,"Wyatt Langford","33333",694671
"Shea Langeliers","ATH",128.443,526.016,478.475,121.251,66.1332,24.6794,1.24947,29.1892,69.587,76.1656,39.0286,1.13007,119.26,3.77623,4.13092,0.605633,7.79968,5.58072,1.49755,0.253412,0.0741965,0.226724,0.327255,0.312244,0.493229,0.342635,0.805473,0.239816,3.8342,0.275506,-0.151291,-0.208841,74.7856,12.6327,120.08,-0.360132,-2.61868,12.123807489871979,4.649203062057495,3.53752,53.47999954223633,1.66627,0.443706,0.710414,1.66627,-0.443706,4.05278,688,5.375,688,5.375,,,,,,,,,,,,,,,,,,,"Shea Langeliers","25816",669127
"Alex Bregman","CHC",148.788,641.379,562.637,142.493,91.2142,27.5996,1.16493,22.514,79.9594,79.3038,65.5218,1.74061,89.7928,7.99239,4.58763,0.640096,11.8449,2.26309,0.911623,0.253259,0.102158,0.14,0.7297,0.337121,0.426499,0.33276,0.76362,0.17324,2.88504,0.263737,-0.587077,-0.9967,86.0449,10.2611,113.297,-1.58378,1.29391,8.495869994163513,3.5900129079818726,3.45744,119.94999694824219,1.90055,0.571489,0.736197,1.90055,-0.571489,4.0184,758.3,5.089261744,758.3,5.089261744,,,,,,,,,,,,,,,,,,,"Alex Bregman","17678",608324
"Bryce Harper","PHI",140.171,606.017,522.471,142.233,83.685,31.6747,0.571219,26.3021,82.5255,84.2318,74.3693,7.57938,129.122,4.58647,4.21627,0.373596,9.87295,9.44678,3.39893,0.272231,0.122718,0.213067,0.57596,0.365213,0.486067,0.363654,0.85128,0.213836,3.62209,0.312261,0.323455,-0.526231,96.5017,24.8961,133.089,-0.202776,0.781929,23.56387935578823,-10.124813675880432,3.43784,51.04999923706055,1.90777,-1.83458,0.566987,1.90777,1.83458,4.24402,861.8,6.155714285,861.8,6.155714285,,,,,,,,,,,,,,,,,,,"Bryce Harper","11579",547180
"Alejandro Kirk","TOR",122.307,483.865,427.671,114.29,79.25,19.4922,0.241485,15.3064,52.288,63.3415,47.1697,1.7354,60.3962,3.59423,5.21334,0.217209,12.2213,0.856719,0.161569,0.267239,0.0974852,0.12482,0.781004,0.341269,0.421316,0.331833,0.762585,0.154077,1.73523,0.277124,-1.37259,-0.741675,64.5494,7.37705,113.735,-2.11427,1.93803,5.718674421310425,10.492876052856445,3.36254,160.57000732421875,2.19499,0.414853,0.813872,2.19499,-0.414853,3.91484,561.4,4.601639344,561.4,4.601639344,,,,,,,,,,,,,,,,,,,"Alejandro Kirk","22581",672386
"Matt Chapman","SFG",145.435,612.774,531.877,126.399,73.3215,27.6015,2.0689,23.4073,80.9744,73.6985,70.1226,1.13891,151.371,6.69837,3.88772,0.188408,8.04666,8.73882,2.62306,0.237647,0.114435,0.247026,0.46325,0.331742,0.429348,0.33161,0.76109,0.191701,4.39654,0.285307,-0.209669,-0.310097,81.6354,9.23138,112.507,-0.519767,1.31085,8.538285493850708,3.5552130937576294,3.35917,177.24000549316406,2.44068,-0.926026,0.722693,2.44068,0.926026,4.03641,722.1,4.98,722.1,4.98,,,,,,,,,,,,,,,,,,,"Matt Chapman","16505",656305
"Willy Adames","SFG",151.842,649.386,570.135,131.872,77.6923,26.3845,1.20662,26.5885,83.5863,83.9857,69.7196,1.80637,165.449,3.75031,5.58838,0.192379,7.71223,11.3151,3.43308,0.231299,0.107362,0.254777,0.421397,0.316303,0.421716,0.320273,0.738019,0.190416,4.30172,0.274399,-0.0412151,-0.128881,80.5356,3.80562,104.719,-0.170096,-0.329297,3.4518383741378784,6.700435042381287,3.28733,133.86000061035156,3.01023,0.171696,1.09918,3.01023,-0.171696,3.53443,738.6,4.859210526,738.6,4.859210526,,,,,,,,,,,,,,,,,,,"Willy Adames","15986",642715
"Maikel Garcia","KCR",150.056,640.153,577.03,154.687,106.831,31.5341,4.12013,12.2019,82.8566,64.9899,53.2161,0.415084,95.0887,1.60861,5.24187,3.05676,11.232,26.1874,6.8075,0.268074,0.0831303,0.148541,0.559647,0.328854,0.400442,0.318539,0.729295,0.132368,6.13451,0.29998,0.466128,1.38523,78.4891,2.85006,103.528,1.85136,3.45446,4.52034318447113,5.8676300048828125,3.27948,71.76000213623047,2.57859,-0.817072,1.08564,2.57859,0.817072,3.55248,714.2,4.761333333,714.2,4.761333333,,,,,,,,,,,,,,,,,,,"Maikel Garcia","22715",672580
"Gabriel Moreno","ARI",112.14,440.63,392.324,107.96,75.7777,20.3869,1.15907,10.636,52.7807,54.148,41.3725,2.04454,76.2674,3.34716,3.35173,0.234048,9.59094,4.32488,1.6762,0.27518,0.093894,0.173087,0.542467,0.346687,0.414384,0.331945,0.761071,0.139204,3.512,0.315195,0.236601,-0.603442,58.8215,6.7577,111.994,-0.366842,3.67649,5.896678656339645,11.451772928237915,3.27485,177.52000427246094,1.13315,0.891842,0.955404,1.13315,-0.891842,3.72613,513.9,4.588392857,513.9,4.588392857,,,,,,,,,,,,,,,,,,,"Gabriel Moreno","22664",672515
"Nick Kurtz","ATH",141.946,576.766,514.425,134.947,69.268,26.3972,1.64234,37.6391,94.0532,95.012,54.4804,3.55391,176.877,3.61579,3.66325,0.581622,7.0892,3.08456,1.00793,0.262325,0.0944585,0.30667,0.308014,0.335037,0.539526,0.368972,0.874563,0.277201,3.85505,0.320542,0.0339258,-0.613209,94.3339,26.1846,138.172,-0.579283,-2.69498,25.442157328128815,-13.896526575088501,3.17843,19.139999389648438,3.29974,0.434801,1.31851,3.29974,-0.434801,3.24199,862.9,6.076760563,862.9,6.076760563,,,,,,,,,,,,,,,,,,,"Nick Kurtz","35110",701762
"Adley Rutschman","BAL",138.828,564.1,495.261,123.478,80.2563,25.3993,1.04938,16.7733,64.7029,64.1964,60.6497,1.81299,89.739,2.9096,4.76109,0.517911,9.93251,0.865036,0.29924,0.24932,0.107516,0.159084,0.675846,0.331873,0.406445,0.322623,0.738318,0.157125,2.36878,0.271162,-0.345486,-0.886992,71.035,4.38228,108.231,-1.23248,1.17728,4.2402507066726685,6.922824740409851,3.12856,157.3800048828125,2.71721,-0.970068,0.398446,2.71721,0.970068,4.46874,625.7,4.501438848,625.7,4.501438848,,,,,,,,,,,,,,,,,,,"Adley Rutschman","26288",668939
"Byron Buxton","MIN",120.679,519.734,466.682,116.113,60.4407,24.7582,3.75425,27.1596,78.2192,72.0974,40.4087,2.50389,141.155,8.18029,3.9097,0.553387,3.91862,15.4043,2.32966,0.248805,0.0777489,0.271591,0.286272,0.317234,0.492538,0.343989,0.809772,0.243733,6.62208,0.294277,0.609603,1.42358,74.4639,13.0533,120.747,2.03319,-1.85706,14.742142915725708,-2.229526787996292,3.1104,71.76000213623047,2.66744,4.43541,0.452098,2.66744,-4.43541,4.3972,698.6,5.773553719,698.6,5.773553719,,,,,,,,,,,,,,,,,,,"Byron Buxton","14161",621439
"Dansby Swanson","CHC",153.48,628.149,567.656,136.926,88.5315,24.6197,1.96929,21.8055,77.6145,74.8768,52.5285,1.04681,158.902,3.20636,3.87797,0.879867,8.71603,15.6989,3.72466,0.241213,0.0836243,0.252969,0.330571,0.307142,0.406762,0.31044,0.713904,0.165549,5.05201,0.294557,0.472056,0.668973,72.8869,-1.33375,97.9642,1.14103,2.39795,-0.37039363384246826,9.503515481948853,3.10952,155.24000549316406,3.48082,-0.623227,0.58076,3.48082,0.623227,4.22565,677.1,4.425490196,677.1,4.425490196,,,,,,,,,,,,,,,,,,,"Dansby Swanson","18314",621020
"Bo Bichette","NYM",139.179,607.973,561.925,160.131,111.287,29.9723,1.58008,17.2917,74.8002,76.8803,38.4436,1.18871,99.4625,3.49132,3.60991,0.503199,13.7208,5.44491,2.26098,0.284969,0.0632325,0.163597,0.386513,0.332636,0.436249,0.33275,0.768885,0.151279,3.53459,0.318284,0.275328,-0.840605,81.5585,9.72181,113.29,-0.565277,0.348507,8.984558761119843,0.7140952348709106,3.09752,101.4800033569336,2.25099,-0.708501,1.1044,2.25099,0.708501,3.52746,719.1,5.173381294,719.1,5.173381294,,,,,,,,,,,,,,,,,,,"Bo Bichette","19612",666182
"Jacob Wilson","ATH",136.281,565.066,521.862,153.048,112.135,29.1488,1.35264,10.4116,70.4355,62.972,30.8911,0.731624,50.0343,6.86923,3.00931,2.43444,15.4655,5.65795,1.819,0.293272,0.0546681,0.0885459,0.617399,0.339135,0.414164,0.32855,0.753299,0.120892,3.86828,0.307124,-0.0382615,-0.598048,73.8758,7.10887,110.405,-0.63631,-1.67884,6.312722623348236,4.487058877944946,3.0616,193.0500030517578,2.30601,0.117005,1.46171,2.30601,-0.117005,3.05106,638.4,4.694117647,638.4,4.694117647,,,,,,,,,,,,,,,,,,,"Jacob Wilson","33266",805779
"Austin Riley","ATL",145.967,626.01,567.691,146.321,88.002,28.5237,2.12422,27.6715,81.3046,85.4196,46.3261,0.992835,163.311,7.08005,4.44595,0.467293,9.52968,2.42733,0.859078,0.257748,0.0740021,0.260876,0.283668,0.319287,0.461709,0.33555,0.780996,0.203961,3.33939,0.311291,-0.0946865,-0.793317,85.4011,11.4331,114.977,-0.888004,-3.03525,10.223896443843842,-1.1581064462661743,3.05846,73.66999816894531,2.94039,-1.24448,0.890469,2.94039,1.24448,3.81271,768.3,5.262328767,768.3,5.262328767,,,,,,,,,,,,,,,,,,,"Austin Riley","18360",663586
"Freddie Freeman","LAD",143.1,618.031,540.463,150.362,93.309,33.1137,1.77559,22.1641,83.7355,84.1546,64.5441,7.5785,114.607,7.8664,4.91807,0.239482,10.3539,7.69828,2.13152,0.278211,0.104435,0.18544,0.563176,0.360596,0.469079,0.355344,0.829675,0.190869,4.17837,0.313743,-0.780111,-0.377234,94.2449,21.2199,128.811,-1.15734,0.136851,19.887701630592346,-10.9523114413023,3.05425,71.86000061035156,2.76325,-0.0405932,0.793318,2.76325,0.0405932,3.94224,842.5,5.891608391,842.5,5.891608391,,,,,,,,,,,,,,,,,,,"Freddie Freeman","5361",518692
"Jordan Westburg","BAL",132.63,565.457,518.565,135.375,83.0722,26.5648,3.03474,22.7031,77.3288,72.2684,36.0345,0.130236,127.253,7.44295,2.69611,0.718301,7.9872,5.49587,2.13953,0.261056,0.0637263,0.225045,0.283172,0.316699,0.45533,0.332668,0.772029,0.194274,4.74914,0.303448,0.212909,-0.61158,75.8174,9.00422,115.151,-0.398671,-0.879091,9.698619902133942,0.6030399203300476,3.04521,123.76000213623047,2.54301,-0.863554,0.49692,2.54301,0.863554,4.33744,681.5,5.12406015,681.5,5.12406015,,,,,,,,,,,,,,,,,,,"Jordan Westburg","27815",676059
"Jazz Chisholm Jr.","NYY",141.442,589.395,522.96,124.619,74.9905,19.1978,2.29672,28.1342,80.0652,77.2235,56.505,1.97806,156.652,5.13963,3.72425,1.06614,6.30281,32.5212,7.9618,0.238296,0.0958696,0.265784,0.360705,0.316598,0.445184,0.328444,0.761782,0.206888,6.22272,0.282204,0.0643676,2.35479,77.0054,7.36388,110.332,2.41916,-1.67996,9.616317987442017,0.10136568546295166,3.03514,22.190000534057617,1.86859,0.808046,1.21404,1.86859,-0.808046,3.38128,733,5.19858156,733,5.19858156,,,,,,,,,,,,,,,,,,,"Jazz Chisholm Jr.","20454",665862
"Rafael Devers","SFG",151.473,656.095,562.372,142.627,82.4191,28.4183,1.0578,30.7321,88.4526,91.926,83.0967,9.96642,161.055,6.0056,4.08089,0.539936,11.4253,2.04251,0.866314,0.253617,0.126653,0.245476,0.515951,0.353486,0.471854,0.352393,0.82534,0.218237,2.71812,0.298654,-0.52639,-1.0128,98.4773,20.9546,126.783,-1.53919,0.715363,19.22984778881073,-12.021869957447052,3.00932,56.7599983215332,1.70192,0.51565,1.15494,1.70192,-0.51565,3.46008,885.1,5.861589403,885.1,5.861589403,,,,,,,,,,,,,,,,,,,"Rafael Devers","17350",646240
"Yainer Diaz","HOU",133.818,529.397,498.938,134.09,88.3187,24.2056,1.44801,20.1173,58.906,69.1665,22.6517,1.10996,91.4591,3.01123,4.24244,0.553006,11.7649,1.09106,0.443789,0.26875,0.0427877,0.172761,0.24767,0.302079,0.444029,0.319457,0.746107,0.175279,2.49324,0.291039,0.0956922,-0.708669,65.3039,2.75161,105.181,-0.612977,-0.779348,2.619750201702118,7.663982331752777,2.91639,112.0999984741211,1.5747,0.167133,0.829841,1.5747,-0.167133,3.89355,594.6,4.437313432,594.6,4.437313432,,,,,,,,,,,,,,,,,,,"Yainer Diaz","23003",673237
"Riley Greene","DET",148.317,629.43,564.756,145.129,87.2192,27.1039,3.01376,27.7921,82.0331,88.5164,55.9362,1.87193,176.37,4.57465,3.97953,0.184011,9.43749,3.63359,1.21331,0.256977,0.088868,0.280206,0.317152,0.326804,0.463274,0.339482,0.790078,0.206298,4.01986,0.321847,-0.100938,-0.733062,87.8774,13.5054,118.15,-0.834,1.64236,12.630545258522034,-5.814836144447327,2.91383,81.66999816894531,2.77788,1.07428,0.88997,2.77788,-1.07428,3.81337,793.4,5.36081081,793.4,5.36081081,,,,,,,,,,,,,,,,,,,"Riley Greene","25976",682985
"Roman Anthony","BOS",138.547,598.872,515.956,136.833,86.0776,30.0566,2.47454,18.2244,83.7735,66.4492,73.4722,1.06089,150.614,4.88376,3.58344,0.976193,9.83555,10.6276,3.09111,0.265203,0.122684,0.251496,0.487819,0.359911,0.439014,0.348897,0.798924,0.173811,4.84456,0.338204,0.0908377,-0.218875,88.1889,17.4275,120.69,-0.128037,1.16899,14.47589436173439,-6.670613765716553,2.90746,54.290000915527344,2.82328,0.190214,0.561561,2.82328,-0.190214,4.25125,765.3,5.505755395,765.3,5.505755395,,,,,,,,,,,,,,,,,,,"Roman Anthony","31812",701350
"Brice Turang","MIL",149.505,635.963,568.753,146.079,102.907,25.2745,2.72475,15.1725,80.0395,67.1663,57.852,1.11957,132.502,2.1518,4.03844,3.16832,8.28609,29.5745,6.233,0.256841,0.0909675,0.208348,0.436614,0.32567,0.390891,0.314182,0.716562,0.13405,5.99701,0.30793,0.0252669,2.29429,75.726,0.58207,101.565,2.31956,0.638298,3.4990259408950806,3.382619082927704,2.86887,56,1.58083,0.840588,1.02781,1.58083,-0.840588,3.62958,699.4,4.662666666,699.4,4.662666666,,,,,,,,,,,,,,,,,,,"Brice Turang","22186",668930
"Kyle Schwarber","PHI",150.118,657.414,548.97,126.332,63.9313,19.8973,0.9684,41.5353,97.6875,104.29,97.0795,4.27944,184.518,7.19426,3.60479,0.565329,7.1454,6.32777,1.95732,0.230126,0.147669,0.280672,0.526126,0.35108,0.496881,0.362948,0.84796,0.266754,3.62788,0.259698,-1.31785,-0.618186,104.309,26.6306,132.606,-1.93603,-1.30255,23.469311594963074,-17.329872846603394,2.86595,25.329999923706055,1.90554,0.135116,1.96991,1.90554,-0.135116,2.37345,932.9,6.219333333,932.9,6.219333333,,,,,,,,,,,,,,,,,,,"Kyle Schwarber","16478",656941
"Brendan Donovan","SEA",127.773,548.16,487.211,130.006,90.6785,26.1478,0.910962,12.2683,62.2744,55.8919,46.7312,1.91985,76.135,9.08575,3.4495,1.6825,9.02437,4.61801,2.24684,0.266836,0.0852511,0.138892,0.613794,0.340037,0.399786,0.324553,0.739823,0.13295,3.09836,0.292691,-0.0901214,-0.95096,69.8867,5.11731,114.648,-1.04108,-0.650505,8.422477722167969,0.6311730146408081,2.85661,322.8999938964844,4.05579,-0.856578,0.728946,4.05579,0.856578,4.02807,606.8,4.740625,606.8,4.740625,,,,,,,,,,,,,,,,,,,"Brendan Donovan","24679",680977
"Matt Olson","ATL",153.395,666.004,576.365,142.609,82.1326,29.9815,1.02381,29.4714,88.2147,92.1734,79.4018,3.7412,159.671,5.37872,4.3148,0.543657,11.0957,1.00477,0.264714,0.247429,0.119221,0.239745,0.497283,0.341703,0.456399,0.344375,0.798102,0.20897,2.49615,0.288958,-0.84796,-0.984659,95.6291,16.9356,121.022,-1.83262,2.7874,14.761168599128723,-9.048628330230713,2.85152,50.56999969482422,2.71802,-0.355729,1.24348,2.71802,0.355729,3.34202,844,5.516339869,844,5.516339869,,,,,,,,,,,,,,,,,,,"Matt Olson","14344",621566
"Pete Alonso","BAL",152.903,654.513,575.787,145.246,80.7884,27.3802,1.07661,36.0013,84.9825,103.305,59.9009,4.40612,150.11,12.766,5.85326,0.205583,12.134,1.8507,0.883987,0.252257,0.0915198,0.229346,0.399046,0.333044,0.491125,0.351154,0.82417,0.238868,2.65287,0.2762,-1.16871,-0.975842,97.5816,20.2459,127.885,-2.14455,-1.67284,19.366530656814575,-14.054732918739319,2.84829,26.139999389648438,2.58146,-0.610067,1.46662,2.58146,0.610067,3.0445,878.4,5.74117647,878.4,5.74117647,,,,,,,,,,,,,,,,,,,"Pete Alonso","19251",624413
"Manny Machado","SDP",145.502,623.311,565.621,148.301,94.9887,26.7535,0.4736,26.085,77.6437,87.4065,50.6451,3.76546,120.703,2.42698,4.40963,0.208595,12.2016,9.46603,2.58165,0.262191,0.0812516,0.193648,0.419585,0.323178,0.449518,0.331608,0.772695,0.187326,3.77281,0.28876,-0.581418,-0.116616,83.0383,9.38929,112.506,-0.698034,-1.53659,8.514949202537537,-1.9953272342681885,2.82538,39.86000061035156,2.55184,0.447757,0.547272,2.55184,-0.447757,4.2703,753.2,5.158904109,753.2,5.158904109,,,,,,,,,,,,,,,,,,,"Manny Machado","11493",592518
"Gleyber Torres","DET",148.635,639.179,557.171,143.281,99.0896,25.9677,0.821399,17.4024,79.2577,68.5462,71.3137,0.293507,110.14,3.96699,5.49423,1.23332,10.5227,5.5019,2.43425,0.257158,0.111571,0.172315,0.647481,0.342602,0.400413,0.327261,0.743015,0.143255,3.18144,0.289295,-0.656147,-1.04569,82.8962,7.37228,109.731,-1.70183,-2.48354,5.628990292549133,-0.189788818359375,2.80732,253.57000732421875,2.69377,-0.831651,0.516351,2.69377,0.831651,4.31153,715.5,4.802013422,715.5,4.802013422,,,,,,,,,,,,,,,,,,,"Gleyber Torres","16997",650402
"Andy Pages","LAD",142.048,582.41,532.368,136.033,83.2174,28.4058,1.6763,22.7338,73.7333,77.0747,35.6458,0.641544,129.007,8.4686,5.02706,0.901026,7.19806,10.0257,3.62779,0.255525,0.0612039,0.221506,0.276308,0.309793,0.443289,0.324151,0.753083,0.187764,4.63899,0.293786,0.280654,-0.316875,74.063,5.24671,107.383,-0.0362205,1.08613,5.045752551406622,2.6735180616378784,2.80649,143.57000732421875,2.28373,-2.63027,0.278527,2.28373,2.63027,4.62863,678.2,4.776056338,678.2,4.776056338,,,,,,,,,,,,,,,,,,,"Andy Pages","24816",681624
"Masyn Winn","STL",144.382,610.953,557.843,139.592,95.9871,28.2716,2.45586,12.8779,71.8786,60.4827,40.9494,0.1594,110.716,5.03821,4.50611,2.6165,8.32887,13.625,3.72297,0.250236,0.0670254,0.181219,0.36986,0.305061,0.378976,0.299364,0.684037,0.12874,5.00295,0.288804,0.528349,0.264156,65.3977,-6.79113,90.3559,0.792504,5.8994,-6.171434283256531,12.583745002746582,2.77161,281.3800048828125,3.07923,0.383514,0.481232,3.07923,-0.383514,4.35836,594.2,4.126388888,594.2,4.126388888,,,,,,,,,,,,,,,,,,,"Masyn Winn","27479",691026
"Brent Rooker","ATH",149.843,640.531,569.481,150.364,85.023,30.7153,1.72776,32.8975,87.056,95.7367,60.5067,2.81715,162.817,6.42745,3.89736,0.218418,8.57907,6.3445,1.77221,0.264036,0.0944633,0.254191,0.371623,0.339362,0.497342,0.357297,0.836704,0.233306,3.9324,0.311033,-0.428742,-0.441424,98.6914,23.0078,130.152,-0.870167,-1.62152,21.956432461738586,-16.73728322982788,2.75195,52.619998931884766,1.65088,-0.597063,0.981081,1.65088,0.597063,3.69189,889.3,5.928666666,889.3,5.928666666,,,,,,,,,,,,,,,,,,,"Brent Rooker","19627",667670
"Carlos Correa","HOU",130.174,550.427,494.287,130.098,89.0303,24.2903,0.794541,15.9831,65.0679,63.5732,49.244,1.79,108.662,3.15361,3.54466,0.197786,12.5291,0.278415,0.139828,0.263204,0.089465,0.197414,0.453186,0.331672,0.412568,0.324348,0.74424,0.149364,1.91472,0.305786,0.00437477,-0.923423,70.0838,5.0466,108.55,-0.919048,1.20435,4.627776741981506,3.3124136924743652,2.75067,281.4800109863281,1.84322,0.29428,0.664262,1.84322,-0.29428,4.11432,615.7,4.736153846,615.7,4.736153846,,,,,,,,,,,,,,,,,,,"Carlos Correa","14162",621043
"Nico Hoerner","CHC",145.819,605.139,553.245,153.552,117.373,26.5732,2.98105,6.62544,73.6207,55.449,38.3289,0.991088,56.5241,8.97515,3.9045,0.685073,9.66793,25.926,6.28322,0.277548,0.0633391,0.0934068,0.678099,0.332294,0.372283,0.310477,0.704578,0.0947349,5.94591,0.297423,0.535585,1.5315,70.235,-1.26677,97.9895,2.06709,3.41321,0.6291472911834717,5.758253812789917,2.74892,112.43000030517578,2.66877,0.0480551,1.51169,2.66877,-0.0480551,2.98441,644.2,4.412328767,644.2,4.412328767,,,,,,,,,,,,,,,,,,,"Nico Hoerner","21479",663538
"Jackson Chourio","MIL",144.982,629.221,580.275,155.89,95.4171,33.5971,3.66634,23.2098,86.2407,83.5143,39.0506,2.3049,127.433,3.74656,4.6882,1.46078,8.96289,23.6208,6.50197,0.268649,0.0620619,0.202525,0.30644,0.316502,0.459178,0.331709,0.775681,0.190529,6.1817,0.30549,0.865481,1.16427,83.8772,9.52991,113.571,2.02975,-0.498156,12.150722026824951,-7.017841041088104,2.667,20.860000610351562,1.61859,-0.934283,0.357586,1.61859,0.934283,4.52322,786.2,5.422068965,786.2,5.422068965,,,,,,,,,,,,,,,,,,,"Jackson Chourio","28806",694192
"Xander Bogaerts","SDP",137.28,566.971,510.561,134.798,95.9116,24.8435,1.1806,12.8625,66.4229,59.0773,45.705,1.58866,99.4456,4.41813,5.491,0.795734,11.379,16.4955,3.80079,0.26402,0.0806126,0.175398,0.459598,0.326615,0.392883,0.314405,0.719498,0.128863,4.81544,0.302013,0.171303,0.789034,67.6135,0.62148,100.688,0.960337,-1.08973,1.4214444160461426,5.265809535980225,2.64744,242.3300018310547,3.1404,-0.45607,0.71236,3.1404,0.45607,4.05019,614.6,4.486131386,614.6,4.486131386,,,,,,,,,,,,,,,,,,,"Xander Bogaerts","12161",593428
"Luke Keaschall","MIN",125.536,533.907,469.068,125.157,85.8423,26.5894,1.67203,11.0534,69.2806,55.2281,49.0896,0.966,91.6402,10.5376,4.60823,0.603684,8.4224,23.7889,5.89636,0.266821,0.091944,0.171641,0.535677,0.34649,0.40133,0.328914,0.74782,0.134509,5.71372,0.307572,-0.493403,1.38916,69.9598,6.87451,110.362,0.895756,-1.30353,7.416486442089081,0.052570462226867676,2.6443,135.9499969482422,2.25461,0.561739,1.08931,2.25461,-0.561739,3.54759,632.9,5.023015873,632.9,5.023015873,,,,,,,,,,,,,,,,,,,"Luke Keaschall","33321",807712
"CJ Abrams","WSN",140.161,610.312,553.216,137.179,86.6757,29.1397,3.78605,17.5774,80.4325,64.2538,38.6067,1.61064,117.718,12.8407,3.87858,1.76967,6.79419,29.7312,7.05453,0.247966,0.0632573,0.192882,0.327958,0.309964,0.409646,0.312443,0.71961,0.16168,6.77662,0.283551,0.569983,2.15608,71.8098,-0.303228,99.6388,2.72607,-3.44378,2.464823544025421,2.5644938945770264,2.59204,55.810001373291016,2.10166,-0.0144938,1.06892,2.10166,0.0144938,3.57477,683.7,4.883571428,683.7,4.883571428,,,,,,,,,,,,,,,,,,,"CJ Abrams","25768",682928
"Michael Harris II","ATL",137.884,567.321,531.886,141.007,91.7621,26.5466,3.16481,19.5332,68.386,70.2339,24.7662,1.54332,110.294,4.38826,4.13829,2.14221,8.43758,17.8161,4.97667,0.265107,0.0436546,0.194413,0.224546,0.301075,0.437091,0.316242,0.738167,0.171984,5.55338,0.299051,0.529756,0.737134,68.501,1.46773,101.75,1.26689,1.83122,2.4434949159622192,3.9590630531311035,2.5862,99.86000061035156,3.00478,-0.904393,0.428952,3.00478,0.904393,4.42806,648.2,4.697101449,648.2,4.697101449,,,,,,,,,,,,,,,,,,,"Michael Harris II","25931",671739
"J.T. Realmuto","PHI",119.559,469,427.557,107.958,71.3701,20.7289,2.14156,13.7172,54.5951,53.0405,30.6933,0.912977,113.074,7.23894,3.01541,0.495284,8.14935,6.6385,2.08634,0.252499,0.0654441,0.241095,0.271445,0.311395,0.407248,0.312431,0.718643,0.154748,4.62816,0.310225,-0.203177,-0.242242,55.1785,-0.237492,98.0002,-0.445419,1.90024,-1.5570264756679535,11.125484585762024,2.57543,217.3300018310547,2.18703,0.199785,0.432339,2.18703,-0.199785,4.42355,502.4,4.186666666,502.4,4.186666666,,,,,,,,,,,,,,,,,,,"J.T. Realmuto","11739",592663
"Michael Busch","CHC",140.071,583.621,512.777,127.707,71.3428,25.1842,2.54736,28.6322,77.4464,78.6543,59.2396,1.48683,146.294,7.61772,3.3501,0.636247,7.02821,3.48703,0.824557,0.249049,0.101504,0.250666,0.404935,0.333738,0.47561,0.347879,0.809348,0.226561,3.83095,0.29037,-0.698355,-0.542801,85.4605,16.5012,123.683,-1.24116,0.284346,15.094972133636475,-10.625316768884659,2.4782,108.23999786376953,1.63044,0.119457,0.823544,1.63044,-0.119457,3.90194,769.9,5.499285714,769.9,5.499285714,,,,,,,,,,,,,,,,,,,"Michael Busch","26319",683737
"Drake Baldwin","ATL",130.599,516.621,463.763,120.167,77.9877,21.4487,0.972455,19.7582,61.1315,74.3782,45.9916,0.641897,90.5914,4.3362,2.30836,0.222497,10.6529,0.725546,0.190786,0.259113,0.0890237,0.175353,0.507682,0.330161,0.437368,0.333404,0.767529,0.178255,2.33084,0.282268,-0.256741,-0.77588,69.5783,8.5355,113.507,-1.03262,-2.33532,7.237770438194275,-0.42067182064056396,2.45603,90.62000274658203,2.91169,-0.215385,0.694713,2.91169,0.215385,4.07372,614.5,4.690839694,614.5,4.690839694,,,,,,,,,,,,,,,,,,,"Drake Baldwin","31539",686948
"J.P. Crawford","SEA",143.63,597.065,517.474,124.539,88.6271,23.9337,0.885774,11.0926,64.6575,54.7963,68.0937,0.75195,115.547,4.8405,3.22121,3.43504,10.288,5.60001,1.30676,0.240667,0.114047,0.193525,0.589317,0.332654,0.35465,0.307372,0.687304,0.113983,3.31323,0.287894,-0.275785,-0.476752,67.793,-2.75481,102.813,-0.752537,-4.47963,1.2266558408737183,2.1699166297912598,2.45003,999,3.056,0.685862,0.281164,3.056,-0.685862,4.62511,589.3,4.092361111,589.3,4.092361111,,,,,,,,,,,,,,,,,,,"J.P. Crawford","15491",641487
"Oneil Cruz","PIT",126.602,528.34,465.635,110.432,64.4086,21.9085,2.95722,21.1574,68.7199,64.2035,54.5831,3.26017,158.111,3.65809,3.99676,0.466618,5.75152,27.7044,5.55604,0.237164,0.103311,0.29926,0.34522,0.319533,0.433229,0.324402,0.752762,0.196066,6.42824,0.307457,-0.0148943,2.47741,67.2946,4.86719,105.927,2.46252,-1.66437,6.1740334033966064,0.08637475967407227,2.43897,87,2.85606,1.12391,1.04718,2.85606,-1.12391,3.60377,641.7,5.052755905,641.7,5.052755905,,,,,,,,,,,,,,,,,,,"Oneil Cruz","21711",665833
"Seiya Suzuki","CHC",141.188,605.004,531.529,135.409,80.2308,26.2242,3.21893,25.7351,76.1898,84.5171,64.7757,1.84429,152.1,3.26104,5.18078,0.257063,8.11299,7.50967,2.98996,0.254754,0.107067,0.251404,0.425875,0.336415,0.461455,0.343392,0.79787,0.206701,4.39363,0.305605,-0.348135,-0.689146,86.3873,14.9014,120.6,-1.03728,-3.11967,13.693026542663574,-10.430861711502075,2.42871,98.19000244140625,1.88714,-0.538613,0.598589,1.88714,0.538613,4.20188,771.7,5.473049645,771.7,5.473049645,,,,,,,,,,,,,,,,,,,"Seiya Suzuki","30116",673548
"Steven Kwan","CLE",147.295,645.573,576.679,156.803,118.554,26.6925,2.75491,8.80164,80.6315,54.418,57.6417,1.25749,58.8478,4.39853,4.07605,2.77759,9.38946,17.7805,4.67737,0.271907,0.0892877,0.091156,0.979504,0.340456,0.373536,0.315637,0.713991,0.101629,5.08575,0.288442,0.669212,0.456706,77.6327,1.35336,103.159,1.12592,4.80731,3.529526472091675,-2.011903762817383,2.42861,173.24000549316406,2.76576,-0.510489,1.20373,2.76576,0.510489,3.39503,688.4,4.682993197,688.4,4.682993197,,,,,,,,,,,,,,,,,,,"Steven Kwan","24610",680757
"Taylor Ward","BAL",148.651,628.437,551.528,133.511,79.0856,25.5153,1.75482,27.1554,79.2094,83.4004,65.0243,0.457122,153.229,5.64498,5.74601,0.493624,9.32453,4.59995,1.65067,0.242075,0.10347,0.243826,0.424359,0.325157,0.442412,0.332375,0.767569,0.200337,3.6172,0.282194,-0.674895,-0.741605,84.1121,9.85745,114.949,-1.4165,-0.727517,9.655769348144531,-7.6094953417778015,2.42236,161.9499969482422,1.76536,-0.948914,0.913618,1.76536,0.948914,3.78184,755.9,5.073154362,755.9,5.073154362,,,,,,,,,,,,,,,,,,,"Taylor Ward","17548",621493
"James Wood","WSN",145.625,630.72,549.862,141.992,85.3365,30.5823,2.00036,24.0733,82.8342,79.6255,73.4547,4.76004,186.538,3.44049,3.34521,0.617152,9.43941,15.6864,5.65668,0.258233,0.116462,0.295754,0.393779,0.347384,0.452468,0.345076,0.799852,0.194236,4.88546,0.344193,0.592931,-0.218806,90.9221,16.3977,121.994,0.374126,-1.79924,16.815171539783478,-14.208258032798767,2.41367,30.100000381469727,2.27461,-0.189426,0.233346,2.27461,0.189426,4.68887,813.7,5.573287671,813.7,5.573287671,,,,,,,,,,,,,,,,,,,"James Wood","29518",695578
"Max Muncy","LAD",112.754,459.018,381.327,84.6427,45.9262,15.7633,1.12151,21.8317,61.3365,64.5997,66.6671,2.37391,112.212,6.15192,4.67508,0.196823,4.89725,3.08605,0.596115,0.221969,0.145239,0.244461,0.594117,0.343188,0.440945,0.340497,0.784133,0.218976,3.65494,0.249292,-0.924375,-0.395155,64.4633,10.2268,118.611,-1.31953,-2.22168,8.77748155593872,-0.7980233430862427,2.40584,257,3.74355,0.892465,0.661292,3.74355,-0.892465,4.11828,575.8,5.095575221,575.8,5.095575221,,,,,,,,,,,,,,,,,,,"Max Muncy","13301",571970
"Cody Bellinger","NYY",138.563,594.783,535.376,137.748,87.9915,24.3817,2.86136,22.5132,76.7585,79.6355,49.1306,2.84883,89.2245,3.15058,6.9432,0.182741,7.48732,11.1914,2.70472,0.257292,0.0826026,0.150012,0.55064,0.319591,0.439676,0.325896,0.759268,0.182384,4.97398,0.267626,-0.0521586,0.223423,76.4791,6.20092,108.582,0.171264,2.26622,6.203940764069557,-2.8366024494171143,2.40407,77.80999755859375,2.29104,-0.861149,0.289339,2.29104,0.861149,4.61421,709.2,5.102158273,709.2,5.102158273,,,,,,,,,,,,,,,,,,,"Cody Bellinger","15998",641355
"Jose Altuve","HOU",137.814,594.905,535.638,140.857,94.5409,25.4964,0.907345,19.9125,77.4108,69.2811,49.7174,2.38497,101.848,5.16984,3.57871,0.800982,11.8024,11.7245,3.68349,0.262971,0.0835719,0.171201,0.48815,0.329478,0.425484,0.327544,0.754963,0.162514,4.18649,0.289719,-0.338276,-0.134294,77.291,6.99834,110.752,-0.47257,-3.50139,7.066424250602722,-4.399358808994293,2.36779,121.70999908447266,2.85308,0.402517,0.298453,2.85308,-0.402517,4.60206,696.4,5.046376811,696.4,5.046376811,,,,,,,,,,,,,,,,,,,"Jose Altuve","5417",514888
"Ezequiel Tovar","COL",147.57,629.642,585.414,153.447,95.8986,33.9202,3.58919,20.0387,78.6497,71.0874,30.5901,0.259977,156.57,3.7291,4.38349,5.52461,7.87477,8.55102,3.44259,0.262116,0.0485833,0.248665,0.195376,0.30085,0.43501,0.316205,0.73586,0.172894,4.98313,0.322874,0.635789,-0.557537,76.0072,1.6102,88.5427,0.0782519,3.81839,-8.471795946359634,10.650349617004395,2.36617,208.19000244140625,3.5699,0.361359,0.406572,3.5699,-0.361359,4.4579,694.9,4.69527027,694.9,4.69527027,,,,,,,,,,,,,,,,,,,"Ezequiel Tovar","24064",678662
"Yandy Díaz","TBR",141.886,614.692,547.672,157.91,110.466,27.3942,0.834906,19.2143,73.2271,74.2951,56.8505,1.77439,91.4267,5.66406,3.87961,0.625465,14.8236,1.85071,0.890544,0.288329,0.0924862,0.148736,0.621815,0.358958,0.446648,0.350188,0.805606,0.158319,2.29226,0.314565,-0.586194,-1.1248,91.1624,18.5318,125.269,-1.71099,-0.202957,16.64690601825714,-14.447153374552727,2.35355,133.2899932861328,2.97188,-0.0611164,1.24953,2.97188,0.0611164,3.33396,789.4,5.559154929,789.4,5.559154929,,,,,,,,,,,,,,,,,,,"Yandy Diaz","16578",650490
"Tyler Soderstrom","ATH",140.003,584.968,524.862,134.024,81.0625,27.4805,1.37764,24.1038,71.8595,78.5447,50.2488,2.17695,137.74,5.93518,3.73437,0.18825,12.4665,5.32462,1.89501,0.255352,0.0859,0.235466,0.364808,0.325265,0.450731,0.334281,0.775996,0.195379,3.51287,0.299714,-0.119231,-0.602801,79.1996,10.081,114.342,-0.722031,0.840571,9.193531155586243,-6.001142084598541,2.35219,91.94999694824219,2.29896,0.639244,0.542438,2.29896,-0.639244,4.27675,706.9,5.049285714,706.9,5.049285714,,,,,,,,,,,,,,,,,,,"Tyler Soderstrom","27467",691016
"Marcus Semien","NYM",137.467,580.546,519.339,124.599,81.7043,22.5139,2.15152,18.2294,73.2931,67.6377,51.9093,0.580237,95.7913,3.98571,4.80915,0.50281,7.37401,9.39964,2.07031,0.239919,0.0894146,0.165002,0.5419,0.311174,0.396859,0.309259,0.708032,0.15694,4.71752,0.259358,-0.0277548,0.127545,66.8065,-1.78951,97.1526,0.0997904,3.4426,-1.8539336621761322,5.195061802864075,2.35209,261.19000244140625,2.13709,-0.404663,0.39822,2.13709,0.404663,4.46904,607.8,4.43649635,607.8,4.43649635,,,,,,,,,,,,,,,,,,,"Marcus Semien","12533",543760
"Kyle Stowers","MIA",138.712,576.132,507.072,123.396,71.1087,24.4489,2.78537,25.0529,68.7767,82.5438,56.9834,2.17497,162.703,7.18641,4.33859,0.552092,8.25051,4.57367,1.26045,0.24335,0.0989068,0.282406,0.350229,0.325872,0.450773,0.334669,0.776645,0.207423,4.11507,0.303852,0.103229,-0.480147,78.1847,10.1102,113.503,-0.376918,1.26598,8.843537628650665,-5.0574482679367065,2.3485,128.9499969482422,2.25051,1.25416,0.774196,2.25051,-1.25416,3.96774,702.2,5.051798561,702.2,5.051798561,,,,,,,,,,,,,,,,,,,"Kyle Stowers","26151",669065
"Ian Happ","CHC",146.068,632.99,544.721,130.5,78.62,29.1484,1.22267,21.509,80.4195,75.5583,79.3049,1.58078,148.872,4.44415,3.95493,0.565049,8.95688,7.88631,2.32765,0.239572,0.125286,0.235189,0.532704,0.338774,0.41603,0.330638,0.754804,0.176458,3.87842,0.288111,-0.231207,-0.43742,83.8291,9.03644,111.839,-0.668626,0.191873,8.188767731189728,-6.666445210576057,2.34761,190.24000549316406,1.40045,-1.42923,0.678951,1.40045,1.42923,4.09473,738.2,5.056164383,738.2,5.056164383,,,,,,,,,,,,,,,,,,,"Ian Happ","17919",664023
"Bryson Stott","PHI",141.032,573.606,513.687,131.16,91.8693,23.3983,2.57023,13.3223,68.2976,59.917,49.8111,1.07261,94.7962,3.11937,5.35428,1.6343,7.45614,23.6107,4.95985,0.255331,0.0868384,0.165264,0.525454,0.321852,0.388691,0.310964,0.710543,0.13336,5.78279,0.286764,0.125325,1.74216,66.8022,-0.973818,96.995,1.86749,1.72887,-0.17540884017944336,4.0031033754348755,2.34416,186.2899932861328,2.19099,-0.662619,0.876274,2.19099,0.662619,3.83163,616.2,4.370212765,616.2,4.370212765,,,,,,,,,,,,,,,,,,,"Bryson Stott","26294",681082
"Brandon Nimmo","TEX",144.054,624.009,551.166,137.704,88.5611,24.8654,2.76922,21.5086,78.5801,72.5798,58.6704,0.84389,137.429,8.6015,4.24182,1.3295,9.34312,9.41586,1.95144,0.249842,0.0940217,0.220235,0.426915,0.329184,0.422076,0.327554,0.751261,0.172234,4.76849,0.293076,-0.358059,0.0608336,81.0773,7.34581,111.589,-0.297225,0.573558,8.226179867982864,-7.1824562549591064,2.30419,153.6699981689453,3.33987,-0.10425,0.363072,3.33987,0.10425,4.5159,733.7,5.095138888,733.7,5.095138888,,,,,,,,,,,,,,,,,,,"Brandon Nimmo","12927",607043
"George Springer","TOR",131.305,568.148,499.776,129.87,81.6755,22.003,1.93941,24.252,82.1205,71.2172,57.6847,1.17821,109.91,6.54155,3.52958,0.616106,10.8118,13.7478,2.74327,0.259856,0.101531,0.193453,0.524836,0.342001,0.457221,0.345896,0.799222,0.197364,5.15591,0.286116,0.00527903,0.67073,82.28,15.149,123.422,0.676009,-1.33657,16.360335528850555,-13.422880172729492,2.30123,98.0999984741211,3.01355,1.42015,0.269879,3.01355,-1.42015,4.64016,742,5.664122137,742,5.664122137,,,,,,,,,,,,,,,,,,,"George Springer","12856",543807
"Ben Rice","NYY",131.261,538.684,472.979,116.953,65.5835,22.8482,1.97128,26.5497,73.6582,74.7447,53.252,0.249464,113.602,7.84488,4.4097,0.198146,9.53147,3.96355,1.7457,0.247268,0.0988557,0.210888,0.468759,0.330649,0.47231,0.345588,0.802958,0.225041,3.98251,0.26807,-0.103869,-0.756839,77.8783,14.2287,122.109,-0.860708,-1.22704,13.215613067150116,-8.996238112449646,2.29699,49.900001525878906,2.14948,-0.659354,0.681813,2.14948,0.659354,4.09092,699.1,5.336641221,699.1,5.336641221,,,,,,,,,,,,,,,,,,,"Ben Rice","29576",700250
"Xavier Edwards","MIA",133.593,578.213,519.821,144.171,114.31,22.55,3.76319,3.54714,68.9063,44.2182,47.7866,1.4638,83.4481,2.56773,3.81452,4.22318,8.31185,27.2529,6.36302,0.277347,0.0826454,0.144321,0.572651,0.3389,0.355677,0.307715,0.694577,0.0783304,6.15374,0.322058,0.399644,1.76741,65.8134,-2.50693,95.0388,2.16706,2.30304,-1.2328715324401855,4.3646557331085205,2.28864,187.52000427246094,2.10085,0.325583,1.7924,2.10085,-0.325583,2.61014,601,4.485074626,601,4.485074626,,,,,,,,,,,,,,,,,,,"Xavier Edwards","22266",669364
"Trent Grisham","NYY",126.727,526.393,449.584,98.7188,56.5213,17.4524,1.12344,23.6217,70.5772,63.307,67.1546,0.455933,131.683,5.06005,2.72791,1.86637,7.45838,5.25207,1.6808,0.219578,0.127575,0.250161,0.509971,0.325881,0.421018,0.327068,0.746899,0.20144,3.79876,0.252846,-0.0258622,-0.484764,68.1864,5.98899,109.387,-0.510627,-2.77323,5.329472303390503,-0.8175617456436157,2.28436,265.1400146484375,1.41073,0.409683,0.89295,1.41073,-0.409683,3.8094,604.9,4.762992125,604.9,4.762992125,,,,,,,,,,,,,,,,,,,"Trent Grisham","18564",663757
"Jackson Holliday","BAL",127.964,550.268,487.496,120.971,80.6795,23.727,2.133,14.4318,72.4197,53.6204,54.7107,1.17301,122.23,4.58498,2.82117,0.655162,7.77464,14.2031,5.08829,0.248148,0.0994256,0.222129,0.447603,0.327989,0.394382,0.317285,0.722371,0.146234,5.26781,0.301253,0.128013,-0.159452,66.9082,1.88981,104.554,-0.0314386,-1.65471,2.9220826886594296,0.4434635639190674,2.28207,140.0500030517578,2.99614,0.519751,0.559854,2.99614,-0.519751,4.25353,595.8,4.6546875,595.8,4.6546875,,,,,,,,,,,,,,,,,,,"Jackson Holliday","31781",702616
"Kazuma Okamoto","TOR",127.016,526.682,466.719,113.652,67.6357,23.1515,0.332089,22.5326,62.4366,71.3277,48.7814,3.48101,97.489,6.92184,3.51401,0.745072,8.34836,1.89294,0.670647,0.243512,0.0926202,0.1851,0.500378,0.322007,0.439376,0.328113,0.761383,0.195864,2.28657,0.260183,-0.260809,-0.687316,68.6703,6.4388,111.172,-0.948125,-0.187675,5.986915349960327,-1.9565714746713638,2.26703,999,2.61107,0.0617946,0.599843,2.61107,-0.0617946,4.20021,623.3,4.907874015,623.3,4.907874015,,,,,,,,,,,,,,,,,,,"Kazuma Okamoto","sa3063134",672960
"Dillon Dingler","DET",109.904,416.06,380.584,92.0691,59.41,19.2124,1.56567,11.881,44.7293,48.9341,26.1721,0.846142,105.055,6.31899,2.4577,0.526919,5.74635,1.1891,0.55344,0.241915,0.0629047,0.2525,0.249128,0.29976,0.394278,0.302011,0.694038,0.152363,3.29297,0.301339,0.0584403,-0.589938,45.4299,-3.73075,92.337,-0.531498,3.5649,-4.28922975063324,12.045168399810791,2.25866,235.52000427246094,1.8248,0.799926,0.470688,1.8248,-0.799926,4.37242,408.6,3.714545454,408.6,3.714545454,,,,,,,,,,,,,,,,,,,"Dillon Dingler","27464",693307
"Bo Naylor","CLE",121.105,449.241,395.104,86.1823,49.6716,18.5849,1.19724,16.7286,50.7042,51.9284,46.0125,0.952673,112.082,2.46824,3.41968,2.23665,4.63603,3.87459,1.71041,0.218126,0.102423,0.249491,0.410526,0.301257,0.398244,0.304939,0.6995,0.180118,3.65375,0.25751,0.0651983,-0.567204,50.1208,-2.96042,95.7891,-0.502005,-0.187896,-2.7315844893455505,9.156650617718697,2.23933,611.0999755859375,1.16358,-2.42093,0.499755,1.16358,2.42093,4.33366,453.2,3.745454545,453.2,3.745454545,,,,,,,,,,,,,,,,,,,"Bo Naylor","21865",666310
"Isaac Paredes","HOU",115.281,489.415,420.593,101.397,62.931,18.2852,0.832559,19.3486,59.8965,62.0392,54.6498,0.351531,82.8438,10.4422,3.25223,0.478416,8.18612,0.834681,0.565215,0.241082,0.111664,0.169271,0.659673,0.340513,0.426526,0.336177,0.767039,0.185444,2.42651,0.255085,-0.199378,-0.907375,67.0161,9.18788,116.699,-1.10675,1.14386,8.525905847549438,-3.9277076721191406,2.1939,212.0500030517578,3.39072,0.728059,0.421784,3.39072,-0.728059,4.43762,575.2,5.00173913,575.2,5.00173913,,,,,,,,,,,,,,,,,,,"Isaac Paredes","20036",670623
"Ceddanne Rafaela","BOS",141.027,557.581,519.516,130.677,83.2142,27.7358,3.54068,16.1866,70.1085,63.4174,25.5749,0.512414,120.554,6.77347,3.52457,2.19169,7.12449,19.695,5.9062,0.251536,0.0458676,0.216208,0.212146,0.293534,0.412026,0.304505,0.70556,0.16049,6.26495,0.296377,0.595326,0.760796,62.0119,-3.87053,90.11,1.35612,5.1675,-5.143333673477173,7.34384298324585,2.18862,137.80999755859375,2.84227,0.256265,0.563537,2.84227,-0.256265,4.24862,588.2,4.171631205,588.2,4.171631205,,,,,,,,,,,,,,,,,,,"Ceddanne Rafaela","24262",678882
"Ryan Jeffers","MIN",126.729,504.142,443.719,107.788,68.7955,22.4581,0.844909,15.69,57.7664,57.1973,46.5582,0.633,106.246,9.3612,3.05081,1.45271,8.42665,2.49318,0.932431,0.242921,0.0923513,0.210746,0.438213,0.325664,0.403423,0.319974,0.729087,0.160502,3.0806,0.283525,-0.44222,-0.702358,62.4003,2.83207,104.204,-1.14458,-1.85317,1.3534345626831055,2.6449278593063354,2.18438,336.04998779296875,2.76897,2.09415,0.204819,2.76897,-2.09415,4.72691,549.7,4.328346456,549.7,4.328346456,,,,,,,,,,,,,,,,,,,"Ryan Jeffers","24618",680777
"Trevor Story","BOS",136.197,575.548,530.574,131.632,84.3449,26.4041,1.2503,19.6328,72.4958,71.7061,35.2195,1.82888,157.227,5.43652,3.20122,1.11684,6.1336,22.7159,4.57096,0.248094,0.061193,0.273179,0.224003,0.299928,0.413581,0.308205,0.713509,0.165487,5.58898,0.313798,-0.153775,1.85815,65.7392,-2.26626,92.6588,1.70438,-1.51255,-3.275518774986267,4.7928690910339355,2.182,104.66999816894531,3.48637,-1.60955,0.621381,3.48637,1.60955,4.17149,627,4.610294117,627,4.610294117,,,,,,,,,,,,,,,,,,,"Trevor Story","12564",596115
"Jakob Marsee","MIA",131.774,571.478,494.178,117.042,77.3293,23.4399,4.04718,12.2257,71.0156,56.0344,62.979,0.324618,125.028,7.10543,3.18128,4.03376,7.054,33.4743,8.68925,0.236842,0.110204,0.218779,0.503721,0.329771,0.374871,0.312736,0.704642,0.13803,6.74276,0.29107,0.22938,2.16544,67.3767,-0.147841,98.4787,2.39482,-0.492873,1.3643763065338135,0.8546621799468994,2.17232,151.3300018310547,1.62274,0.207221,1.51175,1.62274,-0.207221,2.98433,611,4.628787878,611,4.628787878,,,,,,,,,,,,,,,,,,,"Jakob Marsee","31370",805300
"Salvador Perez","KCR",140.698,576.18,532.614,133.441,81.8696,24.7941,0.553097,26.2248,60.3627,87.5085,29.3625,4.77074,118.111,10.084,3.94351,0.176013,9.77195,0.119866,0.123188,0.250541,0.0509607,0.204989,0.248602,0.300151,0.446883,0.318394,0.747033,0.196342,1.50826,0.273357,-1.99031,-0.795869,70.5777,2.49758,103.428,-2.78618,1.60986,-0.45157623291015625,2.1180328726768494,2.16564,98.33000183105469,2.69364,-0.70793,1.07221,2.69364,0.70793,3.57039,651.4,4.619858156,651.4,4.619858156,,,,,,,,,,,,,,,,,,,"Salvador Perez","7304",521692
"Austin Wells","NYY",118.784,447.672,400.018,88.8211,50.9659,18.9121,1.03323,17.9099,49.5009,58.3374,36.6303,0.397883,110.537,5.05674,5.28605,0.681194,6.97912,4.29821,1.08512,0.222043,0.081824,0.246915,0.331385,0.291971,0.408805,0.303369,0.700776,0.186762,3.67784,0.256129,-0.0917855,-0.193769,49.3753,-3.52059,93.1069,-0.285554,0.923437,-3.932772219181061,9.783383667469025,2.14874,245.47999572753906,1.05172,-0.0833013,0.554127,1.05172,0.0833013,4.26116,459.2,3.858823529,459.2,3.858823529,,,,,,,,,,,,,,,,,,,"Austin Wells","27562",669224
"Brandon Lowe","PIT",125.317,533.93,481.295,116.259,69.4307,22.5483,1.12341,23.1566,68.2255,71.8782,43.7102,1.11772,137.121,4.41845,4.00339,0.502378,7.13827,4.33292,1.2451,0.241554,0.081865,0.256815,0.31877,0.308172,0.437411,0.321425,0.745583,0.195856,3.69226,0.28645,-0.352775,-0.412015,66.7161,3.62817,103.888,-0.76479,-0.0438527,1.6954784989356995,1.4933589547872543,2.14374,193.19000244140625,3.76397,0.255496,0.552604,3.76397,-0.255496,4.2632,606,4.848,606,4.848,,,,,,,,,,,,,,,,,,,"Brandon Lowe","18882",664040
"Otto Lopez","MIA",135.481,556.459,510.665,135.281,96.4971,24.86,2.56553,11.3579,62.037,59.9063,37.6201,1.30111,84.9683,3.46616,3.58276,1.12445,10.6726,15.4219,4.8649,0.264911,0.0676063,0.152695,0.442755,0.317587,0.390364,0.308819,0.707951,0.125454,5.12374,0.296521,0.356196,0.192419,63.8358,-1.91405,95.7947,0.548615,-1.76351,-2.2248348593711853,4.508783459663391,2.12784,236.6199951171875,2.58533,0.0669798,0.776971,2.58533,-0.0669798,3.96404,575.5,4.262962962,575.5,4.262962962,,,,,,,,,,,,,,,,,,,"Otto Lopez","19608",672640
"Randy Arozarena","SEA",152.018,654.009,565.698,131.548,80.9172,26.3157,1.517,22.7979,85.0631,73.0069,63.9636,0.984745,171.081,19.3401,4.48925,0.518706,9.08831,24.2883,7.24376,0.232541,0.0978022,0.261589,0.373878,0.328775,0.405324,0.322936,0.7341,0.172784,5.56283,0.288992,-1.01796,0.813584,82.5227,5.24644,113.533,-0.204376,-4.89759,10.227565124630928,-12.128914833068848,2.10852,93.0999984741211,2.01572,-0.456346,1.12013,2.01572,0.456346,3.5065,751.2,4.942105263,751.2,4.942105263,,,,,,,,,,,,,,,,,,,"Randy Arozarena","19290",668227
"Josh Naylor","SEA",144.078,606.719,546.185,142.811,93.4947,27.4973,0.263649,21.5557,73.1852,86.5278,50.3194,5.43754,89.7196,4.93523,5.05869,0.220762,12.5596,17.3925,3.98481,0.261471,0.082937,0.147877,0.560852,0.326573,0.431178,0.325857,0.757751,0.169708,4.22177,0.275601,-0.935749,0.900543,77.9947,6.30624,115.546,-0.035206,0.0585359,11.081582874059677,-11.358408603817225,2.1082,68.86000061035156,3.66564,-0.189334,0.416036,3.66564,0.189334,4.44529,726,5.041666666,726,5.041666666,,,,,,,,,,,,,,,,,,,"Josh Naylor","18839",647304
"Lawrence Butler","ATH",135.458,555.678,502.38,120.822,72.6662,25.375,1.85354,20.9276,71.8692,64.5071,47.5271,0.353729,145.463,1.36331,3.01584,1.3918,8.16834,17.7399,4.43963,0.2405,0.0855299,0.261776,0.326729,0.306183,0.423359,0.316045,0.729542,0.18286,5.39817,0.29467,0.40818,0.929725,67.0068,1.34913,101.815,1.3379,2.87109,2.529852509498596,-0.8120088577270508,2.0999,151.3800048828125,2.43056,-0.909437,0.561625,2.43056,0.909437,4.25117,626.9,4.643703703,626.9,4.643703703,,,,,,,,,,,,,,,,,,,"Lawrence Butler","22542",671732
"Kyle Teel","CHW",114.704,462.804,405.091,100.276,68.5624,17.5303,1.0792,13.1037,55.3446,48.1514,49.5354,0.204753,118.45,4.19257,2.81715,1.16785,6.14206,6.67235,1.76064,0.247538,0.107033,0.255941,0.418195,0.333604,0.393185,0.320728,0.726788,0.145646,4.25884,0.315435,-0.394871,-0.192512,57.5669,2.88296,105.031,-0.587383,-1.57396,2.1646715998649597,2.489847183227539,2.07877,185.7100067138672,1.96405,1.30321,0.42138,1.96405,-1.30321,4.43816,504.8,4.389565217,504.8,4.389565217,,,,,,,,,,,,,,,,,,,"Kyle Teel","33549",691019
"Alec Bohm","PHI",133.778,565.446,518.159,141.304,99.2213,26.0339,1.92875,14.1206,64.1656,70.5618,36.5539,1.06938,88.7542,4.75766,5.76709,0.208431,13.4099,2.78038,0.888869,0.272705,0.0646461,0.156963,0.411855,0.323079,0.412147,0.318956,0.735226,0.139442,3.35349,0.302063,-0.279195,-0.728624,69.5206,2.70882,102.469,-1.00782,-0.657819,0.6471326351165771,0.8371502757072449,2.07662,290.6199951171875,2.34078,0.44791,0.883696,2.34078,-0.44791,3.82174,618.9,4.618656716,618.9,4.618656716,,,,,,,,,,,,,,,,,,,"Alec Bohm","21618",664761
"Jarren Duran","BOS",139.986,606.941,546.662,142.184,84.5461,34.3251,6.79912,16.514,80.6507,68.591,48.6128,0.843441,142.316,7.42549,3.2128,1.02798,7.00844,23.1972,4.98761,0.260096,0.0800947,0.234481,0.341583,0.327147,0.438388,0.331185,0.765535,0.178292,7.03729,0.321371,1.3603,1.67441,80.6489,8.93416,108.489,3.03471,-0.655476,9.107225894927979,-9.74874722957611,2.07166,70.05000305175781,2.82353,0.0070949,0.689353,2.82353,-0.0070949,4.08086,744.2,5.315714285,744.2,5.315714285,,,,,,,,,,,,,,,,,,,"Jarren Duran","24617",680776
"Colton Cowser","BAL",127.653,514.622,454.853,103.355,60.0742,21.6156,0.945436,20.7195,64.7993,62.2543,48.8305,1.47158,161.76,7.29738,3.0029,0.63845,6.91009,13.1727,2.88624,0.227227,0.0948862,0.314327,0.301871,0.310287,0.415563,0.315703,0.72585,0.188336,4.91042,0.300081,-0.0642192,0.695153,61.9131,1.10653,103.464,0.630934,-2.24138,2.732270896434784,-0.27143192291259766,2.06398,269,3.31672,0.463278,0.661025,3.31672,-0.463278,4.11863,573,4.4765625,573,4.4765625,,,,,,,,,,,,,,,,,,,"Colton Cowser","29591",681297
"Andrés Giménez","TOR",138.698,558.159,505.391,123.453,88.1241,22.6261,1.84828,10.8544,63.3288,54.6334,31.479,1.41911,97.8271,14.4489,4.18454,2.65463,9.60579,20.3028,4.2155,0.244272,0.056398,0.175268,0.321782,0.304914,0.360787,0.293011,0.665701,0.116515,5.73949,0.280868,-0.0555308,1.45865,56.8672,-9.08353,86.9916,1.40312,1.56479,-7.154519319534302,7.985985159873962,2.05059,467.19000244140625,1.9483,-1.05169,0.859649,1.9483,1.05169,3.8538,527.1,3.79208633,527.1,3.79208633,,,,,,,,,,,,,,,,,,,"Andres Gimenez","19950",665926
"Iván Herrera","STL",126.78,535.855,467.297,124.996,85.3841,21.8798,0.888409,16.844,66.7142,64.7159,53.1917,0.710633,107.589,10.6764,4.14195,0.547894,12.5689,8.65066,2.52549,0.267488,0.099265,0.20078,0.494398,0.352815,0.426249,0.341308,0.779064,0.158761,4.07161,0.311672,0.191304,-0.284722,75.6075,12.292,119.169,-0.093418,-0.551107,12.047026716172695,-10.15151846408844,2.04944,150.80999755859375,2.47346,-0.777902,0.496211,2.47346,0.777902,4.33839,663,5.22047244,663,5.22047244,,,,,,,,,,,,,,,,,,,"Ivan Herrera","20599",671056
"Wilyer Abreu","BOS",125.169,504.716,446.787,109.695,62.6482,24.1218,1.04188,21.8833,64.0984,70.3218,51.1801,2.99346,125.121,2.48056,3.7533,0.515003,5.85462,7.96937,2.80347,0.24552,0.101404,0.247903,0.409046,0.32399,0.451111,0.332852,0.775101,0.205591,4.0209,0.289296,-0.0368758,-0.302268,67.7483,8.1123,109.637,-0.339144,3.10939,5.393485188484192,-2.7898900508880615,2.0437,220,1.87687,1.00611,0.345391,1.87687,-1.00611,4.53948,616.9,4.9352,616.9,4.9352,,,,,,,,,,,,,,,,,,,"Wilyer Abreu","23772",677800
"Francisco Alvarez","NYM",113.999,437.92,389.116,90.5171,54.4857,15.3977,1.00762,19.6261,52.1489,58.2689,40.0368,0.935773,113.076,5.75109,2.50091,0.515668,8.1822,1.11858,0.320907,0.232623,0.091425,0.258212,0.35407,0.311622,0.428686,0.321054,0.740308,0.196063,2.92405,0.273801,-0.197237,-0.563496,54.5875,2.84387,105.255,-0.760733,-3.46495,1.9592725038528442,3.1895577907562256,2.04317,177.52000427246094,2.15525,-0.321145,0.510337,2.15525,0.321145,4.31955,497.7,4.365789473,497.7,4.365789473,,,,,,,,,,,,,,,,,,,"Francisco Alvarez","26121",682626
"Daulton Varsho","TOR",133.839,543.164,491.015,109.569,58.7365,21.5321,3.05335,26.2475,70.2022,74.2818,42.5095,1.09514,141.351,4.2669,4.52992,0.841725,4.80665,8.12356,2.36039,0.223149,0.0782628,0.260236,0.300738,0.28829,0.439804,0.311921,0.728094,0.216656,5.17947,0.254071,0.0113063,-0.0312415,63.6787,-0.500255,100.018,-0.0199352,-0.952349,-0.008421208709478378,1.1130645871162415,2.02573,209.24000549316406,2.79965,-0.203312,1.01587,2.79965,0.203312,3.64551,600.9,4.484328358,600.9,4.484328358,,,,,,,,,,,,,,,,,,,"Daulton Varsho","19918",662139
"Mike Trout","LAA",119.175,510.886,431.358,101.212,57.6754,17.1761,1.66846,24.6923,66.7355,65.4155,69.6609,6.06862,152.566,6.18996,3.51898,0.158105,5.15334,3.49338,0.860567,0.234636,0.136353,0.298631,0.456594,0.346688,0.45392,0.344376,0.800608,0.219284,3.76473,0.297028,-0.523527,-0.495174,73.3566,12.9914,120.593,-1.0187,0.73366,11.381185293197632,-9.835742950439453,1.95717,169.47999572753906,3.01142,-0.502185,0.65806,3.01142,0.502185,4.12259,661.2,5.556302521,661.2,5.556302521,,,,,,,,,,,,,,,,,,,"Mike Trout","10155",545361
"Luis Robert Jr.","NYM",126.407,516.531,469.236,109.625,69.0262,20.3606,0.779701,19.458,65.7436,60.6495,38.5234,2.76157,145.061,5.04896,2.90551,0.817917,5.76115,28.5641,7.21543,0.233624,0.074581,0.280836,0.265568,0.297058,0.40474,0.303447,0.701798,0.171116,5.90804,0.293108,-0.97287,2.03287,57.0028,-4.02939,93.1605,1.06,2.86028,-3.115489959716797,4.618339419364929,1.94235,106.4800033569336,2.95918,2.2887,1.1794,2.95918,-2.2887,3.42747,556.8,4.419047619,556.8,4.419047619,,,,,,,,,,,,,,,,,,,"Luis Robert Jr.","20043",673357
"Colson Montgomery","CHW",130.4,549.487,490.886,107.285,63.4308,19.1312,2.20715,22.516,61.4749,69.9475,46.9466,1.51542,162.34,8.50046,2.9528,0.201403,6.79023,2.41436,1.05023,0.218554,0.085437,0.295439,0.289187,0.296261,0.404123,0.304596,0.700385,0.185569,3.46986,0.274349,0.0799515,-0.722005,61.1522,-3.77402,93.9495,-0.642053,-1.08184,-4.571495711803436,4.9551907777786255,1.94197,231.3300018310547,3.57184,1.43327,0.974275,3.57184,-1.43327,3.70097,559.9,4.306923076,559.9,4.306923076,,,,,,,,,,,,,,,,,,,"Colson Montgomery","29712",695657
"Willson Contreras","BOS",133.444,561.926,488.833,122.782,74.7433,25.0535,0.998564,21.987,70.3259,74.4282,52.1077,1.02413,142.132,16.9039,3.11967,0.961375,11.4209,4.70325,1.48368,0.251174,0.0927306,0.252937,0.366615,0.3419,0.441446,0.341519,0.783346,0.190272,3.58753,0.307458,-0.657152,-0.609205,79.3821,12.9862,115.608,-1.26636,1.08391,9.070422649383545,-9.780765295028687,1.90611,173.3300018310547,1.70028,-1.04758,0.460819,1.70028,1.04758,4.38558,698.5,5.251879699,698.5,5.251879699,,,,,,,,,,,,,,,,,,,"Willson Contreras","11609",575929
"Jonathan Aranda","TBR",136.025,564.569,494.627,129.085,84.1941,24.1579,0.529199,20.2038,69.494,74.0594,55.977,2.63652,141.548,9.33804,4.45036,0.176247,9.53285,1.59036,0.72309,0.260974,0.09915,0.250719,0.395463,0.344441,0.434494,0.338524,0.778935,0.17352,2.43178,0.322778,-1.26284,-0.947652,78.3825,11.6743,117.256,-2.21049,1.5297,9.304141521453857,-9.834670782089233,1.90065,184.47999572753906,3.00926,-0.694003,0.635153,3.00926,0.694003,4.15313,686.7,5.049264705,686.7,5.049264705,,,,,,,,,,,,,,,,,,,"Jonathan Aranda","21837",666018
"Konnor Griffin","PIT",88.954,372.141,338.178,86.8316,60.3289,15.6075,1.29425,9.60096,49.46,42.1559,22.7066,0.940183,91.1572,7.63526,2.21954,1.40103,5.35237,17.1388,4.21652,0.256763,0.0610161,0.244954,0.249092,0.316053,0.395739,0.310848,0.711793,0.138977,6.12578,0.322278,-0.395175,1.10865,43.3046,-0.666731,96.6428,0.713472,2.73992,-0.7672685384750366,6.858160495758057,1.88993,999,3.81541,-0.438451,1.08608,3.81541,0.438451,3.5519,409.4,4.6,409.4,4.6,,,,,,,,,,,,,,,,,,,"Konnor Griffin","sa3065496",804606
"Carson Kelly","CHC",97.2204,370.236,328.316,76.7862,51.4358,12.7299,0.817028,11.8034,40.8696,42.8744,34.4982,0.188105,74.9596,4.00447,2.90883,0.508053,6.61552,1.85501,0.351909,0.233879,0.093179,0.202465,0.460224,0.311821,0.385483,0.306556,0.697304,0.151605,3.11286,0.265819,-0.606195,-0.365613,41.7925,-1.95376,95.2958,-0.971808,2.67511,-3.0302873253822327,8.956084966659546,1.8883,595.9500122070312,1.24391,0.376908,0.546863,1.24391,-0.376908,4.27085,377.2,3.888659793,377.2,3.888659793,,,,,,,,,,,,,,,,,,,"Carson Kelly","13620",608348
"Kevin McGonigle","DET",77.9148,323.287,284.842,72.1951,44.6292,15.798,1.95663,9.81126,41.0129,38.7201,32.6235,0.474723,46.915,1.81413,2.98671,1.02051,4.53928,6.47617,1.89183,0.253456,0.100912,0.145119,0.695374,0.330884,0.425991,0.328751,0.756874,0.172534,5.18613,0.26994,-0.233052,0.00165584,42.3187,4.11986,110.757,-0.231396,0.915359,3.8674954771995544,3.0587474703788757,1.84707,999,3.55367,1.0434,0.908623,3.55367,-1.0434,3.7885,380.8,4.882051282,380.8,4.882051282,,,,,,,,,,,,,,,,,,,"Kevin McGonigle","sa3022895",805808
"Jeff McNeil","ATH",131.833,535.158,475.712,122.1,81.5376,25.6655,2.88608,12.011,60.3208,56.7537,43.5579,2.38345,68.2914,9.32655,4.44182,2.11997,8.21651,4.09255,0.778231,0.256668,0.0813925,0.12761,0.637824,0.328278,0.398499,0.317217,0.726777,0.141831,4.08974,0.275325,-1.06714,-0.371864,65.0413,1.80817,102.619,-1.43901,-1.5284,0.21779143810272217,-0.2783074378967285,1.8469,690.4299926757812,2.76319,-1.55753,0.475196,2.76319,1.55753,4.36641,576.3,4.36590909,576.3,4.36590909,,,,,,,,,,,,,,,,,,,"Jeff McNeil","15362",643446
"Vinnie Pasquantino","KCR",146.994,630.397,565.763,146.519,88.4514,30.6865,1.36277,26.0183,73.157,92.5027,51.9986,3.57661,92.7272,5.89088,6.34682,0.3976,11.223,1.05737,0.241753,0.258976,0.0824856,0.147093,0.56077,0.324458,0.455997,0.334238,0.780455,0.197021,2.35851,0.265792,-1.04281,-0.830012,85.328,10.8418,114.312,-1.87282,-0.320575,8.790623784065247,-12.303803205490112,1.82343,79.94999694824219,2.46178,-0.322595,1.02894,2.46178,0.322595,3.62808,773.1,5.259183673,773.1,5.259183673,,,,,,,,,,,,,,,,,,,"Vinnie Pasquantino","27676",686469
"Miguel Vargas","CHW",137.222,576.05,505.285,117.687,69.4496,28.1063,1.76435,18.367,70.5076,65.5732,59.3987,0.308545,111.406,6.2757,4.70983,0.380611,6.95276,7.08245,2.1599,0.232913,0.103114,0.193397,0.533173,0.318519,0.40457,0.316461,0.723089,0.171658,4.25527,0.261216,-0.148196,-0.358034,69.6576,1.59284,102.1,-0.506229,-3.76797,0.9236690402030945,-2.63528311252594,1.81957,323.8999938964844,3.38087,-0.205724,0.505607,3.38087,0.205724,4.32586,620.3,4.527737226,620.3,4.527737226,,,,,,,,,,,,,,,,,,,"Miguel Vargas","20178",678246
"Ozzie Albies","ATL",141.125,592.258,538.291,134.187,87.5273,27.1604,2.02007,17.4795,69.2951,71.1094,43.4965,1.23298,87.7608,4.83657,5.1142,0.519369,7.77539,10.9415,2.79427,0.249284,0.0734418,0.14818,0.495626,0.308448,0.404663,0.309512,0.71311,0.155379,4.66986,0.266356,-0.0352835,0.155227,68.2763,-1.70357,97.1401,0.119944,-2.23427,-1.8875436782836914,-0.056410789489746094,1.81713,162.13999938964844,1.77299,0.925924,0.201416,1.77299,-0.925924,4.73145,618.4,4.385815602,618.4,4.385815602,,,,,,,,,,,,,,,,,,,"Ozzie Albies","16556",645277
"Matt Wallner","MIN",117.296,479.933,414.33,93.7948,46.7594,21.0062,1.80523,24.224,60.34,62.6101,50.6991,0.84379,147.5,12.0404,2.71184,0.152069,4.77234,4.80964,1.64316,0.226377,0.105638,0.307335,0.343722,0.326262,0.461187,0.34022,0.787448,0.234809,4.16172,0.283595,-0.364361,-0.42828,67.2929,10.5851,118.151,-0.79264,-2.49372,9.474454164505005,-8.243499755859375,1.81599,445.6700134277344,2.68394,1.26351,0.713959,2.68394,-1.26351,4.04806,603.2,5.155555555,603.2,5.155555555,,,,,,,,,,,,,,,,,,,"Matt Wallner","26466",670242
"JJ Wetherholt","STL",118.639,485.15,429.318,105.893,73.7539,20.9438,1.25442,9.94081,55.3817,47.3353,44.9217,1.07172,86.212,7.21563,2.75746,0.93737,8.3233,11.0673,2.29781,0.246654,0.0925934,0.177702,0.521062,0.326365,0.370746,0.308554,0.697111,0.124092,4.63565,0.285637,-0.39227,0.448444,55.5514,-1.77282,96.6689,0.0561733,1.05907,-1.8538743406534195,3.0826417207717896,1.80565,999,2.38938,0.130214,0.608097,2.38938,-0.130214,4.1892,496.5,4.172268907,496.5,4.172268907,,,,,,,,,,,,,,,,,,,"JJ Wetherholt","sa3025154",802139
"Joey Ortiz","MIL",138.358,540.833,491.659,118.233,80.7193,24.4886,3.03714,9.9881,59.6672,54.2194,37.0719,0.296414,94.2028,4.30285,3.81352,3.98551,10.0624,12.6993,3.69669,0.240478,0.0685459,0.174181,0.393533,0.297306,0.363586,0.289972,0.660891,0.123108,5.23611,0.276642,0.291375,0.221926,53.7675,-10.1361,84.9796,0.513301,3.13342,-9.114778697490692,8.589931726455688,1.78728,731.760009765625,3.63755,-1.00016,0.537346,3.63755,1.00016,4.28354,486,3.52173913,486,3.52173913,,,,,,,,,,,,,,,,,,,"Joey Ortiz","25493",687401
"Hunter Goodman","COL",138.473,558.386,514.776,130.105,70.978,28.7856,2.57299,27.7681,70.6753,85.7965,33.6961,0.221266,145.756,5.81571,3.93735,0.161458,9.26866,2.28949,0.897631,0.252741,0.0603455,0.26103,0.231182,0.30385,0.480482,0.334529,0.784332,0.227742,3.5884,0.296465,-0.161436,-0.637654,75.7127,9.73512,101.095,-0.79909,-5.17491,-0.07439500093460083,-1.1171479225158691,1.77882,65.86000061035156,3.91609,0.0652882,0.908105,3.91609,-0.0652882,3.78919,698.4,5.060869565,698.4,5.060869565,,,,,,,,,,,,,,,,,,,"Hunter Goodman","29715",696100
"Caleb Durbin","BOS",135.15,538.684,479.871,121.907,83.5903,26.1337,1.78502,10.3979,63.6683,54.7361,35.468,0.550239,58.3517,16.362,3.74928,3.23371,10.0043,21.2843,5.89176,0.254041,0.0658419,0.108323,0.607832,0.324469,0.380944,0.311187,0.705413,0.126904,5.67952,0.26878,0.116197,0.953725,62.8327,-0.817035,94.7128,1.06992,-1.01363,-2.286942481994629,1.072007179260254,1.77264,247.3300018310547,1.65489,-1.19983,0.933473,1.65489,1.19983,3.75537,560.1,4.148888888,560.1,4.148888888,,,,,,,,,,,,,,,,,,,"Caleb Durbin","29646",702332
"Christian Yelich","MIL",135.089,576.994,506.329,130.708,88.5051,21.7209,1.48408,18.9974,73.7415,74.1184,63.5565,4.88792,137.849,4.22607,2.42538,0.456664,10.5284,16.0688,3.88898,0.258147,0.110151,0.238909,0.461058,0.34428,0.419468,0.332316,0.763748,0.161321,4.92184,0.317441,0.62026,0.621659,77.1994,9.02308,113.987,1.24192,0.361513,10.807003259658813,-12.749016731977463,1.76537,125.0999984741211,3.53923,0.861628,0.242584,3.53923,-0.861628,4.67655,698.9,5.177037037,698.9,5.177037037,,,,,,,,,,,,,,,,,,,"Christian Yelich","11477",592885
"Brenton Doyle","COL",137.635,563.211,518.378,128.829,83.0851,24.2798,2.99446,18.4701,69.5748,64.4984,35.2724,0.226426,150.009,2.70508,4.30572,2.55029,8.59312,20.7377,4.61579,0.248524,0.0626274,0.266345,0.235136,0.297519,0.413807,0.307394,0.711326,0.165283,6.16019,0.31157,0.00540104,1.45957,63.9592,-2.58848,82.5073,1.46497,6.38261,-10.211797595024109,8.506597518920898,1.74269,164.19000244140625,3.46359,0.0048703,0.578123,3.46359,-0.0048703,4.22917,600.2,4.349275362,600.2,4.349275362,,,,,,,,,,,,,,,,,,,"Brenton Doyle","25479",686668
"TJ Friedl","CIN",133.523,577.163,498.255,120.453,84.172,20.0454,2.74493,13.4909,68.6764,54.8591,57.6858,0.139871,96.8838,12.4597,4.43901,4.32373,7.74252,11.392,3.06205,0.24175,0.099947,0.167862,0.595412,0.332726,0.374228,0.314295,0.706954,0.132478,4.97921,0.272641,0.293863,0.00659766,68.7773,0.580996,96.0072,0.30046,0.492377,-2.4308514297008514,0.14509400725364685,1.73078,264,2.98152,-0.666799,0.426769,2.98152,0.666799,4.43097,593.8,4.431343283,593.8,4.431343283,,,,,,,,,,,,,,,,,,,"TJ Friedl","19522",670770
"Jake Cronenworth","SDP",142.046,579.657,498.457,117.187,76.4115,24.5435,2.29008,13.9418,64.2295,61.3456,62.2557,1.09602,115.305,11.5557,4.86258,2.52689,9.34,4.10084,1.59253,0.235099,0.107401,0.198919,0.539924,0.330945,0.377437,0.313911,0.708381,0.142337,3.80728,0.276003,0.109288,-0.816486,68.894,0.40304,100.349,-0.707198,-3.42292,-0.46811917424201965,-2.351244807243347,1.71872,999,2.8885,0.430463,0.282686,2.8885,-0.430463,4.62309,596.7,4.202112676,596.7,4.202112676,,,,,,,,,,,,,,,,,,,"Jake Cronenworth","18036",630105
"Teoscar Hernández","LAD",132.453,553.731,509.661,131.891,79.578,25.5875,1.06372,25.6613,70.6742,82.9459,34.5502,0.942187,145.996,5.20906,3.827,0.483666,9.0761,5.88075,1.84931,0.258781,0.0623954,0.263658,0.236652,0.310259,0.46421,0.331743,0.774469,0.205429,3.85051,0.310766,-0.648736,-0.362781,73.8292,8.40165,112.598,-1.01152,-3.08703,7.2335017919540405,-9.219128131866455,1.71425,135.6699981689453,1.77645,-1.78955,0.637945,1.77645,1.78955,4.14941,680.5,5.15530303,680.5,5.15530303,,,,,,,,,,,,,,,,,,,"Teoscar Hernandez","13066",606192
"Anthony Volpe","NYY",110.108,451.885,409.794,94.1276,56.99,20.5531,2.44127,14.1433,54.4148,48.614,33.3753,0.300336,109.248,3.67035,3.1929,1.85249,6.27387,16.0222,4.4062,0.229695,0.0738579,0.241761,0.305499,0.291475,0.395304,0.298455,0.686779,0.165609,6.10011,0.276193,0.535913,0.781222,48.037,-5.35669,89.7311,1.31714,0.425279,-4.167378067970276,5.522891640663147,1.70343,672.3300170898438,1.80099,-0.099579,0.763086,1.80099,0.099579,3.98255,450.5,4.095454545,450.5,4.095454545,,,,,,,,,,,,,,,,,,,"Anthony Volpe","27647",683011
"Ryan McMahon","NYY",118.988,481.768,421.107,91.6549,56.8873,17.1774,0.899155,16.691,53.5246,51.9363,54.3306,1.54261,151.64,2.87311,3.00591,0.451882,6.9838,2.95778,1.54777,0.217652,0.112773,0.314758,0.358286,0.309274,0.381622,0.303708,0.690896,0.16397,3.02422,0.293078,0.168136,-0.785289,53.2684,-3.65617,93.3397,-0.617153,2.7861,-4.409599959850311,4.622328162193298,1.68998,712.1900024414062,1.85965,0.369255,0.511807,1.85965,-0.369255,4.31759,480.1,4.034453781,480.1,4.034453781,,,,,,,,,,,,,,,,,,,"Ryan McMahon","15112",641857
"Nolan Arenado","ARI",132.228,551.353,504.363,127.1,85.8516,24.4047,1.01229,15.8313,59.8607,68.295,37.4437,3.01585,76.3303,4.09243,4.95683,0.497513,10.1489,2.82177,1.03207,0.252001,0.0679124,0.138442,0.490548,0.306135,0.398569,0.304705,0.704703,0.146568,3.06849,0.26673,-0.155615,-0.679356,61.4088,-3.73782,93.3337,-0.834971,1.70508,-5.191150665283203,3.361523151397705,1.68959,650.3800048828125,1.73994,-1.82518,0.422318,1.73994,1.82518,4.43691,558.8,4.233333333,558.8,4.233333333,,,,,,,,,,,,,,,,,,,"Nolan Arenado","9777",571448
"Carlos Narváez","BOS",108.432,415.426,370.682,84.4111,54.3595,17.5902,0.276493,12.185,42.8241,44.9112,37.7564,0.749658,111.12,3.64149,2.21018,1.13617,6.6839,2.16923,1.00914,0.227718,0.0908859,0.267485,0.339779,0.303674,0.375279,0.298574,0.678953,0.147561,2.67525,0.289383,-0.201451,-0.606624,44.2014,-4.88435,86.024,-0.808075,1.73074,-7.651106595993042,9.793144702911377,1.68205,612.47998046875,1.44922,0.0486836,0.414925,1.44922,-0.0486836,4.44677,391.4,3.624074074,391.4,3.624074074,,,,,,,,,,,,,,,,,,,"Carlos Narvaez","19722",665966
"Matt McLain","CIN",130.603,534.656,474.283,111.595,71.1004,21.8501,2.09585,16.5487,65.7828,55.9051,49.1684,0.307709,150.17,5.94415,3.37892,1.88182,6.15381,15.8068,3.91912,0.235292,0.0919627,0.280871,0.327419,0.312905,0.394876,0.310275,0.707781,0.159584,5.51395,0.305671,-0.0627836,0.725235,61.967,-1.20673,93.2535,0.662452,-0.285771,-3.6126374006271362,1.912933498620987,1.64605,185.9499969482422,2.76482,-0.66935,0.60084,2.76482,0.66935,4.19888,572.4,4.369465648,572.4,4.369465648,,,,,,,,,,,,,,,,,,,"Matt McLain","29695",680574
"Luis Arraez","SFG",139.532,608.422,562.658,168.672,133.607,27.8839,2.95898,4.22238,67.9253,54.4465,31.6042,2.31036,24.6388,4.05747,4.1865,5.91545,13.1748,8.10929,2.97511,0.299777,0.0519445,0.0404962,1.2827,0.339139,0.382365,0.315367,0.721505,0.0825883,4.14736,0.305678,0.49474,-0.698705,73.0315,1.1418,101.348,-0.203965,-4.27868,0.7657371163368225,-5.367414712905884,1.63597,290.19000244140625,2.94469,-0.353482,1.96387,2.94469,0.353482,2.3815,634.1,4.529285714,634.1,4.529285714,,,,,,,,,,,,,,,,,,,"Luis Arraez","18568",650333
"Chase Meidroth","CHW",123.737,530.264,463.033,116.676,89.8927,19.2669,1.02131,6.49476,61.5556,38.9378,54.0986,0.00171554,79.9048,8.28186,2.6572,2.19328,12.1239,12.5193,3.64158,0.251981,0.102022,0.150689,0.677037,0.339076,0.340082,0.306177,0.679158,0.0881012,4.56055,0.290492,-0.302844,0.00731407,59.6935,-2.96127,95.0357,-0.29553,-0.992948,-3.406786262989044,1.351649820804596,1.62588,594.8099975585938,2.20283,0.109769,0.962357,2.20283,-0.109769,3.71686,508.9,4.104032258,508.9,4.104032258,,,,,,,,,,,,,,,,,,,"Chase Meidroth","31580",805367
"Colt Keith","DET",117.186,475.223,426.471,109.612,70.8861,21.126,2.67626,14.9236,60.6332,52.8067,42.0761,1.36991,99.5587,2.79628,3.3333,0.546496,6.58755,2.99402,1.01639,0.257021,0.0885398,0.209499,0.422626,0.325452,0.424089,0.324973,0.749541,0.167068,4.19702,0.300291,0.697298,-0.57258,60.7496,4.59838,108.155,0.124718,0.431396,4.692278414964676,-5.377493470907211,1.60336,487.19000244140625,1.57738,0.721242,0.486518,1.57738,-0.721242,4.35131,546.9,4.674358974,546.9,4.674358974,,,,,,,,,,,,,,,,,,,"Colt Keith","27899",690993
"Evan Carter","TEX",105.103,416.029,366.033,86.3411,55.4619,17.2717,2.91817,10.6894,51.9393,42.5933,40.1477,1.388,93.9259,6.94341,2.46079,0.443478,4.34958,16.9372,3.95453,0.235883,0.0965022,0.225768,0.42744,0.321071,0.386624,0.310919,0.707695,0.150741,6.46419,0.286691,-0.149883,1.10014,48.4356,-0.721373,100.13,0.950258,0.166389,1.0139913782477379,0.3138408660888672,1.60087,295.4800109863281,2.93271,-0.0570211,0.914833,2.93271,0.0570211,3.78022,447.5,4.261904761,447.5,4.261904761,,,,,,,,,,,,,,,,,,,"Evan Carter","27790",694497
"Kyle Manzardo","CLE",135.091,549.094,484.26,115.138,63.8108,24.2284,1.07398,26.0243,62.5049,73.9862,52.7354,1.9125,130.803,6.49612,5.43521,0.167216,6.72414,1.94182,0.425934,0.23776,0.0960407,0.238217,0.403165,0.317655,0.453448,0.331249,0.771103,0.215688,2.6626,0.267714,-0.104247,-0.585723,72.9909,8.11127,113.914,-0.68997,-0.496342,8.314586997032166,-11.614950358867645,1.59593,234.19000244140625,2.58591,-1.57197,0.833115,2.58591,1.57197,3.88918,660.5,4.892592592,660.5,4.892592592,,,,,,,,,,,,,,,,,,,"Kyle Manzardo","29794",700932
"Sal Frelick","MIL",131.496,546.978,491.275,128.028,94.8606,22.0814,3.39628,7.6901,65.6945,52.1135,44.4647,0.399438,77.731,5.5918,3.43575,2.2108,8.3195,19.1907,4.04198,0.260604,0.0812916,0.14211,0.572033,0.326901,0.366338,0.306609,0.693238,0.105733,5.98505,0.294017,-0.354899,1.22881,61.7672,-2.86251,96.377,0.873912,3.79697,-1.4747952222824097,-1.178886890411377,1.59039,208.6199951171875,2.20144,0.356506,1.03535,2.20144,-0.356506,3.61954,556.8,4.250381679,556.8,4.250381679,,,,,,,,,,,,,,,,,,,"Sal Frelick","29622",686217
"Ernie Clement","TOR",140.663,555.349,518.448,135.908,95.9635,27.0744,2.38392,10.486,64.0763,56.5498,24.1821,0.826719,57.206,3.74135,4.45248,4.52591,8.37566,8.50109,3.12249,0.262144,0.043544,0.103009,0.42272,0.29743,0.384239,0.295578,0.681669,0.122096,4.58967,0.275526,0.478923,-0.390898,57.7387,-7.88009,88.7604,0.0880252,1.37333,-7.268812999129295,3.638433575630188,1.58419,322.4800109863281,3.28105,0.201425,0.662396,3.28105,-0.201425,4.11681,520,3.687943262,520,3.687943262,,,,,,,,,,,,,,,,,,,"Ernie Clement","20352",676391
"Josh Jung","TEX",127.557,517.759,482.695,119.068,78.5758,22.5616,1.08119,16.8495,55.49,61.0277,28.6324,0.209591,131.8,3.47016,2.47862,0.482191,7.36597,4.27704,1.2833,0.246673,0.0553006,0.254558,0.217242,0.292243,0.402615,0.301283,0.694858,0.155942,3.49318,0.303747,-0.792843,-0.399405,56.2286,-4.94858,93.4919,-1.19225,0.845476,-5.163743495941162,2.8139490485191345,1.58284,471.239990234375,1.55071,-1.0143,0.297081,1.55071,1.0143,4.60389,516.4,4.034375,516.4,4.034375,,,,,,,,,,,,,,,,,,,"Josh Jung","26299",673962
"Carter Jensen","KCR",102.793,384.714,342.746,82.546,51.652,16.8101,2.62566,11.4582,44.8514,45.5721,36.9182,1.05544,95.9503,1.87909,2.52913,0.641073,5.08402,3.99574,1.13248,0.240837,0.0959628,0.249407,0.384764,0.315938,0.405496,0.314044,0.721434,0.164659,4.74441,0.298855,0.0326385,-0.25477,45.7657,0.308825,100.44,-0.222131,-0.191734,-0.022125661373138428,2.4347906410694122,1.57899,999,2.39331,0.275583,0.521398,2.39331,-0.275583,4.3048,413.4,4.013592233,413.4,4.013592233,,,,,,,,,,,,,,,,,,,"Carter Jensen","29478",695600
"Brandon Marsh","PHI",119.158,466.266,412.587,105.614,69.4689,20.7253,2.5082,12.9115,57.4048,51.1357,45.4503,1.06221,130.938,2.27588,3.88279,2.07047,5.11327,11.0781,2.52827,0.25598,0.0974771,0.280823,0.347113,0.330335,0.412253,0.323587,0.742588,0.156273,5.38702,0.340043,-0.076329,0.413581,59.0799,3.98697,105.642,0.337252,-0.443405,3.4552048444747925,-3.648274689912796,1.5674,672.3800048828125,2.29772,0.373507,0.582487,2.29772,-0.373507,4.22335,534.3,4.489915966,534.3,4.489915966,,,,,,,,,,,,,,,,,,,"Brandon Marsh","20202",669016
"Bryan Reynolds","PIT",145.804,632.717,565.756,143.598,93.7035,27.8948,3.68842,18.3109,73.5964,74.0722,54.9344,1.95531,152.598,7.75522,3.98002,0.291127,10.4131,5.22273,1.75878,0.253815,0.0868231,0.241178,0.359996,0.326184,0.413255,0.321971,0.739439,0.15944,4.23568,0.314137,0.0126675,-0.695251,79.3405,4.58008,104.262,-0.682584,-1.05365,2.513509511947632,-8.292973160743713,1.56243,204.10000610351562,2.10292,-0.791456,0.432113,2.10292,0.791456,4.42385,706.5,4.839041095,706.5,4.839041095,,,,,,,,,,,,,,,,,,,"Bryan Reynolds","19326",668804
"Freddy Fermin","SDP",116.155,429.167,391.283,93.6117,68.5886,15.2223,0.712308,9.08841,42.4445,40.9563,27.4778,0.835136,84.8697,2.75378,3.16016,4.49276,8.43288,2.37191,0.967206,0.239243,0.0640258,0.197754,0.323764,0.291619,0.351469,0.282271,0.643089,0.112226,3.10873,0.28129,0.166544,-0.568571,39.9829,-10.7265,78.6139,-0.402027,2.90694,-11.249880343675613,11.869546890258789,1.54948,731.8599853515625,2.48765,0.325195,0.552273,2.48765,-0.325195,4.26364,360.2,3.105172413,360.2,3.105172413,,,,,,,,,,,,,,,,,,,"Freddy Fermin","21840",666023
"Patrick Bailey","SFG",130.551,487.569,440.897,97.5442,67.6026,19.0207,1.62712,9.29382,48.2968,49.4883,36.1966,0.215455,128.925,3.02973,4.7614,2.68449,7.36683,2.35726,0.505988,0.221241,0.0742389,0.264424,0.280757,0.282068,0.335001,0.272449,0.617069,0.11376,3.48062,0.28705,-0.321145,-0.439587,41.5357,-16.0743,71.8666,-0.760732,5.51785,-16.972964704036713,15.591190338134766,1.54693,999,1.83218,0.0479448,0.272928,1.83218,-0.0479448,4.6361,376.9,2.877099236,376.9,2.877099236,,,,,,,,,,,,,,,,,,,"Patrick Bailey","27478",672275
"Jake Meyers","HOU",113.861,446.483,401.601,98.2806,68.7143,18.8802,1.67599,9.01012,52.2318,41.9714,34.7221,0.160376,92.287,5.42357,2.71842,2.01863,8.05448,12.7602,3.34867,0.244722,0.0777679,0.206698,0.37624,0.311445,0.367388,0.299569,0.678833,0.122666,5.2295,0.294601,0.0361211,0.463097,47.8665,-4.88891,91.4807,0.499218,1.91384,-3.9839268624782562,3.670961856842041,1.54024,999,2.25892,0.660456,0.795523,2.25892,-0.660456,3.9393,434.2,3.808771929,434.2,3.808771929,,,,,,,,,,,,,,,,,,,"Jake Meyers","20308",676694
"Spencer Torkelson","DET",147.11,615.772,539.216,124.949,70.1361,27.2512,0.881432,26.6808,75.4361,78.6475,64.3826,3.07308,160.79,7.00445,4.71927,0.449944,8.08325,1.83041,0.567609,0.231724,0.104556,0.26112,0.400413,0.319079,0.433974,0.325382,0.753053,0.20225,2.78701,0.275676,0.110259,-0.780365,78.9211,6.16282,108.437,-0.670107,-0.000393123,5.452771723270416,-11.595545024232706,1.53992,196.3300018310547,3.45045,0.49085,1.07468,3.45045,-0.49085,3.5671,712.8,4.848979591,712.8,4.848979591,,,,,,,,,,,,,,,,,,,"Spencer Torkelson","27465",679529
"Royce Lewis","MIN",119.846,486.412,445.296,108.223,67.1124,22.1788,0.351869,18.5796,55.5366,61.9078,34.8721,0.873196,104.043,2.18517,3.57846,0.480139,6.63994,10.2071,2.43099,0.243035,0.0716925,0.2139,0.335169,0.298972,0.419594,0.310243,0.718566,0.176559,4.18816,0.274767,-0.342161,0.363951,56.3628,-1.11057,97.5006,0.02179,-2.16484,-1.4110865499824286,-0.6806999444961548,1.49885,169.52000427246094,2.95575,-0.336,0.376273,2.95575,0.336,4.4983,526.6,4.388333333,526.6,4.388333333,,,,,,,,,,,,,,,,,,,"Royce Lewis","20437",668904
"Jurickson Profar","ATL",137.119,589.708,509.887,127.514,84.1386,24.6862,0.926533,17.7628,74.4498,66.4476,66.0449,1.0748,95.8872,8.8007,3.55783,1.41738,10.06,8.68014,2.33367,0.250083,0.111996,0.162601,0.688777,0.34398,0.406643,0.330527,0.750623,0.15656,4.1069,0.274519,-0.393405,-0.262117,78.0437,8.36525,111.536,-0.655521,-1.95751,7.407113194465637,-12.583704233169556,1.47771,185.57000732421875,1.76596,-0.561589,0.252649,1.76596,0.561589,4.66313,690.7,5.041605839,690.7,5.041605839,,,,,,,,,,,,,,,,,,,"Jurickson Profar","10815",595777
"Chase DeLauter","CLE",107.09,462.684,414.657,101.13,66.0925,21.7055,0.921807,12.41,52.9186,51.1505,41.6529,0.792388,86.3143,1.91466,4.08753,0.371746,9.34929,3.14474,1.19099,0.243888,0.0900245,0.186552,0.482572,0.312987,0.390465,0.307411,0.703452,0.146577,3.33713,0.277232,-0.142056,-0.577492,52.5495,-2.12013,97.4925,-0.719548,0.74378,-2.086967408657074,0.5853096842765808,1.47567,999,2.72673,-0.877124,0.294715,2.72673,0.877124,4.60705,467.8,4.371962616,467.8,4.371962616,,,,,,,,,,,,,,,,,,,"Chase DeLauter","32127",800050
"Sean Murphy","ATL",85.8239,331.632,289.69,63.7879,37.7251,12.3539,0.260507,13.4485,38.2167,41.6428,32.3169,0.699788,90.7578,7.38377,2.07701,0.164851,6.78505,0.374948,0.126013,0.220194,0.0974481,0.27367,0.356079,0.312213,0.403909,0.313706,0.716122,0.183715,2.12608,0.26839,-0.0715063,-0.483135,39.3601,0.175167,100.013,-0.554641,1.51358,-0.5496543506160378,3.937557101249695,1.47549,615.6199951171875,2.06476,-1.25124,0.579792,2.06476,1.25124,4.22694,342.4,3.981395348,342.4,3.981395348,,,,,,,,,,,,,,,,,,,"Sean Murphy","19352",669221
"Lars Nootbaar","STL",123.827,527.285,456.836,110.5,71.1993,22.0058,1.77579,15.5195,62.497,53.2248,62.0942,2.16681,106.299,3.26064,3.62178,1.47249,8.49567,6.0402,2.37958,0.241882,0.117762,0.201597,0.584145,0.334445,0.399742,0.32198,0.734186,0.15786,3.86911,0.280478,0.502119,-0.653619,66.1238,3.82096,105.892,-0.1515,-1.75902,3.520310699939728,-7.001776099205017,1.46963,712.6699829101562,3.11364,-1.75001,0.190351,3.11364,1.75001,4.7462,591,4.766129032,591,4.766129032,,,,,,,,,,,,,,,,,,,"Lars Nootbaar","21454",663457
"Jorge Polanco","NYM",123.093,507.418,451.93,111.724,69.1905,20.8056,0.302284,21.4259,61.2031,68.9847,46.44,1.26475,103.968,3.43511,3.91839,1.69441,7.41897,5.23491,1.87819,0.247216,0.0915222,0.204897,0.446675,0.319541,0.436821,0.326989,0.756362,0.189605,3.06059,0.273255,-0.329073,-0.49985,65.6958,5.74049,109.333,-0.828923,2.17553,4.76803994178772,-7.614627838134766,1.46579,226.57000732421875,3.06109,1.96715,0.408223,3.06109,-1.96715,4.4557,584.4,4.751219512,584.4,4.751219512,,,,,,,,,,,,,,,,,,,"Jorge Polanco","13152",593871
"Munetaka Murakami","CHW",132.775,539.351,459.102,99.5005,56.1449,15.5722,0.441675,27.3417,68.0407,72.679,70.8767,3.59583,173.621,5.28288,3.40707,0.682311,6.15263,8.21068,3.13586,0.216729,0.131411,0.321907,0.408227,0.326101,0.431236,0.328523,0.757337,0.214508,3.56263,0.275893,-0.0753466,-0.491746,70.5018,6.77333,110.386,-0.567093,-0.198351,6.053674876689911,-10.150583982467651,1.44844,999,5.16793,-1.87459,1.13127,5.16793,1.87459,3.49165,636,4.781954887,636,4.781954887,,,,,,,,,,,,,,,,,,,"Munetaka Murakami","sa3063258",808959
"Tommy Edman","LAD",114.594,462.234,422.766,102.637,67.5815,20.1568,1.99796,12.9003,57.7531,51.9777,29.5576,0.408204,81.4412,4.67232,3.88042,1.35821,7.29747,9.51489,1.98663,0.242774,0.0639451,0.17619,0.362932,0.29697,0.391446,0.299367,0.688417,0.148672,5.45386,0.270042,0.177012,0.419987,49.4795,-5.13699,90.3578,0.596999,1.22991,-4.6707412004470825,3.1379404067993164,1.44375,405.8599853515625,2.51413,-0.232897,0.352782,2.51413,0.232897,4.52962,463.8,4.033043478,463.8,4.033043478,,,,,,,,,,,,,,,,,,,"Tommy Edman","19470",669242
"Logan O'Hoppe","LAA",115.819,450.266,412.132,94.5464,60.163,14.7016,0.929529,18.7522,47.3728,52.775,30.2481,0.204788,128.077,4.77103,2.08115,1.03389,6.91392,2.20746,1.20237,0.229408,0.0671783,0.284448,0.236171,0.288416,0.406093,0.301524,0.694508,0.176684,2.82893,0.283466,-0.740562,-0.67791,48.9871,-4.21534,91.0745,-1.41847,-2.40349,-6.15516471862793,4.694796562194824,1.43617,258.5199890136719,1.13113,0.327123,0.549806,1.13113,-0.327123,4.26692,453.8,3.912068965,453.8,3.912068965,,,,,,,,,,,,,,,,,,,"Logan O'Hoppe","24729",681351
"Jared Triolo","PIT",128,507.388,447.779,107.932,74.9376,21.4521,2.27935,9.26252,57.0265,45.1445,50.6725,0.675112,115.639,3.98345,2.95595,1.99786,6.35967,13.4698,3.36752,0.241038,0.0998693,0.227911,0.438194,0.321707,0.361183,0.302972,0.68289,0.120145,5.19842,0.302821,-0.317818,0.463835,55.7981,-4.15373,91.2472,0.146016,0.0417259,-5.117557540535927,2.217072494328022,1.43037,999,2.78772,-2.75854,0.712468,2.78772,2.75854,4.05004,495,3.8671875,495,3.8671875,,,,,,,,,,,,,,,,,,,"Jared Triolo","25807",669707
"Davis Schneider","TOR",97.2422,369.269,317.251,69.7512,38.9942,14.2876,1.05608,15.4133,44.4165,43.6193,44.8181,0.000525599,104.644,4.04075,2.73049,0.42846,3.74977,4.67951,1.19034,0.219861,0.12137,0.283381,0.428293,0.321576,0.417307,0.323397,0.738882,0.197445,4.10415,0.271792,-0.221644,-0.131536,46.7325,3.10054,107.923,-0.35318,0.853869,3.095287799835205,-1.9018725752830505,1.42246,999,2.87965,-0.101198,0.555059,2.87965,0.101198,4.25992,416,4.288659793,416,4.288659793,,,,,,,,,,,,,,,,,,,"Davis Schneider","23565",676914
"Jo Adell","LAA",137.784,558.755,509.143,118.898,66.6222,21.282,1.42329,29.5702,67.7832,81.7531,37.8139,0.95336,152.962,8.45793,2.86996,0.471124,7.4853,8.45828,3.23663,0.233525,0.0676752,0.273756,0.24721,0.295852,0.455151,0.322125,0.751003,0.221626,4.28749,0.271117,-0.16414,-0.372798,70.1359,4.11464,105.266,-0.536938,-5.89154,2.9307268261909485,-8.267991304397583,1.42155,122.86000061035156,2.4258,-1.04408,1.0113,2.4258,1.04408,3.6516,650.8,4.715942028,650.8,4.715942028,,,,,,,,,,,,,,,,,,,"Jo Adell","20220",666176
"Ramón Laureano","SDP",125.344,511.191,462.323,113.196,69.8093,21.6154,2.58608,19.1848,65.3722,64.9865,36.2947,0.656089,136.06,9.29483,3.05868,0.220323,8.62462,8.26395,2.89082,0.244841,0.0710002,0.266163,0.266755,0.310752,0.427272,0.319808,0.738023,0.182431,5.15861,0.303127,-0.535302,-0.288543,63.2038,2.80255,104.399,-0.823845,0.513585,1.8341100215911865,-5.289354503154755,1.41659,221.52000427246094,3.47904,1.40578,0.150789,3.47904,-1.40578,4.79895,572.1,4.5768,572.1,4.5768,,,,,,,,,,,,,,,,,,,"Ramon Laureano","17128",657656
"Tyler Stephenson","CIN",108.405,425.234,376.672,88.6215,56.417,17.2709,0.840486,14.093,48.4368,51.6434,40.8674,0.9913,120.739,4.52978,2.96555,0.200068,7.14664,0.875754,0.527062,0.235275,0.0961057,0.283936,0.338476,0.315313,0.397833,0.311985,0.713146,0.162558,2.52253,0.304441,-0.161774,-0.706291,49.8754,-0.369369,94.425,-0.868065,-1.07457,-3.677830398082733,2.9258917570114136,1.37055,278.2900085449219,1.97171,1.44765,0.325487,1.97171,-1.44765,4.56602,445.1,4.121296296,445.1,4.121296296,,,,,,,,,,,,,,,,,,,"Tyler Stephenson","17988",663886
"Addison Barger","TOR",115.892,473.107,428.5,102.393,59.7557,24.3699,0.909274,17.358,56.6761,60.3272,38.1288,1.94412,114.793,3.69826,2.60662,0.173749,6.39637,3.93224,1.27042,0.238957,0.0805923,0.242636,0.332153,0.304948,0.4216,0.313672,0.726548,0.182643,3.63037,0.28444,-0.108406,-0.391593,56.1384,0.237107,101.225,-0.5,-0.334487,0.18286877870559692,-3.0896690487861633,1.36861,208.13999938964844,2.87207,-0.933149,0.259881,2.87207,0.933149,4.65349,509.1,4.388793103,509.1,4.388793103,,,,,,,,,,,,,,,,,,,"Addison Barger","24598",680718
"Kerry Carpenter","DET",116.807,479.519,439.733,111.144,64.7636,19.3922,3.32027,23.668,61.5842,70.0795,30.3759,1.43905,114.624,6.25888,2.96115,0.190142,5.95915,2.27561,1.19228,0.252754,0.0633465,0.239039,0.265004,0.308304,0.473425,0.333628,0.781729,0.220672,4.14604,0.28737,-0.120032,-0.693037,64.6683,8.00944,114.117,-0.813069,-0.575872,7.165268540382385,-10.350417733192444,1.36271,239.19000244140625,1.187,-0.427236,0.615484,1.187,0.427236,4.17936,588.4,5.029059829,588.4,5.029059829,,,,,,,,,,,,,,,,,,,"Kerry Carpenter","25961",681481
"Harrison Bader","SFG",122.846,485.059,440.907,107.18,72.5916,19.3142,1.77419,13.4997,57.8899,50.7334,31.6685,0.278612,115.965,8.00407,3.82716,0.651479,6.21205,13.4786,4.71514,0.243089,0.065288,0.239075,0.273086,0.303159,0.386797,0.30165,0.689955,0.143708,5.16402,0.297142,0.050171,0.0255065,52.8219,-4.49146,91.9262,0.0756774,-0.510923,-4.5529875457286835,1.3848486542701721,1.35547,474,2.62742,-0.340799,0.543488,2.62742,0.340799,4.27535,477.6,3.882926829,477.6,3.882926829,,,,,,,,,,,,,,,,,,,"Harrison Bader","18030",664056
"Jonathan India","KCR",124.444,524.719,453.973,110.742,73.1777,24.0837,1.50585,11.9753,62.6653,50.7459,53.3293,0.000756212,101.02,12.5344,3.74276,1.13968,9.35712,5.48179,2.39658,0.243941,0.101634,0.192522,0.527909,0.337305,0.382762,0.319794,0.720067,0.138821,3.99399,0.286514,0.481449,-0.802985,64.8704,2.8708,104.39,-0.321536,-2.95586,2.4008448123931885,-7.064119577407837,1.33983,673.3300170898438,2.99737,-0.99649,0.298943,2.99737,0.99649,4.60141,563.3,4.542741935,563.3,4.542741935,,,,,,,,,,,,,,,,,,,"Jonathan India","21523",663697
"Daylen Lile","WSN",130.883,541.869,495.214,131.495,86.345,26.5651,7.91246,10.6729,64.5836,58.8193,35.6138,0.428359,96.2641,5.7983,4.09451,1.14903,6.91854,13.9866,4.59247,0.265533,0.065724,0.177652,0.36996,0.319773,0.415788,0.318807,0.735561,0.150256,6.52529,0.307929,0.504969,0.0760399,66.5566,2.53055,103.998,0.581009,-1.52474,3.1488300561904907,-8.095500349998474,1.3384,209.24000549316406,2.03809,-0.574385,0.768887,2.03809,0.574385,3.97482,604.5,4.614503816,604.5,4.614503816,,,,,,,,,,,,,,,,,,,"Daylen Lile","29995",695734
"Josh Smith","TEX",120.923,490.641,429.531,102.688,70.6076,20.7932,1.85865,9.42858,56.4677,42.4477,45.7125,1.08953,93.6203,10.0416,2.8065,2.54943,6.89294,9.01691,2.58935,0.23907,0.0931691,0.190812,0.488276,0.324616,0.361986,0.305132,0.686602,0.122916,4.67788,0.283215,-0.110186,-0.0840079,54.8169,-3.15607,96.1434,-0.194194,-2.07815,-2.4243520945310593,-1.4020264148712158,1.33627,592.0999755859375,1.43463,1.35663,0.565052,1.43463,-1.35663,4.2466,480.4,3.970247933,480.4,3.970247933,,,,,,,,,,,,,,,,,,,"Josh Smith","26396",669701
"Jung Hoo Lee","SFG",134.943,559.728,508.051,135.38,92.6961,28.8446,5.65482,8.1842,64.0834,54.6015,42.3068,0.971681,62.6284,5.1617,3.57899,0.628992,8.59061,9.007,2.91684,0.266469,0.0755846,0.111891,0.67552,0.327041,0.393831,0.315075,0.720872,0.127363,5.19622,0.288545,0.504109,-0.312003,67.0541,0.917989,101.148,0.192106,-2.04144,0.9517717510461807,-6.85260796546936,1.33444,338.6700134277344,2.68722,-0.690548,0.869698,2.68722,0.690548,3.8404,591.2,4.379259259,591.2,4.379259259,,,,,,,,,,,,,,,,,,,"Jung Hoo Lee","33824",808982
"Gavin Lux","TBR",109.879,444.548,395.517,100.24,70.6117,20.5639,2.20249,6.86142,50.9845,42.8736,44.54,0.2342,97.2723,1.7073,2.25957,0.523805,7.26237,2.97438,0.943982,0.253439,0.100192,0.218812,0.457889,0.329908,0.368613,0.309588,0.698521,0.115174,3.88739,0.317999,0.10163,-0.561621,51.2754,-1.25131,97.3791,-0.45999,-1.91788,-1.837046891450882,-0.17004835605621338,1.33398,999,1.63458,0.0537052,0.713383,1.63458,-0.0537052,4.04882,446,4.054545454,446,4.054545454,,,,,,,,,,,,,,,,,,,"Gavin Lux","19955",666158
"Eugenio Suárez","CIN",142.165,598.36,532.016,124.47,66.8201,22.905,0.783685,33.9613,75.9361,94.8155,49.2849,0.78893,175.647,10.6844,6.16729,0.207585,7.52509,2.73921,0.864106,0.233959,0.0823666,0.293547,0.280591,0.308349,0.471464,0.333672,0.779813,0.237505,3.08816,0.275459,-1.27777,-0.637839,80.7169,10.0161,109.281,-1.91561,-0.32167,4.666572451591492,-11.640243381261826,1.3233,116.23999786376953,2.69062,-0.649858,1.47888,2.69062,0.649858,3.02815,737.3,5.192253521,737.3,5.192253521,,,,,,,,,,,,,,,,,,,"Eugenio Suarez","12552",553993
"Danny Jansen","TEX",88.7444,329.801,286.857,60.3982,36.0017,12.2201,0.182053,11.9944,36.0947,37.4882,35.5708,0.120038,77.0778,4.61078,2.06583,0.696432,3.95081,0.797126,0.186876,0.210552,0.107856,0.23371,0.461493,0.305617,0.379861,0.302862,0.685478,0.169309,2.11882,0.2422,-0.384732,-0.419249,36.2391,-2.72938,94.5795,-0.803981,-2.46498,-2.9109833240509033,4.382581949234009,1.31193,999,2.41112,-1.10583,0.601614,2.41112,1.10583,4.19785,321.5,3.61235955,321.5,3.61235955,,,,,,,,,,,,,,,,,,,"Danny Jansen","16535",643376
"Joshua Baez","STL",32.0486,87.5909,78.6009,18.1132,12.0889,3.02189,0,3.00243,10.4416,10.7004,8.77971,0,22.0719,0.210323,0,0,0,5.14137,1.17981,0.230445,0.100235,0.251988,0.397779,0.309429,0.383486,0.30586,0.692916,0.153041,5.08582,0.282303,-0.405967,0.405967,9.83789,-0.511656,94.8183,-7.69593e-9,11.34,-0.5364317374894823,10.374491691589355,1.30986,999,7.65081,0.0876611,1.82969,7.65081,-0.0876611,2.56042,92.4,2.8875,92.4,2.8875,,,,,,,,,,,,,,,,,,,"Joshua Baez","sa3017022",695491
"Luis García Jr.","WSN",123.752,504.981,470.319,124.822,83.9737,24.2046,1.81624,14.8273,58.5819,61.6365,27.6631,1.39662,79.7737,1.66952,5.03145,0.29766,8.53914,13.3128,4.59691,0.265398,0.0547805,0.157974,0.346769,0.305448,0.419164,0.311665,0.724612,0.153766,4.86915,0.288889,-0.149209,0.0412644,59.0973,-0.57009,99.1055,-0.107945,0.0704048,-0.6432967707514763,-3.672713741660118,1.27735,230.6199951171875,1.82638,-1.56464,0.642379,1.82638,1.56464,4.1435,552.7,4.457258064,552.7,4.457258064,,,,,,,,,,,,,,,,,,,"Luis Garcia Jr.","20391",671277
"Dylan Crews","WSN",136.419,559.897,508.626,119.851,78.8342,21.5295,3.5344,15.953,66.5472,59.8059,39.3117,0.330462,124.505,8.71343,2.96836,0.277177,8.30563,24.7534,6.8914,0.235637,0.0702125,0.222372,0.315744,0.299983,0.385959,0.300146,0.685942,0.150322,6.28997,0.279946,-0.276031,1.29322,60.288,-5.86812,91.2151,1.01719,2.79506,-4.812409400939941,-1.3411009311676025,1.27629,157.86000061035156,2.74383,-1.12849,1.00932,2.74383,1.12849,3.65425,571.9,4.205147058,571.9,4.205147058,,,,,,,,,,,,,,,,,,,"Dylan Crews","33541",686611
"Sal Stewart","CIN",118.927,479.13,433.968,114.085,71.0885,24.1601,0.382832,18.453,60.4849,63.4794,37.091,0.464298,93.5821,4.41467,3.41551,0.240308,7.95643,6.81344,2.05697,0.262887,0.0774133,0.195317,0.396347,0.324898,0.447889,0.333791,0.772787,0.185002,3.81127,0.293935,0.0320414,-0.219921,64.6791,8.06626,109.362,-0.18788,0.391816,5.1286821365356445,-8.682714700698853,1.26732,198,2.29775,0.437755,0.460537,2.29775,-0.437755,4.38595,573.9,4.822689075,573.9,4.822689075,,,,,,,,,,,,,,,,,,,"Sal Stewart","31505",701398
"José Caballero","NYY",93.0498,352.065,303.162,68.2143,46.8425,13.9569,0.96462,6.45027,44.6012,29.8192,37.8942,0.25329,88.7074,6.26841,2.2939,2.447,2.82332,37.2939,8.2713,0.225009,0.107634,0.251963,0.427182,0.321427,0.341241,0.297778,0.662668,0.116231,6.94877,0.293697,-1.07715,3.47242,37.2323,-4.36695,89.266,2.39527,0.321161,-2.071265935897827,2.459137797355652,1.25878,210.89999389648438,3.9755,1.04532,2.21411,3.9755,-1.04532,2.04786,360.4,3.875268817,360.4,3.875268817,,,,,,,,,,,,,,,,,,,"Jose Caballero","23401",676609
"Nolan Schanuel","LAA",140.456,599.165,516.996,134.664,97.4622,23.3228,1.3558,12.5226,70.9073,56.3836,65.8382,2.93239,84.3601,9.17636,4.24574,2.90897,12.0306,6.07147,1.671,0.260473,0.109883,0.140796,0.780442,0.351658,0.383496,0.325266,0.735153,0.123023,3.67112,0.287824,-0.921304,-0.589285,76.7362,5.94024,107.429,-1.51059,-1.34313,3.735891580581665,-12.180798292160034,1.2459,611.2899780273438,2.916,-0.143421,0.601743,2.916,0.143421,4.19768,664.4,4.745714285,664.4,4.745714285,,,,,,,,,,,,,,,,,,,"Nolan Schanuel","33189",694384
"Alec Burleson","STL",139.143,577.308,527.926,141.184,95.4012,25.0291,1.09511,19.659,64.3083,73.8306,39.7156,0.718271,82.2537,3.6504,4.8158,1.20032,11.2684,5.89344,1.7415,0.267432,0.0687945,0.142478,0.482843,0.32034,0.430706,0.324838,0.751047,0.163274,3.50958,0.282074,-0.713513,-0.445842,73.7362,5.52285,107.855,-1.15935,-0.864492,4.200195670127869,-11.600838422775269,1.24186,180.13999938964844,2.35017,0.661473,0.618492,2.35017,-0.661473,4.17534,665.6,4.788489208,665.6,4.788489208,,,,,,,,,,,,,,,,,,,"Alec Burleson","27615",676475
"Heliot Ramos","SFG",145.813,613.516,553.812,139.861,91.6456,24.692,1.86808,21.6552,73.8519,71.7988,45.7011,1.52632,149.382,9.38978,4.04594,0.567796,11.2408,6.07101,2.4466,0.252542,0.0744904,0.243485,0.305934,0.318056,0.421181,0.320874,0.739236,0.168638,3.91969,0.305583,-0.158701,-0.746352,76.3866,3.89487,105.132,-0.905053,-4.35353,2.8162776231765747,-11.691136837005615,1.21641,226.6199951171875,3.2566,-0.631772,0.373667,3.2566,0.631772,4.50178,691.5,4.736301369,691.5,4.736301369,,,,,,,,,,,,,,,,,,,"Heliot Ramos","22515",671218
"Nick Gonzales","PIT",96.3729,400.479,366.931,94.5506,63.103,21.1503,2.94672,7.35062,44.0478,40.5821,24.1433,0.368428,81.5633,4.97186,3.67541,0.757394,7.22493,2.24302,1.46906,0.257679,0.0602859,0.203664,0.296006,0.309379,0.39148,0.305086,0.700859,0.133801,4.20334,0.309557,0.259305,-0.759364,44.7285,-2.59124,92.6952,-0.500059,-0.383463,-3.9672937393188477,2.4918603003025055,1.21226,999,2.96386,-0.426339,0.873268,2.96386,0.426339,3.83564,396.8,4.133333333,396.8,4.133333333,,,,,,,,,,,,,,,,,,,"Nick Gonzales","27490",693304
"Brayan Rocchio","CLE",123.715,471.779,422.547,97.9379,66.4609,21.8013,1.6853,7.99038,50.2577,45.1716,35.1924,0.425022,91.6243,6.96593,4.07057,3.00388,8.01788,10.9487,4.22601,0.23178,0.074595,0.19421,0.384095,0.298856,0.348082,0.286028,0.646938,0.116302,4.83357,0.275067,0.0585899,-0.25515,45.392,-10.3524,82.7625,-0.196561,-0.39869,-9.781422302126884,5.08092936873436,1.18042,999,1.51151,-2.34785,0.640164,1.51151,2.34785,4.14645,411.9,3.321774193,411.9,3.321774193,,,,,,,,,,,,,,,,,,,"Brayan Rocchio","23690",677587
"Christian Walker","HOU",136.859,574.734,513.804,118.733,70.2309,21.79,0.765309,25.947,68.0116,79.0312,46.8798,1.52842,146.929,8.42344,5.39674,0.230133,8.43146,2.96175,1.02037,0.231086,0.0815678,0.255647,0.319065,0.302933,0.427974,0.315498,0.730907,0.196888,2.896,0.267917,-0.573611,-0.644154,69.0492,1.13987,102.454,-1.21776,1.82057,0.4444214105606079,-8.739558577537537,1.17519,201.6199951171875,2.7557,0.745129,0.985911,2.7557,-0.745129,3.68545,634.2,4.62919708,634.2,4.62919708,,,,,,,,,,,,,,,,,,,"Christian Walker","13419",572233
"Jesús Sánchez","HOU",109.518,439.917,397.195,97.0361,61.1814,18.1747,2.15048,15.5295,53.9018,51.042,36.9296,1.01017,105.54,2.86874,2.20756,0.715946,7.69227,10.0282,2.45061,0.244304,0.0839468,0.239909,0.34991,0.311553,0.418184,0.316523,0.729737,0.17388,5.14525,0.292839,-0.25624,0.342099,53.218,1.2385,103.16,0.0858585,-0.272129,1.7241500541567802,-5.448036223649979,1.16814,671.1400146484375,1.45261,-0.107155,0.453583,1.45261,0.107155,4.39522,493.6,4.487272727,493.6,4.487272727,,,,,,,,,,,,,,,,,,,"Jesus Sanchez","19913",660821
"Samuel Basallo","BAL",109.85,425.353,385.188,92.3744,57.3551,18.524,0.402489,16.0929,50.298,55.4007,33.0133,1.78654,103.976,3.8398,2.67971,0.632698,8.5462,2.70497,0.989048,0.239817,0.0776138,0.244446,0.31751,0.304265,0.415335,0.311142,0.7196,0.175519,3.09391,0.284846,0.0844539,-0.474177,49.5982,-0.660535,100.323,-0.389723,0.133535,-0.22801844775676727,-3.000042676925659,1.16758,175.42999267578125,2.69527,0.54825,0.364952,2.69527,-0.54825,4.5134,449.6,4.087272727,449.6,4.087272727,,,,,,,,,,,,,,,,,,,"Samuel Basallo","28824",694212
"Joey Bart","PIT",85.9592,323.642,284.639,67.0403,47.136,11.4855,0.371341,8.04745,33.0963,34.0249,30.5357,0.000462493,89.0266,6.2897,1.71391,0.463634,7.14445,1.30601,0.590397,0.235527,0.0943504,0.275077,0.342996,0.321388,0.363305,0.305139,0.684693,0.127778,2.50938,0.311671,-0.299306,-0.534859,36.1606,-2.08016,92.7315,-0.834165,-2.4085,-3.6222504377365112,4.224147319793701,1.16325,999,2.57146,-0.550884,0.837219,2.57146,0.550884,3.88371,307.4,3.574418604,307.4,3.574418604,,,,,,,,,,,,,,,,,,,"Joey Bart","21524",663698
"Cedric Mullins","TBR",111.135,450.021,399.758,90.1338,55.7364,18.533,1.79414,14.0703,53.1521,49.7238,40.6065,0.311695,100.939,3.65843,3.66947,2.32923,3.68143,18.8347,4.50026,0.225471,0.0902324,0.224299,0.402287,0.300203,0.386399,0.300414,0.686602,0.160928,5.91434,0.263727,-0.406675,1.26589,48.5547,-4.61879,91.0769,0.859215,-1.42616,-3.886862635612488,-0.11465072631835938,1.14888,375.2900085449219,1.8424,0.143037,0.92966,1.8424,-0.143037,3.76045,459.2,4.136936936,459.2,4.136936936,,,,,,,,,,,,,,,,,,,"Cedric Mullins","17929",656775
"Ryan O'Hearn","PIT",124.508,509.049,453.073,119.746,82.2948,22.5035,1.29939,13.6485,59.9128,60.0035,46.7252,2.68128,95.5436,5.25269,3.63909,0.359514,8.82014,3.03467,0.964071,0.264298,0.0917892,0.18769,0.489046,0.337581,0.410076,0.325896,0.747657,0.145778,3.20328,0.3053,-0.51623,-0.656594,65.4553,5.30725,106.951,-1.17282,-0.914351,3.020941138267517,-8.747816145420074,1.14685,310.760009765625,1.38598,-0.92849,0.628915,1.38598,0.92849,4.16145,581.9,4.6552,581.9,4.6552,,,,,,,,,,,,,,,,,,,"Ryan O'Hearn","16442",656811
"Cole Young","SEA",97.5652,375.348,330.367,76.6526,52.2601,16.0141,1.69547,6.68284,39.393,35.9039,35.607,0.775737,66.4998,4.68882,2.67347,2.01183,6.06923,4.95211,1.87239,0.232022,0.0948638,0.177168,0.535445,0.313252,0.351446,0.295085,0.664698,0.119423,4.35435,0.269261,0.119494,-0.382256,38.874,-5.47625,94.3485,-0.262761,-0.747072,-2.7629495561122894,0.8661085963249207,1.12769,999,2.74127,-1.06924,0.711105,2.74127,1.06924,4.05186,351.7,3.58877551,351.7,3.58877551,,,,,,,,,,,,,,,,,,,"Cole Young","31680",702284
"Spencer Horwitz","PIT",114.439,477.487,417.85,107.776,70.7504,25.0463,0.877996,11.1012,58.0104,51.2373,50.7696,1.33353,88.1754,5.32941,2.9796,0.55867,8.72374,1.92819,0.840382,0.25793,0.106327,0.184665,0.57578,0.343605,0.401776,0.327651,0.74538,0.143846,2.99003,0.300649,-0.313494,-0.787129,62.0773,5.65848,108.153,-1.10062,0.652912,3.513419508934021,-8.37908136844635,1.12753,999,2.43372,1.4895,0.588511,2.43372,-1.4895,4.21532,537.4,4.714035087,537.4,4.714035087,,,,,,,,,,,,,,,,,,,"Spencer Horwitz","26477",687462
"Parker Meadows","DET",118.393,467.826,418.479,94.2044,60.6647,17.0598,4.94231,11.5376,55.2955,44.1746,42.3742,0.744034,118.689,2.53389,3.24151,1.19773,3.42562,12.4495,2.92342,0.225112,0.0905768,0.253703,0.357019,0.298123,0.372209,0.293728,0.670332,0.147098,6.49136,0.283597,0.359772,0.600661,47.9361,-7.34115,86.631,0.960433,-0.583929,-6.411059141159058,1.2431292533874512,1.11867,999,2.37071,-0.572134,0.683622,2.37071,0.572134,4.0885,448.4,3.8,448.4,3.8,,,,,,,,,,,,,,,,,,,"Parker Meadows","23800",678009
"Ha-Seong Kim","ATL",76.1932,309.134,270.819,65.3175,45.8566,11.4628,1.1254,6.87267,36.5848,29.8486,31.9905,0.891049,56.3851,2.40716,2.49422,1.42302,4.19589,11.6488,3.05307,0.241185,0.103484,0.182397,0.567358,0.324055,0.367955,0.30586,0.69201,0.12677,5.33385,0.278235,-0.111106,0.555549,34.7206,-1.8059,94.6381,0.444443,-1.56537,-1.5200927555561066,1.9620932340621948,1.0975,712.4299926757812,3.12656,-1.85412,1.18384,3.12656,1.85412,3.42155,312.8,4.115789473,312.8,4.115789473,,,,,,,,,,,,,,,,,,,"Ha-Seong Kim","27506",673490
"Marcell Ozuna","PIT",120.305,504.177,435.114,105.507,65.3196,18.4474,0.157422,21.5824,60.5474,66.259,61.9498,1.08063,122.641,2.97027,3.97269,0.169392,8.65174,0.214872,0.140568,0.242481,0.122873,0.24325,0.505132,0.338144,0.434406,0.336412,0.77255,0.191925,1.42619,0.284621,-0.671616,-0.867257,69.1332,9.56089,114.154,-1.53887,0,6.919193387031555,-12.995862007141113,1.09448,458,3.09958,-1.98042,0.574616,3.09958,1.98042,4.23385,612.6,5.105,612.6,5.105,,,,,,,,,,,,,,,,,,,"Marcell Ozuna","10324",542303
"Zach McKinstry","DET",109.916,425.678,381.479,88.8935,58.4858,16.9214,5.18287,8.30343,50.5599,38.2575,35.6919,0.649709,92.7734,4.36711,3.06589,1.07329,4.27641,14.3073,3.59947,0.233023,0.0838473,0.217943,0.384721,0.3037,0.369852,0.295568,0.673552,0.136829,6.79636,0.2843,0.370861,0.741144,44.2535,-6.04363,87.8989,1.11201,-0.340798,-4.9592286348342896,0.8629806637763977,1.0799,510.5199890136719,1.64388,-0.00666976,0.897568,1.64388,0.00666976,3.80324,405.8,3.689090909,405.8,3.689090909,,,,,,,,,,,,,,,,,,,"Zach McKinstry","19392",656716
"Carson Williams","TBR",94.939,368.966,332.746,71.3055,43.9793,13.3054,2.07564,11.9452,44.0446,41.6015,29.4873,0.280065,125.494,3.15003,1.78481,1.79805,4.77397,10.1163,3.15431,0.214294,0.0799188,0.340124,0.23497,0.283093,0.374453,0.287724,0.657547,0.160159,6.05377,0.301182,-0.208297,0.227564,36.0079,-7.58831,82.3597,0.0192665,1.11547,-7.673405742272735,5.51078999042511,1.05636,999,2.97739,-1.26603,0.72433,2.97739,1.26603,4.03423,333.1,3.506315789,333.1,3.506315789,,,,,,,,,,,,,,,,,,,"Carson Williams","30038",700246
"Dylan Beavers","BAL",102.745,407.942,355.918,84.4952,53.5329,17.4004,1.75611,11.8058,49.9225,42.6527,44.8545,0.89258,98.1193,2.40585,2.76717,1.99704,3.91001,10.5669,3.25142,0.237401,0.109953,0.240523,0.457143,0.324565,0.395668,0.315994,0.720233,0.158267,5.13311,0.292207,-0.0376502,0.122348,49.1749,0.973404,103.665,0.0846983,-0.966123,1.8466858193278313,-5.6134825348854065,1.05115,445.5199890136719,2.01934,0.10084,0.645082,2.01934,-0.10084,4.13989,441.4,4.285436893,441.4,4.285436893,,,,,,,,,,,,,,,,,,,"Dylan Beavers","31695",687637
"Colt Emerson","SEA",72.502,287.555,256.739,60.222,41.11,12.7901,1.12707,5.19485,30.4281,28.9441,23.3933,1.19187,62.343,4.43247,2.36884,0.621155,4.90437,5.66653,1.23875,0.234565,0.0813523,0.216804,0.375235,0.306857,0.353864,0.291211,0.660721,0.119299,5.0167,0.287243,-0.374664,0.178793,28.8769,-5.09992,91.6795,-0.195871,1.98765,-3.0158257335424423,3.249342679977417,1.0365,999,2.83027,-0.540145,1.07775,2.83027,0.540145,3.56299,259,3.547945205,259,3.547945205,,,,,,,,,,,,,,,,,,,"Colt Emerson","sa3022923",806068
"Willi Castro","COL",128.709,524.618,466.441,118.234,78.6199,23.3235,4.20879,12.0819,67.8484,51.1843,41.5725,0.77062,119.281,12.433,2.7974,1.3743,8.47317,14.9843,4.71575,0.253481,0.0792433,0.227368,0.348525,0.329176,0.399238,0.319734,0.728414,0.145757,6.08985,0.314176,0.164549,0.195209,64.8324,2.84473,90.9602,0.359759,-3.7937,-5.261040776968002,-2.1130350828170776,1.03132,295.2900085449219,3.22669,-1.96419,0.677436,3.22669,1.96419,4.09675,573.6,4.446511627,573.6,4.446511627,,,,,,,,,,,,,,,,,,,"Willi Castro","17338",650489
"Jake Burger","TEX",129.263,530.123,489.898,117.831,69.5461,22.2979,0.998097,24.9887,61.4421,73.7288,27.4451,0.698507,131.345,8.18303,4.14123,0.456049,7.59075,1.60333,0.773149,0.240521,0.0517712,0.247764,0.208954,0.289727,0.443135,0.314162,0.732862,0.202614,2.81254,0.274921,-0.0987984,-0.685667,63.1144,0.476271,102.363,-0.784465,1.14896,0.6922239661216736,-9.014980912208557,1.01527,266.6199951171875,2.05721,-0.885357,0.776115,2.05721,0.885357,3.96518,581.3,4.50620155,581.3,4.50620155,,,,,,,,,,,,,,,,,,,"Jake Burger","22275",669394
"Denzel Clarke","ATH",97.9522,375.946,339.267,76.1637,48.6342,16.3867,2.93459,8.20832,44.7421,33.7284,26.9455,0.030013,123.598,5.93337,1.63566,2.16453,4.69128,13.7526,2.55851,0.224495,0.0716737,0.328764,0.218009,0.291728,0.362677,0.288161,0.654405,0.138182,6.96663,0.324995,-0.350414,1.16484,36.8223,-7.59864,82.6595,0.814425,2.5222,-6.890557646751404,4.03380811214447,1.00951,999,3.03138,-0.298906,0.986827,3.03138,0.298906,3.68423,342.5,3.494897959,342.5,3.494897959,,,,,,,,,,,,,,,,,,,"Denzel Clarke","29858",672016
"Brooks Lee","MIN",136.732,547.645,504.365,121.294,83.0331,22.6973,1.54718,14.0163,55.4539,61.6905,35.0868,1.15161,94.891,2.88882,4.722,0.582556,10.4211,4.43127,1.21179,0.240488,0.0640685,0.173271,0.369759,0.291136,0.374995,0.289873,0.666131,0.134507,3.70407,0.268073,-0.559617,-0.401251,54.4007,-10.3078,83.4682,-0.960868,-3.59049,-11.631522834300995,2.640390157699585,1.00859,528.0499877929688,2.10062,-1.03412,0.221706,2.10062,1.03412,4.70439,502.1,3.664963503,502.1,3.664963503,,,,,,,,,,,,,,,,,,,"Brooks Lee","31595",686797
"Nathan Lukes","TOR",107.134,419.37,375.409,96.4955,67.9942,18.5755,1.7643,8.16151,48.8321,45.3862,33.3062,1.25983,66.935,2.65891,3.60963,4.38611,8.86185,3.62878,1.56868,0.257041,0.0794196,0.159608,0.49759,0.319194,0.381142,0.306381,0.700336,0.124101,4.11092,0.290646,0.0482499,-0.594633,47.2795,-2.27232,96.2021,-0.546384,2.24769,-2.42357474565506,-2.178903579711914,1.00589,999,4.68775,0.7947,0.744386,4.68775,-0.7947,4.00749,414.3,3.871962616,414.3,3.871962616,,,,,,,,,,,,,,,,,,,"Nathan Lukes","18123",664770
"Brett Baty","NYM",114.801,452.53,408.585,98.8896,65.2211,16.1932,0.835101,16.6402,52.0771,52.6789,37.3272,0.5748,112.66,3.15339,2.57051,0.893573,7.9334,5.19972,1.16716,0.24203,0.0824858,0.248955,0.331328,0.30859,0.407929,0.312023,0.716519,0.1659,3.82083,0.291814,-0.297415,-0.132039,53.0908,-0.379064,99.0519,-0.429454,1.03881,-0.9365197420120239,-4.603129744529724,1.0002,286.3299865722656,1.19097,-0.504402,0.363205,1.19097,0.504402,4.51573,484,4.208695652,484,4.208695652,,,,,,,,,,,,,,,,,,,"Brett Baty","26123",683146
"Luis Torrens","NYM",62.1453,223.25,204.074,47.7838,32.7281,9.26385,0.93075,4.86116,21.469,23.3836,14.732,0.176606,49.7144,2.02328,1.66869,0.751792,4.44471,1.07233,0.520467,0.234149,0.0659886,0.222685,0.296332,0.290065,0.360127,0.285092,0.650192,0.125978,3.43671,0.283941,-0.018723,-0.324182,21.3102,-5.06856,80.5516,-0.342905,2.80797,-5.474609196186066,7.603128910064697,0.990822,999,1.8517,-0.523254,1.25823,1.8517,0.523254,3.32236,193.7,3.124193548,193.7,3.124193548,,,,,,,,,,,,,,,,,,,"Luis Torrens","15905",620443
"Pedro Pagés","STL",88.7893,328.817,301.136,67.1089,45.4728,12.1891,0.734938,8.71206,30.5793,35.2248,20.4371,0.685877,86.3366,2.60769,2.79161,1.84447,6.07956,0.958986,0.219662,0.222853,0.0621533,0.262567,0.236714,0.275723,0.355003,0.275344,0.630725,0.13215,2.6816,0.279573,-0.341355,-0.345961,28.7845,-10.0678,73.855,-0.687316,2.46493,-10.84810745716095,9.31595778465271,0.981835,999,2.28739,-0.539769,0.75118,2.28739,0.539769,3.99843,270.2,3.035955056,270.2,3.035955056,,,,,,,,,,,,,,,,,,,"Pedro Pages","25782",686780
"Yoán Moncada","LAA",90.6728,358.318,318.87,75.5448,47.0077,15.8837,1.32513,11.3282,40.4897,40.2976,33.0985,0.805832,95.661,4.39435,1.8067,0.148248,6.29507,1.31508,0.271631,0.236914,0.0923719,0.266972,0.345998,0.315598,0.401616,0.313542,0.717214,0.164702,3.44396,0.300516,-0.309338,-0.400748,42.4798,0.141758,99.3533,-0.710086,-2.22728,-0.9832173883914948,-1.7608612775802612,0.981039,712.8099975585938,2.56462,-0.506328,0.612599,2.56462,0.506328,4.1832,375,4.12087912,375,4.12087912,,,,,,,,,,,,,,,,,,,"Yoan Moncada","17232",660162
"Justin Crawford","PHI",99.0284,393.047,357.715,95.3824,71.2968,16.9275,2.23542,4.92267,49.46,34.8193,27.9893,0.417878,81.8722,1.75497,2.00768,3.58023,7.19657,20.9506,4.66603,0.266644,0.0712111,0.208302,0.341865,0.321277,0.367748,0.303327,0.689025,0.101104,6.58285,0.331443,-0.242383,1.61501,43.337,-3.10447,91.7633,1.37263,-2.50905,-2.4643930196762085,-1.28146493434906,0.954668,999,2.38401,-0.15872,1.53827,2.38401,0.15872,2.94897,397.6,4.016161616,397.6,4.016161616,,,,,,,,,,,,,,,,,,,"Justin Crawford","sa3020240",702222
"Ke'Bryan Hayes","CIN",126.751,503.689,463.245,111.879,82.3065,19.0774,2.0507,8.44464,51.4234,46.2788,32.9496,0.818423,99.4172,3.81848,2.86927,0.806321,9.9872,10.6276,3.09289,0.241512,0.0654166,0.197378,0.331428,0.29559,0.346235,0.282716,0.641826,0.104724,4.68091,0.28872,0.21532,0.0782321,47.1078,-12.4069,74.3749,0.293552,5.6205,-15.004023671150208,7.576542139053345,0.954615,999,2.22725,-1.91623,0.624025,2.22725,1.91623,4.16797,429.4,3.381102362,429.4,3.381102362,,,,,,,,,,,,,,,,,,,"Ke'Bryan Hayes","18577",663647
"Agustín Ramírez","MIA",120.692,501.856,456.468,111.168,67.4873,24.9325,1.00405,17.7442,60.1313,62.6156,36.2742,1.61055,98.5357,5.59296,3.31002,0.211601,9.32763,12.2582,2.92248,0.24354,0.07228,0.196342,0.368132,0.305067,0.419178,0.313012,0.724245,0.175638,4.79375,0.271978,-0.706747,0.543543,59.2806,-0.0176442,98.6673,-0.163204,-6.92116,-0.9559227675199509,-6.610741466283798,0.934136,80.80999755859375,1.26058,3.17319,0.313434,1.26058,-3.17319,4.58209,553.4,4.573553719,553.4,4.573553719,,,,,,,,,,,,,,,,,,,"Agustin Ramirez","26546",682663
"Jett Williams","MIL",87.2588,350.486,310.553,69.3284,42.6743,16.0526,2.5987,8.00285,41.3245,34.0501,33.4206,0.175039,91.7847,3.50629,2.23094,0.774797,3.66504,12.5351,2.75045,0.223241,0.0953551,0.261878,0.36412,0.303837,0.368977,0.296669,0.672814,0.145735,6.36095,0.287918,-0.323038,0.856308,36.7498,-4.66279,89.5677,0.53327,-1.66836,-3.8002904653549194,1.2288378477096558,0.92995,999,6.11801,-0.32585,0.967794,6.11801,0.32585,3.70961,341.4,3.924137931,341.4,3.924137931,,,,,,,,,,,,,,,,,,,"Jett Williams","sa3020134",702518
"Tyler O'Neill","BAL",87.3158,360.768,317.484,73.3202,42.8972,12.5522,0.892457,16.9784,45.7517,46.4046,36.2617,1.64344,100.113,4.06229,2.80617,0.153979,5.07511,4.82241,0.952559,0.230942,0.100513,0.2775,0.362208,0.315141,0.436534,0.324387,0.751675,0.205592,4.35007,0.277275,-0.208849,0.0358426,45.9466,3.31914,109.446,-0.173007,-1.36232,3.84352807700634,-7.233426213264465,0.923589,999,2.28303,-0.40138,0.563712,2.28303,0.40138,4.24838,421.7,4.847126436,421.7,4.847126436,,,,,,,,,,,,,,,,,,,"Tyler O'Neill","15711",641933
"Dalton Rushing","LAD",55.421,199.276,175.839,39.184,24.2045,8.07603,0.254325,6.64907,24.0102,24.6947,18.6285,0.364424,56.9881,3.31169,1.36784,0.128936,2.52037,0.754601,0.201934,0.22284,0.0934807,0.285976,0.326883,0.30693,0.385101,0.30405,0.692031,0.162261,2.94752,0.286475,-0.0777345,-0.234002,22.0891,-1.4569,93.575,-0.311736,1.32563,-1.8250011205673218,4.081476211547852,0.920898,999,1.97137,2.47334,1.1334,1.97137,-2.47334,3.4888,199.3,3.623636363,199.3,3.623636363,,,,,,,,,,,,,,,,,,,"Dalton Rushing","31382",687221
"Mike Yastrzemski","ATL",109.93,441.995,385.203,88.1412,51.0377,19.5356,2.24832,15.3195,53.8379,48.575,48.3749,2.06468,101.534,3.68651,2.9077,1.82252,5.2995,4.30978,1.4867,0.228817,0.109447,0.229717,0.476442,0.318518,0.410516,0.317167,0.729034,0.181699,4.44997,0.268459,-0.0169967,-0.413869,53.7006,1.47551,102.384,-0.430865,-1.43665,0.8178308010101318,-6.525984883308411,0.920518,999,1.77421,0.638788,0.302068,1.77421,-0.638788,4.59724,479,4.354545454,479,4.354545454,,,,,,,,,,,,,,,,,,,"Mike Yastrzemski","14854",573262
"Austin Martin","MIN",86.6039,333.387,289.753,72.8467,53.1108,15.4173,0.959126,3.35947,38.8834,25.6271,34.6324,0.26108,58.5718,4.8518,1.75788,2.39197,6.70696,13.9828,3.65529,0.25141,0.103881,0.175687,0.591281,0.339373,0.346021,0.307808,0.685395,0.0946115,5.49345,0.302672,-0.349737,0.690087,37.972,-1.42019,95.8235,0.340349,1.05328,-1.3007444441318512,-1.2454640865325928,0.91349,999,1.80498,0.0393743,1.42797,1.80498,-0.0393743,3.09604,331.6,3.811494252,331.6,3.811494252,,,,,,,,,,,,,,,,,,,"Austin Martin","27462",668885
"Marcelo Mayer","BOS",103.63,403.342,368.831,89.5768,56.2657,21.1762,1.66698,10.4679,47.621,44.8831,28.8962,1.40982,97.8915,1.92194,3.09034,0.60204,5.96481,5.21238,1.91968,0.242867,0.0716421,0.242701,0.295186,0.29894,0.394464,0.30031,0.693404,0.151597,4.61192,0.300153,0.0861751,-0.309257,43.4842,-4.17372,87.22,-0.223082,0.134412,-6.298502415418625,1.3265636414289474,0.911648,632.760009765625,3.33224,0.0488788,0.51617,3.33224,-0.0488788,4.31177,398.2,3.828846153,398.2,3.828846153,,,,,,,,,,,,,,,,,,,"Marcelo Mayer","29668",691785
"Victor Caratini","MIN",95.8972,364.925,325.726,81.3702,57.9258,12.9195,0.24437,10.2806,38.0451,41.2478,27.3067,0.580432,66.2031,7.60954,3.821,0.462128,8.04745,1.16483,0.37267,0.249812,0.0748282,0.181415,0.412469,0.319062,0.385662,0.309436,0.704725,0.13585,2.1976,0.280916,-0.58644,-0.528729,42.0463,-1.07241,96.9445,-1.11517,-1.49747,-2.429383397102356,-1.3001506328582764,0.903481,732.1900024414062,2.06813,-0.145006,0.815454,2.06813,0.145006,3.91273,366.2,3.814583333,366.2,3.814583333,,,,,,,,,,,,,,,,,,,"Victor Caratini","14968",605170
"Romy Gonzalez","BOS",78.3069,302.934,279.906,73.6366,47.833,14.8733,2.21061,8.71969,36.8555,38.2381,17.0969,0.646133,75.699,2.33297,3.21016,0.387909,5.54515,7.78008,2.85254,0.263076,0.0564376,0.249886,0.225853,0.307611,0.425465,0.315194,0.733076,0.162389,5.74483,0.326713,-0.15356,-0.0519311,36.32,0.526007,97.4729,-0.205491,-0.129271,-1.1077787280082703,-0.6380878984928131,0.888136,631.9500122070312,4.59556,-0.211853,1.13566,4.59556,0.211853,3.48579,337.7,4.329487179,337.7,4.329487179,,,,,,,,,,,,,,,,,,,"Romy Gonzalez","21562",663853
"Casey Schmitt","SFG",73.9412,287.401,261.477,62.3197,39.7582,12.0711,0.418043,10.0724,30.8744,32.9141,19.3737,0.485159,67.0841,3.00483,2.5114,1.03382,4.36543,1.26637,0.527496,0.238337,0.0674101,0.233416,0.288798,0.295768,0.403263,0.302958,0.699031,0.164926,2.68856,0.279648,-0.00984072,-0.369749,31.6026,-2.35603,92.8247,-0.37959,0.597131,-2.816913902759552,1.6621273159980774,0.877033,999,4.02369,0.348164,0.96052,4.02369,-0.348164,3.71931,280.1,3.785135135,280.1,3.785135135,,,,,,,,,,,,,,,,,,,"Casey Schmitt","27577",669477
"Garrett Mitchell","MIL",88.6286,338.364,300.102,67.8261,43.7765,13.203,2.39513,8.45152,39.4112,31.8878,30.7872,0.331215,101.179,3.15485,1.97057,2.34957,3.54191,11.8385,2.66812,0.22601,0.0909884,0.299022,0.304286,0.302868,0.370453,0.296441,0.673321,0.144443,6.26233,0.308531,-0.162526,0.764173,35.4162,-4.56411,89.4116,0.601647,0.332719,-3.6446213126182556,0.9458368718624115,0.87566,999,2.75796,-1.05689,1.00908,2.75796,1.05689,3.65456,321.5,3.61235955,321.5,3.61235955,,,,,,,,,,,,,,,,,,,"Garrett Mitchell","27555",669003
"Connor Norby","MIA",113.477,436.33,398.665,96.5306,61.7289,20.4279,1.67811,12.6957,51.277,48.3693,29.7618,0.281397,117.998,4.01145,3.40839,0.483215,5.06332,7.9095,2.40583,0.242135,0.0682094,0.270433,0.252223,0.298967,0.39733,0.302714,0.696298,0.155196,4.97203,0.308921,-0.396673,-0.0319458,47.8924,-3.66332,91.6131,-0.428619,-2.55474,-4.765818268060684,-1.1981878280639648,0.875058,625.3300170898438,4.79559,-2.39294,0.444055,4.79559,2.39294,4.40793,447.4,3.959292035,447.4,3.959292035,,,,,,,,,,,,,,,,,,,"Connor Norby","29592",681393
"Adolis García","PHI",131.57,547.392,500.237,116.876,69.2197,23.4831,0.992403,23.1812,66.6907,75.9354,36.2739,0.920368,141.512,5.33595,5.0847,0.460899,7.54392,10.7722,3.25565,0.233642,0.0662668,0.258521,0.256331,0.289774,0.423575,0.306919,0.713349,0.189933,4.57842,0.275066,-0.0462496,0.0956069,61.9515,-2.72705,94.2241,0.0493573,0.096513,-3.6979133002460003,-5.994707882404327,0.871625,228.86000061035156,2.27866,0.838711,0.692245,2.27866,-0.838711,4.07701,579.3,4.388636363,579.3,4.388636363,,,,,,,,,,,,,,,,,,,"Adolis Garcia","19287",666969
"Victor Scott II","STL",131.138,507.659,450.984,99.1744,71.6171,17.7573,2.59268,7.20729,55.5676,38.7013,38.3732,0.271861,114.128,8.0524,3.86735,6.38147,5.3734,32.5376,5.7171,0.219906,0.0755886,0.224813,0.336228,0.290458,0.318723,0.272215,0.609181,0.0988162,6.77007,0.27575,-0.0188513,3.38877,43.1506,-16.8332,71.7057,3.36992,2.85342,-13.606886863708496,4.877151250839233,0.864707,399.8999938964844,2.37038,0.197976,1.85689,2.37038,-0.197976,2.52414,422.4,3.22442748,422.4,3.22442748,,,,,,,,,,,,,,,,,,,"Victor Scott II","31349",687363
"Josh Bell","MIN",131.003,542.767,479.161,118.152,76.9047,20.4288,1.02032,19.7982,60.3159,65.5754,55.4194,1.17292,100.991,4.35874,3.61914,0.208908,12.6832,0.722466,1.04581,0.246581,0.102105,0.186066,0.548758,0.327947,0.41743,0.325183,0.745377,0.170849,2.0557,0.271702,-0.791811,-1.17838,69.4764,5.34435,107.792,-1.97019,-2.36817,3.0145174264907837,-13.462626218795776,0.842343,672.239990234375,2.73867,-1.83516,0.480646,2.73867,1.83516,4.35914,609.6,4.653435114,609.6,4.653435114,,,,,,,,,,,,,,,,,,,"Josh Bell","13145",605137
"Vaughn Grissom","LAA",80.518,321.055,291.231,70.5741,49.7501,13.5545,0.92435,6.34519,35.392,30.1119,22.9036,0.237248,65.6703,4.33065,2.34929,0.240115,5.99261,5.29461,1.45891,0.24233,0.0713385,0.204545,0.348766,0.304875,0.360582,0.293416,0.665457,0.118252,4.58332,0.289887,0.0682883,-0.0451859,32.8159,-5.1192,85.4891,0.0231025,1.45571,-5.4678395092487335,2.63614284992218,0.840855,999,2.94299,0.0353166,1.00908,2.94299,-0.0353166,3.65456,297,3.666666666,297,3.666666666,,,,,,,,,,,,,,,,,,,"Vaughn Grissom","26031",687093
"Max Muncy","ATH",86.8312,338.639,309.487,72.1131,45.897,15.4881,0.886751,9.84128,36.5322,37.1299,20.2203,0.577209,95.7258,5.52028,2.12391,1.28752,4.33365,3.31742,1.6129,0.233009,0.0597104,0.282678,0.211231,0.290065,0.38418,0.293714,0.674244,0.151171,3.94344,0.302226,0.0994341,-0.466145,34.6952,-5.31762,86.4746,-0.366711,0.924031,-5.780115485191345,2.497058868408203,0.836705,999,2.16556,0.371366,0.729167,2.16556,-0.371366,4.02778,315.5,3.626436781,315.5,3.626436781,,,,,,,,,,,,,,,,,,,"Max Muncy","29779",691777
"Joe Mack","MIA",61.0991,236.819,214.575,46.7326,30.0865,9.11313,0.56203,6.97096,25.1947,25.9815,17.764,0.442887,66.5112,2.48964,1.70534,0.28516,3.57412,2.07421,0.598717,0.217792,0.0750107,0.280853,0.267082,0.283199,0.362963,0.283052,0.646162,0.145171,3.94613,0.278447,0.00986748,-0.159748,22.2132,-5.76877,78.1441,-0.14988,2.12661,-6.2843974232673645,6.565084457397461,0.834841,999,2.04286,-1.184,1.04727,2.04286,1.184,3.60363,206.8,3.390163934,206.8,3.390163934,,,,,,,,,,,,,,,,,,,"Joe Mack","sa3017374",691788
"Chandler Simpson","TBR",109.988,453.572,420.933,120.176,100.516,15.8875,2.96882,0.803286,56.5932,32.6434,24.7199,0.412571,48.1584,0.860261,2.80403,4.25507,8.61925,42.3854,9.01479,0.285499,0.0545004,0.106176,0.513305,0.324395,0.343073,0.294843,0.667468,0.0575744,7.02114,0.318518,-0.242362,3.95565,46.8862,-6.70689,87.2498,3.71328,0.325308,-3.1219019889831543,-4.1400286257267,0.827597,171.9499969482422,1.98511,1.41812,2.66296,1.98511,-1.41812,1.44938,456.5,4.15,456.5,4.15,,,,,,,,,,,,,,,,,,,"Chandler Simpson","31912",802415
"Isaac Collins","KCR",105.101,399.859,345.46,81.3377,53.3644,17.8617,2.58118,7.53048,47.3987,39.7085,44.9617,0.728035,89.7088,4.79897,2.74325,1.89549,5.7576,12.8605,4.27972,0.235447,0.112444,0.224351,0.501195,0.329423,0.36749,0.309479,0.696913,0.132043,5.62151,0.294095,0.0659583,0.143486,46.0855,-1.16099,97.3041,0.209444,0.416746,-1.0646517425775528,-4.449057310819626,0.82047,512.1900024414062,2.55872,-1.07416,0.862072,2.55872,1.07416,3.85057,416.6,3.967619047,416.6,3.967619047,,,,,,,,,,,,,,,,,,,"Isaac Collins","25477",686555
"Gabriel Arias","CLE",109.539,435.997,401.214,90.4491,58.7714,18.9555,1.56076,11.1614,44.6307,44.6287,26.207,0.795931,135.764,4.9131,2.84113,0.821188,7.58544,8.30936,3.13879,0.225438,0.0601083,0.311388,0.193033,0.279357,0.363921,0.280686,0.643278,0.138483,4.84064,0.308357,0.288756,-0.211697,40.0581,-11.4583,79.0824,0.0770597,1.17567,-10.67191132158041,3.5942540168762207,0.811199,999,1.80721,-0.157122,0.57396,1.80721,0.157122,4.23472,372.7,3.388181818,372.7,3.388181818,,,,,,,,,,,,,,,,,,,"Gabriel Arias","22563",672356
"Kody Clemens","MIN",73.9426,285.306,259.476,59.5871,33.1352,11.6001,1.92563,12.9262,33.5053,35.648,20.6858,0.370353,69.5246,2.59919,1.54548,0.999725,3.44577,3.16873,0.996829,0.229644,0.0725039,0.243684,0.297532,0.291489,0.438642,0.313709,0.73013,0.208998,4.8443,0.261302,0.0799034,-0.144496,33.8625,0.151374,99.888,-0.0645922,1.30952,-0.1022670529782772,-1.9062771797180176,0.799187,731.1400146484375,2.95806,0.0280389,0.871166,2.95806,-0.0280389,3.83845,320.3,4.328378378,320.3,4.328378378,,,,,,,,,,,,,,,,,,,"Kody Clemens","20572",665019
"Henry Davis","PIT",72.8621,269.351,239.32,52.0452,33.576,10.6066,0.74471,7.11792,28.4418,26.5664,21.0312,0.73109,70.727,5.39152,2.02496,1.58233,3.24196,3.34235,1.14189,0.217471,0.0780812,0.262583,0.297358,0.293044,0.357241,0.286551,0.650285,0.13977,4.24317,0.274784,-0.129543,-0.19042,26.0298,-5.79605,79.9985,-0.319962,-0.0962488,-6.705177664756775,5.525827720761299,0.796197,999,1.53832,-0.122002,0.976272,1.53832,0.122002,3.6983,236.5,3.239726027,236.5,3.239726027,,,,,,,,,,,,,,,,,,,"Henry Davis","29617",680779
"Jacob Young","WSN",86.4387,325.127,291.487,71.2266,55.2089,12.2106,1.57565,2.2315,35.1237,24.274,21.5915,0.260392,60.2001,4.71597,1.6618,5.6712,6.05871,16.0748,4.58499,0.244356,0.0664095,0.185159,0.358663,0.305313,0.320025,0.279461,0.625338,0.0756687,6.11603,0.299047,0.56935,0.800902,29.5485,-8.86779,77.0453,1.37025,3.03208,-7.475167870521545,4.366010069847107,0.788615,999,1.66936,0.327968,1.53619,1.66936,-0.327968,2.95175,269,3.127906976,269,3.127906976,,,,,,,,,,,,,,,,,,,"Jacob Young","29931",696285
"Victor Robles","SEA",91.5801,357.602,317.672,76.4563,53.7543,15.0812,1.55627,6.0645,41.7889,31.4085,23.1467,0.172383,77.5981,9.47863,3.10806,4.19744,5.4812,18.6678,4.91123,0.240677,0.0647274,0.216995,0.298289,0.308659,0.355221,0.29405,0.663879,0.114544,6.42521,0.296865,-0.216775,1.15322,36.7355,-5.518,93.6351,0.936445,0.979116,-1.7462000250816345,-2.9215200543403625,0.781706,425.7099914550781,1.99843,-0.0179066,1.36162,1.99843,0.0179066,3.18451,337,3.663043478,337,3.663043478,,,,,,,,,,,,,,,,,,,"Victor Robles","18363",645302
"Brooks Baldwin","CHW",102.119,386.86,353.44,84.59,55.1138,15.8877,1.33719,12.2513,41.895,42.3812,25.7884,0.458073,91.8641,1.99139,2.18667,3.45359,5.44996,7.60945,2.09571,0.239333,0.0666609,0.237461,0.280724,0.293083,0.395841,0.299143,0.688924,0.156508,4.60617,0.287616,0.0233773,0.119446,41.3408,-4.36967,90.2039,0.142824,-0.777594,-4.336269795894623,-1.3028976321220398,0.762621,999,2.4816,-0.320365,0.705726,2.4816,0.320365,4.05903,381.5,3.740196078,381.5,3.740196078,,,,,,,,,,,,,,,,,,,"Brooks Baldwin","31394",681460
"Trevor Larnach","MIN",108.372,443.704,391.948,96.3458,63.1211,18.5252,1.02701,13.6725,52.1587,50.6381,43.8316,1.3435,104.057,3.37667,4.07843,0.468992,8.65963,3.47459,1.6233,0.245812,0.0987857,0.234518,0.421229,0.323878,0.402968,0.317257,0.726846,0.157155,3.32666,0.297068,-0.110064,-0.689342,53.9407,1.51365,102.332,-0.799406,-0.878156,0.4202337861061096,-8.308034002780914,0.755453,730.3800048828125,2.24286,-0.232762,0.366068,2.24286,0.232762,4.51191,479.1,4.436111111,479.1,4.436111111,,,,,,,,,,,,,,,,,,,"Trevor Larnach","21501",663616
"Christian Moore","LAA",113.289,441.27,395.062,87.1779,57.1571,15.1592,2.75026,12.1113,47.655,43.6163,38.7123,0.818032,136.857,2.96622,2.80128,1.72882,5.77888,7.77206,2.15013,0.220669,0.0877293,0.310143,0.282867,0.293161,0.364934,0.289005,0.658095,0.144265,5.28703,0.3016,-0.00773576,0.0268185,43.5229,-8.61658,82.4501,0.0190828,-0.479447,-9.10843493975699,1.2688468396663666,0.751815,999,1.43414,-0.28382,0.543779,1.43414,0.28382,4.27496,401.2,3.550442477,401.2,3.550442477,,,,,,,,,,,,,,,,,,,"Christian Moore","34979",695681
"Miguel Amaya","CHC",76.2711,284.558,255.579,58.9772,38.8961,11.6918,0.789696,7.59964,29.5146,34.398,19.4374,0.294238,60.9307,4.98944,2.12949,2.42218,4.10244,1.05201,0.236106,0.230759,0.0683075,0.214124,0.319009,0.295617,0.371889,0.292842,0.667506,0.141131,3.27524,0.271582,-0.277563,-0.302382,28.9529,-4.66982,85.8757,-0.579945,-1.55517,-5.330257594585419,3.0459184646606445,0.751621,732.239990234375,3.06275,1.8852,0.884268,3.06275,-1.8852,3.82098,264,3.47368421,264,3.47368421,,,,,,,,,,,,,,,,,,,"Miguel Amaya","21693",665804
"Braxton Fulford","COL",57.5328,210.32,188.312,44.8496,28.0878,9.59567,1.04096,6.1252,24.7172,24.4187,14.7744,0.0191585,57.43,4.37763,2.19662,0.659419,2.51825,2.32329,0.94119,0.238166,0.0702472,0.273059,0.25726,0.305263,0.397758,0.306674,0.703021,0.159592,4.73363,0.305028,0.0836249,-0.232511,23.7613,-1.08967,82.0136,-0.148887,0.437078,-4.632406130433083,4.876340746879578,0.74088,999,1.77643,0.609451,1.24207,1.77643,-0.609451,3.3439,213.1,3.674137931,213.1,3.674137931,,,,,,,,,,,,,,,,,,,"Braxton Fulford","29704",690924
"Lane Thomas","KCR",95.0616,387.995,347.839,80.2309,49.4048,17.066,1.69732,12.0627,46.9247,42.2996,31.3932,0.157438,100.921,4.65223,3.66395,0.446914,5.06789,13.175,4.55505,0.230656,0.0809114,0.260108,0.311068,0.300031,0.393515,0.3025,0.693546,0.162859,5.63209,0.285797,0.154706,0.206556,42.5196,-3.32494,92.5101,0.361261,-0.350456,-3.0734304189682007,-2.8984025418758392,0.732515,711.6699829101562,2.57859,-0.00251764,0.788515,2.57859,0.00251764,3.94865,392.2,4.128421052,392.2,4.128421052,,,,,,,,,,,,,,,,,,,"Lane Thomas","16939",657041
"Nolan Gorman","STL",122.092,494.939,440.206,93.0935,54.1249,17.6246,0.833431,20.5105,56.058,62.423,49.1712,1.49539,161.817,1.90496,3.49575,0.160941,4.10737,3.77128,1.225,0.211477,0.099348,0.326944,0.303868,0.291382,0.39508,0.298565,0.686462,0.183603,3.38477,0.277698,-0.997336,-0.432032,52.6579,-5.82294,89.8065,-1.42937,0.818685,-7.392302870750427,-2.354593336582184,0.716594,634.4299926757812,2.37062,-2.76639,0.87824,2.37062,2.76639,3.82901,493.9,4.048360655,493.9,4.048360655,,,,,,,,,,,,,,,,,,,"Nolan Gorman","22263",669357
"Alek Thomas","ARI",114.564,439.015,403.63,96.2249,64.0698,19.5467,2.82172,9.7867,49.3972,44.856,24.523,0.490077,101.371,3.73516,3.34683,3.77968,8.68287,8.16624,2.6434,0.238399,0.0558591,0.230904,0.241914,0.286013,0.373547,0.286911,0.659561,0.135149,5.35546,0.292199,1.08544,-0.055553,42.5541,-9.31892,81.1439,1.02989,0.0516699,-8.781402826309204,1.1124522536993027,0.709761,999,1.69856,-0.85695,0.526451,1.69856,0.85695,4.29807,396.5,3.447826086,396.5,3.447826086,,,,,,,,,,,,,,,,,,,"Alek Thomas","23792",677950
"Edmundo Sosa","PHI",59.6447,221.977,205.068,50.7304,33.0651,9.57762,1.27846,6.80927,26.471,26.1585,9.40908,0.119755,50.7088,4.61945,1.34551,1.53514,4.23398,2.4818,0.901778,0.247384,0.0423876,0.228442,0.185551,0.293769,0.406172,0.303311,0.699941,0.158788,4.94371,0.29498,0.270235,-0.18304,24.4721,-1.75618,91.7522,0.0871949,0.908604,-2.0826992839574814,1.6318085193634033,0.709469,999,4.35331,1.67167,1.24893,4.35331,-1.67167,3.33476,224.1,3.735,224.1,3.735,,,,,,,,,,,,,,,,,,,"Edmundo Sosa","17022",624641
"Nacho Alvarez Jr.","ATL",19.9766,71.2547,64.0287,15.049,12.2482,2.06114,0.0939289,0.645817,8.80753,7.28655,6.16245,0.104878,15.4513,0.650382,0.190288,0.222891,1.19232,0.45288,0.21262,0.235036,0.0864848,0.216846,0.39883,0.307776,0.30042,0.275091,0.608196,0.065384,3.48734,0.299307,0.021321,-0.121638,6.223,-2.19629,73.5605,-0.100317,5.95906,-2.3331756591796875,6.883904993534088,0.708145,999,4.43029,-0.309446,1.8307,4.43029,0.309446,2.55906,56.2,2.81,56.2,2.81,,,,,,,,,,,,,,,,,,,"Nacho Alvarez Jr.","31765",805373
"Nasim Nuñez","WSN",94.177,313.833,277.229,63.138,48.6255,9.67425,0.885644,3.95258,35.2172,24.701,28.3999,0.227012,72.9598,1.4851,2.11196,4.607,4.44378,21.976,4.88593,0.227747,0.0904937,0.23248,0.389254,0.300825,0.311804,0.275176,0.61263,0.0840578,6.32201,0.292377,-0.259334,1.87753,27.4301,-9.65172,74.1096,1.61819,2.36931,-8.011940121650696,4.46859335899353,0.705747,999,3.34897,0.520095,1.67818,3.34897,-0.520095,2.76242,262.9,2.79680851,262.9,2.79680851,,,,,,,,,,,,,,,,,,,"Nasim Nunez","25979",683083
"Harry Ford","WSN",94.8696,278.012,239.994,54.7301,37.4367,10.9403,0.359062,5.99395,30.6232,27.7145,27.4937,0.242866,67.8135,5.47358,4.82388,0.226245,3.55435,4.59265,1.46327,0.228048,0.0988939,0.243923,0.40543,0.315702,0.351552,0.296564,0.667254,0.123504,3.95175,0.284989,-0.0231328,-0.143885,29.1268,-3.72245,88.7608,-0.167018,0.0541225,-3.870346248149872,1.518159680068493,0.705683,731.8599853515625,3.98995,1.59239,1.01866,3.98995,-1.59239,3.64178,259,2.726315789,259,2.726315789,,,,,,,,,,,,,,,,,,,"Harry Ford","29958",695670
"Jac Caglianone","KCR",125.413,512.393,463.124,110.217,68.7845,20.6904,1.61725,19.1252,59.8238,64.9087,39.0774,1.82759,114.241,6.68021,3.1657,0.345366,8.9846,3.48064,0.993472,0.237987,0.0762644,0.222955,0.342062,0.30461,0.413535,0.311061,0.718145,0.175548,3.69713,0.273612,-0.0727854,-0.454821,59.7136,-0.829538,98.3909,-0.527606,-1.63568,-1.5020791888237,-8.990167021751404,0.700773,215.3300018310547,3.47919,0.436288,0.381074,3.47919,-0.436288,4.4919,544.8,4.3584,544.8,4.3584,,,,,,,,,,,,,,,,,,,"Jac Caglianone","35041",695506
"Jake Rogers","DET",53.157,190.514,171.318,35.679,21.5784,7.35162,0.738806,6.01017,21.409,21.3001,15.3415,0.121411,54.5688,1.60539,1.34546,0.904498,2.75195,0.844425,0.216061,0.208262,0.0805265,0.286429,0.28114,0.277548,0.365046,0.281518,0.642594,0.156783,3.85522,0.264702,-0.0442031,-0.173126,17.6325,-4.87822,78.2199,-0.217329,1.29405,-5.1079031229019165,5.39567756652832,0.700326,999,1.77077,0.411526,1.15856,1.77077,-0.411526,3.45526,165.9,3.130188679,165.9,3.130188679,,,,,,,,,,,,,,,,,,,"Jake Rogers","19452",668670
"Blaze Alexander","BAL",78.6055,307.634,272.111,61.1897,41.2024,11.507,1.15823,7.32209,33.8889,30.2442,24.938,0.0253321,93.6285,6.82842,1.86816,1.8892,4.53652,5.13427,2.44413,0.224871,0.0810638,0.30435,0.266351,0.304032,0.356397,0.293325,0.660429,0.131526,4.67835,0.311323,0.259725,-0.455606,31.4214,-4.92799,88.0488,-0.195881,-0.344719,-4.529195427894592,0.7605014443397522,0.697728,999,3.54464,0.356498,0.885389,3.54464,-0.356498,3.81948,275.8,3.49113924,275.8,3.49113924,,,,,,,,,,,,,,,,,,,"Blaze Alexander","23789",677942
"Carson Benge","NYM",94.8686,377.996,337.105,79.7621,51.8689,16.3186,2.03269,9.54201,45.6505,40.4362,33.5511,1.46519,81.617,4.30026,2.18385,0.85626,5.85062,8.32605,1.85856,0.236609,0.0887605,0.21592,0.41108,0.311856,0.381994,0.303863,0.693851,0.145385,5.53291,0.282998,-0.0984105,0.321467,41.8421,-2.82108,93.4461,0.223056,0.281524,-2.704942151904106,-3.2739565670490265,0.69717,999,2.16748,-0.230444,0.669113,2.16748,0.230444,4.10785,386.4,4.067368421,386.4,4.067368421,,,,,,,,,,,,,,,,,,,"Carson Benge","sa3025452",701807
"Cam Smith","HOU",101.832,405.975,363.979,87.1564,58.6121,17.2076,2.09506,9.2416,46.5631,41.885,34.1141,0.679761,107.65,5.18338,2.14322,0.554974,6.88804,6.2134,1.3726,0.239454,0.0840301,0.265165,0.316898,0.311909,0.374414,0.302105,0.686323,0.13496,5.0735,0.312622,0.0791343,0.0386973,44.3598,-3.60929,93.228,0.117832,0.607446,-3.1225110217928886,-4.106997787952423,0.689943,508.6199951171875,2.29187,-0.664963,0.577094,2.29187,0.664963,4.23054,394.1,3.86372549,394.1,3.86372549,,,,,,,,,,,,,,,,,,,"Cam Smith","35108",701358
"Mitch Garver",,55.0035,207.237,181.309,38.295,23.3822,6.67808,0.708937,7.52578,22.2971,23.9102,22.1072,0.396392,57.2435,2.41452,1.308,0.0987954,3.02617,1.22593,0.280726,0.211214,0.106676,0.276222,0.386195,0.303259,0.380391,0.300887,0.683651,0.169177,3.65304,0.261094,-0.425898,-0.183406,22.4394,-2.04729,91.4022,-0.609304,-1.8138,-2.715210974216461,2.4303001165390015,0.68845,999,2.8034,0.0654432,1.12806,2.8034,-0.0654432,3.49591,206.9,3.761818181,206.9,3.761818181,,,,,,,,,,,,,,,,,,,"Mitch Garver","15161",641598
"Jordan Lawlar","ARI",78.2959,295.137,265.196,62.5489,40.0799,14.3546,1.65372,6.46058,34.9762,29.1626,23.242,0.651081,79.5813,3.66861,2.03916,0.991479,2.96726,9.80622,2.40937,0.235859,0.0787498,0.269642,0.292053,0.304133,0.375544,0.297763,0.679677,0.139685,6.04263,0.30955,0.053545,0.536612,31.2083,-3.66438,88.578,0.590157,0.273236,-3.4052265882492065,0.2989438474178314,0.686824,490.95001220703125,5.53443,0.73024,1.12402,5.53443,-0.73024,3.50131,290.6,3.725641025,290.6,3.725641025,,,,,,,,,,,,,,,,,,,"Jordan Lawlar","29976",691783
"Wenceel Pérez","DET",113.826,463.329,418.478,98.7585,62.5386,19.4026,4.34451,12.4728,55.7943,48.2531,36.8383,0.358305,100.948,3.3941,3.71221,0.9065,5.21443,10.5885,3.32885,0.235995,0.0795079,0.217876,0.364922,0.300571,0.392539,0.301793,0.69311,0.156544,5.99995,0.279451,0.432789,0.0783907,50.5094,-4.23647,92.1871,0.51118,-1.15427,-3.7553362250328064,-5.533331751823425,0.681233,713.6199951171875,1.75581,1.36109,0.46909,1.75581,-1.36109,4.37455,459.6,4.031578947,459.6,4.031578947,,,,,,,,,,,,,,,,,,,"Wenceel Perez","22857",672761
"Kyle Isbel","KCR",117.584,442.137,399.401,93.3363,63.9895,18.1323,4.29482,6.91971,50.6341,39.4032,27.3498,0.285602,86.4227,4.07925,3.27878,8.0284,7.04582,8.56998,2.95316,0.233691,0.0618582,0.195466,0.316466,0.287406,0.352571,0.280596,0.639977,0.118881,6.02641,0.27936,0.621532,-0.123409,40.5899,-11.6521,77.463,0.498123,1.09302,-11.278993993997574,2.9075793027877808,0.674487,999,1.6453,-1.24625,0.64399,1.6453,1.24625,4.14135,364.3,3.087288135,364.3,3.087288135,,,,,,,,,,,,,,,,,,,"Kyle Isbel","21614",664728
"Joc Pederson","TEX",101.663,402.05,345.941,79.0593,47.5587,14.0196,1.0319,16.4492,48.0998,49.8136,45.0428,1.70238,90.875,8.15884,2.60954,0.297958,6.19435,2.97233,0.981658,0.228534,0.112033,0.226029,0.495657,0.329211,0.417674,0.326281,0.746884,0.189139,3.58244,0.25955,-0.373969,-0.461487,51.8226,4.31731,110.712,-0.835457,-0.659192,4.2405765652656555,-11.540061295032501,0.668961,999,3.38035,-1.29839,0.421859,3.38035,1.29839,4.43752,455,4.460784313,455,4.460784313,,,,,,,,,,,,,,,,,,,"Joc Pederson","11899",592626
"Kyle Higashioka","TEX",72.6787,265.467,244.859,53.9088,32.7241,10.6588,0.705984,9.8199,26.4401,33.6701,16.3539,0.0570958,65.4782,1.18217,2.32551,0.747223,3.35292,1.97707,0.531119,0.220163,0.0616041,0.246653,0.24976,0.269888,0.389773,0.285149,0.659661,0.16961,3.59854,0.256501,-0.530315,-0.153512,25.3523,-6.01472,82.3777,-0.683827,-1.41343,-6.197569251060486,3.582717776298523,0.667293,999,3.59258,0.397878,0.942529,3.59258,-0.397878,3.74329,241,3.301369863,241,3.301369863,,,,,,,,,,,,,,,,,,,"Kyle Higashioka","5517",543309
"Luis Rengifo",,100.267,397.955,365.932,91.4187,66.9592,14.9156,1.96273,7.58127,43.7921,37.6313,25.2029,0.210631,71.5785,3.61938,2.22999,0.971136,6.5974,10.9203,4.01374,0.249824,0.0633309,0.179866,0.352101,0.302886,0.363465,0.292888,0.666351,0.113641,5.18547,0.290093,0.368842,-0.0905732,40.5055,-6.51603,85.907,0.278268,-2.15996,-6.350328356027603,-0.6126325130462646,0.665601,999,3.5229,0.949537,0.976287,3.5229,-0.949537,3.69828,370.4,3.704,370.4,3.704,,,,,,,,,,,,,,,,,,,"Luis Rengifo","19858",650859
"Luis Campusano","SDP",81.8954,298.264,267.77,62.1141,41.9682,11.1377,0.798927,8.20927,32.9776,33.384,26.4039,0.0870816,67.2603,2.06001,1.83897,0.19109,8.87447,1.11856,0.168293,0.231968,0.0885254,0.225506,0.392564,0.303879,0.371503,0.29751,0.675382,0.139535,3.28023,0.27766,-0.0138852,-0.309603,31.4777,-3.76453,89.0818,-0.323488,0.157994,-4.172381192445755,0.5792665779590607,0.665177,999,2.48919,1.11952,0.821312,2.48919,-1.11952,3.90492,277.9,3.38902439,277.9,3.38902439,,,,,,,,,,,,,,,,,,,"Luis Campusano","22217",669134
"Colby Thomas","ATH",68.1342,265.445,242.007,56.3027,31.4351,13.4375,0.906732,10.5234,31.7787,32.5008,15.7876,0.000401225,81.5022,4.25509,2.39784,0.997934,3.82063,4.44291,1.4657,0.23265,0.0594759,0.30704,0.193707,0.288698,0.426121,0.307919,0.714819,0.193471,4.99973,0.300431,-0.0937349,-0.0514851,30.2575,-1.10684,96.2327,-0.14522,0.647275,-1.3271467089653015,-1.3703794479370117,0.643165,999,1.95556,-2.05645,0.973972,1.95556,2.05645,3.70137,283.2,4.164705882,283.2,4.164705882,,,,,,,,,,,,,,,,,,,"Colby Thomas","31855",687515
"Gary Sánchez","MIL",57.6301,217.079,193.212,42.1201,25.5781,7.18084,0.138678,9.22249,24.4411,29.3968,17.3759,0.0437481,57.6418,4.69357,1.69404,0.103048,3.67082,0.440851,0.122833,0.217999,0.0800442,0.265534,0.301446,0.295838,0.399798,0.303988,0.695635,0.181798,2.39075,0.256928,-0.227804,-0.276397,24.0516,-1.59796,94.5816,-0.504201,-1.09678,-1.898251712322235,0.9244805574417114,0.639299,999,1.76058,-0.464186,1.03691,1.76058,0.464186,3.61746,213.1,3.674137931,213.1,3.674137931,,,,,,,,,,,,,,,,,,,"Gary Sanchez","11442",596142
"Kyle Karros","COL",56.641,224.784,201.396,51.7937,36.0289,11.1526,0.830653,3.78146,26.219,21.5036,19.1637,0.959845,52.9323,2.65247,1.42827,0.142705,4.36749,2.08096,0.433628,0.257173,0.0852542,0.235481,0.362042,0.327678,0.377127,0.30972,0.704805,0.119954,4.09426,0.328601,-0.133091,-0.136925,25.9512,-0.608728,84.1002,-0.270017,2.3796,-4.505976676940918,3.253688156604767,0.63703,999,2.64476,0.16043,1.40313,2.64476,-0.16043,3.12916,235.2,4.126315789,235.2,4.126315789,,,,,,,,,,,,,,,,,,,"Kyle Karros","33252",691720
"Javier Sanoja","MIA",65.4321,239.751,220.952,57.1302,39.0903,12.3989,1.89143,3.74961,25.8433,24.4428,14.2259,0.464608,27.1243,1.1072,1.94957,1.51623,4.33883,5.43706,2.43062,0.258564,0.0593364,0.113135,0.524473,0.304168,0.382711,0.298472,0.68688,0.124147,5.15053,0.277984,0.204146,-0.264187,25.4898,-2.83862,88.7072,-0.0600406,0.414071,-3.268934354186058,1.4238262176513672,0.627324,999,3.90138,0.437779,1.44847,3.90138,-0.437779,3.06871,230.9,3.552307692,230.9,3.552307692,,,,,,,,,,,,,,,,,,,"Javier Sanoja","28253",691594
"Spencer Steer","CIN",106.235,437.757,387.874,91.085,56.3256,19.1068,1.33275,14.3199,50.7889,53.7094,41.9595,0.209453,95.0967,5.26321,2.2589,0.402083,5.7004,7.89261,2.08268,0.234832,0.0958511,0.217236,0.44123,0.316237,0.401721,0.314724,0.717957,0.166889,4.52471,0.273462,-0.306667,0.043419,52.3177,0.593309,96.3014,-0.263248,1.12801,-2.1822035014629364,-6.366509318351746,0.615469,290.4800109863281,4.3572,0.923849,0.368185,4.3572,-0.923849,4.50909,464.6,4.383018867,464.6,4.383018867,,,,,,,,,,,,,,,,,,,"Spencer Steer","26323",668715
"Austin Hays","CHW",112.111,451.605,412.605,101.202,64.326,20.9868,2.13055,13.7584,52.9944,52.9467,29.5258,1.07263,110.298,4.82183,3.99124,0.661273,7.14623,5.74703,1.18471,0.245275,0.0653796,0.244235,0.267692,0.30059,0.406502,0.305866,0.707092,0.161227,4.72273,0.29891,-0.298877,0.0199174,50.7246,-2.63607,94.822,-0.278959,-0.420462,-3.0427692532539368,-6.312869608402252,0.606573,632.1400146484375,3.71673,1.61015,0.324734,3.71673,-1.61015,4.56702,470.1,4.197321428,470.1,4.197321428,,,,,,,,,,,,,,,,,,,"Austin Hays","19363",669720
"JJ Bleday","CIN",82.1638,323.991,286.856,65.0565,36.5643,14.7271,0.896642,12.8685,38.6973,38.4219,33.9719,0.981213,75.7189,1.21969,1.74055,0.202885,4.15394,2.26886,0.921037,0.226792,0.104854,0.233707,0.448658,0.30961,0.418964,0.316085,0.728574,0.192173,3.54786,0.260928,-0.19201,-0.390641,39.079,0.796921,97.2332,-0.58265,0.383397,-1.6450957655906677,-3.209156781435013,0.606202,999,2.09388,-1.30227,0.65461,2.09388,1.30227,4.12719,354.4,4.321951219,354.4,4.321951219,,,,,,,,,,,,,,,,,,,"JJ Bleday","26368",668709
"Edouard Julien","COL",93.6221,359.372,309.602,75.0305,50.2186,14.5497,1.39514,8.86709,40.5322,34.2884,43.6061,1.04269,104.305,3.3053,1.82177,1.03734,5.60818,3.84548,1.4192,0.242345,0.12134,0.290243,0.418062,0.340302,0.384273,0.320814,0.724575,0.141928,4.00697,0.333736,-0.166674,-0.446429,44.7263,2.26373,91.6998,-0.613103,-1.69689,-4.148404181003571,-1.8833108991384506,0.606169,999,3.05492,-1.43129,0.803535,3.05492,1.43129,3.92862,389.6,4.144680851,389.6,4.144680851,,,,,,,,,,,,,,,,,,,"Edouard Julien","27534",666397
"Keibert Ruiz","WSN",84.9305,330.232,308.351,74.0507,52.2685,14.2945,0.155028,7.33269,29.7807,35.6887,15.7707,0.200432,38.0177,3.67948,2.26404,0.166463,6.06238,1.5469,0.704366,0.240151,0.0477565,0.115124,0.414826,0.28328,0.358855,0.280803,0.642135,0.118704,2.34514,0.251515,-0.368905,-0.451211,30.3721,-8.64733,77.9643,-0.820116,-2.19599,-9.444731593132019,4.357287406921387,0.603587,999,2.06527,1.093,0.937095,2.06527,-1.093,3.75054,273.8,3.22117647,273.8,3.22117647,,,,,,,,,,,,,,,,,,,"Keibert Ruiz","19610",660688
"Jose Trevino","CIN",73.7349,267.061,247.086,57.9068,40.5406,10.7201,0.496942,6.14916,26.0256,26.4162,15.2611,0.0993593,41.9434,1.52455,2.07331,1.11635,6.7732,0.887783,0.214545,0.234359,0.0571445,0.157056,0.363849,0.280857,0.356428,0.278714,0.637285,0.122069,2.86581,0.257416,-0.20266,-0.288096,24.1093,-7.44603,71.6334,-0.490755,0.749938,-9.469434946775436,6.439360678195953,0.599051,999,1.5049,-0.721273,1.0912,1.5049,0.721273,3.54506,219,2.959459459,219,2.959459459,,,,,,,,,,,,,,,,,,,"Jose Trevino","16725",624431
"Jorge Soler","LAA",117.115,479.986,421.174,95.2675,55.1677,18.7551,0.249291,21.0954,55.9655,59.3965,49.28,0.526831,130.477,5.40868,3.65896,0.464367,7.43704,0.955678,0.22756,0.226195,0.10267,0.271836,0.37769,0.312721,0.422171,0.31974,0.734892,0.195976,1.99401,0.271434,-0.852512,-0.623813,59.3193,2.60527,103.623,-1.47633,-3.73744,0.5731818675994873,-11.308677434921265,0.591862,670.3300170898438,2.05681,-3.2524,0.621389,2.05681,3.2524,4.17148,527.4,4.507692307,527.4,4.507692307,,,,,,,,,,,,,,,,,,,"Jorge Soler","14221",624585
"Nick Fortes","TBR",89.9223,308.164,280.254,62.8426,44.4237,11.0628,0.466953,6.88913,29.2888,29.6788,17.1831,0.133676,55.2263,5.52782,2.13191,3.06674,6.23487,2.25385,0.807094,0.224234,0.0557597,0.179211,0.311141,0.280414,0.340786,0.274156,0.6212,0.116552,3.18576,0.254021,0.134969,-0.322067,26.6793,-9.73265,73.039,-0.187098,-1.5812,-10.00691069662571,5.3572481870651245,0.59136,999,1.68179,-0.493899,0.892437,1.68179,0.493899,3.81008,240.5,2.672222222,240.5,2.672222222,,,,,,,,,,,,,,,,,,,"Nick Fortes","21538",663743
"Andrew Vaughn","MIL",128.014,533.226,485.232,121.564,78.0187,24.1596,0.762508,18.6227,54.6251,72.6381,37.4087,0.173513,104.386,5.68048,4.36896,0.535403,10.4765,0.49588,0.159368,0.250527,0.0701555,0.195763,0.35837,0.309097,0.418596,0.315653,0.727693,0.16807,1.79657,0.280804,-0.793874,-0.764457,64.1296,1.12491,102.573,-1.55833,-2.28579,0.06746208667755127,-12.163404703140259,0.577514,417.8999938964844,2.35372,1.09048,0.672577,2.35372,-1.09048,4.10323,581.1,4.53984375,581.1,4.53984375,,,,,,,,,,,,,,,,,,,"Andrew Vaughn","26197",683734
"Jasson Domínguez","NYY",61.6192,243.185,217.132,52.537,35.2096,9.54767,0.479023,7.30067,31.8181,26.5591,22.5858,0.59239,62.1015,1.51857,1.82646,0.122417,3.12837,10.7669,2.3243,0.241959,0.092875,0.255367,0.363692,0.315315,0.391212,0.309153,0.706527,0.149254,5.59557,0.30247,-0.137752,0.813889,27.9638,-0.770381,97.0804,0.676136,0.189274,-0.16303151845932007,-2.4257369190454483,0.577214,265.2900085449219,9.23964,0.631796,1.30691,9.23964,-0.631796,3.25745,264.9,4.272580645,264.9,4.272580645,,,,,,,,,,,,,,,,,,,"Jasson Dominguez","28080",691176
"Travis d'Arnaud","LAA",62.3101,228.019,208.977,45.5634,27.8394,9.84048,0.563222,7.32026,22.7422,25.3966,14.4521,0.000333988,65.3835,3.20369,1.25847,0.127881,3.99141,0.267881,0.178436,0.218031,0.0633813,0.286746,0.221037,0.27741,0.375597,0.28522,0.653007,0.157566,2.58718,0.278068,-0.258256,-0.319839,21.7892,-5.15302,79.8434,-0.578095,-0.708212,-5.995131254196167,3.7791439294815063,0.57623,999,2.04041,-0.0250712,1.08267,2.04041,0.0250712,3.55644,200.1,3.227419354,200.1,3.227419354,,,,,,,,,,,,,,,,,,,"Travis d'Arnaud","7739",518595
"Taylor Walls","TBR",85.9581,328.475,291.113,62.4906,42.3466,13.0347,1.74185,5.36742,37.1374,29.6626,31.505,0.184257,77.1832,0.947624,3.24214,1.66698,2.94024,14.5094,4.05591,0.214661,0.0959132,0.234975,0.408185,0.290517,0.326716,0.274699,0.617233,0.112055,6.26176,0.269698,0.0958532,0.748336,28.5827,-10.2291,73.4126,0.84419,0.631368,-9.477784156799316,3.962391495704651,0.573114,999,3.53936,0.0511976,1.18654,3.53936,-0.0511976,3.41795,268.6,3.123255813,268.6,3.123255813,,,,,,,,,,,,,,,,,,,"Taylor Walls","22458",670764
"Edgar Quero","CHW",110.461,428.373,382.562,97.1449,71.0789,17.5462,0.33731,8.18243,41.5946,43.3837,36.4209,0.412749,78.0717,5.30134,3.52673,0.562372,8.81839,0.899263,0.640599,0.253932,0.0850213,0.182252,0.466505,0.324599,0.365726,0.305618,0.690325,0.111794,2.04384,0.296705,-0.280448,-0.824435,48.029,-2.58662,94.6518,-1.10488,-1.7911,-3.8126730918884277,-5.126279592514038,0.56876,649.7100219726562,1.51622,-1.17139,0.79769,1.51622,1.17139,3.93641,409.7,3.724545454,409.7,3.724545454,,,,,,,,,,,,,,,,,,,"Edgar Quero","28022",700337
"Josh Lowe","LAA",114.761,471.234,428.363,101.651,63.9737,22.3395,2.04588,13.2915,56.823,49.3181,36.8137,1.95216,127.06,2.28918,2.94419,0.823781,4.89705,20.8679,4.02252,0.2373,0.078122,0.269634,0.289734,0.299215,0.392089,0.299919,0.691304,0.154789,6.14463,0.303686,-0.380193,1.85869,50.6542,-5.02567,89.9689,1.4785,-1.49654,-4.0927973985672,-6.610004186630249,0.564386,258.80999755859375,1.92374,-2.31639,0.946802,1.92374,2.31639,3.7376,486.3,4.228695652,486.3,4.228695652,,,,,,,,,,,,,,,,,,,"Josh Lowe","19953",666139
"Tyler Freeman","COL",81.5932,333.853,294.041,80.7311,58.4097,15.6665,1.4507,5.20412,42.6861,30.8443,25.4112,0.222239,44.6831,10.1679,2.3342,1.89841,7.26579,12.7795,4.15932,0.274557,0.0761149,0.133841,0.568698,0.35038,0.3908,0.328029,0.74118,0.116243,5.76897,0.306412,0.15567,0.233569,43.5061,4.05879,96.6427,0.389239,-0.665649,-0.9391985237598419,-4.690006256103516,0.560484,731.6199951171875,3.21582,0.175869,1.45918,3.21582,-0.175869,3.05443,377.2,4.6,377.2,4.6,,,,,,,,,,,,,,,,,,,"Tyler Freeman","22532",671289
"Miguel Rojas","LAD",58.2272,210.851,192.492,47.6654,33.9414,9.79458,0.264076,3.66544,23.9127,20.4059,13.9291,0.266443,30.0787,1.57936,1.39045,1.46055,4.43668,3.07394,0.942274,0.247624,0.0660614,0.142654,0.463089,0.301704,0.358377,0.290195,0.660081,0.110753,4.03118,0.274763,-0.0442256,-0.0957825,21.0002,-3.91343,84.0572,-0.140008,1.4904,-4.1130746603012085,2.388969123363495,0.553715,999,1.0341,1.13466,1.4023,1.0341,-1.13466,3.13026,194.3,3.35,194.3,3.35,,,,,,,,,,,,,,,,,,,"Miguel Rojas","7802",500743
"Thairo Estrada",,68.6243,283.559,263.856,64.6637,44.9757,12.2195,0.917082,6.55143,31.5688,30.3703,12.6028,0.0392032,54.4926,4.64277,2.28312,0.173799,5.61653,4.85191,2.01736,0.245072,0.0444452,0.192174,0.231276,0.289039,0.372823,0.288787,0.661862,0.127751,4.64988,0.283343,0.104967,-0.26627,27.9176,-5.58708,83.0899,-0.161303,0.548991,-5.828592032194138,1.608008086681366,0.550059,999,2.62707,0.208052,1.09993,2.62707,-0.208052,3.53343,264.2,3.828985507,264.2,3.828985507,,,,,,,,,,,,,,,,,,,"Thairo Estrada","16426",642731
"Luisangel Acuña","CHW",103.962,351.897,325.296,79.6458,59.0151,14.6327,1.51667,4.48131,40.7523,28.1029,20.6014,0.15566,65.8386,1.7575,2.19371,2.04815,6.6452,19.0188,4.35976,0.244841,0.058544,0.187097,0.312908,0.291568,0.340477,0.278344,0.632046,0.0956361,6.45753,0.292276,-0.17953,1.48217,31.6622,-9.91707,75.9165,1.30264,0.29037,-8.713959574699402,2.1198923885822296,0.543855,505.1000061035156,3.37964,0.806653,1.48792,3.37964,-0.806653,3.01611,309.4,2.975,309.4,2.975,,,,,,,,,,,,,,,,,,,"Luisangel Acuna","26548",682668
"Giancarlo Stanton","NYY",98.1141,400.898,358.218,80.5636,44.0691,12.5877,0.148479,23.7583,47.6577,64.9308,38.1806,2.09725,125.253,1.8704,2.46801,0.160425,6.98572,0.418439,0.10788,0.224901,0.0952377,0.31243,0.304828,0.300982,0.45984,0.325076,0.760822,0.234939,1.56144,0.268361,-0.777499,-0.501979,51.2818,3.91265,108.018,-1.27948,-0.303248,2.5197763442993164,-10.799343258142471,0.541084,242.89999389648438,4.06753,0.968892,0.890417,4.06753,-0.968892,3.81278,478.9,4.886734693,478.9,4.886734693,,,,,,,,,,,,,,,,,,,"Giancarlo Stanton","4949",519317
"Thomas Saggese","STL",83.6692,330.123,303.595,73.1483,50.5493,15.3461,1.03602,6.21692,34.8012,32.9414,19.6566,0.248799,84.6489,3.60557,2.39378,0.871982,4.10204,3.99222,1.36703,0.24094,0.0595431,0.256416,0.232213,0.292817,0.359746,0.286166,0.652563,0.118806,4.2382,0.31113,0.00319136,-0.247014,31.7996,-7.207,81.2895,-0.243823,0.891004,-7.544203087687492,1.5975052118301392,0.534694,999,2.00458,-0.316534,0.924873,2.00458,0.316534,3.76684,287.2,3.419047619,287.2,3.419047619,,,,,,,,,,,,,,,,,,,"Thomas Saggese","27883",695336
"Anthony Santander","TOR",39.083,168.331,149.632,33.7821,19.7184,6.37601,0.0923454,7.59537,20.3336,22.4704,15.5103,0.43429,38.7645,1.8738,1.25536,0.0591152,2.51335,0.274824,0.101736,0.225767,0.0921418,0.230287,0.400117,0.304069,0.421893,0.314479,0.725962,0.196126,2.03879,0.250524,-0.155233,-0.22877,20.0842,0.194557,101.78,-0.384003,2.76577,-0.03084474802017212,-0.5514662265777588,0.533188,239.6199951171875,12.5731,0.397596,1.28945,12.5731,-0.397596,3.28073,187,4.794871794,187,4.794871794,,,,,,,,,,,,,,,,,,,"Anthony Santander","14551",623993
"Lourdes Gurriel Jr.","ARI",66.5331,284.065,261.899,69.0133,45.7146,13.2949,1.05475,8.94905,31.7772,37.2209,16.2864,0.346812,45.1834,3.03357,2.72834,0.117305,5.33707,4.2293,1.37285,0.263511,0.0573332,0.15906,0.36045,0.31109,0.424838,0.3177,0.735928,0.161327,4.23541,0.285347,-0.116484,-0.143394,34.6358,1.07134,102.236,-0.259878,-0.239717,0.4928733706474304,-4.733829438686371,0.533043,999,4.91394,-1.1601,1.18936,4.91394,1.1601,3.41418,314.2,4.689552238,314.2,4.689552238,,,,,,,,,,,,,,,,,,,"Lourdes Gurriel Jr.","19238",666971
"Mike Tauchman",,77.5995,318.08,275.717,64.4069,43.9823,12.2948,0.800612,7.32916,37.567,30.8776,36.8386,0.152104,72.1468,3.26938,1.7377,0.516867,5.14507,2.3382,0.787754,0.233598,0.115816,0.22682,0.510606,0.329116,0.363744,0.309168,0.69286,0.130146,3.71275,0.288302,-0.437762,-0.409091,36.5797,-1.00386,97.0904,-0.846853,-0.0517208,-1.9406874179840088,-3.6442918106913567,0.53,999,1.72275,2.16623,0.804309,1.72275,-2.16623,3.92759,309.7,3.97051282,309.7,3.97051282,,,,,,,,,,,,,,,,,,,"Mike Tauchman","15274",643565
"José Fermín","STL",66.5735,227.65,197.704,47.6767,33.5598,10.2142,0.262502,3.64021,25.4122,20.9621,22.6037,0.45352,30.9211,4.12129,1.34739,1.87379,3.83105,7.39444,2.45521,0.241152,0.0992916,0.135827,0.731014,0.329538,0.350709,0.304127,0.680247,0.109557,4.57413,0.267716,-0.00396109,0.0784528,25.2483,-1.65026,93.6273,0.0744917,-0.353148,-1.640163078904152,-0.9108623564243317,0.527281,999,2.78625,-0.12927,1.42623,2.78625,0.12927,3.09836,226.1,3.374626865,226.1,3.374626865,,,,,,,,,,,,,,,,,,,"Jose Fermin","21746",665877
"Austin Wynns","ATH",43.1743,153.118,140.217,31.83,21.3918,6.00546,0.0760668,4.35662,15.5179,17.6743,9.54425,0.0652708,42.3141,1.28308,0.944437,1.12931,2.60606,0.693267,0.203495,0.227005,0.0623326,0.276349,0.225557,0.280661,0.364131,0.282199,0.644792,0.137126,2.58608,0.290751,-0.088865,-0.156951,14.2561,-3.83598,78.5641,-0.245816,0.753567,-4.125110864639282,4.084915459156036,0.526089,999,2.02137,0.758056,1.46191,2.02137,-0.758056,3.05078,129.1,3.002325581,129.1,3.002325581,,,,,,,,,,,,,,,,,,,"Austin Wynns","15271",642851
"Ben Williamson","TBR",57.2208,221.953,203.265,50.9133,37.5163,10.3204,0.932893,2.14367,24.1849,20.2779,14.4908,0.249469,46.8558,2.14153,1.11658,0.940051,4.28768,4.30536,1.2424,0.250478,0.0652874,0.211106,0.309263,0.305617,0.342069,0.286573,0.647686,0.0915908,5.04647,0.31387,-0.0597591,-0.00353675,21.4533,-4.77218,81.5691,-0.0632958,1.40485,-4.898255310952663,2.4705880880355835,0.520177,999,2.4656,0.341356,1.45622,2.4656,-0.341356,3.05838,188.9,3.314035087,188.9,3.314035087,,,,,,,,,,,,,,,,,,,"Ben Williamson","33197",810938
"CJ Kayfus","CLE",102.346,398.487,354.397,82.3976,50.5015,18.0609,2.99958,10.8356,45.1341,45.6577,34.614,0.239307,109.261,5.2434,2.82915,1.40393,4.70235,5.33234,1.41068,0.232501,0.0868635,0.274189,0.316802,0.307882,0.392115,0.306316,0.699998,0.159614,5.11406,0.301784,-0.0662772,-0.10617,44.904,-2.18028,96.7381,-0.172448,-0.383506,-1.7044554650783539,-6.934199929237366,0.519402,999,2.33377,1.16993,0.453459,2.33377,-1.16993,4.39539,404.6,3.966666666,404.6,3.966666666,,,,,,,,,,,,,,,,,,,"CJ Kayfus","33704",692216
"Connor Wong","BOS",60.4249,220.869,201.028,46.819,31.5155,9.86711,0.818393,4.61801,23.6169,20.5499,14.7602,0.124835,53.9282,2.67006,1.30486,1.10634,3.90852,3.06122,1.36271,0.232898,0.0668279,0.244163,0.273701,0.292357,0.35904,0.286455,0.651397,0.126141,4.28898,0.293498,-0.0285393,-0.268107,21.3274,-4.77001,77.676,-0.296647,-1.10636,-6.108032792806625,3.556056261062622,0.516677,999,2.01089,0.41986,1.29105,2.01089,-0.41986,3.27859,200.8,3.346666666,200.8,3.346666666,,,,,,,,,,,,,,,,,,,"Connor Wong","19896",657136
"Endy Rodríguez","PIT",24.9094,93.1087,84.8901,19.7384,13.2825,4.72209,0.16556,1.56829,10.2639,8.91463,7.56444,0.0856055,20.4561,0.335274,0.262181,0.0567346,1.08912,0.365616,0.208137,0.232518,0.081243,0.219702,0.369788,0.297018,0.347467,0.285087,0.644486,0.11495,3.0828,0.287831,0.0121776,-0.151386,8.88723,-2.11429,78.9952,-0.139208,4.35676,-2.457157611846924,4.399470612406731,0.515662,999,3.95449,-0.805329,1.75395,3.95449,0.805329,2.6614,84.3,3.372,84.3,3.372,,,,,,,,,,,,,,,,,,,"Endy Rodriguez","25332",682848
"Walker Jenkins","MIN",26.8681,110.12,97.6468,23.7643,16.0172,5.15241,0.222041,2.37265,12.8675,10.6145,10.0445,0.117664,24.5337,1.21821,1.10368,0.106571,1.62148,2.67581,0.494987,0.243369,0.0912141,0.222791,0.409415,0.318389,0.373578,0.304963,0.691966,0.130208,4.82796,0.29775,-0.138175,0.15314,12.288,-0.723493,93.8634,0.0149649,2.02787,-0.7814952116459608,2.0278732642301467,0.515299,999,2.65819,0.0793284,1.75541,2.65819,-0.0793284,2.65945,108.4,4.014814814,108.4,4.014814814,,,,,,,,,,,,,,,,,,,"Walker Jenkins","sa3022894",805805
"Michael Massey","KCR",80.5136,317.799,295.23,70.8562,46.7795,14.6516,0.94375,8.48131,32.2436,34.4817,15.3329,0.355788,58.1672,2.96506,3.15686,1.11436,4.22392,2.25461,0.857624,0.240003,0.0482471,0.183031,0.2636,0.281523,0.382208,0.287341,0.663731,0.142205,3.65357,0.269161,0.0111151,-0.327562,30.9156,-6.63478,82.0967,-0.316447,0.681485,-7.0411220490932465,1.3027320504188538,0.513332,999,2.11349,-0.0701888,0.91218,2.11349,0.0701888,3.78376,282,3.481481481,282,3.481481481,,,,,,,,,,,,,,,,,,,"Michael Massey","27684",686681
"Tyler Heineman","TOR",42.6591,147.642,129.257,28.026,19.8874,4.82944,0.710143,2.599,15.7645,12.9883,11.4991,0.110446,31.3791,3.38163,0.989046,2.51453,1.86872,1.83526,0.59604,0.216823,0.0778853,0.212536,0.366458,0.295649,0.325496,0.278126,0.621145,0.108673,4.6951,0.264126,-0.142592,-0.105837,13.258,-4.187,76.738,-0.248429,0.934609,-4.296316608786583,4.226202487945557,0.512737,999,1.31105,0.700214,1.50853,1.31105,-0.700214,2.98862,119.2,2.772093023,119.2,2.772093023,,,,,,,,,,,,,,,,,,,"Tyler Heineman","13897",623168
"Alex Call","LAD",46.6484,175.045,150.198,35.3348,24.1894,7.03793,0.342201,3.7653,21.2657,17.8699,19.3406,0.0881376,33.0402,2.54598,1.23762,1.72335,2.7596,2.52332,1.00476,0.235255,0.110489,0.188752,0.585367,0.330145,0.361877,0.308954,0.692022,0.126621,4.09081,0.275404,-0.0479858,-0.210399,20.1001,-0.582862,96.9434,-0.258385,0.959385,-0.8907597064971924,-0.0222739577293396,0.512714,999,2.66936,2.16778,1.4154,2.66936,-2.16778,3.1128,172.8,3.676595744,172.8,3.676595744,,,,,,,,,,,,,,,,,,,"Alex Call","19296",669743
"Jimmy Crooks","STL",27.1751,99.3775,90.4411,21.0524,14.6201,4.15259,0.137639,2.14208,10.1566,10.4575,6.84456,0.163366,26.5812,1.14257,0.80254,0.146766,1.76516,0.210567,0.0786638,0.232775,0.0688744,0.267477,0.257496,0.292647,0.352788,0.283919,0.645434,0.120013,2.42627,0.302467,0.0144891,-0.138268,9.3914,-2.35082,79.7461,-0.123779,2.00959,-2.5027050003409386,4.106432676315308,0.508195,999,2.30063,-0.516677,1.7279,2.30063,0.516677,2.69614,82,3.037037037,82,3.037037037,,,,,,,,,,,,,,,,,,,"Jimmy Crooks","31354",699625
"Will Benson","CIN",66.0516,244.245,216.217,47.9119,27.0449,9.83324,1.70296,9.33088,30.4076,29.2784,23.5026,0.770289,74.5165,1.72825,2.21072,0.58575,2.64081,5.96987,1.89746,0.221592,0.0962256,0.30509,0.315401,0.300185,0.412288,0.308172,0.712473,0.190696,5.76083,0.286676,-0.246861,0.0769096,27.891,-0.968378,91.8126,-0.169952,1.94877,-2.540035590529442,-0.6294950246810913,0.507117,999,2.15265,1.19806,1.0304,2.15265,-1.19806,3.62613,261.6,3.963636363,261.6,3.963636363,,,,,,,,,,,,,,,,,,,"Will Benson","21853",666181
"Ramón Urías",,59.196,228.471,206.995,49.9754,33.4188,9.61366,0.705515,6.23748,24.5186,25.3164,16.421,0.0197445,51.1556,2.56126,2.35938,0.134918,3.7706,1.55453,0.390601,0.241434,0.0718733,0.223904,0.321,0.302001,0.385095,0.300205,0.687095,0.143661,3.65444,0.287824,-0.167389,-0.194856,24.612,-2.38363,90.9335,-0.362245,-0.91966,-2.8105012476444244,-0.006141364574432373,0.502948,999,2.09486,-1.42973,1.23476,2.09486,1.42973,3.35366,224.9,3.811864406,224.9,3.811864406,,,,,,,,,,,,,,,,,,,"Ramon Urias","18795",602104
"Darell Hernaiz","ATH",46.7631,180.562,163.228,41.1297,29.5109,8.28415,0.889895,2.44468,19.4801,16.4595,12.9864,0.117008,27.8593,1.12654,1.69615,1.52488,3.28714,3.28339,1.12082,0.251976,0.071922,0.154292,0.466142,0.308553,0.358563,0.293512,0.667116,0.106587,4.8001,0.287363,-0.0382814,-0.0895336,18.4698,-2.86507,86.3354,-0.127815,0.711245,-3.0439564883708954,1.845269501209259,0.502592,999,2.56309,0.59601,1.58552,2.56309,-0.59601,2.88597,159.2,3.387234042,159.2,3.387234042,,,,,,,,,,,,,,,,,,,"Darell Hernaiz","26224",687231
"Trey Sweeney","DET",25.1587,91.5202,82.8492,17.7653,11.7769,3.39814,0.249893,2.34029,10.3546,8.99771,7.47484,0.0955555,24.7314,0.790882,0.35018,0.0550897,1.20252,1.6642,0.337395,0.214429,0.0816742,0.270228,0.302241,0.2846,0.34622,0.278914,0.63082,0.131791,4.92037,0.274819,-0.0965308,0.062987,8.27691,-2.5369,76.4262,-0.0335438,3.16035,-2.5763828940689564,4.325103163719177,0.501198,999,3.86735,-0.452302,1.72515,3.86735,0.452302,2.6998,73.1,2.924,73.1,2.924,,,,,,,,,,,,,,,,,,,"Trey Sweeney","29575",700242
"Noelvi Marte","CIN",123.405,517.041,476.905,119.087,78.3122,22.9395,1.81147,16.0234,63.2021,60.1297,30.9968,0.925708,119.071,5.17486,3.42125,0.54319,7.41728,14.5578,4.6146,0.249707,0.0599503,0.230293,0.260322,0.300598,0.406201,0.306202,0.706799,0.156494,5.22102,0.298533,0.0598519,0.27212,58.2156,-2.87676,90.4634,0.331971,-0.953439,-5.512059420347214,-6.859502851963043,0.494222,132.19000244140625,3.50317,-1.78902,0.3858,3.50317,1.78902,4.4856,540.4,4.393495934,540.4,4.393495934,,,,,,,,,,,,,,,,,,,"Noelvi Marte","26517",682622
"Rafael Marchán","PHI",44.9075,159.303,142.135,32.245,23.1147,6.309,0.185564,2.63575,15.5643,15.8077,12.5616,0.144,27.2257,2.2425,1.15817,1.20528,2.59254,0.680796,0.230767,0.226862,0.0788539,0.170906,0.461388,0.297596,0.329493,0.279611,0.627089,0.102631,2.77851,0.261032,-0.0710054,-0.207721,14.4972,-4.32566,75.5169,-0.278727,0.940196,-4.9012961983680725,4.4052774310112,0.491511,999,3.35403,1.94691,1.47992,3.35403,-1.94691,3.02677,129.7,2.882222222,129.7,2.882222222,,,,,,,,,,,,,,,,,,,"Rafael Marchan","21646",665561
"Matt Vierling","DET",62.4522,246.731,222.879,53.7964,36.8037,10.1672,1.08387,5.74162,27.7829,24.6273,18.9397,0.183286,57.71,2.39327,2.31845,0.201378,3.74475,3.52432,0.85705,0.241371,0.0767626,0.233898,0.328188,0.304747,0.373998,0.297622,0.678746,0.132627,4.70942,0.297101,-0.00578423,-0.0287028,26.0616,-3.09165,89.3135,-0.034487,-0.797135,-3.142140857875347,-0.5561929047107697,0.490462,999,2.23514,-0.426867,1.21098,2.23514,0.426867,3.38536,238.3,3.843548387,238.3,3.843548387,,,,,,,,,,,,,,,,,,,"Matt Vierling","21558",663837
"Brady House","WSN",122.089,488.264,457.898,110.139,76.5218,20.3988,1.14489,12.0732,49.9143,52.9187,22.2523,0.826392,136.044,3.48528,4.07615,0.552473,9.70565,5.68824,2.15808,0.240531,0.0455743,0.278628,0.163567,0.2786,0.36918,0.280982,0.647779,0.128649,3.84873,0.312453,0.0302669,-0.415753,44.9775,-12.7147,78.0867,-0.385486,-0.270144,-13.066569775342941,1.6139407455921173,0.490285,999,1.85347,0.931813,0.323949,1.85347,-0.931813,4.56807,415.3,3.40409836,415.3,3.40409836,,,,,,,,,,,,,,,,,,,"Brady House","29993",691781
"Travis Bazzana","CLE",52.2989,214.08,186.408,40.2533,26.2528,8.35112,1.04526,4.60412,26.052,19.8053,23.4851,0.189846,60.7011,2.48106,0.924559,0.781612,2.86879,4.16038,0.830002,0.215942,0.109702,0.283544,0.386897,0.310454,0.346054,0.293548,0.656508,0.130112,5.51591,0.29214,-0.210084,0.148697,21.9046,-3.39065,87.9423,-0.0613869,-0.304414,-3.103759814053774,0.5026677548885345,0.487745,999,1.82223,-0.354717,1.19336,1.82223,0.354717,3.40886,193.7,3.725,193.7,3.725,,,,,,,,,,,,,,,,,,,"Travis Bazzana","sa3025129",683953
"Mark Vientos","NYM",109.559,450.43,411.144,98.6029,60.241,18.1057,1.2404,19.0158,51.3545,60.297,31.361,0.396993,118.339,4.33264,3.40833,0.184069,7.71543,1.16052,0.2474,0.239826,0.0696247,0.262724,0.265011,0.298274,0.42865,0.3136,0.726924,0.188824,2.95043,0.287113,-0.549271,-0.499918,53.4211,0.199348,100.135,-1.04919,0.532756,-0.977248840034008,-9.531116127967834,0.484564,369.19000244140625,2.62423,0.848698,0.503624,2.62423,-0.848698,4.3285,486.8,4.425454545,486.8,4.425454545,,,,,,,,,,,,,,,,,,,"Mark Vientos","22184",668901
"Amed Rosario","NYY",66.3762,254.909,240.309,62.3488,44.8117,11.2251,1.60708,4.70495,28.0786,26.9874,10.9767,0.0135006,46.8713,2.1063,1.37136,0.146354,5.43483,5.10586,1.39419,0.259453,0.0430611,0.183874,0.234188,0.296086,0.378275,0.293737,0.674362,0.118822,5.34028,0.303223,0.512369,0.0681114,26.1214,-3.99808,86.4904,0.58048,-0.44832,-3.48970103263855,-0.41727958992123604,0.482941,999,3.26782,0.513103,1.37167,3.26782,-0.513103,3.17111,243.2,3.684848484,243.2,3.684848484,,,,,,,,,,,,,,,,,,,"Amed Rosario","15518",642708
"Leo Rivas","SEA",44.3041,148.314,125.651,27.0207,20.4843,4.4575,0.204577,1.87438,17.2671,12.0167,18.7034,0.195245,36.7294,1.45295,0.987559,1.51894,1.91668,6.04792,1.48722,0.215046,0.126107,0.247647,0.509221,0.321381,0.29853,0.284084,0.619911,0.0834838,5.2989,0.285642,-0.0646126,0.333532,14.0358,-3.48856,86.7703,0.26892,0.665324,-2.0436955392360687,1.586839199066162,0.475534,999,2.96326,0.449827,1.60476,2.96326,-0.449827,2.86032,124.2,2.822727272,124.2,2.822727272,,,,,,,,,,,,,,,,,,,"Leo Rivas","21009",660844
"Nathaniel Lowe",,83.05,346.649,304.758,74.5142,51.7317,12.7286,0.895232,9.1587,38.5041,39.7274,37.6162,1.03641,83.7242,1.98187,2.1673,0.125263,6.31834,0.799252,0.309845,0.244503,0.108514,0.241525,0.449287,0.329306,0.382301,0.313725,0.711607,0.137798,2.76121,0.305339,-0.461215,-0.563124,41.1478,0.188579,100.221,-1.02434,0.246081,-0.9338120594620705,-6.162098824977875,0.474339,999,3.28249,-0.689133,0.746311,3.28249,0.689133,4.00492,364.9,4.396385542,364.9,4.396385542,,,,,,,,,,,,,,,,,,,"Nathaniel Lowe","19566",663993
"David Hamilton","MIL",56.1211,196.881,178.009,37.5571,24.3918,7.15625,1.14348,4.86555,24.7243,17.814,15.631,0.14141,49.4172,0.994667,0.942475,1.304,1.46654,16.8628,3.52538,0.210984,0.0793931,0.251,0.316307,0.27704,0.346032,0.274447,0.623072,0.135048,7.6272,0.262227,-0.0471794,1.65901,17.0915,-6.17153,74.3445,1.61183,1.55581,-4.374755024909973,2.4558393955230713,0.473847,732.1400146484375,3.32675,1.32367,1.69581,3.32675,-1.32367,2.73893,179.9,3.2125,179.9,3.2125,,,,,,,,,,,,,,,,,,,"David Hamilton","27531",666152
"Hunter Feduccia","TBR",73.8271,255.949,226.174,49.0766,33.6492,10.0087,0.839592,4.57908,25.3576,23.8706,26.4303,0.21318,65.5397,1.08516,2.09334,0.166024,4.78343,1.56365,0.217877,0.216986,0.103264,0.256066,0.403271,0.299442,0.329401,0.280921,0.628843,0.112414,3.55295,0.281366,-0.263828,-0.178877,23.5647,-6.67764,77.6865,-0.442705,-2.53503,-7.192737728357315,3.1615073680877686,0.473827,999,1.99051,1.55984,1.03053,1.99051,-1.55984,3.62596,214.9,2.904054054,214.9,2.904054054,,,,,,,,,,,,,,,,,,,"Hunter Feduccia","23372",676439
"Matt Shaw","CHC",69.6976,270.068,241.629,57.563,37.6904,10.9814,1.32456,7.56666,33.5584,28.5485,23.3688,0.188581,54.9762,2.71481,1.70201,0.653448,3.24883,9.8914,2.685,0.238229,0.0865292,0.203564,0.42507,0.310475,0.388586,0.306474,0.699061,0.150357,5.78408,0.276547,0.0242853,0.458958,30.4676,-1.44299,95.24,0.483243,0.328913,-1.0361396968364716,-3.512442171573639,0.469786,275.1400146484375,4.66214,0.502396,1.18195,4.66214,-0.502396,3.42407,284.2,4.06,284.2,4.06,,,,,,,,,,,,,,,,,,,"Matt Shaw","33322",807713
"Taylor Trammell","HOU",14.8971,51.0429,45.2193,9.19794,5.37948,2.30689,0.0770864,1.43448,5.63023,5.35,5.41289,0.0382198,15.9866,0.207926,0.16002,0.0427456,0.527086,1.08719,0.275491,0.203407,0.106046,0.3132,0.338588,0.290563,0.353,0.285436,0.643563,0.149593,4.56193,0.27768,-0.0550779,0.0322522,4.88654,-1.14458,81.7455,-0.0228257,4.43562,-1.1210166029632092,3.9298561215400696,0.467124,999,3.63228,-0.594078,1.89515,3.63228,0.594078,2.47313,37.5,2.5,37.5,2.5,,,,,,,,,,,,,,,,,,,"Taylor Trammell","19960",666211
"James McCann","ARI",52.3915,192.098,175.736,41.6585,28.1214,8.15857,0.211885,5.16665,20.2923,22.9137,10.7329,0.0534887,49.7479,2.6988,1.82404,1.10667,3.37529,1.14663,0.322314,0.237052,0.0558721,0.258971,0.215747,0.288443,0.374088,0.289227,0.662531,0.137037,3.16096,0.297539,-0.289046,-0.176635,18.9816,-3.71629,82.731,-0.465681,-0.508196,-4.397419571876526,2.564142644405365,0.466328,999,2.53091,1.39205,1.3312,2.53091,-1.39205,3.22506,173.3,3.332692307,173.3,3.332692307,,,,,,,,,,,,,,,,,,,"James McCann","12859",543510
"Dominic Canzone","SEA",104.938,409.545,373.818,88.8739,56.0503,17.0544,0.738225,15.0309,45.4517,49.6394,29.6602,1.66699,95.4005,2.71901,2.88937,0.458442,7.57787,4.20873,1.35287,0.237746,0.0724222,0.232943,0.310901,0.296399,0.407946,0.304169,0.704345,0.1702,3.64718,0.277317,-0.422228,-0.285057,45.4362,-2.95477,100.606,-0.707286,0.0673783,-0.41485553979873663,-9.144670255482197,0.464126,631.1900024414062,1.746,1.12497,0.481925,1.746,-1.12497,4.35743,424.2,4.04,424.2,4.04,,,,,,,,,,,,,,,,,,,"Dominic Canzone","26438",686527
"Andrew Benintendi","CHW",119.46,493.732,444.898,109.513,73.2363,19.3501,1.06938,15.8576,54.3897,57.8936,41.8244,1.90188,85.5493,2.47111,4.19523,0.343129,7.52477,2.80375,0.968002,0.246154,0.0847107,0.173271,0.488892,0.31174,0.401384,0.309759,0.713124,0.15523,3.06484,0.269368,-0.279875,-0.599014,57.0168,-1.32143,97.4962,-0.878889,-3.48624,-2.3399709463119507,-9.90165638923645,0.457172,999,1.17626,1.40523,0.311647,1.17626,-1.40523,4.58447,517.1,4.345378151,517.1,4.345378151,,,,,,,,,,,,,,,,,,,"Andrew Benintendi","17901",643217
"Jake Fraley","TBR",96.009,359.754,321.854,76.6246,52.6034,14.9058,0.665975,8.44945,41.0879,36.7005,32.2704,0.99668,74.7352,3.48682,1.71024,0.432448,4.49893,11.2457,3.57025,0.238073,0.0897013,0.20774,0.431797,0.312761,0.36728,0.299986,0.680041,0.129208,4.82842,0.283615,-0.15519,0.210303,38.6904,-3.81731,90.783,0.0551135,0.913336,-3.8639531955122948,-3.940247356891632,0.447252,999,1.52578,-0.260033,0.936635,1.52578,0.260033,3.75115,348.3,3.628125,348.3,3.628125,,,,,,,,,,,,,,,,,,,"Jake Fraley","19260",641584
"Alan Roden","MIN",50.3922,184.943,164.453,40.532,27.7385,8.57125,0.886722,3.33555,21.9925,17.5058,14.8843,0.333975,34.8999,4.03502,1.4445,0.125363,3.08576,2.76178,0.879463,0.246465,0.0804806,0.188707,0.426486,0.321677,0.370217,0.305631,0.691893,0.123751,4.83642,0.291366,0.0231744,-0.113615,20.7376,-1.11477,94.3236,-0.0904403,1.88999,-1.3277555853128433,-0.7134727239608765,0.442419,999,2.67241,0.424124,1.47447,2.67241,-0.424124,3.03403,185.5,3.71,185.5,3.71,,,,,,,,,,,,,,,,,,,"Alan Roden","31564",702176
"Ryan Waldschmidt","ARI",35.0095,141.928,123.986,30.0853,20.6671,5.83538,0.68831,2.89451,17.3375,14.4809,14.4452,0.300608,30.386,2.41566,0.934625,0.147264,2.06672,4.39108,1.20518,0.242651,0.101778,0.214093,0.47539,0.331117,0.370856,0.31139,0.701973,0.128205,5.48559,0.296713,-0.164538,0.13891,16.5781,-0.191821,97.9134,-0.0256281,1.41893,-0.37662716023623943,-0.021788716316223145,0.442356,999,4.97661,2.19457,1.6362,4.97661,-2.19457,2.8184,148.1,4.231428571,148.1,4.231428571,,,,,,,,,,,,,,,,,,,"Ryan Waldschmidt","sa3025261",814439
"Paul Goldschmidt","NYY",89.316,364.566,331.294,83.6234,54.7297,17.5145,0.38348,10.9957,44.1212,40.5895,29.3035,1.48073,81.5625,1.93368,1.84549,0.189957,6.09067,4.08164,1.10004,0.252415,0.0803791,0.223725,0.359277,0.315225,0.407167,0.313772,0.722392,0.154752,3.67202,0.301885,-0.558159,-0.191906,43.2886,0.212271,100.253,-0.750065,0.314623,-0.6409138143062592,-7.429104685783386,0.436718,999,4.62701,0.066541,0.76942,4.62701,-0.066541,3.97411,392.8,4.413483146,392.8,4.413483146,,,,,,,,,,,,,,,,,,,"Paul Goldschmidt","9218",502671
"Zach Cole","HOU",86.6048,338.934,303.999,63.9,36.8797,13.1132,2.54355,11.3636,39.9105,38.2275,28.623,1.296,127.696,4.17414,1.63997,0.497888,2.93398,9.61054,2.50822,0.210198,0.0844501,0.376759,0.224149,0.285718,0.382209,0.290838,0.667927,0.172011,6.37638,0.315385,-0.368872,0.443521,33.9339,-6.11369,85.4667,0.0746493,-0.531966,-5.731017589569092,-1.7171584367752075,0.431489,999,3.57095,2.01779,0.803938,3.57095,-2.01779,3.92808,322.2,3.703448275,322.2,3.703448275,,,,,,,,,,,,,,,,,,,"Zach Cole","31583",805904
"Leody Taveras","BAL",18.0436,66.9936,61.7114,14.4135,9.76305,3.02473,0.105783,1.5199,7.43152,7.07003,4.53843,0.0745135,14.7202,0.0950591,0.243018,0.405768,0.666288,3.08711,0.539695,0.233563,0.0677442,0.219725,0.308313,0.286042,0.359893,0.282971,0.645935,0.12633,5.67436,0.282047,-0.12817,0.301859,6.27946,-1.63635,80.9162,0.173689,3.2066,-1.3331605643033981,3.181287171319127,0.425,999,3.87887,-0.885526,1.9148,3.87887,0.885526,2.44693,61.8,3.433333333,61.8,3.433333333,,,,,,,,,,,,,,,,,,,"Leody Taveras","18900",665750
"Triston Casas","BOS",47.6145,194.338,169.014,39.859,24.1217,7.90621,0.13561,7.69553,22.0795,24.6874,22.8486,1.79511,49.0802,1.45381,0.938661,0.0825142,3.48199,0.330431,0.161678,0.235832,0.117572,0.252551,0.465536,0.330294,0.420811,0.325704,0.751105,0.184979,1.98419,0.284187,-0.169988,-0.307953,24.9584,1.99585,104.713,-0.47794,0.909897,0.6016347110271454,-3.1839436888694763,0.420145,690.8599853515625,3.4515,0.0445851,1.26479,3.4515,-0.0445851,3.31361,225.4,4.695833333,225.4,4.695833333,,,,,,,,,,,,,,,,,,,"Triston Casas","22514",671213
"Jonah Heim","ATL",41.218,153.133,140.867,31.4258,21.1484,6.03569,0.0875621,4.15416,14.8606,17.2448,11.1198,0.134,30.6591,0.393056,0.576785,0.177056,2.71169,0.478994,0.202684,0.223089,0.0726153,0.200212,0.362692,0.280725,0.355649,0.279413,0.636374,0.13256,2.15842,0.255759,-0.124732,-0.201939,13.9112,-4.1827,76.5212,-0.32667,0.414761,-4.587949633598328,3.5951587855815887,0.419685,999,6.20889,0.0545077,1.45638,6.20889,-0.0545077,3.05816,120.6,2.941463414,120.6,2.941463414,,,,,,,,,,,,,,,,,,,"Jonah Heim","16930",641680
"Mickey Moniak","COL",117.481,478.554,446.854,114.554,66.898,22.308,5.10759,20.2401,62.5014,64.978,24.6682,0.834289,120.301,3.79751,2.73849,0.495463,4.57416,9.30463,3.12967,0.256356,0.0515474,0.251384,0.205055,0.299167,0.465023,0.325869,0.76419,0.208667,6.15717,0.305171,-0.298083,-0.0447823,61.5236,4.9788,95.1631,-0.342865,-0.36459,-3.08627125620842,-8.807880133390427,0.412058,254.13999938964844,2.50349,-0.382225,0.279142,2.50349,0.382225,4.62781,573,4.897435897,573,4.897435897,,,,,,,,,,,,,,,,,,,"Mickey Moniak","19956",666160
"Blake Perkins","MIL",59.5587,228.262,202.321,43.8899,30.2026,8.44594,1.14121,4.10021,26.0049,21.1611,22.2046,0.234839,61.5902,1.22605,1.7643,0.745598,3.07051,7.6869,2.08857,0.216932,0.0972769,0.269823,0.360522,0.295893,0.330756,0.279231,0.626649,0.113824,5.92454,0.287508,0.0106255,0.329556,20.7024,-6.26854,77.6219,0.340181,1.21647,-5.713941037654877,2.135584235191345,0.410884,999,1.58316,-0.591976,1.27443,1.58316,0.591976,3.30076,189.5,3.158333333,189.5,3.158333333,,,,,,,,,,,,,,,,,,,"Blake Perkins","19921",663368
"Jake Mangum","PIT",79.6326,316.016,296.022,80.5066,60.8836,15.633,1.69192,2.29809,32.4055,28.109,14.5221,0.13343,53.0513,2.85987,1.78636,0.826357,5.25771,13.4035,3.57623,0.271962,0.0459535,0.167875,0.273736,0.31057,0.359493,0.294148,0.670063,0.0875312,5.72405,0.322564,-0.229042,0.700374,32.4888,-4.85099,85.2027,0.471332,1.48264,-5.0709032118320465,-1.439410924911499,0.409621,631.1400146484375,3.13381,0.880538,1.67698,3.13381,-0.880538,2.76403,301.7,3.77125,301.7,3.77125,,,,,,,,,,,,,,,,,,,"Jake Mangum","26202",663968
"Mauricio Dubón","ATL",91.1851,345.273,321.484,81.1515,59.0923,15.9334,1.17776,4.94805,37.1141,33.1746,17.2778,0.122042,43.5588,1.70776,2.77063,2.03318,6.69476,3.15163,0.941759,0.252428,0.050041,0.126158,0.396655,0.291741,0.355491,0.283094,0.647232,0.103063,4.10552,0.276352,-0.019083,-0.269979,32.3976,-8.39906,79.0425,-0.289062,-1.70734,-8.865298509597778,1.3654749393463135,0.40797,999,2.88405,1.65585,1.02214,2.88405,-1.65585,3.63715,291.6,3.204395604,291.6,3.204395604,,,,,,,,,,,,,,,,,,,"Mauricio Dubon","16530",643289
"Javier Báez","DET",83.5209,319.071,300.398,69.3934,47.463,12.8984,1.21713,7.81481,33.8345,36.3763,11.9133,0.137438,77.2614,3.86572,2.42973,0.465087,6.12433,4.70189,1.14868,0.231005,0.0373373,0.242145,0.154194,0.267328,0.360091,0.272601,0.627419,0.129086,4.74792,0.282794,0.194597,0.0533777,27.2208,-10.48,72.0773,0.247975,-0.428076,-10.252699568867683,3.232408881187439,0.405324,999,1.74504,1.1183,0.816492,1.74504,-1.1183,3.91134,259.7,3.091666666,259.7,3.091666666,,,,,,,,,,,,,,,,,,,"Javier Baez","12979",595879
"Ryan Ritter","COL",54.2266,209.163,186.903,45.8065,30.6375,9.36894,1.57246,4.22758,24.5819,20.8513,14.7472,0.267093,55.1156,3.87328,1.17555,2.46368,3.95972,3.43028,0.912951,0.245082,0.070506,0.263506,0.267569,0.311695,0.379893,0.303631,0.691588,0.134811,5.53763,0.32298,0.0172015,-0.0112348,23.1138,-1.60039,79.9293,0.00596662,0.855121,-4.96958879660815,1.9399006962776184,0.402007,999,2.66457,-0.217585,1.37159,2.66457,0.217585,3.17121,205.6,3.807407407,205.6,3.807407407,,,,,,,,,,,,,,,,,,,"Ryan Ritter","31500",690022
"Drew Millas","WSN",35.8238,126.759,115.027,27.8059,19.9895,5.3443,0.753839,1.71822,12.6827,11.7244,9.41851,0.581254,21.2103,0.514382,0.757852,1.04107,2.14912,2.96474,0.678441,0.241733,0.0743023,0.167328,0.444053,0.300185,0.346113,0.283745,0.646299,0.104381,5.32487,0.280945,-0.0395794,0.121414,11.9611,-3.01646,79.9799,0.0818348,-0.138621,-2.9259049594402313,2.6255632042884827,0.400755,999,2.17196,-0.897845,1.73611,2.17196,0.897845,2.68519,113.7,3.158333333,113.7,3.158333333,,,,,,,,,,,,,,,,,,,"Drew Millas","25643",686452
"Owen Caissie","MIA",109.212,402.217,359.477,83.176,51.9177,18.1119,1.42559,11.7208,45.227,44.1289,36.857,0.955763,123.999,2.86867,2.35095,0.663683,4.72513,4.51944,1.52047,0.231381,0.0916347,0.308289,0.297236,0.306066,0.387512,0.303355,0.693578,0.156131,4.28241,0.316023,0.0542323,-0.317462,44.3573,-3.16772,92.052,-0.263229,0.399083,-4.052139341831207,-5.456859797239304,0.396242,492.42999267578125,2.58362,0.883777,0.441452,2.58362,-0.883777,4.4114,400.4,3.673394495,400.4,3.673394495,,,,,,,,,,,,,,,,,,,"Owen Caissie","27496",683357
"Daniel Schneemann","CLE",57.7122,220.984,197.162,42.6954,27.1749,8.97264,0.918464,5.62935,24.0597,21.5121,20.6206,0.201044,60.4623,1.18765,1.33013,0.683344,2.97992,4.19024,1.26564,0.216549,0.0933125,0.273605,0.341049,0.292798,0.35703,0.286754,0.649828,0.140481,4.87392,0.279953,-0.17218,-0.00229677,21.3921,-4.71883,83.2627,-0.174476,0.155472,-4.533800393342972,0.7822056710720062,0.394345,999,2.62587,0.678957,1.19813,2.62587,-0.678957,3.40249,202.8,3.496551724,202.8,3.496551724,,,,,,,,,,,,,,,,,,,"Daniel Schneemann","25180",682177
"Luke Raley","SEA",70.9343,268.275,236.88,51.8942,31.8243,10.2151,0.792045,9.06266,31.236,30.1704,19.6268,0.137124,80.6997,8.19133,1.7539,1.82258,3.55632,4.59291,1.29728,0.219073,0.0731592,0.30081,0.243208,0.299161,0.383659,0.300332,0.68282,0.164586,4.84171,0.287707,-0.253748,-0.0055116,28.9276,-2.77122,97.9629,-0.25926,0.542058,-0.9033815860748291,-4.4933987855911255,0.392554,999,1.96646,1.78382,0.925969,1.96646,-1.78382,3.76537,264.2,3.72112676,264.2,3.72112676,,,,,,,,,,,,,,,,,,,"Luke Raley","19354",670042
"Andy Ibáñez","ATH",54.0354,185.961,169.524,40.6116,27.1905,8.76327,0.544969,4.11288,19.3685,18.6956,12.8363,0.0209398,37.2729,2.17984,1.24642,0.1745,3.00061,2.72928,0.957325,0.239563,0.0690269,0.200434,0.344387,0.299418,0.370469,0.294151,0.669887,0.130907,4.26566,0.282095,-0.235387,-0.124682,19.1186,-2.85419,86.7747,-0.360069,0.662801,-3.2668594121932983,0.7819266766309738,0.389687,999,2.31309,-0.604377,1.4588,2.31309,0.604377,3.05494,176.9,3.275925925,176.9,3.275925925,,,,,,,,,,,,,,,,,,,"Andy Ibanez","18819",628451
"Rhys Hoskins",,99.5352,402.173,349.518,76.955,45.0418,14.9229,0.809035,16.1813,45.478,51.1358,43.4074,0.906526,108.929,5.12452,3.95374,0.169615,5.34657,2.74568,0.951967,0.220175,0.107932,0.270851,0.398493,0.312154,0.406388,0.313558,0.718542,0.186213,3.19755,0.266129,-0.708618,-0.45247,47.6842,0.164356,100.106,-1.16109,-1.01184,-1.1104905158281326,-8.692021608352661,0.389684,999,2.14386,0.539401,0.489566,2.14386,-0.539401,4.34725,427.7,4.277,427.7,4.277,,,,,,,,,,,,,,,,,,,"Rhys Hoskins","16472",656555
"César Salazar","HOU",50.4431,146.331,127.363,26.0034,18.115,5.16619,0.14492,2.57728,13.8925,13.3296,12.0599,0.161161,30.0909,4.40423,1.58854,0.914785,3.27442,0.790271,0.301301,0.204167,0.0824152,0.205636,0.400782,0.292041,0.307712,0.270848,0.599753,0.103545,3.01609,0.243303,-0.00469053,-0.19255,12.2756,-5.01451,71.6961,-0.19724,-0.12391,-5.078762620687485,3.7683060988783836,0.381218,999,2.34934,0.168979,1.46335,2.34934,-0.168979,3.04887,111.2,2.224,111.2,2.224,,,,,,,,,,,,,,,,,,,"Cesar Salazar","21587",663967
"Graham Pauley","MIA",85.1075,318.177,285.362,63.4621,40.6078,13.7692,0.973595,8.11148,33.6898,32.6412,26.9883,0.501011,67.9522,2.88587,1.86642,1.07455,4.193,4.4148,1.09835,0.222391,0.0848215,0.213567,0.397166,0.294341,0.362742,0.289131,0.657083,0.140351,4.34153,0.26212,-0.217149,-0.0288233,31.4149,-6.18018,82.3085,-0.245972,1.65934,-6.917547479271889,-0.02056884765625,0.373207,999,3.22955,-0.439857,0.806029,3.22955,0.439857,3.92529,284.1,3.342352941,284.1,3.342352941,,,,,,,,,,,,,,,,,,,"Graham Pauley","31363",688363
"Alex Jackson","MIN",15.5695,51.985,47.9188,9.65426,5.39432,2.46526,0.0309299,1.76375,6.2051,6.02283,3.43182,0.0391166,17.1618,0.415837,0.141496,0.0770644,0.713797,0.0926586,0.0527145,0.201471,0.0660155,0.33013,0.199968,0.260112,0.36463,0.272516,0.624742,0.163159,2.87973,0.270828,0.00643838,-0.06381,4.43142,-1.71102,71.5122,-0.0573717,2.45623,-1.802832879126072,3.6575849056243896,0.372826,999,2.67459,-0.24297,1.84572,2.67459,0.24297,2.53904,41.6,2.6,41.6,2.6,,,,,,,,,,,,,,,,,,,"Alex Jackson","17276",656577
"Dane Myers","CIN",62.5465,232.512,212.213,51.1387,36.2349,8.54341,0.634262,5.72612,26.166,24.2629,15.9215,0.0333005,59.2487,2.84957,1.39058,0.136934,3.9445,8.28229,2.26888,0.240978,0.0684762,0.25482,0.268724,0.300849,0.368163,0.294332,0.669012,0.127185,5.37456,0.305543,-0.137834,0.3644,23.9387,-3.53441,82.3322,0.226566,0.247762,-4.642220169305801,0.5316513627767563,0.370899,999,1.51437,-0.280594,1.37131,1.51437,0.280594,3.17159,228.4,3.625396825,228.4,3.625396825,,,,,,,,,,,,,,,,,,,"Dane Myers","22054",667472
"Rob Refsnyder","SEA",62.4301,234.137,205.658,48.8927,31.6936,9.75135,0.368278,7.07947,26.7792,26.9817,23.4411,0.820916,61.793,3.1158,1.68552,0.236181,4.47589,2.69047,0.816328,0.237738,0.100117,0.263918,0.379349,0.322571,0.392005,0.313515,0.714576,0.154267,3.7572,0.301963,-0.172546,-0.175338,27.7524,0.0873664,107.044,-0.347884,-0.686736,1.5959034264087677,-6.061645150184631,0.367595,999,1.90826,-0.323684,1.15979,1.90826,0.323684,3.45362,244.1,3.937096774,244.1,3.937096774,,,,,,,,,,,,,,,,,,,"Rob Refsnyder","13770",608701
"Christian Vázquez",,53.6067,190.576,174.403,39.1047,28.426,6.94332,0.104442,3.63098,17.3104,16.901,11.8734,0.0646,37.0908,1.63093,1.66222,1.0065,3.6169,1.57872,0.77259,0.224221,0.0623027,0.194625,0.320116,0.277519,0.327689,0.267448,0.605208,0.103468,2.81037,0.262102,-0.292534,-0.277029,15.4612,-7.05678,68.4311,-0.569563,0.655017,-7.680248975753784,4.791338860988617,0.364334,999,2.27608,-0.373078,1.40236,2.27608,0.373078,3.13019,145.3,2.69074074,145.3,2.69074074,,,,,,,,,,,,,,,,,,,"Christian Vazquez","9774",543877
"Liam Hicks","MIA",84.0291,315.841,272.158,65.2325,48.096,11.8166,0.931771,4.38815,30.9398,29.9052,32.7937,0.217397,49.7839,6.65465,2.83257,1.40197,5.71055,1.87218,0.370871,0.239686,0.10383,0.157623,0.658722,0.332913,0.338322,0.302281,0.671236,0.0986361,3.4031,0.27554,-0.196099,-0.353946,34.5562,-2.76278,91.3165,-0.550045,-1.61264,-3.800616443157196,-3.25518262386322,0.353213,999,2.14738,1.48421,1.00594,2.14738,-1.48421,3.65875,293.9,3.498809523,293.9,3.498809523,,,,,,,,,,,,,,,,,,,"Liam Hicks","29844",689414
"Tyler Austin","CHC",57.7932,235.903,210.601,50.8519,30.2493,11.0614,0.69276,8.84848,28.1824,29.9889,22.0003,1.19444,58.3561,1.28166,1.77554,0.244592,3.61736,0.82037,0.159851,0.241461,0.0932598,0.247373,0.377001,0.314582,0.426609,0.319786,0.741191,0.185148,3.18121,0.289336,-0.294782,-0.246898,29.163,1.28922,104.385,-0.541681,0.0205434,0.6808120608329773,-5.28112761862576,0.346191,999,2.91589,-0.604276,1.09384,2.91589,0.604276,3.54154,267.7,4.615517241,267.7,4.615517241,,,,,,,,,,,,,,,,,,,"Tyler Austin","11850",592122
"Kevin Alcántara","CHC",24.3706,70.6046,64.8694,14.9634,10.5579,2.58739,0.0988824,1.71926,7.89923,7.63558,5.31937,0.0775151,20.8262,0.2045,0.162861,0.048495,0.899491,1.98252,0.246295,0.23067,0.0753403,0.29497,0.255417,0.290368,0.353115,0.283595,0.643483,0.122445,5.11938,0.311724,-0.196553,0.189988,6.65373,-1.68875,79.5236,-0.00656576,3.16267,-1.7152876378968358,2.636142611503601,0.338697,999,4.32373,0.381689,1.864,4.32373,-0.381689,2.51467,65.3,2.720833333,65.3,2.720833333,,,,,,,,,,,,,,,,,,,"Kevin Alcantara","25971",682634
"Jake McCarthy","COL",91.7877,357.129,323.118,84.272,59.7938,14.4157,4.15122,5.91133,43.7674,33.3224,22.8389,0.335306,62.0208,5.76197,2.10931,3.30095,5.25429,13.9525,3.02602,0.260808,0.0639512,0.173665,0.368245,0.319004,0.386001,0.308785,0.705005,0.125193,7.05332,0.304555,0.247238,0.969956,40.9596,-1.23803,83.4601,1.21719,0.453543,-5.783671498298645,-2.796020418405533,0.337845,615,2.30341,-1.09495,1.2891,2.30341,1.09495,3.2812,372.4,4.047826086,372.4,4.047826086,,,,,,,,,,,,,,,,,,,"Jake McCarthy","21622",664983
"Moisés Ballesteros","CHC",90.9401,348.759,314.251,81.5767,55.2498,15.1531,0.968956,10.2049,39.0766,41.0335,28.9681,1.94626,64.3149,2.48833,2.49497,0.55718,6.95984,1.65112,0.606462,0.259591,0.0830603,0.18441,0.45041,0.324619,0.411399,0.319222,0.736018,0.151808,3.19123,0.29465,-0.164174,-0.477689,42.9548,1.74618,103.997,-0.641863,-1.3821,1.0056712627410889,-9.521805047988892,0.336341,630.1900024414062,2.80946,5.65897,0.942778,2.80946,-5.65897,3.74296,382.4,4.202197802,382.4,4.202197802,,,,,,,,,,,,,,,,,,,"Moises Ballesteros","28820",694208
"Sung-Mun Song","SDP",65.7067,262.453,239.4,56.3635,39.1948,10.9109,0.776299,5.48151,27.8632,26.2115,19.732,0.889778,45.2344,0.755452,1.92622,0.639481,3.70856,5.73201,0.977374,0.235437,0.0751829,0.172353,0.436215,0.293533,0.356189,0.284444,0.649722,0.120752,4.91566,0.266943,-0.256684,0.358022,24.9141,-6.09667,80.1064,0.101338,0.249297,-6.069573268294334,0.46276895701885223,0.335148,999,3.08063,0.0768786,1.18479,3.08063,-0.0768786,3.42029,230.8,3.496969696,230.8,3.496969696,,,,,,,,,,,,,,,,,,,"Sung-Mun Song","sa3012529",823550
"Emmanuel Rodriguez","MIN",11.6703,46.9176,39.8747,8.54289,5.49457,1.75307,0.124674,1.17058,6.10691,4.49847,6.69157,0.0663316,15.9557,0.187822,0.120882,0.0425815,0.52943,1.12476,0.199036,0.214243,0.142624,0.34008,0.419383,0.329009,0.35253,0.306408,0.681538,0.138287,5.12818,0.322367,-0.0618995,0.062192,5.29049,-0.253186,94.8592,0.000292484,2.13167,-0.28398218311485834,1.9001190513372421,0.330568,999,3.07825,-0.0456809,1.92422,3.07825,0.0456809,2.43438,48.5,4.041666666,48.5,4.041666666,,,,,,,,,,,,,,,,,,,"Emmanuel Rodriguez","sa3014693",691181
"Pavin Smith","ARI",103.302,402.662,350.431,82.0882,51.9056,16.9019,1.0477,12.233,46.5495,47.3148,47.4828,1.16047,103.097,1.53409,3.05549,0.158429,7.24798,2.58572,0.945986,0.234249,0.117922,0.25604,0.460563,0.325724,0.393186,0.315652,0.71891,0.158937,3.42036,0.293317,-0.490465,-0.52885,48.4266,0.849025,100.833,-1.01932,-0.448388,-0.6218898892402649,-9.54742431640625,0.330198,999,2.11745,0.779384,0.361672,2.11745,-0.779384,4.51777,426.9,4.144660194,426.9,4.144660194,,,,,,,,,,,,,,,,,,,"Pavin Smith","19892",656976
"Tyler Fitzgerald","SFG",24.2625,92.9739,85.501,18.7183,12.4208,3.75383,0.19375,2.34986,10.3114,8.8556,5.67715,0.00293796,27.6758,0.870447,0.263088,0.66223,0.908058,2.66616,0.46382,0.218925,0.0610618,0.297673,0.20513,0.273702,0.349811,0.274152,0.623513,0.130886,5.33179,0.293665,-0.0314206,0.218085,8.04898,-2.93661,73.0368,0.186665,3.17819,-2.7762420177459717,2.8037678003311157,0.324757,999,6.2162,1.65714,1.76077,6.2162,-1.65714,2.65231,77.5,3.229166666,77.5,3.229166666,,,,,,,,,,,,,,,,,,,"Tyler Fitzgerald","26208",666149
"Reese McGuire","MIL",34.1809,125.222,114.254,25.1643,17.121,4.64665,0.137488,3.25922,12.1793,14.1752,7.61583,0.0890755,28.9215,1.09571,1.23798,1.01884,2.11553,1.00936,0.236163,0.22025,0.0608186,0.230962,0.263328,0.272746,0.348904,0.272162,0.62165,0.128655,3.33633,0.262932,-0.155039,-0.0647905,10.6384,-4.15755,72.7794,-0.21983,0.575821,-4.259753257036209,3.2132365107536316,0.319179,999,3.06794,0.411811,1.58096,3.06794,-0.411811,2.89205,97.6,2.870588235,97.6,2.870588235,,,,,,,,,,,,,,,,,,,"Reese McGuire","15674",624512
"Angel Martínez","CLE",69.762,274.982,250.589,57.7963,38.3039,12.4864,1.07766,5.92833,30.1829,26.4634,17.1474,0.177725,58.6895,2.7295,2.24617,2.27012,3.90323,4.67577,1.47764,0.230642,0.0623581,0.21343,0.292171,0.284817,0.360044,0.282251,0.644861,0.129402,4.74288,0.275575,0.18466,-0.0528812,25.6141,-6.87724,80.1607,0.131779,-1.20626,-6.298104479908943,-0.07717025279998779,0.316061,999,1.38629,1.03793,1.06133,1.38629,-1.03793,3.58489,237.4,3.391428571,237.4,3.391428571,,,,,,,,,,,,,,,,,,,"Angel Martinez","26540",682657
"Christopher Morel","MIA",83.3815,325.24,289.917,64.2042,37.5896,12.41,1.43203,12.7725,38.0317,39.1959,29.5691,0.689249,97.9273,3.40183,1.79689,0.555117,5.04459,6.1924,2.23904,0.221457,0.0909147,0.301093,0.301949,0.29929,0.406308,0.30687,0.705599,0.184851,4.78699,0.284131,0.272052,-0.139711,36.7963,-1.63327,94.4599,0.132341,1.04102,-2.0032357573509216,-5.735866189002991,0.315298,999,3.25338,0.615559,0.728016,3.25338,-0.615559,4.02931,335.9,4.046987951,335.9,4.046987951,,,,,,,,,,,,,,,,,,,"Christopher Morel","21897",666624
"Jesus Rodriguez","SFG",9.75571,38.0927,34.7773,9.1014,7.17871,1.54971,0.065529,0.30745,4.32246,3.32567,3.02735,0.141849,6.12787,0.142899,0.108196,0.0369526,0.712415,1.00401,0.179362,0.261705,0.0794733,0.160867,0.49403,0.322465,0.336556,0.292858,0.65902,0.0748509,4.88289,0.309099,-0.0753467,0.0599664,3.87629,-0.624663,85.8861,-0.0153803,1.67324,-0.6508183497935534,2.4259965419769287,0.313527,999,2.72335,-0.583142,2.04372,2.72335,0.583142,2.27504,32.1,3.21,32.1,3.21,,,,,,,,,,,,,,,,,,,"Jesus Rodriguez","sa3008916",683679
"Brett Harris","ATH",45.8243,165.524,146.799,33.388,23.0653,6.52107,0.174386,3.62731,18.2648,15.8914,13.5246,0.0513643,35.6286,2.84049,1.21749,1.14245,2.94375,2.19906,0.794193,0.227441,0.0817077,0.215248,0.379598,0.302669,0.348367,0.289367,0.651036,0.120926,3.83317,0.273636,-0.043316,-0.145392,16.3744,-3.18345,83.4882,-0.188708,0.765847,-3.418981984257698,0.8668706342577934,0.312045,999,2.35839,0.62593,1.45691,2.35839,-0.62593,3.05746,147.7,3.210869565,147.7,3.210869565,,,,,,,,,,,,,,,,,,,"Brett Harris","29788",695391
"Jeremiah Jackson","BAL",49.3203,197.327,184.304,43.8549,28.3768,9.0751,0.797575,5.60544,22.1279,21.8404,10.3275,0.0196075,47.2976,1.53587,1.03473,0.124862,3.50483,2.85079,1.39848,0.237948,0.052337,0.239691,0.218352,0.282543,0.387085,0.290707,0.669628,0.149137,4.61287,0.288814,0.110609,-0.268068,19.7353,-3.58041,86.2454,-0.157459,-0.648561,-3.3564157485961914,-0.42470361292362213,0.308019,999,2.41479,-0.322583,1.34311,2.41479,0.322583,3.20918,189.5,3.867346938,189.5,3.867346938,,,,,,,,,,,,,,,,,,,"Jeremiah Jackson","22239",669236
"Nathan Church","STL",56.0063,192.339,174.344,42.5589,30.7382,7.71233,0.847845,3.26053,21.1951,18.457,11.8258,0.349331,31.2363,2.56221,1.31946,2.28744,3.0441,4.33091,1.26299,0.244109,0.0614842,0.162403,0.378591,0.299639,0.354176,0.287565,0.653816,0.110067,5.23857,0.278383,-0.0190272,0.0533655,18.7457,-3.9806,82.2503,0.0343383,1.86598,-4.000668186694384,0.4652217626571655,0.304291,999,3.63047,2.1834,1.49135,3.63047,-2.1834,3.01154,173.7,3.101785714,173.7,3.101785714,,,,,,,,,,,,,,,,,,,"Nathan Church","31357",701675
"Randal Grichuk",,64.5372,237.486,218.659,53.3248,32.0971,11.3381,0.811017,9.07864,27.6658,28.7015,14.7493,0.463174,49.1969,2.22667,1.73921,0.112788,3.87042,0.774566,0.410825,0.243873,0.0621059,0.207157,0.299801,0.296161,0.427703,0.31145,0.723864,0.18383,3.14198,0.272919,0.0852787,-0.334233,27.7514,-0.309493,98.6581,-0.248955,-0.404851,-0.6256220787763596,-4.461502522230148,0.301867,999,1.38485,0.380189,1.1409,1.38485,-0.380189,3.4788,252.9,3.89076923,252.9,3.89076923,,,,,,,,,,,,,,,,,,,"Randal Grichuk","10243",545341
"Jesse Winker",,75.8971,292.34,249.321,58.3141,38.6794,10.8508,1.20638,7.57756,33.3679,30.9431,36.2431,1.28676,65.2763,3.79966,2.29992,0.676769,4.44603,4.37752,1.29645,0.233892,0.123976,0.223289,0.555226,0.337227,0.378269,0.316767,0.715497,0.144377,4.42482,0.283814,-0.841944,-0.166617,35.4233,0.881025,102.311,-1.00856,-0.608912,-0.2102261185646057,-6.770714044570923,0.298047,999,1.53034,-0.663442,0.948399,1.53034,0.663442,3.73547,313.4,4.12368421,313.4,4.12368421,,,,,,,,,,,,,,,,,,,"Jesse Winker","13590",608385
"Ryan Mountcastle","BAL",43.6416,176.505,162.843,41.7568,27.9141,8.08019,0.22461,5.5379,19.9267,21.41,10.548,0.0573315,43.7392,1.2875,1.75375,0.0732504,3.41353,1.10356,0.242436,0.256423,0.0597599,0.247806,0.241156,0.303755,0.410824,0.309399,0.71458,0.154401,3.1323,0.314074,0.0401,-0.140604,20.3315,-0.52401,99.1212,-0.100504,1.1552,-0.28331585228443146,-2.8856903314590454,0.297323,999,3.99654,1.24976,1.49188,3.99654,-1.24976,3.01082,189.7,4.311363636,189.7,4.311363636,,,,,,,,,,,,,,,,,,,"Ryan Mountcastle","18373",663624
"José Tena","WSN",63.0949,241.167,220.953,53.4942,37.2582,11.1993,0.991528,4.04527,24.3381,22.5156,16.8512,0.157138,61.2978,1.15873,1.43694,0.767169,3.75647,6.96798,2.46477,0.242106,0.0698734,0.254171,0.274907,0.297438,0.356692,0.287588,0.65413,0.114586,5.11638,0.314867,-0.00747717,0.0204077,23.5091,-4.98668,82.6119,0.0129305,-1.19308,-4.957158450968564,-0.1681506633758545,0.296542,999,1.12639,-0.818312,1.40612,1.12639,0.818312,3.12518,212.7,3.376190476,212.7,3.376190476,,,,,,,,,,,,,,,,,,,"Jose Tena","23691",677588
"Nick Loftin","KCR",36.686,134.654,119.709,28.1198,19.704,5.83168,0.203003,2.38108,14.5,13.2886,11.9889,0.0704662,21.9114,1.40657,1.19701,0.352162,2.62435,1.81967,0.711424,0.2349,0.0890349,0.162724,0.547154,0.309119,0.346678,0.291422,0.655797,0.111778,3.68057,0.266407,0.0375546,-0.145453,13.5454,-2.36507,84.9,-0.107898,1.74479,-2.5110608860850334,0.824804961681366,0.293741,999,2.47305,-0.436522,1.61943,2.47305,0.436522,2.84076,113,3.054054054,113,3.054054054,,,,,,,,,,,,,,,,,,,"Nick Loftin","27630",679845
"Jordan Beck","COL",127.672,524.115,477.291,118.252,75.6655,24.4561,3.13332,14.997,62.4276,57.0085,40.6855,0.342961,150.544,3.17513,2.76973,0.194059,6.8036,15.5175,4.66878,0.247757,0.077627,0.287234,0.270257,0.309422,0.406389,0.311499,0.715811,0.158632,5.62024,0.328294,-0.0103715,0.404745,61.266,-0.662249,85.3189,0.394374,0.0653512,-8.725288450717926,-5.845376752316952,0.293308,238.13999938964844,4.58946,-0.176688,0.494866,4.58946,0.176688,4.34018,559.9,4.37421875,559.9,4.37421875,,,,,,,,,,,,,,,,,,,"Jordan Beck","31431",687597
"Luis Urías",,42.3078,159.546,140.1,31.2746,21.4171,5.703,0.110219,4.04434,16.5324,16.3651,14.7382,0.0345699,30.3991,3.6207,0.991652,0.095927,2.96116,1.15499,0.329551,0.223231,0.0923755,0.190535,0.484822,0.311279,0.352114,0.296303,0.663392,0.128883,3.12649,0.255329,-0.0415495,-0.166319,16.6816,-2.16998,88.2531,-0.207869,-0.797053,-2.422976642847061,-0.1441548466682434,0.289811,999,2.41639,-0.507858,1.44806,2.41639,0.507858,3.06926,147.5,3.511904761,147.5,3.511904761,,,,,,,,,,,,,,,,,,,"Luis Urias","16622",649966
"Luke Maile","KCR",17.4014,58.8403,52.1798,11.3611,7.75007,2.77582,0.0442767,0.790918,5.2248,5.30416,5.46271,0.0151639,16.7773,0.388671,0.156287,0.652777,1.08941,0.462333,0.155463,0.217729,0.0928397,0.285132,0.325602,0.29581,0.318096,0.275785,0.613907,0.100367,3.02593,0.304021,0.0079299,-0.0608905,5.17192,-1.78051,74.1581,-0.0529606,1.30161,-1.85011325776577,2.644304633140564,0.285002,999,3.97738,0.101902,1.90478,3.97738,-0.101902,2.4603,42.7,2.511764705,42.7,2.511764705,,,,,,,,,,,,,,,,,,,"Luke Maile","13355",571912
"Tommy Pham",,83.3229,338.193,301.756,72.7989,49.3271,14.0351,1.04395,8.39275,37.8109,34.9705,31.2711,0.853999,75.6393,2.04733,2.66834,0.450127,6.34988,5.45294,1.75072,0.241251,0.0924652,0.223657,0.413423,0.314196,0.378121,0.303847,0.692317,0.13687,4.31818,0.292235,-0.531079,-0.166326,37.4318,-2.52827,93.4355,-0.697405,-1.52012,-3.3213332891464233,-5.377663016319275,0.281043,999,3.78829,0.402148,0.868802,3.78829,-0.402148,3.8416,331.2,3.990361445,331.2,3.990361445,,,,,,,,,,,,,,,,,,,"Tommy Pham","2967",502054
"Jorge Mateo","ATL",45.9774,158.522,146.722,32.7418,20.8331,7.40109,1.14596,3.36167,20.2861,13.8167,8.57434,0.0994986,43.2629,0.970991,1.14427,1.11109,1.59158,12.5944,2.5925,0.223156,0.0540892,0.272913,0.198192,0.268641,0.357956,0.272549,0.626597,0.1348,8.09092,0.290199,-0.000329814,1.25732,13.5173,-5.21331,71.8192,1.25699,-0.0348662,-4.037663817405701,1.4630244374275208,0.276186,999,3.9615,0.610491,1.73967,3.9615,-0.610491,2.68043,138.3,3.006521739,138.3,3.006521739,,,,,,,,,,,,,,,,,,,"Jorge Mateo","17273",622761
"Andrew Knizner","SEA",36.1976,127.25,113.827,24.3423,17.4273,4.46821,0.146738,2.30007,12.6503,11.6006,8.96186,0.0401007,27.03,2.86199,1.08756,0.51174,2.09124,0.742586,0.163489,0.213854,0.0704273,0.212416,0.331553,0.285361,0.316307,0.269356,0.601668,0.102453,3.25703,0.25755,-0.0447564,-0.111276,10.5208,-4.51476,76.6246,-0.156032,-0.816414,-3.6618533581495285,1.9766117334365845,0.27568,999,1.94086,-0.0758994,1.57424,1.94086,0.0758994,2.90101,88.7,2.463888888,88.7,2.463888888,,,,,,,,,,,,,,,,,,,"Andrew Knizner","19514",668800
"Max Kepler",,38.8452,157.621,140.978,32.9839,20.5013,6.72464,0.192161,5.56586,18.2813,18.3132,13.9689,0.464147,32.0827,1.33683,1.17035,0.167125,2.39117,0.954895,0.154848,0.233966,0.0886232,0.203544,0.435401,0.306691,0.402833,0.308667,0.709524,0.168868,3.14161,0.262375,-0.211326,-0.105756,18.0625,-0.561598,96.7461,-0.317081,0.0489666,-0.9232637286186218,-1.7494231723248959,0.272344,999,2.75182,0.155016,1.44007,2.75182,-0.155016,3.07991,167.4,4.292307692,167.4,4.292307692,,,,,,,,,,,,,,,,,,,"Max Kepler","12144",596146
"J.C. Escarra","NYY",44.0558,150.137,133.48,29.3006,19.5098,6.31406,0.653461,2.82324,14.9497,14.8909,13.3221,0.171196,28.9107,1.64235,1.52789,0.164639,2.25488,1.3558,0.308048,0.219514,0.0887332,0.192563,0.460801,0.295156,0.340062,0.281626,0.635217,0.120548,4.16706,0.256381,-0.138237,-0.0814487,13.9086,-3.83116,78.1704,-0.219685,-0.573995,-4.093309015035629,1.669585108757019,0.2719,999,2.88452,0.107551,1.49292,2.88452,-0.107551,3.00944,127.6,2.9,127.6,2.9,,,,,,,,,,,,,,,,,,,"J.C. Escarra","20084",641555
"Zack Gelof","ATH",41.229,159.477,143.516,31.1319,18.9044,6.82342,0.142871,5.26122,19.3891,16.73,12.8554,0.0744707,53.4939,1.19932,1.34052,0.565764,1.54543,4.72149,1.46321,0.216923,0.0806099,0.335435,0.240315,0.284352,0.376438,0.288809,0.66079,0.159515,4.91102,0.300469,0.202236,0.127994,15.704,-3.13935,83.1052,0.33023,-0.580425,-2.854229897260666,0.05582475662231445,0.265907,999,4.43119,0.608636,1.44068,4.43119,-0.608636,3.07909,145.6,3.551219512,145.6,3.551219512,,,,,,,,,,,,,,,,,,,"Zack Gelof","29766",680869
"Jose Iglesias",,49.2484,184.308,169.673,43.1641,32.6785,8.09644,0.259569,2.12954,18.7879,17.1542,9.65828,0.122485,31.397,2.85758,0.99393,1.12539,3.96772,2.24644,0.718299,0.254396,0.0524029,0.170351,0.307618,0.303959,0.342826,0.286134,0.646785,0.0884302,3.72069,0.299216,-0.140576,-0.142418,17.7489,-4.02852,81.2673,-0.282993,-0.552649,-4.363643795251846,0.7140289545059204,0.264801,999,1.88116,0.482131,1.58484,1.88116,-0.482131,2.88688,152.8,3.118367346,152.8,3.118367346,,,,,,,,,,,,,,,,,,,"Jose Iglesias","10231",578428
"Kristian Campbell","BOS",34.2813,137.049,121.528,29.5388,20.7114,5.43935,0.334499,3.05353,15.4978,13.9372,12.7661,0.11771,35.3577,2.30123,0.366868,0.0869065,2.32741,1.7983,0.655106,0.243062,0.0931499,0.257994,0.361055,0.325683,0.368704,0.30871,0.694387,0.125642,4.13769,0.317253,0.0224655,-0.14404,15.7099,-0.483471,93.0065,-0.121574,0.163788,-1.2512120008468628,-0.8942760229110718,0.263097,999,4.78761,0.533586,1.62622,4.78761,-0.533586,2.83171,134.7,3.961764705,134.7,3.961764705,,,,,,,,,,,,,,,,,,,"Kristian Campbell","33644",692225
"Tim Tawa","ARI",43.2986,161.698,146.246,32.4369,20.8874,6.55312,0.699146,4.29722,17.7096,16.6783,12.4918,0.0156828,41.9429,1.22221,1.22638,0.511411,2.68889,3.75352,1.00533,0.221796,0.077254,0.25939,0.29783,0.286319,0.364316,0.28546,0.650636,0.14252,5.21911,0.27797,-0.155321,0.110679,15.4831,-3.62275,80.1504,-0.0446418,1.414,-3.8487372882664204,1.0363301932811737,0.26267,999,3.15802,0.737819,1.46666,3.15802,-0.737819,3.04446,140.6,3.269767441,140.6,3.269767441,,,,,,,,,,,,,,,,,,,"Tim Tawa","29571",694374
"Leo Jiménez","TOR",38.3359,130.873,115.158,26.5552,18.1981,5.35335,0.147618,2.85609,14.3042,12.5079,9.7217,0.0744459,29.9565,3.98218,1.02629,0.984232,2.76782,1.06634,0.357398,0.230597,0.0742836,0.228898,0.324527,0.309951,0.354052,0.295501,0.664003,0.123455,3.48827,0.284257,-0.104724,-0.143207,13.5984,-1.86521,88.7072,-0.247931,-1.13144,-1.9898291379213333,-0.022182106971740723,0.255006,999,3.29776,-0.411339,1.60412,3.29776,0.411339,2.86118,122.8,3.231578947,122.8,3.231578947,,,,,,,,,,,,,,,,,,,"Leo Jimenez","23782",677870
"Jonny DeLuca","TBR",72.9998,278.642,254.625,58.5008,38.8735,11.0375,2.29137,6.29847,30.5181,28.0441,18.5822,0.631034,58.5815,3.20258,1.45799,0.774702,2.41851,10.5183,2.03497,0.229753,0.0666882,0.210239,0.317202,0.288934,0.365308,0.286071,0.654242,0.135555,6.45138,0.273021,-0.428646,0.874033,26.8192,-6.10455,81.2244,0.445387,0.116182,-5.737977385520935,-1.2249370887875557,0.252461,999,2.29226,3.82792,1.21251,2.29226,-3.82792,3.38332,256.4,3.512328767,256.4,3.512328767,,,,,,,,,,,,,,,,,,,"Jonny DeLuca","26365",676356
"Hyeseong Kim","LAD",46.6899,166.198,154.146,38.2265,28.0357,6.53889,1.06846,2.58345,19.2444,15.8735,9.12209,0.184267,41.2062,1.20999,0.866738,0.853413,2.12217,8.16562,1.35886,0.247989,0.0548868,0.247934,0.221377,0.293681,0.354551,0.284183,0.648232,0.106562,6.68337,0.320464,-0.141915,0.824574,15.7417,-3.89593,79.9272,0.682658,-0.628677,-3.2602789998054504,0.09184598922729492,0.251324,999,3.94082,1.76989,1.6954,3.94082,-1.76989,2.73946,155.4,3.306382978,155.4,3.306382978,,,,,,,,,,,,,,,,,,,"Hyeseong Kim","35322",808975
"Ryan Clifford","NYM",12.317,49.4915,43.4095,9.00739,4.6283,2.31682,0.0184343,2.04384,6.35079,6.21707,5.65876,0.14088,14.7797,0.253943,0.131159,0.0381622,0.66448,0.224449,0.0914023,0.207498,0.114338,0.29863,0.382875,0.3017,0.402967,0.307768,0.704667,0.195469,2.77492,0.26064,0.00932626,-0.0611993,5.63536,-0.212449,96.1287,-0.051873,2.19658,-0.27832067385315895,1.0561139583587646,0.250952,999,4.59152,0.398565,1.86171,4.59152,-0.398565,2.51772,50,4.166666666,50,4.166666666,,,,,,,,,,,,,,,,,,,"Ryan Clifford","sa3020126",691775
"Christian Koss","SFG",29.8639,106.766,98.4021,23.2423,16.6837,4.50361,0.240332,1.81461,12.1519,10.3655,5.41569,0.080609,25.1203,1.56806,0.38148,0.998561,1.76227,2.16592,0.48967,0.236197,0.0507249,0.235284,0.21559,0.285778,0.342171,0.276852,0.62795,0.105974,4.98005,0.298233,-0.0494602,0.0769422,9.47698,-3.13823,74.8912,0.027482,1.58628,-3.140947114676237,1.9154650568962097,0.244316,999,5.15287,0.226652,1.73561,5.15287,-0.226652,2.68585,88.9,2.963333333,88.9,2.963333333,,,,,,,,,,,,,,,,,,,"Christian Koss","27653",683766
"Daniel Susac","SFG",23.6322,90.026,83.1543,18.7994,13.1371,3.42653,0.12294,2.11278,8.38749,9.28829,4.80233,0.0399094,26.0992,1.04781,0.936548,0.084969,1.42252,1.04749,0.229557,0.226078,0.0533439,0.289908,0.184003,0.274063,0.346466,0.271758,0.620529,0.120388,3.6203,0.298621,-0.0616087,-0.0095938,7.61875,-3.01851,71.392,-0.0712025,0.628562,-3.11517620831728,2.452036440372467,0.243885,999,2.35235,-0.226447,1.78212,2.35235,0.226447,2.62385,70.8,2.95,70.8,2.95,,,,,,,,,,,,,,,,,,,"Daniel Susac","sa3019997",691740
"Tom Murphy",,24.4869,92.9384,83.7283,18.6679,11.5812,3.72937,0.077566,3.27971,10.1196,10.6271,7.79503,0.00767828,26.4206,0.643374,0.700396,0.0712558,1.28912,0.838245,0.207537,0.222958,0.0838731,0.284281,0.295036,0.291882,0.386864,0.296607,0.678746,0.163906,3.35715,0.281173,-0.107988,-0.0494532,9.74025,-1.24114,88.4617,-0.157441,-1.24575,-1.424870803952217,0.6436675786972046,0.241891,999,1.02072,-0.790352,1.716,1.02072,0.790352,2.71201,91.1,3.795833333,91.1,3.795833333,,,,,,,,,,,,,,,,,,,"Tom Murphy","13499",608596
"Michael Conforto",,82.1973,320.695,280.737,62.5243,39.0586,12.8644,0.259789,10.3415,35.9321,35.5803,33.2118,0.855776,78.7677,4.61104,1.99653,0.139116,6.16845,0.880302,0.207765,0.222715,0.103562,0.245615,0.421643,0.313041,0.380901,0.305776,0.693942,0.158186,2.50764,0.269506,-0.136517,-0.41092,35.9972,-1.89536,94.7602,-0.547437,-2.15583,-2.5335034132003784,-5.9612603187561035,0.241349,999,1.05799,1.41612,0.65276,1.05799,-1.41612,4.12965,319.4,3.895121951,319.4,3.895121951,,,,,,,,,,,,,,,,,,,"Michael Conforto","16376",624424
"Ryan Kreidler","MIN",23.3474,81.4916,70.9217,13.6313,9.11036,3.07008,0.064424,1.38642,8.09046,6.29813,7.75167,0.000123394,25.9875,1.07059,0.578178,1.16946,0.877663,2.45209,0.66225,0.192202,0.0951223,0.318898,0.298285,0.279544,0.295953,0.260734,0.575497,0.103751,4.77245,0.277498,-0.0578515,0.100831,6.16714,-3.46173,63.3959,0.0429795,2.19615,-3.4727434553205967,2.9888135194778442,0.237455,999,2.5458,-1.11014,1.78933,2.5458,1.11014,2.61423,53.5,2.326086956,53.5,2.326086956,,,,,,,,,,,,,,,,,,,"Ryan Kreidler","25867",668952
"Jeferson Quero","MIL",15.4455,58.8819,54.15,12.6694,8.71312,2.40817,0.0673636,1.48076,5.93502,7.11936,4.23707,0.0486688,11.2598,0.251438,0.187376,0.0560584,0.859612,0.198742,0.0945479,0.233969,0.0719587,0.191227,0.376301,0.291673,0.362966,0.287608,0.654639,0.128997,2.48264,0.268979,0.0452272,-0.0858022,5.74084,-1.21651,83.3608,-0.0405749,0.36785,-1.201777957379818,1.5596299171447754,0.237044,999,2.92142,-0.0345041,1.89086,2.92142,0.0345041,2.47885,46,3.066666666,46,3.066666666,,,,,,,,,,,,,,,,,,,"Jeferson Quero","sa3015407",691620
"Jack Suwinski","PIT",26.6801,99.8616,87.5516,18.0693,11.2287,3.53151,0.130587,3.17859,11.3416,10.9919,11.0393,0.34161,30.7512,0.893706,0.278463,0.0985291,0.966331,2.54421,0.426227,0.206385,0.110546,0.307939,0.358989,0.300736,0.35862,0.292243,0.659357,0.152235,4.82671,0.276265,-0.142715,0.183645,10.112,-1.68738,83.8977,0.0409296,1.76175,-1.8648881018161774,0.8559391498565674,0.236697,999,4.85149,-0.324689,1.66663,4.85149,0.324689,2.77782,94.3,3.492592592,94.3,3.492592592,,,,,,,,,,,,,,,,,,,"Jack Suwinski","22244",669261
"Ezequiel Duran","TEX",79.3858,288.055,267.82,62.7597,42.304,14.156,0.928025,5.37164,30.2784,26.1844,14.5438,0.201066,69.479,2.9692,1.78188,0.94044,3.8175,8.45402,2.36028,0.234335,0.0504897,0.2412,0.209327,0.279584,0.354293,0.277186,0.633877,0.119957,5.33686,0.294674,-0.286185,0.330662,25.6471,-8.3888,76.8923,0.0444769,-1.14839,-7.800726477056742,0.19066059589385986,0.235761,999,1.63022,-0.52879,1.20016,1.63022,0.52879,3.39978,241.7,3.05949367,241.7,3.05949367,,,,,,,,,,,,,,,,,,,"Ezequiel Duran","23733",677649
"Jon Berti",,51.1973,175.249,159.015,37.9423,28.753,6.19304,0.861474,2.13478,20.1838,13.4537,12.9058,0.152409,37.2019,1.69374,0.81366,0.820862,3.05079,10.0172,2.3588,0.238608,0.0736424,0.21228,0.346911,0.301223,0.328665,0.280484,0.629888,0.0900563,6.41438,0.297178,-0.0216179,0.752283,16.0726,-4.63441,77.3862,0.730665,-0.763702,-3.953311026096344,0.2897403836250305,0.232005,999,0.542853,1.19542,1.72555,0.542853,-1.19542,2.69927,154.1,3.021568627,154.1,3.021568627,,,,,,,,,,,,,,,,,,,"Jon Berti","12037",542932
"James Outman","MIN",62.9752,226.574,200.794,40.8027,24.0553,8.37747,1.09713,7.27283,27.5005,23.6946,21.1551,0.40705,78.8285,3.35249,1.15673,0.115119,1.70536,4.44211,1.18226,0.203207,0.0933699,0.347916,0.268369,0.288399,0.364517,0.287718,0.652916,0.161311,5.56805,0.289426,0.0699662,0.0863565,22.1105,-4.66094,81.9839,0.156323,0.862812,-4.654747247695923,-0.9008963704109192,0.229452,999,3.73024,1.7899,1.04216,3.73024,-1.7899,3.61046,200.1,3.176190476,200.1,3.176190476,,,,,,,,,,,,,,,,,,,"James Outman","24770",681546
"Ty France",,78.532,315.634,284.881,71.8785,51.1275,13.6771,0.142946,6.93099,33.1307,33.795,18.6728,0.234573,57.8238,9.8512,2.07797,0.150782,7.50164,0.760797,0.213729,0.25231,0.0591596,0.183199,0.322925,0.31825,0.374312,0.305951,0.692562,0.122002,2.26651,0.292287,-0.195464,-0.459651,35.4741,-1.8205,94.8807,-0.655115,0.164165,-2.5648940205574036,-5.895406022667885,0.22735,999,3.75922,-1.21621,1.03276,3.75922,1.21621,3.62299,313.5,3.96835443,313.5,3.96835443,,,,,,,,,,,,,,,,,,,"Ty France","17982",664034
"Orlando Arcia","MIN",40.1961,148.487,136.489,30.3828,20.9704,5.81052,0.0933013,3.5085,13.8697,14.2908,9.88711,0.0782329,31.5156,0.689999,1.28254,0.138934,2.99687,0.314938,0.162841,0.222602,0.0665855,0.212244,0.313722,0.276106,0.343657,0.272178,0.619763,0.121055,1.97307,0.261557,0.0196377,-0.211449,12.6169,-4.92807,71.279,-0.191811,1.25038,-5.218267008662224,2.2251508235931396,0.216655,999,3.01382,-0.181802,1.51539,3.01382,0.181802,2.97948,120,3,120,3,,,,,,,,,,,,,,,,,,,"Orlando Arcia","13185",606115
"Elias Díaz",,37.8425,135.487,123.544,26.9792,18.3918,5.02636,0.0817924,3.47919,13.2871,14.1723,8.96671,0.123891,33.1039,1.01629,0.88513,1.07442,2.98478,0.219197,0.0906673,0.218377,0.0661815,0.244333,0.270866,0.274991,0.34487,0.272462,0.619861,0.126493,2.01452,0.267512,-0.205459,-0.179794,11.5435,-4.46534,71.8756,-0.385253,-0.523594,-4.888915657997131,2.396350860595703,0.214129,999,2.43028,0.440743,1.52263,2.43028,-0.440743,2.96983,99.9,2.628947368,99.9,2.628947368,,,,,,,,,,,,,,,,,,,"Elias Diaz","11680",553869
"Otto Kemp","PHI",55.5055,214.024,190.953,44.7613,28.0776,9.52559,0.86645,6.2917,25.9498,25.1036,14.6871,0.581457,60.8201,6.39886,1.86258,0.122368,2.95428,3.83058,1.41066,0.23441,0.0686236,0.284174,0.241485,0.307839,0.392216,0.305964,0.700055,0.157806,5.10321,0.306033,-0.0850416,-0.132298,24.0564,-1.23218,93.5699,-0.217339,-0.578867,-1.848413959145546,-3.202103078365326,0.211799,999,1.73998,-0.110405,1.2122,1.73998,0.110405,3.38373,219.9,3.926785714,219.9,3.926785714,,,,,,,,,,,,,,,,,,,"Otto Kemp","31792",805249
"Cody Freeman","TEX",51.6532,199.966,184.99,43.8446,30.4722,8.70685,0.231886,4.43369,21.1806,21.0476,11.2001,0.289744,32.2351,1.27687,1.57607,0.923061,3.72651,2.6094,0.877253,0.237011,0.0560101,0.161203,0.347451,0.282962,0.358487,0.280028,0.641449,0.121475,3.82707,0.26292,-0.0510434,-0.118994,18.2654,-5.36209,78.8499,-0.170037,-0.199462,-5.154765710234642,0.3243579715490341,0.209954,999,2.15273,-0.282824,1.36069,2.15273,0.282824,3.18575,164,3.153846153,164,3.153846153,,,,,,,,,,,,,,,,,,,"Cody Freeman","25629",683227
"Dominic Keegan","TBR",17.3044,66.2586,59.9158,13.6181,8.87016,2.88702,0.0744818,1.78647,6.64606,7.148,4.80094,0.0760612,18.0962,0.680907,0.804152,0.0568156,1.00391,0.0889889,0.0378533,0.227288,0.0724575,0.273115,0.265301,0.288511,0.367407,0.286698,0.655918,0.140119,2.13036,0.289727,0.00259131,-0.0919489,6.4111,-1.41787,81.6552,-0.0893576,-0.010306,-1.5259732082486153,1.3249110793694854,0.208862,999,2.10108,-0.595336,1.85506,2.10108,0.595336,2.52659,63.9,3.758823529,63.9,3.758823529,,,,,,,,,,,,,,,,,,,"Dominic Keegan","sa3020194",681371
"Jacob Melton","TBR",42.5199,146.738,134.081,29.2123,19.1647,6.12084,0.305689,3.62103,17.1814,14.7023,10.74,0.0883956,40.3819,1.0664,0.721424,0.128323,2.06392,7.81416,1.77905,0.21787,0.0731916,0.275198,0.26596,0.279782,0.349098,0.276898,0.62888,0.131228,6.01108,0.281842,-0.112544,0.630403,13.0306,-4.30761,74.9231,0.517858,1.87348,-3.831253170967102,0.9048516154289246,0.2087,711.2899780273438,2.83719,0.913592,1.61587,2.83719,-0.913592,2.84551,129,3,129,3,,,,,,,,,,,,,,,,,,,"Jacob Melton","31661",689200
"Michael Helman","TEX",42.2086,149.696,136.99,28.7815,18.3976,6.56185,0.228168,3.59387,16.7652,14.5837,8.81645,0.101883,34.9966,1.61565,0.80286,1.47163,1.24401,4.08034,0.916888,0.210099,0.0588955,0.233784,0.251923,0.264555,0.340035,0.265494,0.604589,0.129935,5.40658,0.253902,-0.0772739,0.250935,11.9072,-5.78058,68.8379,0.173661,1.55891,-5.324424520134926,2.1559929251670837,0.202975,999,1.79997,-0.631221,1.48314,1.79997,0.631221,3.02248,121.1,2.883333333,121.1,2.883333333,,,,,,,,,,,,,,,,,,,"Michael Helman","24605",680737
"Austin Hedges","CLE",42.2144,141.867,125.743,23.5833,16.4441,3.90009,0.0365129,3.20257,12.4056,11.5896,11.051,0.110172,37.1022,1.40214,1.13637,2.53497,2.09946,1.26157,0.737626,0.187552,0.0778972,0.261528,0.297854,0.258637,0.295557,0.248194,0.554195,0.108005,2.86469,0.235414,0.0266151,-0.239799,9.2918,-7.47088,56.6998,-0.213184,1.29088,-7.453270345926285,4.548162817955017,0.202346,999,2.20322,-0.49056,1.47131,2.20322,0.49056,3.03825,83.3,1.983333333,83.3,1.983333333,,,,,,,,,,,,,,,,,,,"Austin Hedges","12976",595978
"Johnathan Rodríguez","CLE",51.47,190.779,172.646,40.9214,26.8694,7.70085,0.717517,5.63371,20.5728,21.7295,16.0316,0.432584,54.1152,1.09513,0.896515,0.109943,3.95522,1.37354,0.5254,0.237026,0.0840322,0.283654,0.296249,0.304445,0.387838,0.302482,0.692282,0.150812,3.76711,0.310104,-0.0931467,-0.228045,20.9043,-1.63771,94.0969,-0.321191,0.0402761,-1.6485294997692108,-3.0234141051769257,0.193816,999,1.60953,-2.22286,1.34841,1.60953,2.22286,3.20212,192,3.764705882,192,3.764705882,,,,,,,,,,,,,,,,,,,"Johnathan Rodriguez","22530",671286
"Alex Freeland","LAD",36.7285,138.381,121.802,26.5912,17.3325,5.56023,0.197042,3.5014,16.5126,14.0005,13.8986,0.152996,37.4689,1.44751,0.779658,0.453041,2.20571,2.82831,0.740082,0.218315,0.100438,0.270767,0.370938,0.304053,0.353441,0.292156,0.657494,0.135125,4.67677,0.282925,-0.0346281,0.0478622,14.0027,-2.348,85.4045,0.0132341,-1.09928,-2.3739113993942738,-0.4871346354484558,0.186449,999,1.34863,-0.700506,1.51863,1.34863,0.700506,2.97516,132.1,3.57027027,132.1,3.57027027,,,,,,,,,,,,,,,,,,,"Alex Freeland","31665",690976
"Enmanuel Valdez","PIT",7.66443,29.0623,26.2404,6.10532,3.87487,1.59197,0.0372437,0.601239,3.30812,3.60539,2.59294,0.0356483,6.26621,0.0819824,0.109081,0.0378361,0.426661,0.104724,0.0728391,0.232668,0.0892201,0.215613,0.413797,0.302512,0.364913,0.294036,0.667425,0.132245,2.72606,0.28252,0.0175892,-0.0518884,2.98516,-0.448773,85.1257,-0.0342992,1.26291,-0.5466420836746693,1.3811918944120407,0.184312,999,3.50235,-0.354042,2.01035,3.50235,0.354042,2.31953,31.8,3.975,31.8,3.975,,,,,,,,,,,,,,,,,,,"Enmanuel Valdez","21716",665839
"Brett Wisely","ATL",14.2497,50.1027,45.3445,10.0213,6.93761,2.16529,0.0357715,0.882628,5.32997,4.66684,3.90361,0.100992,11.7106,0.168822,0.162558,0.523198,0.570768,0.98141,0.229608,0.221003,0.0779121,0.233731,0.33334,0.284265,0.328728,0.271611,0.612993,0.107725,4.38036,0.277654,-0.0747013,0.0302354,4.23413,-1.6859,71.2909,-0.0444659,1.37562,-1.7445331737399101,1.7840076386928558,0.177529,999,2.97792,-0.278643,1.9373,2.97792,0.278643,2.41693,40.1,2.864285714,40.1,2.864285714,,,,,,,,,,,,,,,,,,,"Brett Wisely","27735",689172
"Jake Bauers","MIL",86.6465,314.08,272.967,57.535,33.8115,11.2771,0.899733,11.5467,36.3193,37.8592,36.7861,0.877786,93.5098,2.47401,1.68919,0.164638,2.61982,8.54606,1.84237,0.210777,0.117123,0.297726,0.393393,0.308347,0.385584,0.305144,0.693932,0.174808,4.96497,0.271159,-0.666142,0.478132,35.0935,-2.01748,95.3729,-0.18801,-1.19844,-1.9104618728160858,-6.814412713050842,0.176454,999,1.39705,-2.00157,0.83239,1.39705,2.00157,3.89015,330.7,3.801149425,330.7,3.801149425,,,,,,,,,,,,,,,,,,,"Jake Bauers","15194",641343
"Vidal Bruján","NYM",12.2895,39.7835,36.3154,8.06662,5.99533,1.70756,0.0442215,0.319518,4.01479,3.45742,3.04395,0.111802,8.51473,0.208836,0.129718,0.0856096,0.583993,1.06555,0.503482,0.222127,0.0765129,0.214027,0.357492,0.285139,0.297978,0.260887,0.583117,0.0758509,4.36279,0.280582,0.0420388,-0.0533887,3.01566,-1.68507,63.9239,-0.0113499,1.66308,-1.7076687347143888,2.0803179144859314,0.175885,999,3.08043,-0.487175,1.9949,3.08043,0.487175,2.34014,22.7,1.891666666,22.7,1.891666666,,,,,,,,,,,,,,,,,,,"Vidal Brujan","20536",660644
"Michael Siani","LAD",8.26497,21.2554,19.1319,3.92894,3.21079,0.526091,0.0461001,0.145954,2.82529,1.92925,1.86493,0.0213713,5.89617,0.0764886,0.0513239,0.130709,0.241923,0.593523,0.147642,0.20536,0.0877393,0.277397,0.316296,0.277891,0.260564,0.246043,0.538455,0.0552036,5.7421,0.287874,0.00799075,0.0243704,1.35503,-1.15646,53.727,0.0323611,1.95737,-1.1301090717315674,2.084919974207878,0.17129,999,2.99454,-0.246847,2.0392,2.99454,0.246847,2.28107,14.2,1.775,14.2,1.775,,,,,,,,,,,,,,,,,,,"Michael Siani","22557",672279
"Everson Pereira","CHW",56.7722,218.964,196.961,43.1343,26.3861,7.90496,0.836039,8.00721,27.125,25.3481,17.8486,0.089993,69.1643,2.65594,1.35184,0.146318,3.49288,4.51243,0.989202,0.218999,0.0815138,0.315871,0.258061,0.290831,0.389584,0.297248,0.680415,0.170585,5.3701,0.289968,-0.297327,0.188428,23.0622,-2.81008,88.9024,-0.1089,-0.950887,-2.980912484228611,-2.7615237832069397,0.170682,999,3.88165,1.17384,1.1113,3.88165,-1.17384,3.51827,217.6,3.817543859,217.6,3.817543859,,,,,,,,,,,,,,,,,,,"Everson Pereira","23695",677592
"Esteury Ruiz","MIA",28.2606,89.8628,80.1202,18.7621,12.6097,3.67741,0.69765,1.77726,11.5223,8.01032,6.98462,0.0484741,21.5252,1.90819,0.365424,0.484416,1.00641,7.73307,1.78718,0.234174,0.0777254,0.239534,0.324486,0.309413,0.364035,0.298127,0.673449,0.129861,7.77652,0.297025,-0.0938217,0.673102,9.52882,-1.08916,88.4706,0.579281,-0.662935,-0.6486676335334778,-0.7025823965668678,0.16764,999,4.21881,0.82699,1.92653,4.21881,-0.82699,2.43129,99.1,3.539285714,99.1,3.539285714,,,,,,,,,,,,,,,,,,,"Esteury Ruiz","21780",665923
"Joey Loperfido","TOR",27.0438,98.6826,89.547,20.6632,13.8286,4.46135,0.141285,2.2319,10.9476,10.1506,6.21135,0.233869,27.4325,1.63223,0.566141,0.725831,1.45554,1.72162,0.57025,0.230752,0.0629428,0.277987,0.226423,0.291014,0.358502,0.285206,0.649516,0.12775,4.50988,0.304907,0.00421651,-0.0307325,9.4288,-2.2313,81.6151,-0.026516,1.65007,-2.164840692654252,0.39804625511169434,0.166739,999,2.13562,-0.741575,1.74069,2.13562,0.741575,2.67908,83,3.074074074,83,3.074074074,,,,,,,,,,,,,,,,,,,"Joey Loperfido","29630",694388
"Gabriel Rincones Jr.","PHI",8.06006,29.929,26.667,5.81182,3.53114,1.2423,0.0317622,1.00661,3.72878,3.06276,3.00809,0.103938,8.16016,0.152395,0.0754406,0.0260746,0.402114,1.16014,0.14264,0.217941,0.100508,0.272651,0.368632,0.300048,0.380152,0.298354,0.6802,0.162211,5.36096,0.273401,-0.117254,0.130124,3.1791,-0.357237,88.3565,0.0128707,1.37797,-0.4001473179087043,1.0048208832740784,0.163743,999,3.11683,0.426861,2.01628,3.11683,-0.426861,2.31162,29.8,3.725,29.8,3.725,,,,,,,,,,,,,,,,,,,"Gabriel Rincones Jr.","sa3020758",687282
"Nick Yorke","PIT",36.627,139.597,127.995,31.5287,22.9027,6.04305,0.196842,2.38614,15.28,13.6807,9.54093,0.272,31.5353,0.854601,1.1155,0.0908225,2.04956,3.19572,1.05003,0.246327,0.0683463,0.225903,0.302548,0.300519,0.352544,0.287106,0.653063,0.106216,4.31435,0.306154,-0.0307559,-0.00889056,13.5533,-2.9411,80.3782,-0.0396465,0.00832046,-3.2860959321260452,0.24106270726770163,0.163638,999,4.10335,-0.412195,1.67742,4.10335,0.412195,2.76344,123.3,3.332432432,123.3,3.332432432,,,,,,,,,,,,,,,,,,,"Nick Yorke","27504",694377
"Justyn-Henry Malloy","TBR",56.9585,207.387,178.576,42.5871,29.1557,8.51184,0.140085,4.77952,23.6674,23.1742,24.3271,0.0518163,57.5205,2.77589,1.59994,0.107628,2.73998,1.09032,0.367346,0.238481,0.117303,0.277359,0.422929,0.336214,0.368009,0.314313,0.704223,0.129528,2.8578,0.32074,0.0216422,-0.303429,24.7161,0.211731,100.624,-0.281787,-2.22385,-0.12871739268302917,-5.345773935317993,0.158009,999,1.82911,-0.391927,1.26371,1.82911,0.391927,3.31505,217.8,3.821052631,217.8,3.821052631,,,,,,,,,,,,,,,,,,,"Justyn-Henry Malloy","29606",669234
"Ryan Bliss","SEA",26.4083,96.6065,87.2381,18.8871,12.7439,3.78563,0.261702,2.09585,10.9244,9.13677,7.49744,0.0518393,25.6983,1.29421,0.230282,0.346472,1.5422,5.06976,1.77877,0.216501,0.0776081,0.26601,0.291748,0.287542,0.337968,0.278071,0.62551,0.121467,5.95529,0.281382,0.0298143,0.143687,8.67083,-2.74398,82.6281,0.173501,-0.440017,-1.8045025616884232,-0.03248235583305359,0.152247,999,4.62514,-0.339284,1.79392,4.62514,0.339284,2.60811,77.7,2.988461538,77.7,2.988461538,,,,,,,,,,,,,,,,,,,"Ryan Bliss","29547",669208
"Garrett Stubbs","PHI",17.9401,29.6393,26.9102,5.74096,4.21553,1.14924,0.0448954,0.33129,3.34804,2.60854,2.28092,0.0459962,6.63246,0.302744,0.0738288,0.0715443,0.328203,0.210078,0.089821,0.213337,0.0769561,0.223773,0.343903,0.281544,0.296313,0.259767,0.577858,0.0829759,3.61835,0.270209,0.0103975,-0.0393501,2.21977,-1.28234,61.9234,-0.0289526,0.482758,-1.3665340095758438,1.8670287728309631,0.152098,999,2.59692,-0.260996,2.00543,2.59692,0.260996,2.32609,15.5,0.861111111,15.5,0.861111111,,,,,,,,,,,,,,,,,,,"Garrett Stubbs","18067",596117
"Kameron Misner","KCR",16.7029,62.2648,55.3328,11.3436,7.10544,2.58473,0.147319,1.50614,6.95737,5.87565,6.40773,0.0481957,20.3022,0.204264,0.198854,0.121184,0.550651,2.26241,0.312025,0.205008,0.102911,0.326062,0.315617,0.288938,0.338704,0.279455,0.627642,0.133697,5.67967,0.291712,-0.17532,0.234462,5.65849,-1.69858,76.6795,0.0591426,1.35835,-1.6570473872125149,1.0269471108913422,0.151137,999,2.94459,0.328767,1.8715,2.94459,-0.328767,2.50467,55.9,3.288235294,55.9,3.288235294,,,,,,,,,,,,,,,,,,,"Kameron Misner","26374",670224
"Robert Hassell III","WSN",67.3422,254.037,233.103,55.3335,40.5107,9.9017,0.360956,4.56014,26.053,23.5135,17.6864,0.479753,63.5256,1.48852,0.987999,0.771423,4.58672,5.80677,1.35795,0.237378,0.0696214,0.250065,0.278414,0.294191,0.341642,0.280788,0.635832,0.104263,4.33389,0.305855,-0.0571975,0.214391,23.3611,-6.6553,77.9537,0.157194,0.311966,-6.480633333325386,-0.4963247776031494,0.150902,999,2.43052,0.865635,1.28331,2.43052,-0.865635,3.28892,216.6,3.23283582,216.6,3.23283582,,,,,,,,,,,,,,,,,,,"Robert Hassell III","27482",690987
"Tristan Gray","MIN",19.9257,71.6583,65.3898,13.7339,8.4445,3.11449,0.110889,2.06399,7.61965,7.5317,4.53885,0.112724,20.4844,0.65849,0.824075,0.24713,0.626869,0.165541,0.0743506,0.210031,0.0633401,0.285863,0.221576,0.265101,0.355745,0.27024,0.620847,0.145715,2.93708,0.267257,-0.0146599,-0.0866545,5.97599,-2.491,69.9438,-0.101314,1.47516,-2.6397937163710594,1.6459899693727493,0.150661,999,3.1671,0.582295,1.78437,3.1671,-0.582295,2.62084,58.9,2.945,58.9,2.945,,,,,,,,,,,,,,,,,,,"Tristan Gray","19877",656484
"Santiago Espinal","CIN",52.5832,193.569,176.934,43.6859,33.2095,8.17864,0.183948,2.11378,18.5955,16.5592,12.8156,0.171496,26.5913,1.10753,1.17703,1.53517,3.82603,2.14566,0.800875,0.246905,0.0662066,0.137374,0.481945,0.299994,0.331049,0.279807,0.631043,0.0841437,3.41363,0.27825,0.0956881,-0.208863,17.6465,-5.2252,76.9214,-0.113174,-0.977949,-5.393131747841835,0.2663035988807678,0.145733,999,1.94547,-0.111072,1.54236,1.94547,0.111072,2.94352,154.4,2.913207547,154.4,2.913207547,,,,,,,,,,,,,,,,,,,"Santiago Espinal","19997",669289
"Isiah Kiner-Falefa","BOS",55.1253,212.864,197.562,49.3877,38.1987,7.97922,1.06532,2.14454,22.175,18.5384,9.6856,0.0746478,35.815,2.75151,1.29579,1.56874,4.61913,6.0358,1.70102,0.249986,0.0455014,0.168253,0.270435,0.2926,0.333724,0.276425,0.626324,0.0837382,5.48321,0.293621,0.298098,0.176775,18.8208,-6.33065,70.7663,0.474873,-0.126061,-6.859403878450394,0.956645667552948,0.145659,999,4.33361,0.154576,1.55544,4.33361,-0.154576,2.92608,168.9,3.07090909,168.9,3.07090909,,,,,,,,,,,,,,,,,,,"Isiah Kiner-Falefa","16512",643396
"Alejandro Osuna","TEX",28.363,102.489,90.1765,21.3024,15.0032,4.34392,0.161344,1.79394,11.7336,9.42434,8.98532,0.240325,21.8658,1.69478,0.968277,0.664152,1.3635,2.99512,1.10033,0.23623,0.087671,0.213348,0.41093,0.314093,0.347661,0.293932,0.661754,0.111431,4.84547,0.289078,0.0158075,-0.0195457,10.5186,-1.59126,88.428,-0.00373823,0.587981,-1.401586355874315,-0.7251190543174744,0.143319,999,2.2849,-0.470205,1.78139,2.2849,0.470205,2.62481,93.9,3.353571428,93.9,3.353571428,,,,,,,,,,,,,,,,,,,"Alejandro Osuna","27915",696030
"Tyler Callihan","CIN",25.9524,77.8716,70.9958,15.7826,10.6062,3.14048,0.197334,1.83853,8.04646,7.28804,5.98994,0.086027,21.4623,0.27472,0.182948,0.428171,0.856156,2.12454,0.427415,0.222303,0.0769207,0.275612,0.279091,0.284688,0.349785,0.279611,0.634473,0.127483,5.1042,0.291242,-0.0729975,0.139065,7.08668,-2.11445,72.2479,0.0660678,0.895728,-2.4952835142612457,1.2962280213832855,0.142393,999,3.11275,0.0478359,1.84288,3.11275,-0.0478359,2.54282,67.9,2.611538461,67.9,2.611538461,,,,,,,,,,,,,,,,,,,"Tyler Callihan","27497",682997
"Johan Rojas","PHI",29.2421,104.399,95.2164,22.4253,16.1028,4.03486,0.90322,1.38441,12.0663,8.73997,5.59301,0.0781618,22.6052,0.946238,0.762364,1.88078,1.4963,5.46871,1.09298,0.235519,0.0535735,0.216527,0.247422,0.282531,0.340486,0.273421,0.623017,0.104967,7.19596,0.292279,0.0505288,0.497187,8.97602,-3.3595,71.2765,0.547715,0.469206,-3.0063634514808655,0.920472651720047,0.141957,999,2.70334,0.0608475,1.84024,2.70334,-0.0608475,2.54634,82.6,2.848275862,82.6,2.848275862,,,,,,,,,,,,,,,,,,,"Johan Rojas","24336",679032
"Derek Hill","CHW",34.4465,128.235,116.693,27.0404,18.6117,4.85049,0.478997,3.09924,14.3339,12.0543,7.50397,0.029492,36.6187,1.42469,1.06743,1.54587,1.78624,4.0618,1.03917,0.231723,0.0585173,0.28556,0.204922,0.283916,0.361175,0.282382,0.645091,0.129453,5.75084,0.306771,-0.0244386,0.205185,11.9584,-3.19353,78.6899,0.180747,-0.100061,-3.0490569323301315,0.07713311165571213,0.139974,999,4.60651,0.63253,1.68086,4.60651,-0.63253,2.75885,108.7,3.197058823,108.7,3.197058823,,,,,,,,,,,,,,,,,,,"Derek Hill","16947",656537
"Starling Marte",,63.9199,253.125,229.87,58.6143,41.9208,10.0692,1.00186,5.62238,30.0172,25.2192,15.4886,0.18967,54.3104,4.83411,1.75483,1.17785,5.00708,6.91219,1.82686,0.254989,0.0611893,0.214559,0.285186,0.313307,0.380887,0.304698,0.694194,0.125898,5.49199,0.308645,-0.115125,0.224647,28.1912,-1.71751,94.0198,0.109521,-0.259533,-1.6795875281095505,-5.528447806835175,0.139024,999,2.12232,-1.97395,1.35375,2.12232,1.97395,3.195,259.2,4.05,259.2,4.05,,,,,,,,,,,,,,,,,,,"Starling Marte","9241",516782
"Carlos Cortes","ATH",42.462,151.185,137.198,31.9672,19.9077,7.35965,0.224442,4.47542,17.0086,17.5488,11.8509,0.14857,32.9817,0.781911,1.25231,0.101899,2.46568,0.799038,0.172882,0.233001,0.0783871,0.218155,0.359319,0.295202,0.387776,0.297553,0.682978,0.154775,3.08274,0.272215,-0.129689,-0.124832,15.9608,-1.90286,89.1116,-0.25452,0.34008,-2.2001423835754395,-1.6257514357566833,0.132071,999,2.15901,2.65422,1.46778,2.15901,-2.65422,3.04296,141,3.357142857,141,3.357142857,,,,,,,,,,,,,,,,,,,"Carlos Cortes","21842",666126
"Nate Eaton","BOS",25.3457,87.4318,80.0188,17.9982,12.5197,3.81666,0.146931,1.51489,9.73661,8.29282,5.49093,0.0738273,21.9061,1.18844,0.314989,0.418645,1.00618,3.26525,0.919997,0.224924,0.0628024,0.250551,0.250657,0.283607,0.333089,0.273169,0.616696,0.108164,5.49147,0.289624,0.0155815,0.150036,7.49935,-2.83139,68.5234,0.165618,2.34317,-3.078005239367485,1.3435933589935303,0.130433,999,3.2103,-0.636322,1.81735,3.2103,0.636322,2.57687,72.1,2.884,72.1,2.884,,,,,,,,,,,,,,,,,,,"Nate Eaton","25055",681987
"Oswald Peraza","LAA",69.8414,251.346,229.007,48.9898,34.0412,8.21236,0.24254,6.49371,26.9328,23.703,17.788,0.206711,66.8288,3.19778,1.15518,0.197724,3.53737,8.04525,2.04505,0.213923,0.0707713,0.265884,0.266173,0.278623,0.33697,0.272578,0.615593,0.123047,4.89132,0.270953,0.0407188,0.409662,21.4382,-8.26018,71.1342,0.450381,0.677555,-8.100826472043991,0.7102158106863499,0.128944,999,2.93271,-0.285063,1.19294,2.93271,0.285063,3.40941,197.6,2.822857142,197.6,2.822857142,,,,,,,,,,,,,,,,,,,"Oswald Peraza","22823",672724
"Eli White","ATL",30.68,108.515,99.7334,23.2596,16.1029,3.68623,0.511284,2.95915,14.1174,11.239,6.77535,0.121775,29.701,1.54774,0.272982,0.185959,1.28503,4.12968,0.729688,0.233217,0.0624367,0.273703,0.228119,0.291542,0.369443,0.290016,0.660985,0.136226,6.41051,0.301433,-0.203512,0.366667,10.7921,-2.0298,83.7848,0.163155,0.705096,-1.9223353862762451,-0.43120110034942627,0.128586,999,3.55187,0.773427,1.717,3.55187,-0.773427,2.71066,106.1,3.422580645,106.1,3.422580645,,,,,,,,,,,,,,,,,,,"Eli White","19346",642201
"T.J. Rumfield","COL",20.1321,79.2691,70.8531,17.7633,12.0968,3.72789,0.0831023,1.85552,8.9306,8.707,6.29207,0.135621,16.1195,1.07292,0.98542,0.0655603,1.3341,0.397703,0.111016,0.250706,0.079376,0.203352,0.390339,0.317262,0.384231,0.307147,0.701494,0.133525,2.98046,0.295335,-0.0205985,-0.0935073,8.98603,-0.380229,95.7023,-0.114106,0.781644,-0.5167563632130623,-0.9098390936851501,0.128526,999,2.71719,0.537201,1.8455,2.71719,-0.537201,2.53934,81.2,4.06,81.2,4.06,,,,,,,,,,,,,,,,,,,"T.J. Rumfield","sa3017330",681198
"Mason McCoy","SDP",27.6547,80.6229,73.6113,14.6424,10.1266,3.10676,0.191965,1.217,8.09346,6.47198,5.84687,0.0608453,25.2376,0.32923,0.186453,0.64906,0.911439,2.18742,0.492084,0.198914,0.0725212,0.313033,0.231673,0.260316,0.295933,0.248366,0.556249,0.0970189,5.39577,0.283576,-0.0509484,0.128743,5.29178,-4.23444,55.3229,0.0777944,1.54218,-4.179453954100609,2.700555920600891,0.127863,999,3.50459,0.00529546,1.79122,3.50459,-0.00529546,2.61171,49.9,1.782142857,49.9,1.782142857,,,,,,,,,,,,,,,,,,,"Mason McCoy","22232",669200
"Max Anderson","DET",5.58975,21.8438,20.4821,5.08627,3.58043,1.1835,0.0138588,0.308482,2.70207,2.63382,1.18638,0.115769,3.85958,0.0880787,0.0653732,0.0218387,0.421273,0.0423762,0.0234426,0.248327,0.0543121,0.17669,0.307386,0.291483,0.352646,0.280815,0.644129,0.104318,2.66674,0.291694,0.00375464,-0.032411,2.00923,-0.571778,77.7361,-0.0286564,0.974088,-0.6018516160547733,1.06034916639328,0.123831,999,3.40433,-0.192154,2.05191,3.40433,0.192154,2.26412,13.9,2.316666666,13.9,2.316666666,,,,,,,,,,,,,,,,,,,"Max Anderson","sa3022567",801194
"Eloy Jiménez","TOR",11.8978,41.8754,38.3723,9.48907,6.55227,1.6669,0.0164305,1.25347,4.27859,4.82503,2.90448,0.0763906,8.44411,0.282556,0.273865,0.0422415,1.15268,0.0944518,0.0432749,0.24729,0.0693601,0.201648,0.343966,0.303016,0.389584,0.301942,0.6926,0.142295,1.9289,0.28449,-0.00226034,-0.0626229,4.57006,-0.377845,92.1264,-0.0648832,0,-0.4545733630657196,0.24618132412433624,0.123681,999,1.68779,1.18153,1.98623,1.68779,-1.18153,2.35169,36.6,3.05,36.6,3.05,,,,,,,,,,,,,,,,,,,"Eloy Jimenez","17484",650391
"Jahmai Jones","DET",43.2215,141.049,122.883,29.235,18.0067,6.48461,0.721849,4.0219,18.0718,15.696,13.7417,0.175837,34.9443,2.90237,0.680326,0.84198,1.82681,2.85299,0.920659,0.23791,0.0974248,0.247745,0.393246,0.327224,0.400618,0.320088,0.727841,0.162708,5.39346,0.298038,-0.0143799,-0.0340208,17.4715,0.805403,104.79,-0.0484008,-0.310191,0.7478537373244762,-4.4174982607364655,0.121244,999,2.7519,1.34643,1.54735,2.7519,-1.34643,2.93686,154,3.581395348,154,3.581395348,,,,,,,,,,,,,,,,,,,"Jahmai Jones","18872",663330
"Tommy Troy","ARI",10.4027,39.9938,36.4749,8.64155,6.21502,1.62298,0.0578457,0.7457,4.58802,3.68351,3.14956,0.0140468,8.54166,0.194868,0.112903,0.0615541,0.670776,1.05449,0.14785,0.236918,0.0787512,0.213575,0.368729,0.300158,0.345918,0.286483,0.646076,0.109,4.83714,0.289221,-0.0807924,0.0873351,3.86275,-0.862824,80.851,0.00654267,0.588883,-0.901135460473597,0.7494181841611862,0.120615,999,3.22851,-0.421607,2.00045,3.22851,0.421607,2.33273,40.5,4.05,40.5,4.05,,,,,,,,,,,,,,,,,,,"Tommy Troy","sa3022561",694371
"Kyle Farmer","ATL",21.3864,81.1507,74.0761,16.8801,11.3983,3.09839,0.11308,2.27031,8.63079,8.45631,5.00245,0.0445362,18.2419,1.72731,0.292101,0.052781,1.52194,0.392742,0.258497,0.227875,0.061644,0.22479,0.274229,0.291127,0.3647,0.288914,0.655827,0.136825,2.86205,0.271274,-0.0230369,-0.146692,7.99803,-1.59055,83.0299,-0.169729,-0.0599469,-1.8019240200519562,0.2700897864997387,0.119508,999,5.93824,-0.0459201,1.79054,5.93824,0.0459201,2.61261,69.7,3.319047619,69.7,3.319047619,,,,,,,,,,,,,,,,,,,"Kyle Farmer","14813",571657
"Coby Mayo","BAL",18.2169,68.8635,62.0793,14.022,8.61887,2.85593,0.111211,2.43598,7.91266,8.35649,5.9962,0.111271,19.8599,0.59812,0.153333,0.0366008,0.816958,0.360264,0.120219,0.225873,0.0870736,0.288396,0.301924,0.299539,0.39318,0.303008,0.692718,0.167307,3.2133,0.29011,0.0246706,-0.0768772,7.57502,-0.56173,94.7192,-0.0522066,-0.0144669,-0.4808182045817375,-0.7453929744660854,0.117041,999,4.84918,1.38357,1.81317,4.84918,-1.38357,2.58244,64.9,3.605555555,64.9,3.605555555,,,,,,,,,,,,,,,,,,,"Coby Mayo","28312",691723
"Jace Jung","DET",19.8807,69.5432,61.0922,12.9216,8.82061,2.42495,0.118139,1.55793,7.47365,7.10961,7.91984,0.084299,19.1172,0.329254,0.160915,0.041013,1.27523,0.153494,0.104272,0.21151,0.113884,0.274897,0.414278,0.304605,0.331575,0.285756,0.63618,0.120065,2.57958,0.280046,0.0364033,-0.124135,6.67567,-1.5414,81.1393,-0.0877315,0.045191,-1.6336415112018585,0.3519922122359276,0.113763,999,3.05607,0.575925,1.80203,3.05607,-0.575925,2.5973,60.4,3.02,60.4,3.02,,,,,,,,,,,,,,,,,,,"Jace Jung","31437",690291
"Eduardo Valencia","DET",6.09724,21.7126,20.056,4.87178,3.05001,0.991431,0.0148116,0.81553,2.23093,2.74765,1.461,0.0794729,4.98594,0.0816693,0.0645797,0.0492696,0.394438,0.0346787,0.017047,0.242909,0.0672884,0.229634,0.293025,0.296098,0.415807,0.307261,0.711905,0.172898,1.95874,0.283275,0.000108664,-0.02984,2.46337,-0.102139,95.9537,-0.0297314,0.33347,-0.13327892683446407,0.49029219150543213,0.112986,999,2.52415,-0.345597,2.05634,2.52415,0.345597,2.25821,23.3,3.883333333,23.3,3.883333333,,,,,,,,,,,,,,,,,,,"Eduardo Valencia","sa3006622",680664
"Shane McGuire","ATH",7.0085,25.9812,23.1282,4.9273,3.88345,0.731795,0.0268583,0.285193,2.52952,2.14668,2.60824,0.0390167,6.55698,0.114364,0.0735586,0.0568519,0.41958,0.112711,0.0579951,0.213043,0.100389,0.252374,0.39778,0.295086,0.283999,0.263691,0.579085,0.0709563,2.69905,0.283755,0.0157576,-0.0445611,2.02859,-1.04129,65.8507,-0.0288036,0.756885,-1.077442517504096,1.297664999961853,0.112496,999,2.07031,-0.129431,2.03205,2.07031,0.129431,2.2906,16.9,2.414285714,16.9,2.414285714,,,,,,,,,,,,,,,,,,,"Shane McGuire","sa3017284",676063
"Nick Madrigal","LAA",14.8844,58.5525,53.6798,13.5946,10.6559,2.62381,0.0767235,0.238137,5.73942,4.94196,2.9937,0.0611057,7.05683,1.30055,0.142191,0.436176,1.36689,1.24935,0.281771,0.253253,0.0511284,0.120521,0.424227,0.307811,0.318299,0.280106,0.62611,0.0650461,4.40635,0.287068,-0.0899544,0.0361882,5.35204,-1.56638,76.32,-0.0537662,0.535794,-1.687943883240223,0.7654915153980255,0.11181,999,2.96659,-0.751696,1.98604,2.96659,0.751696,2.35195,47,3.133333333,47,3.133333333,,,,,,,,,,,,,,,,,,,"Nick Madrigal","20521",663611
"Masataka Yoshida","BOS",51.4796,208.151,188.361,51.2812,36.3366,10.0724,0.183323,4.68882,23.3719,25.9422,14.7108,0.374928,27.3336,3.40871,1.54767,0.122105,4.51312,2.37714,0.385175,0.272249,0.070674,0.131316,0.538196,0.333612,0.402348,0.322133,0.735959,0.130099,3.65287,0.2951,-0.311142,-0.0393352,26.1288,1.5342,102.253,-0.350477,-0.96771,0.2023225724697113,-6.274557411670685,0.111722,999,3.33884,1.06891,1.51587,3.33884,-1.06891,2.97884,231.4,4.537254901,231.4,4.537254901,,,,,,,,,,,,,,,,,,,"Masataka Yoshida","31837",807799
"Dylan Moore","PHI",29.5893,103.254,91.244,18.7217,10.8008,4.27908,0.183915,3.45788,13.7402,11.1572,9.70867,0.0786507,31.0273,1.77655,0.420373,0.104032,0.798825,5.33658,1.71038,0.205183,0.0940274,0.300496,0.312907,0.292846,0.369802,0.292677,0.662648,0.164619,6.08837,0.266947,0.0408314,0.220278,10.4919,-1.70835,84.4678,0.26111,-0.25259,-1.63967826962471,-0.7092143893241882,0.11115,999,5.25251,-0.189441,1.67776,5.25251,0.189441,2.76298,95.1,3.17,95.1,3.17,,,,,,,,,,,,,,,,,,,"Dylan Moore","18042",664238
"Jhonny Pereda","SEA",6.8161,23.063,20.6468,4.58344,3.31567,1.08468,0.0131082,0.169989,1.87914,1.87407,2.20199,0.00608042,5.89962,0.0746387,0.0495368,0.0900193,0.476409,0.02743,0.0108097,0.221992,0.0954772,0.255804,0.373243,0.298615,0.300496,0.270962,0.599111,0.078504,1.60956,0.301738,-0.00744641,-0.0358192,1.93688,-0.788197,77.7307,-0.0432656,0.400421,-0.6486004143953323,0.9263549149036407,0.109633,999,2.59049,-0.316464,2.05807,2.59049,0.316464,2.2559,15.9,2.271428571,15.9,2.271428571,,,,,,,,,,,,,,,,,,,"Jhonny Pereda","19802",640902
"Kevin Newman","KCR",7.47319,25.1011,23.4261,5.59395,4.10531,1.32142,0.0330523,0.134174,3.01511,1.99731,1.34848,0.0294096,4.33986,0.067022,0.0836538,0.175876,0.553745,0.183363,0.0891872,0.238792,0.053722,0.172895,0.31072,0.281219,0.315204,0.263623,0.596424,0.0764125,3.79953,0.286818,0.0491255,-0.0361035,1.95848,-1.0074,65.8039,0.013022,1.0895,-1.0014826469123363,1.2048223838210106,0.107722,999,3.33795,0.272654,2.04842,3.33795,-0.272654,2.26877,16.5,2.357142857,16.5,2.357142857,,,,,,,,,,,,,,,,,,,"Kevin Newman","17696",621028
"Willie MacIver","TEX",9.21434,32.5654,29.7917,6.52885,4.39188,1.65233,0.0371375,0.447499,3.05079,2.98685,2.34787,0.00506567,8.76531,0.306458,0.081538,0.037783,0.482576,0.406026,0.120539,0.21915,0.072097,0.26916,0.267859,0.282319,0.322168,0.269227,0.604488,0.103019,3.69118,0.294347,0.00489322,-0.0146409,2.68904,-1.15881,71.4098,-0.00974764,0.327284,-1.1071013379842043,1.0382669568061829,0.107634,999,2.34747,-0.207188,2.01211,2.34747,0.207188,2.31718,21,2.333333333,21,2.333333333,,,,,,,,,,,,,,,,,,,"Willie MacIver","24641",680862
"Blake Dunn","CIN",13.2495,44.6655,39.4061,8.95004,6.41889,1.58255,0.0629386,0.885669,5.33975,3.88705,3.8801,0.0109812,13.4954,1.16212,0.0956313,0.12158,0.781744,1.48045,0.264927,0.227124,0.0868701,0.302143,0.287513,0.314123,0.337904,0.293363,0.652027,0.110781,5.43451,0.321026,-0.0490336,0.112007,4.56346,-0.714112,81.6682,0.0629732,0.458013,-0.9074716120958328,0.4580134683164845,0.106054,999,3.08978,-0.632791,1.97517,3.08978,0.632791,2.36644,43.5,3.346153846,43.5,3.346153846,,,,,,,,,,,,,,,,,,,"Blake Dunn","29487",694362
"Kyren Paris","LAA",20.6985,77.2979,69.4069,13.9559,8.73042,2.78816,0.192772,2.24456,8.8372,7.12536,6.94799,0.0115025,26.2328,0.626606,0.162764,0.153571,0.761047,3.06847,0.512428,0.201074,0.0898859,0.339372,0.264859,0.279094,0.343817,0.276431,0.622911,0.142743,5.89369,0.285,-0.0730717,0.296282,6.83489,-2.29845,73.7889,0.22321,0.201355,-2.1647378504276276,0.5207766741514206,0.104001,999,2.69511,-0.529948,1.80239,2.69511,0.529948,2.59682,63.8,3.038095238,63.8,3.038095238,,,,,,,,,,,,,,,,,,,"Kyren Paris","26420",677347
"Tre' Morgan","TBR",13.556,53.7896,47.8179,11.9411,8.57018,2.10777,0.0853578,1.17778,6.07212,5.80248,5.42252,0.174613,10.7475,0.347439,0.147997,0.0537882,0.945407,0.558915,0.174808,0.24972,0.10081,0.199806,0.504538,0.329595,0.371261,0.310221,0.700856,0.121541,3.6235,0.298644,0.00354457,-0.0533202,6.23189,-0.123761,97.814,-0.0497756,0.421653,-0.1887514293193817,-0.6243380010128021,0.103068,999,2.24122,-0.385841,1.94702,2.24122,0.385841,2.40398,51.3,3.664285714,51.3,3.664285714,,,,,,,,,,,,,,,,,,,"Tre' Morgan","sa3022919",691003
"Alex Verdugo",,49.7414,205.536,186.462,46.4109,32.5626,9.79698,0.245628,3.80568,22.5177,20.0147,15.6423,0.214284,31.6757,1.19166,1.74608,0.494083,3.68825,1.21055,0.335111,0.248902,0.0761047,0.154112,0.493826,0.308448,0.365308,0.296201,0.673755,0.116406,3.11014,0.278963,-0.132307,-0.219809,21.4732,-2.81252,88.183,-0.352116,-0.437795,-3.2227692902088165,-2.74063840508461,0.101579,999,2.36795,0.222936,1.40854,2.36795,-0.222936,3.12195,191.1,3.822,191.1,3.822,,,,,,,,,,,,,,,,,,,"Alex Verdugo","17027",657077
"Bryce Teodosio","LAA",57.4959,211.03,193.633,40.5197,28.4229,7.68049,1.72265,2.69374,21.3378,16.0035,11.3281,0.000331572,65.6472,3.21066,1.53836,1.31977,2.30295,8.66764,1.87065,0.20926,0.0536801,0.31108,0.172561,0.262545,0.308453,0.253043,0.570998,0.0991927,7.07394,0.29824,-0.00151733,0.68385,14.6525,-10.2823,57.6772,0.682332,2.66102,-9.844349563121796,3.548302948474884,0.0989641,999,2.36677,-0.442696,1.451,2.36677,0.442696,3.06533,151.9,2.66491228,151.9,2.66491228,,,,,,,,,,,,,,,,,,,"Bryce Teodosio","29524",669326
"Tanner Murray","CHW",18.45,72.8158,68.2684,15.6444,10.729,3.55255,0.0576837,1.30511,6.98535,6.72786,3.41748,0.00696902,17.2694,0.857158,0.185158,0.0875689,1.16624,0.309243,0.107103,0.22916,0.0469333,0.237165,0.197893,0.273883,0.34024,0.27011,0.614123,0.11108,2.89655,0.287481,-0.00623437,-0.0810156,6.06486,-2.53889,70.2599,-0.08725,0.921413,-2.646736852824688,1.1428633034229279,0.0982738,999,3.04299,-0.168294,1.85427,3.04299,0.168294,2.52764,54.6,3.033333333,54.6,3.033333333,,,,,,,,,,,,,,,,,,,"Tanner Murray","sa3016805",695020
"Gabriel Gonzalez","MIN",12.4853,48.8565,44.8725,11.741,8.16482,2.52845,0.0514519,0.9963,5.05226,5.17184,2.91814,0.030734,8.84349,0.879156,0.137941,0.0488094,0.918203,0.264259,0.108222,0.261653,0.0597288,0.18101,0.329976,0.318358,0.386902,0.309841,0.70526,0.125249,2.83302,0.305503,0.0169356,-0.0702338,5.64526,-0.127513,97.2234,-0.0532982,0.0647017,-0.21318471059203148,-0.5133218467235565,0.0977141,999,2.54654,-0.303419,1.99207,2.54654,0.303419,2.3439,52.3,4.358333333,52.3,4.358333333,,,,,,,,,,,,,,,,,,,"Gabriel Gonzalez","sa3015723",694224
"Tyler Locklear","ARI",56.0429,222.611,199.117,46.478,30.0681,9.68741,0.99462,5.72783,25.3875,24.802,17.7956,0.506187,63.4386,4.30899,1.26849,0.120948,4.70215,4.32852,1.3518,0.233421,0.0799403,0.284975,0.280517,0.30825,0.378361,0.301706,0.686612,0.144941,4.99108,0.310551,-0.0250884,-0.0289667,24.2519,-2.05131,91.2789,-0.0540551,0.827165,-2.3550294935703278,-4.126124382019043,0.0946561,999,3.0232,-0.0560566,1.22764,3.0232,0.0560566,3.36315,220.5,3.9375,220.5,3.9375,,,,,,,,,,,,,,,,,,,"Tyler Locklear","31396",682988
"Joey Wiemer","WSN",34.9986,119.925,107.503,22.2732,14.3071,4.72235,0.107777,3.13596,12.1553,12.2251,9.86083,0.293484,35.7445,1.35253,1.13434,0.0744452,1.31896,2.31534,0.729621,0.207187,0.0822249,0.298057,0.27587,0.279402,0.340632,0.27342,0.620035,0.133445,4.11625,0.274342,-0.0320378,-0.00226471,10.3109,-3.85921,72.9065,-0.0343025,1.4064,-3.885263979434967,0.8027573227882385,0.0928414,999,2.3192,-0.506455,1.59751,2.3192,0.506455,2.86999,91.9,2.625714285,91.9,2.625714285,,,,,,,,,,,,,,,,,,,"Joey Wiemer","27690",686894
"Michael Arroyo","SEA",8.05237,26.7978,23.8764,5.46734,3.54265,1.16532,0.122798,0.636575,2.9493,2.66614,2.12496,0.0230346,6.49455,0.594157,0.170529,0.031826,0.394006,0.448632,0.0936606,0.228986,0.0792961,0.242354,0.327192,0.305853,0.368062,0.297614,0.673915,0.139077,4.96522,0.285578,-0.00028779,0.0101846,2.83041,-0.335958,96.0903,0.0098968,0,-0.11358698550611734,0.0984635055065155,0.0928194,999,0.75406,-0.867259,2.03647,0.75406,0.867259,2.2847,25.3,3.1625,25.3,3.1625,,,,,,,,,,,,,,,,,,,"Michael Arroyo","sa3018429",703197
"Austin Slater","DET",32.3697,113.686,101.137,23.328,16.4184,3.78789,0.245849,2.87595,13.2166,11.4622,11.1273,6.00029e-7,32.8863,0.796281,0.37317,0.252067,2.40834,0.970131,0.314685,0.230658,0.0978778,0.289273,0.338358,0.310768,0.358281,0.297516,0.669049,0.127623,3.639,0.311068,0.029764,-0.121947,11.9986,-1.43429,89.2407,-0.0921831,0.0247245,-1.5338504537940025,-1.473873469978571,0.0926092,999,4.73685,-0.571091,1.65152,4.73685,0.571091,2.79798,105.5,3.296875,105.5,3.296875,,,,,,,,,,,,,,,,,,,"Austin Slater","16153",596103
"Andrew McCutchen",,74.4439,314.743,273.818,63.0318,41.5783,12.09,0.182202,9.18133,34.6473,33.0936,35.773,1.13727,73.3404,2.51304,2.26003,0.379269,5.30509,1.86966,0.778017,0.230196,0.113658,0.233017,0.487766,0.322295,0.376273,0.308355,0.698568,0.146077,2.53598,0.278217,-0.685211,-0.464411,35.9881,-1.20116,96.5317,-1.14962,-0.245131,-2.4398088455200195,-7.333164289593697,0.0899617,999,1.24945,1.26569,0.790132,1.24945,-1.26569,3.94649,316.2,4.272972972,316.2,4.272972972,,,,,,,,,,,,,,,,,,,"Andrew McCutchen","9847",457705
"Jordan Walker","STL",127.623,507.672,462.262,108.342,70.1877,22.6689,1.31624,14.1687,52.4971,54.7034,36.8498,0.855119,137.501,5.10946,2.96692,0.483274,8.68445,9.35649,2.6989,0.234372,0.072586,0.270846,0.267997,0.296341,0.381058,0.295945,0.6774,0.146686,4.46003,0.300335,-0.0647841,0.0313367,52.9329,-7.05244,88.0071,-0.0334475,-2.87904,-7.229484748095274,-9.090508460998535,0.0881736,375.6199951171875,2.87693,-0.955187,0.398738,2.87693,0.955187,4.46835,481.5,3.76171875,481.5,3.76171875,,,,,,,,,,,,,,,,,,,"Jordan Walker","27475",691023
"Josh Rojas","KCR",20.0733,77.0891,69.1182,15.8824,10.6179,4.03554,0.139471,1.08953,7.23899,6.58781,7.24867,0.0992882,17.2381,0.194422,0.301881,0.225844,1.21552,1.16932,0.396196,0.229787,0.0940298,0.223613,0.420502,0.303468,0.339498,0.285895,0.642967,0.109712,3.82971,0.289532,0.00689054,-0.0469631,7.40874,-1.69992,81.1033,-0.0400726,-0.299002,-1.7618005275726318,0.010770738124847412,0.0877837,999,3.70312,-0.569004,1.86921,3.70312,0.569004,2.50772,64.5,3.225,64.5,3.225,,,,,,,,,,,,,,,,,,,"Josh Rojas","19734",668942
"Gio Urshela","MIN",27.479,105.237,97.5821,24.3904,17.6275,4.75379,0.138176,1.87096,9.74772,10.3994,6.28478,0.0749575,19.9994,0.231315,0.796829,0.34222,2.38704,0.272202,0.145671,0.249948,0.0597201,0.190041,0.314248,0.294642,0.359015,0.286184,0.653657,0.109067,2.232,0.294339,-0.0604429,-0.164108,10.1387,-2.2959,80.9276,-0.224551,-0.346092,-2.590185508131981,-0.20473895967006683,0.0846299,999,4.61632,-0.287397,1.79756,4.61632,0.287397,2.60325,87.7,3.248148148,87.7,3.248148148,,,,,,,,,,,,,,,,,,,"Gio Urshela","10681",570482
"Chas McCormick","CHC",33.5075,112.833,99.1617,21.6734,15.1878,3.27227,0.149784,3.06358,12.6567,10.987,9.11912,0.133894,29.9197,1.79894,0.981343,1.77211,1.28267,3.10017,1.23937,0.218566,0.0808195,0.265168,0.304786,0.293455,0.347271,0.28388,0.640727,0.128705,4.53566,0.277098,-0.101294,-0.0589684,10.6594,-2.6727,79.7192,-0.160262,0.861482,-2.8648805171251297,-0.13822710514068604,0.0834515,999,2.456,-0.378923,1.6754,2.456,0.378923,2.76614,97,2.852941176,97,2.852941176,,,,,,,,,,,,,,,,,,,"Chas McCormick","19599",676801
"Gavin Sheets","SDP",119.368,483.267,436.316,103.885,66.4743,21.8928,0.741035,14.7774,49.2888,56.9743,39.2774,1.26717,97.5141,3.83714,3.64346,0.193328,7.48832,2.1437,0.737825,0.238097,0.0812747,0.201781,0.402787,0.304301,0.393275,0.30386,0.697576,0.155179,2.5708,0.271946,-0.614854,-0.588517,53.4939,-3.60782,93.4442,-1.20337,-0.546267,-4.947882890701294,-10.603147864341736,0.0823432,709.7100219726562,1.86733,-1.28724,0.340491,1.86733,1.28724,4.54601,486.9,4.091596638,486.9,4.091596638,,,,,,,,,,,,,,,,,,,"Gavin Sheets","19901",657757
"César Prieto","STL",15.3247,49.1221,46.4432,11.44,8.75154,2.19218,0.0615583,0.434692,4.80659,4.75465,2.25507,0.0456862,10.199,0.224395,0.126368,0.0731388,0.851121,0.304148,0.233755,0.246322,0.0459073,0.207626,0.221106,0.283786,0.324253,0.268142,0.60804,0.0779312,2.94931,0.306248,0.0178783,-0.108739,4.01292,-1.79124,68.9081,-0.0908604,0.80052,-1.8959962502121925,1.0370112210512161,0.0822101,999,3.81163,-0.140018,1.97607,3.81163,0.140018,2.36524,27.4,1.826666666,27.4,1.826666666,,,,,,,,,,,,,,,,,,,"Cesar Prieto","30163",693409
"Miguel Andujar","SDP",107.329,424.62,396.284,104.654,74.454,18.3197,1.5968,10.2833,45.2242,49.0596,22.8209,1.04154,64.5923,2.35832,2.67857,0.478738,8.70973,2.8804,0.949413,0.264088,0.0537442,0.152118,0.353306,0.306108,0.396224,0.304605,0.702332,0.132136,3.54527,0.291189,-0.302641,-0.463591,47.2589,-2.91327,93.9558,-0.766232,-0.660555,-3.7996129393577576,-9.770293593406677,0.0819594,999,3.38261,0.516636,0.878893,3.38261,-0.516636,3.82814,427.5,3.995327102,427.5,3.995327102,,,,,,,,,,,,,,,,,,,"Miguel Andujar","15878",609280
"Jorbit Vivas","NYY",8.43944,26.2093,23.3225,5.18766,4.17618,0.776511,0.0345283,0.200443,3.01389,2.56316,2.51757,0.0386647,3.99447,0.272575,0.0725131,0.0241005,0.381304,0.230886,0.131838,0.222431,0.0960564,0.152407,0.630264,0.304669,0.28447,0.26892,0.589139,0.0620386,3.50647,0.259749,0.0379336,-0.0535468,2.15766,-0.939165,69.4426,-0.0156133,0.745521,-0.9621913386508822,0.8757591545581818,0.0819117,999,3.31202,-0.391896,2.02648,3.31202,0.391896,2.29802,16.9,2.1125,16.9,2.1125,,,,,,,,,,,,,,,,,,,"Jorbit Vivas","23917",678391
"Miles Mastrobuoni","SEA",13.6325,47.0122,41.8226,9.65314,6.96702,2.3999,0.0422786,0.243937,5.34178,3.44562,4.51584,0.0612897,9.10737,0.0653326,0.157023,0.451419,0.639082,1.2379,0.371375,0.230812,0.0960568,0.193723,0.495845,0.305715,0.307714,0.276211,0.613429,0.0769026,4.66326,0.288375,0.0188471,0.0196619,4.14854,-1.40632,81.3467,0.038509,-0.0423924,-0.9950607381761074,0.16798626631498337,0.0809302,999,3.47236,-0.28345,1.97977,3.47236,0.28345,2.36031,36.7,2.621428571,36.7,2.621428571,,,,,,,,,,,,,,,,,,,"Miles Mastrobuoni","20017",670156
"Drew Gilbert","SFG",55.6253,221.983,199.571,44.7093,29.0946,9.41043,1.04526,5.1591,23.6054,22.6061,17.5965,0.208668,45.6125,3.26878,1.37836,0.16776,3.26789,2.66476,0.931453,0.224027,0.0792698,0.205478,0.385783,0.295628,0.359208,0.288828,0.654836,0.135181,4.43457,0.263356,0.0189346,-0.176935,21.8626,-4.36635,83.1183,-0.158001,0.0723797,-4.587137341499329,-2.134971499443054,0.0809022,999,3.45355,1.00389,1.19139,3.45355,-1.00389,3.41148,196.7,3.5125,196.7,3.5125,,,,,,,,,,,,,,,,,,,"Drew Gilbert","31545",687551
"Tyrone Taylor","NYM",78.696,293.618,269.911,60.7404,38.9044,13.6972,2.212,5.92684,33.7011,28.4332,14.8274,0.627024,66.7835,5.4185,1.96841,1.49358,3.44753,8.08302,1.92911,0.225039,0.0504989,0.22745,0.222022,0.277232,0.358052,0.277156,0.635284,0.133013,6.46315,0.275212,0.236851,0.44025,26.1353,-8.55794,75.1002,0.677101,1.09614,-7.963888764381409,-1.2113056182861328,0.0779742,999,2.69982,-0.137428,1.02523,2.69982,0.137428,3.63302,249.6,3.15949367,249.6,3.15949367,,,,,,,,,,,,,,,,,,,"Tyrone Taylor","13675",621438
"Jared Serna","MIA",9.44851,36.0797,33.2674,7.53655,5.7384,1.3833,0.0438715,0.37098,3.76076,3.10511,2.50928,0.0769934,6.69212,0.160832,0.10307,0.0391761,0.661742,0.92099,0.147915,0.226545,0.0695482,0.185481,0.374961,0.2832,0.304218,0.261898,0.587418,0.0776732,4.79687,0.272379,-0.0858844,0.0686222,2.76455,-1.49855,63.6529,-0.0172622,0.811579,-1.5715366434305906,1.13236203789711,0.077881,999,3.06381,-0.190472,2.01129,3.06381,0.190472,2.31828,25.6,2.844444444,25.6,2.844444444,,,,,,,,,,,,,,,,,,,"Jared Serna","sa3015579",691858
"Jonatan Clase","TOR",9.64791,35.3553,32.2274,7.13126,4.88007,1.70199,0.0603841,0.488821,4.17784,2.97455,2.77417,0.0159002,9.92937,0.148708,0.0858617,0.119128,0.339721,1.82282,0.310001,0.221279,0.0784655,0.280845,0.27939,0.285336,0.323342,0.27096,0.608678,0.102063,6.13674,0.303376,-0.057706,0.186205,2.96915,-1.20835,71.8015,0.128499,0.798329,-1.0465423166751862,0.5501834154129028,0.0737175,999,3.30006,-0.40832,2.01859,3.30006,0.40832,2.30854,25.8,2.58,25.8,2.58,,,,,,,,,,,,,,,,,,,"Jonatan Clase","26599",682729
"Brock Wilken","MIL",19.4893,82.7788,71.5911,13.9381,8.60968,2.62547,0.00886345,2.69409,8.68092,9.17355,10.0132,0,27.1027,0.980539,0.147308,0.0466753,0,0.0794737,0.0649596,0.19469,0.120963,0.327411,0.369454,0.301356,0.344506,0.290327,0.645862,0.149815,1.67176,0.268087,0.0466347,-0.140123,8.25343,-1.52752,85.2231,-0.0934881,-0.817691,-1.5432540401816368,-0.5169308483600616,0.0709933,999,1.91141,0.833961,1.68957,1.91141,-0.833961,2.74724,76.3,4.015789473,76.3,4.015789473,,,,,,,,,,,,,,,,,,,"Brock Wilken","sa3022499",694385
"Richie Palacios","TBR",44.9386,172.742,151.218,34.2619,24.105,6.78245,0.32279,3.05172,20.3823,14.9569,17.8243,0.380338,34.4984,1.64545,1.41557,0.638663,3.59536,6.39307,1.21143,0.226574,0.103185,0.199711,0.516671,0.312207,0.336238,0.289661,0.648445,0.109664,5.37673,0.271197,-0.321124,0.49736,17.1297,-3.28104,83.6902,0.176236,-0.290774,-3.15366268157959,-2.0116757452487946,0.0696731,999,3.06843,1.51098,1.53199,3.06843,-1.51098,2.95734,156.5,3.477777777,156.5,3.477777777,,,,,,,,,,,,,,,,,,,"Richie Palacios","24589",680700
"Sam Haggerty","TEX",58.8354,216.297,193.573,45.6728,32.1207,9.00713,1.56426,2.98077,26.9342,18.0658,17.8868,0.512775,48.16,2.41484,1.32727,1.0958,2.46569,11.0374,2.39094,0.235947,0.0826956,0.222656,0.371405,0.306571,0.344836,0.288461,0.651407,0.108889,6.9956,0.29697,-0.0932727,0.885662,21.2382,-4.31898,84.6594,0.792389,-0.761377,-3.1184080243110657,-3.6870060563087463,0.0653967,999,1.67963,-0.656578,1.5375,1.67963,0.656578,2.95,204.6,3.46779661,204.6,3.46779661,,,,,,,,,,,,,,,,,,,"Sam Haggerty","18054",664059
"Maximo Acosta","MIA",23.0874,86.4358,79.1474,18.0098,12.142,3.6614,0.141723,2.06476,9.27076,8.45263,6.13027,0.0341659,21.4649,0.826152,0.221421,0.110516,1.04754,2.90636,1.05595,0.227548,0.0709229,0.248334,0.285595,0.289212,0.355652,0.284401,0.644864,0.128104,4.93648,0.285554,0.0559093,0.0229847,8.20221,-2.01085,79.0682,0.078894,-0.840112,-2.065445326268673,-0.19879567623138428,0.0625639,999,3.16166,0.0597244,1.82453,3.16166,-0.0597244,2.56729,76.1,3.308695652,76.1,3.308695652,,,,,,,,,,,,,,,,,,,"Maximo Acosta","27963",691185
"David Fry","CLE",64.5227,232.382,208.31,45.9762,27.8661,9.50841,0.716308,7.88539,25.0504,27.4948,18.3464,0.691043,63.672,4.01558,1.59119,0.118564,4.06196,2.14963,0.471301,0.22071,0.0789494,0.273997,0.288139,0.294227,0.386795,0.29711,0.681022,0.166085,3.98174,0.275334,-0.211883,-0.0901072,24.4493,-3.0084,90.3963,-0.301991,0.0195777,-2.93233859539032,-4.461167618632317,0.0618692,999,2.19084,-0.0535115,1.06473,2.19084,0.0535115,3.58036,229.3,3.527692307,229.3,3.527692307,,,,,,,,,,,,,,,,,,,"David Fry","24934",681807
"Enrique Hernández",,68.7781,255.22,232.592,52.0075,33.4434,11.0078,0.216474,7.33979,27.1593,29.2186,18.0706,0.0452331,60.2539,1.1448,2.63388,0.778512,4.54614,0.88111,0.392889,0.223599,0.070804,0.236086,0.299907,0.279918,0.367457,0.282551,0.647375,0.143857,2.69803,0.266462,0.159073,-0.332011,23.8352,-6.32098,78.8058,-0.172938,-0.620554,-6.566106960177422,-1.49325293302536,0.0591757,999,2.09024,-0.345144,0.956352,2.09024,0.345144,3.72486,214.8,3.113043478,214.8,3.113043478,,,,,,,,,,,,,,,,,,,"Enrique Hernandez","10472",571771
"Tyler Tolbert","KCR",49.0318,112.385,101.065,21.6295,15.0607,4.55883,0.705678,1.30427,13.323,8.6499,6.31244,0.064762,28.1248,1.69448,1.27503,2.03748,1.48716,11.4359,1.47627,0.214015,0.0561681,0.250254,0.224444,0.268574,0.311803,0.256763,0.580376,0.0977882,8.16261,0.278766,-0.753069,1.53077,8.14269,-5.13645,61.0911,0.777704,0.728254,-4.3905304074287415,1.160633146762848,0.0586956,999,2.56272,-0.260161,1.92504,2.56272,0.260161,2.43328,93.9,1.91632653,93.9,1.91632653,,,,,,,,,,,,,,,,,,,"Tyler Tolbert","25779",686475
"Korey Lee","CHW",32.9894,105.585,98.4281,21.4579,14.5909,4.13316,0.0950611,2.63873,10.8799,10.0651,5.63756,0.0150303,27.626,0.620825,0.2183,0.680365,1.80733,1.16603,0.434222,0.218006,0.0533935,0.261647,0.204067,0.264204,0.342355,0.266114,0.606559,0.12435,3.72623,0.275208,0.0738215,-0.0821561,8.45164,-4.02406,67.5147,-0.00833462,-1.4969,-4.062255364842713,1.0485739707946777,0.0572719,999,2.97619,2.20512,1.67955,2.97619,-2.20512,2.76059,82.3,2.493939393,82.3,2.493939393,,,,,,,,,,,,,,,,,,,"Korey Lee","25543",686676
"Hao-Yu  Lee","DET",6.43952,25.558,23.3749,5.61257,3.83846,1.30601,0.0341471,0.433957,3.18261,2.88397,1.91464,0.0403677,5.4539,0.165402,0.0777094,0.0253282,0.400126,0.362399,0.104061,0.240111,0.0749137,0.213393,0.351059,0.301285,0.3546,0.289337,0.655886,0.114489,4.26921,0.29483,0.0195566,-0.00894054,2.52769,-0.492175,83.6061,0.0106161,0.0394685,-0.4832168435677886,0.13884378597140312,0.0547669,999,2.62682,-0.197153,2.03701,2.62682,0.197153,2.28398,19.5,3.25,19.5,3.25,,,,,,,,,,,,,,,,,,,"Hao-Yu  Lee","sa3017863",701678
"Leandro Cedeño","SDP",12.3946,53.4809,47.5549,12.5797,11.2677,0,0.252699,1.05929,5.43525,5.50831,4.922,0,10.3295,0.749748,0.254216,0,0.762649,0.524466,0,0.26453,0.092033,0.193144,0.476498,0.341271,0.341983,0.307518,0.683253,0.0774528,4.12886,0.316318,0.00693552,-0.00693552,6.07877,-0.240408,95.261,1.42469e-10,0,-0.3003886936670399,-0.9825260639190674,0.0507886,999,0,0,1.99072,0,0,2.34571,54.1,4.508333333,54.1,4.508333333,,,,,,,,,,,,,,,,,,,"Leandro Cedeno","sa873307",660681
"Max Schuemann","NYY",22.2434,77.1957,68.1516,14.9193,11.7528,2.02965,0.140802,0.996029,9.29003,5.86631,7.4615,0.0403454,17.4175,0.792482,0.274983,0.515131,1.33735,1.55634,0.40556,0.218914,0.096657,0.225628,0.428391,0.302206,0.296672,0.272288,0.598878,0.0777582,4.83293,0.278393,0.0258442,0.0133731,6.56616,-2.5551,71.7561,0.0392172,-0.26857,-2.537718553096056,0.41795533895492554,0.0504269,999,3.68232,-0.246604,1.82159,3.68232,0.246604,2.57121,59,2.681818181,59,2.681818181,,,,,,,,,,,,,,,,,,,"Max Schuemann","24488",680474
"A.J. Vukovich","ARI",8.41857,33.6354,31.3297,7.22199,4.86197,1.32554,0.0516036,0.982872,3.66193,3.73944,2.09105,0.0611722,10.3129,0.0973668,0.0868632,0.0303626,0.538487,0.120725,0.0636425,0.230516,0.0621682,0.306607,0.202762,0.28003,0.370235,0.283448,0.650265,0.139719,2.97106,0.310082,0.0123014,-0.0480582,3.16574,-0.808534,78.7719,-0.0357568,0.630541,-0.8820140957832336,0.24079200625419617,0.0488884,999,2.79823,-0.208021,1.99575,2.79823,0.208021,2.339,26.5,3.3125,26.5,3.3125,,,,,,,,,,,,,,,,,,,"A.J. Vukovich","sa3014525",691021
"Justin Dean","CHC",17.2842,28.4897,25.9263,5.36726,4.56063,0.598878,0.0436732,0.164086,3.57031,1.89911,2.32598,0.0000436637,9.45997,0.136172,0.066504,0.0347251,0.350474,2.78757,0.241104,0.20702,0.081643,0.332049,0.245877,0.275151,0.252475,0.241937,0.527626,0.0454551,7.42977,0.317872,-0.346553,0.412417,1.72126,-1.64502,50.9068,0.0658633,1.36447,-1.5872165262699127,1.0977400541305542,0.0485716,999,2.85185,-0.532997,2.0617,2.85185,0.532997,2.25107,16.6,0.976470588,16.6,0.976470588,,,,,,,,,,,,,,,,,,,"Justin Dean","25005",681909
"Chris Taylor",,61.4868,214.981,191.214,40.6667,26.2358,8.6162,0.942345,4.87231,23.8784,20.6026,18.1326,0.276301,66.9781,3.48305,1.59722,0.55438,2.30744,4.45758,1.33631,0.212677,0.0843453,0.311554,0.270725,0.29046,0.344037,0.281207,0.634497,0.13136,5.20037,0.295918,-0.187046,0.0301992,19.8428,-5.55882,77.8832,-0.156847,-0.935494,-5.776474967598915,-1.0409242808818817,0.0469081,999,2.18628,0.340513,1.207,2.18628,-0.340513,3.39067,185.2,3.036065573,185.2,3.036065573,,,,,,,,,,,,,,,,,,,"Chris Taylor","13757",621035
"Heriberto Hernández","MIA",85.526,344.312,303.981,68.5537,42.2834,14.0012,1.20962,11.0595,39.2865,40.4924,33.3907,0.651522,100.79,3.63291,2.41092,0.896722,5.32586,3.04827,1.093,0.22552,0.096978,0.292729,0.331289,0.307433,0.388684,0.305025,0.696118,0.163165,4.07492,0.295536,-0.191565,-0.357206,38.4383,-2.24485,93.1959,-0.548771,-0.59463,-3.325379431247711,-7.721792995929718,0.0417609,999,2.32724,0.563925,0.569958,2.32724,-0.563925,4.24006,346,4.023255813,346,4.023255813,,,,,,,,,,,,,,,,,,,"Heriberto Hernandez","24878",681715
"Jose Siri","LAA",10.3594,34.3744,31.7477,6.47515,3.6152,1.37494,0.046581,1.43843,4.34346,3.93762,2.28298,0.0000501564,12.9808,0.182766,0.0984642,0.0625043,0.303364,1.05956,0.212794,0.203957,0.066415,0.377629,0.175874,0.260577,0.386124,0.280558,0.646701,0.182167,5.69372,0.289019,-0.00943891,0.0846242,3.15465,-0.906944,76.6318,0.0751853,-0.0823538,-0.871560275554657,0.0775132104754448,0.0398061,999,3.9303,1.08032,1.9668,3.9303,-1.08032,2.3776,21.8,2.18,21.8,2.18,,,,,,,,,,,,,,,,,,,"Jose Siri","17452",642350
"Aidan Miller","PHI",13.2187,52.8106,46.6988,10.5596,7.04318,2.32485,0.0690231,1.12256,6.34717,4.58814,5.05515,0.0225212,13.8983,0.867508,0.141206,0.047944,0.63158,2.86719,0.730064,0.226122,0.0957223,0.263173,0.363724,0.312385,0.350977,0.296331,0.663362,0.124855,5.54148,0.296584,-0.0757846,0.189017,5.5229,-0.717078,86.971,0.113233,-1.07956,-0.702272430062294,-0.6715786457061768,0.0392031,999,2.81811,-0.579313,1.96634,2.81811,0.579313,2.37822,50.7,3.9,50.7,3.9,,,,,,,,,,,,,,,,,,,"Aidan Miller","sa3022609",805795
"Oswaldo Cabrera","NYY",49.511,188.134,169.659,38.5145,26.8987,7.3499,0.296201,3.96971,21.2856,18.4945,14.4875,0.195963,39.5168,1.31213,1.30788,1.36658,2.83402,2.26694,0.890842,0.227011,0.0770066,0.210047,0.366617,0.290813,0.344019,0.280454,0.634831,0.117008,4.06499,0.270981,0.0530723,-0.192015,17.2496,-4.97978,77.3653,-0.138942,0.92664,-5.1719333082437515,-0.8340156674385071,0.0369655,999,2.88559,0.150151,1.3361,2.88559,-0.150151,3.21853,152.3,3.046,152.3,3.046,,,,,,,,,,,,,,,,,,,"Oswaldo Cabrera","21707",665828
"RJ Schreck","TOR",7.39852,30.7426,26.4038,5.72316,3.96037,0.911135,0.00649915,0.845155,3.67867,3.47861,3.5915,0.0283299,7.49089,0.675482,0.0545158,0.0172727,0,0.101955,0.0487596,0.216755,0.116825,0.243665,0.47945,0.325144,0.347782,0.303592,0.672926,0.131027,2.48011,0.269172,0.0260648,-0.0537042,3.39626,-0.236206,94.2804,-0.0276394,0.0254188,-0.23488008603453636,-0.46933856420218945,0.0362074,999,2.128,0.513761,1.98893,2.128,-0.513761,2.34809,34.9,4.985714285,34.9,4.985714285,,,,,,,,,,,,,,,,,,,"RJ Schreck","sa3022602",702302
"Victor Mesa Jr.","TBR",11.6332,38.3068,35.1508,8.24731,5.37551,2.03749,0.0602358,0.77408,3.38359,4.6647,2.61379,0.0324077,7.56459,0.124231,0.104931,0.313078,0.51014,0.222088,0.0820287,0.234627,0.0682331,0.197474,0.34553,0.289135,0.362083,0.285591,0.651219,0.127457,2.69237,0.277639,0.0238413,-0.0425236,3.67208,-0.854168,79.8833,-0.0186823,-0.178312,-0.9320123922079802,0.0012128204107284546,0.0351625,999,3.21365,-0.22838,1.99189,3.21365,0.22838,2.34415,34,2.833333333,34,2.833333333,,,,,,,,,,,,,,,,,,,"Victor Mesa Jr.","25999",683748
"Rece Hinds","CIN",13.4621,47.6372,44.529,10.025,5.11019,2.5537,0.0938548,2.26724,6.03945,6.18025,2.72031,0.0678822,16.4533,0.250621,0.110109,0.0271489,0.509816,0.800511,0.262648,0.225134,0.0571048,0.345387,0.165336,0.272966,0.439446,0.304769,0.712412,0.214312,4.64902,0.299312,0.0375831,-0.000357452,5.30823,-0.320473,89.4818,0.0372257,-0.0701489,-0.5566342361271381,-0.6933962553739548,0.0342615,999,4.46303,0.67919,1.908,4.46303,-0.67919,2.45601,49.4,3.8,49.4,3.8,,,,,,,,,,,,,,,,,,,"Rece Hinds","27493",677956
"Christian Encarnacion-Strand","CIN",19.9346,79.8631,74.7114,17.7037,9.46706,4.3108,0.0850779,3.84078,9.88121,10.6252,4.24305,0.0617635,21.0471,0.49479,0.374548,0.0392935,1.13732,0.256739,0.135263,0.236962,0.0531291,0.26354,0.201598,0.281139,0.451163,0.312921,0.732302,0.214202,2.79203,0.276165,0.0143051,-0.0974132,9.42776,-0.00867335,95.0662,-0.083108,0.0503086,-0.5501109734177589,-1.7954914346337318,0.0318663,999,5.06031,0.0591668,1.76155,5.06031,-0.0591668,2.65127,87,4.35,87,4.35,,,,,,,,,,,,,,,,,,,"Christian Encarnacion-Strand","30011",687952
"Ben Cowles","CHC",6.64326,21.576,19.8628,4.35466,3.32302,0.702875,0.0297658,0.298995,2.51547,2.38078,1.51639,0.00533663,6.35661,0.109799,0.0626389,0.0244378,0.281974,0.358184,0.0829471,0.219237,0.0702814,0.294615,0.238554,0.277513,0.30278,0.259568,0.580294,0.0835429,4.5528,0.305631,-0.00849725,0.00503071,1.61241,-0.936966,63.0183,-0.00346654,0.39108,-0.9465358203742653,0.49359986186027527,0.0283702,999,3.14101,-0.224335,2.04335,3.14101,0.224335,2.27553,11.3,1.614285714,11.3,1.614285714,,,,,,,,,,,,,,,,,,,"Ben Cowles","sa3016976",701496
"Vimael Machín","COL",7.20481,23.8797,21.8651,5.42448,4.33283,0.746153,0.0368752,0.308615,2.97411,2.80642,1.8418,0.0775461,4.59898,0.0806735,0.064416,0.0277444,0.37989,0.144333,0.0750181,0.248089,0.0771283,0.192589,0.40048,0.308023,0.32793,0.282778,0.635953,0.0798418,3.34071,0.300546,0.0138694,-0.0426382,2.23455,-0.58702,80.7831,-0.0287687,-0.0949053,-0.5696274153888226,0.016280099749565125,0.0274764,999,3.07747,0.806876,2.04545,3.07747,-0.806876,2.27273,14.9,2.128571428,14.9,2.128571428,,,,,,,,,,,,,,,,,,,"Vimael Machin","17684",605353
"Esmerlyn Valdez","PIT",7.76403,24.0233,21.5119,4.95326,3.19751,0.975751,0.0442537,0.735742,2.38464,2.54664,2.04752,0.026772,6.93975,0.289229,0.145136,0.0295624,0.366601,0.176854,0.035481,0.230257,0.0852302,0.288875,0.295042,0.303829,0.382335,0.301181,0.686163,0.152078,3.25281,0.301649,-0.00351209,-0.0155178,2.60695,-0.231597,90.0204,-0.0190299,0,-0.3031744956970215,-0.2648076117038727,0.0236629,999,0.633588,-1.26822,2.04772,0.633588,1.26822,2.2697,24.3,3.0375,24.3,3.0375,,,,,,,,,,,,,,,,,,,"Esmerlyn Valdez","sa3015768",699013
"Ronny Mauricio","NYM",40.2311,153.509,141.878,32.859,22.1127,6.18093,0.138473,4.42687,17.4702,15.9646,9.75176,1.0627,39.0787,1.00793,0.769988,0.102194,2.41102,3.95326,1.22878,0.231601,0.0635254,0.254569,0.249541,0.284333,0.370724,0.283735,0.655057,0.139123,4.58527,0.286782,-0.0214655,0.0774474,14.484,-3.65431,79.6195,0.0559819,0.104765,-3.64174647256732,-1.3231911659240723,0.0235814,999,1.73386,-0.36812,1.5387,1.73386,0.36812,2.94839,135.6,3.39,135.6,3.39,,,,,,,,,,,,,,,,,,,"Ronny Mauricio","23698",677595
"Akil Baddoo","MIL",10.0517,35.9221,32.0021,6.80228,4.04435,1.49813,0.100461,1.15933,3.93293,3.51037,3.67961,0.0744425,10.1976,0.0892518,0.102598,0.0486105,0.301184,1.48685,0.232908,0.212557,0.102433,0.283881,0.36083,0.294678,0.37433,0.293943,0.669008,0.161772,5.56537,0.271979,-0.0754842,0.150901,3.68707,-0.557404,87.7003,0.0754169,-0.0671768,-0.4482431709766388,-0.5325350761413574,0.0219317,999,2.5883,-0.483734,1.99933,2.5883,0.483734,2.33423,33.4,3.34,33.4,3.34,,,,,,,,,,,,,,,,,,,"Akil Baddoo","22168",668731
"Denzer Guzman","LAA",10.7484,41.9736,38.527,8.20661,5.34554,1.63379,0.0413848,1.18589,4.4676,4.13035,3.15126,0.016538,13.4554,0.133285,0.0988344,0.0632813,0.39902,0.424493,0.10887,0.21301,0.0750772,0.320569,0.2342,0.274184,0.349907,0.274693,0.624091,0.136897,3.63652,0.292719,-0.000410824,-0.0165492,3.65217,-1.30734,72.5911,-0.0169601,-0.132372,-1.3729009944945574,0.11643345654010773,0.0192549,999,3.18708,-0.222208,1.94854,3.18708,0.222208,2.40195,30,2.727272727,30,2.727272727,,,,,,,,,,,,,,,,,,,"Denzer Guzman","28816",694203
"DJ LeMahieu",,32.2756,123.313,109.904,26.0211,19.7454,4.03572,0.189186,2.05073,12.6012,11.3755,11.5747,0.0666986,26.4062,0.726365,0.944538,0.162944,3.33986,0.712558,0.183642,0.236761,0.0938647,0.214139,0.438335,0.311183,0.332901,0.287904,0.644084,0.0961406,3.18052,0.29093,-0.216103,-0.143814,12.0523,-2.51812,82.4831,-0.359916,-0.413752,-2.9129205644130707,-1.0778588652610779,0.018689,999,3.03354,-0.189543,1.67697,3.03354,0.189543,2.76405,106.9,3.340625,106.9,3.340625,,,,,,,,,,,,,,,,,,,"DJ LeMahieu","9874",518934
"Yohandy Morales","WSN",13.8368,54.0187,49.7788,11.4411,7.91912,2.41269,0.0694631,1.03985,5.67459,5.49406,3.84227,0.0671946,16.0299,0.20531,0.137223,0.0551367,0.92903,0.299838,0.0999895,0.229839,0.0711284,0.296747,0.239694,0.287021,0.343767,0.278233,0.630788,0.113927,3.08373,0.316665,0.00390601,-0.0595364,4.85548,-1.52724,76.2036,-0.0556304,1.02908,-1.5791581124067307,-0.038576483726501465,0.0183631,999,2.33898,-0.383398,1.91605,2.33898,0.383398,2.44527,38.8,2.771428571,38.8,2.771428571,,,,,,,,,,,,,,,,,,,"Yohandy Morales","sa3022672",691002
"Ildemaro Vargas","ARI",25.708,98.241,90.3687,21.6481,15.9093,4.04052,0.663641,1.03468,9.18815,9.27408,5.32843,0.0632079,12.4983,0.89553,0.907762,0.740501,2.33531,0.922102,0.304715,0.239553,0.0542384,0.12722,0.426334,0.285866,0.3333,0.272422,0.619166,0.0937474,4.42568,0.265146,0.00859789,-0.0860646,8.36694,-3.24099,71.2188,-0.0774667,0.0471256,-3.428637444972992,0.33050327375531197,0.0174307,999,3.1347,0.326362,1.80115,3.1347,-0.326362,2.59847,79.8,3.069230769,79.8,3.069230769,,,,,,,,,,,,,,,,,,,"Ildemaro Vargas","13324",545121
"Bryan Ramos","STL",13.7431,49.5298,45.2534,9.65026,6.64801,1.80809,0.0541312,1.14002,5.05152,4.91864,3.19782,0.0143973,12.2494,0.891757,0.150861,0.036005,0.61609,0.787468,0.184276,0.213249,0.0645635,0.247313,0.261059,0.277607,0.331173,0.27049,0.60878,0.117923,4.175,0.265822,-0.0352262,0.0112385,4.14064,-1.71169,70.5209,-0.0239877,0.0205854,-1.7496914342045784,0.23267079330980778,0.0162965,999,1.88076,-0.48911,1.92271,1.88076,0.48911,2.43639,40.1,2.864285714,40.1,2.864285714,,,,,,,,,,,,,,,,,,,"Bryan Ramos","25621",682868
"Drew Romo","CHW",12.693,30.3982,28.3412,6.06431,4.18456,1.16428,0.0831952,0.63228,2.72365,2.72185,1.56221,0.0244717,10.4875,0.239573,0.16792,0.0872525,0.484368,0.176331,0.103365,0.213975,0.0513915,0.345003,0.148959,0.259513,0.327855,0.257754,0.587369,0.11388,3.36963,0.312376,0.0247335,-0.0464217,2.22692,-1.36486,61.7719,-0.0216882,-0.0385605,-1.3951467797160149,0.5199012719094753,0.0157111,999,0.631084,0.580319,2.01471,0.631084,-0.580319,2.31372,23.9,1.838461538,23.9,1.838461538,,,,,,,,,,,,,,,,,,,"Drew Romo","27763",691011
"Spencer Jones","NYY",9.27369,35.8473,32.8049,6.98906,3.99203,1.47233,0.058144,1.46656,4.63541,4.32254,2.78325,0.0507694,13.7515,0.146276,0.0855462,0.0273852,0.371589,1.38574,0.179856,0.213049,0.0776417,0.383613,0.202396,0.276901,0.395592,0.291901,0.672493,0.182543,5.92068,0.312494,-0.120092,0.158134,3.61995,-0.615693,85.2288,0.0380421,-0.0438477,-0.5877906456589699,-0.4731850065290928,0.0155774,999,3.17071,0.605478,1.971,3.17071,-0.605478,2.37201,29.4,3.266666666,29.4,3.266666666,,,,,,,,,,,,,,,,,,,"Spencer Jones","sa3019969",682987
"Liover Peguero","PHI",12.6298,38.8697,35.9456,7.94769,5.45764,1.59741,0.104948,0.787696,3.96317,3.74047,2.32167,0.0137261,9.82666,0.278565,0.18826,0.135582,0.734921,0.998325,0.224066,0.221103,0.0597295,0.252811,0.236262,0.272316,0.337123,0.268178,0.609439,0.11602,5.19226,0.28057,-0.0205222,0.0548013,3.17649,-1.41626,67.685,0.0342791,-0.123561,-1.454429917037487,0.3048967570066452,0.0146992,999,0.647529,0.506126,1.98997,0.647529,-0.506126,2.3467,31.9,2.453846153,31.9,2.453846153,,,,,,,,,,,,,,,,,,,"Liover Peguero","24273",678894
"Kahlil Watson","CLE",5.8506,23.1901,21.1498,4.47408,2.80153,1.11087,0.0409434,0.520741,2.87304,2.6881,1.81081,0.0155825,7.21197,0.138857,0.0659348,0.0246162,0.268663,0.404354,0.109683,0.211542,0.0780857,0.310994,0.251084,0.277299,0.341802,0.273449,0.619101,0.13026,4.93363,0.293208,0.000202579,0.00469085,1.99438,-0.745707,74.0972,0.00489342,-0.0449384,-0.7030866127461195,0.04534861072897911,0.0143673,999,2.64341,-0.399781,2.02509,2.64341,0.399781,2.29988,19.7,3.283333333,19.7,3.283333333,,,,,,,,,,,,,,,,,,,"Kahlil Watson","sa3017513",696135
"Andrés Chaparro","WSN",77.5034,283.74,256.29,58.0452,36.4938,12.2388,0.651339,8.6612,29.0608,33.7855,22.0304,0.831628,69.238,3.09645,2.21652,0.106593,3.79327,1.4578,0.34862,0.226483,0.0776432,0.24402,0.318184,0.293238,0.380703,0.293839,0.673942,0.15422,3.09866,0.273434,-0.190284,-0.252515,29.0991,-4.42688,86.8942,-0.442799,1.77547,-4.850157469511032,-4.463338255882263,0.0129516,999,2.21535,-0.133182,0.881184,2.21535,0.133182,3.82509,270.8,3.471794871,270.8,3.471794871,,,,,,,,,,,,,,,,,,,"Andres Chaparro","21797",665953
"Bryan Torres","STL",22.6225,89.7215,79.2741,20.3274,15.9794,3.66071,0.132655,0.554682,9.74223,7.25723,8.67243,0.159892,15.8017,0.196662,0.734689,0.843683,1.64864,2.87799,0.687925,0.25642,0.0966594,0.17612,0.548828,0.328502,0.326935,0.293649,0.655437,0.0705156,4.60796,0.310637,-0.129102,0.130895,9.18762,-1.41367,86.4296,0.00179255,-1.12885,-1.4372520443284884,-1.477964848279953,0.0124153,999,2.77603,-0.960901,1.91815,2.77603,0.960901,2.44247,83.9,3.647826086,83.9,3.647826086,,,,,,,,,,,,,,,,,,,"Bryan Torres","sa885119",663494
"Sterlin Thompson","COL",8.7741,35.3954,31.9448,7.95621,5.42566,1.50933,0.0916502,0.929572,3.85189,3.65439,2.45727,0.0289261,8.30732,0.868086,0.0922681,0.032949,0.56772,0.359581,0.120521,0.249061,0.0694236,0.234701,0.295796,0.319027,0.389346,0.311956,0.708373,0.140284,3.93631,0.308184,0.0152694,-0.0350195,4.15066,-0.0315788,85.6323,-0.0197501,-0.0313271,-0.6224879343062639,-0.4375353939831257,0.0120308,999,2.54434,-0.425144,2.0198,2.54434,0.425144,2.30694,37,4.111111111,37,4.111111111,,,,,,,,,,,,,,,,,,,"Sterlin Thompson","sa3019999",694514
"Anthony Seigler","BOS",7.2161,22.6258,19.6753,4.34565,3.35723,0.72145,0.0289715,0.237993,2.74716,2.35932,2.65564,0.0335083,4.98676,0.102416,0.0924727,0.0999314,0.341779,0.454065,0.138016,0.220868,0.117372,0.220402,0.532539,0.315358,0.296769,0.279366,0.612127,0.0759009,4.3773,0.282449,0.0294655,-0.00585695,2.05454,-0.618866,72.7925,0.0236086,-0.0999084,-0.7019355408847332,0.011451222002506256,0.00902984,999,2.80616,-0.44812,2.0423,2.80616,0.44812,2.27694,14.3,2.042857142,14.3,2.042857142,,,,,,,,,,,,,,,,,,,"Anthony Seigler","23802",678011
"Marco Luciano","NYY",6.72013,22.3201,19.9491,3.73422,2.42523,0.752559,0.0326,0.523837,2.16002,1.99157,2.10843,0.00719367,7.61547,0.112553,0.122015,0.0279467,0.289351,0.216202,0.0757476,0.187187,0.0944633,0.341194,0.276861,0.267144,0.306955,0.257365,0.574099,0.119768,3.67128,0.26906,0.00295073,-0.0184049,1.6281,-1.0092,61.5052,-0.0154541,0.117332,-1.030962673947215,0.3633645102381706,0.00898404,999,0.508637,0.0970078,2.0296,0.508637,-0.0970078,2.29387,20.7,2.957142857,20.7,2.957142857,,,,,,,,,,,,,,,,,,,"Marco Luciano","25616",682617
"Myles Straw","TOR",50.6893,169.422,152.995,35.5638,26.797,6.39049,0.762917,1.61343,20.5483,13.3807,12.0729,0.263339,31.4107,0.544859,0.952874,2.85594,2.38472,7.4382,1.1933,0.23245,0.0712595,0.185399,0.384357,0.289264,0.31583,0.268799,0.605094,0.0833792,6.53453,0.280758,-0.169983,0.740498,13.9309,-6.08765,70.3129,0.570515,0.918445,-5.357502460479736,-0.42254167795181274,0.0052366,999,1.67218,0.875367,1.61862,1.67218,-0.875367,2.84183,140,2.745098039,140,2.745098039,,,,,,,,,,,,,,,,,,,"Myles Straw","17620",664702
"LaMonte Wade Jr.","CHW",43.2016,153.746,131.16,28.7827,19.2881,5.0156,0.501905,3.97712,16.0941,14.4077,18.7287,0.923583,34.43,1.75716,1.06417,1.03616,2.05311,0.941672,0.271238,0.219447,0.121816,0.223941,0.543964,0.322628,0.356309,0.301598,0.678937,0.136862,3.3469,0.264404,-0.363898,-0.17922,16.7362,-1.4301,91.8906,-0.543118,-0.312175,-2.0167059302330017,-3.1367286145687103,0.00511524,999,2.47448,-0.512021,1.47348,2.47448,0.512021,3.03536,154.1,3.58372093,154.1,3.58372093,,,,,,,,,,,,,,,,,,,"LaMonte Wade Jr.","18126",664774
"Brendan Rodgers","BOS",21.2244,79.2323,72.976,16.902,12.1554,3.30327,0.116075,1.32731,7.82525,7.86268,5.48003,0.0506175,21.9535,0.447822,0.252883,0.0754758,1.5911,0.183458,0.0988669,0.23161,0.0691642,0.277078,0.24962,0.288413,0.334621,0.275925,0.623035,0.103011,2.65743,0.311817,0.0650634,-0.122841,6.97337,-2.38853,70.4223,-0.0577779,-0.197044,-2.8198780976235867,0.13049323856830597,0.00385314,999,5.13564,-0.130039,1.82097,5.13564,0.130039,2.57205,55.3,2.633333333,55.3,2.633333333,,,,,,,,,,,,,,,,,,,"Brendan Rodgers","17907",663898
"Dairon Blanco","KCR",22.1871,52.6048,47.6395,11.0265,7.78038,2.02636,0.217819,1.00196,6.68958,4.21796,3.09539,0.0250328,13.4972,0.775637,0.133841,0.960413,0.483879,6.14514,1.21892,0.231457,0.0588422,0.256576,0.229336,0.288464,0.346233,0.280363,0.634697,0.114776,7.60069,0.301271,-0.265902,0.653107,4.81937,-1.39629,77.303,0.387206,-0.24202,-1.0239644944667816,-0.7556095123291016,0.000081828,999,1.83638,-0.0893039,2.05239,1.83638,0.0893039,2.26348,49.4,2.245454545,49.4,2.245454545,,,,,,,,,,,,,,,,,,,"Dairon Blanco","19779",680118
"Mark Canha",,38.3385,143.488,125.565,29.1531,20.5504,5.70715,0.151543,2.74397,15.1511,13.5254,12.6187,0.149645,29.0508,3.92771,1.29065,0.0865351,2.65556,1.20284,0.371587,0.232176,0.0879427,0.202461,0.434368,0.318682,0.345601,0.297159,0.664283,0.113425,3.34568,0.277814,-0.171907,-0.155517,15.1023,-1.85191,88.8408,-0.327424,-0.866733,-2.2199226915836334,-2.6416633129119873,-0.000545105,999,1.95623,-0.5597,1.57349,1.95623,0.5597,2.90202,134.9,3.55,134.9,3.55,,,,,,,,,,,,,,,,,,,"Mark Canha","11445",592192
"Edwin Arroyo","CIN",5.50898,22.7461,21.3372,5.29028,3.75645,1.4197,0.0120687,0.102064,1.7675,1.82617,1.2916,0,4.56093,0.0629828,0.0412141,0.0130631,0,0.115011,0.0629196,0.247937,0.0567832,0.200515,0.283187,0.2923,0.329955,0.275271,0.622255,0.0820175,2.23186,0.310385,0.013491,-0.0365058,1.98984,-0.697782,69.2746,-0.0230148,-0.00778374,-0.8513353131711483,0.07723142532631755,-0.00177376,999,3.35371,0.56806,2.08304,3.35371,-0.56806,2.22262,12.9,2.15,12.9,2.15,,,,,,,,,,,,,,,,,,,"Edwin Arroyo","sa3017626",695490
"Héctor Rodríguez","CIN",5.64992,22.3837,21.1232,5.32425,3.60899,1.18987,0.046221,0.479166,2.81244,2.67014,1.09406,0.0470278,3.92087,0.0771665,0.0623142,0.0269266,0.363387,0.18585,0.0855664,0.252056,0.0488776,0.175166,0.279035,0.290537,0.380815,0.291507,0.671352,0.128759,3.984,0.288646,0.0141082,-0.0291179,2.2532,-0.391611,80.3964,-0.0150097,0.0325768,-0.5350791728124022,-0.2289935238659382,-0.00198087,999,2.62582,-0.456935,2.05504,2.62582,0.456935,2.25994,12.9,2.15,12.9,2.15,,,,,,,,,,,,,,,,,,,"Hector Rodriguez","sa3015828",699302
"Stuart Fairchild","CLE",7.69926,25.3695,22.9511,4.99046,3.23442,1.28138,0.040349,0.434305,3.30054,2.16323,2.00878,0.0183254,6.98273,0.238561,0.0661382,0.104877,0.363522,0.745079,0.178033,0.217438,0.079181,0.275241,0.287678,0.28648,0.333554,0.275515,0.620034,0.116116,5.67842,0.292057,-0.0174687,0.0400405,2.22436,-0.773239,75.5202,0.0225718,-0.0765371,-0.7093949150294065,-0.19535275548696518,-0.00323013,999,2.79927,-0.410443,2.03332,2.79927,0.410443,2.28891,15.8,1.975,15.8,1.975,,,,,,,,,,,,,,,,,,,"Stuart Fairchild","20321",656413
"Connor Joe","SEA",9.77515,28.1926,24.6012,5.5432,3.58472,1.22883,0.0689421,0.660712,3.20229,2.66198,2.88259,0.0262721,6.66526,0.373554,0.322236,0.0129303,0.539453,0.382696,0.18445,0.225322,0.102246,0.236419,0.43248,0.312259,0.361447,0.298432,0.673706,0.136125,4.1503,0.277453,-0.0098756,-0.0439838,2.99646,-0.334711,85.1408,-0.0538594,-0.119985,-0.5503659583628178,-0.43074917793273926,-0.00441397,999,1.00464,5.40992,2.02614,1.00464,-5.40992,2.29848,29.9,2.99,29.9,2.99,,,,,,,,,,,,,,,,,,,"Connor Joe","16572",656582
"Petey Halpin","CLE",14.839,35.5988,32.7991,7.0067,4.92637,1.52882,0.07482,0.476685,3.77987,3.11294,2.56723,0.0134612,10.6238,0.108185,0.0910514,0.0332389,0.356572,0.280925,0.109865,0.213625,0.0721156,0.298432,0.241648,0.272233,0.308399,0.258629,0.580632,0.0947746,3.80645,0.299685,0.0289703,-0.038902,2.63321,-1.57306,63.8884,-0.00993168,0.0098507,-1.525077105499804,0.23884765896946192,-0.00623875,999,2.48623,-0.671745,1.9825,2.48623,0.671745,2.35667,21,1.4,21,1.4,,,,,,,,,,,,,,,,,,,"Petey Halpin","27931",690984
"Samad Taylor","SDP",9.24033,31.6104,28.2553,6.40009,5.24637,0.764497,0.0851365,0.304088,3.98203,2.404,2.58039,0.0158099,7.42616,0.117385,0.0877223,0.569626,0.343831,1.69218,0.256009,0.22651,0.0816312,0.234928,0.347473,0.293094,0.291879,0.264276,0.584974,0.0653695,6.54899,0.29574,-0.113538,0.181255,2.4831,-1.25191,73.1248,0.0677173,-0.0785977,-0.9335595667362213,-0.22119536995887756,-0.00683213,999,2.86417,-0.320328,2.03826,2.86417,0.320328,2.28231,21.3,2.366666666,21.3,2.366666666,,,,,,,,,,,,,,,,,,,"Samad Taylor","22274",669392
"Carlos Santana","ARI",82.5635,338.85,299.707,66.5157,43.9293,12.9347,0.220725,9.43097,36.2561,38.8906,34.8397,0.582232,62.5607,1.93391,2.1814,0.18726,5.49688,3.28159,0.590836,0.221936,0.102818,0.184627,0.556894,0.304992,0.360968,0.294624,0.66596,0.139033,3.16991,0.248306,-0.759272,-0.114571,34.9672,-5.07056,86.4281,-0.873843,1.45063,-6.324431538581848,-5.019935965538025,-0.00723906,999,2.44299,1.82485,0.628744,2.44299,-1.82485,4.16168,311.4,3.751807228,311.4,3.751807228,,,,,,,,,,,,,,,,,,,"Carlos Santana","2396",467793
"Abraham Toro","KCR",11.7459,41.8464,38.0923,8.95545,6.04714,1.87293,0.149204,0.886181,4.34376,4.20265,2.77943,0.0809633,7.76895,0.548525,0.351298,0.0747732,0.586997,0.425033,0.126984,0.235099,0.0664198,0.185654,0.357761,0.294061,0.361893,0.287471,0.655954,0.126794,4.05877,0.270886,-0.0645979,-0.0283525,4.07525,-0.869223,82.1859,-0.0929504,0.251509,-0.9740103334188461,-0.517273485660553,-0.00767577,999,2.42404,2.58304,1.9818,2.42404,-2.58304,2.3576,39.6,3.3,39.6,3.3,,,,,,,,,,,,,,,,,,,"Abraham Toro","19844",647351
"Nick Sogard","BOS",23.8813,91.9793,82.2094,19.2689,13.4869,4.82856,0.111428,0.841993,10.8764,7.4517,8.79417,0.0940689,20.6418,0.50945,0.347611,0.118608,1.79823,1.30922,0.435356,0.234388,0.0956104,0.224417,0.426038,0.311042,0.32656,0.285746,0.637602,0.0921719,4.06759,0.301718,-0.0502506,-0.0662774,8.82868,-2.03938,77.1876,-0.116528,-0.313728,-2.589580722153187,-0.6822672784328461,-0.0108524,999,4.72063,0.365886,1.79138,4.72063,-0.365886,2.61149,80.2,3.341666666,80.2,3.341666666,,,,,,,,,,,,,,,,,,,"Nick Sogard","25483",686765
"Jose Herrera","TEX",8.72475,26.8003,23.6673,4.66304,3.92602,0.515192,0.0202414,0.201582,2.88164,1.35694,2.44989,0.0284213,6.2139,0.0855315,0.120433,0.477132,0.46023,0.057039,0.0312487,0.197025,0.0914129,0.23186,0.394259,0.273465,0.246055,0.239147,0.519521,0.0490306,2.85117,0.256816,-0.0153033,-0.0438578,1.55848,-1.60818,50.6888,-0.0591611,-0.0910926,-1.6167640015482903,0.5821131318807602,-0.0114825,999,2.58586,-0.52754,2.02042,2.58586,0.52754,2.3061,12.9,1.433333333,12.9,1.433333333,,,,,,,,,,,,,,,,,,,"Jose Herrera","17040",645444
"Tsung-Che Cheng","BOS",9.63383,28.7942,25.9112,5.44746,3.9283,1.20086,0.0863734,0.231922,2.55788,2.01107,2.29291,0.0284608,7.86307,0.18643,0.153463,0.250219,0.42341,0.734747,0.334825,0.210236,0.0796309,0.273078,0.291605,0.277705,0.2901,0.255286,0.567804,0.0798641,4.66795,0.290241,0.0459999,-0.0322807,2.05172,-1.35054,60.4842,0.0137192,-0.0545864,-1.3348417608067393,0.26281026378273964,-0.0116678,999,0.750343,0.103575,2.03894,0.750343,-0.103575,2.28142,12.8,1.28,12.8,1.28,,,,,,,,,,,,,,,,,,,"Tsung-Che Cheng","28344",691907
"Dustin Harris","CHW",15.8236,43.2936,39.473,8.92468,6.08395,1.80182,0.156272,0.882648,4.7519,3.60317,3.1464,0.134241,10.4251,0.365995,0.23839,0.0698505,0.535606,1.69535,0.406327,0.226096,0.0726758,0.240801,0.301809,0.287737,0.346743,0.278893,0.63448,0.120647,5.65762,0.283135,-0.034404,0.110206,3.91468,-1.2008,76.2935,0.0758015,0.0229842,-1.137243427336216,-0.4542382899671793,-0.0129158,999,0.744932,-0.807524,1.99403,0.744932,0.807524,2.34129,39.4,2.4625,39.4,2.4625,,,,,,,,,,,,,,,,,,,"Dustin Harris","25705",687957
"Rhylan Thomas","SEA",6.55858,21.7244,19.9892,5.06795,4.28224,0.668583,0.0128084,0.104317,2.6574,2.24877,1.28857,0.0310325,1.88445,0.0687971,0.301354,0.0764319,0.325584,0.34113,0.129495,0.253534,0.0593146,0.0867436,0.683792,0.29681,0.303919,0.266818,0.600728,0.0503846,4.07093,0.27121,0.0301074,-0.0218307,1.75137,-0.815535,74.8762,0.00827671,0.0518021,-0.63501017075032,-0.25183598324656487,-0.0142346,999,2.66113,-0.418205,2.06803,2.66113,0.418205,2.24262,13.9,1.985714285,13.9,1.985714285,,,,,,,,,,,,,,,,,,,"Rhylan Thomas","31793",689041
"Weston Wilson","BAL",10.315,30.2482,27.1245,5.66446,3.65309,1.01924,0.0832762,0.908855,3.3195,2.98214,2.61578,0.0519164,8.52455,0.195107,0.165218,0.147589,0.372284,0.750339,0.247143,0.208832,0.0864773,0.281821,0.306852,0.281568,0.353069,0.279446,0.634637,0.144237,4.9318,0.266327,-0.0152057,0.00652817,2.74865,-0.8254,78.4879,-0.00867755,-0.0761561,-0.7756053293123841,-0.409579336643219,-0.0147424,999,0.767227,0.352118,2.0074,0.767227,-0.352118,2.32347,29.8,2.98,29.8,2.98,,,,,,,,,,,,,,,,,,,"Weston Wilson","19358",642215
"Juan Brito","CLE",26.0757,105.124,92.7232,21.1959,13.9472,4.87857,0.122266,2.24795,11.2841,10.5432,10.0178,0.293744,21.7874,1.04662,1.00955,0.327133,1.47452,1.57686,0.688323,0.228594,0.0952949,0.207253,0.459799,0.307836,0.356576,0.293468,0.664412,0.127982,3.68349,0.271861,0.0132611,-0.129687,10.7494,-1.67182,87.8872,-0.116426,-2.55138,-1.6172239258885384,-2.148977607488632,-0.0151415,999,3.4358,-0.223955,1.71509,3.4358,0.223955,2.71321,91.9,3.534615384,91.9,3.534615384,,,,,,,,,,,,,,,,,,,"Juan Brito","sa3009808",682877
"Adael Amador","COL",42.4087,158.773,141.359,34.2047,24.2726,6.73256,0.253059,2.94657,17.563,15.4156,14.2295,0.146456,28.5027,1.67761,0.388398,1.11855,2.84978,4.48839,1.849,0.241971,0.0896218,0.179519,0.499234,0.317859,0.355713,0.299675,0.673572,0.113742,4.55717,0.283398,0.0152135,-0.123806,17.0354,-1.7248,77.2193,-0.108592,-1.69429,-4.395434342324734,-1.039837658405304,-0.0156396,999,5.70103,-0.0900701,1.61002,5.70103,0.0900701,2.85331,147.9,3.521428571,147.9,3.521428571,,,,,,,,,,,,,,,,,,,"Adael Amador","27962",691182
"Leo De Vries","ATH",9.07541,34.8604,31.6182,7.37944,4.33053,1.85305,0.0802078,1.11564,4.36968,4.05912,2.93937,0.126643,8.40238,0.152859,0.10872,0.0411925,0.350033,0.348504,0.109025,0.233392,0.0843185,0.241029,0.349826,0.300744,0.402926,0.305444,0.703671,0.169535,4.0055,0.282039,-0.0129637,-0.0231137,3.9036,-0.215421,94.5322,-0.0360774,-1.52355,-0.26135895401239395,-1.1033969819545746,-0.0189207,999,3.23815,-0.0906128,1.98465,3.23815,0.0906128,2.3538,31.4,3.488888888,31.4,3.488888888,,,,,,,,,,,,,,,,,,,"Leo De Vries","sa3023363",815888
"Jonah Bride","TEX",8.3223,28.3833,24.7945,5.36258,3.83733,1.08974,0.0222822,0.413228,2.80236,2.62359,3.21383,0.049747,6.78595,0.204506,0.137442,0.0330145,0.542767,0.0496859,0.0293317,0.216281,0.11323,0.239083,0.473601,0.309729,0.312028,0.28138,0.621757,0.0957467,2.16799,0.279108,-0.00979107,-0.0496458,2.62378,-0.729927,79.7817,-0.0594369,0.215442,-0.7358006238937378,-0.4267110824584961,-0.0189897,999,2.60022,-0.235224,2.01907,2.60022,0.235224,2.3079,14.9,1.8625,14.9,1.8625,,,,,,,,,,,,,,,,,,,"Jonah Bride","24703",681146
"Christian Franklin","WSN",5.36496,21.0323,18.6601,4.24284,3.40931,0.572051,0.0325372,0.22894,2.5932,1.72249,2.14047,0.00893059,5.30772,0.137805,0.0535447,0.040394,0.380891,0.224765,0.105081,0.227375,0.10177,0.25236,0.403274,0.310649,0.298325,0.277178,0.608974,0.0709506,4.0145,0.304614,0.0256371,-0.0355683,1.87249,-0.61264,75.4813,-0.00993123,-0.0177844,-0.621124230325222,-0.2661622725427151,-0.0191873,999,2.50236,-0.423165,2.05615,2.50236,0.423165,2.25847,12.3,2.46,12.3,2.46,,,,,,,,,,,,,,,,,,,"Christian Franklin","sa3017510",681047
"Ryan Vilade","TBR",30.6948,101.734,91.9063,20.9512,14.4538,4.148,0.176061,2.1733,10.5303,10.1153,7.86692,0.134966,25.8347,1.35497,0.365262,0.240597,2.49836,1.67676,0.346563,0.227963,0.0773283,0.253943,0.30451,0.297291,0.347867,0.285908,0.645159,0.119905,4.31442,0.292201,-0.114909,0.0380209,9.77835,-2.24231,81.1122,-0.0768886,-0.40404,-2.3479755222797394,-1.2837420403957367,-0.0192962,999,3.5254,-0.18767,1.73723,3.5254,0.18767,2.6837,86.8,2.8,86.8,2.8,,,,,,,,,,,,,,,,,,,"Ryan Vilade","22165",668723
"Brandon Lockridge","MIL",19.5386,65.4223,59.4343,13.4438,9.75385,2.72007,0.120117,0.849749,7.04283,5.09261,4.84155,0.0749552,16.973,0.293291,0.23337,0.619808,0.863977,3.64677,0.505836,0.226196,0.0740046,0.259438,0.28525,0.286696,0.318896,0.269463,0.605592,0.0926999,6.04188,0.300969,-0.166891,0.424411,5.41466,-2.31549,70.9303,0.25752,0.132237,-1.996516764163971,-0.3703003376722336,-0.0194598,999,2.25707,-0.685363,1.95089,2.25707,0.685363,2.39881,51.7,2.585,51.7,2.585,,,,,,,,,,,,,,,,,,,"Brandon Lockridge","21496",663604
"Jacob Stallings","BAL",28.3665,102.343,92.0789,18.554,13.0569,3.74309,0.0794049,1.67459,8.74338,9.15016,7.87099,0.067211,28.195,1.66289,0.269709,0.460986,2.2916,0.316117,0.114075,0.201501,0.0769076,0.275494,0.279163,0.275689,0.298436,0.258728,0.574125,0.0969349,2.47051,0.270161,-0.197909,-0.132186,7.57848,-4.51419,64.2164,-0.330095,-0.951905,-4.646442919969559,0.9283018708229065,-0.0200171,999,2.58104,-0.204822,1.66964,2.58104,0.204822,2.77381,74.8,2.671428571,74.8,2.671428571,,,,,,,,,,,,,,,,,,,"Jacob Stallings","13723",607732
"Dominic Smith",,66.0578,259.871,234.65,56.3737,38.5772,11.1195,0.674353,6.00265,27.1957,28.424,19.8399,0.456837,53.2465,3.12636,2.135,0.119703,4.67627,1.93222,0.372969,0.240246,0.0763455,0.204896,0.372606,0.305446,0.370126,0.296656,0.675572,0.12988,3.49852,0.283724,-0.53285,-0.169567,27.2456,-3.4601,88.4953,-0.702417,0.332498,-4.236028075218201,-4.764556467533112,-0.0210193,999,2.48887,0.802593,1.12041,2.48887,-0.802593,3.50612,245.4,3.718181818,245.4,3.718181818,,,,,,,,,,,,,,,,,,,"Dominic Smith","15653",642086
"Ben Rortvedt","LAD",9.39293,32.9579,29.5542,6.02472,4.86449,0.776048,0.0224667,0.361713,3.38476,2.91777,2.89304,0.0132894,8.52794,0.217231,0.0758664,0.217634,0.530336,0.0514615,0.0302194,0.203854,0.0877799,0.258752,0.339243,0.279014,0.26835,0.250093,0.547363,0.0644959,2.51908,0.273043,-0.0111919,-0.0546422,2.20945,-1.68479,52.0267,-0.0658341,-0.0990657,-1.9397638067603111,0.6256974339485168,-0.0222579,999,3.01515,0.494194,1.98245,3.01515,-0.494194,2.35674,15.5,1.722222222,15.5,1.722222222,,,,,,,,,,,,,,,,,,,"Ben Rortvedt","20287",666163
"Jhonkensy Noel","BAL",8.87043,29.6845,27.6459,6.06191,3.49782,1.20518,0.0326549,1.32625,3.12001,3.87669,1.70686,0.0242791,8.67608,0.223473,0.0933976,0.0148659,0.439075,0.0388937,0.0234339,0.21927,0.0575001,0.292276,0.196732,0.269374,0.409143,0.292593,0.678518,0.189874,2.0479,0.266993,-0.00210078,-0.0374925,3.01429,-0.493165,87.5443,-0.0395933,0.00322786,-0.4753754176199436,-0.7724780784919858,-0.0231391,999,2.90103,-0.115431,1.99542,2.90103,0.115431,2.33944,23.9,2.655555555,23.9,2.655555555,,,,,,,,,,,,,,,,,,,"Jhonkensy Noel","24257",678877
"Tim Anderson",,14.3229,51.2155,48.4824,11.7904,9.82578,1.66199,0.0389772,0.263697,4.8746,3.79581,2.16438,0.00421695,13.5613,0.288755,0.108527,0.171526,1.09868,1.0386,0.258023,0.24319,0.0422601,0.26479,0.159599,0.279045,0.295396,0.255728,0.574441,0.0522053,4.32193,0.331554,0.0412935,0.0210225,3.66773,-2.38378,60.3803,0.0623161,-0.0662069,-2.3359535969793797,0.37585658580064774,-0.0231986,999,3.13238,-0.535483,1.9968,3.13238,0.535483,2.3376,32.9,2.35,32.9,2.35,,,,,,,,,,,,,,,,,,,"Tim Anderson","15172",641313
"Tristan Peters","CHW",10.7518,39.7775,36.1596,8.02074,5.61243,1.76384,0.0921086,0.55236,3.98182,3.7368,3.31176,0.0569336,9.55518,0.157573,0.11558,0.0329523,0.462078,0.305324,0.150745,0.221815,0.083257,0.240216,0.346593,0.289098,0.321515,0.272035,0.610613,0.0997005,3.41053,0.285405,0.0103724,-0.0602469,3.37526,-1.32476,71.5825,-0.0498745,0.0893593,-1.3858817033469677,-0.18717844039201736,-0.0232063,999,2.72714,-0.662422,1.97607,2.72714,0.662422,2.36524,33,3,33,3,,,,,,,,,,,,,,,,,,,"Tristan Peters","30063",671976
"Yohel Pozo","STL",47.3965,167.392,158.815,38.6634,26.2556,8.12013,0.0603345,4.2273,15.9178,19.0053,6.43348,0.190903,22.8173,0.931179,1.08357,0.129132,3.08295,0.702437,0.0983832,0.24345,0.0384337,0.136311,0.281956,0.275184,0.375193,0.281504,0.650377,0.131743,2.51688,0.259203,-0.170447,-0.120492,15.4906,-4.28804,78.0866,-0.290939,-1.59644,-4.62633153796196,-1.2746170163154602,-0.0241134,999,2.2319,1.25386,1.51583,2.2319,-1.25386,2.9789,143.1,3.044680851,143.1,3.044680851,,,,,,,,,,,,,,,,,,,"Yohel Pozo","18848",650968
"Garrett Hampson","CIN",17.7052,53.97,48.4118,10.5372,8.13115,1.90277,0.126482,0.376844,5.84971,3.58195,4.44764,0.019854,14.8006,0.170299,0.154454,0.78584,0.755679,1.54987,0.295562,0.217659,0.0824094,0.274238,0.300504,0.284957,0.28554,0.257881,0.570497,0.0678816,5.26058,0.304306,-0.0224695,0.104902,3.95932,-2.41766,57.3616,0.0824322,0.22914,-2.6449592486023903,0.611659362912178,-0.02432,999,3.05602,-0.182498,1.9453,3.05602,0.182498,2.40627,35.2,1.955555555,35.2,1.955555555,,,,,,,,,,,,,,,,,,,"Garrett Hampson","19262",641658
"Nolan Jones","CLE",35.1131,132.222,116.253,26.0202,17.1509,5.56113,0.298808,3.00943,14.2868,13.0341,13.6944,0.474427,38.5325,1.00513,1.05848,0.21049,1.96775,2.58996,0.91624,0.223823,0.103572,0.291423,0.355399,0.308457,0.354461,0.293214,0.662917,0.130637,4.46903,0.303693,-0.0244046,-0.0643573,13.493,-2.12998,87.7124,-0.0887619,-1.71418,-2.003641463816166,-2.797918438911438,-0.0256496,999,3.71105,-0.51188,1.60028,3.71105,0.51188,2.86629,123.1,3.517142857,123.1,3.517142857,,,,,,,,,,,,,,,,,,,"Nolan Jones","20529",666134
"Chadwick Tromp","ATL",10.7312,34.9704,32.5554,6.61873,5.23707,0.927716,0.00944479,0.444494,3.98165,3.90427,2.16866,0.0000546428,9.11119,0.103148,0.116935,0.0262093,0.740293,0.0554143,0.0231928,0.203306,0.0620143,0.26054,0.238022,0.254421,0.273343,0.236872,0.527764,0.0700371,2.75887,0.26709,0.00978617,-0.0479858,1.96899,-2.16303,47.3794,-0.0381996,-0.0366879,-2.2191741168498993,0.7913375720381737,-0.0270476,999,2.36132,0.0523879,1.94992,2.36132,-0.0523879,2.40011,15.1,1.372727272,15.1,1.372727272,,,,,,,,,,,,,,,,,,,"Chadwick Tromp","16953",644433
"Donovan Solano",,9.74262,31.1686,28.5229,7.01596,5.14701,1.28037,0.0636932,0.524883,3.00751,3.0646,1.88192,0.00750888,6.95272,0.517001,0.217143,0.0296311,0.781742,0.0607454,0.0258896,0.245976,0.0603788,0.223068,0.270674,0.302351,0.350538,0.2886,0.652889,0.104562,2.52975,0.305284,-0.0873663,-0.0482194,3.06396,-0.61885,82.9617,-0.135586,0.0129258,-0.763251855969429,-0.5596895003691316,-0.0274261,999,0.94397,8.78773,2.03616,0.94397,-8.78773,2.28512,31.5,3.15,31.5,3.15,,,,,,,,,,,,,,,,,,,"Donovan Solano","8623",456781
"Trey Lipscomb","WSN",7.59082,22.8281,21.4368,4.93102,3.60954,1.12191,0.024048,0.175514,1.85497,1.82498,1.22462,0.0492036,4.84839,0.0760128,0.0584247,0.0321828,0.384623,0.326395,0.120358,0.230025,0.0536453,0.212387,0.252582,0.273367,0.309167,0.257312,0.582534,0.0791416,3.55492,0.288714,-0.00564684,-0.0161004,1.66416,-1.03315,61.8724,-0.0217472,-0.0930986,-1.0533263832330704,0.024043701589107513,-0.0276026,999,2.46323,-0.381333,2.07075,2.46323,0.381333,2.239,12.9,1.6125,12.9,1.6125,,,,,,,,,,,,,,,,,,,"Trey Lipscomb","31567",702358
"Jared Young","NYM",11.5733,37.3154,33.462,7.5406,5.48256,1.0849,0.031312,0.941826,4.57157,4.30704,3.33059,0.0327603,9.6308,0.306561,0.162398,0.0538344,0.576721,0.27456,0.124231,0.225348,0.0892553,0.258092,0.345827,0.299981,0.34408,0.286509,0.644061,0.118732,3.43359,0.286259,0.00929597,-0.0559519,3.60485,-0.804247,81.5252,-0.0466559,-0.139048,-0.8614578768610954,-0.6748483628034592,-0.0279715,999,2.98413,-0.353864,1.96355,2.98413,0.353864,2.38193,33.1,2.758333333,33.1,2.758333333,,,,,,,,,,,,,,,,,,,"Jared Young","20404",676724
"Manuel Margot",,19.0134,71.055,65.2759,15.8977,11.6767,3.08754,0.0755889,1.05783,6.91253,6.65357,4.31492,0.0249999,14.0166,0.851823,0.532706,0.0796529,1.22483,0.806697,0.214246,0.243546,0.0607265,0.197264,0.307844,0.296785,0.341778,0.282248,0.638563,0.0982324,3.57832,0.292502,-0.0177613,-0.0374279,6.61846,-1.77724,78.5983,-0.0551892,-0.343208,-1.8525235541164875,-0.8322369754314423,-0.0286426,999,2.55758,-0.197581,1.90488,2.55758,0.197581,2.46016,59.6,3.136842105,59.6,3.136842105,,,,,,,,,,,,,,,,,,,"Manuel Margot","14712",622534
"Sandy León","ATL",9.70528,23.9681,21.6661,3.7438,2.53891,0.626438,0.0146496,0.563806,2.06169,2.13111,1.84132,0.0081073,8.01147,0.213472,0.0913822,0.155803,0.38339,0.0312523,0.0235304,0.172795,0.0768237,0.334255,0.229835,0.243512,0.281128,0.236023,0.524641,0.108333,2.1479,0.241233,0.00241358,-0.0336582,1.33299,-1.49902,46.7978,-0.0312447,0,-1.5425690561532974,0.4403310716152191,-0.0311862,999,0.802844,-1.71177,2.01008,0.802844,1.71177,2.3199,18.7,1.87,18.7,1.87,,,,,,,,,,,,,,,,,,,"Sandy Leon","5273",506702
"Ryan Ward","LAD",6.874,26.3471,24.1852,5.23637,3.04869,1.08633,0.0415546,1.05979,3.17768,3.38911,2.00168,0.0780832,6.93405,0.0654318,0.0732572,0.0214908,0.351975,0.155267,0.0788064,0.216511,0.0759734,0.263181,0.288674,0.277429,0.396324,0.291557,0.673752,0.179813,3.43664,0.256789,0.0168982,-0.0344766,2.65323,-0.459878,84.9926,-0.0175785,-0.328037,-0.48490944504737854,-0.7169980704784393,-0.0317382,999,2.9023,-0.276863,2.00472,2.9023,0.276863,2.32704,22.3,3.185714285,22.3,3.185714285,,,,,,,,,,,,,,,,,,,"Ryan Ward","sa1169792",669899
"Tirso Ornelas","SDP",27.5461,95.0099,86.5689,20.0737,13.9948,3.98823,0.0667838,2.02388,10.1357,9.84891,7.836,0.123366,19.7741,0.282933,0.253764,0.0682679,2.34477,1.21948,0.220936,0.231882,0.0824757,0.208127,0.396275,0.296947,0.349631,0.285904,0.646578,0.117749,3.82501,0.277585,-0.123009,0.00824498,9.13173,-2.09442,81.1093,-0.114764,0.575978,-2.236059084534645,-1.3369483947753906,-0.0365729,999,3.15172,0.179599,1.75688,3.15172,-0.179599,2.65749,81.3,2.903571428,81.3,2.903571428,,,,,,,,,,,,,,,,,,,"Tirso Ornelas","22566",672359
"Ji Hwan Bae","NYM",13.6432,37.986,34.171,7.90045,5.84022,1.58081,0.107532,0.371882,4.29097,2.78075,3.23274,0.0713798,10.4485,0.244521,0.219872,0.117804,0.489828,2.556,0.483493,0.231203,0.0851036,0.275063,0.309397,0.300456,0.316408,0.27577,0.616864,0.0852045,6.41056,0.319407,-0.152961,0.25216,3.33842,-1.14991,74.1479,0.0991991,-0.163065,-1.061457447707653,-0.581781268119812,-0.03659,999,1.45183,1.88409,2.04538,1.45183,-1.88409,2.27283,31.3,2.235714285,31.3,2.235714285,,,,,,,,,,,,,,,,,,,"Ji Hwan Bae","23818",678225
"Alika Williams","PIT",18.7088,65.2525,59.6467,13.6296,10.1467,2.53479,0.18428,0.763858,5.91619,5.38937,3.53066,0.0329842,13.6759,0.587525,0.405311,1.0823,1.08551,0.722993,0.239227,0.228505,0.0541076,0.209584,0.258166,0.276574,0.3156,0.26222,0.592174,0.0870949,4.08022,0.282068,-0.0357912,-0.0473231,5.0169,-2.69319,63.3307,-0.0831143,0.137247,-2.91903106123209,0.37700530886650085,-0.037964,999,0.826442,-0.710038,1.90918,0.826442,0.710038,2.45443,53.4,2.810526315,53.4,2.810526315,,,,,,,,,,,,,,,,,,,"Alika Williams","27604",675961
"Billy Cook","PIT",6.98941,22.4064,20.6651,4.48749,3.43099,0.649419,0.0359153,0.371165,2.74756,2.47512,1.5322,0.0413862,6.23362,0.126367,0.0543716,0.0284054,0.173269,0.321395,0.10003,0.217153,0.0683821,0.278207,0.245796,0.274647,0.305938,0.258581,0.580585,0.0887848,4.71887,0.291634,0.0229028,-0.0100114,1.6565,-0.990994,60.8377,0.0128913,-0.199979,-1.0271136332303286,-0.09211751818656921,-0.0382407,999,2.79943,-0.499774,2.03403,2.79943,0.499774,2.28797,10.3,1.471428571,10.3,1.471428571,,,,,,,,,,,,,,,,,,,"Billy Cook","29573",695257
"Nicky Lopez","COL",11.2429,36.4338,33.061,8.22623,7.18763,0.898089,0.10676,0.0337522,3.46814,2.412,2.9041,0.0273483,5.44219,0.178687,0.0847695,0.2053,0.855416,0.430748,0.206646,0.24882,0.079709,0.149372,0.533628,0.312158,0.285506,0.271344,0.597664,0.0366857,3.59137,0.29608,0.0753331,-0.066097,3.0711,-1.23384,57.8118,0.00923604,0.0313171,-1.812518053688109,0.20481784269213676,-0.0404685,999,2.55548,-0.566025,2.04565,2.55548,0.566025,2.27246,23.7,2.154545454,23.7,2.154545454,,,,,,,,,,,,,,,,,,,"Nicky Lopez","19339",670032
"Nick Allen","HOU",41.8759,152.711,137.745,30.6049,23.7596,5.62605,0.0957243,1.12348,14.8376,10.8279,10.7608,0.0489897,31.3467,1.02425,1.03846,2.1424,2.50928,3.07804,1.18324,0.222185,0.0704652,0.205268,0.343284,0.281532,0.288887,0.256422,0.570419,0.0667023,3.93834,0.277306,0.08776,-0.103279,11.0222,-7.02176,61.7586,-0.0155187,0.259376,-6.898496691137552,1.2457315325737,-0.0405874,999,2.90278,-0.156154,1.60621,2.90278,0.156154,2.85839,101.3,2.411904761,101.3,2.411904761,,,,,,,,,,,,,,,,,,,"Nick Allen","22277",669397
"Jhostynxon Garcia","PIT",78.7391,272.986,249.572,57.4181,37.0487,11.4356,1.58786,7.34595,30.9167,28.6699,18.3852,0.180108,81.7777,2.81683,1.65825,0.554238,3.00534,4.38716,0.964992,0.230067,0.0673485,0.299567,0.224819,0.288586,0.376915,0.290592,0.665501,0.146848,5.25561,0.308885,-0.26206,0.0988868,27.2766,-4.97877,82.7662,-0.163173,-1.17736,-5.739067375659943,-3.742593288421631,-0.0408583,999,2.70222,-1.67911,1.00184,2.70222,1.67911,3.66421,246.1,3.115189873,246.1,3.115189873,,,,,,,,,,,,,,,,,,,"Jhostynxon Garcia","28142",691373
"Nick Morabito","NYM",8.76816,30.2503,27.7483,6.68578,5.61535,0.793429,0.0610908,0.215907,3.87385,3.13271,2.22662,0.0289598,7.67662,0.166664,0.0755648,0.0331094,0.511881,1.01291,0.254465,0.240944,0.0736067,0.25377,0.290052,0.30046,0.297283,0.269147,0.597744,0.0563397,5.53209,0.324608,0.0273148,0.045695,2.4959,-1.0784,69.5982,0.0730098,-0.00575606,-1.0139506310224533,-0.4116892572492361,-0.0411133,999,3.07237,-0.374819,2.03104,3.07237,0.374819,2.29195,22,2.444444444,22,2.444444444,,,,,,,,,,,,,,,,,,,"Nick Morabito","sa3020418",703492
"Drew Waters","KCR",17.2376,56.4817,51.6393,11.4507,7.66642,2.42836,0.426953,0.928992,5.86551,4.90826,3.84298,0.0156878,16.9565,0.666303,0.267674,0.0654802,0.719627,1.29359,0.395265,0.221744,0.0680394,0.300213,0.226637,0.282898,0.339276,0.274856,0.622173,0.117531,5.74725,0.309268,-0.00295289,0.0165738,4.92201,-1.75174,73.5199,0.0136209,0.0619494,-1.7540946984663606,-0.5606445632874966,-0.0412477,999,1.84842,2.24418,1.92353,1.84842,-2.24418,2.43529,41.7,2.452941176,41.7,2.452941176,,,,,,,,,,,,,,,,,,,"Drew Waters","20505",671221
"Andruw Monasterio","BOS",27.2994,92.9237,83.8494,19.8004,13.6883,4.00628,0.119051,1.98678,11.2093,9.21354,7.65953,0.0306306,22.0237,1.1082,0.248408,0.0581241,1.22723,1.88762,0.720685,0.236142,0.0824282,0.237009,0.347785,0.307629,0.357845,0.295217,0.665474,0.121703,4.3214,0.296462,0.0814761,-0.0656535,9.63382,-1.34583,83.7113,0.0158226,-2.38932,-1.768133234232664,-1.8476669192314148,-0.0427173,999,6.00057,-0.152895,1.77436,6.00057,0.152895,2.63419,86.4,3.2,86.4,3.2,,,,,,,,,,,,,,,,,,,"Andruw Monasterio","19455",655316
"Juan Yepez",,11.7559,39.3914,36.1742,8.42997,5.73579,1.8083,0.0583221,0.827558,3.50858,4.063,2.5055,0.0455419,6.80382,0.295968,0.329825,0.0858485,0.783123,0.138858,0.0680004,0.233038,0.0636053,0.172724,0.368249,0.285747,0.354882,0.280653,0.640629,0.121844,2.3681,0.263308,-0.0219563,-0.0561354,3.6181,-1.0363,77.8613,-0.0780917,0.0720108,-1.1116824597120285,-0.6516700237989426,-0.0463262,999,1.02928,-0.997375,1.99354,1.02928,0.997375,2.34194,33,2.75,33,2.75,,,,,,,,,,,,,,,,,,,"Juan Yepez","18400",660766
"Lenyn Sosa","CHW",102.697,416.865,392.396,96.7039,64.9789,17.1892,0.861465,13.6744,42.083,49.087,17.2239,0.460183,93.5056,2.74071,2.67801,1.8266,6.25296,2.21689,1.05683,0.246445,0.0413176,0.224307,0.184201,0.281103,0.399187,0.29344,0.68029,0.152742,3.00173,0.288403,-0.0171148,-0.547141,42.6169,-6.63892,86.286,-0.564256,-1.4002,-7.321091115474701,-7.247689247131348,-0.0470918,429.3299865722656,3.3501,0.966326,0.629096,3.3501,-0.966326,4.16121,398.8,3.87184466,398.8,3.87184466,,,,,,,,,,,,,,,,,,,"Lenyn Sosa","22896",672820
"Rafael Flores Jr.","PIT",22.9984,77.4157,71.0619,16.6013,10.953,3.45643,0.0525982,2.13932,7.96618,8.09425,5.85735,0.0876101,22.6787,0.263579,0.183394,0.0494764,1.04454,0.426726,0.0951442,0.233617,0.075661,0.292947,0.258276,0.293697,0.374052,0.292632,0.667749,0.140435,2.9019,0.311497,-0.0282394,-0.0657558,7.86357,-1.28369,84.1638,-0.0939952,-2.09744,-1.5470236465334892,-1.5059131979942322,-0.0488334,999,2.89296,-0.452574,1.82795,2.89296,0.452574,2.56273,69.7,3.030434782,69.7,3.030434782,,,,,,,,,,,,,,,,,,,"Rafael Flores Jr.","31991",804668
"Wade Meckler","LAA",11.6227,41.2256,36.8415,8.56069,7.13698,1.13631,0.0828634,0.204529,4.96876,4.01467,4.07589,0.0539141,9.41827,0.143626,0.10813,0.0564697,0.743147,0.288723,0.124367,0.232365,0.0988679,0.228457,0.432764,0.310432,0.284362,0.271267,0.594794,0.0519964,3.72309,0.305786,0.0424298,-0.0678019,3.47242,-1.39871,70.2312,-0.0253721,0.112392,-1.4718117397278547,-0.42569615691900253,-0.0489658,999,2.74829,-0.635871,1.96578,2.74829,0.635871,2.37896,28.3,2.358333333,28.3,2.358333333,,,,,,,,,,,,,,,,,,,"Wade Meckler","31490",685133
"Paul DeJong","NYY",20.6561,79.8699,73.2755,15.2228,9.42701,2.48239,0.0290977,3.28435,8.05503,9.27538,4.73729,0.000115468,25.2388,1.45972,0.359067,0.0382907,0.98552,0.640317,0.21329,0.207748,0.0593126,0.315998,0.187699,0.268313,0.376885,0.281767,0.645198,0.169137,2.95131,0.264644,-0.0793981,-0.0624263,7.40831,-2.02894,78.2675,-0.141824,-1.84378,-2.1933545917272568,-0.9937303066253662,-0.0495134,999,3.97588,-0.124241,1.74639,3.97588,0.124241,2.67148,64.9,3.09047619,64.9,3.09047619,,,,,,,,,,,,,,,,,,,"Paul DeJong","18015",657557
"Curtis Mead","CHW",26.2953,98.99,90.1165,21.5307,14.8165,4.4494,0.110476,2.15438,10.3157,9.68846,6.48684,0.120055,21.5097,2.02377,0.311456,0.0513715,1.75883,1.65874,0.366363,0.238921,0.0655303,0.217292,0.301577,0.303636,0.362467,0.294207,0.666103,0.123546,4.08469,0.290222,-0.0712445,0.0285098,10.1816,-1.51482,86.8132,-0.0427347,-2.32218,-1.5855530425906181,-2.264212291687727,-0.0511069,999,3.78445,-0.0127569,1.78577,3.78445,0.0127569,2.61897,91.4,3.515384615,91.4,3.515384615,,,,,,,,,,,,,,,,,,,"Curtis Mead","23986",678554
"Abimelec Ortiz","WSN",50.5039,202.007,182.402,40.6303,24.9896,8.20022,0.748856,6.69166,21.9117,23.4827,15.7033,0.276877,51.9463,1.9972,1.64993,0.25431,2.8344,0.963656,0.459421,0.222751,0.0777365,0.257151,0.302299,0.28912,0.385977,0.294064,0.675098,0.163226,3.56993,0.270612,-0.0178718,-0.275408,20.754,-3.11473,87.0486,-0.29328,0.19934,-3.394118219614029,-3.8436995148658752,-0.0528944,999,1.44915,-1.75888,1.19416,1.44915,1.75888,3.40779,198.2,3.886274509,198.2,3.886274509,,,,,,,,,,,,,,,,,,,"Abimelec Ortiz","sa3016926",694673
"Luke Williams","ATL",18.7716,30.7992,28.1574,5.78402,3.89371,1.24368,0.126003,0.52063,3.32844,2.55095,1.92853,0.0136722,8.82824,0.302447,0.304187,0.106646,0.561707,2.11985,0.301158,0.205417,0.0626162,0.286638,0.21845,0.261138,0.314006,0.254108,0.575144,0.108589,7.20724,0.275386,-0.221975,0.260299,2.16512,-1.47404,59.1861,0.0383236,-0.438776,-1.4515236616134644,-0.09927782416343689,-0.053827,999,0.747111,-0.745169,2.03668,0.747111,0.745169,2.28443,27.7,1.457894736,27.7,1.457894736,,,,,,,,,,,,,,,,,,,"Luke Williams","19931",663897
"Aaron Schunk","ATL",9.33462,26.2287,24.3629,5.39282,3.77216,1.10743,0.104624,0.408605,2.4334,2.34793,1.27942,0.0499951,6.63512,0.150945,0.132374,0.303046,0.419028,0.227852,0.0983793,0.221354,0.0487793,0.252972,0.192825,0.263183,0.325713,0.257865,0.588897,0.104359,4.14209,0.285604,0.00439078,-0.0287329,1.92383,-1.17529,61.7598,-0.0243421,-0.297923,-1.2130911462008953,-0.20155058056116104,-0.0554542,999,0.723836,0.182053,2.03931,0.723836,-0.182053,2.28092,9.9,1.1,9.9,1.1,,,,,,,,,,,,,,,,,,,"Aaron Schunk","25524",668845
"Gustavo Campero","LAA",9.74617,34.2398,31.1301,7.37053,4.91843,1.76725,0.0925634,0.592291,4.36633,3.67382,2.40107,0.0643549,6.91685,0.56576,0.0869804,0.0559334,0.559254,1.83982,0.247802,0.236766,0.070125,0.202012,0.347133,0.302404,0.356561,0.291046,0.658966,0.119796,6.64492,0.285906,-0.147731,0.214853,3.43385,-0.611844,83.8563,0.067122,-0.701702,-0.5843677222728729,-1.1529134511947632,-0.0571725,999,3.16754,-0.013771,2.02404,3.16754,0.013771,2.30129,36.2,3.62,36.2,3.62,,,,,,,,,,,,,,,,,,,"Gustavo Campero","22707",672569
"Will Wagner","SDP",33.0069,121.702,109.093,26.5614,18.9102,5.75757,0.0739052,1.81976,12.465,11.4489,10.5052,0.0792363,22.1111,0.996801,0.789111,0.318791,2.57158,1.00046,0.210743,0.243476,0.0863184,0.181682,0.475108,0.313579,0.34765,0.293877,0.661229,0.104175,3.04498,0.287858,-0.129547,-0.0864587,12.485,-1.89504,86.5862,-0.216005,-0.511939,-2.14547199010849,-2.5494003295898438,-0.0589254,999,3.66014,-0.0728848,1.71311,3.66014,0.0728848,2.71585,116.3,3.524242424,116.3,3.524242424,,,,,,,,,,,,,,,,,,,"Will Wagner","29634",695238
"DaShawn Keirsey Jr.","ATL",20.8377,38.3157,35.1676,7.57714,5.34079,1.37802,0.203965,0.654363,4.13527,3.11196,2.2632,0.0230637,10.8144,0.502136,0.188357,0.194379,0.473835,2.45133,0.426953,0.215458,0.0590671,0.282244,0.209277,0.271304,0.322062,0.262637,0.593367,0.106605,7.16459,0.28981,-0.181381,0.26206,2.95884,-1.56845,65.0288,0.0806789,0.074744,-1.5074356347322464,-0.34760721772909164,-0.0593689,999,1.26589,1.77992,2.02037,1.26589,-1.77992,2.30617,34.9,1.661904761,34.9,1.661904761,,,,,,,,,,,,,,,,,,,"DaShawn Keirsey Jr.","24496",680577
"Tim Elko","CHW",6.14822,20.7175,19.4785,4.40495,3.3629,0.537701,0.0130659,0.49128,2.35992,2.40382,1.09265,0.00898764,7.03735,0.0882157,0.0439295,0.0141779,0.338142,0.0770893,0.0149154,0.226144,0.0527406,0.339682,0.155265,0.269803,0.330756,0.26458,0.600559,0.104611,3.17817,0.326308,-0.00172532,-0.0206274,1.63255,-0.815383,66.461,-0.0223527,0.0244826,-0.843595402315259,-0.44991691783070564,-0.0606042,999,2.5735,-0.381902,2.04661,2.5735,0.381902,2.27118,9.3,1.55,9.3,1.55,,,,,,,,,,,,,,,,,,,"Tim Elko","31522",671284
"Charlie Condon","COL",51.5501,205.788,184.978,44.4982,28.7705,8.23007,0.950753,6.54696,22.9605,24.4555,15.8593,0.0138715,58.7306,3.56956,1.15197,0.229501,3.10853,1.23112,0.513487,0.240559,0.0770661,0.285393,0.270035,0.310992,0.401511,0.311713,0.712502,0.160951,3.71346,0.31403,0.0138424,-0.282163,24.0912,-0.224307,85.4654,-0.268321,0.587126,-3.813343644142151,-3.6556808948516846,-0.0636785,999,2.71007,-0.219466,1.27849,2.71007,0.219466,3.29534,215.2,4.138461538,215.2,4.138461538,,,,,,,,,,,,,,,,,,,"Charlie Condon","sa3025257",809707
"Tyler Wade","TEX",16.7714,49.9878,44.7875,9.5061,7.4712,1.76949,0.102366,0.163045,4.96629,3.22632,4.17436,0.0449733,12.537,0.238057,0.111095,0.676783,0.563555,1.8965,0.439377,0.212249,0.0835076,0.250802,0.332963,0.28226,0.26725,0.250267,0.54951,0.055001,5.37196,0.29017,-0.0699969,0.121213,3.35816,-2.54828,58.3486,0.0512164,-0.199979,-2.402734275907278,0.05883817374706268,-0.0637814,999,2.48175,-0.641213,1.97129,2.48175,0.641213,2.37161,32.6,1.917647058,32.6,1.917647058,,,,,,,,,,,,,,,,,,,"Tyler Wade","15730",642180
"Joey Meneses","ATH",16.2691,57.578,53.2986,13.0579,9.0063,2.77603,0.0376573,1.2379,5.4398,6.00945,3.17732,0.142734,11.3174,0.517947,0.526431,0.057673,1.32338,0.100792,0.0481538,0.244995,0.055183,0.196558,0.280747,0.291257,0.36817,0.287165,0.659426,0.123175,1.88901,0.286408,-0.0392023,-0.0824707,5.59297,-1.21031,81.9756,-0.121673,-0.174376,-1.3482709899544716,-1.232172429561615,-0.0646366,999,0.894657,-0.562611,1.9378,0.894657,0.562611,2.41627,49.9,3.11875,49.9,3.11875,,,,,,,,,,,,,,,,,,,"Joey Meneses","14366",608841
"Niko Kavadas","LAA",6.35784,20.6872,18.1557,3.38447,2.37785,0.488592,0.0178671,0.500168,2.47627,2.4644,2.29369,0.0311479,8.03285,0.178509,0.0490025,0.0103227,0.155421,0.0388243,0.0134312,0.186414,0.110875,0.388301,0.285539,0.283248,0.297941,0.264013,0.581188,0.111526,2.81058,0.298223,-0.008758,-0.0295483,1.62063,-0.82372,65.234,-0.0383063,0.028056,-0.8859799765050411,-0.46251816116273403,-0.0651198,999,2.40869,-0.457151,2.01657,2.40869,0.457151,2.31124,14.2,2.366666666,14.2,2.366666666,,,,,,,,,,,,,,,,,,,"Niko Kavadas","29782",694359
"Jorge Barrosa","ARI",46.8271,162.877,146.716,32.8403,22.1082,7.73803,0.750387,2.24361,17.0271,14.6065,12.3067,0.177385,38.2094,1.08619,1.46565,1.30246,2.19011,2.9354,1.0777,0.223836,0.0755584,0.234591,0.322086,0.286142,0.332684,0.273411,0.618826,0.108847,4.9188,0.284017,-0.04544,-0.0874539,14.0026,-5.24249,71.8965,-0.132894,0.861147,-5.558058679103851,-0.5608240365982056,-0.0716124,999,2.24497,0.913237,1.49957,2.24497,-0.913237,3.00057,127.4,2.710638297,127.4,2.710638297,,,,,,,,,,,,,,,,,,,"Jorge Barrosa","23968",678489
"Heston Kjerstad","BAL",9.44567,34.7562,32.1096,7.34505,4.77263,1.74577,0.0586075,0.768049,4.00483,3.98194,2.17941,0.0890861,9.35655,0.341184,0.105434,0.0205447,0.655775,0.112335,0.047596,0.228749,0.0627056,0.269205,0.232929,0.284021,0.358528,0.281312,0.642548,0.129778,3.25711,0.297731,0.0000350845,-0.0445838,3.21097,-0.895746,79.7736,-0.0445487,-0.596036,-0.8731078431010246,-1.0333355367183685,-0.0726615,999,4.00259,0.913367,1.98188,4.00259,-0.913367,2.3575,28.4,3.155555555,28.4,3.155555555,,,,,,,,,,,,,,,,,,,"Heston Kjerstad","31166",677008
"Braden Montgomery","CHW",32.8877,128.879,116.873,26.1738,16.919,5.88649,0.570107,2.79823,12.6966,11.9301,9.49696,0.32437,37.365,1.4624,0.883093,0.163614,1.97021,1.89073,0.562687,0.223951,0.0736891,0.289923,0.254167,0.288491,0.355902,0.282748,0.644393,0.13195,4.54871,0.30126,-0.0487769,-0.0341861,12.0568,-3.17125,78.9415,-0.082963,-0.638976,-3.2906651198863983,-1.8570390343666077,-0.0804062,999,2.52624,-0.689185,1.63271,2.52624,0.689185,2.82305,110.9,3.36060606,110.9,3.36060606,,,,,,,,,,,,,,,,,,,"Braden Montgomery","sa3038253",695731
"Nelson Rada","LAA",26.4443,106.324,93.5634,22.1998,17.6158,3.47424,0.211105,0.898665,11.4944,7.4428,9.1772,0.12096,24.6704,1.51293,0.872862,1.19779,1.92216,5.02503,1.32943,0.23727,0.0863134,0.23203,0.371993,0.312861,0.30773,0.280121,0.620591,0.0704596,5.44523,0.309307,-0.113258,0.274515,9.72001,-2.84301,76.3307,0.161258,-0.971953,-2.804866775870323,-1.6521041989326477,-0.0815905,999,2.05228,-0.0718936,1.86774,2.05228,0.0718936,2.50968,87,3.346153846,87,3.346153846,,,,,,,,,,,,,,,,,,,"Nelson Rada","sa3018421",703185
"Adrian Del Castillo","ARI",65.8101,247.211,223.694,51.662,31.251,11.5853,0.938426,7.88732,26.1715,29.2536,19.819,0.503008,70.8973,1.83027,1.70721,0.160777,3.22098,0.972988,0.285967,0.23095,0.0801703,0.286788,0.279545,0.296746,0.396909,0.301424,0.693655,0.165959,3.39865,0.298566,-0.118371,-0.26842,26.8753,-2.33459,91.0857,-0.386791,-1.45502,-2.9986404180526733,-6.126726269721985,-0.0921413,999,4.26701,0.481197,1.05045,4.26701,-0.481197,3.59941,250.8,3.8,250.8,3.8,,,,,,,,,,,,,,,,,,,"Adrian Del Castillo","29554",680728
"Yanquiel Fernández","NYY",15.1519,51.752,48.1445,10.9286,8.26642,1.51685,0.0446859,1.10064,6.08505,6.21879,3.24878,0.159959,12.374,0.159792,0.164158,0.0347421,0.943138,0.157468,0.0426121,0.226996,0.0627759,0.239101,0.26255,0.277222,0.328941,0.266846,0.606164,0.101946,3.06701,0.282136,-0.0488486,-0.0619753,4.17329,-1.9416,68.0177,-0.110824,0.0729065,-2.0670651122927666,-0.628571130335331,-0.0965959,999,3.4739,-0.321214,1.89076,3.4739,0.321214,2.47899,37.8,2.52,37.8,2.52,,,,,,,,,,,,,,,,,,,"Yanquiel Fernandez","28552",692585
"Ethan Murray","MIL",6.4511,27.0662,24.5695,4.76706,3.55272,0.917935,0.00488798,0.291517,2.68763,2.29167,2.39105,0,7.97705,0.0413029,0.0488415,0.0154788,0,0.71414,0.0640305,0.194023,0.0883407,0.294724,0.299741,0.266145,0.267377,0.242841,0.533522,0.0733536,4.73082,0.273737,-0.0869588,0.077095,1.65511,-1.54296,52.6937,-0.00986379,-0.470224,-1.5274028163403273,-0.3308480232954025,-0.0979901,999,2.50749,0.91073,2.0191,2.50749,-0.91073,2.30786,13.8,2.3,13.8,2.3,,,,,,,,,,,,,,,,,,,"Ethan Murray","sa3017051",696140
"James Triantos","CHC",7.17159,23.8672,22.3498,5.60769,4.54631,0.834176,0.0381297,0.189075,2.79722,2.6089,1.32076,0.02802,3.83208,0.0997256,0.0714492,0.0254829,0.403552,0.727863,0.164689,0.250906,0.0553378,0.160559,0.344658,0.294785,0.317021,0.271592,0.611807,0.0661153,5.05415,0.294489,0.00434036,0.0389238,2.01662,-0.803475,71.2776,0.0432642,-1.13658,-0.7669613845646381,-1.0259036794304848,-0.100788,999,3.56336,-0.336947,2.06537,3.56336,0.336947,2.24617,19.4,2.771428571,19.4,2.771428571,,,,,,,,,,,,,,,,,,,"James Triantos","sa3017295",701649
"George Valera","CLE",92.737,358.07,318.962,70.7095,45.5557,13.1713,0.975679,11.0068,40.1638,37.7341,34.6528,0.28691,99.0816,2.03888,1.87549,0.541599,6.11177,2.33071,0.776485,0.221686,0.0967766,0.27671,0.34974,0.300399,0.372623,0.296425,0.673022,0.150937,3.58785,0.283289,-0.112186,-0.392918,37.4742,-4.8346,89.9247,-0.505103,0.10555,-4.757174849510193,-8.559274412691593,-0.10152,999,3.27907,1.06824,0.537618,3.27907,-1.06824,4.28318,337.4,3.627956989,337.4,3.627956989,,,,,,,,,,,,,,,,,,,"George Valera","22541",671655
"Nelson Velázquez","STL",6.67955,21.5825,19.4644,4.38142,2.71868,0.833418,0.0510316,0.778296,2.41103,2.49396,1.77019,0.0576307,5.68285,0.150581,0.173275,0.023998,0.349928,0.192843,0.0895408,0.225099,0.0820198,0.263309,0.311497,0.29233,0.393117,0.29775,0.685447,0.168018,3.735,0.27345,0.0375453,-0.0283477,2.28195,-0.268182,89.2473,0.00919769,-1.61456,-0.2650894783437252,-1.4876797497272491,-0.104597,999,3.12155,0.141841,2.0463,3.12155,-0.141841,2.2716,21.7,3.1,21.7,3.1,,,,,,,,,,,,,,,,,,,"Nelson Velazquez","23359",676369
"Michael Toglia","CIN",19.3651,71.0681,63.8571,13.091,7.64327,2.51287,0.146917,2.78793,7.32601,8.1923,6.35266,0.281105,24.9654,0.36011,0.455667,0.042624,1.02375,0.687422,0.197839,0.205005,0.0893884,0.351289,0.254458,0.278826,0.379934,0.286409,0.65876,0.17493,3.76731,0.281817,-0.038627,-0.036452,6.85974,-1.53751,76.9043,-0.075079,-0.0985866,-2.020443320274353,-1.4042179584503174,-0.108472,999,2.76798,3.63867,1.785,2.76798,-3.63867,2.62,65.6,3.452631578,65.6,3.452631578,,,,,,,,,,,,,,,,,,,"Michael Toglia","25845",669911
"Junior Perez","ATH",11.2656,43.5198,39.1672,8.05061,4.75732,1.98046,0.0507984,1.26203,4.93941,4.45772,4.01393,0.0407206,14.8412,0.103173,0.111581,0.123974,0.406469,1.4069,0.227483,0.205545,0.0922321,0.341022,0.270458,0.280389,0.355368,0.280266,0.635757,0.149823,5.08609,0.292921,-0.0694949,0.129905,3.98363,-1.15857,77.2363,0.0604101,-1.29597,-1.1104745157063007,-1.4698192775249481,-0.1133,999,3.26565,-0.221605,1.94278,3.26565,0.221605,2.40963,34.9,3.172727272,34.9,3.172727272,,,,,,,,,,,,,,,,,,,"Junior Perez","sa3005744",678577
"Matt Mervis","WSN",11.5226,41.849,38.5932,7.86431,5.03524,1.45706,0.0281673,1.34385,4.25717,4.85562,2.83841,0.0848184,13.061,0.267146,0.132581,0.0176644,0.43654,0.0919073,0.0556915,0.203775,0.0678251,0.312098,0.21732,0.262241,0.347451,0.267013,0.609692,0.143677,2.4277,0.268101,-0.017005,-0.0576081,3.38039,-1.56439,67.1567,-0.0746131,0.078454,-1.7036325186491013,-0.8106380701065063,-0.114789,999,2.02256,-0.634725,1.92262,2.02256,0.634725,2.4365,27.1,2.258333333,27.1,2.258333333,,,,,,,,,,,,,,,,,,,"Matt Mervis","27845",670223
"Justin Foscue","TEX",15.2564,52.9065,47.5869,10.3365,6.56459,2.40444,0.038554,1.32896,5.69282,5.76864,4.31384,0.0154215,10.848,0.835281,0.131154,0.0393189,0.574705,0.288426,0.131921,0.217214,0.0815371,0.205042,0.397661,0.292917,0.353143,0.286597,0.64606,0.135929,3.03906,0.253442,0.0198064,-0.073567,5.11478,-1.13653,83.3749,-0.0537606,-0.688562,-1.0904435403645039,-1.8657528162002563,-0.116149,999,2.26402,-0.0844979,1.89115,2.26402,0.0844979,2.47847,38.2,2.546666666,38.2,2.546666666,,,,,,,,,,,,,,,,,,,"Justin Foscue","27501",679822
"Zach Dezenzo","HOU",22.8468,87.1651,79.2535,18.0149,11.5931,3.84186,0.0490417,2.53098,10.0552,9.34568,6.58539,0.0177875,26.1336,0.622851,0.648657,0.0547078,1.44964,1.03223,0.226754,0.227308,0.0755507,0.299817,0.25199,0.289554,0.372826,0.290094,0.66238,0.145519,3.67093,0.302199,-0.0249767,-0.0104161,8.6743,-1.62493,84.9543,-0.0353928,-1.46549,-1.5811056718230247,-2.573583483695984,-0.118131,999,2.51041,-0.753068,1.75528,2.51041,0.753068,2.65962,87.5,3.804347826,87.5,3.804347826,,,,,,,,,,,,,,,,,,,"Zach Dezenzo","31562",701305
"Sebastian Walcott","TEX",20.1452,81.4164,73.6938,16.7842,11.6623,3.44569,0.141446,1.53474,8.7243,7.44199,6.92788,0.0859777,19.4479,0.514068,0.20325,0.0773671,1.14072,2.58279,0.689509,0.227755,0.085092,0.23887,0.356227,0.297841,0.340829,0.28378,0.63867,0.113073,4.94025,0.288191,-0.0830507,0.108641,7.68483,-1.93514,81.4347,0.02559,-2.98856,-1.7559084817767143,-2.2254846692085266,-0.120644,999,3.19502,-0.354991,1.84834,3.19502,0.354991,2.53555,75.6,3.78,75.6,3.78,,,,,,,,,,,,,,,,,,,"Sebastian Walcott","sa3021069",806964
"Bryce Eldridge","SFG",101.865,405.057,361.999,84.3273,51.596,17.0942,0.389754,15.2474,42.2739,51.1161,35.1829,3.07446,122.187,2.87114,4.51623,0.487547,4.57945,1.90536,0.569664,0.232949,0.0868591,0.301653,0.287943,0.302498,0.408683,0.306076,0.711181,0.175735,2.5776,0.301552,-0.0975618,-0.423758,45.5655,-2.29514,94.9666,-0.52132,-1.54852,-2.931029796600342,-11.962933897972107,-0.121249,999,2.67592,0.262593,0.530027,2.67592,-0.262593,4.2933,413.7,4.055882352,413.7,4.055882352,,,,,,,,,,,,,,,,,,,"Bryce Eldridge","33390",805811
"Eric Wagaman","MIN",30.0865,118.612,109.616,26.8347,17.6342,6.12643,0.102091,2.97194,12.9393,12.6406,7.47192,0.0459539,23.9991,0.510264,0.956945,0.0570461,1.95302,1.15331,0.26402,0.244806,0.0629945,0.202332,0.311342,0.293676,0.383895,0.294919,0.677571,0.139089,3.5789,0.285432,-0.133323,-0.046267,12.2684,-1.74657,86.9443,-0.17959,-1.36319,-2.00475612282753,-3.278415083885193,-0.12285,999,3.12359,-0.0422012,1.69524,3.12359,0.0422012,2.73968,112.7,3.756666666,112.7,3.756666666,,,,,,,,,,,,,,,,,,,"Eric Wagaman","23395",676572
"Shay Whitcomb","HOU",10.9438,33.997,31.3921,6.78348,4.36402,1.2881,0.0125474,1.1188,3.9852,3.99919,2.36488,0.0630295,10.1712,0.144185,0.0765387,0.0193191,0.386835,0.367812,0.135701,0.216089,0.0695613,0.29918,0.232506,0.273489,0.36484,0.278894,0.638329,0.148751,3.57037,0.280727,0.0310032,-0.0269675,3.07409,-0.942917,77.239,0.00403573,-1.63503,-0.9079850162379444,-1.4661472588777542,-0.123185,999,3.39766,-0.453562,1.97325,3.39766,0.453562,2.369,26.5,2.409090909,26.5,2.409090909,,,,,,,,,,,,,,,,,,,"Shay Whitcomb","27789",694376
"Brice Matthews","HOU",14.264,54.943,48.4103,10.2366,6.80585,1.73346,0.0558978,1.64136,6.35887,5.67612,4.83954,0.00573438,18.4704,0.968754,0.123493,0.60089,0.476667,2.39146,0.698053,0.211454,0.0880829,0.336174,0.262016,0.295257,0.351287,0.288032,0.646544,0.139833,5.23265,0.302413,0.0131318,0.109191,5.37569,-1.11625,83.5335,0.122323,-2.42582,-0.9439927935600281,-2.205696940422058,-0.128775,999,3.22519,-0.367574,1.91257,3.22519,0.367574,2.44991,51.6,3.685714285,51.6,3.685714285,,,,,,,,,,,,,,,,,,,"Brice Matthews","33280",694728
"Jarred Kelenic","CHW",27.8643,101.922,93.2324,20.0135,12.8094,4.44104,0.170566,2.5925,10.8512,9.45502,7.9986,0.223105,30.5635,0.304823,0.289948,0.0957422,1.1984,1.71062,0.918183,0.214663,0.078478,0.299873,0.261704,0.278092,0.349376,0.275701,0.627468,0.134713,4.08269,0.288588,0.180233,-0.171795,8.95174,-3.09107,74.1006,0.00843833,-0.116029,-3.111465945839882,-1.597156010568142,-0.128828,999,3.26382,0.513543,1.69651,3.26382,-0.513543,2.73798,83.8,2.992857142,83.8,2.992857142,,,,,,,,,,,,,,,,,,,"Jarred Kelenic","22558",672284
"Warming Bernabel","WSN",30.6933,107.675,101.446,26.8408,18.6664,5.65792,0.288622,2.2279,11.217,11.4003,4.64061,0.102899,17.1718,0.787819,0.701109,0.099719,1.90067,1.12474,0.345078,0.264581,0.0430981,0.159477,0.270246,0.299967,0.391928,0.300148,0.691896,0.127347,3.74283,0.297445,-0.0363722,-0.0747548,11.5943,-1.12838,77.5432,-0.111127,0.0842367,-2.9770170971751213,-1.893928475677967,-0.131835,999,2.34476,-1.08774,1.82824,2.34476,1.08774,2.56235,106.3,3.429032258,106.3,3.429032258,,,,,,,,,,,,,,,,,,,"Warming Bernabel","26536",682653
"Jerar Encarnacion","SFG",37.8631,143.119,131.208,29.3206,19.2811,5.12107,0.126003,4.79241,15.4112,17.3403,9.68266,0.130218,43.9495,1.10656,1.03811,0.0831446,2.71506,1.57676,0.291898,0.223466,0.0676547,0.307084,0.220313,0.280419,0.373993,0.285457,0.654411,0.150526,3.71137,0.293735,-0.227104,-0.00183994,13.7037,-3.20689,80.8022,-0.228944,0.321673,-3.476315915584564,-2.745938330888748,-0.141038,999,2.61169,-0.108472,1.48048,2.61169,0.108472,3.02602,129.7,3.413157894,129.7,3.413157894,,,,,,,,,,,,,,,,,,,"Jerar Encarnacion","21871",666464
"Adam Frazier",,73.714,285.662,259.788,60.6235,44.0453,11.3695,1.1452,4.06351,28.8632,25.5702,18.593,0.765951,52.5063,3.91941,1.85485,1.50619,4.02497,4.51349,1.88781,0.233357,0.0650875,0.183806,0.35411,0.292572,0.332863,0.276479,0.625435,0.099506,4.38123,0.275804,-0.022293,-0.304727,25.27,-8.48313,74.6349,-0.32702,-1.37071,-8.890949219465256,-2.1694275736808777,-0.142456,999,2.19239,1.27549,1.11781,2.19239,-1.27549,3.50959,229.7,3.104054054,229.7,3.104054054,,,,,,,,,,,,,,,,,,,"Adam Frazier","15223",624428
"Grant McCray","SFG",19.1808,59.3719,53.9082,11.3319,7.45147,2.30674,0.196208,1.37749,6.7141,5.6168,4.32645,0.0151576,18.9613,0.17704,0.353913,0.606279,0.966568,1.78236,0.281478,0.210207,0.0728704,0.319365,0.228173,0.269467,0.336934,0.267054,0.606401,0.126727,5.97705,0.293439,-0.0660248,0.16238,4.79778,-2.21747,68.1604,0.0963547,-0.970151,-2.137908674776554,-1.2661516964435577,-0.142691,999,2.75527,-0.447914,1.88179,2.75527,0.447914,2.49095,38.6,2.031578947,38.6,2.031578947,,,,,,,,,,,,,,,,,,,"Grant McCray","25690",687529
"Blaine Crim","COL",47.9646,186.697,167.452,41.4922,26.4714,8.60101,0.640397,5.7794,21.5796,22.3688,15.0165,0.802017,44.2205,2.02022,2.12057,0.0878039,2.61059,1.07328,0.427784,0.247786,0.0804324,0.236857,0.339581,0.313645,0.41034,0.313251,0.723985,0.162554,3.47814,0.298671,-0.0874664,-0.242461,22.0894,0.0296997,86.5193,-0.329928,-0.488502,-3.3128698468208313,-4.303350806236267,-0.143726,999,1.78634,0.2607,1.38688,1.78634,-0.2607,3.15083,203.7,4.24375,203.7,4.24375,,,,,,,,,,,,,,,,,,,"Blaine Crim","25714",688760
"Dylan Carlson","CHC",23.0263,83.0076,73.825,16.4769,11.4922,3.59044,0.140076,1.25417,8.3241,8.03787,8.25204,0.0591394,19.5156,0.550475,0.316601,0.0635291,1.16091,0.610704,0.250308,0.223189,0.0994131,0.235106,0.422843,0.304777,0.326583,0.283234,0.63136,0.103394,3.30657,0.285221,0.075014,-0.113953,7.79823,-2.00975,79.2755,-0.0389393,-1.14713,-2.072173450142145,-2.213167190551758,-0.151014,999,4.48345,-0.16963,1.79248,4.48345,0.16963,2.61002,65.5,2.847826086,65.5,2.847826086,,,,,,,,,,,,,,,,,,,"Dylan Carlson","20126",666185
"Nick Castellanos","PHI",74.0234,301.555,278.829,69.8473,45.4815,13.7883,1.14688,9.43052,34.9126,37.5032,17.3759,0.224664,69.6784,2.70546,2.51377,0.130894,5.15092,2.43319,0.513894,0.250502,0.057621,0.231064,0.249373,0.298346,0.409646,0.306242,0.707992,0.159143,3.99342,0.298747,-0.501548,-0.155151,33.963,-1.66802,93.7604,-0.656699,-5.09952,-2.886748731136322,-8.702271699905396,-0.159221,692.9500122070312,5.41711,0.93849,0.948014,5.41711,-0.93849,3.73598,304.9,4.12027027,304.9,4.12027027,,,,,,,,,,,,,,,,,,,"Nick Castellanos","11737",592206
"Kris Bryant","COL",22.8037,91.307,81.3939,19.3129,13.2056,3.72497,0.0939212,2.28837,9.86303,9.27213,7.538,0.0114119,23.1838,1.76762,0.56421,0.0432733,1.6795,0.254212,0.0802546,0.237277,0.0825566,0.25391,0.325141,0.31358,0.369694,0.302552,0.683274,0.132417,2.54479,0.301394,-0.0453668,-0.13056,10.01,-0.778659,79.1897,-0.175927,0.00551854,-2.4279669374227524,-2.1871467996388674,-0.161378,999,3.06724,-1.23067,1.77323,3.06724,1.23067,2.6357,85.8,3.730434782,85.8,3.730434782,,,,,,,,,,,,,,,,,,,"Kris Bryant","15429",592178
"Orelvis Martinez","WSN",24.7109,97.5783,88.1766,17.7709,10.6108,3.9909,0.120635,3.04856,9.53892,10.9193,7.32756,0.200702,27.1586,1.17622,0.830633,0.0673567,0.981507,0.34428,0.093672,0.201538,0.0750941,0.278326,0.269806,0.269453,0.353254,0.272729,0.622708,0.151717,2.66224,0.25038,-0.00105939,-0.0943675,8.33479,-3.19484,73.02,-0.0954269,-1.54998,-3.198328085243702,-1.8223620355129242,-0.170064,999,3.44005,-0.168959,1.64051,3.44005,0.168959,2.81266,76.6,3.064,76.6,3.064,,,,,,,,,,,,,,,,,,,"Orelvis Martinez","25967",682619
"Tyler Black","MIL",10.2475,33.3247,29.2727,6.33851,4.33171,1.23514,0.0862982,0.685363,3.54111,3.1902,3.74973,0.052381,8.1286,0.209047,0.0722585,0.0209335,0.337912,1.1603,0.299342,0.216533,0.112521,0.243922,0.461301,0.309193,0.334863,0.288993,0.644056,0.11833,5.13034,0.275347,-0.0165563,0.0550894,3.28652,-0.651048,84.3089,0.0385331,-2.08314,-0.5812108926475048,-2.2412794083356857,-0.17534,999,2.87402,-0.253575,2.01268,2.87402,0.253575,2.31643,30.8,3.08,30.8,3.08,,,,,,,,,,,,,,,,,,,"Tyler Black","29949",672012
"Matt Koperniak","STL",10.8293,40.2395,37.3512,8.60153,6.44813,1.63224,0.0440764,0.477096,3.87992,3.73259,2.55376,0.0364199,8.65233,0.153703,0.111411,0.0694556,0.790826,0.209311,0.116606,0.230288,0.0634641,0.215021,0.295153,0.281528,0.314668,0.264788,0.596196,0.0843796,2.87684,0.286747,0.015133,-0.0660917,3.17768,-1.57693,66.6038,-0.0509587,-1.16749,-1.6392662413418293,-1.446020931005478,-0.176326,999,3.13537,-0.527589,1.98685,3.13537,0.527589,2.35087,28.2,2.563636363,28.2,2.563636363,,,,,,,,,,,,,,,,,,,"Matt Koperniak","sa3014834",689288
"Rowdy Tellez",,80.2136,304.038,275.35,61.6045,38.0601,10.7079,0.139044,12.6974,31.5274,40.3976,23.3213,0.962356,74.0473,2.46855,2.7752,0.12277,5.61876,1.01833,0.21766,0.223732,0.0767054,0.243547,0.314952,0.287562,0.401971,0.298145,0.689533,0.178239,2.16481,0.255549,-0.387393,-0.300633,32.2439,-3.68052,89.5184,-0.688026,-0.410882,-4.454544484615326,-7.631752640008926,-0.183789,999,1.29318,0.201631,0.787128,1.29318,-0.201631,3.9505,303.2,3.79,303.2,3.79,,,,,,,,,,,,,,,,,,,"Rowdy Tellez","15679",642133
"Justin Turner",,56.3332,203.783,181.298,43.3439,29.9072,8.70534,0.136145,4.59519,20.7638,21.2943,16.7902,0.120829,39.3242,3.04576,2.52869,0.12009,3.28108,1.1498,0.453621,0.239075,0.0823925,0.192971,0.426967,0.310218,0.364632,0.297694,0.674851,0.125557,2.58021,0.27696,-0.654631,-0.283396,21.537,-2.54146,89.2087,-0.938027,0.163979,-3.5371336340904236,-5.176246300339699,-0.18585,999,1.01483,0.626308,1.35269,1.01483,-0.626308,3.19641,194.8,3.478571428,194.8,3.478571428,,,,,,,,,,,,,,,,,,,"Justin Turner","5235",457759
"Griffin Conine","MIA",84.801,346.656,310.46,67.5028,42.98,13.0514,0.985154,10.4862,37.1237,40,31.2914,0.372148,109.586,3.00255,1.72979,0.172497,4.65797,1.41202,0.537652,0.217428,0.0902663,0.316123,0.285541,0.293799,0.367142,0.291061,0.660941,0.149714,3.21263,0.29678,-0.261081,-0.445454,34.7699,-6.19025,83.6303,-0.706535,0.101489,-7.432165801525116,-5.918336972594261,-0.185918,999,2.58735,0.570719,0.530703,2.58735,-0.570719,4.2924,309.3,3.638823529,309.3,3.638823529,,,,,,,,,,,,,,,,,,,"Griffin Conine","21626",665052
"Jeimer Candelario","LAA",20.3538,80.6374,73.8508,15.1816,8.73984,3.53276,0.114132,2.79484,7.77014,8.20197,5.87826,0.0526171,22.8913,0.469561,0.403951,0.0347745,1.13687,0.327992,0.167084,0.205571,0.0728974,0.283879,0.25679,0.267105,0.370031,0.277807,0.637137,0.16446,2.78089,0.255035,-0.0168861,-0.102082,7.22026,-2.30766,74.7368,-0.118968,-1.13496,-2.519999675452709,-2.0772637128829956,-0.186399,999,4.39551,0.0562005,1.7526,4.39551,-0.0562005,2.6632,67.8,3.39,67.8,3.39,,,,,,,,,,,,,,,,,,,"Jeimer Candelario","13621",600869
"Luis Matos","SFG",39.0747,151.112,139.357,33.7107,21.8174,7.01789,0.205347,4.67004,17.2698,17.2013,8.67451,0.207026,22.1365,1.44375,1.41974,0.216947,2.55464,2.93043,0.50681,0.241902,0.0574047,0.146491,0.391865,0.290461,0.395743,0.297142,0.686203,0.153841,4.45615,0.25481,-0.151939,0.169075,15.9027,-1.9523,88.8296,0.017136,-3.56769,-1.977911252528429,-4.9747008085250854,-0.188086,999,4.89473,0.527736,1.55484,4.89473,-0.527736,2.92687,151.6,3.887179487,151.6,3.887179487,,,,,,,,,,,,,,,,,,,"Luis Matos","26467",682641
"Wilmer Flores",,62.6888,240.783,216.511,49.7389,33.4524,8.65861,0.154677,7.47324,24.6521,28.2544,18.9713,0.165376,43.8125,3.10043,2.09679,0.103932,4.19661,0.494171,0.126985,0.229729,0.0787901,0.181958,0.433012,0.298366,0.3747,0.295505,0.673066,0.144971,1.99221,0.252601,-0.641955,-0.318629,25.0194,-3.43098,87.7046,-0.960584,0.138402,-4.459667980670929,-5.527912586927414,-0.188095,999,3.64759,1.15339,1.08283,3.64759,-1.15339,3.55622,220.9,3.506349206,220.9,3.506349206,,,,,,,,,,,,,,,,,,,"Wilmer Flores","5827",527038
"Jose Miranda","SDP",18.7197,70.905,65.6431,14.9493,10.5642,2.76553,0.0725147,1.54702,6.73689,7.28094,3.95582,0.0665239,13.9847,1.05282,0.213565,0.0396226,1.31765,0.120654,0.0810181,0.227736,0.0557905,0.197232,0.282868,0.281632,0.342776,0.275439,0.624408,0.115041,2.22375,0.266314,0.0634148,-0.111415,6.2125,-2.16547,73.5257,-0.0480004,-1.35474,-2.2604537159204483,-2.1491726636886597,-0.201473,999,3.30861,-0.199492,1.84688,3.30861,0.199492,2.53749,60.5,3.184210526,60.5,3.184210526,,,,,,,,,,,,,,,,,,,"Jose Miranda","20538",669304
"Deyvison De Los Santos","MIA",27.5439,110.436,102.571,23.983,16.5932,4.11607,0.120466,3.15325,11.3245,12.2671,6.16005,0.415485,27.8112,0.908184,0.688222,0.109209,2.02471,1.43603,0.49379,0.233819,0.0557792,0.25183,0.221496,0.281447,0.368524,0.282395,0.649971,0.134705,3.64629,0.288124,0.0150743,-0.0684725,10.2998,-2.74911,77.6937,-0.0533983,-0.433182,-2.973067443817854,-2.7178782522678375,-0.206333,999,2.43564,0.131309,1.699,2.43564,-0.131309,2.73467,94.1,3.360714285,94.1,3.360714285,,,,,,,,,,,,,,,,,,,"Deyvison De Los Santos","sa3015168",691277
"Zac Veen","COL",31.4705,116.153,105.705,25.029,16.2421,5.11005,0.78369,2.89315,13.124,11.6145,8.27271,0.146851,29.319,1.02007,0.823255,0.332244,1.41586,3.42404,0.985663,0.236781,0.0712222,0.252416,0.282162,0.296334,0.382061,0.295843,0.678395,0.14528,5.96599,0.297859,0.00124219,0.113558,12.1012,-1.62323,74.5939,0.1148,-1.07178,-3.382750168442726,-2.5287522077560425,-0.209439,999,1.96395,-0.208588,1.72347,1.96395,0.208588,2.70204,112.3,3.622580645,112.3,3.622580645,,,,,,,,,,,,,,,,,,,"Zac Veen","27770",691728
"Matthew Lugo","LAA",24.834,86.6639,80.9674,17.8071,11.0607,3.84056,0.593147,2.31271,9.33854,8.95326,4.50729,0.0488321,26.5303,0.895459,0.199671,0.0940856,1.3284,1.68408,0.583337,0.219929,0.0520089,0.306129,0.169892,0.268105,0.367704,0.276806,0.63581,0.147775,5.6626,0.296124,-0.0307297,-0.0104336,7.68942,-2.55059,74.047,-0.0411633,-1.25971,-2.6920953318476677,-2.4094284772872925,-0.216769,999,2.20048,-0.315908,1.76532,2.20048,0.315908,2.64624,74.9,2.996,74.9,2.996,,,,,,,,,,,,,,,,,,,"Matthew Lugo","25980",683090
"Troy Johnston","COL",63.5301,240.149,218.815,54.8147,36.4513,11.1037,1.48252,5.77724,27.4231,26.3621,15.8508,0.421481,50.7178,3.88395,1.41632,0.183023,3.31821,6.48488,1.89123,0.250508,0.066004,0.211193,0.312529,0.310667,0.39401,0.3075,0.704678,0.143503,5.57704,0.299492,-0.0818462,0.154348,27.2923,-1.08314,82.5795,0.0725017,-0.192849,-4.8858112916350365,-5.346250280737877,-0.229411,999,2.90981,-1.86434,1.33576,2.90981,1.86434,3.21898,248.8,3.8875,248.8,3.8875,,,,,,,,,,,,,,,,,,,"Troy Johnston","26143",687859
"Sebastián Rivero","LAA",7.91489,23.8522,22.6916,4.5512,3.56456,0.696684,0.0139296,0.276023,2.59924,2.57537,0.916153,0.00394403,5.70121,0.106647,0.0655187,0.0723294,0.285956,0.113005,0.0361645,0.200568,0.0384095,0.239022,0.160694,0.2344,0.26899,0.223328,0.50339,0.0684224,3.54054,0.25478,-0.0121266,-0.0224672,1.08069,-1.73764,37.2078,-0.0345938,-2.32092,-1.7998474314808846,-1.7102035284042358,-0.275128,999,2.48238,-0.634456,2.01426,2.48238,0.634456,2.31432,10.9,1.3625,10.9,1.3625,,,,,,,,,,,,,,,,,,,"Sebastian Rivero","21735",665861
"Bryce Johnson","SDP",61.6739,186.108,165.007,36.6418,26.8095,6.98177,0.773425,2.07713,19.6518,14.0977,14.2593,0.0861594,49.4995,2.55591,0.959272,3.32654,2.50849,6.20857,1.64119,0.222062,0.0766185,0.265972,0.28807,0.292464,0.311513,0.270951,0.603977,0.0894507,5.74822,0.302166,-0.0447149,0.282193,15.6281,-6.36199,70.8377,0.237478,-1.09574,-6.177154019474983,-2.8230060338974,-0.276393,999,2.0473,-0.674742,1.52211,2.0473,0.674742,2.97052,143.8,2.319354838,143.8,2.319354838,,,,,,,,,,,,,,,,,,,"Bryce Johnson","20002",669369
"Riley Adams","WSN",26.7597,98.9534,89.7923,19.1117,12.4529,3.57825,0.0996552,2.98084,9.56747,10.1843,6.83495,0.0893503,32.5602,1.90848,0.307421,0.110301,1.76605,0.345998,0.10696,0.212843,0.0690724,0.329045,0.209918,0.281811,0.354504,0.280923,0.636316,0.141661,2.58009,0.29566,-0.00124921,-0.113944,9.11063,-2.58148,78.0468,-0.115193,-2.90557,-2.6898665130138397,-3.59383887052536,-0.306068,999,4.13761,0.210096,1.68334,4.13761,-0.210096,2.75555,83.2,3.081481481,83.2,3.081481481,,,,,,,,,,,,,,,,,,,"Riley Adams","19864",656180
"John Rave","KCR",38.5379,133.768,119.273,25.9668,16.9679,5.22604,0.832226,2.94068,15.0208,12.16,11.7059,0.161929,35.007,0.692348,0.890759,1.20563,1.70073,3.6869,0.874589,0.217709,0.0875089,0.2617,0.334386,0.289412,0.349445,0.28178,0.638856,0.131736,5.78066,0.280068,-0.116238,0.186425,12.409,-3.3967,78.2764,0.0701872,-2.37625,-3.3643540516495705,-4.160418272018433,-0.306681,999,2.43487,-0.763445,1.59764,2.43487,0.763445,2.86982,118.8,3.046153846,118.8,3.046153846,,,,,,,,,,,,,,,,,,,"John Rave","26284",670231
"Mickey Gasper","BOS",11.9534,35.5353,31.5805,7.17633,5.54231,1.05952,0.0303415,0.544157,4.53027,3.94186,3.40208,0.0508004,7.04035,0.32549,0.120311,0.106964,0.658112,0.177461,0.0654748,0.227239,0.095738,0.198122,0.483227,0.307773,0.314403,0.28058,0.622176,0.0871637,3.39701,0.275008,0.0111226,-0.0521822,3.26181,-0.936963,77.8112,-0.0410596,-4.82845,-0.9755785316228867,-3.9061239361763,-0.378498,999,3.3638,-0.162315,1.97154,3.3638,0.162315,2.37128,28.5,2.375,28.5,2.375,,,,,,,,,,,,,,,,,,,"Mickey Gasper","24759",681508
"Austin Barnes","NYM",11.1752,39.7747,35.7691,7.32706,6.09523,0.847184,0.0327564,0.351892,4.03619,3.12815,3.43998,0.00937602,9.88725,0.142275,0.0992682,0.324023,0.803376,0.243115,0.123334,0.204843,0.0864867,0.248581,0.347921,0.276531,0.259873,0.245502,0.536404,0.0550299,3.19706,0.272156,-0.00829399,-0.0657098,2.51818,-2.1815,53.3557,-0.0740038,-3.86151,-2.2667580991983414,-2.999228060245514,-0.401049,999,3.29038,-0.00189991,1.95998,3.29038,0.00189991,2.3867,15.1,1.372727272,15.1,1.372727272,,,,,,,,,,,,,,,,,,,"Austin Barnes","12158",605131
"Pedro León","PHI",5.70613,21.4786,19.8825,4.0595,2.69457,0.954078,0.0178349,0.393021,2.75128,2.36223,1.34316,0.0211556,6.83774,0.139841,0.0523809,0.0606929,0.453109,0.345695,0.117901,0.204174,0.0625346,0.318351,0.196433,0.258779,0.313255,0.253136,0.572034,0.109081,4.94939,0.288605,0.00168177,-0.00658304,1.49295,-1.04491,57.3807,-0.00490127,-4.06973,-1.0898442110046744,-4.157792113721371,-0.463786,999,3.24172,-0.269192,2.0274,3.24172,0.269192,2.2968,8.3,1.383333333,8.3,1.383333333,,,,,,,,,,,,,,,,,,,"Pedro Leon","27781",694175
"MJ Melendez","NYM",24.4648,91.0197,83.0085,17.2884,10.3567,4.07972,0.155234,2.69671,9.97451,9.75476,7.32682,0.185291,26.9301,0.397258,0.244791,0.042346,0.835516,1.58502,0.433885,0.208273,0.0804971,0.295871,0.272068,0.274931,0.358623,0.277687,0.633553,0.15035,4.46801,0.272098,-0.14848,0.0211808,8.141,-2.61368,75.4649,-0.127299,-3.84678,-2.7667217403650284,-4.979414939880371,-0.477353,999,4.24495,-0.282876,1.70254,4.24495,0.282876,2.72994,76.8,3.2,76.8,3.2,,,,,,,,,,,,,,,,,,,"MJ Melendez","22197",669004