Season,mlbam_id,EV,LA,BarrelPct,HardHitPct,Events
2018,606299,85.8,15,2.5,23.6,570
2018,596019,90.6,14.7,9.3,41,560
2018,455976,90.6,10.1,3.1,41.6,552
2018,607208,89.1,9.3,5.8,38.6,534
2018,592518,91.6,14.4,11.3,48.2,533
2018,516416,87.7,7.8,3.6,32.3,527
2018,645277,86.8,16.1,4.7,29.4,527
2018,593160,87,16.9,4.6,31.2,526
2018,542255,84.9,10.9,1.5,18.7,519
2018,488726,90.2,9.5,3.5,38.4,517
2018,592743,88.2,7.8,4.1,36.3,516
2018,608324,89.4,16.8,7.6,39.9,512
2018,543760,86.8,15.5,4.5,32.1,510
2018,608070,89,19,8.3,35.1,504
2018,453568,87.5,12,6.5,35.2,495
2018,519203,90.1,14.7,6.5,40.6,495
2018,518692,89.1,14.5,9.3,39.8,492
2018,430945,88.3,13.2,4.9,33.1,491
2018,543829,83.2,5.8,0.2,12.5,490
2018,643217,88.6,12.8,6.4,33.7,482
2018,493329,89.3,11.5,1.9,36.6,481
2018,609280,89.2,12.3,6.3,36.5,480
2018,519058,89.5,19.9,8.8,39.1,476
2018,542303,91.5,10.8,9.7,45.1,476
2018,467793,88.9,15.2,6.9,39.1,475
2018,516770,88.5,8.4,6.9,36.2,475
2018,571448,89.8,15.3,7.2,40.5,475
2018,543333,88.7,-1.5,5.9,38.2,472
2018,592206,89.6,15.2,11.2,40.7,472
2018,476704,89.2,17.4,5.3,37.9,471
2018,571697,87.3,14,5.8,32.3,467
2018,570560,86.7,9.3,3,28.3,467
2018,605119,90.2,8.7,5.8,42.4,463
2018,520471,88.6,13.7,3.9,28.9,462
2018,518934,91.3,5.9,5.2,43.2,460
2018,514888,87.2,10.1,5.9,33.8,459
2018,592696,87.7,17.8,8.3,34.2,458
2018,571745,90.2,12.7,10.3,43.2,455
2018,543685,90.7,17.9,10.3,44.8,455
2018,516782,88.4,8.9,7.5,38.8,454
2018,514917,85.7,11.4,4.2,28.5,454
2018,572122,89.8,18.5,5.6,39.6,449
2018,500871,86.5,18.9,8.3,27.6,448
2018,456715,89.1,4.9,3.4,40.5,447
2018,544369,87,16,4.7,30.8,445
2018,595879,90.6,9.6,12.6,43.3,444
2018,606466,88.8,5.8,5,36.9,444
2018,642708,87.8,7.7,3.9,32.3,441
2018,592885,92.6,5,12.9,50.8,441
2018,595777,87.3,12.4,5,31.8,440
2018,445055,85.1,4.2,1.8,21.4,440
2018,596146,89.5,16.3,6.6,38.2,439
2018,444482,91.5,6.7,7.8,46.3,438
2018,572039,88.5,13.2,9.6,38.7,437
2018,500874,91,8.1,9.4,44.6,435
2018,605141,92.2,18.5,14.1,50.6,434
2018,596115,91,15.9,12.7,46.2,434
2018,641820,89.9,5.4,11.8,42.9,434
2018,458731,88,9.4,2.8,32.9,432
2018,457705,90,13.4,8.4,41.9,431
2018,546318,86.7,13,4.9,31.9,430
2018,502110,93,10.8,16,52.7,430
2018,452678,90.1,14.5,7.2,39.6,429
2018,572821,86.8,17.5,6.3,29.4,429
2018,572816,87.9,15.1,6.1,32.4,428
2018,500743,84.7,9.3,0.9,23.8,426
2018,435079,85.3,17.7,3.1,26.2,426
2018,400121,87.8,14.1,4.7,30.6,425
2018,543807,88.6,9.5,8.9,37.4,425
2018,641313,85.8,10.8,4.7,27.9,423
2018,444876,84.6,10.6,2.1,21.5,423
2018,543401,86.9,17.8,6.6,31.6,422
2018,502671,90.8,15.7,13.6,44,420
2018,607680,87.3,16.8,5.7,36.7,420
2018,621566,93.3,18.1,12.2,52.2,419
2018,593428,90.6,12.6,9.8,41.8,417
2018,519317,93.7,11.7,15.1,50.8,416
2018,456488,88.3,9.4,3.4,35.7,415
2018,543063,87.5,11.3,3.6,33.3,414
2018,435622,90.1,0.1,7,43.2,414
2018,656555,88.9,22.5,11.4,39.2,413
2018,622110,86.8,4.8,1.2,28.1,413
2018,605113,86.9,11.9,5.1,30,413
2018,572761,90.7,21.6,13.7,44.7,410
2018,641355,89.8,16.2,8.6,38.9,409
2018,501981,92.5,18.1,17.2,48.1,408
2018,425783,89.3,6.1,11.1,40.5,407
2018,521692,91.3,18,10.8,47.5,407
2018,458015,88.1,13.4,6.7,35.1,405
2018,408045,91.1,4.4,5,44.3,404
2018,405395,90,14.1,6.2,40.9,403
2018,656305,93.1,14.9,8.9,47.8,403
2018,621563,88.8,10.7,2.7,35.7,403
2018,450314,89.9,9,3,38.7,403
2018,605137,90.2,9.4,7,39.3,402
2018,443558,93.9,12.8,13.8,51.7,400
2018,500208,87.1,14.1,4.5,32,400
2018,425877,88.2,15.4,5.5,33.8,399
2018,475174,87.8,15.7,9.8,37.5,398
2018,543768,88.9,16.9,10.3,38.3,397
2018,622534,89.4,11.5,3.3,37,397
2018,547989,91.3,12.2,9.1,45.2,396
2018,553993,91.2,14.8,9.7,45.6,391
2018,605480,85.8,3.7,1.5,23,391
2018,547180,91,14.4,11.5,45.4,390
2018,578428,84.8,12.1,1.3,22.6,390
2018,624424,88.1,12.3,9.5,37.8,388
2018,460086,88.5,10.9,6.8,39.7,384
2018,600869,87.1,15.3,6,33.6,384
2018,446334,88.5,13.6,7.6,37.2,384
2018,518792,88.3,9.6,2.9,38.8,384
2018,592387,89.6,12.3,7.1,41.6,382
2018,571740,80.5,15.3,0.5,8.5,377
2018,543305,89.7,13.2,8.8,43,377
2018,592663,88.9,14.5,9,41.2,377
2018,608577,90.5,5.3,8.5,43.4,376
2018,429665,89.9,18,11.2,41.4,375
2018,596748,88,9.5,6.4,34.1,374
2018,571466,87.1,12.4,3.5,30.3,370
2018,503556,89.1,11.3,6.8,41.5,370
2018,546991,86.6,8.3,1.4,27.4,369
2018,660162,91,15.4,9.6,44.2,365
2018,621020,88,14.1,4.1,34,365
2018,452655,87.2,13.3,2.7,29.6,365
2018,649557,89.1,13.7,7.4,39.6,364
2018,594777,90.4,12.1,9.3,43.1,364
2018,570731,86.4,11.5,5,30.6,363
2018,457708,90.7,11.9,14,47.4,363
2018,621035,88.9,16.4,8.3,38.5,362
2018,518618,87.4,15.8,6.1,37.8,361
2018,543068,88,15.2,12.2,36.6,361
2018,622666,88,12.6,5,33.7,359
2018,542583,89.8,16.2,11.4,42.9,359
2018,502210,85.6,18.2,3.9,27,359
2018,518960,86.9,13.5,2.2,27.5,357
2018,502054,93,6.6,10.1,49.9,357
2018,575929,88.2,8,7.3,33.3,357
2018,461314,89.6,15.8,11,39.1,354
2018,596059,90.7,13.9,7.1,38.7,354
2018,471865,89.7,9,6.2,39.1,353
2018,527038,86.3,17.1,2.8,27.1,353
2018,475253,89.5,15,10.8,42.5,352
2018,517369,89,4.7,3.4,37.4,351
2018,570256,88.9,20.1,9.4,37.8,351
2018,545361,91.2,18.6,16.5,46.2,351
2018,457763,89.1,10.3,5.2,34.9,347
2018,134181,88.7,13.6,6.4,37.4,345
2018,598265,92.2,12.3,10.3,50.1,341
2018,592567,88.2,10.7,5.3,35.9,340
2018,594694,83.1,12.8,2.4,19,333
2018,571771,89.1,16.5,7.2,37,333
2018,605412,86.6,9.9,2.7,29.7,333
2018,462101,87.2,8.7,4.2,30.5,331
2018,542340,88.5,3.2,5.1,36,331
2018,646240,90.9,11.2,9.1,42,331
2018,467827,86.8,9.2,2.7,26.6,331
2018,664068,86.2,17.4,5.4,31.7,331
2018,608365,86.7,11.8,2.2,26.5,324
2018,434778,92.3,10,12.1,52.6,323
2018,460075,92.3,6.4,10.8,49.5,323
2018,572041,89.2,13.5,10,40.6,321
2018,543257,87.1,15.1,2.2,28.4,320
2018,624577,89.5,12.1,10.6,41,320
2018,518735,88.9,14.1,11.6,40.4,319
2018,657557,89.3,19.1,9.1,40.3,318
2018,606192,91.9,16.9,15.5,46.2,316
2018,665742,90.5,6.2,9.8,42.2,316
2018,650402,88.9,19,9.2,36.8,315
2018,592626,91.5,15.8,8.3,40.6,314
2018,594828,87.6,17.8,7.6,34.4,314
2018,592348,88,11.1,8,35.4,314
2018,660670,90.9,13.1,13.4,46.6,313
2018,457759,89.1,18.3,7.7,36.7,313
2018,543510,87.8,16.2,5.1,37.4,313
2018,474568,87.6,13.1,4.8,31.8,311
2018,435559,87.2,18.4,3.9,35,310
2018,641553,87,14.7,2.6,32.5,308
2018,519048,91,11.5,12.1,44.8,307
2018,491676,87.5,12.6,7.5,35.8,307
2018,545341,90.7,18.7,14.4,43.4,305
2018,453943,89.5,18.5,6.9,37.1,304
2018,467092,91.3,4.4,7.2,48.2,304
2018,571506,88.9,10,10.3,39.1,302
2018,543939,87.6,9.1,3.3,30.9,302
2018,621043,88.2,11.6,7,33.4,302
2018,643396,84.9,7,0.7,23.7,300
2018,592669,89.9,18.4,12.4,43.6,299
2018,608384,88.8,10.5,6.8,38,296
2018,474832,87,23.3,10.5,31.6,294
2018,581527,88.4,7.8,5.1,37.8,293
2018,608336,94.3,21.9,22.5,49.5,293
2018,607043,89.9,10.7,6.5,42.1,293
2018,502517,87.6,16.2,4.8,29,291
2018,656941,90.9,12.3,12.7,45,291
2018,592444,88.8,12.7,5.9,35.5,290
2018,523253,87.3,10.4,1,29.8,289
2018,543228,88.9,18.7,8.4,38.7,287
2018,592178,85.8,17.8,9.1,33.5,285
2018,543281,85.9,15.7,3.9,26.1,283
2018,594988,90.2,8.7,10.6,42.8,283
2018,448801,89.3,15.1,10.3,40.1,282
2018,592192,87,15.5,9,34.8,279
2018,455117,85.7,14.7,5,26.5,279
2018,576397,87.3,15.2,7.6,31.7,278
2018,608671,85.6,3.3,0.7,19.3,276
2018,571602,90,13.8,12.1,42.3,272
2018,542921,87.1,9.8,5.9,35.3,272
2018,457727,86.7,7.9,4.1,33.1,269
2018,594807,89,22.6,10.4,41.6,268
2018,608597,86.6,14.1,6.4,33.1,267
2018,624428,88,10.4,4.1,31.5,267
2018,592450,94.7,12.4,16.2,54.1,266
2018,571970,90.3,18.3,16.9,46.4,266
2018,429664,93,8.2,8.3,51.5,265
2018,592261,84.3,7.9,1.1,14,264
2018,594953,92.3,11.6,14.4,49,264
2018,435522,88.1,13.7,6.1,33.3,264
2018,621446,89.5,7.5,8.7,39.2,264
2018,606115,86.3,4,2.3,28.6,263
2018,664056,87.1,13.7,6.9,30.8,260
2018,460576,87.1,19.8,5,29.3,259
2018,541645,90.3,9.6,11.6,43.2,259
2018,501303,86.6,16.4,5,30.6,259
2018,594809,87.7,9,3.1,30.4,257
2018,664058,84,13.4,0.4,20.4,255
2018,465041,88.8,16.3,8.3,39.8,254
2018,641531,89.5,12.9,10.6,40.2,254
2018,571788,87.9,6.8,3.6,30.8,250
2018,444489,84.9,13.9,5.2,26.6,249
2018,628338,86.4,11.1,2.8,26.9,249
2018,570799,86.7,20.8,9.7,31.3,248
2018,588751,87.2,13.6,2.4,33.6,247
2018,541650,87.9,11.5,4.9,32.5,246
2018,518614,89,19.1,10.2,35.2,246
2018,595375,87.6,7.9,5.3,29,245
2018,457803,88.4,21.4,9,34.8,245
2018,444432,92.8,10.4,10.2,48.6,245
2018,595281,86,7.5,4.5,29,245
2018,593871,85.8,17.8,3.7,28.3,244
2018,547982,89.1,18.3,10.7,38.7,243
2018,489149,88.7,20.5,10.9,38.2,239
2018,572191,88.5,8.1,6.3,34.3,239
2018,434158,88.7,16.9,6.3,34.3,239
2018,608385,90.9,13.6,6.3,42.2,237
2018,475582,92.6,7.1,13.6,52.8,235
2018,571431,88.7,19,10.3,39.9,233
2018,641598,89,12.7,5.6,38.8,232
2018,596142,90.3,14.2,13.9,41.6,231
2018,593700,84.1,13.8,3.9,21.9,229
2018,446263,89.5,19.6,10,36.7,229
2018,641343,87.6,12.1,7,31.3,227
2018,572287,89.5,18,13.8,44.9,225
2018,660271,92.9,12.4,16,51.1,225
2018,622168,87.4,4.6,4,30.4,224
2018,594011,87.3,2.4,2.2,32.6,224
2018,664023,90,14.1,12.2,40.5,222
2018,455139,88,21.9,10.8,39.6,222
2018,571976,90.5,9.4,7.3,45.7,219
2018,451594,85.3,12.6,3.2,28,218
2018,553882,85.6,12.9,2.8,25.3,217
2018,466320,90.7,9.1,2.3,41.7,217
2018,455104,92,13.6,9.3,43.7,216
2018,643393,84.1,11.6,0.5,17.7,215
2018,553869,89.6,10.4,6.5,40.5,215
2018,430832,90.8,19.4,7.9,43.2,215
2018,457706,87,11.1,2.8,32.4,215
2018,595978,85.6,16.1,6.5,29.9,214
2018,640461,91.3,14,14.2,42.9,212
2018,518586,85.2,8.5,5.2,30.7,212
2018,656185,86.7,7.9,1.4,30.2,212
2018,501896,90.3,7.3,9,45,211
2018,543877,87.4,13,1.9,29,211
2018,572008,87.8,13.4,5.8,33.7,208
2018,431145,90.6,10.1,6.3,43,207
2018,502143,90.7,9.2,7.7,41,207
2018,621002,86.6,7.7,5.3,34.8,207
2018,595751,91.7,8.4,10.6,44.2,207
2018,543308,87.9,14.6,5.8,34.5,206
2018,643446,86.6,15.5,2.4,28.9,205
2018,547170,86.8,14.6,5.9,34.6,205
2018,609275,90,13.7,10.4,36.6,202
2018,543376,85.1,13,1.5,29.4,199
2018,595885,87.9,19.6,10.6,33.3,198
2018,460026,88.9,15.6,6.6,39.6,197
2018,592325,88.7,7.2,3,33.5,197
2018,642715,86.7,8.5,6.6,29.6,196
2018,506702,84.7,17,4.6,25.8,194
2018,605486,88.4,8.2,5.7,38.3,194
2018,544725,88,6.8,2.6,31.6,194
2018,446308,87.1,18.5,4.7,33.3,193
2018,666971,91.1,11.1,7.8,45.6,193
2018,519023,86.6,20.6,6.2,28.5,193
2018,408314,85.4,12.7,2.6,24.3,190
2018,595909,89.2,10.5,14.5,38.2,186
2018,446359,85.6,17.4,2.2,27.7,185
2018,621311,88.7,14.3,9.3,38.8,183
2018,614177,92.3,6.8,11.6,47.5,181
2018,519222,88.6,9.6,5,38,179
2018,467055,89.6,9.7,5,36.9,179
2018,452254,88.2,6.1,5.1,33.7,178
2018,502481,85.3,11,1.7,19.3,176
2018,600524,89,15.7,8.5,36.4,176
2018,456665,89.3,11.8,10.8,39.2,176
2018,452095,90,12.9,6.8,44.6,176
2018,553988,85.7,11,3.4,25.7,175
2018,608700,86.9,11.6,4.6,35.6,175
2018,593528,85.9,19.3,7.7,28.7,168
2018,622682,85.4,6.2,3,26.2,168
2018,472528,89.7,18.2,10.1,41.3,168
2018,456124,89.8,12.9,4.8,39.2,166
2018,519306,88.7,16.2,7.8,39.8,166
2018,640447,85.9,16.7,4.3,34.6,162
2018,643603,89,17,9.3,36.4,162
2018,445988,87.5,9.3,2.5,26.1,162
2018,543484,87.9,12.4,6.3,35,160
2018,491696,85.9,11.3,0.6,24.5,159
2018,572073,85.2,18.3,3.8,20.3,158
2018,459964,87.4,14.8,7,31.8,157
2018,624585,89.6,10.6,10.3,41.3,156
2018,607345,87.9,0.3,4.5,35.1,154
2018,571437,90.4,10.2,9.7,45.8,154
2018,500135,86,13.1,3.2,31.2,154
2018,607054,87.7,10.6,3.2,32.5,154
2018,593934,90.3,12.6,11.1,44.8,153
2018,527043,88.2,6.1,4.6,36.6,153
2018,434658,84.2,9.6,1.3,27,153
2018,592122,89,15.1,15.8,44.1,152
2018,435263,86.3,23.6,3.3,26.5,151
2018,608654,86.7,14.2,5.3,30.5,151
2018,547172,85,4.9,3.3,21.9,151
2018,519346,91,19.3,16.7,43.3,150
2018,543543,91.1,11.2,10.7,49,150
2018,641583,88.4,15.2,4.1,40.4,147
2018,545358,89.9,5.8,8.8,45.6,147
2018,446386,85.4,16.2,4.8,31.3,147
2018,641319,87,15.4,4.1,25.9,147
2018,594824,84.3,11.8,2.7,25.2,147
2018,571875,88.2,5,6.2,37.9,146
2018,448602,89,18.3,10.3,39.3,145
2018,434670,91.9,11.5,7.6,47.9,144
2018,600474,84,14.5,2.1,19.4,144
2018,600303,86,8.1,1.4,24.6,142
2018,605170,88.8,6.4,3.5,37.3,142
2018,640457,88.2,13.7,6.4,39.3,140
2018,571974,87,22.3,10,31.4,140
2018,571912,89.3,11.1,5.1,43.1,137
2018,570267,89.1,11.7,10.2,39.7,137
2018,596847,90.3,13.8,11.7,43.1,137
2018,408236,88.9,11.6,6.6,38,137
2018,596119,86,13.9,5.2,26.7,135
2018,656775,89.3,10.1,3,28.9,135
2018,518626,90.2,11.6,10.4,41.4,134
2018,451192,85.9,11.2,3.7,26.1,134
2018,605131,87.6,5.6,3.7,31.5,134
2018,453923,84.6,15.1,3.8,23.5,133
2018,571980,89,6.3,4.5,38.9,133
2018,425772,87.6,15.4,3,34.1,132
2018,545350,86.7,19.5,8.4,31.3,131
2018,400284,87.7,17.2,2.3,32.5,131
2018,596103,87.3,2.6,2.3,35.1,131
2018,623520,93.5,3.7,11,53.2,127
2018,460077,86.5,18.4,1.6,26.2,126
2018,502226,83.9,9.6,1.6,21.4,126
2018,592407,83.6,15,0.8,17.6,125
2018,605512,90.8,11.7,4,39.5,124
2018,456078,90.4,15.5,9.7,46.8,124
2018,435062,90.2,7.9,4.8,44.4,124
2018,475247,87.8,0.3,2.5,28.1,122
2018,571595,86.4,11.2,1.6,27,122
2018,454560,90.4,12.5,4.2,39.5,119
2018,547379,90.8,8.3,5.9,42.6,118
2018,641857,89.3,7.5,5.1,44.1,118
2018,605361,88,2.9,2.6,40.2,117
2018,534606,87.8,11.4,3.5,33.9,115
2018,595284,88.4,13.5,8.8,39.5,114
2018,642423,83.6,2.9,0,14.4,111
2018,592200,86.9,14.4,4.5,30.9,110
2018,542364,84.9,12.8,0,22.7,110
2018,543776,84.6,7,0,24.8,109
2018,657656,89.8,10.3,11.1,41.7,108
2018,408234,94.4,7.3,4.6,54.6,108
2018,488671,89.7,8.6,12.3,46.2,106
2018,605509,83.5,2.5,0.9,16,106
2018,571718,88.6,12.3,8.7,38.5,104
2018,656811,91.4,17.7,12.5,44.2,104
2018,435064,80.9,11,2.9,22.5,102
2018,570481,89.7,3.2,2.9,43,102
2018,628336,85.4,11.7,3,36.6,101
2018,501659,89.8,8.1,8,37,100
2018,572228,93,15.3,20,54,100
2018,571851,84.7,12.4,1,20.4,98
2018,621453,85.7,13,4.1,30.6,98
2018,596451,87.5,9,2.1,27.8,97
2018,642086,87.6,17.2,6.3,31.3,96
2018,592863,87.8,9.8,2.1,34.4,96
2018,642082,88.4,13.6,4.3,28.7,94
2018,642162,84.8,16.1,3.2,21.3,94
2018,493316,90.8,19.7,10.8,46.2,93
2018,664040,89.3,14.3,10.9,43.5,92
2018,506747,85.5,7.2,3.3,27.2,92
2018,553902,87.3,12.1,5.5,29.7,91
2018,621573,87.5,14.6,5.5,34.1,91
2018,446481,88.2,20.3,7.8,29.2,90
2018,592680,89.7,3.5,4.4,28.1,90
2018,621493,86.9,16.2,7.8,33.3,90
2018,650490,92.1,4.4,4.4,44.4,90
2018,607468,87.2,9.6,1.1,31.5,89
2018,605508,79.8,-0.3,0,16.9,89
2018,607387,90.4,14.4,10.1,40.4,89
2018,624636,80.7,12.4,0,13.6,88
2018,642851,85.6,8,3.4,27.3,88
2018,573135,91.3,17,6.8,43.2,88
2018,641856,88.8,18.7,8,37.9,87
2018,572365,87,6.5,1.1,26.4,87
2018,591741,89,9.7,7.1,36.5,85
2018,608369,91.4,9.9,8.2,40.5,85
2018,614173,94.1,7.3,12.9,51.9,85
2018,461865,81.1,11.2,1.2,16.7,84
2018,591720,81.8,10.4,1.2,9.5,84
2018,593993,86.6,10.3,4.8,34.9,83
2018,641487,88.2,16.2,4.9,34.1,82
2018,458913,85,2.8,1.2,24.4,82
2018,596144,89.1,13,3.7,34.6,81
2018,572204,85.6,18.7,5,32.5,80
2018,623993,87.6,16.2,5,26.3,80
2018,455759,83.8,25.5,6.4,28.6,78
2018,641432,87.2,11.6,2.6,23.4,77
2018,519299,85.1,15.7,1.3,23.7,76
2018,516472,82.6,11.2,6.6,19.7,76
2018,641933,92.1,22.2,22.7,45.3,75
2018,641525,89.6,11.3,9.3,40,75
2018,476883,90.6,12.2,14.7,44,75
2018,605204,88.5,8.8,8.1,36.5,74
2018,656669,86.3,16.6,6.8,24.3,74
2018,608475,86.2,1.4,1.4,28.4,74
2018,621433,85.5,10.4,4.1,29.7,74
2018,502082,84.9,20.8,2.7,28.8,73
2018,602922,85.9,12.8,11.4,35.7,70
2018,571679,90.6,10.5,5.8,35.3,69
2018,592230,86.9,21.8,4.3,30.4,69
2018,620446,87,13,1.4,33.3,69
2018,621028,83.5,5.7,1.4,17.4,69
2018,572033,84.9,14.4,2.9,22.1,68
2018,607776,87.3,2,7.5,40.3,67
2018,606988,87.9,10.7,7.5,35.8,67
2018,449181,88.3,11.7,1.5,33.8,65
2018,643376,85.1,21.1,9.2,27.7,65
2018,657077,88.4,4.8,4.7,34.5,64
2018,641645,87.2,7.4,0,31.3,64
2018,621439,87.8,13.9,1.6,27,63
2018,605548,90.2,5.3,8.1,42.9,62
2018,607257,86.2,19.3,4.9,27.6,61
2018,596129,92.4,10.1,11.5,52.5,61
2018,453286,82.5,-1.2,1.6,16.4,61
2018,621512,85.7,8.8,1.7,32.2,59
2018,488818,89,20.9,5.2,34.5,58
2018,605421,88.2,17.9,1.7,29.3,58
2018,608701,88.2,12.6,6.9,33.3,58
2018,592273,88.2,13.4,7,35.1,57
2018,621044,84.9,20.4,1.8,16.1,56
2018,518902,83.9,11.2,1.8,21.4,56
2018,664057,89,7.7,3.6,35.7,56
2018,543309,88.4,28,10.7,30.4,56
2018,571918,87.1,6.2,5.4,25,56
2018,591971,85.1,13.9,1.8,18.2,55
2018,571657,86.5,12.3,0,33.3,54
2018,608566,87.2,1.9,3.7,22.2,54
2018,596105,87.9,8.9,3.8,24.5,53
2018,543302,90,17.5,7.5,52.8,53
2018,592685,88.4,13.1,9.6,36.5,52
2018,425844,87.5,11.6,3.8,25,52
2018,519333,85.2,17,1.9,24.5,52
2018,425784,90.2,18.3,11.8,45.1,51
2018,501571,88.4,5.8,0,31.4,51
2018,542208,86.5,24.4,0,19.6,51
2018,663656,90.7,15.5,3.9,45.1,51
2018,542979,85,3,6,30,50
2018,506703,87,9.1,6,28.6,50
2018,595956,85.8,21.2,8,24,50
2018,642133,88.7,10.6,12,40,50
2018,608596,85.6,20.8,6.1,24.5,49
2018,599096,86.4,24.3,12.5,25,48
2018,468504,86.5,7.2,0,16.7,48
2018,621514,86.9,17.4,6.3,27.1,48
2018,645302,85,20.4,6.3,22.9,48
2018,624407,88.1,13.1,4.2,27.1,48
2018,463610,85.7,15.8,2.1,23.4,47
2018,622569,91.6,8.8,8.5,48.9,47
2018,594798,81.5,7.6,0,11.1,45
2018,598284,92.1,16.5,15.6,51.1,45
2018,527054,83.7,6.8,0,15.6,45
2018,620439,89.3,23.1,11.4,43.2,44
2018,543699,82.8,-1.5,0,18.2,44
2018,543194,84.5,17.2,6.8,22.7,44
2018,453203,85,13.2,2.3,20.5,44
2018,622194,88.6,4.2,4.7,32.6,43
2018,607430,83.2,17.9,2.3,16.3,43
2018,460269,89.1,12.2,7,34.9,43
2018,642180,86.2,1.9,2.3,20.9,43
2018,452657,88.7,0.8,4.7,32.6,43
2018,542908,83.9,26.3,4.9,22,41
2018,465753,90.2,16.4,4.9,43.9,41
2018,571578,81.8,-4.9,0,10,40
2018,592791,84.1,-3.2,0,20,40
2018,622491,79.8,-1.6,0,2.5,40
2018,641684,84.6,12.9,5,35,40
2018,605233,93.4,3.1,12.8,43.6,39
2018,477132,80.1,-1.6,0,7.7,39
2018,554430,81.8,12.1,0,7.7,39
2018,593495,79.8,7,0,7.7,39
2018,649966,86.9,1.6,2.6,23.1,39
2018,488771,87.1,4.3,5.3,32.3,38
2018,544931,89.9,-7.9,2.7,27,37
2018,571927,79.2,9.7,2.7,8.1,37
2018,400085,81.3,5.7,0,2.7,37
2018,642336,86.7,8.8,8.1,29.7,37
2018,624414,91.9,0,8.1,56.8,37
2018,501213,88.6,4.9,8.3,30.6,36
2018,592866,83.1,-2.1,0,5.6,36
2018,518774,85.9,1.6,0,19.4,36
2018,571945,84.7,6.3,5.6,16.7,36
2018,407812,90.9,12.8,5.7,48.6,35
2018,446653,85.9,4.8,2.9,37.1,35
2018,621559,85.1,13.4,8.6,34.3,35
2018,493596,86.8,14.6,5.7,20,35
2018,592826,88.2,-1.8,2.9,29.4,34
2018,605400,83.2,-9.4,0,6.1,33
2018,570482,85.7,18.2,6.1,30.3,33
2018,543294,83,4.8,0,15.2,33
2018,622046,87.8,12.3,6.3,37.5,32
2018,452104,86,10.4,0,16.1,32
2018,500779,82,-14.7,0,12.5,32
2018,605244,87.2,18.5,12.5,40.6,32
2018,593647,88.8,15.2,6.3,45.2,32
2018,643327,81.4,-2,0,19.4,31
2018,608348,85.1,10.2,6.5,25.8,31
2018,628317,79.5,8.4,0,3.4,31
2018,596133,80.9,-0.2,0,3.2,31
2018,621550,90.5,17,12.9,41.9,31
2018,592859,84.1,12.9,0,26.7,30
2018,448179,78.2,-5.5,0,13.3,30
2018,656427,85,-4.8,0,20,30
2018,518542,85.8,7.7,3.3,23.3,30
2018,488721,89.5,7.7,3.3,33.3,30
2018,475115,88.1,0.7,6.9,27.6,29
2018,607732,89.6,10.5,0,34.5,29
2018,607536,83.4,1.7,0,13.8,29
2018,519295,88.9,14.2,3.4,34.5,29
2018,621466,85.1,16.9,6.9,31,29
2018,624419,84.7,11.9,0,21.4,28
2018,641658,85.3,11.8,3.6,32.1,28
2018,592351,83,-2.5,0,14.3,28
2018,572233,86.2,18.7,14.8,29.6,27
2018,600301,80.8,4.5,3.8,38.5,26
2018,607752,88.1,2,0,30.8,26
2018,458675,86.5,19,7.7,30.8,26
2018,502624,82.1,-1.7,0,7.7,26
2018,467100,81.9,-5.1,0,11.5,26
2018,543022,83.9,0.5,0,8,25
2018,518516,91,16.6,0,52,25
2018,593372,85.1,-2.9,4,36,25
2018,593527,85.4,6.4,0,24,25
2018,592314,78,-9,0,4,25
2018,622072,81.4,-13.5,0,4,25
2018,608717,86.3,-0.4,0,25,24
2018,542881,82.3,13.1,0,4.2,24
2018,543148,89.8,26,4.2,41.7,24
2018,448855,81.3,11,0,20.8,24
2018,593643,81.2,19.8,0,16.7,24
2018,612672,77.7,-13.4,0,8.3,24
2018,621111,86.4,-4.4,0,33.3,24
2018,641477,87.3,19.6,4.2,25,24
2018,453385,85.8,4.3,4.2,16.7,24
2018,548389,82.9,-11.5,0,0,24
2018,605397,81,-5.2,0,26.1,23
2018,547179,93.3,2.9,17.4,52.2,23
2018,461829,82.6,6.1,0,0,23
2018,595453,85,8.5,4.3,26.1,23
2018,605446,83.3,-2.6,0,17.4,23
2018,601713,81.4,-10.1,0,9.1,23
2018,502117,85.5,6.2,4.3,21.7,23
2018,641816,89.8,-13.5,0,31.8,22
2018,592808,88.6,4.9,4.5,36.4,22
2018,595222,86.2,21.2,0,27.3,22
2018,641771,79.4,-4.9,0,4.5,22
2018,605498,82,-15.4,0,14.3,22
2018,502706,88.9,-2.7,0,27.3,22
2018,476451,82,-1.4,0,0,22
2018,624512,83.3,12.5,9.1,22.7,22
2018,450306,77.8,3.2,0,4.8,22
2018,608379,79.3,-1.4,0,0,22
2018,640449,88.1,2,4.8,33.3,21
2018,605357,88.9,7.7,0,42.9,21
2018,643265,86.8,-0.3,0,23.8,21
2018,608718,84.1,-3.7,4.8,19,21
2018,641778,85.3,4.1,0,20,21
2018,595373,86.6,6.8,0,28.6,21
2018,543101,82.4,4.7,9.5,9.5,21
2018,542513,85.2,8.7,0,15,21
2018,453562,90.5,14.8,0,25,20
2018,456701,84.4,-12.5,0,5,20
2018,656794,82,-16.6,0,15,20
2018,592662,82.5,-0.9,0,10,20
2018,607231,80.2,-3.6,10,25,20
2018,621107,90,-5.8,5.3,21.1,19
2018,641505,79.9,-1.8,0,10.5,19
2018,518452,84.2,-3.7,0,21.1,19
2018,650619,87.8,6.3,10.5,36.8,19
2018,592789,84.7,16.7,5.3,31.6,19
2018,453329,82.3,-5.3,0,11.1,19
2018,643565,81.4,-0.6,0,22.2,18
2018,606132,85.1,18.1,5.6,22.2,18
2018,596295,86,-20.8,0,22.2,18
2018,434671,77.5,3.8,0,5.6,18
2018,670950,77,-2.9,0,16.7,18
2018,596012,93.2,28.7,11.1,38.9,18
2018,621471,90.6,-0.2,0,44.4,18
2018,621389,85.5,7.9,0,5.9,17
2018,572669,83.3,5.5,17.6,31.3,17
2018,542454,91,9.4,11.8,41.2,17
2018,594838,85.7,6.6,6.3,25,16
2018,408252,82.2,3.5,6.3,12.5,16
2018,622608,83.8,-13.4,0,12.5,16
2018,460060,84.2,9.3,0,18.8,16
2018,607219,84.1,-7.4,0,12.5,16
2018,489119,84.8,-3.5,0,18.8,16
2018,518466,94.6,17.9,12.5,50,16
2018,570632,83.8,4.6,0,12.5,16
2018,572362,81.6,7.6,0,6.7,15
2018,643230,92,-3.9,0,60,15
2018,547943,97.4,6.9,0,53.3,15
2018,573185,85.5,3.2,0,6.7,15
2018,545121,87,7.1,6.7,26.7,15
2018,489267,87.8,16,6.7,33.3,15
2018,455755,84.6,2.7,0,6.7,15
2018,488810,88.5,19.6,6.7,40,15
2018,543557,79.2,-8.4,0,7.1,14
2018,430935,83,-1.1,7.1,21.4,14
2018,488681,85.2,11.5,0,28.6,14
2018,622226,95.5,19.8,7.1,57.1,14
2018,664192,83.9,-21.3,0,7.1,14
2018,572180,89,23,0,50,14
2018,642547,82.5,-7.9,0,21.4,14
2018,592468,77.7,-2.4,0,0,13
2018,592761,87.8,-14.1,0,23.1,13
2018,543377,82.3,9.6,0,15.4,13
2018,596143,83.4,-0.6,0,15.4,13
2018,644337,84,14.5,7.7,15.4,13
2018,595943,85.4,19,0,23.1,13
2018,621529,94,12.8,8.3,58.3,12
2018,435221,89.7,1.7,8.3,33.3,12
2018,446192,95,5.3,25,50,12
2018,641924,86.8,12.7,0,25,12
2018,502042,87.8,-7.4,0,36.4,11
2018,605200,83.4,18.5,0,9.1,11
2018,607200,80.9,-15.8,0,9.1,11
2018,542932,95.1,1.7,9.1,63.6,11
2018,456501,81,-14.9,0,0,10
2018,666969,84.2,14.3,0,10,10
2018,592332,78.5,-20.9,0,0,10
2018,622446,88.9,-23.8,0,30,10
2018,606992,76.8,12.2,0,0,10
2018,456030,85.1,14.5,0,10,10
2018,546990,86.4,19.1,0,40,10
2018,664167,84.2,2.3,0,30,10
2018,518595,94.2,20.5,20,50,10
2018,544925,85.9,24.6,0,20,10
2018,602115,90,7,20,40,10
2018,622497,85.3,-1.7,0,30,10
2018,607471,79.8,16.5,0,22.2,9
2018,657658,85.6,7.3,0,25,9
2018,621261,89.4,-15.6,0,44.4,9
2018,608703,84.8,12.5,0,33.3,9
2018,543475,85.3,-19.6,0,22.2,9
2018,571841,83.5,-0.6,0,11.1,9
2018,641154,89.1,-6.9,0,33.3,9
2018,664702,84.2,10.2,11.1,22.2,9
2018,571951,78.5,-14.2,0,0,9
2018,571863,83.5,9,0,11.1,9
2018,471083,85.2,12.9,0,12.5,8
2018,623214,87.2,-3.5,0,37.5,8
2018,605612,86.4,4.5,0,37.5,8
2018,605474,86.7,32.2,12.5,25,8
2018,492802,77.8,0,0,0,8
2018,605540,90.3,-1.5,12.5,37.5,8
2018,624431,83.3,10.9,0,14.3,7
2018,623205,88,14.5,0,0,7
2018,506433,87.6,-13.7,0,14.3,7
2018,647336,88.2,-3,0,28.6,7
2018,642770,72.6,-11.3,0,14.3,7
2018,623182,89.8,25.2,14.3,42.9,7
2018,547004,90.6,-0.7,0,42.9,7
2018,596071,70.9,-10.4,0,0,6
2018,605232,93.9,-5.9,0,50,6
2018,582473,77.8,1.2,0,0,6
2018,594965,86.7,-12.6,0,16.7,6
2018,425794,87.5,21.5,0,16.7,6
2018,606131,90.5,21,0,16.7,6
2018,543606,83.7,-12.8,0,0,6
2018,547912,87.2,2.4,16.7,33.3,6
2018,461858,93.3,17.9,33.3,66.7,6
2018,641796,80.3,12.3,0,25,6
2018,570240,87.7,-3.4,0,20,5
2018,608331,81.4,-16.4,0,20,5
2018,543089,85,15.3,0,40,5
2018,543548,75.3,13,0,0,5
2018,657053,85.1,-3.7,0,40,5
2018,502188,95.8,-11.5,0,40,5
2018,502171,76.4,-8.6,0,0,5
2018,543432,95.8,10.6,0,60,5
2018,576788,83.2,14.6,0,40,5
2018,622441,76.5,36.6,0,0,5
2018,554054,79.6,-1.4,0,0,5
2018,605538,88.5,0.1,0,20,5
2018,656798,92.7,-3.9,0,20,5
2018,640455,76.5,-17.2,0,0,5
2018,594902,81.7,0.1,0,40,5
2018,547888,72.1,-9.3,0,0,5
2018,628356,87.3,12.7,0,20,5
2018,545337,92,35.6,20,60,5
2018,605520,87.3,16.9,20,20,5
2018,664028,82.9,-19.1,0,0,5
2018,642545,82,-25.1,0,0,4
2018,628333,81.8,-21.4,0,0,4
2018,624133,82,-0.8,0,0,4
2018,623149,79.8,6.1,0,0,4
2018,645261,89.9,-1.9,0,25,4
2018,622694,88,-21.4,0,25,4
2018,474319,81.6,-1.5,0,25,4
2018,621381,86.9,1.9,0,0,4
2018,607625,92.3,-6.9,0,25,4
2018,605280,85.8,5.1,0,0,4
2018,592647,90.4,0.4,0,25,4
2018,605253,88.3,19.1,0,25,4
2018,657145,86,29.8,0,0,4
2018,543734,85.5,-8.9,0,25,4
2018,519144,91.9,13.6,0,25,4
2018,518553,95.3,-11,0,25,4
2018,474463,82.4,4.2,0,0,4
2018,448306,80.1,4.3,0,0,4
2018,433587,80.3,-32.1,0,0,4
2018,605439,96.2,11.4,0,75,4
2018,656257,97.6,9.8,0,33.3,3
2018,623454,89.6,-12.7,0,33.3,3
2018,592836,86.6,-8.6,0,0,3
2018,605164,84.7,10.1,0,0,3
2018,457918,80.9,16.4,0,0,3
2018,543391,66.2,-37.1,0,0,3
2018,664842,77.5,-3.2,0,0,3
2018,434378,78.2,-7.1,0,0,3
2018,571467,75.5,44,0,0,3
2018,606424,86.2,-23.8,0,33.3,3
2018,595918,80.8,35,33.3,33.3,3
2018,571670,90.5,-8.8,0,33.3,3
2018,572227,74.7,22.5,0,0,3
2018,607333,89.6,13.9,0,0,3
2018,621219,80.7,7.6,0,0,3
2018,598271,90.5,-17.7,0,33.3,3
2018,663465,82.1,13.7,0,0,3
2018,624507,109.1,18.3,66.7,100,3
2018,571946,74.8,19.1,0,0,3
2018,457454,83.5,-6.9,0,0,3
2018,594840,91.1,14.9,0,0,3
2018,660853,NA,NA,0,0,3
2018,622713,85.8,-0.7,0,0,3
2018,605242,92.7,-18.6,0,0,3
2018,664869,69.7,-4.6,0,0,3
2018,592547,103.9,11,0,50,2
2018,592644,NA,NA,0,0,2
2018,451596,83.2,6.1,0,0,2
2018,621244,86.7,5.3,0,0,2
2018,656803,96.6,-20.7,0,50,2
2018,446372,54.5,44.7,0,0,2
2018,572750,84.4,-9.4,0,0,2
2018,545333,75,-23,0,0,2
2018,572863,80,42.3,0,0,2
2018,434538,102.4,5.2,0,50,2
2018,521655,NA,NA,0,0,2
2018,607223,73,21.5,0,0,2
2018,520980,80.9,30.4,0,0,2
2018,429719,79.3,-10,0,0,2
2018,657571,96.2,-13.1,0,100,2
2018,605276,59.3,24.6,0,0,2
2018,643466,78,-23.1,0,0,2
2018,571800,87.7,-10.1,0,50,2
2018,431151,85.5,24,0,0,2
2018,605452,74.7,-20.2,0,0,2
2018,628452,61.3,-20.5,0,0,2
2018,640463,72.2,15.5,0,0,2
2018,571760,93.3,-17.6,0,50,2
2018,641571,101.7,8.7,0,50,2
2018,641745,94.8,-13.9,0,50,2
2018,572182,82.4,30.9,0,0,2
2018,572114,70.2,-5.2,50,50,2
2018,596043,76.7,-20.8,0,0,2
2018,669456,92.6,4.5,0,0,2
2018,669060,88.8,37.3,0,50,2
2018,592145,85.6,4.5,0,0,2
2018,502327,75.6,20,0,0,2
2018,573186,75.2,12.7,0,0,2
2018,592426,88.4,-26.1,0,0,2
2018,573064,80.8,16.5,0,50,2
2018,641851,82.9,-20.7,0,0,2
2018,502043,92.2,5.2,0,0,2
2018,501985,99.5,26.9,50,50,2
2018,656725,85.6,-14.2,0,0,2
2018,489446,81.1,-8.5,0,0,2
2018,593833,78.2,20.3,0,0,2
2018,488768,64,-3.7,0,0,2
2018,543359,87.9,5.1,0,0,2
2018,642571,77.2,13,0,0,2
2018,471911,77.1,-6.5,0,0,2
2018,593974,NA,NA,0,0,2
2018,519068,92.8,2,0,50,2
2018,467008,96.4,16.6,0,50,2
2018,545338,85.7,-16.5,0,0,2
2018,548357,85.2,1.6,0,0,2
2018,458681,92.8,20.8,0,0,2
2018,608337,68.4,30.1,0,0,2
2018,543243,85.6,7.5,0,0,2
2018,543208,85.1,14.4,0,50,2
2018,543193,87.3,30.3,0,0,2
2018,608652,92.1,-13.1,0,0,2
2018,543135,84.1,3.2,0,50,2
2018,621112,64.6,-43.3,0,0,2
2018,453281,91.7,2.6,0,0,2
2018,453178,81.9,10.1,0,50,2
2018,643410,84.1,-26.3,0,0,1
2018,572955,83.2,-6.4,0,0,1
2018,572403,101,-15.4,0,100,1
2018,592717,85.4,2,0,0,1
2018,592865,97.2,-1.9,0,100,1
2018,593140,87.3,-39.4,0,0,1
2018,571893,NA,NA,0,0,1
2018,571882,96.2,4.1,0,100,1
2018,664196,92.8,-12.4,0,0,1
2018,571473,63.6,29.2,0,0,1
2018,593958,85.4,-12.4,0,0,1
2018,658792,94.8,-28.7,0,0,1
2018,594835,NA,NA,0,0,1
2018,594987,88.4,-20.3,0,0,1
2018,657681,86,-10,0,0,1
2018,595465,94.5,-33,0,0,1
2018,544836,100.7,12.4,0,100,1
2018,640460,88.1,48,0,0,1
2018,596001,NA,NA,0,0,1
2018,596057,95.2,-37.4,0,100,1
2018,596112,75.5,37.5,0,0,1
2018,600968,104,-3.5,0,100,1
2018,605154,73,-33.4,0,0,1
2018,543339,73,-21.2,0,0,1
2018,112526,76.9,-30.5,0,0,1
2018,543272,97.1,-25.5,0,100,1
2018,543169,102.2,-6.7,0,100,1
2018,656977,93.3,-1.6,0,0,1
2018,543037,82.9,42.1,0,0,1
2018,543031,94.9,3.1,0,0,1
2018,605255,NA,NA,0,0,1
2018,541640,89.7,-2.3,0,0,1
2018,642211,90.1,-23.6,0,0,1
2018,519008,92.4,-28.4,0,0,1
2018,605347,100.6,16.6,0,100,1
2018,642003,70.6,-6,0,0,1
2018,605513,76.4,-42.8,0,0,1
2018,518397,NA,NA,0,0,1
2018,605541,73.8,-44.3,0,0,1
2018,606149,82,-37,0,0,1
2018,606162,85.1,30.8,0,0,1
2018,502522,66,-3.2,0,0,1
2018,606273,74,17.4,0,0,1
2018,656738,79.9,-26.9,0,0,1
2018,607215,100.1,0.5,0,100,1
2018,488984,NA,NA,0,NA,1
2018,477569,87,-25.4,0,0,1
2018,607229,87,-60,0,0,1
2018,607237,96.4,3.6,0,100,1
2018,656546,NA,NA,0,0,1
2018,502273,NA,NA,0,0,1
2018,461833,73.9,-50.8,0,0,1
2018,607968,NA,NA,0,0,1
2018,460283,NA,NA,0,NA,1
2018,456696,87.5,17.9,0,0,1
2018,608371,NA,NA,0,0,1
2018,608638,65.4,-24.3,0,0,1
2018,608723,45.3,-31.6,0,0,1
2018,620454,94.1,-31.1,0,0,1
2018,621121,95.4,-4.6,0,100,1
2018,621199,92.3,-2.1,0,0,1
2018,450203,92.2,12.6,0,0,1
2018,621249,66.9,11.5,0,0,1
2018,642558,NA,NA,0,0,1
2018,622075,67.9,-47.6,0,0,1
2018,656222,82.9,-20.7,0,0,1
2018,434628,59.5,-4,0,0,1
2018,642232,86.2,-29.1,0,0,1
2018,622663,89.2,39.3,0,0,1
2018,622795,68.3,-12.9,0,0,1
2018,407822,62.7,-40.6,0,0,1
2018,502570,30.9,64.6,0,0,1
2018,623352,94.9,11.6,0,0,1
2018,623402,96,4.2,0,100,1
2018,623451,99,-21,0,100,1
2018,669203,NA,NA,0,0,1
2018,628318,98.3,12.4,0,100,1
2018,641438,NA,NA,0,0,1
2018,641712,79.4,-58.2,0,0,1
2018,643256,68.5,48.6,0,0,1
2018,642701,93.2,23.7,0,0,1
2018,624641,84.4,48.3,0,0,1
2018,673633,79.2,-28.6,0,0,1
2018,584171,96.2,4.9,0,100,1
2019,593160,87.1,15.6,4.5,29.2,559
2019,543760,88.9,14.9,8.5,38.1,556
2019,664058,83.8,9.9,0.2,17.1,534
2019,516770,88.5,11,6.2,37.7,534
2019,645277,88.9,15.6,6.6,34,532
2019,646240,92.5,10.5,9,48.5,531
2019,607680,86.4,14.1,4.9,30.8,529
2019,593871,88,19.1,6.7,33.1,524
2019,518934,91.9,6.6,7.5,48.7,517
2019,514917,86,9.5,2.7,28.3,516
2019,500871,87.8,18.4,7,31.4,516
2019,462101,88.4,7.2,3.5,34.8,514
2019,488726,88.8,10.6,5.5,37.3,513
2019,516416,88.2,7.2,3.2,32.7,507
2019,596019,91,12.3,7.5,41,507
2019,493329,89.3,14.3,3.6,38.1,505
2019,605141,91,19,10.3,47.4,505
2019,571448,89.4,17.7,8,37.6,503
2019,593428,90.7,13.3,8.6,44.5,498
2019,642708,89.4,8.8,4.2,39.5,497
2019,547989,92.1,10.9,12.8,48.2,492
2019,606466,90,11.5,9.3,40,485
2019,624428,87.1,13.1,1.9,28.3,484
2019,592696,89.2,16.8,8.5,36,482
2019,453568,88.7,14.6,8.3,40.3,481
2019,593643,84.4,11.9,2.9,18.5,480
2019,608324,89.3,19.6,4.8,38,479
2019,592206,88.9,13.9,10.9,41.5,475
2019,518692,89.7,14.4,12.3,42.5,472
2019,594809,88.9,15.3,3.8,34.3,472
2019,542340,88.9,8.2,6.8,37.1,472
2019,543685,90.4,19.5,12,46.6,468
2019,467793,91.8,11.7,9.6,44.9,467
2019,641820,90.3,7.8,10.3,42.7,464
2019,460086,88.7,9.3,5.4,38.4,463
2019,592518,91.2,13,8,43.7,462
2019,543333,90.8,2.1,7.2,46,461
2019,456715,89.5,6.9,4.1,42.1,460
2019,605113,87.8,7.6,6.6,34,456
2019,641355,91.1,17.9,12.7,45.9,455
2019,544725,88.2,6.2,3.8,29.9,452
2019,516782,88.6,8.2,8,38.6,451
2019,502054,90.9,5.2,7.9,45,445
2019,502210,86.1,15.8,3.4,29.4,445
2019,502110,91.4,12.5,12,48.3,442
2019,657557,87,18.3,8.6,33.9,440
2019,660670,90.6,14.2,15,47.4,439
2019,656305,92.7,16.6,12.1,49,439
2019,578428,84.1,7.1,2.3,24.2,437
2019,643446,89,13.8,4.8,36.7,436
2019,621028,85.3,8.5,2.1,24.8,434
2019,502671,90.1,15.4,11.3,42.4,434
2019,405395,88.3,12.5,5.8,36.6,431
2019,519203,89,12.6,6.8,37,429
2019,596146,89.7,18.2,8.9,42.1,429
2019,519058,89.5,17.4,10.3,40.8,427
2019,500743,87.4,9.1,2.6,28.8,427
2019,624577,90,13.8,9.2,39.1,426
2019,545341,89.3,16,8.5,39.8,425
2019,650402,89.1,17.6,10.1,36.8,424
2019,592663,90.3,14.4,8.7,41.1,423
2019,514888,87.4,9.7,8.1,34.5,422
2019,596115,91,17.5,8.6,46,417
2019,624413,90.7,14.8,15.8,42.7,417
2019,645302,83.3,16.7,4.8,23,417
2019,665742,92,12.5,12.3,47.8,416
2019,605137,92.4,13.1,12.7,47.2,416
2019,624585,92.6,15.4,16.9,50.1,415
2019,520471,88.8,14.7,5.5,36.4,415
2019,608070,89.2,19.8,6.3,35.7,414
2019,607208,90.4,9.9,6.8,42,410
2019,643217,89.1,17.6,8.1,37.7,409
2019,467092,90,-0.1,4.7,42.5,407
2019,543939,86.1,12.6,2.2,25.4,406
2019,518792,88.8,11.3,5.7,36.5,406
2019,624424,89.2,15.9,11.9,39.2,405
2019,458015,88.9,15.2,6.9,38.2,405
2019,474832,87.3,22.4,8.7,35.7,403
2019,656555,89.7,24,9.7,38.7,403
2019,600524,89.9,19.9,10.7,40.9,402
2019,592178,87.6,19.2,9.3,34.1,400
2019,640457,90.4,16.7,12.5,42.9,399
2019,425783,91.9,9.2,8.8,49,399
2019,547180,91.9,13.7,14.8,45.6,399
2019,605412,86.8,12.8,2,25.8,397
2019,518626,92.9,13.3,15.7,50.5,396
2019,457759,90.3,17.8,7.8,43,396
2019,608369,88.8,14.3,7.3,38.2,395
2019,606115,87.9,6.6,4.3,31.3,393
2019,594777,89.5,14.9,11.2,42.6,392
2019,553993,89.3,17.7,13.8,40.8,392
2019,641313,88.3,8.7,5.1,37.6,391
2019,408234,90.3,12.3,6.4,44.4,390
2019,570560,87.1,14.2,1,27,389
2019,595777,86.7,14,6.5,31.3,387
2019,543063,87.8,8.3,5.4,35.1,387
2019,430945,86.2,13.5,6.7,31,387
2019,543877,89.4,13.6,5.9,40.3,387
2019,458731,87.8,13.8,4.1,32.7,386
2019,642715,88.5,10.8,8.4,35.6,382
2019,543401,88.1,14.1,5.5,34.4,381
2019,641531,91.1,16.7,10,42.9,380
2019,656941,93.5,15.5,14.5,51.2,379
2019,518735,90.7,14.2,11.3,41.8,379
2019,595879,91.1,7.7,12.7,43.6,377
2019,572233,91.1,14.8,13.1,48.8,375
2019,665489,89.4,6.7,7.7,38.7,375
2019,592885,93.3,11.3,15.8,49.1,374
2019,668804,89.5,9.4,6.7,41.6,373
2019,605480,85.2,7.3,2.2,20.1,372
2019,542303,91.8,13.5,12.1,49.2,372
2019,543807,89.8,10.5,14.1,44.8,370
2019,502517,86.3,14.8,2.4,28.3,368
2019,541645,89.5,9.8,11.7,40.3,367
2019,425877,87.4,13.9,3.8,35,366
2019,621020,89.9,14.4,10.1,41.6,365
2019,640458,88,14.9,4.1,34.2,365
2019,592743,87.8,9.5,1.7,33.6,361
2019,455976,91.2,7.3,3,44.3,361
2019,660162,93.1,12.3,12.2,47.9,361
2019,570482,90.5,13.7,7,41.6,359
2019,460075,91.5,7.3,9.5,45.3,357
2019,545361,90.9,22.2,18.9,44.4,354
2019,543068,91.1,12.8,15,45,353
2019,592567,88.2,12.5,7.4,34.8,353
2019,452678,89.1,14.4,5.7,35.3,351
2019,451594,85.5,12.9,7.4,28.7,350
2019,605119,89.9,11.1,8.9,46,348
2019,621566,92.7,19.4,14.5,50.4,346
2019,446334,89.7,14,7.5,40.8,346
2019,596059,91.1,17.9,13.6,45.6,346
2019,595281,89.2,6.9,5.5,37.7,345
2019,614177,93.3,9.5,14.8,51,345
2019,598265,90.2,9.1,9.6,44.8,344
2019,571970,89.8,14.5,12,43.4,342
2019,543829,84.2,5.8,0,19,341
2019,453943,88.3,17.1,7.3,38.3,341
2019,592626,91.2,15.6,10.3,43.5,341
2019,519299,85.7,19.3,2.1,20.4,339
2019,553882,85.5,17.9,5.3,28.1,339
2019,466320,88.2,8.9,2.1,33,338
2019,501981,90.2,13.1,9.8,40.4,337
2019,650391,91.2,9.3,12.8,47.9,336
2019,457763,88.6,9.1,4.8,36.3,336
2019,543257,87.7,12.1,2.4,30.9,336
2019,670032,85,3,1.2,19.7,332
2019,596748,89.1,14.8,6.9,38.4,331
2019,623912,88.9,3.8,6.3,34.7,331
2019,542454,91.4,13.5,9.5,43.6,328
2019,503556,90.7,11,6.4,44,328
2019,435622,90.9,8.7,10.4,42.5,327
2019,608577,89.1,10.7,10.7,39.3,327
2019,606132,87.6,7.5,3.7,31.6,326
2019,443558,93.7,13.1,19.9,51.5,326
2019,429664,90.9,7.4,7.4,46.3,324
2019,641857,91.9,8.8,9,48,322
2019,571771,88.3,19.4,5.6,34.5,321
2019,606299,85,17.3,0.3,25.6,320
2019,657656,89.7,14.7,9.7,40.4,320
2019,570731,87.6,12.4,8.8,38.5,318
2019,429665,90.1,22.5,12.9,42.4,318
2019,502481,83.9,9.6,1.6,21.8,317
2019,605204,91.5,10.2,11.1,47.9,315
2019,596129,88.8,17.1,10.5,38,315
2019,664068,88.4,17.8,8,38.9,314
2019,622534,87.7,14.2,3.5,34.8,313
2019,572821,88.5,19,6.7,35.4,312
2019,572122,89.5,18.4,8.4,39.7,309
2019,475253,90.3,16.7,11,39.8,309
2019,596847,91.2,12.8,11.3,42.7,309
2019,592273,86.9,13.8,9.1,36.7,308
2019,592192,89.1,15.2,9.5,41.1,305
2019,543510,90.2,10.8,9.2,44.2,303
2019,657077,89.4,9,5.7,39.7,300
2019,650333,87.1,11.4,2.7,22.8,300
2019,547172,85.3,10.1,0,19.7,299
2019,623993,89.9,15.3,7.7,36.6,298
2019,444482,90.1,6.4,5.4,40.9,296
2019,572761,88,19,7.2,31.1,293
2019,592669,89.9,19.1,12,39.4,292
2019,609275,88.7,10.2,8.6,34,292
2019,435062,91.7,10.8,11.4,48.3,290
2019,570267,89,11.3,12.1,42.1,289
2019,572228,89.9,12.9,13.9,42.4,288
2019,571718,87.6,18.4,6.3,33.3,288
2019,592348,89.3,13,6.3,41.5,287
2019,547004,88.4,11.3,2.8,36.5,285
2019,546991,86.3,8.5,4.6,27.5,284
2019,596105,89.1,7.3,3.9,39.3,280
2019,595751,90.8,4.7,11.5,44.8,279
2019,608385,89.2,7.2,4.3,41.1,278
2019,660271,92.8,6.8,12.2,47.1,278
2019,572039,89.2,12.5,7.6,41,277
2019,669222,87.8,11.1,8,38.2,275
2019,605612,87.2,8.6,3.6,28.6,274
2019,547379,90.2,5.7,11,41.3,273
2019,544369,88,17.7,5.9,35.5,273
2019,643265,89.1,4.5,9.5,40.3,273
2019,621514,86.9,19.1,7.4,33.8,272
2019,518595,90,14.6,7.7,39.7,272
2019,596142,91,19.2,19.1,41.9,272
2019,621311,88.7,11.2,10.3,39.5,271
2019,643376,88.9,16.3,5.9,40,270
2019,571976,90.2,12.2,11.2,41.4,269
2019,573262,89.6,19.5,11.2,42.9,268
2019,641487,85,12.4,3.4,24.8,268
2019,650859,87.1,9.6,6,29.9,268
2019,592261,86.9,13.5,2.2,24.3,267
2019,606192,91.2,15.3,11.7,42.3,265
2019,669242,87.4,14.2,5.3,33.6,265
2019,600303,88.2,13.2,5.3,31.2,264
2019,435522,86.2,11.7,6.5,31,261
2019,641343,88.1,15,5,33.1,260
2019,575929,88.5,7.5,11.5,41.5,260
2019,641525,89.6,17,11.2,41.3,259
2019,519346,90.9,19,8.9,44.2,258
2019,621035,86,13.8,5.4,32.3,258
2019,641432,89.7,17.6,6.2,40.7,258
2019,572033,84.1,17.4,3.1,24.3,258
2019,642133,90.7,14,13.2,41.6,257
2019,640461,90.9,8.6,8.2,44.4,257
2019,500874,88.9,6.9,7.1,39.3,254
2019,553869,88.1,9.2,2.4,34.3,251
2019,455117,88.2,12.7,7.6,35.1,250
2019,650490,91.7,5.7,10.4,44.8,250
2019,455139,87,16.9,7.7,37,248
2019,435559,86,18.9,6.5,32.4,247
2019,518960,86.9,12.5,2.9,32.5,245
2019,596144,88.8,15,4.5,37.6,242
2019,542583,89.4,13.8,7.5,38.3,240
2019,592450,96,11.6,20.2,58.4,238
2019,572041,90.6,13.7,8,39.9,238
2019,600869,88.2,15.8,5.9,33.8,237
2019,608348,88.9,14.3,8.5,40.4,236
2019,527038,87.4,16.4,5.1,30.6,235
2019,571466,86.4,11.8,3,27.9,235
2019,600474,87.6,13.2,8.5,33.6,235
2019,571740,80.7,15.1,0,7.3,234
2019,624415,88.9,20.1,9,39.9,233
2019,664056,88.4,15.3,9.9,35.3,233
2019,666971,90.4,14.4,11.2,45.3,232
2019,543228,87.6,18.1,6.9,36.1,231
2019,656811,90.5,13,9.1,43.7,231
2019,594824,85.8,4.3,2.6,27,231
2019,457803,90.2,21.6,13.4,43.7,231
2019,435263,88.8,11.4,5.7,35.2,230
2019,665487,90.4,6.7,13.2,44.1,227
2019,641598,91.1,15.3,15.5,50,226
2019,519048,90.8,10.1,11.5,45.6,226
2019,592859,86.3,11.1,3.6,30.4,224
2019,475174,88.1,14.1,5.4,39.3,224
2019,593934,94.4,15.9,21.2,57.2,222
2019,434158,88.8,19.4,7.2,34.8,221
2019,670541,92.2,13.4,16.7,48.9,221
2019,656308,88.8,11.7,11.4,35.5,220
2019,523253,89.2,12.3,5.5,40.1,219
2019,452254,91.5,9.9,9.1,42.6,219
2019,467827,86.2,10.2,4.6,21.6,218
2019,608475,87,7.8,4.6,36.7,218
2019,591741,89.2,9.8,5.1,37.4,217
2019,607461,89.4,10.3,5.1,40.5,216
2019,641658,85.8,13.1,3.7,26.2,215
2019,622682,87.5,9.2,1.9,31.8,214
2019,571980,90.8,12.6,9,38.9,212
2019,623520,89.7,7.7,5.7,36.3,212
2019,543308,87.9,16.2,6.6,29.9,211
2019,467055,89.8,10.9,11.4,44.7,210
2019,592325,88.2,9.9,3.8,38,209
2019,621043,89,12.5,12.9,42,209
2019,669374,91.4,16.4,13.5,50,208
2019,572816,87.1,16.2,8.2,34.8,207
2019,445988,87,8.3,0.5,28.5,207
2019,592444,91.7,14.1,10.7,47.6,206
2019,621439,90,20.3,7.8,38.7,206
2019,571788,87.3,11.2,1.5,30.6,206
2019,595978,86.7,21.6,8.3,32.5,206
2019,621006,83.2,9.4,2.4,25.2,206
2019,435079,84.3,17.3,1.5,23.4,205
2019,643393,86.2,14.6,1.5,15.7,203
2019,542921,87.2,10.8,8.4,33.8,202
2019,545350,86.7,11.5,4,31.2,200
2019,474568,86.9,13.2,6.5,36.2,199
2019,500135,88.9,16.2,7.5,40.4,199
2019,571431,88.6,19.6,14.8,43.9,196
2019,621563,87.4,11.6,1.5,32.5,194
2019,519390,89.8,22.4,10.4,41.1,193
2019,643565,88.7,11.3,6.3,38.9,190
2019,647304,89.6,4.5,6.3,36.3,190
2019,622666,86.9,11.1,3.7,31.6,190
2019,605170,89.7,6.9,9,35.9,188
2019,649557,88.3,12,6.4,34.2,188
2019,553902,85.8,15.3,2.7,31.3,186
2019,501571,88.3,11.2,3.2,34.4,186
2019,621453,85.7,9,4.3,32.8,186
2019,542932,86.9,5.2,3.8,38,184
2019,664040,91.6,19.2,16.3,46.2,184
2019,656185,87.3,9.2,2.7,30.9,183
2019,641856,86.7,15.2,6.6,31.9,182
2019,519222,88.6,10.6,6.7,40.6,180
2019,518618,87.2,20.7,10.1,31.4,178
2019,545121,87.3,3.5,3.4,30.3,178
2019,543592,87.4,16.3,3.4,35.6,177
2019,640447,85,14.4,4.6,31.1,175
2019,608596,90.6,18.9,10.9,44.8,174
2019,642165,90.1,15.6,4,38.1,173
2019,608597,85.6,14.8,8.7,36.5,173
2019,642336,88.4,19.7,4.7,29.8,171
2019,448801,89.1,14.1,10.5,39.2,171
2019,641796,84.4,13.6,1.2,19.4,170
2019,541650,88.5,9.3,4.1,35.9,169
2019,501303,86.6,14.9,3.6,28,168
2019,663586,89.4,20.6,13.7,44.6,168
2019,456781,87,14.5,4.2,43.1,168
2019,572287,88.4,19.2,11.3,36.9,168
2019,452095,90.1,11.1,11.3,41.1,168
2019,457727,89.4,11.8,10.2,39.5,167
2019,571745,88.4,17.9,11.4,40.9,167
2019,643603,86,12.4,3.6,30.4,165
2019,656669,89.6,16.1,12.1,38.8,165
2019,457705,90.6,12.7,7.3,40.9,164
2019,656514,87.3,5,3.7,28.8,163
2019,547982,87.3,16.9,6.2,27.3,161
2019,608365,86.9,9.1,6.9,28.1,160
2019,649966,87.3,10.1,4.4,31.4,159
2019,542255,83,9.7,1.9,17.6,159
2019,640449,88.5,15.4,10.8,36.1,158
2019,456078,89.5,13.2,11.4,42.4,158
2019,605131,87.2,16.4,4.4,29.1,158
2019,588751,87.6,11.8,5.8,30.1,156
2019,641477,88.8,19.2,6.4,32.1,156
2019,459964,87.7,16.8,6.5,33.5,155
2019,664238,88.4,19.2,6.5,36.1,155
2019,621446,87,10,3.9,32.9,155
2019,493596,86.2,14.1,9,36.8,155
2019,643396,87.2,6.8,1.3,33.5,155
2019,607345,89.5,5.7,6.5,41.8,155
2019,543305,89.8,14.6,9.9,36.8,152
2019,607732,89.2,11.4,5.9,37.8,152
2019,431145,88.2,11.2,5.3,34,151
2019,488771,91.8,14.4,17.2,47,151
2019,592200,87.2,18.5,6,31,151
2019,641553,86.4,11.1,5.3,30,150
2019,621002,87.7,5.8,1.4,33.8,148
2019,666182,90,10.4,8.8,43.5,147
2019,628338,86.6,12.9,2.7,34.7,147
2019,606157,87.8,18.6,12.9,39,147
2019,457708,87.2,18.5,11.6,37,146
2019,434778,91.3,9.5,6.9,44.8,145
2019,456488,87.9,6.6,1.4,32.9,143
2019,425772,86.1,16.9,1.4,26.4,142
2019,445055,83.1,5.8,1.4,12.8,141
2019,543768,89.1,24.5,7.1,37.9,141
2019,606988,86.6,12.4,5.7,32.9,140
2019,622168,84.7,6.2,1.5,25,136
2019,664034,88.9,15.1,5.9,42.6,136
2019,475582,91.4,9.7,7.5,49.3,134
2019,571875,90.7,14.2,8.2,42.5,134
2019,592387,89.6,17,9,39.2,133
2019,543105,89.9,16.3,9,43.6,133
2019,621573,88.7,9.4,6,39.1,133
2019,642086,88.3,15.1,7.5,34.8,133
2019,607043,89.3,12.2,6.8,35.6,132
2019,605490,81.8,12.1,2.3,17.6,131
2019,506702,85.4,20.8,1.5,25.4,130
2019,608336,94.8,22.4,26.4,53.1,129
2019,450314,85.8,5.3,0.8,23.4,128
2019,608700,85.6,15.3,4.7,32,128
2019,595909,90.5,7.4,12.5,43.8,128
2019,502273,85.6,8.9,2.4,27.8,126
2019,571657,85.4,17.1,5.6,29.7,125
2019,446308,88.8,13.8,7.3,34.1,123
2019,669257,89.4,23.8,10.7,38.8,121
2019,656371,88.5,18.2,7.4,32.2,121
2019,622110,87,5.5,1.7,33.6,119
2019,501896,91.5,11,15.3,50.4,118
2019,572073,84.7,17.6,3.4,21.2,118
2019,645801,91.9,15.6,9.6,45.2,115
2019,628356,92.2,13.7,11.5,46,113
2019,518614,88.8,11.4,4.4,31,113
2019,543281,86.3,19.6,5.4,29.5,112
2019,643418,87.6,11.1,6.3,36.7,112
2019,663757,87.6,15.7,5.4,34.6,111
2019,596103,88.7,3.5,10.1,49.1,109
2019,570481,87.4,4.5,2.8,27.8,109
2019,607752,89.1,7.9,7.3,40.4,109
2019,543543,92.6,17.7,12.8,46.8,109
2019,444489,88.5,16.2,8.3,34.3,109
2019,641513,91.2,16.1,3.7,46.3,108
2019,657061,87.9,6.6,4.6,36.5,108
2019,622569,88.2,12.2,3.7,29.2,107
2019,593523,86.6,6.4,1.9,22.4,107
2019,605508,86.9,4.9,2.8,31.1,106
2019,642082,89.5,16.4,10.4,39.6,106
2019,602922,87.3,8.1,2.8,32.1,106
2019,663993,91.3,13,10.6,45.2,104
2019,570256,89.5,19.2,9.6,30.4,104
2019,594694,83.9,10.1,0,19.4,103
2019,542979,88.1,10.3,5.8,30.1,103
2019,572008,86.9,8.5,6.9,31.4,102
2019,664023,89.8,16,13.7,38.2,102
2019,621466,87.9,12.9,6.9,34.7,101
2019,465041,86.9,12,5.9,31.7,101
2019,572365,87.4,7.8,1,32.7,101
2019,595956,86.3,12.8,2,24,100
2019,571506,89.3,10.4,11,42.9,100
2019,621512,87.4,7.6,5,30.9,100
2019,668942,89,10.3,6.2,42.3,97
2019,600858,84.5,9.3,0,21.6,97
2019,624431,86.8,8.3,2.1,35.4,96
2019,488671,91.4,9.4,18.8,49,96
2019,592407,88.2,11.4,1,34.4,96
2019,471865,87.6,1.4,6.3,34.7,95
2019,642136,89.1,15.9,6.3,43.2,95
2019,650619,87.5,4.9,1.1,27.7,94
2019,546318,88,11,4.3,30.9,94
2019,670712,86.5,14.3,4.3,36.2,94
2019,571697,86.3,13.2,2.1,25.5,94
2019,518586,88.3,13.2,7.5,30.1,93
2019,455104,92.1,8.7,14.3,51.6,91
2019,595375,88.9,9.9,8.9,30,90
2019,605233,92.3,9.2,12.4,44.3,89
2019,527049,86.3,-3.5,6.8,26.1,88
2019,641933,89,19.9,6.8,37.2,88
2019,592122,91.7,14.9,15.9,48.8,88
2019,571912,84.7,13.2,4.5,28.4,88
2019,595284,89.2,16.1,9.1,42,88
2019,669256,88.3,6.3,9.2,32.2,87
2019,643289,84.8,9.5,2.3,19.8,86
2019,664702,84.7,9,1.2,16.5,85
2019,545358,89.3,12.4,3.5,41,85
2019,607776,85.4,8.8,3.6,33.7,84
2019,446359,85.9,21.6,1.2,21.4,84
2019,621005,85,8.7,3.6,24.1,83
2019,594807,91.1,25.6,15.9,32.9,82
2019,448602,88.9,17.5,6.2,37,81
2019,594011,87.9,11.8,2.5,27.8,79
2019,624512,86.7,13.1,3.8,24.1,79
2019,602074,84.5,4.8,1.3,20.8,77
2019,607054,88.4,9.5,3.9,26,77
2019,446481,88.3,13.5,5.3,36.8,76
2019,446263,91.5,22.5,12,45.3,75
2019,596451,88.9,11.7,5.3,36,75
2019,605361,87.6,5.7,1.5,32.8,68
2019,642180,86.9,12.8,5.9,27.9,68
2019,650489,84.7,18.1,1.5,25,68
2019,663538,85.6,3.9,1.5,23.5,68
2019,541600,86.6,6.9,0,29.4,68
2019,576397,85.8,16.3,4.4,32.4,68
2019,542364,86.6,13.9,4.5,27.3,66
2019,572863,84.5,20.7,4.7,25,64
2019,608384,86.7,10.9,6.3,30.2,63
2019,668670,83,19.7,4.8,20.6,63
2019,641505,84.6,11.6,3.3,23,61
2019,647351,86.9,7.5,5,35,60
2019,605486,85.1,0.7,5,25.5,60
2019,460576,88.1,19.3,11.9,33.3,59
2019,456665,88.5,12.8,5.1,33.9,59
2019,500208,82.9,6.9,3.4,22.4,58
2019,642851,87,6.2,1.8,22.8,57
2019,596119,85.7,12.2,5.4,28.6,56
2019,572191,91.5,8.9,7.1,42.9,56
2019,543302,88.7,6.7,7.1,32.1,56
2019,669720,91,11.5,5.5,41.8,55
2019,595981,87.4,10.7,1.8,36.4,55
2019,594988,86.5,7.2,3.7,26.5,54
2019,656541,90.8,8.4,13,42.6,54
2019,620446,86.7,9.8,0,29.6,54
2019,656775,84.2,14.9,1.9,17,53
2019,543377,87.3,9.3,1.9,26.4,53
2019,664913,89,17.5,11.5,38.5,52
2019,544931,88,-3.9,1.9,28.8,52
2019,460026,84.6,16.1,1.9,28.6,52
2019,502117,84.8,9.9,3.9,23.5,51
2019,666158,88.8,13.2,5.9,39.2,51
2019,644374,87.9,9.9,5.9,31.4,51
2019,643436,84.9,7.3,8,36,50
2019,642731,88.6,7.3,4,40,50
2019,642721,90.2,-2.2,4,42,50
2019,594838,88.6,15.1,6.1,36.7,49
2019,491696,88,7.5,0,26.5,49
2019,663898,86.9,7.2,4.1,32.7,49
2019,594953,87.4,15,6.1,34.7,49
2019,641645,87,16.8,6.1,26.5,49
2019,608686,85.6,18.9,4.2,20.8,48
2019,628317,82.8,7.8,0,8.3,48
2019,477132,83.4,5.7,0,10.9,48
2019,656427,86.5,6.7,0,19.1,47
2019,594798,85.2,1.6,2.1,28.3,47
2019,663656,92,16.3,12.8,48.9,47
2019,641470,90.7,15.3,14.9,53.2,47
2019,664774,88.7,11.6,6.4,40.4,47
2019,543148,90.4,19.2,8.5,42.6,47
2019,621433,87.6,14,4.3,23.9,46
2019,642162,88.8,20,4.4,31.1,45
2019,571927,83.6,8.1,2.3,18.2,44
2019,608331,86.5,-3.5,0,29.5,44
2019,605196,89.9,14.2,22.7,50,44
2019,664119,84.2,9.5,2.3,15.9,44
2019,608566,81.1,9.4,2.3,13.6,44
2019,665120,91.3,14.1,13.6,50,44
2019,641786,90.3,10.4,23.3,46.5,43
2019,425844,88.9,5.9,11.9,31,42
2019,461314,87.3,13.6,2.4,30,42
2019,571578,81.9,-5.8,0,11.9,42
2019,605474,82,17.5,0,14.3,42
2019,643230,85.1,5.9,2.4,24.4,41
2019,554430,78.6,2,2.4,14.6,41
2019,591971,85.9,17.2,0,30,40
2019,547943,86.9,4,5,15,40
2019,664926,89.7,24.4,7.5,40,40
2019,605397,86.8,11.3,5,27.5,40
2019,592680,89.3,1.6,0,35,40
2019,543243,84.8,-12.3,0,13.2,39
2019,573135,88.2,4.7,5.1,41,39
2019,518653,86.6,13.1,0,15.4,39
2019,668800,88.1,7.3,2.6,33.3,39
2019,596825,89.8,22.6,15.8,42.1,38
2019,547170,87,15.9,7.9,34.2,38
2019,491676,80.5,11.5,2.6,23.7,38
2019,543776,86.7,-0.1,0,28.9,38
2019,641914,90.6,10,5.3,47.4,38
2019,425794,87.9,14.6,0,22.2,37
2019,543194,85.6,15.2,5.4,27,37
2019,669221,90.7,7.3,8.1,37.8,37
2019,647336,79.1,-8,0,10.8,37
2019,609280,83.6,13.6,0,24.3,37
2019,571437,85.3,16.8,5.4,21.6,37
2019,519317,92.7,7.9,25,47.2,36
2019,595453,89.8,14.3,13.9,38.9,36
2019,571974,87.9,18.1,11.1,27.8,36
2019,500779,81.4,-8.6,0,11.4,36
2019,527054,84.2,10.8,0,27.8,36
2019,623323,83.1,13,0,13.9,36
2019,571945,81.6,5,0,23.5,35
2019,456124,85.7,21.2,0,28.6,35
2019,658069,84.5,7.4,2.9,22.9,35
2019,620439,89,6.5,11.8,35.3,34
2019,592351,77.2,1.5,0,8.8,34
2019,453286,87.2,-7.5,0,20.6,34
2019,621532,83.7,22.7,2.9,20.6,34
2019,622491,79.3,14.8,0,6.3,34
2019,435064,78.2,21.6,0,2.9,34
2019,641712,83.5,-10.9,0,11.8,34
2019,592761,91.6,4.5,0,36.4,33
2019,605253,83.5,6.5,0,12.1,33
2019,518876,84.5,-8.8,0,9.1,33
2019,624414,84.4,5.3,6.1,24.2,33
2019,642423,86.9,4.6,0,27.3,33
2019,434670,88.9,6.3,6.3,43.8,32
2019,592662,79.5,-13.9,0,6.3,32
2019,543294,86,5.4,0,18.8,32
2019,434671,78.6,-1.5,0,0,32
2019,460077,84.6,23.9,0,19.4,31
2019,664041,87.9,1.1,3.2,38.7,31
2019,547179,96.5,0.2,3.2,64.3,31
2019,543309,89.8,17.7,9.7,38.7,31
2019,640460,84.5,11,3.3,36.7,30
2019,488721,85.1,20.9,3.3,16.7,30
2019,657041,91.7,6.4,13.3,43.3,30
2019,453562,87,20.7,0,26.7,30
2019,430935,84.6,4,0,20.7,29
2019,605200,82.6,15.5,0,6.9,29
2019,664247,91.6,25,20.7,41.4,29
2019,506433,89.4,-2.3,3.4,37.9,29
2019,605400,86.7,1.9,0,20.7,29
2019,621111,88.1,-6.3,3.4,31,29
2019,543101,89.5,-7.2,0,28.6,29
2019,543376,87,22,0,24.1,29
2019,452657,86.3,4.9,0,21.4,28
2019,664901,86.4,12.8,0,21.4,28
2019,605540,88.2,9.5,0,25,28
2019,592660,93.8,7.5,10.7,50,28
2019,596117,84.8,12.9,0,28.6,28
2019,596012,86.2,20.1,7.4,37,27
2019,663978,84,-7.9,0,18.5,27
2019,518516,91,15.3,7.4,48.1,27
2019,593700,82,8.1,0,22.2,27
2019,605421,92.5,15.5,7.4,48.1,27
2019,641584,83.4,31.4,3.8,15.4,26
2019,621458,95,5.4,26.9,65.4,26
2019,502188,88.1,-5,0,23.1,26
2019,641829,91,5.6,7.7,50,26
2019,592826,84.7,-0.7,0,24,25
2019,656252,91.9,10.1,8,40,25
2019,657434,87.9,24.4,12,41.7,25
2019,489149,87.7,22.1,12,28,25
2019,592863,87.6,14.8,0,32,25
2019,592866,84.4,-0.9,0,4,25
2019,621107,81.9,15.1,0,16,25
2019,607223,88.3,20.5,8.3,33.3,24
2019,444432,90,8.8,8.3,37.5,24
2019,607468,90.1,12.4,4.2,33.3,24
2019,501659,89.7,9.2,4.3,43.5,23
2019,624513,87.5,25.7,8.7,26.1,23
2019,450306,80.1,-2.2,0,13,23
2019,598284,92,13.9,4.3,43.5,23
2019,666198,90.9,12.4,8.7,43.5,23
2019,641778,85.2,14.3,4.3,13,23
2019,615698,78.3,-19.6,0,4.3,23
2019,593647,88,-2.1,4.5,40.9,22
2019,605244,87.3,21.6,4.8,35,21
2019,663567,80.9,4.1,0,4.8,21
2019,622608,89.2,-2.2,0,19,21
2019,641816,88.4,-11.4,0,19,21
2019,543699,85.3,7.3,4.8,15,21
2019,623180,89.5,8.3,9.5,38.1,21
2019,506703,87.2,-0.7,0,33.3,21
2019,434658,87,12.8,5,30,20
2019,657145,86.2,0.5,0,35,20
2019,592314,78.9,-3.8,0,0,19
2019,595885,85.3,7.8,5.3,36.8,19
2019,621493,91.7,11.2,10.5,52.6,19
2019,664057,84.6,12,10.5,31.6,19
2019,608715,86.3,24.5,5.3,21.1,19
2019,502042,83,-0.8,0,5.3,19
2019,592789,88.2,21.7,15.8,42.1,19
2019,608671,79.4,12.2,0,5.9,18
2019,607333,89.7,6,11.1,50,18
2019,608379,81.9,6.6,0,16.7,18
2019,543475,81.2,-8,0,0,18
2019,534606,86.1,7.9,16.7,27.8,18
2019,456030,85.6,6.3,0,22.2,18
2019,502624,84,3,0,5.6,18
2019,641684,91.5,24.2,0,55.6,18
2019,592230,83,20.9,0,11.1,18
2019,621559,90.4,27.8,5.9,35.3,17
2019,664192,82,-4.3,0,11.8,17
2019,641154,88.8,11.2,5.9,23.5,17
2019,546990,86.1,13.6,5.9,29.4,17
2019,595881,81.7,6,0,5.9,17
2019,642736,85,21.4,0,23.5,17
2019,668227,90.7,5.6,6.3,37.5,16
2019,657141,83,-19.7,0,12.5,16
2019,668678,84.2,-0.3,0,18.8,16
2019,625510,80.7,10.8,0,0,16
2019,517369,86.5,22.8,13.3,33.3,15
2019,664199,84.5,3.4,0,20,15
2019,645261,84.1,-8.8,6.7,20,15
2019,475247,96.1,8,6.7,46.7,15
2019,642607,86.3,-19.9,0,40,15
2019,656546,81.3,-3.7,0,13.3,15
2019,548389,79.5,-8.6,0,0,15
2019,542436,85.9,2.1,0,28.6,14
2019,624407,83,1.2,0,14.3,14
2019,543089,87,7.8,7.1,14.3,14
2019,492802,82.1,8.5,0,14.3,14
2019,670950,85.2,-4,0,14.3,14
2019,607200,81.5,-0.2,0,14.3,14
2019,641878,87.4,11.6,0,28.6,14
2019,543022,90,9.4,0,35.7,14
2019,468504,88.2,22,7.1,28.6,14
2019,518542,85.7,17,0,15.4,13
2019,606956,81,16.3,15.4,30.8,13
2019,593528,89.1,15.5,7.7,30.8,13
2019,643524,85.7,20.5,0,23.1,13
2019,591720,80.2,24.4,0,0,13
2019,628711,83.5,5.5,0,0,13
2019,622694,80.1,-6.8,0,15.4,13
2019,607536,93.6,-11.6,0,30.8,13
2019,425784,87.6,19.2,0,23.1,13
2019,621381,94.4,8.8,0,46.2,13
2019,659275,81.3,-13.4,0,7.7,13
2019,543432,87.9,10.6,7.7,38.5,13
2019,543484,88.6,30.4,8.3,25,12
2019,502190,69.6,4.8,0,0,12
2019,573186,85.6,-6.3,0,16.7,12
2019,621550,94.3,21.8,0,50,12
2019,642221,83.9,6.7,0,25,12
2019,605446,85.4,12.6,0,25,12
2019,572971,84.2,-11.3,0,25,12
2019,571679,85.5,5.5,0,45.5,11
2019,595191,89.4,-14.9,0,36.4,11
2019,622268,87.6,8.7,0,18.2,11
2019,461829,76.9,10.9,0,0,10
2019,656582,81.4,1.1,0,30,10
2019,592767,83.8,-30.1,0,20,10
2019,642547,73.2,-3.4,0,10,10
2019,664062,87.5,13.3,0,20,10
2019,623205,92.1,18.2,0,50,10
2019,643327,80.8,31.6,0,10,10
2019,676606,86.7,-1.7,0,20,10
2019,596133,91.2,25.4,0,40,10
2019,448179,69.9,0.5,0,0,10
2019,622046,93.4,9.6,0,40,10
2019,592332,74.5,-23.6,0,0,9
2019,614173,92.4,19.5,0,33.3,9
2019,605452,87.3,8.4,0,22.2,9
2019,592346,83.9,-8,0,0,9
2019,621438,79.1,-5.7,0,11.1,9
2019,595222,90.2,6.2,11.1,44.4,9
2019,623168,79.4,22.2,0,25,8
2019,620443,86.7,-4,12.5,50,8
2019,657277,86.7,-5.2,0,25,8
2019,669738,78,-2.8,0,0,8
2019,656605,87.9,-13.1,0,0,8
2019,608339,90.4,6.7,0,25,8
2019,605288,92.9,-1.3,0,37.5,8
2019,502570,84.9,16.4,0,0,8
2019,641312,85.6,19.4,12.5,12.5,8
2019,606992,87.3,9.8,12.5,37.5,8
2019,656577,78.5,28.4,0,0,8
2019,656713,87.4,-5.6,12.5,37.5,8
2019,545333,87.1,-12.7,0,0,8
2019,592791,85.6,2.2,0,12.5,8
2019,476451,76.7,-12,0,14.3,7
2019,453064,92.8,17.6,0,28.6,7
2019,543532,85.7,-12.4,0,28.6,7
2019,570632,74,-33.4,0,0,7
2019,620453,92.6,22.6,14.3,28.6,7
2019,601713,85.7,-4.2,0,14.3,7
2019,622065,73.1,-37.1,0,14.3,7
2019,622072,92.4,10.8,0,14.3,7
2019,669160,82.5,-19.6,0,28.6,7
2019,594965,78.6,-26.9,0,14.3,7
2019,621450,85,21,14.3,14.3,7
2019,608723,82.4,15.1,0,0,7
2019,519141,85.6,-16.8,0,0,7
2019,621219,79.6,1.8,0,0,6
2019,624641,83.1,-0.3,0,50,6
2019,605548,82.8,0.6,0,16.7,6
2019,593958,82.1,-56.1,0,0,6
2019,474463,87.2,-1.7,0,33.3,6
2019,669203,92.6,-7.3,0,33.3,6
2019,600466,77.9,12.7,0,16.7,6
2019,518568,81.3,-6.1,0,0,6
2019,518452,75.2,-25.8,0,0,6
2019,514913,80.4,12.8,0,0,6
2019,667498,88.5,11.2,0,40,5
2019,606131,84,0.5,0,0,5
2019,502706,82.5,4.2,0,0,5
2019,542960,88.8,7.1,0,25,4
2019,400085,NA,NA,0,NA,4
2019,592620,93,25.2,0,50,4
2019,641745,81.8,-17.4,0,0,4
2019,592685,75.3,45.8,0,0,4
2019,543193,94.8,8.2,0,50,4
2019,501985,87.5,-4.1,0,0,4
2019,489119,87.8,1,0,0,4
2019,663531,82.2,-15.6,0,25,4
2019,623214,83.8,-16.8,0,25,4
2019,656725,95.4,-3.4,0,33.3,4
2019,519144,86.3,-2.6,0,0,4
2019,457918,91.3,-20.5,0,25,4
2019,456701,75,-11.8,0,0,4
2019,641924,93.6,29.6,0,50,4
2019,446868,88.4,39.1,0,25,4
2019,608344,87.1,14.5,0,25,4
2019,542881,75.4,46.4,0,0,4
2019,571467,95.6,-1.5,0,50,4
2019,572362,77.9,-7.7,0,0,4
2019,608371,92.3,5.5,0,33.3,3
2019,605276,91.3,35.4,0,33.3,3
2019,605156,85.6,-12.1,0,0,3
2019,605135,82,0.3,0,0,3
2019,596057,87,1.9,0,0,3
2019,592779,83.7,48.1,0,33.3,3
2019,624133,87.5,-15,0,0,3
2019,640470,84,-8.8,0,0,3
2019,641541,97.6,-21.1,0,66.7,3
2019,572020,NA,NA,0,0,3
2019,641851,95.8,11,0,33.3,3
2019,543606,82.3,22.6,0,0,3
2019,543557,84.2,36.2,0,0,3
2019,657053,89.8,42.7,33.3,33.3,3
2019,542882,79.5,-32.8,0,0,3
2019,663423,88.5,4,0,66.7,3
2019,501381,81.7,-13.3,0,0,3
2019,488768,81.4,-28.7,0,0,3
2019,458708,80.7,35.1,0,0,3
2019,457915,70.8,39.4,0,0,3
2019,669060,89.9,-7.9,0,33.3,3
2019,669214,83.4,-3,0,0,3
2019,476704,79.8,23.5,0,0,3
2019,624419,88,29.4,0,33.3,3
2019,630111,98.8,-10.7,0,33.3,3
2019,664874,78.7,21.9,0,0,3
2019,607644,80.7,-34.3,0,0,2
2019,657571,80.4,-39.6,0,0,2
2019,669456,84.6,-29.6,0,0,2
2019,664045,82.9,76.9,0,0,2
2019,502043,NA,NA,0,0,2
2019,519293,95.1,10.7,0,50,2
2019,596001,77.5,-16.5,0,0,2
2019,664208,74.8,2.9,0,0,2
2019,623167,81.3,-3.5,0,0,2
2019,607391,82.1,-5.6,0,0,2
2019,658648,69.1,-58.3,0,0,2
2019,543037,85,-40.3,0,0,2
2019,605439,73.7,48.4,0,50,2
2019,592468,72.6,-11.2,0,0,2
2019,657140,84.1,-38.1,0,0,2
2019,621261,89,31.1,0,0,2
2019,519008,NA,NA,0,0,2
2019,658792,87.9,-4.5,0,50,2
2019,622786,106,-16.7,0,50,2
2019,605347,61.3,27.3,0,0,2
2019,518633,76.9,-45.9,0,50,2
2019,594835,93.2,14.4,0,0,2
2019,518553,69.8,9.6,0,0,2
2019,621141,95.1,28,0,50,2
2019,605498,55.1,-4.3,0,0,2
2019,451192,79.3,-32.5,0,0,2
2019,608717,87.2,-22.2,0,0,2
2019,621086,72.8,6.3,0,0,2
2019,606149,NA,NA,0,0,2
2019,606162,98.6,26.8,0,100,2
2019,571918,92.7,4.9,0,50,2
2019,594987,89.9,10.8,0,0,2
2019,571917,77,-44.8,0,0,2
2019,642098,93,-8.5,0,50,2
2019,657566,87.2,-20.6,0,0,2
2019,456051,90.8,-4.5,0,0,2
2019,553878,84.9,-25.4,0,50,2
2019,643275,90.7,27.4,0,0,2
2019,572070,82.9,-20.7,0,0,2
2019,642397,92.4,13.5,0,50,2
2019,642701,90.3,6.8,0,0,2
2019,570240,87.1,-24.4,0,0,2
2019,502239,92.2,26.7,0,0,2
2019,668663,67.8,24.5,0,0,2
2019,521655,85.7,2.2,0,0,2
2019,663465,77.1,53.9,0,0,2
2019,623515,75.4,-30.7,0,0,2
2019,622075,97.4,29.8,0,100,2
2019,571595,74.7,-35.1,0,0,2
2019,592717,86,-6.6,0,0,2
2019,453172,80,69,0,0,1
2019,669270,74.8,-13.6,0,0,1
2019,448855,75,6.1,0,0,1
2019,670456,51.4,3.7,0,0,1
2019,448281,83.6,-31.7,0,0,1
2019,446321,98,-13.7,0,100,1
2019,445926,80.1,13.8,0,0,1
2019,671790,90.6,2.5,0,0,1
2019,434538,63.4,-55,0,0,1
2019,600968,92.6,-27.3,0,0,1
2019,605154,70.5,22.6,0,0,1
2019,605182,82.9,-20.7,0,0,1
2019,434378,67,-19.5,0,0,1
2019,605280,82.9,-20.7,0,0,1
2019,433589,82.8,1.7,0,0,1
2019,433587,95.9,-17.5,0,100,1
2019,621199,102.1,-3.1,0,100,1
2019,429719,104.3,3.9,0,100,1
2019,608337,89.2,16,0,0,1
2019,605513,NA,NA,0,0,1
2019,605538,100.7,-15.5,0,100,1
2019,606273,73.9,-37.8,0,0,1
2019,606959,83.8,-49.4,0,0,1
2019,607192,NA,NA,0,0,1
2019,608334,102.8,-2.3,0,100,1
2019,642545,77,-32.8,0,0,1
2019,547888,85.5,-51.2,0,0,1
2019,554340,82.9,-20.7,0,0,1
2019,544928,72,-21.9,0,0,1
2019,643354,81.1,-39.4,0,0,1
2019,607219,62.5,-53.8,0,0,1
2019,650644,76.3,-63.2,0,0,1
2019,650813,97.5,-16.1,0,100,1
2019,571510,96,3.5,0,100,1
2019,543548,88.1,-8.7,0,0,1
2019,656222,93.9,-32.3,0,0,1
2019,664059,70.3,60.6,0,0,1
2019,656288,62.8,0.2,0,0,1
2019,571539,NA,NA,0,0,1
2019,571670,82.9,-20.7,0,0,1
2019,656794,82.8,30.3,0,0,1
2019,656803,80.4,8.1,0,0,1
2019,571863,86,28.3,0,0,1
2019,657024,NA,NA,0,0,1
2019,543135,NA,NA,0,0,1
2019,543118,96.2,-1.1,0,100,1
2019,607231,90.3,32.7,0,0,1
2019,543045,77.2,30.2,0,0,1
2019,641627,90,18.3,0,0,1
2019,282332,96.8,16.6,0,100,1
2019,543001,81,-26,0,0,1
2019,572140,95.6,-36.3,0,100,1
2019,612672,52.2,31.7,0,0,1
2019,579328,NA,NA,0,0,1
2019,527048,NA,NA,0,0,1
2019,523260,NA,NA,0,0,1
2019,592229,85.1,-32.9,0,0,1
2019,592612,NA,NA,0,0,1
2019,628452,91.5,-30.9,0,0,1
2019,592644,95,-20.3,0,100,1
2019,660761,83.1,-46.8,0,0,1
2019,504379,105.5,-13.4,0,100,1
2019,625643,82.9,-20.7,0,0,1
2019,622226,73.9,-7.5,0,0,1
2019,592716,NA,NA,0,0,1
2019,623364,69.2,-34.6,0,0,1
2019,623352,71.4,-39.9,0,0,1
2019,664353,75.1,-61.4,0,0,1
2019,664854,90.1,-34.2,0,0,1
2019,623149,66.2,13.5,0,0,1
2019,608718,82.2,-7.7,0,0,1
2019,593334,NA,NA,0,0,1
2019,593423,87,-11.1,0,0,1
2019,622772,NA,NA,0,0,1
2019,467100,63.9,20.5,0,0,1
2019,594986,NA,NA,0,NA,1
2019,607625,75,14.7,0,0,1
2019,595465,NA,NA,0,0,1
2019,456501,82.9,-20.7,0,0,1
2019,668676,NA,NA,0,0,1
2019,456034,89.1,-9.7,0,0,1
2019,668683,71.3,-12,0,0,1
2019,595798,83.7,14.4,0,0,1
2019,453281,NA,NA,0,0,1
2020,593160,86.1,15.8,5.1,27.3,216
2020,607208,90.5,9.5,9.5,40.7,199
2020,596019,89.9,13.5,5.6,41.1,197
2020,593643,82.3,13.2,1,20.7,193
2020,592518,90.2,15.6,11,43.5,191
2020,544369,83.8,17.8,4.2,27.9,190
2020,596748,86.7,8.4,5.8,38.6,189
2020,493329,89.3,13.9,3.7,36.5,189
2020,516782,87.1,6.5,6.4,30.3,188
2020,600303,88,17.1,4.8,28.3,187
2020,664058,84.7,4.1,0.5,17.8,185
2020,665489,92.5,4.6,8.7,50.8,183
2020,453568,86.9,13.5,4.9,29.7,182
2020,547989,92.9,10.9,14.3,53.3,182
2020,605141,90.7,18.5,7.7,43.4,182
2020,643396,87.2,0.8,2.2,31.1,180
2020,592696,87.5,18.1,6.2,35.4,178
2020,514917,89.1,5.6,4,37.3,177
2020,608070,88.7,23.2,10.2,35.6,177
2020,518692,92.4,17.2,14.7,54.2,177
2020,608369,93.2,11.9,15.8,55.9,177
2020,593871,86.6,16.1,2.8,33.3,177
2020,572122,89.1,17.7,10.2,39.8,176
2020,518934,91.3,2.3,2.9,45.7,175
2020,624428,85.5,12.3,4,25.1,175
2020,596115,89.9,20.8,8.7,41.3,172
2020,572233,90.4,11.5,6.4,48.5,171
2020,641355,89.3,16.6,9.4,41.5,171
2020,669256,89.9,9.4,4.7,40.4,171
2020,457705,89.7,18.2,8.2,41.2,170
2020,545341,88.9,12.6,11.2,39.6,169
2020,542303,93,16.4,15.4,54.4,169
2020,607680,87.1,13.4,5.4,36.5,167
2020,641487,85.8,11.5,1.8,31.1,167
2020,621020,89.1,14.7,11.4,40.7,167
2020,519203,87.7,16.7,7.8,34.7,167
2020,571448,87.8,19.1,5.4,33.7,166
2020,646240,93,10.6,12.1,43.6,165
2020,665487,95.9,8.7,19.5,62.2,164
2020,500871,88.6,18.1,5.5,31.7,164
2020,467793,88,12.2,6.7,36.6,164
2020,663656,91.1,14.9,9.1,44.5,164
2020,527038,87.9,19,6.1,34.4,163
2020,606466,89.2,10,3.7,40.5,163
2020,593428,89,8.7,8.6,36.8,163
2020,666971,90.8,10.5,11.7,49.4,162
2020,643446,86.6,11.5,2.5,26.5,162
2020,543760,86.2,19.3,5,28.6,161
2020,444482,89.2,6.4,5,36.3,160
2020,572228,88.9,15.2,13.1,40,160
2020,641313,87.2,6.7,10.1,35.8,159
2020,624415,87.4,16.7,5,30.8,159
2020,572816,85.7,11.1,5.7,30.8,159
2020,669242,86.5,8.2,3.8,33.5,158
2020,543685,90.1,19.5,6.3,40.5,158
2020,650391,92.4,5.7,16.5,55.7,158
2020,622682,90,10.7,3.8,41.4,157
2020,657077,87,5.9,6.4,34.4,157
2020,446334,91.7,10.7,11.5,45.2,157
2020,408234,93.2,12.1,9.7,49.7,155
2020,595777,87.2,11,3.2,27.7,155
2020,543939,86.5,10.8,0.6,26.6,154
2020,452678,89.5,13.7,6.5,38.3,154
2020,502110,89.5,14.7,11,41.6,154
2020,621043,88.8,11.3,5.9,42.1,153
2020,543807,88.7,18.3,12.4,42.5,153
2020,605113,87.7,9.4,5.2,33.3,153
2020,572041,89.6,13,10.5,43.1,153
2020,663757,88.3,13.5,11.1,41.8,153
2020,514888,86.7,9.3,4.6,33.3,153
2020,456781,88.5,15.5,4.6,34.9,152
2020,542583,89.3,16,7.2,37.5,152
2020,609275,90.6,13.7,7.3,39.1,151
2020,592206,91,16.5,16,46.7,150
2020,606132,85.3,1.8,2,30,150
2020,547180,92.5,16,17.3,50.7,150
2020,502671,89.2,11.7,10.7,40.9,149
2020,595879,89.4,10.3,8.1,40.3,149
2020,429664,90.4,6.2,7.4,46.6,148
2020,624413,90.2,15.5,12.8,41.2,148
2020,516416,87.7,11.2,6.1,38.5,148
2020,545361,93.7,23.1,15,55.1,147
2020,614177,92.4,11.2,12.9,44.9,147
2020,502210,85.9,19.1,4.8,29.3,147
2020,624424,88.4,11,11,36.6,145
2020,571970,88.5,14.2,12.4,40,145
2020,594777,89.4,17,11.8,38.2,144
2020,598265,88.4,4.3,7.6,36.4,144
2020,458015,87.4,15.4,9.1,35.7,143
2020,607043,87.2,7.6,7.7,32.9,143
2020,630105,89.8,10.6,10.5,42.7,143
2020,592192,89.7,19.4,7.7,39.4,142
2020,606115,89,9.6,5.6,38.7,142
2020,488726,88.7,10.2,4.9,37.3,142
2020,571976,91,13.4,14.8,45.8,142
2020,547004,87.9,10.5,8.5,39,141
2020,663586,91,13.6,10,42.9,140
2020,605137,91.7,5.9,8.6,42.9,140
2020,621028,85.5,8.7,0.7,28.3,138
2020,503556,89.2,12.6,5.1,38.4,138
2020,573262,88.2,18.4,10.9,42.3,137
2020,594807,88.1,22.9,13.9,40.1,137
2020,664040,89.8,18.1,17.5,43.1,137
2020,641786,88.3,11.1,11.7,35,137
2020,600869,90.2,13.3,10.3,47.1,136
2020,596146,88.5,22.2,5.1,38.2,136
2020,664023,91.1,9,10.3,48.5,136
2020,605204,90.1,3.3,8.9,45.2,135
2020,605119,87.4,9.6,9.6,39.3,135
2020,642086,89.8,10.8,13.3,46.7,135
2020,621563,86.7,5.1,3.7,32.1,134
2020,669374,87.4,14.3,14.2,39.6,134
2020,575929,89.8,9.1,10.4,47.8,134
2020,570481,88.5,5.5,6.7,44,134
2020,542340,86.7,1.6,1.5,35.8,134
2020,621566,92.3,19.6,12.8,45.9,133
2020,600524,86.3,21.1,12.1,36.4,132
2020,541645,87.4,8.7,3.8,37.1,132
2020,553993,89.1,17.9,14.4,44.7,132
2020,621035,88,9.1,11.5,45,131
2020,673357,87.9,16.7,13,40.5,131
2020,543305,88.2,11.1,6.9,38.2,131
2020,594809,87.8,5.7,4.6,38.2,131
2020,670032,84.9,1.4,1.5,26.7,131
2020,660162,87.8,13.9,6.2,33.1,130
2020,570482,91.4,12.3,6.9,40.8,130
2020,543877,88.4,14.4,4.6,40,130
2020,543592,89.7,12.5,7.8,43.4,129
2020,606192,93.3,15.3,18,53.1,128
2020,405395,88.6,16.4,5.5,34.4,128
2020,623993,88.6,24.7,10.2,36.7,128
2020,657656,87.7,12.3,9.4,34.4,128
2020,543257,89,15.2,5.5,37.5,128
2020,608324,88.9,17.3,3.9,33.6,128
2020,668804,87.5,10.2,10.2,38.3,128
2020,443558,91.6,9.4,15,47.2,127
2020,592567,91.9,8.3,13.4,47.2,127
2020,543063,88.7,12.4,9.4,39.4,127
2020,664761,90.2,4.8,10.3,46.8,126
2020,460086,82.8,11.6,3.2,25.4,126
2020,425877,84.7,12.3,2.4,25.4,126
2020,665742,92.1,4.3,18.3,51.6,126
2020,578428,86.2,7.6,3.2,36.5,126
2020,457759,90.3,17.5,11.2,44,125
2020,570731,87.2,8.7,5.6,33.6,125
2020,656941,92.8,8.8,11.2,47.2,125
2020,592663,90.2,11.6,13.6,42.4,125
2020,643289,86.2,16.7,4,30.6,124
2020,592885,94,7.1,12.1,55.6,124
2020,543105,90.9,17.8,10.7,44.3,122
2020,622534,89.4,7.5,4.1,33.9,121
2020,600474,87.6,9.5,7.4,31.4,121
2020,673451,85.1,2.9,0.8,26.4,121
2020,645302,82.2,19,1.7,22.9,118
2020,543333,90.8,8.7,10.3,47,117
2020,518595,93.4,8.1,11.2,57.8,116
2020,453943,87.8,20.5,5.2,31.3,115
2020,521692,91,14.2,13.9,47,115
2020,608336,91.2,26.8,14,43.9,114
2020,543768,90.9,19.8,7.9,44.7,114
2020,474832,90.7,18,16.8,46.9,113
2020,518792,87.6,11.3,4.5,40.2,112
2020,467092,89,6.5,7.1,42,112
2020,642715,88.8,12.5,9.9,40.5,111
2020,520471,87,13.6,4.5,27.9,111
2020,641658,86.3,14.4,8.1,23.4,111
2020,641531,86.4,17,8.2,30.9,110
2020,571771,88.5,16.2,7.3,43.1,109
2020,621005,87.2,6.5,2.8,39.4,109
2020,642708,86.5,4.2,3.7,33,109
2020,642162,88.7,18.2,8.3,34.3,108
2020,650402,88.6,14.9,3.7,38,108
2020,656555,89.7,25.1,14.8,41.7,108
2020,660294,90.2,17.2,9.3,47.2,108
2020,572039,88.1,13.5,6.5,39.8,108
2020,455976,89,9.5,1.9,42.1,107
2020,656775,88.6,15.9,2.8,31.8,107
2020,500743,87.2,12.2,0.9,30.8,107
2020,641857,90.1,9.2,11.2,43,107
2020,657557,89.2,21.7,7.5,40.6,106
2020,429665,85.4,22.8,13.2,33,106
2020,519058,88.8,16.3,9.5,40,105
2020,518735,90.3,15.6,7.6,43.8,105
2020,671277,83.5,-3.6,4.8,29.5,105
2020,457708,91.7,18.6,8.6,43.8,105
2020,519048,88.2,12.5,14.4,40.4,104
2020,608385,92.1,10.5,13.5,49,104
2020,664034,85.7,14.8,8.7,29.8,104
2020,502517,85.1,15.5,4.9,25.2,103
2020,460075,89.8,15.3,11.7,40.8,103
2020,660271,89.1,9.2,10.7,42.7,103
2020,592743,86.5,6,0,31.4,102
2020,650333,87.5,12.1,3.9,30.4,102
2020,660670,92.3,18.1,16,56,100
2020,669720,87,11,4,31.3,99
2020,657108,91.7,13.7,14.1,52.5,99
2020,656308,88.3,10,7.1,37.8,98
2020,663624,87.4,10.8,7.1,41.8,98
2020,543543,89.8,11.2,13.4,43.3,97
2020,641933,88,15.1,8.2,39.2,97
2020,650490,88.3,-7.9,2.1,30.9,97
2020,519299,84.4,15.2,0,14.6,96
2020,621439,91.2,23.6,13.5,47.9,96
2020,666182,89.2,12,12.5,40.6,96
2020,458731,89.2,15,5.2,36.5,96
2020,663611,83.7,4.3,0,19.8,96
2020,595281,87.7,-0.4,6.3,41.7,96
2020,593934,95.2,20.2,22.9,57.3,96
2020,642133,90.7,10.6,8.4,45.3,95
2020,571980,91.7,13,9.5,51.6,95
2020,435559,83.9,18,3.2,24.2,95
2020,570256,92.9,20.8,12.6,51.6,95
2020,664238,90.4,17.3,13.8,44.7,94
2020,606299,85.4,20,4.3,27.7,94
2020,542255,78.2,8.4,1.1,6.4,94
2020,650489,85.3,11.3,9.6,31.9,94
2020,605412,87.5,9.3,1.1,33.3,93
2020,596059,86,20.7,11.8,32.3,93
2020,608348,86.3,16.7,4.3,34.4,93
2020,643376,85.1,16.3,8.6,35.5,93
2020,669257,90.8,24.2,12.9,47.3,93
2020,571718,89.9,20.7,10.9,41.3,92
2020,592348,88.8,16,9.8,40.2,92
2020,596142,91.8,19.2,17.4,50,92
2020,608577,91,6.7,7.6,48.9,92
2020,572761,88.1,17.1,9.8,36.3,92
2020,665926,86.8,13.5,3.3,26.4,91
2020,592178,86.1,20.7,5.5,31.9,91
2020,624585,92.5,15.5,18.9,51.1,90
2020,543228,89.9,17.6,5.6,37.8,90
2020,656305,93.6,24.1,18,51.7,89
2020,643265,90.1,9.5,10.1,41.6,89
2020,596847,89,15.7,3.4,39.3,89
2020,640449,89.4,11.6,12.5,43.2,88
2020,607732,88.6,12.4,4.5,37.5,88
2020,645277,86.7,17.8,9.1,28.4,88
2020,462101,88.5,9.2,5.7,37.5,88
2020,459964,86.7,12.5,3.4,32.2,87
2020,665120,88.1,13.1,12.6,39.1,87
2020,592626,93,12.5,10.3,44.8,87
2020,592669,89.6,17.5,10.5,39.5,86
2020,455117,86.1,19.1,8.1,26.7,86
2020,542932,86.6,7.2,3.5,33.7,86
2020,663538,87.5,0.8,1.2,37.2,86
2020,623520,92.4,9.3,10.5,52.3,86
2020,641432,89.3,14.4,1.2,38.8,85
2020,605170,87.9,6.2,3.5,36.5,85
2020,622666,87.3,9.8,4.7,32.9,85
2020,647304,86.8,7.8,3.5,34.1,85
2020,640457,90.3,24.2,7.1,44,84
2020,519222,87.9,7.7,4.8,47.6,84
2020,664901,86.2,7.4,2.4,31.3,83
2020,502054,92.8,2.4,7.3,50,82
2020,596129,89.5,10.2,8.5,41.5,82
2020,643393,85.8,18.8,1.2,15.9,82
2020,592261,84.6,6.7,1.2,19.5,82
2020,519346,88.7,14.6,6.2,46.9,81
2020,576397,88.6,15.3,16,43.2,81
2020,657061,83.1,13.3,2.5,25,80
2020,643418,87.1,2.6,6.3,32.5,80
2020,425783,90,11.4,10.1,35.4,79
2020,664068,85.3,16.9,10.1,31.6,79
2020,669221,92.2,14.7,12.7,49.4,79
2020,475253,89.6,15.3,3.8,39.7,78
2020,656811,90.7,11.9,6.5,44.2,77
2020,649966,87.7,2.3,1.3,27.3,77
2020,665750,88.9,14.3,6.5,41.6,77
2020,666185,87.4,9.3,9.2,42.1,76
2020,461314,85.3,11.9,7.9,28.9,76
2020,435062,88.8,7.3,6.6,39.5,76
2020,621446,88.1,7.9,7.9,36.8,76
2020,670623,86.5,7.5,0,26.3,76
2020,592530,90.5,10.5,12,45.3,75
2020,592325,87.9,11.5,6.7,32,75
2020,543401,86.2,18.2,9.3,30.7,75
2020,457803,89,15.3,9.7,38.9,72
2020,547172,84.1,8.2,0,20.8,72
2020,571788,84,10.5,1.4,18.1,72
2020,545358,91.6,15,11.1,41.7,72
2020,658668,82.7,7.6,5.6,27.8,72
2020,658069,84,10.6,1.4,23.9,71
2020,571466,85.4,19.7,7.1,18.6,70
2020,596451,85.8,9.7,2.9,25.7,70
2020,643565,84.9,10.6,1.4,24.3,70
2020,553882,81.6,18.7,7.2,21.7,69
2020,641553,87.2,14,5.8,31.9,69
2020,543281,83.8,15.4,4.3,23.2,69
2020,666176,90.6,11.4,4.3,36.2,69
2020,595909,87.4,8.5,4.3,39.1,69
2020,543510,90.5,15,8.7,47.8,69
2020,592450,92.2,15.7,11.6,40.6,69
2020,608700,88.9,12.7,4.4,30.9,68
2020,662139,86.2,18.4,4.4,38.2,68
2020,457727,87.8,8.9,5.9,35.3,68
2020,642180,86.6,13.4,1.5,27.9,68
2020,666198,85.1,11.9,0,20.9,67
2020,664056,86,15.7,11.9,35.8,67
2020,656514,86.6,0.3,1.5,31.8,66
2020,621493,91.1,10.4,4.5,47,66
2020,501303,85.9,16,3,24.2,66
2020,650859,87.6,3.8,1.5,33.3,66
2020,621311,85.9,17,3,22.7,66
2020,467055,91.9,8,3,51.5,66
2020,663647,92.8,7.4,9.2,55.4,65
2020,594838,85.3,13.8,6.2,29.2,65
2020,605131,86.9,16.2,1.5,35.4,65
2020,572191,89,12.4,15.4,36.9,65
2020,624431,88.8,10.6,12.5,40.6,64
2020,596103,89.2,10.9,14.1,45.3,64
2020,573131,89.4,12.5,9.4,43.8,64
2020,592444,89.5,11,10.9,45.3,64
2020,647351,86.1,7.6,3.1,28.1,64
2020,571875,90.2,16.7,7.9,50.8,63
2020,656541,88.3,10.8,9.5,44.4,63
2020,663698,89,12.6,4.8,48.4,62
2020,543829,79.2,14.1,0,4.8,62
2020,451594,84.5,11.2,4.8,27.4,62
2020,591741,89.1,14.7,12.9,41.9,62
2020,500874,87.9,6.2,4.9,32.8,61
2020,621514,85.7,24.5,11.5,29.5,61
2020,640458,88.2,14.4,1.6,32.8,61
2020,593528,82.9,18.3,3.3,27.9,61
2020,501981,87.7,18.9,8.3,31.7,60
2020,664702,87.4,15.9,1.7,21.7,60
2020,656669,83.5,24.7,6.7,25,60
2020,547379,86,-2.5,3.4,32.2,59
2020,621458,91.5,14.5,13.6,45.8,59
2020,645801,89.7,8.4,6.8,39,59
2020,518626,92.8,6.2,6.9,53.4,58
2020,605421,87.3,14.5,10.3,32.8,58
2020,642082,88.8,20,12.3,36.8,57
2020,595751,89.2,2.8,7,49.1,57
2020,620443,93,13.9,1.8,57.1,56
2020,641796,85.6,17.3,1.8,21.4,56
2020,670712,90.9,15.1,8.9,42.9,56
2020,669222,88.3,16.3,3.6,33.9,56
2020,519390,87.3,21.2,3.6,30.9,55
2020,595375,88.8,6.8,3.7,27.8,54
2020,595284,86.8,11.9,7.4,33.3,54
2020,608597,86.3,6,7.4,33.3,54
2020,455139,84.5,13.8,1.9,24.1,54
2020,605353,89.9,6.4,0,43.4,53
2020,609280,85.9,13.9,3.8,37.7,53
2020,553869,87.4,12.9,11.3,41.5,53
2020,595978,90.2,18.6,7.7,38.5,52
2020,640447,85.4,16,0,25,52
2020,621466,91.4,17.8,19.2,46.2,52
2020,660620,85.6,9.4,0,25.5,51
2020,571657,89.6,18.2,5.9,45.1,51
2020,643436,89,20.1,13.7,31.4,51
2020,502481,82.7,5.7,0,17.6,51
2020,544725,87.3,7.5,6,26,50
2020,519317,91.1,8.3,18.4,51,49
2020,488771,92.7,19.7,14.9,55.3,47
2020,516770,87.1,16.8,4.3,29.8,47
2020,588751,82.9,11.2,0,23.4,47
2020,592200,88.6,22.1,6.4,42.6,47
2020,668942,86,5.4,0,27.7,47
2020,594824,83.4,11.1,0,10.9,46
2020,649557,87.3,10.2,2.2,26.1,46
2020,669289,87.3,14.5,2.2,28.3,46
2020,642165,89,15.1,6.5,37,46
2020,596105,89.9,8.1,6.7,44.4,45
2020,506702,84.9,17.9,4.4,28.9,45
2020,570267,85.5,5.4,6.7,33.3,45
2020,660731,90.8,14.3,13.3,42.2,45
2020,666158,87.1,13.9,6.8,27.3,44
2020,623205,82.4,6.7,4.5,15.9,44
2020,668227,90.3,9.2,14,44.2,43
2020,595956,82.7,14.9,0,23.3,43
2020,640461,92.3,13.7,9.3,44.2,43
2020,644433,90.1,10.1,9.3,37.2,43
2020,545121,85.3,2.1,2.4,28.6,42
2020,445055,84.8,12.4,4.9,26.8,41
2020,666915,89.9,14.8,22,43.9,41
2020,641645,89.8,10.7,2.4,31.7,41
2020,676480,86.6,7.7,2.4,36.6,41
2020,595981,87,8.3,4.9,31.7,41
2020,518618,85.4,12.6,12.5,35,40
2020,425772,89.6,20.6,7.7,41,39
2020,465041,89,13.3,7.7,38.5,39
2020,663993,88.9,7.1,15.4,43.6,39
2020,624414,89.9,7.8,7.7,41,39
2020,642423,83.7,3.8,0,18.4,38
2020,623168,82.4,34.3,2.6,10.5,38
2020,621532,86.7,11.8,2.6,28.9,38
2020,663662,87.1,9.3,2.6,26.3,38
2020,572287,88.2,27,18.4,39.5,38
2020,605612,89,11.6,2.6,36.8,38
2020,624407,85.5,13.7,2.6,13.2,38
2020,592273,82.1,19.2,5.3,26.3,38
2020,665862,87.1,15.6,10.8,29.7,37
2020,452254,87.6,4.2,8.1,45.9,37
2020,543309,89.7,18.5,13.5,29.7,37
2020,641598,92.4,18.6,8.3,50,36
2020,680777,91.6,10.3,13.9,41.7,36
2020,621433,84.9,13.7,8.3,22.2,36
2020,607461,90,7.9,2.8,41.7,36
2020,452095,93,16.2,8.6,45.7,35
2020,448801,85.8,6.2,2.9,22.9,35
2020,641680,86,14.9,5.7,37.1,35
2020,622168,89.2,13,2.9,38.2,34
2020,614173,91.2,-1.1,11.8,47.1,34
2020,624512,82.1,1.5,2.9,14.7,34
2020,664059,90.6,13,2.9,41.2,34
2020,642201,88.1,15.4,3,33.3,33
2020,605490,84.2,8.1,3,30.3,33
2020,595453,87.6,11.3,9.1,27.3,33
2020,605480,83.7,2.1,0,18.8,32
2020,595943,85.5,7.6,3.1,34.4,32
2020,542454,90.9,14.7,9.4,46.9,32
2020,606988,90,25.1,9.7,41.9,31
2020,656976,86.6,8.1,6.5,29,31
2020,571974,83,7.3,9.7,38.7,31
2020,571431,90.1,21.4,9.7,45.2,31
2020,592660,84.8,11.7,6.5,32.3,31
2020,571602,92.8,18.1,16.7,56.7,30
2020,621438,87.3,14.1,13.3,43.3,30
2020,642336,81.5,23.4,0,13.3,30
2020,572008,86.9,18,3.3,30,30
2020,608686,87.4,24.4,0,26.7,30
2020,460077,85.9,22.5,0,16.7,30
2020,664774,85,15.3,0,30,30
2020,664057,92.2,10.2,6.7,43.3,30
2020,606157,82.2,10.6,6.9,20.7,29
2020,664029,84.6,19.5,3.4,24.1,29
2020,642731,83.5,2.9,3.4,27.6,29
2020,444489,88.5,26.1,10.7,35.7,28
2020,502273,84.8,19.8,0,17.9,28
2020,641924,87,20.1,14.3,39.3,28
2020,650331,86.4,23.7,11.1,37,27
2020,488671,85.3,12.6,3.7,40.7,27
2020,571740,82.2,24.6,3.7,7.4,27
2020,435522,86.9,22,3.7,11.1,27
2020,446308,84.7,13.5,7.7,23.1,26
2020,543068,85.5,20.6,19.2,34.6,26
2020,607054,89.2,7.4,7.7,42.3,26
2020,572863,88.2,24.3,4,28,25
2020,605548,84.1,16.4,4.2,16.7,24
2020,628338,85.9,22,8.3,25,24
2020,621453,84.2,6.5,0,26.1,23
2020,643217,85.2,8.6,4.3,26.1,23
2020,657041,91,15.4,4.3,39.1,23
2020,545350,87.1,7.2,4.3,30.4,23
2020,456124,84.8,0.6,0,36.4,22
2020,523253,89.6,13.9,13.6,36.4,22
2020,592407,86.1,21.4,0,27.3,22
2020,656509,81.7,4,19,28.6,21
2020,657193,82.7,2.9,0,14.3,21
2020,623323,86.8,8.4,0,23.8,21
2020,546991,85.3,11.6,0,28.6,21
2020,605233,92.7,10.8,9.5,52.4,21
2020,608701,93,15,0,50,20
2020,518568,76,6,0,20,20
2020,641929,85.6,14.5,0,25,20
2020,607345,85.8,1.6,15,40,20
2020,672386,95,5.9,5,50,20
2020,546990,81.3,4.2,5,30,20
2020,669087,95.7,12.6,25,60,20
2020,602104,90.9,6.9,5.3,47.4,19
2020,547170,76.7,15.3,5.6,5.6,18
2020,474568,80.7,10.8,0,16.7,18
2020,621512,88.8,-3.9,11.1,44.4,18
2020,656185,82.9,22.6,5.9,17.6,17
2020,489149,87.1,12.8,5.9,41.2,17
2020,641505,95.9,12.7,11.8,64.7,17
2020,642727,84.2,21.7,0,23.5,17
2020,664119,86.1,29.3,0,29.4,17
2020,456715,89,-3.7,0,25,16
2020,670370,85.8,1.9,6.3,37.5,16
2020,622761,93.5,28.5,0,50,16
2020,493316,86,17.3,12.5,50,16
2020,664247,89.2,17.5,0,40,15
2020,621002,82.1,-9.8,0,20,15
2020,621500,87,22.2,13.3,40,15
2020,663898,83,-5.2,0,20,15
2020,656371,85.9,9.5,0,33.3,15
2020,641513,92.1,13.5,6.7,53.3,15
2020,641584,82.6,28.1,6.7,13.3,15
2020,628450,88.3,6.5,6.7,40,15
2020,660821,95.4,7.9,7.1,64.3,14
2020,553902,87.2,30.7,7.1,35.7,14
2020,622100,91.9,15.6,14.3,42.9,14
2020,667670,89.1,5.4,14.3,50,14
2020,621529,82.1,37.5,0,7.7,13
2020,642136,88.1,8.9,7.7,38.5,13
2020,607333,82.6,9.9,0,7.7,13
2020,669738,90.3,13.7,0,46.2,13
2020,592622,84.1,19.6,7.7,15.4,13
2020,572033,81,15.5,7.7,7.7,13
2020,668800,94.3,-3.8,8.3,50,12
2020,620439,90.7,22.7,0,41.7,12
2020,606992,83.6,18.7,8.3,41.7,12
2020,519306,87.2,31.9,8.3,50,12
2020,650619,87.8,-1.2,0,25,12
2020,570560,90.7,12.4,18.2,54.5,11
2020,665947,88.8,-10.4,0,36.4,11
2020,641470,93,21.9,9.1,54.5,11
2020,621011,81.4,24.6,9.1,18.2,11
2020,594694,88,20.8,0,27.3,11
2020,572821,88,33,0,10,10
2020,666931,93.2,12.8,0,40,10
2020,596117,84.4,1.6,0,0,10
2020,605196,86.9,37.8,0,20,10
2020,543432,84.9,12.7,0,22.2,9
2020,642772,82.6,16.5,0,22.2,9
2020,608475,88.7,8,0,55.6,9
2020,641525,90.5,14.5,11.1,33.3,9
2020,592863,84.3,-4.9,0,22.2,9
2020,572365,92.1,19.5,12.5,37.5,8
2020,622268,81.2,4.1,12.5,12.5,8
2020,663886,89.5,16.5,12.5,50,8
2020,670084,86.9,-5.2,0,12.5,8
2020,623912,81,10.6,0,0,8
2020,666160,88.1,-8.3,0,37.5,8
2020,625510,74,31.1,0,12.5,8
2020,641684,80,23.3,0,25,8
2020,608671,80.8,-13,0,12.5,8
2020,543376,83.4,12.3,14.3,42.9,7
2020,591720,92.1,6.2,0,28.6,7
2020,501659,81.9,3.6,0,14.3,7
2020,527049,92.3,-17.5,0,42.9,7
2020,446481,92.2,14.6,0,42.9,7
2020,644374,81.4,-2.4,0,14.3,7
2020,670541,98.6,6.4,0,71.4,7
2020,669288,87.8,22.7,14.3,28.6,7
2020,645305,87.1,16,0,0,6
2020,664041,102,19.4,16.7,83.3,6
2020,665561,92.2,10.5,16.7,50,6
2020,661388,84.6,18,16.7,16.7,6
2020,644337,81.4,16.8,0,33.3,6
2020,660688,87.5,24.4,20,20,5
2020,656537,96.6,8.8,0,60,5
2020,519303,87.2,-3.4,0,0,5
2020,592387,81,13.5,20,20,5
2020,641829,76.5,22.5,0,0,5
2020,641477,99.6,12.2,0,80,5
2020,663411,77.9,27.1,0,0,5
2020,671250,78.2,7.3,20,40,5
2020,663330,88.5,-1.9,0,40,5
2020,572073,86.2,4,0,0,4
2020,541650,91.9,6.5,0,50,4
2020,640459,92.8,32.9,0,50,4
2020,656716,85.2,-6.1,0,50,4
2020,608703,81.5,2.1,0,25,4
2020,593993,90.9,18.7,0,25,4
2020,592680,91.4,4.9,0,50,4
2020,657434,92.7,14,0,50,4
2020,542963,79.4,28.5,0,0,3
2020,642721,87.1,6.1,0,33.3,3
2020,663905,89.3,41.2,33.3,33.3,3
2020,596056,95.9,22.5,0,33.3,3
2020,656577,79.4,9.6,0,33.3,3
2020,518586,99.5,12,33.3,100,3
2020,591712,91.9,6,0,66.7,3
2020,641856,89.1,23.7,0,33.3,3
2020,642211,85.5,10.2,0,0,3
2020,643269,91.6,8.2,33.3,33.3,3
2020,461865,84,24.2,0,33.3,3
2020,664913,89,25.3,33.3,33.3,3
2020,572180,79.2,44.9,0,0,2
2020,621573,99.7,26.8,50,50,2
2020,620453,73.7,50.9,0,0,2
2020,456488,73.6,-10.8,0,0,2
2020,621550,87.9,48.1,0,0,2
2020,666969,74.4,8.5,0,0,2
2020,665506,76.5,-5.9,0,0,2
2020,466988,NA,NA,0,0,1
2020,664314,75.5,20,0,0,1
2020,669134,101.1,21.6,0,100,1
2020,594988,78,-30.7,0,0,1
2020,596144,58.5,48.2,0,0,1
2020,606213,90.9,-0.4,0,0,1
2020,425784,103.9,12.1,0,100,1
2020,599096,96.3,55.9,0,100,1
2020,664334,88.3,-16.1,0,0,1
2021,664058,82.3,8.2,0,15.7,573
2021,593160,86.9,14.1,3.5,28.8,573
2021,669242,87.5,9.5,4.2,35.1,552
2021,643396,85.5,5.4,1.8,28.8,548
2021,514888,87.7,15.6,6.4,35,517
2021,624428,85.4,12.6,1,25.2,512
2021,641487,86.3,9.8,2.4,30.6,510
2021,543760,89.7,20.3,9.8,41.3,509
2021,518934,90.6,5,3.7,43.5,508
2021,645277,89.6,21.1,9.3,37.2,508
2021,666182,91.4,7.3,9.9,47.5,507
2021,571448,89,20,6.7,37.5,504
2021,570731,88.1,10.8,6.8,40.2,498
2021,665489,95.1,9.4,15.1,55.2,496
2021,518692,91.4,12,11.5,46.1,495
2021,607208,89.6,11.4,7.4,46.2,489
2021,621028,85.3,9.9,1.6,26,485
2021,630105,88.6,12.5,7.2,35,483
2021,656775,89.4,14.8,8.1,39.4,482
2021,593871,89.4,19.3,10.1,37.4,476
2021,493329,89.8,13.4,3.4,42,474
2021,592518,93.1,14,13.3,52.2,473
2021,502671,92.6,17.1,13.6,50.6,472
2021,664034,88.5,11,6.8,38.9,471
2021,608070,90,18.2,11.1,42.4,470
2021,467793,89.9,12.9,6.8,41.9,468
2021,621566,91.6,16.2,12.7,48.8,463
2021,571745,89.3,14.8,12.6,45.1,459
2021,521692,93,15.9,16.3,56.2,454
2021,657077,90,7.7,7.3,43.3,453
2021,646240,92.9,13.1,15,51.8,452
2021,664702,87.1,11.9,1.3,26.2,448
2021,572122,89,19.5,12.3,40.1,446
2021,621043,90.2,12.1,9.4,42.7,445
2021,668804,89.4,13.4,10.4,40.8,444
2021,516416,87.2,5.8,5.9,37.4,441
2021,457759,90.9,19.2,7.9,42.4,441
2021,670032,86.8,2.8,0.7,26.9,438
2021,624413,91,14.7,14.8,47.3,438
2021,514917,87.4,10.7,6.8,33.2,438
2021,642708,88.8,5.5,2.8,43.5,434
2021,543281,87.2,14.5,4.4,32.6,433
2021,547989,92,10.4,10.2,49.3,433
2021,663586,90.1,14.2,13.3,45.6,430
2021,621020,89.3,14.1,11.4,42.7,429
2021,500871,87,20.8,8.9,34.5,426
2021,453568,87.6,10.2,7,38.5,426
2021,502110,92.1,16.9,12.5,49.4,425
2021,593428,89.6,12.5,9.7,43,423
2021,462101,87.8,8.1,2.1,34.8,423
2021,500743,86.2,11.5,2.8,32.9,423
2021,600869,88.7,12.6,9,39.1,422
2021,606132,85.7,-4.4,2.1,31.5,422
2021,663656,91.4,17.6,11.6,47.5,421
2021,488726,89.5,9.9,5.8,42.9,417
2021,592206,89.8,14,10.6,46.9,416
2021,519203,90.1,14.8,7.7,41.1,414
2021,641820,88.9,9.7,10.4,42,414
2021,665742,93,5.8,13.3,52.7,414
2021,543333,90.5,3.3,5.8,47,413
2021,543257,87.8,21.1,7.6,34.1,410
2021,641313,89.6,4.3,7.8,42.3,409
2021,578428,85.4,11.5,3.4,28.6,409
2021,666971,89.7,10.5,9.6,43,405
2021,571771,90.8,17.9,8.4,43.2,405
2021,606192,91.8,13.1,13.9,49,404
2021,640457,89.3,21.7,8.7,37.9,404
2021,643217,89.6,15.4,8.9,43.2,403
2021,545341,89.8,16.1,8.5,41.1,401
2021,605137,92.5,4.9,8.8,52,400
2021,666185,88.2,15.1,7,31.1,399
2021,663993,90.8,5,9.5,45.5,398
2021,592669,90.1,15.6,14.4,44.3,397
2021,444482,89.3,5.3,5,41.8,397
2021,592450,95.8,11.6,17.6,58.4,397
2021,443558,92.9,11.8,13.6,52.5,396
2021,663697,87.6,13.1,9.6,38.6,396
2021,670541,93.2,14.1,15.9,54.2,395
2021,592192,87.3,13.5,7.1,35.4,393
2021,656976,87.2,9,5.1,42.7,393
2021,571657,87.2,15.8,4.3,31.9,392
2021,596115,90.6,17.5,9.9,42.6,392
2021,666969,91,14.7,11.5,45.5,391
2021,650333,88.4,9.9,2.3,30.6,386
2021,641857,90.5,14.3,7.3,43.5,386
2021,605141,90.3,18.9,7.8,41,385
2021,669720,88.8,12.5,9.1,39.2,385
2021,650490,89.9,6.6,7,40.6,384
2021,543063,88.8,14.7,11.5,43.3,383
2021,665120,89.6,7.6,11.3,41.3,381
2021,592178,88.2,15.1,10.3,40,380
2021,663624,89.1,16.3,11.8,39.7,380
2021,543877,86.3,13.6,2.6,31.1,379
2021,546318,88.9,7.3,4.7,40.1,379
2021,624585,91.2,15.7,12.7,47,379
2021,571970,91.2,15.2,16.1,46.6,378
2021,649966,87.9,14.2,9.3,40.5,378
2021,516782,87.6,4.6,8.4,39.6,371
2021,664040,89.3,16.9,14,43.1,371
2021,660162,90.1,11.3,8.2,41.2,365
2021,596019,90.7,14.4,8.2,44.1,365
2021,543939,88.3,12.8,5.5,34.8,365
2021,425877,88,15.3,5.2,31.6,364
2021,668227,89.9,7.6,8.2,42.3,364
2021,408234,91.4,10,8.3,49,363
2021,542583,89.6,19,8.5,41,363
2021,650402,87.1,14.2,7.8,35.7,361
2021,547180,92.5,13.3,18.1,49.7,360
2021,543068,88.8,15.8,11.5,42,357
2021,457705,88.8,14.6,9,39.5,357
2021,519317,95.1,10.3,15.7,56.3,356
2021,622534,87.9,10.7,5.1,40.2,356
2021,669256,86.9,7,6.5,33.5,355
2021,592743,84.1,3.9,0.6,21.8,354
2021,476704,90.7,16.4,9.3,45.9,353
2021,518626,94.1,14.6,17.4,52.7,351
2021,668942,88.2,8.4,4.8,31.1,351
2021,502054,90.8,7.6,10,47.6,351
2021,621563,87.9,6.2,4.6,34.6,350
2021,660271,93.6,16.6,22.3,53.6,350
2021,592663,89.6,11.5,8.6,44.7,349
2021,608385,90.6,10.8,11.2,47.1,348
2021,663757,88.8,12.3,5.2,36.8,348
2021,572191,89.4,12.1,6.6,40.2,346
2021,541645,90.4,9.3,12.2,46.4,345
2021,621035,88.2,17.4,10.2,38.1,344
2021,594807,89.8,23.6,16.1,43.9,342
2021,642715,89.5,16.8,11.4,44.7,342
2021,573262,89.5,19.4,10.3,39.3,341
2021,641658,87,13,5,31.2,340
2021,642086,89,14.9,6.5,40.6,340
2021,641531,89.9,15.8,8.8,42.2,339
2021,553993,89.1,18.3,15,39.8,339
2021,527038,88.6,18,6,35.4,336
2021,656305,89.7,18.6,13.7,41.7,336
2021,596146,89.8,16.3,10.8,42.5,334
2021,605113,87.2,10.1,2.4,27.9,333
2021,544725,86.1,4.3,3.3,32.5,332
2021,643446,88.1,12,4.3,33.4,329
2021,665487,93.9,13.8,21.3,55.6,329
2021,458015,92.9,18.2,17.2,53.2,325
2021,665862,90.2,9,9,42,324
2021,592696,88.5,15.5,5.9,35.8,324
2021,542340,88,7,7.4,34.9,324
2021,669257,90.1,19.4,10.8,43.8,324
2021,683734,91.1,9.7,10.9,47.3,321
2021,595879,90.1,10.6,13.4,45.2,321
2021,641933,93,17.8,17.9,52.2,318
2021,592626,91,14.1,10.1,47.6,317
2021,553882,84.6,17.9,5.1,25.6,313
2021,596748,88.2,9.1,5.1,33.9,313
2021,664023,89.5,9.9,10.9,41.3,312
2021,570482,88.9,7.5,8,42,312
2021,457763,88.5,8.7,8.1,39.4,310
2021,650489,85.6,11.4,5.2,29.4,310
2021,623993,90.7,18,8.4,43.5,310
2021,571980,89.8,9.6,10.4,41.6,308
2021,544369,86.1,18.3,2.3,26.6,308
2021,572041,90.3,12,11.1,47.4,306
2021,571976,88,10.6,7.5,38,305
2021,663898,88.8,6.3,6.2,40.3,305
2021,624424,88.5,13.2,9.2,39.5,304
2021,608324,89,15.9,6.4,38.1,299
2021,458731,86.7,12.5,3.4,33.2,298
2021,572233,88.8,15.6,6.4,41.1,297
2021,668731,86,13.8,8.8,32.3,294
2021,595777,85.3,14,2.7,30.2,291
2021,607732,88.1,10.7,4.5,36.4,291
2021,608369,91,10.7,12.4,49.3,290
2021,592885,91,2.8,7.6,48.8,289
2021,643393,86.7,18.4,1,21.9,288
2021,593934,93.4,17.6,17.7,55.9,288
2021,623912,91.3,6.2,6.3,47.2,286
2021,608336,91.5,22.7,18.5,45.8,286
2021,520471,86.8,14.1,4.9,31.7,284
2021,664056,86.2,13.3,7,31.7,284
2021,591720,82.2,12.2,0.4,14.1,283
2021,656555,91.2,21.7,17,46.3,283
2021,647351,86.8,13.7,7.4,33.9,283
2021,669221,89.2,15.4,11.3,42.6,282
2021,606466,91.1,10.3,8.9,48.4,281
2021,663886,88.4,7.4,5.4,38.2,280
2021,553869,87.1,14.7,7.9,37.6,279
2021,575929,91.8,9.6,11.1,48.4,279
2021,663647,90.2,2.6,5.1,45.8,277
2021,600474,88.2,15.2,7.6,38.5,275
2021,656941,92.3,15.4,17.5,52.2,274
2021,664761,92,5.6,6.6,49.5,273
2021,614177,91.9,9.8,16.9,48.5,272
2021,543228,89.6,14.1,8.8,38.2,272
2021,572816,87.8,10.1,3,35.7,269
2021,444876,81.7,11.1,3,21,267
2021,594838,87.6,11.5,3.4,35.1,265
2021,543510,87.3,9.3,6.1,40.7,263
2021,666915,92.4,17.3,20.2,48.1,262
2021,596142,89.5,20.5,13.7,42,262
2021,598265,89.7,9.6,5,40.3,258
2021,516770,88.4,9.2,5.4,40.1,257
2021,518792,88.2,7.5,4.7,42.4,255
2021,657557,86.3,16.4,10.6,35.3,255
2021,666158,89.8,11.3,3.9,40.2,254
2021,456781,88.3,11,7.5,36.6,254
2021,664774,90.1,19.8,10.6,41.7,254
2021,595281,86.6,1.1,4,36.4,253
2021,605612,88.6,10.2,3.2,38.5,252
2021,571466,87.1,15.5,4,31.1,251
2021,620443,90.9,6.1,10.4,43.2,250
2021,602074,85.2,6.6,2,27,248
2021,607043,89.3,8.8,4,41.1,248
2021,455117,88,17.6,5.7,33.2,247
2021,607680,85.8,20.2,7.3,31.8,245
2021,677551,88.2,9.7,4.9,37.6,245
2021,657656,87.9,11.9,10.7,40.2,244
2021,592325,89,16.7,7.9,36.5,241
2021,570256,89.9,15.9,9.6,48.3,240
2021,501571,90.6,8.8,6.7,42.9,238
2021,645302,84.1,19.9,2.6,27.2,235
2021,608348,88.2,18.6,8.5,34,235
2021,605170,90,8.4,6.8,44.3,235
2021,606992,90.9,16,13.7,47.9,234
2021,592567,89.1,7.2,8.1,37.2,234
2021,624431,87.5,9.5,4.3,36.9,233
2021,452678,87.8,14.5,6,30.9,233
2021,642133,92.2,13.4,11.6,48.1,233
2021,672284,87.5,14.4,9.9,39.2,232
2021,405395,90.3,12,9.1,39.7,232
2021,649557,88.7,13.6,6.5,44.8,232
2021,542364,88.3,18.3,5.7,34.6,228
2021,624641,86.7,6,3.9,32,228
2021,641432,90.2,14.9,3.5,41.9,227
2021,622110,87.5,7.5,4,34.8,227
2021,628338,86.6,12.7,4,34.7,225
2021,641355,89.3,22.2,7.1,34.4,224
2021,596059,89.1,19.6,9,38,223
2021,474832,89.2,23,17,44.8,223
2021,623520,89.9,9.8,9.9,43.7,222
2021,664238,86.5,20.4,8.6,33.3,222
2021,543807,89.4,19,15.4,41.6,221
2021,593643,87.1,16.1,4.5,30.3,221
2021,628451,88.8,15.5,7.3,38.6,220
2021,543543,92.4,12.9,12.3,47.9,219
2021,662139,87.7,18,7.3,39.9,218
2021,660670,93.8,18.2,20.3,54.8,217
2021,673357,91.2,13.8,12.5,45.1,216
2021,457708,90.1,15.2,11.7,41.6,214
2021,641680,87.1,15.5,6.2,37.9,211
2021,456715,88.4,7.2,4.3,37.6,210
2021,595978,85.8,19,3.8,30.1,209
2021,628450,89.7,5.2,5.8,38.6,207
2021,658069,85.2,18.3,2.4,27.5,207
2021,543105,87.4,17,10.1,38.6,207
2021,621446,88.5,14,6.4,37.7,204
2021,605412,86.5,9.7,1.5,25.5,204
2021,641343,88.1,20,5.4,37.7,204
2021,642336,85.7,14.9,4.4,28.9,204
2021,518735,93.1,14.2,13.3,53.2,203
2021,608686,85.4,17,6.4,26.7,202
2021,572287,90.7,23.2,24.3,47,202
2021,673490,86.7,13.6,4.5,31.8,201
2021,643524,86.9,12.6,8,39.8,201
2021,503556,87.9,8.9,4.5,34.5,200
2021,553902,85.9,16.8,4.1,33,197
2021,642721,89.9,2.3,3.6,44.9,196
2021,595751,90.9,1.8,8.2,49,196
2021,600303,88.9,13.5,6.2,33.3,195
2021,606213,87.3,15.8,7.2,29.2,195
2021,664913,88.9,20.9,13.9,40.2,194
2021,642165,89.3,19.6,5.2,36.8,193
2021,607054,87.7,12,5.2,34.7,193
2021,669289,84.8,13.1,1.6,22.8,193
2021,671277,86.8,4.1,5.2,30.6,193
2021,596103,87.1,7.8,9.5,41.6,190
2021,594809,86.6,8.3,4.3,34,188
2021,641856,88.1,17.6,6.4,34.6,188
2021,518586,85.4,10.6,3.2,29.8,188
2021,647304,89.8,9,7.4,42.6,188
2021,446334,94.1,15.5,13.4,54.5,187
2021,571788,86.1,9.8,1.6,24.6,187
2021,642162,86.8,19.8,4.8,32.6,187
2021,676801,90.3,18.6,10.2,49.2,187
2021,602104,89.6,5.2,9.7,42.5,186
2021,621438,88.6,16,7.6,37.3,185
2021,621550,91.2,19.1,16.2,51.9,185
2021,592348,88,13.4,10.3,40,185
2021,663611,85.5,1.7,1.1,23.4,184
2021,545358,89.9,11,11,42.5,182
2021,621466,87.8,19.7,9.4,34.3,181
2021,608596,88.6,15.9,8.8,38.1,181
2021,605548,90.7,6.8,9.4,42.5,181
2021,570481,87,0.1,3.3,31.5,181
2021,621453,88,15.2,8.3,33.9,180
2021,435559,85.2,14.6,3.9,27.2,180
2021,475582,91.3,7.4,10.6,47.8,180
2021,571718,88.5,16.9,6.1,31.8,179
2021,543685,89.1,22.3,5.6,38.8,178
2021,624415,88.9,15.6,5.6,31.6,177
2021,573131,93,9.8,14.2,54.5,176
2021,542932,87.1,1.9,2.3,38.3,175
2021,519048,91,12.9,9.2,47.7,174
2021,640458,86.2,16.4,4,27.7,173
2021,621439,92.5,13.3,17.9,53.8,173
2021,596847,91.2,14.8,9.4,46.8,171
2021,656371,88.7,9.6,4.1,36.5,170
2021,644374,87.1,19.1,7.1,33.7,169
2021,605119,88.8,11.3,7.7,38.7,168
2021,656811,90.8,14.3,8.3,45.2,168
2021,594694,83.7,12.2,4.2,23.5,166
2021,666135,91,7,12.8,43.9,164
2021,657041,91,12.3,7.3,45.7,164
2021,595943,88.4,5.3,4.3,42.9,161
2021,642423,82.3,7.7,0,18.8,160
2021,660294,89.6,17.1,6.9,38.1,160
2021,607461,86.7,12.3,3.8,30.6,160
2021,680777,89.2,14,14.5,44,159
2021,596129,91.4,11.7,8.2,48.7,158
2021,663616,90,13.1,9.5,41.1,158
2021,518595,89.9,5.9,7.6,43.9,157
2021,622682,89.5,6.6,8.3,35,157
2021,650391,90.5,8.4,10.8,45.8,157
2021,666198,85.3,7.4,3.8,36.3,157
2021,621493,89.6,16.4,10.3,39.7,156
2021,519390,88.5,19.2,5.1,35.9,156
2021,543592,89.7,14.7,0.6,41,156
2021,624512,87.5,13.4,2.6,32.7,156
2021,543768,87.7,19.9,9,38.7,155
2021,640461,92.6,7.4,16.3,54.2,153
2021,621311,88.1,11.5,6.7,36.7,150
2021,660821,90.2,8.7,12.7,42.7,150
2021,656252,89,12,16.8,40.9,149
2021,642727,87.5,10.5,3.4,33.6,149
2021,643265,91.1,8.2,10.8,52.7,148
2021,669016,92,7.7,10.9,51.7,147
2021,650559,88.4,11.1,5.4,42.2,147
2021,624503,91.2,9.4,6.8,47.9,146
2021,641584,85.3,12.1,6.2,33.6,146
2021,605131,85.2,13.5,4.1,31.7,145
2021,672386,92.3,14.7,11,46.9,145
2021,621433,89.6,17.8,11.1,45.1,144
2021,656847,87.5,16.4,11.1,38.9,144
2021,501303,85.4,13.4,2.8,32.6,144
2021,444489,86.5,18.8,10.5,32.2,143
2021,542303,89.7,14.5,9.9,40.8,142
2021,605421,85.7,10.2,6.3,33.1,142
2021,650859,85.8,11.7,6.4,27,141
2021,519299,84,12.1,0.7,14.9,141
2021,622761,85.4,14.1,5.7,31.2,141
2021,656582,88.2,14.6,9.9,39,141
2021,643376,90,20.5,8.5,44.7,141
2021,519058,87,18.6,5.7,31.4,140
2021,506702,87.3,20,2.1,26.4,140
2021,572228,90.7,15.9,15.8,52.2,139
2021,624513,86,21.9,9.4,31.2,138
2021,641598,92.3,19,17.4,53.6,138
2021,680911,86.4,5.9,5.8,32.6,138
2021,665926,86.4,8.8,3.6,30.4,138
2021,643289,86.1,14.9,4.4,30.1,136
2021,592200,86.4,23.3,5.9,31.1,135
2021,543309,90.5,21.7,15.6,48.1,135
2021,664057,89.6,8.4,6,44.8,134
2021,608700,87.3,13.4,6.1,34.8,132
2021,642201,85.5,15.6,6.8,22.7,132
2021,572761,90,21.1,11.5,42,131
2021,656541,89.8,12,15,38.6,127
2021,609280,87.1,6.1,5.5,37,127
2021,641470,91.1,20.9,10.2,44.1,127
2021,594777,88.5,17.3,6.3,38.9,126
2021,572039,86.1,17.5,8.8,36.8,125
2021,663538,87,7.7,1.6,34.4,125
2021,673451,86.5,1.9,0.8,31.5,124
2021,664901,84.1,13.7,1.6,28.5,124
2021,668800,87.5,7.8,4.1,36.9,122
2021,502210,85.1,16.8,2.5,32.2,121
2021,624414,86.3,9.4,7.4,35.5,121
2021,608577,90.4,11.1,7.4,39.7,121
2021,657757,90.4,11.7,9.9,44.6,121
2021,667670,91,13.1,12.6,48.7,119
2021,640449,86.9,13.9,10.2,41.5,118
2021,670351,90.7,19,8.5,44.1,118
2021,467092,89.6,6.6,11.2,44,116
2021,606299,85.6,20.8,4.3,25,116
2021,545350,88.2,15.2,6.1,36.5,115
2021,665750,87.2,7,6.1,35.7,115
2021,660634,83.1,4.1,0.9,15.9,113
2021,605204,89.7,13.2,12.4,42.5,113
2021,501659,89.3,10.5,7.2,41.4,111
2021,656716,88.4,13.7,8.1,35.1,111
2021,661388,92.5,8.2,10.9,44.5,110
2021,641645,86.4,4.7,0.9,22.7,110
2021,643565,87.5,10,5.5,35.8,109
2021,621512,88.7,10,6.4,43.1,109
2021,596056,88.1,15.6,0,28.7,108
2021,641796,82.1,14.3,0.9,16.8,107
2021,656669,86.8,23.1,10.4,32.1,106
2021,502481,83.5,4.1,0.9,27.4,106
2021,641829,87.5,11.4,7.6,33.3,105
2021,676391,86.7,15,3.8,24.8,105
2021,670764,88.5,12.2,2.9,33.7,104
2021,608671,85.2,6.9,1.9,20.2,104
2021,595909,87,8.4,5.8,33,103
2021,670097,87.5,24.3,4.9,33,103
2021,621011,85,18.5,2.9,24.5,102
2021,606157,89,22.9,14.9,39.6,101
2021,642851,83.6,10.7,3,27,100
2021,608701,89.2,9.3,7,41,100
2021,670712,90.1,18.2,7.1,40.4,99
2021,666176,86.3,9.9,9.1,31.3,99
2021,669374,90.7,16.3,15.2,41.4,99
2021,676694,89.5,9.9,10.1,36.4,99
2021,642731,86.6,6.7,7.1,34.7,98
2021,656537,86.9,9.2,5.2,29.9,97
2021,663630,86.5,11.6,7.2,34,97
2021,488771,90.5,14.5,14.4,42.3,97
2021,669222,88.9,10.5,4.2,39.6,96
2021,595956,85.9,14.5,0,27.4,95
2021,571875,90.6,18.3,11.6,44.2,95
2021,641553,86.8,14.4,8.6,37.4,93
2021,641786,89.7,16.8,14,37.6,93
2021,660829,85.9,15.8,6.5,25,92
2021,547004,86.8,9.9,4.4,26.7,90
2021,642180,82.2,5.3,1.1,13.8,90
2021,650331,88.3,20.7,10.1,36,89
2021,663728,88,17.1,6.8,35.2,88
2021,547379,91,6.9,12.6,41.4,87
2021,542454,87.6,16.6,7,33.7,86
2021,609275,92.3,16.1,12.8,44.2,86
2021,595284,86.2,13.1,3.5,31.4,86
2021,657061,86.7,8.5,2.4,29.4,85
2021,571740,83.9,18.6,1.2,20.2,84
2021,474568,86.7,13.2,3.6,33.3,84
2021,658668,87.3,7.9,6,31,84
2021,663457,89.1,12.1,4.8,36.1,83
2021,666211,85.9,14.9,7.2,37.3,83
2021,665155,87.8,17.3,6.3,35,80
2021,656308,89.7,8.1,5,41.3,80
2021,543305,89.3,19.1,10,38.8,80
2021,660688,86,18.6,2.5,30.4,79
2021,591971,86,15.3,0,19.5,77
2021,614173,88.6,7.7,5.2,40.3,77
2021,545361,91.9,12.9,18.4,52.6,76
2021,664789,84.2,9.5,4,29.3,75
2021,546990,89,11.8,10.7,42.7,75
2021,622100,90.6,12.8,6.7,42.7,75
2021,663897,84.7,3.2,0,25.3,75
2021,643418,87.6,1.7,4.1,35.6,73
2021,501981,89.9,13.6,11,45.2,73
2021,642211,92.1,3.9,11,52.1,73
2021,621006,85.8,8.3,0,29.2,72
2021,668670,90.7,26.9,11.4,38.6,70
2021,656896,91.1,7.2,1.4,47.8,69
2021,467827,87.5,15.7,1.4,29,69
2021,668663,82,11.2,5.8,24.6,69
2021,592530,89.4,22.7,10.3,35.3,68
2021,680776,89.6,7.8,4.4,39.7,68
2021,664247,88.4,20.1,13.2,41.2,68
2021,596825,86.5,14.3,1.5,33.3,66
2021,657108,85.2,19.6,4.5,28.8,66
2021,602922,86.1,19.6,4.6,33.8,65
2021,663662,88.7,11.9,7.7,43.1,65
2021,642736,80.9,13.8,4.7,15.6,64
2021,607345,87.5,5.7,1.6,34.4,64
2021,650968,87.7,14.6,3.1,37.5,64
2021,606115,88.2,8.9,3.2,38.1,63
2021,622569,87.1,15,3.2,36.5,63
2021,670623,85.5,18,1.6,25.4,63
2021,592273,89.7,11.7,6.5,46.8,62
2021,641505,85.1,7.7,6.5,25.8,62
2021,605244,88.5,9.7,4.8,37.1,62
2021,455139,89.4,21.7,8.1,45.2,62
2021,664850,87,12.2,1.6,21,62
2021,666163,84.6,13.7,6.5,29,62
2021,542255,84.2,12.9,3.3,15,60
2021,545121,84.6,2.8,1.7,28.3,60
2021,656180,88.4,11.7,13.6,42.4,59
2021,666801,89,8.6,10.2,37.3,59
2021,664059,87.5,7.6,5.1,39,59
2021,592444,89.4,10.3,8.6,36.2,58
2021,656577,89.6,20.7,6.9,41.4,58
2021,664874,88,16.2,8.9,34.5,56
2021,613564,88.5,18.6,9.4,35.8,53
2021,593590,86.6,10.2,3.8,32.1,53
2021,664728,87.3,19,3.8,30.2,53
2021,488671,88.6,10.8,11.3,43.4,53
2021,642082,83.7,13.8,1.9,9.4,53
2021,660620,85.9,17.3,3.8,30.8,52
2021,663837,91.5,6.3,3.8,53.8,52
2021,622268,88,9.4,8,22,50
2021,669288,89.3,20.5,8,44,50
2021,467055,91.5,14,10.4,47.9,48
2021,608566,85.3,6.4,2.1,23.4,47
2021,670370,88.8,13.3,17,46.8,47
2021,628711,86.8,8.4,2.1,25.5,47
2021,621002,82.9,10.4,6.4,23.4,47
2021,642221,82.3,5.7,6.4,14.9,47
2021,657193,89.7,13.4,6.5,37,46
2021,572863,86.4,19.2,10.9,43.5,46
2021,425794,86.1,4.7,2.2,23.9,46
2021,608331,90.3,-0.5,0,33.3,45
2021,665482,87.2,5.4,6.7,31.1,45
2021,623205,90.2,9.5,13.6,43.2,44
2021,621450,86.4,10.8,2.3,27.3,44
2021,641816,84.9,-9.9,2.3,18.6,43
2021,489119,86.2,1.7,0,25.6,43
2021,425784,88.5,13,9.3,39.5,43
2021,592859,85,4.5,0,23.8,42
2021,665561,83.8,17.5,0,19,42
2021,606988,85.4,15.4,4.8,28.6,42
2021,607468,85.4,13.6,0,31,42
2021,656403,81.8,23.1,2.4,26.2,42
2021,663330,87.4,19.5,2.4,26.8,41
2021,670042,90.3,3.9,12.2,39,41
2021,665506,81.7,8,5,27.5,40
2021,459964,85.7,14.8,10,27.5,40
2021,641914,88.8,13.2,12.8,41,39
2021,592656,87.3,13.7,5.1,30.8,39
2021,502273,80.1,11.1,0,17.9,39
2021,519222,87.3,9.7,5.3,34.2,38
2021,643269,79.9,2.8,5.3,15.8,38
2021,592261,88.2,13,7.9,39.5,38
2021,641561,83.1,6.8,0,23.7,38
2021,664983,80,2.3,2.7,13.5,37
2021,645801,90.9,15.6,18.9,48.6,37
2021,600524,85,14,2.7,35.1,37
2021,461865,80.5,7.1,0,16.7,36
2021,657434,89.6,21.5,5.6,44.4,36
2021,605200,82.6,8.7,0,2.8,36
2021,571578,85.4,1.1,0,19.4,36
2021,453286,85.6,-4.6,0,22.9,35
2021,622491,84,0.8,2.9,20,35
2021,672779,85.1,-0.9,0,31.4,35
2021,546991,90.3,7.7,0,45.7,35
2021,554430,83.7,-2.6,0,14.7,34
2021,596451,86.4,11.2,3,27.3,33
2021,621458,90,11.1,12.1,45.5,33
2021,605397,82.8,5.1,0,18.2,33
2021,676480,89.3,20.6,9.1,36.4,33
2021,543294,83.6,-1.8,0,12.1,33
2021,621111,85.7,-7.6,0,25,32
2021,543243,77.7,-9,0,3.1,32
2021,622608,79.8,-4.2,0,9.4,32
2021,676701,87.7,10.9,3.1,40.6,32
2021,672701,83.7,8.7,0,25.8,31
2021,450203,80.8,3.7,0,6.5,31
2021,506703,81,12.2,0,19.4,31
2021,663799,82.5,27.1,6.7,16.7,30
2021,669203,80,-13.3,0,16.7,30
2021,595453,84.9,8.1,3.3,36.7,30
2021,657277,88.3,14.1,13.3,26.7,30
2021,573186,80,-2.9,0,13.3,30
2021,666931,82,4,0,20,30
2021,670770,88.1,24.3,6.7,33.3,30
2021,605361,89.3,19.5,6.9,41.4,29
2021,596117,84.8,13.9,0,24.1,29
2021,642350,89.9,16.5,17.2,44.8,29
2021,453943,87.5,12.7,3.4,34.5,29
2021,506433,85,-11.9,0,37.9,29
2021,592332,83.1,-5.4,0,0,29
2021,663845,88.4,10.2,3.6,32.1,28
2021,572008,90.7,13.8,14.3,42.9,28
2021,607200,76.9,-4.6,0,14.3,28
2021,605400,85.8,-4,0,10.7,28
2021,596295,84.1,9.2,0,10.7,28
2021,518876,76.4,-3.6,0,14.8,27
2021,571431,82.2,10.5,3.7,29.6,27
2021,605540,82.9,6.6,0,11.1,27
2021,477132,79.6,-8.3,0,14.8,27
2021,661269,79.5,-0.1,0,19.2,26
2021,641943,93.5,8.4,3.8,42.3,26
2021,666213,88.1,20.7,0,38.5,26
2021,456501,75.9,-11.2,0,4,25
2021,656185,86.3,23.4,8,24,25
2021,543101,80.7,17,4,12,25
2021,452657,86,0.5,8,40,25
2021,640444,84.7,-2,4,24,25
2021,665861,86.6,13,0,24,25
2021,672695,86.5,18.7,4,28,25
2021,592863,85.8,10.3,4.2,25,24
2021,592767,78.5,-2.5,0,8.3,24
2021,594798,84.7,1.1,0,16.7,24
2021,664141,81.5,-13.3,0,12.5,24
2021,641684,89.3,30.4,20.8,33.3,24
2021,605353,89.7,6.3,4.2,25,24
2021,656467,86.3,-5.4,8.3,41.7,24
2021,571912,79.6,1.2,4.3,26.1,23
2021,608422,86.2,5.7,4.3,34.8,23
2021,669394,98,9.5,13,60.9,23
2021,668678,96.2,3.7,0,34.8,23
2021,543308,90.6,22.8,21.7,34.8,23
2021,605452,82.3,-1.5,0,13,23
2021,663743,91.3,24,21.7,52.2,23
2021,669134,94.6,15.4,0,52.2,23
2021,621500,86.8,23.7,4.5,40.9,22
2021,641583,89.5,20.1,0,31.8,22
2021,545333,78.9,-9.9,0,0,22
2021,642547,82.3,-8.7,0,18.2,22
2021,457803,84,8.5,0,19,21
2021,621573,87.4,5.1,4.8,33.3,21
2021,663853,87.1,-1.1,9.5,38.1,21
2021,641924,87.3,31.4,14.3,33.3,21
2021,607536,86.9,15.6,0,14.3,21
2021,675656,86.7,36.5,14.3,33.3,21
2021,670084,84.8,17.2,0,30,20
2021,502043,84.3,-10.6,5,20,20
2021,592836,82.6,-9.7,0,20,20
2021,605483,83.5,-13,0,15,20
2021,621107,82.9,-1,0,15,20
2021,677960,89.7,-11,5,40,20
2021,460077,84.9,18.9,0,10,20
2021,519306,87.3,13.4,5.3,31.6,19
2021,543432,85.7,18.9,10.5,21.1,19
2021,640470,82,-24.9,0,5.3,19
2021,592826,84.7,8.2,0,31.6,19
2021,547942,77.4,-11.4,0,10.5,19
2021,664670,84.8,4.7,0,16.7,18
2021,666160,90.9,9.1,5.6,38.9,18
2021,660644,80.5,4.8,0,16.7,18
2021,592351,87.1,20.5,0,27.8,18
2021,592866,82.8,-14.6,0,22.2,18
2021,502179,86.9,3.3,5.6,22.2,18
2021,669432,80.7,-17.6,0,11.1,18
2021,641778,91.3,13.3,5.6,22.2,18
2021,600301,88.7,20.8,5.6,44.4,18
2021,641154,79.6,-6.4,5.6,22.2,18
2021,594988,83.9,20,5.9,23.5,17
2021,592346,82.6,-7.7,5.9,29.4,17
2021,660623,87.4,4.7,11.8,47.1,17
2021,656514,84.4,8,0,17.6,17
2021,607111,81.7,11.2,5.9,35.3,17
2021,621532,83.1,1.9,0,11.8,17
2021,572204,92.3,16.9,35.3,58.8,17
2021,448179,68.3,-24.9,0,0,16
2021,624133,83.9,5.9,0,6.3,16
2021,622072,85.7,-7,0,12.5,16
2021,592407,88.4,22.8,0,25,16
2021,542963,82.6,17.6,0,12.5,16
2021,518960,91.9,21.7,0,43.8,16
2021,457727,88.3,-1.6,0,37.5,16
2021,474463,71,-0.7,0,0,16
2021,656605,86.8,-34.1,0,31.3,16
2021,656364,82.4,28.5,0,12.5,16
2021,664731,82.4,12.1,0,13.3,15
2021,595981,82.8,24.6,13.3,20,15
2021,534606,83.7,7.5,6.7,26.7,15
2021,645261,77.6,-37.5,0,6.7,15
2021,456034,84.4,-19,0,33.3,15
2021,669060,86,-13,0,26.7,15
2021,663905,96.2,17.9,20,73.3,15
2021,592622,85.1,12.4,0,33.3,15
2021,605288,85.4,5.4,14.3,35.7,14
2021,656427,86.4,8.8,7.1,28.6,14
2021,644433,85.3,16.4,7.1,14.3,14
2021,663978,88.1,-8.1,0,28.6,14
2021,664314,89.3,5.3,7.1,64.3,14
2021,451594,86.7,23.8,0,42.9,14
2021,656731,90.8,-8.3,0,46.2,13
2021,657011,84,15.6,0,30.8,13
2021,547172,82.5,6.2,0,15.4,13
2021,518516,87.2,24.7,7.7,23.1,13
2021,656546,79,6.1,0,23.1,13
2021,445055,83.2,4,0,8.3,12
2021,656413,81.3,12.9,0,16.7,12
2021,606993,86.2,5.8,0,16.7,12
2021,676840,79.4,-11.3,0,25,12
2021,641771,84.5,-18.9,0,33.3,12
2021,670912,87.6,-25,0,36.4,11
2021,680686,86.3,-5.6,0,36.4,11
2021,453562,77.4,10.5,0,18.2,11
2021,666120,82.6,-8.9,0,18.2,11
2021,663765,87.9,-17.8,0,36.4,11
2021,622694,86.3,-6.5,0,9.1,11
2021,571918,78.5,25.8,0,10,10
2021,621219,89.4,-2.5,0,10,10
2021,622666,82,3.1,0,30,10
2021,542992,86.1,7.5,0,20,10
2021,453281,77.5,1,0,0,10
2021,608328,83.6,1.2,0,10,10
2021,593372,79.5,-16.8,0,10,10
2021,666200,77.6,-22,0,0,10
2021,608597,87.2,10.5,10,20,10
2021,493472,83.9,13.7,0,20,10
2021,664062,82.4,-21.4,0,20,10
2021,542881,82.1,5.1,10,10,10
2021,607231,79.2,14.1,0,10,10
2021,668721,89.8,12.5,10,60,10
2021,605507,90.6,-9.4,0,22.2,9
2021,663527,93.5,33.8,11.1,33.3,9
2021,668820,78.3,-24.4,0,0,9
2021,457918,84.5,-0.3,0,22.2,9
2021,623508,86,1.6,0,33.3,9
2021,471911,84.5,-13.8,0,0,9
2021,571945,92.2,30.5,0,11.1,9
2021,622168,85.1,18,0,22.2,9
2021,605346,85,18.8,11.1,11.1,9
2021,657006,93.3,-9.4,0,33.3,9
2021,656849,80.5,-25.4,0,33.3,9
2021,642028,72.8,-30.9,0,0,9
2021,541650,86.3,2.4,0,33.3,9
2021,596133,85.8,-2.1,0,0,9
2021,592761,74.2,-16.8,0,11.1,9
2021,502624,87.8,9.5,0,12.5,8
2021,595191,51.5,-52.6,0,0,8
2021,664041,89.9,3.3,0,37.5,8
2021,656509,84.5,0.7,0,37.5,8
2021,547001,75.4,-37.8,0,37.5,8
2021,675649,80.1,10,0,12.5,8
2021,666129,84,-5.1,0,14.3,7
2021,605233,89.4,13.2,0,14.3,7
2021,518902,84,19.7,0,28.6,7
2021,664068,72.5,23.8,0,0,7
2021,519043,80,-24.5,0,14.3,7
2021,602080,76.3,-12.2,0,14.3,7
2021,657053,83.5,-8.6,0,0,7
2021,541600,69.7,-14.4,0,0,7
2021,669674,78.6,-16.1,0,14.3,7
2021,663734,86.7,-17.3,0,0,6
2021,595375,84.8,0.6,0,33.3,6
2021,642136,86.2,19.9,0,16.7,6
2021,657136,89.1,7.6,16.7,50,6
2021,446653,90.4,2.4,0,50,6
2021,660731,87.8,5.5,0,33.3,6
2021,666179,88.5,22.3,0,50,6
2021,670768,86.9,16.1,0,50,6
2021,608384,86,13.9,0,33.3,6
2021,528748,81.9,6.5,16.7,50,6
2021,663574,93.6,-2.6,0,33.3,6
2021,642456,89,10.7,0,33.3,6
2021,621559,86.1,31.3,16.7,16.7,6
2021,650668,79,1.1,0,16.7,6
2021,643230,97.2,-11.1,0,50,6
2021,642203,77.4,-10,0,0,6
2021,642092,86.5,16.6,0,16.7,6
2021,621005,94.7,33.3,0,66.7,6
2021,608344,90.8,4.5,0,0,5
2021,656302,91.7,5.1,0,40,5
2021,543089,94.2,13.5,0,40,5
2021,666205,86.7,-24.1,0,20,5
2021,593528,74.6,12.8,0,20,5
2021,468504,81.6,-16.7,0,20,5
2021,664119,94.2,1.4,20,40,5
2021,656457,64.9,-54.6,0,0,5
2021,622503,68.5,-38.4,0,0,5
2021,666137,89.5,0,0,60,5
2021,669008,87.5,-8.4,0,40,5
2021,502239,73.5,35.8,0,0,5
2021,665833,100.5,4.6,40,80,5
2021,677651,81.3,-35.3,0,0,5
2021,624522,86.1,-4.1,0,0,5
2021,668723,87.6,3,0,40,5
2021,592662,71.8,-34,0,0,4
2021,592716,NA,NA,0,0,4
2021,548389,67.1,-48,0,0,4
2021,663460,92.7,-24.2,0,25,4
2021,656568,82.4,31,0,0,4
2021,544931,98.2,7.6,0,50,4
2021,656548,95.1,15.7,0,75,4
2021,489334,61.6,25.4,0,0,4
2021,621008,83.3,19.9,0,25,4
2021,665795,90.6,30.9,0,25,4
2021,656821,89.7,27.5,0,25,4
2021,669952,84.3,-6.1,0,25,4
2021,675921,87.6,-14.8,0,25,4
2021,425772,90.8,20.6,0,0,4
2021,640455,90.9,-21.3,0,25,4
2021,624419,85,23.8,0,50,4
2021,645305,91.2,-7.3,0,75,4
2021,663698,87.1,25.7,0,50,4
2021,600858,73.5,-2.2,0,0,4
2021,641745,77.9,19.3,0,0,4
2021,606336,82.9,39.6,0,0,4
2021,501985,85.4,-1.7,0,66.7,3
2021,670955,72,-57.6,0,0,3
2021,669456,80.6,10.2,0,0,3
2021,669294,78.3,-30.5,0,0,3
2021,607430,88.7,10.8,0,33.3,3
2021,664192,64.8,-33.8,0,33.3,3
2021,664074,82.8,-14.9,0,0,3
2021,615699,85.5,-18.4,0,33.3,3
2021,623323,105.3,1.1,0,33.3,3
2021,663753,77.5,19.3,0,0,3
2021,656876,71.5,0.1,0,33.3,3
2021,676646,93.6,16,0,33.3,3
2021,641540,96.2,-12.8,0,33.3,3
2021,641447,94.7,-27.5,0,0,3
2021,628317,84.7,32.1,0,33.3,3
2021,623167,79.6,48.9,0,0,3
2021,607644,102.7,22.7,33.3,33.3,3
2021,596071,NA,NA,0,0,3
2021,593958,93.8,14.1,0,33.3,3
2021,592717,72.5,-7.7,0,0,3
2021,592254,85.7,6.7,0,0,3
2021,572070,89.7,0.6,0,33.3,3
2021,571510,93.3,14.8,0,0,3
2021,543594,74,1,0,0,3
2021,523260,79.1,-19,0,33.3,3
2021,518774,76.4,22.1,0,0,3
2021,676900,88.5,29.6,0,33.3,3
2021,458708,89.1,9.5,0,0,3
2021,622668,90.9,-21.4,0,33.3,3
2021,615698,87.5,-25,0,0,2
2021,640464,87.3,-7.2,0,50,2
2021,608349,90.5,-10.7,0,0,2
2021,608334,67.4,-36.9,0,0,2
2021,641927,83.7,-14.1,0,0,2
2021,607188,95.7,-1.7,0,50,2
2021,607074,77.1,2.1,0,0,2
2021,642232,72.8,11.4,0,0,2
2021,598286,88.8,-17.8,50,50,2
2021,676265,68.4,-29.8,0,0,2
2021,596057,75.2,-15,0,0,2
2021,596049,93.7,-20.1,0,0,2
2021,595928,75.1,-44.4,0,0,2
2021,594986,75.6,30,0,0,2
2021,594835,97,17.4,0,50,2
2021,605504,91.9,29,0,50,2
2021,657140,102.5,-0.4,0,100,2
2021,643436,83.5,6.1,0,0,2
2021,623182,101.7,15.1,0,100,2
2021,656883,96.6,22.2,0,50,2
2021,660813,93.7,29.6,0,50,2
2021,547943,79.6,27.1,0,0,2
2021,663474,95,-6.3,0,50,2
2021,663776,89.8,-32.8,0,50,2
2021,664076,91.4,15.7,0,0,2
2021,664011,83.7,-29.7,0,0,2
2021,664285,55,-28.8,0,0,2
2021,501381,82.2,-48.4,0,50,2
2021,476594,89.1,9.4,50,50,2
2021,592419,83.6,44.6,0,0,2
2021,458681,83.6,6.5,0,0,2
2021,670766,77.2,-36.6,0,0,2
2021,453527,77.1,-11.6,0,0,2
2021,672335,77,-10.8,0,0,2
2021,676220,74.8,-13.9,0,0,2
2021,431148,72,-33.6,0,0,2
2021,622766,74.5,-26,0,0,2
2021,623485,86.9,12.1,0,0,2
2021,621261,NA,NA,0,0,2
2021,621244,NA,NA,0,0,2
2021,621076,108.1,11,0,50,2
2021,643327,NA,NA,0,0,1
2021,595465,60.3,-58.1,0,0,1
2021,595345,93.9,-2.5,0,0,1
2021,643377,82.7,56.1,0,0,1
2021,669160,NA,NA,0,0,1
2021,453343,NA,NA,0,0,1
2021,680963,86.9,39.6,0,0,1
2021,593833,81.7,-31.8,0,0,1
2021,647315,NA,NA,0,0,1
2021,593423,88.1,-10,0,0,1
2021,650347,NA,NA,0,0,1
2021,593334,NA,NA,0,0,1
2021,656578,80.4,-35.6,0,0,1
2021,656629,80.4,-40.8,0,0,1
2021,592791,75.9,-12.2,0,0,1
2021,656686,94.4,16.9,0,0,1
2021,641929,95.6,-68.3,0,100,1
2021,656794,NA,NA,0,0,1
2021,656818,66.8,52.2,0,0,1
2021,656288,NA,NA,0,0,1
2021,656954,98,13,0,100,1
2021,669373,NA,NA,0,0,1
2021,622088,NA,NA,0,0,1
2021,641999,86.5,5.1,0,0,1
2021,572971,77.8,-15.6,0,0,1
2021,670970,97.4,-12,0,100,1
2021,571946,72.7,-44.1,0,0,1
2021,657141,101.8,10.5,0,100,1
2021,448855,74.9,5.8,0,0,1
2021,571927,70.7,-15.6,0,0,1
2021,571800,77.7,-37.2,0,0,1
2021,571760,94.1,10.2,0,0,1
2021,571676,70.4,-52.5,0,0,1
2021,622075,95.5,-31.5,0,100,1
2021,453268,99.9,10.7,0,100,1
2021,624418,89.4,-10.4,0,0,1
2021,663465,85.9,63.5,0,0,1
2021,547176,107.2,22.5,100,100,1
2021,446372,64.9,-4.5,0,0,1
2021,663554,83.7,-32.3,0,0,1
2021,663567,95.1,-12,0,100,1
2021,502285,90,-32.3,0,0,1
2021,543606,59.2,42.5,0,0,1
2021,676477,80.2,15.7,0,0,1
2021,543475,79.6,-56.1,0,0,1
2021,543351,NA,NA,0,0,1
2021,543135,70.3,-37.5,0,0,1
2021,542947,NA,NA,0,0,1
2021,664045,57.3,-77.1,0,0,1
2021,446321,96.7,1.3,0,100,1
2021,676879,NA,NA,0,0,1
2021,675911,NA,NA,0,0,1
2021,519326,97.6,32.8,0,100,1
2021,664123,86.2,34,0,0,1
2021,518858,69.2,19.9,0,0,1
2021,685503,93.3,-16.8,0,0,1
2021,664196,NA,NA,0,0,1
2021,664199,79.8,1,0,0,1
2021,666139,43.3,-62.7,0,0,1
2021,503449,78.6,4.3,0,0,1
2021,664208,90.2,-21.8,0,0,1
2021,621348,NA,NA,0,0,1
2021,664353,90.7,7.2,0,0,1
2021,502171,80.1,34.3,0,0,1
2021,656494,87.1,36.8,0,0,1
2021,670462,71.1,4.9,0,0,1
2021,665665,89.8,-19.8,0,0,1
2021,501625,NA,NA,0,0,1
2021,641302,NA,NA,0,0,1
2021,641360,94.8,-12.2,0,0,1
2021,614179,77.1,-3.9,0,0,1
2021,608723,72.6,3.1,0,0,1
2021,641482,65.2,3.9,0,0,1
2021,608718,NA,NA,0,0,1
2021,608371,54.6,-48.5,0,0,1
2021,621121,88.4,-18.8,0,0,1
2021,641682,99.6,-7.6,0,100,1
2021,608337,105.6,0,0,100,1
2021,500779,76.2,3.9,0,0,1
2021,641712,66.3,-58.7,0,0,1
2021,425844,93.5,39.2,0,0,1
2021,607625,NA,NA,0,0,1
2021,641793,97.2,7,0,100,1
2021,607560,NA,NA,0,0,1
2021,607455,83.1,2.3,0,0,1
2021,665759,NA,NA,0,0,1
2021,607229,97.1,-53.7,0,100,1
2021,607219,41.6,-69.4,0,0,1
2021,641941,57,57,0,0,1
2021,621052,96.7,21.5,0,100,1
2021,622446,109.6,-1.7,0,100,1
2021,606162,83,-28.7,0,0,1
2021,642073,70.6,-2.3,0,0,1
2021,605347,75.6,-33.6,0,0,1
2021,667297,97.3,-20.4,0,100,1
2021,488984,99.7,8.8,0,100,1
2021,605276,81.3,-42.5,0,0,1
2021,605164,91.4,-25.1,0,0,1
2021,667376,66.9,-41.1,0,0,1
2021,643256,86.3,19.9,0,0,1
2021,596082,86,-19.5,0,0,1
2021,669622,106.7,-1,0,100,1
2021,622098,72.8,-34.8,0,0,1
2021,643290,95.1,27.3,0,100,1
2021,667463,NA,NA,0,0,1
2021,596001,NA,NA,0,0,1
2021,669145,88.4,-60.9,0,0,1
2022,543760,87.3,19.9,6.8,34.9,547
2022,642708,88.4,5,4.5,38.3,530
2022,608070,87.7,20.7,6.6,36.9,528
2022,607208,88.9,10.2,7.6,41.6,527
2022,665489,92.8,4.3,11.2,50.4,526
2022,518692,91.3,13.6,9.9,47.8,517
2022,657077,89.1,8.4,6,38.2,513
2022,680757,85.1,11.8,1.4,20.8,509
2022,650333,88.9,12.9,3.6,30.2,507
2022,596019,89.3,13.8,8.3,41.3,504
2022,666182,91.9,8.5,9.6,50.3,499
2022,547989,92.2,8,9.5,51.8,495
2022,608369,91.1,13.6,10.5,45.5,495
2022,571448,88.8,21.7,8.2,38.9,489
2022,656775,88.8,17.4,4.9,37.3,488
2022,664761,90.2,10.4,6.8,43,486
2022,608324,88.9,19.5,7.3,37.8,481
2022,624413,89.8,18.2,12.3,44.8,478
2022,595777,87.5,12.9,4,34.3,478
2022,624428,85.1,13.6,1.5,24.5,478
2022,643446,86.9,12.8,2.7,30.2,477
2022,493329,88.2,14.6,1.9,35.6,475
2022,605141,90.5,18.6,9.7,44.9,472
2022,607043,89.4,6.1,7,39.8,470
2022,669242,88.6,8.7,6.2,37.8,468
2022,630105,87.6,18.2,5.6,34.1,464
2022,621020,90.2,15.7,10.8,46.3,462
2022,664034,87.6,10,5.4,36.8,462
2022,677951,89.7,16.8,8.7,38.6,461
2022,572233,90,17,11.5,44,459
2022,623993,90.1,21.4,11.6,43.3,457
2022,605137,88.9,8.4,7.2,40.8,456
2022,664702,87,9.8,0.7,26.5,454
2022,663586,92.5,12.9,15.7,50.8,451
2022,663656,90,19,10.2,42.4,451
2022,514917,84.8,9.3,2.4,29.7,451
2022,621566,92.9,16.1,13.6,50.9,450
2022,592518,91.5,16,9.8,49,447
2022,663993,90.2,8.2,9.9,44.8,446
2022,593428,88.1,10.2,6.5,39.5,446
2022,641487,85.1,8.9,2,29.7,445
2022,646240,93.1,11.3,11.5,50.9,444
2022,462101,87.9,11.9,4.5,34.8,443
2022,514888,85.9,16.1,7.7,29.7,441
2022,643393,84.4,15,1.6,14.9,436
2022,571657,85.5,12.7,4.4,33.8,435
2022,668227,89.9,8.8,7.9,41,432
2022,663898,90,4.6,7.2,45.9,431
2022,527038,87.8,20.7,6.3,35.4,429
2022,664023,89.7,10.9,6.5,40.4,428
2022,660271,92.9,12.1,16.8,49.8,428
2022,453568,86.2,12.4,4.4,30.6,428
2022,666969,92.1,13.2,12.9,47.4,428
2022,665742,91,9.1,12.4,47.4,428
2022,593160,87.1,15.1,4.2,31.1,427
2022,663538,87.2,10.6,2.6,33.5,426
2022,656555,90.1,18.1,11.1,44.3,424
2022,673490,86.7,16.1,4.2,32.4,424
2022,502671,90.8,15.7,11.6,47.4,424
2022,669720,87.7,11.3,5.2,37.7,424
2022,683734,90.8,7.5,7.9,48.6,419
2022,643396,86.2,4.3,1.2,30.1,419
2022,543807,88.7,13.9,8.4,42.3,418
2022,669221,88.7,11.5,10.5,41.4,418
2022,672386,90.5,8.1,6.7,45.4,416
2022,669257,89.9,18.4,10.3,43,416
2022,543068,88.7,14.2,10.8,42.3,416
2022,592885,91.5,3.6,8.2,48.6,416
2022,650490,92.2,7.7,4.8,49,414
2022,500743,86.1,10.1,1.9,27.1,414
2022,570482,88.9,11.8,7,37.6,412
2022,650859,86.9,9.9,5.4,33.6,411
2022,595879,87.9,9.6,8,38,411
2022,642133,91.1,15.3,12.9,46,411
2022,663624,91.3,15.9,15,46.3,408
2022,621043,89.9,11.6,11.4,44.7,405
2022,642731,86.2,8.1,4.4,31.1,405
2022,668804,90.2,12,7.9,42.9,403
2022,642715,88.9,18.9,13,43.6,401
2022,650402,90.4,17.5,10.7,45.3,401
2022,592450,95.9,15,26.5,61.9,400
2022,518934,89.2,3,5.3,41.1,399
2022,592273,89.1,13.8,10.4,42.2,396
2022,606466,90.1,13.5,6.1,41.9,396
2022,592206,87.5,14.6,6.6,35.1,396
2022,457705,89.1,13.2,8.6,40,395
2022,572041,88.8,11.6,9.4,42,395
2022,662139,87.7,14.9,10.2,35.6,393
2022,502110,89.1,14.1,12.5,41.7,393
2022,502054,92.2,7.7,7.9,48.5,392
2022,665161,88.1,8.7,9.7,36.7,392
2022,592663,90.3,13.1,11.3,47.2,390
2022,643217,89.2,12.6,5.1,38.7,390
2022,641820,89.5,12.7,9.8,40.4,389
2022,457759,89.5,18.4,8,40.6,387
2022,578428,83.8,6,0.5,27.7,386
2022,665926,87.8,11.7,6.2,37.8,386
2022,663647,91,5.2,3.9,46.8,385
2022,669289,86.1,14.1,3.4,31.7,385
2022,670032,84.9,4.9,1.6,22.9,384
2022,545341,90,8.7,6.8,43.6,381
2022,621493,90,15.8,12.4,42.9,380
2022,656941,93.3,19.2,20.1,54.4,379
2022,570731,87,9.7,4.8,38.6,378
2022,641857,91.7,10.8,10.4,46.5,374
2022,647304,89.4,10.3,8.6,42.8,374
2022,656305,92.2,19,12.9,51.2,373
2022,666971,90.6,10.9,3.8,45.7,372
2022,500871,88.3,20.6,9.4,37.6,372
2022,657041,86.4,12.5,6.5,34.5,371
2022,670541,95.2,12.3,21,59.8,371
2022,516782,86.8,7.5,6.8,33.9,369
2022,592192,87.7,10.9,4.9,36.6,369
2022,677594,92,10.1,13.1,50.7,367
2022,519203,89.4,19.3,10.9,40.8,366
2022,641355,89.4,20.3,8.3,38.1,360
2022,592669,90.5,17.7,10.9,43.6,358
2022,608385,87.7,16.8,7.6,34.3,356
2022,664913,89.2,15.8,13,41.4,355
2022,668942,88.8,11.9,4.5,36.1,355
2022,669304,89.3,13.8,6.2,42.4,354
2022,542303,89.4,16.5,13.1,43.8,352
2022,553993,89.8,19.9,14.8,43.5,352
2022,622761,86.8,14.8,6,32.7,352
2022,573262,89.9,19.9,11.1,42.5,351
2022,542583,87.7,19.1,6.9,36,350
2022,543939,87,14,5.4,35.5,349
2022,606192,92.6,11.6,15,53.3,347
2022,660688,88,14.9,3.7,32.3,347
2022,605612,87,11.4,6.1,33.3,346
2022,467793,90.7,15.4,9.3,44.9,345
2022,660670,91.2,10.8,12.8,49.7,344
2022,672695,85,12.1,2,25.1,342
2022,666185,86.1,12.9,4.4,27.2,342
2022,680911,85.8,10.1,3.5,31.2,340
2022,681082,88.1,13.1,4.4,36.8,340
2022,521692,91.4,17.8,11.2,49,339
2022,641531,88.5,13.1,7.7,38.5,338
2022,518626,90.7,12,9.8,43.3,336
2022,669004,90.7,15.1,10.4,43.5,336
2022,623912,88.5,4.8,4.8,41.2,335
2022,606132,87.6,4,5.1,38,334
2022,443558,90.9,7.2,9.3,46.1,332
2022,543877,87.9,10.7,5.1,36.4,332
2022,444482,90.3,15.1,8.5,44.4,331
2022,571970,90.3,20.9,13.4,45.6,329
2022,666158,88,6.8,6.1,39.8,329
2022,572228,89.8,18.4,14.7,44.3,327
2022,596146,89.1,11.2,7.1,39.9,326
2022,680977,87.7,6,3.4,37.7,324
2022,600869,87.2,13.5,8.3,34.6,324
2022,641680,89.3,17,6.9,39.9,321
2022,596059,87.8,21.5,6.5,33.3,321
2022,602074,84.8,4.6,1.9,25,320
2022,543281,87.4,14.7,3.8,32.3,319
2022,543333,88.4,3.1,5.7,39.7,317
2022,575929,90.4,8.5,10.5,48.6,315
2022,668939,87.9,15.6,7.9,36.8,315
2022,543063,88.1,12.3,6.7,35.1,313
2022,677950,87.4,2.6,3.8,34.6,312
2022,602104,89.4,11,9.6,46.5,312
2022,649966,87.3,18,8.3,35.3,312
2022,572191,86.3,12.1,6.8,32.9,310
2022,663757,88.3,15.1,8.1,35.5,310
2022,624503,90.6,12.5,9.4,44.7,309
2022,671739,89.5,4.5,10.1,45.1,308
2022,656582,85.3,10.6,4.5,33.8,308
2022,518595,88.5,11.8,8.5,38.9,306
2022,673357,89.3,10,8.9,42.8,304
2022,621563,87.5,3,1.7,36.2,301
2022,408234,89.9,5,4.7,38.2,301
2022,643265,89.6,8.8,10.7,43.7,300
2022,669222,87.2,11.7,3.3,33.9,300
2022,545361,91.6,24.6,19.7,51,300
2022,596748,87,11.5,4.7,34.4,299
2022,516416,87.6,4.3,4.4,38.4,297
2022,543592,89.4,12,2.4,39.7,297
2022,657757,88.6,14.8,6.5,36.1,294
2022,571771,87.8,17.3,5.8,35,294
2022,663697,85.1,14.5,4.8,28.8,292
2022,670764,86.3,16.6,6.2,28.5,291
2022,547180,92.1,11.8,12.8,47.9,290
2022,673548,89.6,11.2,11,41.3,290
2022,621550,90.7,21,14.2,46.3,289
2022,660757,88.6,5.4,7.3,40.1,289
2022,596142,90.5,14,13.5,49.3,288
2022,650489,84.8,13.9,3.5,31.4,287
2022,543257,86.7,21.1,3.5,30.4,286
2022,660162,88.7,15.7,9.8,37.5,285
2022,677551,87.3,8.2,4.6,35.8,285
2022,665120,90.1,10.7,9.5,42.5,285
2022,592626,93.2,14.8,15.1,52.1,284
2022,593871,89,21.7,10.2,38.7,284
2022,614177,92,9.9,11.3,45.8,284
2022,671277,87.3,5.5,7.5,36.7,281
2022,656308,85.4,11.1,7.5,38.7,279
2022,543305,87.9,14.8,5.8,33.1,278
2022,641313,88.2,3.3,5.8,41.2,277
2022,645302,84.6,15.8,3.2,23.8,277
2022,592325,88.8,11.3,6.2,37.6,274
2022,621438,88,16.9,9.9,37.6,274
2022,624431,87.9,13,5.1,35,274
2022,596129,89.4,15.8,10.6,39.9,273
2022,669016,89.2,10.9,7.4,38.2,272
2022,553869,88.4,11.1,5.9,39.3,272
2022,542932,88,4.7,5.9,37,270
2022,598265,87.6,7.4,4.8,37.2,269
2022,622534,89.5,10.2,3.7,37.9,269
2022,670623,87.4,15.8,6.4,38.7,266
2022,607732,86.7,12.9,3.4,32.3,266
2022,519317,95,10.8,19.3,52.3,264
2022,679529,90.5,15,8.4,41.8,263
2022,647351,87,16.7,6.8,29.7,263
2022,663837,91.2,12,5,47.1,261
2022,682985,89.5,2.8,9.3,45.2,259
2022,405395,91.2,16.4,12,47.3,258
2022,594777,90.8,15.4,9.8,48.2,255
2022,649557,86.6,12.4,6.3,36.8,254
2022,676801,88.1,12.8,10.2,39,254
2022,641645,86.2,4.3,2.4,24.9,253
2022,663728,90.9,22.5,15.4,43.5,253
2022,541645,88.7,2.8,6.4,44.8,250
2022,608348,87.7,14.7,5.2,36.8,250
2022,542364,87.2,17.1,4.8,33.7,250
2022,518735,90,12.1,4.8,40,250
2022,664983,87.4,8,4.8,33.3,249
2022,656896,90.4,9.8,9.3,38.3,248
2022,666624,89.6,9.1,13.4,40.3,247
2022,640461,87.5,9.7,6.5,40.7,246
2022,621035,87.4,20.4,10.2,38,245
2022,650559,90.8,9.8,11.9,47.3,243
2022,621028,85.8,13.1,1.6,27.2,243
2022,669397,83.9,7.6,1.2,22.3,242
2022,657656,88.7,14.9,11.6,38.4,242
2022,622682,87.9,10.9,5,36.8,242
2022,670768,86.8,10.8,2.5,31.7,241
2022,544725,87,6.2,4.2,35.6,240
2022,596115,88.9,17.8,11.3,40.6,239
2022,542194,90.1,9.4,11.7,44.8,239
2022,605119,88.7,7.7,9.7,42,238
2022,682928,86.5,6.8,2.1,30.7,238
2022,641933,89.8,13.6,11.3,43.3,238
2022,665482,87.3,-1.9,2.5,34.3,236
2022,596847,92.2,10.6,11.9,47.5,236
2022,572816,87.8,10.6,3.8,32.8,235
2022,543228,85.3,9.4,3.4,28.9,235
2022,624414,88.9,9.1,6.4,42.1,235
2022,455117,88.4,14.7,8.1,40.2,234
2022,628450,88.8,3.5,8.6,42.1,233
2022,664056,83.4,16.7,3.4,26.3,232
2022,661388,90.4,6.1,13.4,46.6,232
2022,573131,89.2,14.8,8.6,40.5,232
2022,665750,89.3,12,4.3,36.1,230
2022,606992,87.7,17,8.7,42.4,229
2022,595978,84.2,16.7,3.1,22.3,229
2022,686469,91.2,12.1,8.8,46.9,226
2022,458015,89.7,14.2,11.1,41.3,225
2022,642336,86.8,15.7,2.7,28,225
2022,621439,92.9,21.4,16.4,50.2,225
2022,650391,92.8,7.4,14.7,54.9,224
2022,663457,91.7,10.7,12.1,46,224
2022,545358,88.6,9.5,9.4,39.5,223
2022,425877,84.7,16.9,3.1,26,223
2022,621512,86.3,8.3,6.3,33.3,222
2022,660821,89.5,11,9.9,40.5,222
2022,643289,84.7,16.7,2.3,29.9,221
2022,456781,88.3,10.7,5.9,41.2,219
2022,571980,90.3,14.4,9.6,40.8,218
2022,643524,88.1,10.2,4.7,35.5,215
2022,488726,89.8,10.7,6,45.1,215
2022,669261,88.3,14.3,12.2,40.4,213
2022,623205,88,8.2,6.6,34,212
2022,571466,84.5,10.1,1.9,26,208
2022,607054,88.6,9.7,7.2,36.1,208
2022,605170,89.4,6.6,6.3,43.5,207
2022,553882,84.7,17.7,2.4,18.4,207
2022,665833,91.9,8.3,15.5,46.1,206
2022,645277,87.1,16.9,5.4,26.5,204
2022,666915,90.3,15.2,11.8,45.8,203
2022,624512,87,14.1,2.5,29.7,202
2022,664058,82.1,15,0,7.4,202
2022,668800,86,15.6,3.5,33.2,199
2022,605204,92.4,12.3,16.2,56.1,198
2022,660766,86.5,17.1,9.2,33.7,196
2022,642350,87.2,15.4,6.2,33,194
2022,660636,89.1,14.6,9.9,38.7,191
2022,670770,87.2,19.8,4.7,29.8,191
2022,641914,89.1,1.5,3.1,38.2,191
2022,596103,89,6.6,10.5,39.5,190
2022,545121,87,7.4,2.1,29.3,188
2022,594807,88.3,23.4,12.8,41,188
2022,608336,89.6,23.8,17.6,50.5,188
2022,446334,91.1,18.2,12.4,46.8,186
2022,592696,87.7,15.2,5.4,33,185
2022,663611,85.9,-0.2,0,24.6,184
2022,664728,89.7,10.6,4.9,44.6,184
2022,543309,90.9,17.2,9.8,48.1,183
2022,656976,87.9,15.2,9.9,35.9,181
2022,624585,91.2,13.7,12.2,43.6,181
2022,544369,84.5,15.8,2.8,22.8,180
2022,669357,89.2,20,14.4,43.3,180
2022,666801,87.3,11.7,6.7,35,180
2022,519058,87.6,19.4,6.1,33.9,180
2022,605353,89.3,10.2,3.9,39.1,179
2022,622110,87.1,9.9,2.8,25.8,178
2022,571976,88.5,13,7.3,37.6,178
2022,643376,90.4,22.2,13.1,46.6,176
2022,664040,89.4,16.6,10.3,38.9,175
2022,665506,89.4,3.8,3.4,40.8,174
2022,624415,88.3,19.5,6.9,32.8,174
2022,474832,88.4,23.4,12.6,38.5,174
2022,608841,91.4,9.5,9.9,47.1,172
2022,663743,89.3,15.4,7,37.8,172
2022,546991,84,6.7,1.8,25.4,171
2022,664774,87.7,21.1,9.5,34.3,169
2022,641553,87.9,15,1.8,33.1,169
2022,669701,87,19.2,2.4,28.6,168
2022,608703,90.2,5.6,3,42.4,167
2022,663845,86.9,4.9,4.2,35.3,167
2022,641584,85.1,13.8,7.3,27.6,164
2022,668751,89.9,7.5,4.9,40.7,162
2022,666176,87.4,16.7,9.9,37.7,162
2022,571745,91.9,18.2,11.8,47.2,161
2022,595751,89.4,8,11.2,38.5,161
2022,640492,88.3,9.4,2.5,30.6,160
2022,606115,90.7,11.7,7.5,42.5,160
2022,606157,85.6,17.4,8.2,34.6,158
2022,614173,89.7,12.7,12.3,45.5,154
2022,642727,86.6,13.5,1.9,32.5,154
2022,677649,85.9,9.5,4.5,31.8,154
2022,543543,91.1,14.1,7.8,39.9,153
2022,600303,87.9,14.6,2,32,153
2022,680777,88.2,18.2,13.2,42.4,151
2022,665862,90.4,15.5,16.7,46.7,150
2022,663698,87.3,16.3,10.1,43,149
2022,664731,86,8.7,3.4,25.5,147
2022,661531,84.5,12.5,2.7,29.5,146
2022,542340,89.6,-0.7,2.7,40.4,146
2022,656669,87.2,17.7,7.5,32.9,146
2022,595281,87.9,5.3,6.9,38.6,145
2022,605131,87.4,13.6,4.8,35.2,145
2022,546318,86.9,4,4.9,37.5,144
2022,623168,82.7,19.9,0,13.2,144
2022,680776,89.3,7.6,7.7,38,142
2022,641658,86.5,10.2,4.3,27.7,141
2022,676391,85,11.8,3.6,25.7,140
2022,668709,86.3,25,8.6,33.8,139
2022,608700,89.3,11.4,0,37.7,138
2022,641598,88.9,18.4,8.8,38.7,137
2022,668731,85,14.2,3.6,27,137
2022,592178,85,13.5,6.7,29.6,135
2022,503556,88,19.4,5.9,37.3,135
2022,543685,89.6,18.7,8.3,37.6,133
2022,657557,87.6,21.7,9.8,37.6,133
2022,681146,86.9,11.5,1.5,31.1,132
2022,664238,87.2,20.7,12.9,36.4,132
2022,593643,82.9,10.8,1.5,18.3,131
2022,686681,89.3,16.4,13,38.2,131
2022,476704,86.2,16.3,3.1,30.8,130
2022,455139,84.8,17.6,6.9,33.1,130
2022,543510,90.2,16.3,6.9,40.8,130
2022,571912,84.5,17,5.4,25.4,130
2022,624641,86.8,11.4,5.5,29.7,128
2022,642165,88.1,14.3,4.7,33.6,128
2022,572204,92.2,16.4,16.4,46.9,128
2022,519390,87,21,7.9,27.8,126
2022,664059,86,13.6,4,24.6,126
2022,642851,84.1,10.4,4,27,126
2022,658668,89.2,6.6,6.3,38.9,126
2022,664670,83.8,9.3,0.8,20.2,124
2022,660294,88.8,10.1,5.6,36.3,124
2022,669374,91.7,16.1,15.3,45.2,124
2022,672779,84.7,11.1,1.6,17.2,122
2022,663886,87.1,11.1,6.6,34.7,121
2022,676369,89.2,12.3,13.3,43.6,120
2022,608577,86.1,17.6,4.2,32.8,119
2022,656541,92,13.4,9.2,48.7,119
2022,642180,83.9,11.5,1.7,16,119
2022,664874,88.8,22.7,9.2,37,119
2022,595909,90.7,14.4,10.3,42.7,117
2022,666139,88.3,11.4,5.2,37.1,116
2022,622666,86.4,11.6,2.6,27.6,116
2022,669352,84.8,5.3,1.7,21.6,116
2022,660707,89.8,13.2,8.6,39.7,116
2022,656716,86.4,12.9,4.3,30.2,116
2022,669394,90.7,12.3,14.9,43,114
2022,663527,87.3,17.7,3.5,37.7,114
2022,669450,87.6,7.7,7.1,35.4,113
2022,435559,85.2,24.1,3.5,26.5,113
2022,660644,86.1,14.2,2.7,27.7,112
2022,665828,86.8,21.5,6.3,34.8,112
2022,621433,88.5,22.8,4.5,29.5,112
2022,640457,87.8,17.2,6.3,39.6,111
2022,644374,88.8,14.3,9,36.9,111
2022,608701,89.9,13.1,10.9,44.5,110
2022,456715,87.9,3.8,0,36.4,110
2022,666135,89.3,6.1,6.4,45.5,110
2022,609280,84.4,9.2,3.7,31.5,108
2022,650331,88.3,15.6,5.6,28.7,108
2022,687093,84.6,9,7.4,34.3,108
2022,641511,84.9,15.7,1.9,28.3,106
2022,518792,87.6,13.1,4.8,38.1,105
2022,663616,90.1,13.1,11.4,43.8,105
2022,663630,86.7,15.4,9.6,30.1,104
2022,641779,87.3,16.9,8.7,32,103
2022,620443,90.3,8.9,4.9,46.6,103
2022,672284,86,18,13.6,35,103
2022,664247,90.2,15.1,9.7,47.6,103
2022,675656,87,16.4,7.8,33.3,102
2022,656811,92.1,13.4,7,48,100
2022,592200,87.1,25.4,6,39,100
2022,642086,89.6,10.9,7.1,46.5,99
2022,681584,86.8,17.8,9.1,36.4,99
2022,628451,88.3,14.9,6.1,39.8,98
2022,676694,87.3,7.2,5.2,37.1,97
2022,668472,86,19.7,12.5,36.5,96
2022,656180,90.2,13.5,9.4,45.8,96
2022,572761,89.8,22.4,13.7,42.1,95
2022,670712,89.1,14.6,8.6,41.9,93
2022,680700,85,13.5,1.1,21.5,93
2022,640458,86.3,22.2,6.5,29,93
2022,669742,91.4,18.6,17.4,44.6,92
2022,444876,81.8,15.7,1.1,17.4,92
2022,645801,88.7,18.1,3.3,33,91
2022,669127,87.3,16.9,9.9,38.5,91
2022,605421,88.8,18.3,7.8,36.7,90
2022,676480,87.5,17.7,2.2,35.2,89
2022,518586,85.3,5.9,1.1,27.3,88
2022,676701,86.2,13.6,4.6,31.4,87
2022,665019,89.4,17.4,5.8,37.2,86
2022,519222,87.2,9.5,4.7,33.3,85
2022,669743,86.3,18.4,1.2,31,84
2022,663897,83.3,16.7,3.6,22.9,83
2022,683002,92.4,2,9.8,53.7,82
2022,592567,90.4,10.3,8.5,39,82
2022,676632,88.9,10.5,4.9,41.5,82
2022,645444,84.7,3,0,11.1,81
2022,666179,85.9,10.7,3.7,29.6,81
2022,681987,85.8,13.6,5,27.5,80
2022,572039,90.4,10.4,6.3,46.3,80
2022,656185,87.6,8.5,2.5,32.5,80
2022,669087,88.9,9.7,10.1,36.7,79
2022,621450,89.2,9.3,5.2,35.1,77
2022,596117,85.2,15.2,5.2,27.3,77
2022,605244,87.5,19.6,2.6,36.8,76
2022,429664,88.2,5.8,4,41.3,75
2022,664901,86.8,10.3,4,20,75
2022,501303,84.6,12.6,1.4,21.9,73
2022,682998,85.8,9.1,5.5,32.9,73
2022,681481,87.2,14.5,11.1,36.1,72
2022,623520,92.4,7.9,6.9,55.6,72
2022,679631,87.5,10.7,1.4,23.6,72
2022,666211,88.3,20.5,9.9,28.2,71
2022,613564,84.7,15.2,4.3,25.7,70
2022,572287,91.8,20.8,8.6,41.4,70
2022,668715,84.7,13.6,5.8,31.9,69
2022,642423,82.2,7.2,0,16.4,67
2022,657709,77.4,12.2,0,9,67
2022,663853,91.2,3.3,9,49.3,67
2022,671289,85.9,10.3,1.5,26.9,67
2022,669911,87.4,17,7.5,40.3,67
2022,592743,81.4,1.1,0,10.8,65
2022,642201,86.4,21.5,4.6,29.2,65
2022,669256,86.7,5.7,7.8,34.4,64
2022,656413,88.9,13.3,9.5,41.3,63
2022,666160,84.9,19.1,7.9,31.7,63
2022,669065,91.1,16,11.3,50,62
2022,671083,88.6,13,1.6,32.3,62
2022,664850,84.5,15.4,3.3,18,61
2022,672515,89.2,5.9,3.3,32.8,61
2022,660650,86.5,12.2,13.1,42.6,61
2022,605548,87,10.5,11.5,34.4,61
2022,642456,87.1,5.1,3.3,32.8,61
2022,622268,86.1,7.7,5,31.7,60
2022,673962,85.5,14.3,10.2,32.2,59
2022,571875,91.5,15,11.9,44.1,59
2022,656537,85.2,6.6,3.4,30.5,59
2022,641513,88.8,9.7,6.9,37.9,58
2022,680814,90,18,10.5,38.6,57
2022,641470,91,20.1,8.8,40.4,57
2022,671221,84.1,10.4,12.5,28.6,56
2022,606213,87.5,25.3,7.1,28.6,56
2022,668952,88.2,14.8,7.3,32.7,55
2022,666134,89.3,15.9,14.5,49.1,55
2022,666018,91.1,5.9,7.3,45.5,55
2022,545350,88.4,19.9,7.4,42.6,54
2022,608686,84.5,13.5,1.9,24.5,53
2022,671213,86,2.2,7.5,41.5,53
2022,664029,90.2,11.8,11.5,46.2,52
2022,553902,83,15.5,0,21.6,51
2022,543829,84.4,1.3,0,17.6,51
2022,641505,84.6,2.8,0,21.6,51
2022,621458,88.5,10.9,14,40,50
2022,656448,92.9,22.8,10,52,50
2022,656248,89.8,15.3,2,40,50
2022,683021,84.8,5,2,22,50
2022,594838,86.4,15,2,36,50
2022,677954,87.1,5,2.1,37.5,48
2022,622168,85,1.3,4.3,36.2,47
2022,642136,88.5,7.5,6.5,37,46
2022,506702,84.3,21.4,0,26.1,46
2022,650339,87.5,4.5,6.5,39.1,46
2022,666464,90.5,8,6.5,41.3,46
2022,650907,89.1,12.6,4.4,42.2,45
2022,501571,88.4,14.4,2.2,40,45
2022,608671,80.5,-3.2,0,22.2,45
2022,665155,86.6,18.6,6.7,31.1,45
2022,628338,86,14.6,11.4,31.8,44
2022,641432,89.4,14.2,2.3,38.6,44
2022,663662,90.4,17.1,9.1,43.2,44
2022,670869,83.8,19.8,0,15.9,44
2022,668843,87.6,7.9,6.8,31.8,44
2022,596451,91.3,23.3,4.7,41.9,43
2022,642020,86.2,0.5,9.3,30.2,43
2022,656695,88.8,8.9,2.4,42.9,42
2022,672478,86.9,-4.8,0,31,42
2022,672724,81.6,5.4,5,30,40
2022,670276,87.6,10.6,5,32.5,40
2022,660829,85.1,10.3,10,25,40
2022,488771,88.6,10,5.1,35.9,39
2022,676475,91.7,4,10.3,48.7,39
2022,669134,87.7,16.4,5.3,36.8,38
2022,676628,94.9,13.9,31.6,57.9,38
2022,686823,89.8,5.4,5.3,42.1,38
2022,670042,90.1,16.9,13.2,39.5,38
2022,657061,82.4,4.8,7.9,23.7,38
2022,670351,84.8,27.9,2.7,32.4,37
2022,605113,86.9,4.4,5.4,32.4,37
2022,641856,83.8,17.4,5.4,21.6,37
2022,666181,84.2,10.4,0,27,37
2022,641786,89.9,16.9,10.8,32.4,37
2022,621532,90.1,7,5.6,36.1,36
2022,593934,93.9,30,13.9,52.8,36
2022,641796,86.5,11.8,5.6,25,36
2022,641684,86.6,17.4,8.6,31.4,35
2022,650619,88.4,5.6,8.6,37.1,35
2022,668663,81.8,21.4,0,14.3,35
2022,678246,89.7,25.9,8.6,40,35
2022,668904,90.7,19.4,5.7,40,35
2022,607461,83.6,10.5,0,31.4,35
2022,547379,89.3,5.4,11.4,51.4,35
2022,657136,89.8,5.1,11.8,32.4,34
2022,669003,92.9,9.5,11.8,41.2,34
2022,592144,84.6,-6.5,0,26.5,34
2022,676950,85,8.2,2.9,20.6,34
2022,606993,80.8,13.9,5.9,17.6,34
2022,572008,80.4,10.8,3,15.2,33
2022,641943,81.3,4.9,0,31.3,32
2022,670242,87.5,12.9,9.4,53.1,32
2022,606019,81.6,11.3,3.1,28.1,32
2022,672356,88.8,-0.6,6.3,34.4,32
2022,621453,92.9,16.9,6.3,46.9,32
2022,595956,85.8,16.3,0,25.8,31
2022,609275,88,7.8,3.3,26.7,30
2022,683146,91.1,10,6.7,36.7,30
2022,595284,86.3,17.2,0,25,28
2022,665923,73,19.2,3.6,10.7,28
2022,660620,87.4,12.1,7.1,35.7,28
2022,595453,87,17.7,7.4,37,27
2022,678225,83.2,4.4,0,22.2,27
2022,640449,85.9,18,3.8,30.8,26
2022,570560,84.4,14,0,15.4,26
2022,570481,84.4,-0.7,0,20,25
2022,457708,88.5,26.5,4,32,25
2022,624513,85.3,15.8,4,32,25
2022,543105,90.1,18.2,8.3,41.7,24
2022,668901,93.3,13.1,8.3,45.8,24
2022,678662,88.6,8.5,12.5,33.3,24
2022,676646,86.3,19,0,41.7,24
2022,621446,87.8,12,13,34.8,23
2022,656821,90.8,16.4,0,43.5,23
2022,672820,86.6,5.7,8.7,26.1,23
2022,682073,90.3,-0.4,4.3,39.1,23
2022,501659,88.1,14.6,4.3,30.4,23
2022,660634,82.3,-12.5,0,13.6,22
2022,571602,87.3,13.1,14.3,33.3,21
2022,667670,87.8,13.5,4.8,42.9,21
2022,621006,86.5,6.4,5,35,20
2022,642721,89.6,5.9,5,35,20
2022,668721,79.5,-7.4,0,10,20
2022,592348,81.9,7.7,5,35,20
2022,608596,94.3,13.4,20,60,20
2022,621011,82.8,19.4,0,25,20
2022,669023,82.9,19,0,21.1,19
2022,609274,84,30.7,5.3,15.8,19
2022,657193,88,10.3,0,27.8,18
2022,642137,89.5,9.3,0,38.9,18
2022,664314,85.6,14.3,5.6,27.8,18
2022,665650,81.8,-3.5,5.6,33.3,18
2022,672279,81,30.7,0,23.5,17
2022,672580,85.9,3.3,0,29.4,17
2022,665861,87.2,12.7,5.9,35.3,17
2022,592622,84.6,22.5,0,11.8,17
2022,663911,89.1,7.8,11.8,41.2,17
2022,665154,89.4,-10.5,5.9,29.4,17
2022,686676,83.6,10.5,0,25,16
2022,542921,90.5,-0.4,0,50,16
2022,656024,82.4,15.4,0,12.5,16
2022,641512,72.8,12.8,0,12.5,16
2022,656514,84,-14.7,0,33.3,15
2022,444489,81.9,9,7.1,21.4,14
2022,656495,76.8,8.1,7.1,14.3,14
2022,671218,87.4,1.7,7.1,42.9,14
2022,676946,86.3,3.4,0,30.8,13
2022,622569,83.6,1.1,0,7.7,13
2022,664041,88.2,7.1,0,38.5,13
2022,543768,79.3,29,0,8.3,12
2022,676724,90.7,9.3,8.3,50,12
2022,671056,85.2,8.1,0,16.7,12
2022,656627,88.3,-1.8,9.1,45.5,11
2022,608422,78,-3,0,18.2,11
2022,600474,86.7,16.3,0,18.2,11
2022,519306,83.3,23.6,0,18.2,11
2022,681351,84.3,24.6,0,9.1,11
2022,669369,82.6,13.5,0,18.2,11
2022,667727,88.2,19.4,20,40,10
2022,553988,71.6,22.5,0,10,10
2022,670156,86.3,-2.2,0,10,10
2022,656403,88.4,9.4,0,33.3,9
2022,641525,88.4,20.2,0,33.3,9
2022,676625,88.7,0.9,0,44.4,9
2022,571740,78.4,28.3,0,11.1,9
2022,666922,93.3,10.5,0,33.3,9
2022,542255,74,-15.4,0,12.5,8
2022,621573,83.6,-4.1,0,25,8
2022,607680,88.2,10.7,12.5,25,8
2022,672640,85.5,4.2,0,37.5,8
2022,656252,87.5,2.7,0,50,8
2022,682626,89.1,15.3,37.5,37.5,8
2022,681526,87.6,6.2,0,37.5,8
2022,663478,88,34.2,14.3,42.9,7
2022,656388,85.9,40.1,0,28.6,7
2022,608360,86.2,15.9,0,14.3,7
2022,641741,83.3,25.6,0,14.3,7
2022,681546,99.6,16.5,0,83.3,6
2022,673237,93.7,24,16.7,50,6
2022,664334,95.3,-1.8,16.7,50,6
2022,665922,88.1,16.7,0,16.7,6
2022,572863,89.5,40.6,16.7,16.7,6
2022,672832,88.9,7.2,0,16.7,6
2022,670097,91.8,39.8,33.3,50,6
2022,643271,97.5,10.5,16.7,50,6
2022,656577,79.7,17,0,0,5
2022,664119,92.7,25,0,60,5
2022,643348,95.7,2.3,20,60,5
2022,605504,82.9,-5.7,0,40,5
2022,594694,79.3,-6,0,40,5
2022,607249,94.5,9.2,0,40,5
2022,675986,93.3,0.7,20,80,5
2022,605253,82.4,27.3,0,0,5
2022,680552,92.1,11.7,0,60,5
2022,547173,91.1,27.6,0,25,4
2022,681962,87.4,-5.3,0,50,4
2022,644433,92.4,4.5,0,50,4
2022,666023,89.4,14.7,0,50,4
2022,666128,98.4,2.4,0,66.7,3
2022,606988,89.7,12.7,0,33.3,3
2022,656509,103,8.7,33.3,100,3
2022,666703,79.3,38.6,0,0,3
2022,666310,93.9,37.7,0,33.3,3
2022,595375,92,9.9,0,66.7,3
2022,600301,85.7,26.7,0,33.3,3
2022,680118,83.5,-11.8,0,0,3
2022,571918,70.2,-6.8,0,0,3
2022,542963,82.5,-4.1,0,66.7,3
2022,642451,92.1,44.7,0,50,2
2022,546990,82.9,24.8,0,0,2
2022,664848,90.8,-12,0,50,2
2022,623507,98.6,-9.8,0,50,2
2022,623515,83.7,-18.2,0,0,2
2022,663905,86.2,3.8,0,0,2
2022,666137,82.1,-0.4,50,50,2
2022,608597,87.4,-30.3,0,0,1
2022,664789,96.8,42.4,0,100,1
2022,657247,87.6,17,0,0,1
2022,678894,106.7,3.5,0,100,1
2022,547172,87.1,34.5,0,0,1
2022,669008,102.6,-3.2,0,100,1
2022,676782,89.3,6.3,0,0,1
2022,670298,65.1,2.2,0,0,1
2022,665665,74.5,-37.7,0,0,1
2022,621466,79.3,47.9,0,0,1
2022,622100,97.8,-23.3,0,100,1
2022,657129,95.1,14.5,0,100,1
2022,670148,54.3,78,0,0,1
2023,680757,86,10.7,1.1,18.8,570
2023,543760,88.4,19.1,6.5,37,565
2023,660670,94.7,7.4,15.3,55.2,562
2023,650333,88.3,11.5,3.5,25.7,544
2023,608070,90,18,7,40.4,544
2023,663538,86.6,10.5,1.8,33.4,542
2023,608324,88.6,17.6,5.4,38.2,537
2023,677951,90.7,15.7,11.5,45.6,529
2023,643446,86,14.4,1.3,27.4,526
2023,518692,90,15.2,11.1,42.2,521
2023,665489,92.1,10.5,11.1,49.2,506
2023,650402,89.7,15.1,7.9,40.3,504
2023,645277,88.7,16.6,8.2,39,497
2023,681082,88.1,10.1,4.7,35.2,494
2023,593428,87.6,7.9,6.1,34.6,492
2023,668939,88.4,12.6,7.5,38.6,492
2023,663656,90.2,14.8,10.6,45.9,492
2023,543807,88.3,12,7.7,39.9,491
2023,607208,89.9,13,8.4,42.2,490
2023,608841,89.4,9.4,5.4,41.7,484
2023,605141,92.4,20.6,12.4,48.5,482
2023,677594,92.7,8.5,11.9,52,481
2023,643217,86.6,14.5,2.9,27,477
2023,663586,92.3,13.5,13.9,49.2,475
2023,596019,91.2,19.2,10.4,43.9,472
2023,664034,87.5,13.7,6.8,38.6,471
2023,664761,89.4,11.1,5.7,41.7,470
2023,660688,87.4,15.3,5.8,31.9,467
2023,571448,88.8,16.9,7.3,38.1,467
2023,606466,91.1,10.7,8,42.8,465
2023,572233,88,15.8,11.4,40.4,463
2023,663993,89.8,7.2,6.5,41.6,461
2023,657041,88.5,10.8,9.6,40.7,459
2023,657077,89.2,8.8,5,37.6,458
2023,807799,89,3.9,6.6,40.6,458
2023,666182,90.2,6.2,9.6,44.9,457
2023,646240,93.1,12.4,12.7,55.1,457
2023,457759,89.5,16.5,5.7,39,454
2023,665926,84.8,13.1,5.5,27,452
2023,593160,85.1,14.4,2.4,24.3,452
2023,607043,91.8,12.2,9.5,47.9,451
2023,682928,87.4,13.5,6.9,35.9,451
2023,665161,88,5.5,4,35.8,450
2023,682998,90,11,7.6,40.9,450
2023,666971,89.7,10.6,8.4,46,450
2023,467793,88.8,12.8,6.7,36.4,450
2023,592206,88.9,14.4,10.3,43.2,447
2023,668715,88.7,15.3,6.7,37.1,447
2023,621566,93.7,16.1,16.4,55.5,445
2023,665742,93.2,6.7,13,55.3,445
2023,623993,90.6,20.2,10.2,46,443
2023,668804,90.9,10.9,11.1,47.3,442
2023,650559,89.9,11.8,8.8,42.5,442
2023,592518,91,15,10.5,45.9,440
2023,679529,91.8,17.1,14.1,50.9,440
2023,683734,90.6,11.2,8.4,46.5,439
2023,642086,86.3,12.8,6.6,30.8,438
2023,665487,91.9,11,11,49.3,438
2023,502671,91.3,12.8,12,50.8,435
2023,664023,89.9,13,9,39,433
2023,650490,93.4,5.7,9.5,54,433
2023,641355,87.9,17.2,6.1,31.4,424
2023,673490,86.2,13.6,4.2,26.7,424
2023,606192,91.3,12.3,13.8,49.4,421
2023,624413,89.5,18.2,14.7,40.1,421
2023,678662,88,12.6,8.1,36.2,420
2023,661388,91.3,4.7,9.4,48.7,417
2023,605137,90.1,9.3,10.1,43,416
2023,547989,89,10.8,8.7,41.6,416
2023,641487,88.3,15.1,4.8,36.2,414
2023,642708,88.3,7.6,3.4,39.4,414
2023,621020,89.3,13,10.9,39.7,413
2023,592885,91.7,3.5,9.2,50.1,411
2023,521692,90.1,15.6,8.8,44,411
2023,670770,86.7,16.1,3.2,27.6,409
2023,671739,90.9,7.6,10,48.5,408
2023,683002,92,11.4,11.4,52,404
2023,669242,89.1,7.5,5,38.8,402
2023,665750,90.1,10.2,7.2,43.1,401
2023,668227,91.7,11.3,12.3,48.4,400
2023,643289,87,9.5,4.5,29.5,400
2023,542303,91.8,15.6,16.6,49,398
2023,662139,87.8,20.5,7.3,36.1,396
2023,553993,90.3,18.9,13.2,43,395
2023,671277,88.3,4.6,5.8,36.5,395
2023,608369,93.3,13,15.2,53.2,395
2023,642715,87.4,18.2,12.4,36.5,394
2023,663647,92.2,13.2,7.4,48.3,393
2023,673548,91.4,10.8,10.5,48,392
2023,647304,89.1,12.3,8.2,41.2,391
2023,670623,86.9,22.2,5.9,28.5,389
2023,606115,88.2,5.4,6.9,41.1,389
2023,595879,88,9.4,5.2,39.7,388
2023,669257,89.3,15.6,6.7,41.6,387
2023,621043,90.4,10.6,9.6,45.9,386
2023,666969,92.1,15.7,16.1,49.7,386
2023,669720,89.4,10.4,8.9,40.1,384
2023,600869,88.3,14.1,7.9,36.4,382
2023,642731,85.9,10.8,4.8,33.7,377
2023,664702,86.3,9.4,0.5,23.3,377
2023,677551,89.4,8.9,7.7,43,377
2023,686823,85.7,9.4,2.4,29.2,377
2023,683011,88.7,14.2,9,43,377
2023,673357,89.1,16.1,15.4,42.3,376
2023,592669,88.3,15,6.1,39.1,376
2023,595777,86.5,14.8,4,31.8,374
2023,571771,87.8,17,4.5,33.7,374
2023,518934,89.6,3.8,5.9,43,374
2023,656941,92.4,19,16.4,48.8,373
2023,641313,87.8,2,2.9,39.4,373
2023,553869,88.1,12.7,6.2,38.4,372
2023,663837,89.1,9.1,4.6,42.8,369
2023,624585,91.3,17.8,15,48,367
2023,630105,87.4,15.2,4.4,33.2,367
2023,669004,93.2,16.9,11.4,49.6,367
2023,650391,90.9,5.7,9.3,46.8,365
2023,641680,89.2,17.3,8,38.5,364
2023,592192,87.9,13.1,4.7,36.7,362
2023,672580,91.8,6.1,3.9,50.6,360
2023,641857,90.8,9.7,11.4,44.2,360
2023,592696,88.6,14.5,9.5,35.4,359
2023,660271,94.4,13.2,19.6,54.2,357
2023,663728,89.5,20.3,12.6,41,356
2023,656716,87.2,17.8,7.6,33.5,356
2023,592663,89.8,16.7,11.2,43.3,356
2023,665923,82.7,9.9,2.5,20,355
2023,592273,89.9,11.8,11,46.3,354
2023,663697,89.5,15.2,7.7,38.6,352
2023,624428,85.7,15.2,3.1,23.4,350
2023,669394,91.9,12.3,16.7,49.6,347
2023,656305,93.4,18.5,17.1,56.4,346
2023,666139,89.1,14.3,11,39.7,345
2023,527038,86.4,22,7.8,32.5,345
2023,500743,87.3,11,2.9,32,344
2023,547180,91.8,9.1,15.2,46.8,342
2023,664774,88.4,17.4,9.1,39.8,342
2023,545341,89.6,14,7.1,45.3,340
2023,672695,85.7,16.4,0.9,19.5,339
2023,596146,91.9,14.7,12.2,47.9,336
2023,571970,91.2,21.7,14.6,46.6,335
2023,605204,91.1,7.8,9.6,45.2,334
2023,686681,88.6,19.7,7.8,39.5,334
2023,663886,89.4,8.9,7.6,43.5,331
2023,663457,89.1,7.2,8.8,37.8,331
2023,672386,87.6,6.3,5.2,38.3,329
2023,643393,86.7,10,1.2,20.4,329
2023,673962,91.8,15,11.9,47.4,329
2023,444482,89.3,8.2,4.9,44.2,328
2023,623912,89.1,6.1,4.6,40.7,327
2023,502054,92.3,5.7,10.7,49.1,326
2023,663624,91.4,12,12.1,44.9,323
2023,670541,93.3,17.1,18,52.2,322
2023,575929,91.3,10.1,12.2,46.9,320
2023,663757,90.3,18.3,11.9,40,320
2023,691023,89.4,10.2,7.5,42.5,318
2023,650859,89.1,11,7.6,36.9,316
2023,542932,85.4,2.4,4.7,31.3,316
2023,668930,85.5,12.6,2.9,27,315
2023,656775,88.9,21.6,6.5,37.1,310
2023,669127,90.6,19.6,13.3,44.5,308
2023,453568,86.4,18.1,4.9,31.5,308
2023,543228,87.4,15.1,7.8,36.4,308
2023,681546,87.9,15.7,11.1,39.9,306
2023,462101,87.5,5.5,2.6,31,306
2023,671213,91.1,15.7,13.1,46.6,305
2023,681481,90.1,13.1,10.2,44,304
2023,656582,88.9,16.7,8.2,41.8,304
2023,624424,88.9,11.9,7.9,39.8,304
2023,669743,86.8,17,5.3,30.1,302
2023,667670,91.6,17.6,15.6,49.5,295
2023,456781,90.2,13.1,6.1,43.7,295
2023,457705,89.6,12.3,6.8,44.6,294
2023,677950,88.9,2.2,5.1,41.6,293
2023,658668,87.3,12.2,7.9,37.7,292
2023,643265,89,13.3,10.3,41.1,292
2023,502110,93.4,16.9,17.1,55.1,292
2023,514888,86,11.4,8.3,31.4,290
2023,677649,90.1,14,8.7,43.9,289
2023,628451,89.1,12.9,9,42.9,289
2023,595281,86.7,5.6,3.5,33.2,289
2023,676801,88,14.6,11.1,38.8,289
2023,673237,90.3,11.5,12.2,43.9,287
2023,621493,90.7,14.3,8.2,43.9,282
2023,669261,90.5,22.4,15.7,43.4,281
2023,518735,87.9,10.8,4.7,34.4,279
2023,607054,85.7,14.4,4.7,28.1,278
2023,519203,90,17.8,6.9,37.5,277
2023,680977,89.3,10.6,5.8,40.6,276
2023,682626,90.1,12.5,12.8,45.1,273
2023,518792,87.7,15.4,8.1,37.4,273
2023,676475,89.9,12.4,5.9,41,273
2023,669221,91.5,13.1,16.1,45.8,273
2023,672515,89.8,4.2,4.8,41.8,273
2023,592626,92.1,15.2,12.1,52.2,272
2023,656811,91.9,12,10.1,51.5,268
2023,641584,84.6,16.5,6.4,30.8,266
2023,682985,91.6,6.6,11.3,47.3,266
2023,664056,85.9,17.8,5.3,31.7,265
2023,669016,91.3,12.4,9.1,48.7,265
2023,519058,89,18,5.7,37.9,265
2023,650489,86.5,15.1,6.8,31.8,264
2023,543257,88.2,20.2,6.8,37.3,263
2023,408234,89.1,7.4,4.2,37.6,263
2023,664040,91.4,16,10.7,47.5,261
2023,643396,88.8,7.2,3.1,39.2,260
2023,602104,89.2,7.9,6.9,38.1,260
2023,669357,91,22.2,16.5,48.5,260
2023,669397,84.8,6.8,1.2,26.6,259
2023,622534,87.9,10.5,3.9,37.8,259
2023,666624,92.1,12.4,15.9,50,258
2023,493329,88.6,16.5,1.9,34.9,258
2023,516416,88,2.9,3.5,38.8,255
2023,643565,88.4,8.1,5.5,40,255
2023,660821,90.4,5.6,12.2,46.3,255
2023,649557,87.8,11.3,2.8,33.5,254
2023,686668,88.3,11.7,8.7,35,254
2023,686894,89.3,10.5,9.1,39.1,253
2023,657557,85.5,16.8,6.7,33.2,253
2023,571657,86.4,13.2,6.7,32.9,252
2023,663611,86.2,3.7,0.8,27.5,251
2023,680574,89.3,13.8,10.8,42.4,250
2023,657757,88.1,16.9,5.2,32.5,249
2023,519317,93.3,12.5,15.7,48.4,248
2023,657656,88.2,12.9,9.7,35.9,248
2023,516782,88.2,6.3,5.6,39.5,248
2023,678225,88.1,1.1,2,36.8,247
2023,543877,86.7,10,3.2,32.8,247
2023,683146,89.5,6.6,7.7,44.3,246
2023,545121,87.1,4.1,2.4,31.3,246
2023,682829,91.2,3.6,8.5,45.9,246
2023,664913,90.5,16.4,12.2,46.5,245
2023,622761,88.4,10.4,5.3,38.5,244
2023,680776,89.9,10.7,5.3,46.3,244
2023,672284,90.9,10.1,9.5,45.5,242
2023,666134,90.1,9.8,15.7,41.3,242
2023,657136,89.1,15.5,9.1,37.8,241
2023,663743,88.2,13.9,3.8,35,240
2023,592450,97.6,20.4,27.5,64.2,240
2023,668942,87.1,13,3.8,28.9,239
2023,676116,91.2,16,13,45,238
2023,665862,90.3,10.7,12.2,41.8,237
2023,664728,89.4,14.6,5.5,39.8,236
2023,621563,89.2,3.8,3.4,39.4,236
2023,455117,88.4,18.1,8.5,40,235
2023,573262,90,19.6,9.8,44,234
2023,680911,86.3,12.9,3.4,30.8,234
2023,670042,91.1,17.3,12.9,45.7,232
2023,592178,85.7,14.4,6,31.5,232
2023,665828,87.8,13.4,3.5,32.5,231
2023,642133,89.9,15.2,8.7,40.4,230
2023,572191,88.1,13.4,13.5,38,229
2023,669222,87.4,15.2,4.8,34.1,229
2023,672275,88.7,10.2,10,38.4,229
2023,660162,89.4,12.3,10.1,39,228
2023,542194,88.6,11.3,7.9,40.8,228
2023,668731,88.1,10.8,6.2,36.8,226
2023,667452,87.9,17,4.9,36,225
2023,676694,86,13.9,6.3,27.9,222
2023,664983,85.3,7.5,2.3,23.7,219
2023,655316,88.8,17.7,5.5,33.5,218
2023,593871,88.4,21.6,13.8,40.6,217
2023,668670,90.4,14.7,12,45.6,216
2023,687263,89.1,14.5,8.8,40.3,216
2023,594807,88.8,28.9,13,39.1,215
2023,641598,90,20.5,12.6,42.1,214
2023,621035,86.2,21.5,9.8,37.4,214
2023,666397,89.5,8,13.1,44.9,214
2023,500871,86.3,14.4,3.8,30.6,213
2023,605119,87.6,9.9,10.3,37.1,213
2023,642350,88.4,14.4,13.2,37.7,212
2023,670764,86.7,19.1,3.3,28.8,212
2023,624641,86.8,13.8,6.7,32.2,208
2023,608671,85.4,8.1,0,25.5,208
2023,543063,89.8,14,10.1,43,207
2023,643376,88.3,19.7,10.7,37.4,206
2023,545361,91.9,19.3,16,51.9,206
2023,656896,90.7,11.2,5.9,46.3,205
2023,666135,88.6,12.4,7.4,37.7,204
2023,672478,90,5.4,6.4,43.6,204
2023,624415,88.4,15.7,7.4,33,203
2023,672356,91.1,3.7,9.9,46.3,203
2023,518595,90.7,10.3,9,42.8,201
2023,686469,89.3,17.4,7.5,40.3,201
2023,543305,85.3,12.6,4,29.4,201
2023,474832,88.7,19.8,15,40,200
2023,678246,86.8,16.6,6,31.5,200
2023,621439,91.5,20.1,14.6,45.7,199
2023,680777,90.5,17.2,11.6,42.7,199
2023,666160,89,19.7,12.6,39.2,198
2023,671221,87.4,17.2,10.1,35.9,198
2023,621028,86.5,12,2.5,29.3,198
2023,666165,89.1,16.1,11.2,38.6,197
2023,669289,87,11.4,1,29.4,197
2023,682641,87.1,6.3,2,31,197
2023,605612,86.2,10,3.1,28.7,195
2023,543068,87.7,12.8,13.8,40,195
2023,606992,87.1,13.4,4.6,35.9,195
2023,641943,91.3,7.7,9.8,45.4,194
2023,596129,91.7,14.5,9.3,50,194
2023,669477,88.1,15.1,6.7,34,194
2023,670032,86.7,0.5,1.1,23.7,190
2023,680869,89.8,11.8,11.1,41.3,189
2023,668709,88.6,15.5,6.4,35.3,187
2023,666181,90.2,14.6,10.3,42.2,185
2023,642136,88.5,9.2,10.4,40.7,182
2023,570482,87.5,8.6,3.9,33.7,181
2023,607732,89.7,9.1,5.6,40.2,179
2023,665155,86.1,18.2,8.4,31.5,179
2023,693049,88.9,7.1,7.9,40.4,178
2023,621438,87.7,18.2,6.8,39.5,177
2023,660707,88.3,9.9,6.8,44.3,176
2023,596142,90.1,16.5,15.4,44.6,175
2023,543939,85.6,14,1.7,27,174
2023,666185,89.3,15,5.8,37.6,173
2023,668472,87.5,13.4,8.1,41.9,172
2023,672779,88.3,14.4,5.2,34.9,172
2023,543309,90.1,15.5,11,48.3,172
2023,641933,89.2,15,12.3,43.3,171
2023,666023,89.9,11.7,9.9,42.7,171
2023,676609,83.3,21.5,3.6,23.7,169
2023,668800,89.6,14.3,7.9,40.9,164
2023,668904,90.2,16.2,11.7,42,162
2023,641820,88.9,12.3,3.8,40.6,160
2023,670097,87.6,21.2,8.8,33.5,159
2023,676701,85.5,14.6,4.4,22.6,159
2023,605170,91.3,10.8,5,44.7,159
2023,621550,92.7,21.7,20.1,54.7,159
2023,641658,86.6,11.8,3.1,28.3,159
2023,656448,91.1,17.3,9.6,48.4,157
2023,680779,88.6,12.5,7,41.4,157
2023,686217,83.3,8.1,2.5,23.6,157
2023,608701,87.7,11.9,3.8,34.4,157
2023,656413,85.9,14.3,7.7,29.7,155
2023,543510,89.8,16.6,7.1,43.9,155
2023,676059,90.2,13.4,6.5,44.5,155
2023,622110,86.4,8.8,2.6,33.1,154
2023,666801,87.2,7.6,7.8,35.1,154
2023,624414,86.3,11.1,4.6,32.7,153
2023,687952,90.3,18.6,10.5,48.4,153
2023,595978,87.2,15.4,0.7,31.1,151
2023,641343,89.1,13.8,18.7,48.7,150
2023,622569,88.1,14.7,4,36,150
2023,607680,87.9,17.8,8,38.7,150
2023,668901,92.5,9.5,10.7,51,149
2023,571745,91,15.9,10.9,46.9,147
2023,656976,89.9,13.8,7.5,41.8,146
2023,666310,87.7,21,8.2,30.8,146
2023,458015,89.3,13.9,11,39.7,146
2023,605113,85.2,12.8,2.7,31.5,146
2023,669134,88.5,13.2,7.7,40.6,143
2023,669701,88.5,12.5,10.5,36.4,143
2023,686527,89.7,16.3,12.1,42.6,141
2023,446334,92.2,15.6,10.6,51.8,141
2023,608336,93,26.4,19.3,52.9,140
2023,645801,88.8,21,17.3,44.6,139
2023,682848,89.1,16.5,5.1,36.2,138
2023,605131,84.8,6.1,2.9,25.4,138
2023,663898,88.3,4.8,10.9,40.1,137
2023,624512,84,2.8,2.9,27,137
2023,624431,85.8,9.6,2.9,31.6,136
2023,681351,90.5,19.6,15.6,46.7,135
2023,678894,89.3,4.1,5.2,39.6,134
2023,670242,91.9,21,18.8,48.1,133
2023,595909,89.3,15.3,7.6,34.8,132
2023,542208,89.2,16,5.3,39.4,132
2023,571912,87.7,14.7,10.7,33.6,131
2023,672820,89.4,14.1,7.8,38.3,128
2023,660757,88.5,6.4,7.8,40.6,128
2023,596103,91.1,7.5,11.8,46.5,127
2023,641511,83.8,12.3,3.2,23,126
2023,671289,85.8,6.2,3.2,38.1,126
2023,572761,87,24.4,11.1,31,126
2023,543685,90.1,16.2,4.8,41.6,125
2023,672724,87.2,9.8,4.1,28.5,123
2023,594777,86.6,19.9,6.6,35.2,122
2023,666906,88.6,5.1,2.5,33.3,120
2023,669707,86.6,10.6,5.9,33.6,119
2023,669304,87.9,10.1,4.2,37.3,118
2023,572816,88.1,9.4,3.4,27.4,117
2023,518626,92.1,11.7,16.2,51.3,117
2023,608385,86.8,13.6,4.3,31.9,116
2023,642336,87.5,18.9,4.3,32.2,115
2023,641432,90.7,11.9,3.5,42.6,115
2023,679032,86.6,7.3,0.9,28.3,113
2023,663616,90.1,17.5,13.3,49.6,113
2023,676369,91,14.4,21.4,49.1,112
2023,606132,85.4,1.6,6.4,34.5,110
2023,664874,87.5,14.9,5.5,36.7,109
2023,621466,89.9,16.5,12.3,44.3,106
2023,553882,86,21,7.6,29.5,105
2023,670156,87.5,13.7,1.9,34.6,104
2023,543592,85.8,15,1,25.2,103
2023,572041,89.4,13,6.8,41.7,103
2023,621545,85.7,11.9,1,20.4,103
2023,649966,84.9,14.7,5.8,30.1,103
2023,596115,88.5,15.5,9.7,39.8,103
2023,608596,89.5,13.7,14.6,44.7,103
2023,595453,87.7,16.7,10.8,33,102
2023,665839,87.5,10.2,10.8,33.7,102
2023,596059,90.1,19.9,6.9,37.6,101
2023,691026,86,12.8,2,36.6,101
2023,570731,89.4,11.2,4,38.6,101
2023,656180,89.9,18.1,5,41,100
2023,663368,85.8,14.8,5.1,29.3,99
2023,665019,90.4,15.2,6.1,40.4,99
2023,443558,92.4,10.2,9.2,48,98
2023,595956,82.5,17.3,2,20.4,98
2023,608348,86.8,15.6,2.1,33,97
2023,642851,86.7,14.4,2.1,27.4,95
2023,665804,87,18.6,9.7,33.3,93
2023,680118,86.7,9.1,6.5,32.3,93
2023,645302,86.7,9.9,2.2,30.1,93
2023,669911,90.2,16.7,5.5,44,91
2023,676946,85,15,1.1,25.3,91
2023,694384,85.4,6.5,2.2,25.6,90
2023,676480,87.5,17.2,3.3,35.6,90
2023,641856,89.1,12.2,12.2,41.1,90
2023,664238,89,21.4,16.9,44.9,89
2023,678009,89.3,18.3,9,34.8,89
2023,671732,88.3,16.2,9,37.1,89
2023,675656,88,13.6,9,36,89
2023,682622,91.3,1.9,7.9,46.1,89
2023,696285,86.4,1.8,0,30.7,88
2023,663630,91,13,6.9,40.2,87
2023,543281,86.6,10.7,2.4,25.9,85
2023,596117,83.4,22.4,0,17.6,85
2023,680700,88.1,6.3,7.1,33.3,84
2023,691016,89.3,5.7,6,39.8,83
2023,689172,85.9,17.9,7.3,32.9,82
2023,641645,85.9,11.8,1.2,25.6,82
2023,542364,86.8,10.6,0,26.8,82
2023,693304,85.5,8.7,3.7,26.8,82
2023,664058,83.3,9.3,0,19.8,81
2023,624503,89.1,9.2,4.9,37,81
2023,571976,87.6,11,6.2,29.6,81
2023,681584,87.7,19,13.8,32.5,80
2023,598265,88.1,5.3,7.8,35.1,77
2023,645444,85.9,11.3,0,19.5,77
2023,572204,89.3,21.8,11.8,46.1,76
2023,663845,89.2,11.1,6.7,38.7,75
2023,664059,85.9,12.1,1.3,26.7,75
2023,542583,86.7,16.3,6.8,29.7,74
2023,676914,89.5,26,17.8,38.4,73
2023,666150,89.7,8.5,4.1,39.7,73
2023,644374,88.8,9.8,5.5,38.4,73
2023,640492,87,12.5,6.9,26.4,72
2023,593643,84.3,15.5,4.2,22.2,72
2023,596847,93.4,11.9,19.7,59.2,71
2023,681807,89.5,16.5,12.7,39.4,71
2023,663527,89.3,13.7,7,38,71
2023,609280,89.2,5.3,7,42.3,71
2023,677595,90.7,7.6,5.7,38.6,70
2023,572138,88.9,17.5,5.8,43.5,69
2023,541645,90.4,10.2,11.6,49.3,69
2023,650907,90.5,16.9,15.9,40.6,69
2023,681146,89,4.1,4.3,40.6,69
2023,543333,85.1,3.4,5.8,34.8,69
2023,571466,87,16.5,1.5,23.5,68
2023,675961,83.4,10.1,3,25.4,67
2023,669364,82.2,10.7,1.5,13.6,66
2023,641505,84.4,7.1,4.6,23.1,65
2023,663698,86.2,15.4,6.2,26.2,65
2023,664954,86.9,16.3,1.6,28.6,63
2023,572287,85.9,15.1,7.9,34.9,63
2023,602074,85,13.6,1.6,19,63
2023,678545,88.4,-2.3,3.2,37.1,62
2023,678554,83.5,12.6,3.2,22.6,62
2023,687093,86.2,5.1,6.6,36.1,61
2023,592200,85.1,21,1.7,26.7,60
2023,666198,86.1,15.2,5,23.3,60
2023,665120,86.1,18.4,6.8,32.2,59
2023,663853,90.5,5,13.6,42.4,59
2023,665506,89.9,8.6,6.9,44.8,58
2023,670223,91,8.4,13.8,50,58
2023,656308,84.5,8.9,1.7,31,58
2023,666018,89,8.4,5.3,43.9,57
2023,605361,91,23.6,10.5,45.6,57
2023,669224,89.5,13.6,14,42.1,57
2023,545350,88.5,21.9,5.3,36.8,57
2023,660644,86,12,1.8,23.2,56
2023,678882,85.5,8.1,5.4,33.9,56
2023,687799,86.6,20.8,7.3,30.9,55
2023,677587,85.8,1.5,0,18.2,55
2023,663609,93.1,16.9,7.3,52.7,55
2023,683021,87.9,7.3,0,22.2,54
2023,641531,84.4,12.3,3.7,38.9,54
2023,623205,87.7,8.9,3.7,24,54
2023,677592,91.9,10,7.5,54.7,53
2023,488726,90.4,14.1,0,37.7,53
2023,677800,91.3,11.9,9.4,49.1,53
2023,670712,81.3,13.4,7.5,20.8,53
2023,592656,82.4,13.8,3.8,20.8,53
2023,679845,86.3,10.8,7.8,35.3,51
2023,656669,85.4,14.1,6,32,50
2023,641525,87,16.5,8,32,50
2023,664901,89.1,11,4,40,50
2023,666163,88,16.3,6.1,34.7,49
2023,682073,90.8,2.4,4.1,46.9,49
2023,667472,91.8,-1.8,2,53.1,49
2023,696100,88.7,10.8,10.4,43.8,48
2023,668843,86.4,13.1,0,18.8,48
2023,664029,83.6,1.3,0,29.8,47
2023,676391,84.1,16.3,2.1,19.1,47
2023,607461,82.3,7.5,0,14.9,47
2023,683737,89.1,4.7,6.5,50,46
2023,543543,87.5,7.7,6.5,28.3,46
2023,600301,87,19.2,8.9,46.7,45
2023,686676,85.3,8.2,4.4,35.6,45
2023,665877,89.5,9.9,0,33.3,45
2023,614173,91.4,8.8,15.9,38.6,44
2023,660620,86.7,16.5,7,27.9,43
2023,640449,82.5,11.4,0,25.6,43
2023,664314,86.2,17.2,2.4,33.3,42
2023,621512,85,5.7,0,19.5,41
2023,572228,86.7,12.5,7.3,36.6,41
2023,681297,87.4,4.6,2.5,42.5,40
2023,660766,80,25.2,7.5,25,40
2023,669003,86.7,7.5,10,37.5,40
2023,669392,87.5,8.7,10,22.5,40
2023,656541,92.4,20.3,7.7,48.7,39
2023,694497,89,9,10.3,46.2,39
2023,679631,86.8,9.5,5.1,33.3,39
2023,669352,82.1,3.6,2.6,23.1,39
2023,656024,85.1,13.5,7.9,26.3,38
2023,642180,85.3,8.6,0,23.7,38
2023,613564,86,25.8,8.1,21.6,37
2023,614177,93,-2.1,16.2,43.2,37
2023,671218,90.9,13.4,13.9,41.7,36
2023,656537,84.1,7,0,22.2,36
2023,571875,89.1,12,5.6,44.4,36
2023,641796,83.3,22.2,8.3,22.2,36
2023,669742,92.5,14,2.8,38.9,36
2023,676356,83.7,8.7,5.9,17.6,34
2023,573131,94,7.5,12.1,51.5,33
2023,666176,87.3,12.6,9.1,39.4,33
2023,595751,88.9,-6.1,6.1,36.4,33
2023,681987,84.3,10.4,0,28.1,32
2023,685133,81.4,7.8,0,22.6,31
2023,623168,82.1,21.9,0,26.7,30
2023,641786,89.1,23.6,6.7,26.7,30
2023,676724,88.8,10.3,10,36.7,30
2023,664057,85.4,1.6,0,20.7,29
2023,669369,86.3,15.6,6.9,24.1,29
2023,666197,86.3,13.6,10.7,32.1,28
2023,663550,86.7,4.6,7.1,32.1,28
2023,656514,87.6,8,3.6,39.3,28
2023,686531,87.3,16.7,0,29.6,27
2023,640458,85.5,22.8,0,33.3,27
2023,687462,87,1.5,7.4,37,27
2023,621433,86.7,18.2,7.4,29.6,27
2023,691406,85.4,-0.3,11.5,42.3,26
2023,669087,90.2,5.4,15.4,50,26
2023,679881,86.1,20.1,3.8,26.9,26
2023,671056,91.3,12.2,7.7,61.5,26
2023,663796,82.5,19.8,3.8,19.2,26
2023,642137,86.5,12.3,4,24,25
2023,656248,91,7.8,20,44,25
2023,665833,89.5,10.5,4,36,25
2023,663905,92.3,6.1,4,52,25
2023,687401,88.2,0.1,8,44,25
2023,666164,87.1,-0.7,0,20,25
2023,686452,84.5,2,8.3,20.8,24
2023,677347,85.6,4.5,4.2,33.3,24
2023,666703,84.9,14.7,8.3,25,24
2023,677941,91.8,6.2,0,33.3,24
2023,686759,88.7,-1.4,0,50,24
2023,666211,91.5,26.2,16.7,45.8,24
2023,666152,89,17.7,0,26.1,23
2023,691176,89.6,-0.8,17.4,56.5,23
2023,666149,87.3,18.2,4.5,27.3,22
2023,506702,85.2,17.7,4.5,22.7,22
2023,682617,93,-5.1,0,54.5,22
2023,682515,88.5,20.8,4.8,42.9,21
2023,666915,92.2,13.3,23.8,57.1,21
2023,691783,77.8,13.9,0,5,20
2023,677008,92.3,19.3,20,55,20
2023,620443,86.9,22.8,0,36.8,19
2023,676632,85.5,19.2,5.3,26.3,19
2023,671083,84.8,15.3,0,22.2,18
2023,664770,86.5,13,0,38.9,18
2023,669065,87.5,17.2,0,22.2,18
2023,640457,90.5,16.7,0,50,18
2023,677588,88.5,13.3,5.6,27.8,18
2023,664247,92.1,17.2,29.4,58.8,17
2023,675986,87,0.2,11.8,41.2,17
2023,656495,85.5,25.5,0,29.4,17
2023,600303,86.6,19.2,0,12.5,16
2023,660634,86.8,12.3,0,6.3,16
2023,656403,90.7,20.2,18.8,37.5,16
2023,680814,93.9,17.3,13.3,60,15
2023,623507,85.9,-1.6,0,20,15
2023,656371,90.2,17.1,0,33.3,15
2023,669450,92.3,7.2,0,50,14
2023,656185,88.3,20.7,0,14.3,14
2023,578570,83.8,13.1,7.1,14.3,14
2023,622666,90,1.1,0,50,14
2023,681962,78.9,10.1,0,21.4,14
2023,661531,86.5,19,0,30.8,13
2023,592325,92.7,5.5,7.7,46.2,13
2023,647351,86.6,11.1,15.4,30.8,13
2023,572008,88.9,20.1,0,46.2,13
2023,657247,93.6,31.6,0,50,12
2023,663897,83.2,14.8,0,16.7,12
2023,663967,85.9,17.1,0,8.3,12
2023,621458,89.5,20.9,8.3,33.3,12
2023,642215,84.6,6.1,9.1,36.4,11
2023,668952,87.3,13.8,0,27.3,11
2023,691718,87.4,25.9,11.1,22.2,9
2023,657088,82.1,16.4,0,22.2,9
2023,547379,90.1,2.2,0,33.3,9
2023,672744,89.6,20.9,0,66.7,9
2023,444489,85.1,0.9,0,22.2,9
2023,621532,79.9,18.3,0,11.1,9
2023,644433,90.4,21.7,0,22.2,9
2023,670128,77.4,17,0,12.5,8
2023,656821,91,25.5,12.5,62.5,8
2023,676070,84.2,-0.1,0,37.5,8
2023,501659,91,3.9,14.3,71.4,7
2023,670276,84.4,15.1,0,14.3,7
2023,621311,94.4,14,14.3,71.4,7
2023,670869,86,25.5,0,28.6,7
2023,642201,90,8.9,0,42.9,7
2023,605421,93.5,17.2,28.6,57.1,7
2023,676761,83.2,10.9,0,14.3,7
2023,501303,84,11.2,0,33.3,6
2023,657061,87,-4.2,0,16.7,6
2023,663330,98.7,21.2,20,80,5
2023,680418,85,29.1,0,0,5
2023,543482,86.3,22,20,60,5
2023,656484,89.6,7.3,20,40,5
2023,672279,86.4,8.1,0,50,4
2023,669023,76.2,3.5,0,50,4
2023,686490,84.4,-13,25,25,4
2023,641553,81.1,34.1,0,0,4
2023,676625,89.4,26.8,0,33.3,3
2023,668751,88.1,3.7,0,66.7,3
2023,650619,81.3,-21.6,0,0,3
2023,680716,90.1,24.4,0,33.3,3
2023,669699,74.6,-33.2,0,33.3,3
2023,668663,89.3,33.7,0,50,2
2023,663731,94.2,14.8,50,50,2
2023,641470,100,13.4,0,100,2
2023,608703,77.4,36.4,0,0,2
2023,664670,83.4,16.4,0,0,1
2023,571740,NA,NA,0,0,1
2023,571980,78.3,6,0,0,1
2023,571946,71.5,-11.1,0,0,1
2023,425794,102.1,-8,0,100,1
2023,518586,80.8,-19.6,0,0,1
2023,660636,92.5,36.2,0,0,1
2023,676882,99.3,-4.4,0,100,1
2024,650333,86.3,13.7,1.6,23.7,611
2024,543760,87.4,17,6.6,35.2,546
2024,608070,89.2,19.6,8.6,39.7,544
2024,677951,92.7,15.1,14.3,48.3,538
2024,665489,93.8,7.4,13.7,54.9,524
2024,663538,85.7,10.4,1.2,27.6,519
2024,680776,90.8,9.5,9.3,43.9,515
2024,680977,88.7,13.2,5.5,37.6,511
2024,514888,86.5,14.1,6.5,31.2,509
2024,665161,88.2,7.5,5.4,38.8,500
2024,608324,89.1,18.2,6.4,40.5,499
2024,665926,86.3,8.7,2.8,28.5,495
2024,596019,90.9,17,13.6,47.4,494
2024,571448,86.3,16.9,3.2,31.6,493
2024,683011,87.7,8.4,3.9,35.4,486
2024,691026,87,13.2,3.7,32.7,486
2024,673237,90.2,8.9,7.6,47.5,486
2024,672580,90.4,6.4,3.7,42.8,481
2024,660271,95.8,16.2,21.5,60.1,479
2024,676475,89.7,13.6,6.5,41.7,478
2024,657077,88.3,9.9,5.6,34.9,478
2024,683002,92.8,9.2,11.2,53.9,475
2024,668939,88.2,18.8,6.1,36.6,475
2024,664761,90.4,10.1,6.8,45.6,474
2024,592518,92.5,12.7,11,48.8,473
2024,595777,91.1,13.4,7.2,44.4,473
2024,650490,92.2,5,7.6,48.7,472
2024,682998,89.3,12,7.2,40.8,471
2024,623993,89.8,22.7,11.7,41.6,471
2024,668804,89.9,9.4,9.6,45.4,469
2024,592206,88.4,15.2,8.1,38.2,469
2024,678662,88.8,18.9,9,39.8,467
2024,521692,91.1,19,12.2,44.8,467
2024,630105,88.6,13.9,7.8,36.7,463
2024,701538,90.4,14.6,11.3,43.9,462
2024,647304,89.9,11.1,8.4,40.9,462
2024,668930,87,6.1,2.4,29.7,462
2024,670541,93.1,18.3,14.5,49.7,461
2024,665742,94.2,10.7,19.7,57,461
2024,650402,88.6,15,6.3,35.4,461
2024,661388,92.8,6.1,10,49.5,459
2024,518692,89.4,14.3,9.1,41.8,450
2024,668709,88.5,18.6,8.3,36.2,448
2024,670623,85,22.4,4.5,27.1,443
2024,683734,90.3,16.6,9.3,43.3,443
2024,624413,89.8,14.4,13.2,46.4,440
2024,642715,88.6,20.6,12,40.7,440
2024,542303,92.1,14.4,15.5,53.4,440
2024,686469,91,14.6,7.1,46.5,439
2024,668715,88,17.4,6.4,39.9,439
2024,621566,91.5,16.1,12.4,47.4,435
2024,641355,87.8,17.4,6.3,32.9,432
2024,543807,87.5,9.4,9.3,37.4,432
2024,680757,86.3,14.9,2.6,23.7,431
2024,606115,88.2,8.6,5.3,37.8,431
2024,621493,90.9,17.4,13,42.4,430
2024,502671,91.2,13.1,10.7,49.6,428
2024,694384,86.1,10.3,3.5,25.4,426
2024,467793,89.2,16.1,7.3,39.9,424
2024,681082,87,14,3.6,30.8,422
2024,605137,88.9,10.5,7.6,40.1,421
2024,650559,89.6,13.1,9.3,41.3,419
2024,656305,93.2,16.2,12.6,48.3,419
2024,682928,88.2,15.1,6.9,40.7,418
2024,666971,88.4,15.7,6.7,40,417
2024,663697,87.2,13.5,7.7,36.5,417
2024,607043,91.9,11.2,9.1,47.4,416
2024,547180,91.1,13.5,10.6,48.2,415
2024,671277,89.1,8.2,8,41.7,415
2024,650489,87.4,13.6,7,36.8,413
2024,677594,91.7,10.5,10.2,48.4,413
2024,665862,89.7,11.4,9.7,41.1,412
2024,694192,89.7,7.6,7.8,44.9,410
2024,660688,85.4,19.8,3.2,25.6,410
2024,666969,91,15,12.5,48.2,409
2024,690993,87.8,11.3,5.6,35.3,408
2024,607208,89.1,11.5,6.9,40.7,408
2024,606466,94,9.4,12.3,53.8,407
2024,687263,88.5,12.3,8.4,38.8,407
2024,669701,87.8,15.4,3.7,37.1,407
2024,553993,89.1,19.5,11.3,42.4,406
2024,682829,91.8,9.7,12.7,45.7,403
2024,664023,90.8,15.1,11.7,45.2,403
2024,663837,89.8,11.7,7.5,40.9,402
2024,606192,90.6,10.3,14.9,46.8,402
2024,686668,89.2,13.2,10.5,41.4,401
2024,686217,83.4,9.7,0.8,19.5,400
2024,678882,86.6,14.9,7.5,36.9,398
2024,676391,85.5,16.3,3.8,24.9,397
2024,605141,89.9,21.4,6,39.5,397
2024,621020,89.4,10.4,9.2,42.7,393
2024,643396,86.1,9.1,2.3,29.7,392
2024,592450,96.2,19,26.9,61,390
2024,669394,91.3,13,12.3,46.8,389
2024,694671,89.6,16.6,9.3,43.4,387
2024,641857,92.1,10,10.9,49.7,386
2024,656941,93.6,15,15.6,55.5,384
2024,646240,93.2,11.6,13,52.6,384
2024,643217,88,16.1,6.3,34.4,384
2024,668227,90.4,13.2,8.3,43.5,384
2024,608369,92.1,13.5,15.2,50.7,381
2024,666624,89.2,14.2,10.2,40.4,381
2024,669257,89.4,18.7,10.8,42,379
2024,696285,85.8,4,1.6,28.9,377
2024,656811,89.6,12,6.9,40.1,377
2024,663728,91,21.2,15.4,48.1,376
2024,665750,89,14.7,5.9,35.5,375
2024,667670,91.9,18.9,16.6,49.6,373
2024,663898,89.3,4.9,5.6,44.1,372
2024,457759,87.1,17.8,4.6,32.5,372
2024,664983,84.5,9.1,2.7,24.5,372
2024,641680,88.5,14.5,5.9,36.4,371
2024,664034,88.7,12.9,7.3,40,370
2024,663993,88.9,7.7,5.8,40,365
2024,663624,90.8,10.4,8.8,45.2,365
2024,570482,86.4,10.5,4.9,28.4,365
2024,453568,84.8,16.3,5.2,27.2,364
2024,665833,95.5,9.8,15.7,54.9,364
2024,643446,87,14.9,3.1,31.1,360
2024,682985,91.3,12.2,13.4,47.1,358
2024,673548,91.7,16.2,11.5,49.2,356
2024,624585,90.5,17.9,12.6,44.1,356
2024,593428,88.1,10.9,5.1,33.2,355
2024,643289,86.1,14.6,2.8,26.5,355
2024,572233,91.2,16.6,13.3,48,354
2024,660821,92.5,7.7,12.2,51.3,352
2024,676694,88.2,14.4,6.8,37,351
2024,656775,87.1,21.5,4.9,33.4,350
2024,671739,90.5,7.5,10,47,349
2024,657757,87.8,13.5,5.7,35.3,348
2024,687401,87.8,9.9,4.6,38.4,346
2024,671218,91.5,10.4,14.5,47.5,344
2024,669127,91.3,16.3,12.8,44,343
2024,663886,90.2,10.9,9.1,43.9,342
2024,657041,88.8,17,7.4,40.6,340
2024,669304,88.9,15.5,5.9,38.9,339
2024,645277,88.4,18.4,6.2,32,338
2024,683737,89.9,17.2,11.2,39.9,338
2024,670032,85,5.6,1.5,16.9,337
2024,657136,86.5,12.9,6.3,34.5,336
2024,502054,90.4,11,7.2,42.7,335
2024,673490,87.9,15.1,4.8,35.4,333
2024,672640,88,5.4,5.1,38.9,332
2024,666158,88.3,9.1,6,41.1,331
2024,681297,90.5,13,13.6,46.1,330
2024,608385,88.6,14,7.6,37.4,329
2024,807799,88,10.5,5.5,37.5,328
2024,681351,90.4,15.3,12,46.3,326
2024,680777,86.9,16.2,8.3,33.8,325
2024,662139,86.1,24.4,6.2,34,324
2024,624424,90.2,14.8,11.8,46,323
2024,676059,91.1,13.1,11.8,46.1,321
2024,457705,88.5,14.3,12,36.9,317
2024,680869,89.2,14.2,8.8,37.2,317
2024,668942,88.2,15.5,5.7,38.2,317
2024,600869,86.9,12.4,8.2,34.5,316
2024,676609,83.7,15.9,5.1,25.2,314
2024,664056,87.2,11.9,6.4,35.5,313
2024,669289,85.9,15,1.9,24.1,311
2024,672275,91.3,12.1,5.5,43,309
2024,663586,93.3,15.9,14.9,53.4,309
2024,671732,91.1,11.3,11,47.4,308
2024,664728,88.1,9,3.9,36.3,306
2024,573262,90.4,19.1,10.5,41,306
2024,656555,88.7,20.8,12.7,42.2,306
2024,665487,93.5,10,14.5,55.8,303
2024,592192,88.4,9.6,3.3,37.4,302
2024,592669,88.5,16.7,6.6,39.4,302
2024,672761,88.4,18,4.3,30.6,300
2024,677587,84.6,9.4,4,22.3,300
2024,642133,89.4,17,8,36.5,299
2024,669004,91.1,14.6,8.4,45.2,299
2024,681624,88.6,20.8,10.7,40.1,299
2024,672386,89.4,10.8,6.7,40.9,298
2024,502110,91,14.4,14.9,46.1,295
2024,663647,88.9,4.8,2.4,42.9,294
2024,657557,87.8,20,10.2,41.5,294
2024,672695,87,16.9,3.1,25.8,291
2024,641487,87.5,13.2,6.5,37.8,291
2024,596146,88.9,16.8,6.2,36.8,291
2024,693304,87.9,13,7.9,36.9,290
2024,642731,86.2,10.5,4.8,31.7,290
2024,571771,89.6,17.1,4.8,41.5,289
2024,680474,89,16.6,5.6,37.4,286
2024,691718,88.9,17.2,7.4,36.8,285
2024,641584,84.3,11.1,3.2,24.7,283
2024,671289,87.7,13,3.2,34.6,283
2024,668901,91.2,11.4,14.1,46.6,283
2024,686823,86,13.3,4.6,32.5,283
2024,672284,89.8,16,9.9,45.2,283
2024,666176,89.8,15.9,11.7,44.7,282
2024,686681,89.2,16.8,7.1,36.9,282
2024,593871,88.3,17.9,8.9,37.2,282
2024,663368,88.8,12,3.9,37.7,281
2024,669707,88.4,13.4,5.3,39.1,281
2024,663743,84.3,15.4,1.4,22.6,279
2024,592663,89.2,9.4,10.4,46.6,279
2024,666160,88.1,19.8,9.3,34.4,279
2024,677800,91.6,19.2,11.1,50.5,279
2024,672820,89,12.3,6.1,41.2,277
2024,647351,87.2,12.2,4.3,29.6,277
2024,679032,85.7,4.8,2.5,27.4,277
2024,500743,85,9.7,2.5,27.8,277
2024,666023,88.2,11.1,3.2,33.9,277
2024,519317,94.6,14.7,20.7,55.3,276
2024,656582,85.3,16.3,4.7,32.7,275
2024,669224,88.4,17.1,9.1,38.9,275
2024,664040,89.8,14.5,12.4,44.7,275
2024,665804,88.4,11.1,4.7,33.9,274
2024,519203,86.7,14.3,4,33.2,274
2024,663457,91.8,6,9.9,49.5,273
2024,670042,90.1,13.5,11,41.8,273
2024,669016,91.6,13.8,10,47.4,270
2024,663616,92,12.4,10.1,45.1,268
2024,592626,92.3,16.9,12.8,46.2,266
2024,622534,88.2,13.8,4.9,33.6,265
2024,687462,88.2,13.7,8,36.6,262
2024,621043,90.3,8.9,9.2,44.7,262
2024,664913,90,14.6,8.4,40.6,261
2024,609280,86.1,9.2,2.7,33.7,261
2024,642708,86.9,4.6,4.6,36.2,260
2024,516782,89.8,4.3,6.9,42.9,259
2024,676914,88.6,21.4,12,38,258
2024,553869,87.1,7.6,4.7,34.5,258
2024,621439,91.7,19.8,13.2,48.1,258
2024,676356,84.6,16.2,3.9,28,257
2024,672515,90,8.8,6.6,41,256
2024,571745,90.6,13.7,9,45.9,255
2024,669911,92.1,15.1,17.3,50.2,255
2024,650391,92,4.3,7.8,49,255
2024,686676,88.3,9.6,7.5,37.6,255
2024,681807,88.3,19.6,7.5,37.6,255
2024,641933,90.9,20.2,17.3,48.8,254
2024,673357,90.1,13.5,9.9,40.7,253
2024,664238,88.4,22.6,8.8,36.3,251
2024,545121,87,4,1.2,31.9,251
2024,670770,86,16.7,3.2,31.5,251
2024,666182,89.2,7.2,4.4,43.5,249
2024,621028,85.6,9.7,1.6,23.4,248
2024,572138,88.7,12.8,8.9,37.2,247
2024,592273,87.6,6,3.6,35.6,247
2024,593160,84.1,12.9,2.4,21.6,245
2024,664774,90.6,12.9,9.4,44.1,245
2024,665828,88.2,12.5,3.7,34.9,241
2024,621438,87.3,16.8,7.1,35.3,241
2024,650859,87,6.7,2.5,32.5,240
2024,642350,87.5,15.4,14.7,41.6,238
2024,679529,89,20.2,6.7,39.7,238
2024,543877,88.5,16.1,3.8,36.6,238
2024,669134,87.7,9.9,4.6,34.2,237
2024,641598,89.9,18.3,8.4,39.7,237
2024,666310,88.8,19.9,8.1,37.7,236
2024,666139,90.8,16.9,10.3,46.1,232
2024,578428,85.8,9,2.2,30.6,232
2024,656716,88,18.7,4.3,32.6,230
2024,643565,89,15.5,7.4,41,229
2024,595909,87.5,7.5,5.2,37.1,229
2024,608348,87.6,13.6,6.6,39.4,227
2024,592696,91,14.3,5.3,42.5,226
2024,663656,91.1,21.2,12.9,44.9,225
2024,682626,88.8,6.9,6.7,42,224
2024,608841,88.9,8.3,4.5,39.3,224
2024,668904,87.1,16.8,11.2,37.7,223
2024,518595,89.9,11.6,10.4,41,222
2024,643376,86.6,21.7,6.4,29.7,220
2024,456781,87.3,13.7,3.7,37.4,219
2024,607680,84.6,17.9,3.7,29.7,219
2024,602104,88.3,12.8,8.7,38.5,218
2024,672279,84.4,5.1,2.3,22.6,218
2024,669364,86.1,6.7,1.8,24.3,218
2024,669357,88.5,20.3,16.7,38.6,216
2024,666152,87,15.8,5.6,32.2,214
2024,592885,91.1,5.2,7.9,46.7,214
2024,668670,89,15.7,9.9,41.8,213
2024,645302,86.7,14.8,6.2,28.6,210
2024,545341,90.6,17.3,11,47.6,210
2024,666149,87.7,20.2,8.2,31.9,207
2024,624428,84.5,15.3,2.9,22.8,206
2024,595879,88.3,11.2,7.8,40,206
2024,677649,87.1,8.9,3.4,35.9,206
2024,594807,86.9,22.2,10.7,36.6,205
2024,575929,91.6,14.2,11.2,46.8,205
2024,656896,89.7,8.7,7.9,44.1,202
2024,666163,86.2,11.9,3.5,30.7,202
2024,642086,89.3,13,10.6,38.7,199
2024,641432,89,12.4,3,37.7,199
2024,695578,92.8,2.4,10.6,52,198
2024,680700,86.2,14,3.5,30.3,198
2024,624503,86.1,6.5,6.1,29.6,196
2024,678009,87,18.5,7.7,32.3,196
2024,660644,85.1,8,1.5,22.6,195
2024,605170,91.2,9.3,5.6,43.1,195
2024,608701,89.6,10.7,9.7,43.1,195
2024,681481,90.5,17.6,17.7,46.4,192
2024,689172,86.8,16.2,5.2,31.6,192
2024,666181,89.4,18.2,11.5,40.1,192
2024,657656,89.2,13.3,12.6,40.8,191
2024,623912,87,-0.2,3.2,33.9,189
2024,668885,87.2,12.7,1.1,33.5,188
2024,660766,86.6,8.5,5.9,35.6,188
2024,624641,89.2,12.8,8.6,41.4,186
2024,527038,83.5,21.4,5.9,27.6,186
2024,681146,87.1,11.8,5.4,33.7,184
2024,641343,89.4,22.6,10.3,42.9,184
2024,663527,89.8,10.7,8.7,40.8,184
2024,444482,88.1,8.9,5.5,42.3,182
2024,595281,86.4,7.3,3.9,30,181
2024,663698,88.1,10.5,9.4,38.7,181
2024,607732,86.6,12.8,7.2,34.4,180
2024,669720,88.9,14.9,6.7,40.2,179
2024,518792,88,10.4,5.6,41.6,178
2024,671056,89.3,9.2,9,42.1,178
2024,669222,84,15.5,5.7,26.7,176
2024,543685,87.9,14.1,2.3,37.1,175
2024,543309,88.4,20.7,10.9,37.4,174
2024,676801,86.2,15.2,7.5,32.8,174
2024,518934,88.5,1.9,5.8,37.6,173
2024,518735,91.1,11.1,9.8,42.8,173
2024,572191,89.3,13.7,11.6,40.1,172
2024,596142,90,16.2,10.5,44.2,172
2024,660707,89.5,17,7.6,41.5,171
2024,624431,88.1,9.9,5.3,35.1,171
2024,669261,88.9,12.9,8.8,38.2,170
2024,666134,88.2,7.8,5.9,44.4,169
2024,571657,87.7,17.9,5.4,29.8,168
2024,666150,84.4,12.1,1.8,26.8,168
2024,669221,88,10.5,9.6,36.5,167
2024,571970,90.2,26.6,10.8,43.4,166
2024,641313,86.1,1.4,1.8,30.1,166
2024,605113,84.9,13.4,3,23,165
2024,666397,87.8,11.9,9.8,37.8,164
2024,628451,88.1,20.3,4.9,33.1,163
2024,666185,86.8,15.8,2.5,25.8,163
2024,543510,87.4,14.4,8.6,37.7,162
2024,641658,86,16.1,4.4,30.4,158
2024,682622,87,11.4,6.5,36.1,155
2024,670764,86.1,18.2,3.2,24,154
2024,665839,89.4,19.3,9.2,41.8,153
2024,678246,86.2,21.3,4.6,26.3,152
2024,702358,86.5,0.7,0.7,31.6,152
2024,656413,85.5,20.5,7.9,36.8,152
2024,543257,86.3,13.3,3.3,27.6,152
2024,694388,88.3,12.9,4,34.7,150
2024,680718,88.3,12.1,8.7,38.3,149
2024,622761,88.1,14.1,4,34.9,149
2024,696100,88.2,16.5,12.8,39.6,149
2024,686780,89,11.8,4.8,40.4,147
2024,676369,88.2,17.4,8.8,38.1,147
2024,686797,85.8,12.5,4.1,24.5,147
2024,608671,85.4,5.9,0.7,24.7,146
2024,663853,92.3,3.7,8.3,51,145
2024,658668,86.8,9.2,6.4,35.5,141
2024,621035,85.9,16.9,7.1,28.6,140
2024,660670,92.2,8.5,9.4,48.2,139
2024,691016,91.9,9.6,14.6,49.6,137
2024,671213,90.2,10.5,13.3,45.2,135
2024,808982,89.1,9.2,4.5,41.8,134
2024,673962,86.2,12.2,9.9,39.7,131
2024,641645,85.5,5.7,2.3,21.1,128
2024,679845,83.6,9.9,3.1,26,127
2024,669003,88.8,2.8,8.7,37,127
2024,682641,86.9,14.1,3.9,37,127
2024,691406,89.7,6.8,11.8,45.7,127
2024,682177,88.5,11.1,4.8,38.1,126
2024,670242,92.8,21.6,17.5,53.2,126
2024,663757,90.6,20,12,46.4,125
2024,667452,84.9,15,3.2,29,124
2024,677870,87.6,12.3,8.1,33.3,123
2024,702616,89.3,8.6,8.2,45.1,122
2024,608336,90.5,26.1,13.1,43.4,122
2024,663662,91.6,8.6,8.3,48.8,121
2024,682657,86.5,14.9,1.7,32.2,121
2024,596103,88.2,7.2,3.3,37.2,121
2024,677588,91.2,7.6,8.3,49.2,120
2024,669065,91,12.3,10.9,51.3,119
2024,669234,87.6,18.7,10.9,37.8,119
2024,677942,88.5,8.5,3.4,34.7,118
2024,624415,82,21.2,2.5,16.9,118
2024,678877,88.6,19.3,14.5,36.8,117
2024,686527,89.9,9.1,11.1,44.4,117
2024,691023,91.2,9.4,9.5,43.1,116
2024,681393,86.2,17,14.8,39.1,115
2024,596117,79.7,19.4,0,9.6,115
2024,666135,91.3,13.2,11.3,40.9,115
2024,642180,83.7,14.5,1.8,17.7,113
2024,683146,86.6,10.3,5.4,33,112
2024,621466,89.7,19.1,8.1,39.6,111
2024,669242,87.6,11.4,3.6,35.1,111
2024,605361,87.4,14.9,7.2,34.2,111
2024,656537,88.3,9.8,11,36.7,109
2024,700250,90,17.7,15.6,36.7,109
2024,656976,90.2,13.1,14.7,44,109
2024,687597,86.1,13.4,6.6,32.1,106
2024,605131,86.3,9.5,1.9,31.1,106
2024,700932,89.1,22.1,9.5,40,105
2024,687363,88.4,12.1,5.7,33.3,105
2024,542194,89.1,12.4,7.6,41.9,105
2024,624512,84,12.4,6.7,26.9,104
2024,605204,89.1,2.8,8.7,43.7,103
2024,694497,86,13.9,5.9,32.4,102
2024,665506,89.9,9.8,4.9,38.2,102
2024,672356,89.7,5.6,7.9,36.6,101
2024,621550,90.9,28,15.8,48.5,101
2024,621512,89.8,14.1,12,44,100
2024,642136,86.6,12.9,8,40,100
2024,664901,83.8,13.9,6.1,22.4,98
2024,665953,87.8,16.6,6.2,33,97
2024,666018,91.9,11,16.5,48.5,97
2024,687231,87.1,10.8,1,33.3,96
2024,686611,89,8.8,6.4,44.7,94
2024,678554,88.8,16.3,4.3,36.6,93
2024,620443,89.6,13.1,6.6,46.2,91
2024,683021,85.1,7,1.1,26.4,91
2024,680118,89,8.6,7.8,37.8,90
2024,656541,94.6,16.5,14.8,52.3,88
2024,592200,83,20,1.1,17,88
2024,572761,85.8,24.2,6.8,28.7,88
2024,656577,86.7,20.2,9.1,31.8,88
2024,455117,88,20.1,8,35.6,87
2024,595978,84.8,21.4,1.1,24.1,87
2024,547989,87.8,6.7,2.3,33.7,86
2024,592178,85.1,18.5,4.7,30.2,86
2024,571912,84.7,11.3,3.5,24.7,85
2024,655316,88.1,14.9,9.4,41.2,85
2024,665019,89.4,19.2,7.1,42.4,85
2024,805779,85.4,9.5,0,19,84
2024,681460,87.4,26.2,4.8,32.1,84
2024,669477,89.2,16.5,8.4,36.1,83
2024,656180,89.9,13.6,7.2,43.4,83
2024,687952,87.8,15.5,8.4,37.3,83
2024,687093,86.1,8.3,4.9,32.9,82
2024,670156,87.4,13.9,2.4,31.7,82
2024,545361,89.2,25.2,17.1,41.5,82
2024,681546,87.6,15.3,4.9,38.3,81
2024,668832,89.6,12.5,12.3,38.3,81
2024,666464,95,6.7,15,58.8,80
2024,669397,84.4,8.9,1.3,17.5,80
2024,669743,88,12.5,5,32.5,80
2024,695391,87.4,12.8,5.1,36.7,79
2024,677950,91.2,1,7.6,46.8,79
2024,700242,91.1,12.8,8.9,46.8,79
2024,645444,84.5,9,0,23.1,78
2024,682868,90.1,11.8,6.4,46.2,78
2024,663611,85.1,3.4,0,18.2,77
2024,664770,88.9,13.6,4.2,27.8,72
2024,643265,85.9,12.7,9.7,36.1,72
2024,675961,87.2,15.7,4.3,27.1,70
2024,668800,87.3,11.9,4.3,34.8,69
2024,687529,90.2,5.4,11.8,44.1,68
2024,645305,86.8,7.6,4.5,35.8,67
2024,677008,90.2,10.3,6.1,43.9,66
2024,695238,90.6,5.1,9.1,50,66
2024,668845,85.3,11.9,4.8,31.7,63
2024,680779,85.3,17.2,4.8,35.5,62
2024,656248,89.8,10.7,4.9,34.4,61
2024,667472,89.9,11.4,11.5,47.5,61
2024,596115,86.1,18.6,6.6,29.5,61
2024,649966,87.1,19.2,11.7,35,60
2024,642215,89.7,19.1,15,50,60
2024,665877,85.4,8.3,0,25,60
2024,676116,86.2,16,5.1,33.9,59
2024,664314,88.7,12.8,10.3,41.4,58
2024,592325,89.1,12.8,10.5,36.8,57
2024,543228,87.1,17,10.5,42.1,57
2024,686554,89.1,6.6,5.4,46.4,56
2024,669699,86.5,14.3,3.6,26.8,56
2024,641943,89.8,3.4,3.6,47.3,55
2024,676572,91.7,8.3,5.5,40,55
2024,640492,86.5,9.8,3.6,30.9,55
2024,686765,87.4,15.7,1.9,31.5,54
2024,693307,89.8,9.6,3.7,48.1,54
2024,669369,86.1,7.4,0,24.1,54
2024,553882,86.1,21,0,22.2,54
2024,665052,89.1,7,7.4,40.7,54
2024,596129,90.9,8.1,9.4,45.1,53
2024,542932,84.2,11,1.9,30.2,53
2024,680728,87.6,18.3,11.5,34.6,52
2024,663550,92.8,7.7,15.4,53.8,52
2024,694359,91.7,27.3,11.5,40.4,52
2024,571466,83.4,3.2,3.8,23.1,52
2024,683083,83.3,-1.9,0,21.6,51
2024,678225,87.3,2.4,11.8,37.3,51
2024,660844,87.2,12.6,2,27.5,51
2024,690291,86.4,11,4,34,50
2024,642020,81.4,1.2,2,22,50
2024,676701,86.5,13.4,2,24.5,49
2024,670097,88.6,21.2,4.1,26.5,49
2024,593934,93.8,8.9,10.4,54.2,48
2024,676632,87.1,23.7,10.4,35.4,48
2024,682617,87.9,12.4,6.3,45.8,48
2024,668731,91.1,21,12.8,46.8,47
2024,676113,87.4,3,0,32.6,46
2024,543063,89.7,13.5,6.7,33.3,45
2024,645801,86.4,17.5,2.2,33.3,45
2024,682729,87.9,15.1,0,29.5,44
2024,665561,86.2,16.7,9.1,31.8,44
2024,605346,87.3,10,2.3,32.6,43
2024,669208,88.5,6.8,9.3,46.5,43
2024,661531,84.7,20.6,2.4,16.7,42
2024,666915,86,10,2.4,39,41
2024,622569,88,13.2,4.9,31.7,41
2024,674441,82.8,20.6,0,14.6,41
2024,686452,88,2.7,2.4,34.1,41
2024,493329,90.3,7.5,2.4,53.7,41
2024,701305,87.5,10.5,10,40,40
2024,676070,87.8,6.3,2.5,32.5,40
2024,668952,82,13.2,5,22.5,40
2024,665923,87.7,17.1,10.3,35.9,39
2024,621311,87.1,12.7,7.9,21.1,38
2024,672569,83.8,7.7,2.6,15.8,38
2024,606992,90,11.5,13.2,39.5,38
2024,541645,86.6,2.1,8.1,29.7,37
2024,691176,89.4,5.1,10.8,45.9,37
2024,644433,88.1,6,2.8,36.1,36
2024,673995,85.4,17.8,8.6,28.6,35
2024,682073,84,-7.7,2.9,25.7,35
2024,695336,85.7,11.3,2.9,25.7,35
2024,668723,86.2,5.5,5.7,37.1,35
2024,666703,89.2,12.9,14.7,47.1,34
2024,543305,87.5,4.7,5.9,35.3,34
2024,663897,89.6,18.6,2.9,29.4,34
2024,677347,87.8,6.3,5.9,35.3,34
2024,657061,90.2,7.7,0,44.1,34
2024,682668,91,10.3,9.1,45.5,33
2024,691011,82.2,14.7,3,15.2,33
2024,669200,82.9,9.3,0,15.2,33
2024,694376,88.8,18.1,6.1,42.4,33
2024,623520,88.3,13.4,3,48.5,33
2024,665120,84.2,21.5,9.4,31.3,32
2024,672012,83,16.4,0,15.6,32
2024,663609,91,16.2,6.5,58.1,31
2024,691594,86.2,8.6,0,32.3,31
2024,677956,91.6,18.9,20,40,30
2024,695257,92.6,28.6,13.3,50,30
2024,686482,86.6,0.7,6.7,33.3,30
2024,660162,90.2,6.1,0,34.5,29
2024,691182,88.2,17.1,6.9,31,29
2024,640902,85.5,3.3,3.4,37.9,29
2024,669137,80.8,14.8,0,10.3,29
2024,668853,83.9,15.5,3.6,25,28
2024,642197,89.4,16.3,10.7,35.7,28
2024,663330,85.2,15.8,7.4,40.7,27
2024,621563,88.3,4.8,0,25.9,27
2024,642201,88.7,8.3,11.1,48.1,27
2024,650907,93.7,27.6,19.2,61.5,26
2024,694377,89.7,8,15.4,50,26
2024,682988,87.2,21.2,8,44,25
2024,680716,94.3,0.9,0,56,25
2024,621545,86.9,14.3,4.2,29.2,24
2024,679822,86.9,26.9,4.2,16.7,24
2024,664874,90.5,19.9,4.2,41.7,24
2024,649557,87.1,11.9,0,33.3,24
2024,657088,89.2,14.2,0,33.3,24
2024,672642,84.7,16.3,0,21.7,23
2024,693049,89.9,7.1,0,43.5,23
2024,677941,88,10.5,4.3,30.4,23
2024,666165,90.3,12.7,8.7,43.5,23
2024,681584,91.3,15.7,13,52.2,23
2024,663967,85.6,17.7,0,13.6,22
2024,663905,86.7,4.8,0,36.4,22
2024,670276,85.6,12.2,10,25,20
2024,608596,87.4,4.5,10,35,20
2024,805373,83.8,9.8,0,30,20
2024,592348,86.3,-15.7,5,25,20
2024,665782,84.9,-5.7,0,42.1,19
2024,680911,89.6,9.7,0,21.1,19
2024,691723,84.7,6,0,21.1,19
2024,670092,87.2,16.2,5.3,26.3,19
2024,613564,92.6,16.5,15.8,42.1,19
2024,670223,87.1,10.5,5.6,27.8,18
2024,607054,82.6,-12.4,0,23.5,17
2024,686894,82.8,18,5.9,23.5,17
2024,669374,82.2,6.3,0,23.5,17
2024,671286,91.3,-10.8,0,47.1,17
2024,688363,85.8,17.7,5.9,52.9,17
2024,641511,83.2,22.4,0,18.8,16
2024,678489,83.2,9.5,6.3,25,16
2024,622268,84.1,10.4,6.7,20,15
2024,671083,88.8,12.6,13.3,53.3,15
2024,501303,88.4,4.8,6.7,33.3,15
2024,694362,85.7,22.7,6.7,13.3,15
2024,642851,91.5,15.8,0,35.7,14
2024,672744,88,10.8,14.3,42.9,14
2024,666197,85.1,11,0,21.4,14
2024,680577,84.7,4.5,16.7,33.3,12
2024,641856,86,-0.4,8.3,33.3,12
2024,656484,93,17.5,0,58.3,12
2024,664954,81.8,37.7,8.3,25,12
2024,641779,85.3,20.2,16.7,33.3,12
2024,542364,85.1,11.6,0,45.5,11
2024,671117,86.7,6.2,0,27.3,11
2024,664059,84.3,5.7,0,18.2,11
2024,671221,77.9,3.8,0,20,10
2024,694175,93,16.8,20,40,10
2024,681508,90.7,4.5,0,40,10
2024,670869,85.1,22.1,10,20,10
2024,676439,83.3,9.5,0,20,10
2024,656883,85.5,19.3,11.1,44.4,9
2024,663630,84.5,27.4,22.2,44.4,9
2024,682634,86.3,-10.1,0,33.3,9
2024,643393,82.8,17.6,0,12.5,8
2024,663604,90.9,18,12.5,50,8
2024,682119,91.6,3.7,0,25,8
2024,664058,80.7,14,0,0,8
2024,687799,81.9,13.6,0,0,7
2024,680737,86.1,19.8,0,28.6,7
2024,676679,84.3,-0.2,0,42.9,7
2024,686555,87.2,23.5,0,28.6,7
2024,542963,90.4,28.4,14.3,42.9,7
2024,678894,84.4,6,0,28.6,7
2024,669352,85.7,-9.6,14.3,28.6,7
2024,669326,78.9,5.9,0,14.3,7
2024,665966,99.7,8.7,0,85.7,7
2024,657193,89.1,3.4,0,28.6,7
2024,672724,87,5.9,14.3,28.6,7
2024,668843,87.7,10.8,0,16.7,6
2024,679881,83.7,0.1,0,16.7,6
2024,669450,82.3,-19,16.7,16.7,6
2024,623168,82.8,37.4,0,16.7,6
2024,681962,77.6,16.2,0,0,6
2024,622110,98.8,14.3,0,66.7,6
2024,656448,100,20.5,40,80,5
2024,660758,82,33.9,20,40,5
2024,621458,85,13,0,20,5
2024,660636,81.4,0.1,0,20,5
2024,680769,79.2,19.8,20,20,5
2024,670224,78,20,0,0,5
2024,687957,97.5,26.8,25,75,4
2024,666211,82,31.2,0,25,4
2024,669392,90.5,13.8,0,25,4
2024,605244,97,-5.7,0,25,4
2024,595284,83.8,-1.1,0,50,4
2024,664702,79.5,23.3,0,0,4
2024,672701,92.4,-2.4,0,66.7,3
2024,605119,101.6,10.1,33.3,100,3
2024,694355,95,41.8,0,33.3,3
2024,676946,85.6,-1,0,33.3,3
2024,668752,81.1,-21.1,0,33.3,3
2024,665856,78.5,-1.1,0,0,3
2024,665155,92.9,32.5,0,33.3,3
2024,682619,75.4,0.9,0,0,2
2024,675659,109.7,26.6,100,100,1
2024,669087,72.2,26.6,0,0,1
2024,667428,89.1,35.7,0,0,1
2024,675915,87.3,56.3,0,0,1
2024,669288,100.3,-13.4,0,100,1
2024,676551,82.5,3.1,0,0,1
2025,650333,86.1,12.2,1.1,16.7,618
2025,680757,86.2,15.6,1.9,19.3,575
2025,663538,86.7,12.5,2.3,30.3,554
2025,672695,87.6,15.5,6.2,31.9,533
2025,605141,89.1,18,5.5,35.8,531
2025,608070,88.9,19.2,7,37,525
2025,596019,90.5,15.1,8.8,44.4,520
2025,686469,90.9,16.3,10.8,44.7,519
2025,672580,91.3,9.7,5.6,45.1,519
2025,645277,87.5,18.7,4.9,30.7,514
2025,641355,88.3,18.5,7.5,37.9,507
2025,677951,93.3,15.2,12.5,48.5,505
2025,677594,91.8,8.5,9.8,48,502
2025,665489,92,7.8,12.2,50.7,499
2025,676391,86.6,17.9,2.4,26,496
2025,650490,93,5,8.3,52.5,496
2025,666182,91,8.2,7.9,48.8,494
2025,671739,90.2,7.4,9.1,43.4,494
2025,808982,87.1,9.9,3.7,32,493
2025,592518,92.9,14.3,12.9,51.5,489
2025,514888,85.1,17.7,6.2,30.9,486
2025,607208,89.3,9.1,5.8,42.1,484
2025,691406,92.4,10.7,14,51.4,484
2025,669364,86.8,8.2,0.8,29.4,479
2025,667670,90.7,16.4,13.7,44.8,473
2025,670770,87.1,14.3,2.7,32.1,473
2025,521692,90,18.1,14.8,46.7,473
2025,624413,93.5,15.4,18.9,54.4,471
2025,671218,91.8,11.5,8.8,47.4,468
2025,665487,93.3,9.4,10.9,51.8,467
2025,647304,89.2,11.6,6.7,41.9,465
2025,672640,88.5,8.4,7.1,38.3,465
2025,682928,88.7,13.3,7.6,39.2,459
2025,686217,85.5,12.1,3.1,27.4,456
2025,641487,87.2,11.5,4.8,34.7,455
2025,680776,91.8,12,9.7,46.8,455
2025,607043,91.9,11.2,8.8,50.2,454
2025,691718,89.5,20,13,41.6,454
2025,621566,93.3,14.8,14.3,53.3,453
2025,681624,88.6,16.9,8.4,37.2,452
2025,661388,91.1,7,6.4,48.5,452
2025,805779,84.6,8.8,2.2,24.7,450
2025,673237,89.9,10.2,9.6,42.2,450
2025,682829,91,7.6,10.2,44.2,449
2025,702616,88.8,8.9,7.8,40.8,447
2025,665742,93.8,12,18.1,55.3,447
2025,683002,92.1,9.5,8.5,49.2,445
2025,668930,91.1,8.6,7.9,47.4,441
2025,650402,90,14.3,8.2,39,438
2025,596115,91.4,14.2,9.8,47,438
2025,694192,89.3,10.6,9.7,42.3,435
2025,678882,88.3,12.8,9.2,38.7,434
2025,518692,90.9,14.3,10.4,45.7,433
2025,666971,87.8,16.3,7.2,38.3,433
2025,621020,90.5,13.3,11.7,47.8,428
2025,682663,90.8,8.3,11,47,428
2025,668227,91.3,12.9,11.5,50.6,427
2025,660271,94.9,15,23.5,58.7,426
2025,621043,90.5,7.3,6.8,45.9,425
2025,694384,87.5,13.2,4.5,29,424
2025,664023,90,16.1,10.4,44.4,423
2025,676475,91,15.2,9.5,43,423
2025,691016,91.6,7.9,11.4,49.8,422
2025,642715,88.9,21.1,12.6,42.8,421
2025,592206,87.8,15.2,7.6,34.5,420
2025,646240,93.5,12.6,16,56.1,419
2025,663647,89.3,8.5,4.5,42.5,418
2025,668804,91.2,7.3,10.1,46,417
2025,663656,90.1,17.2,10.8,40.4,416
2025,673548,91.3,17.9,16.6,48.7,415
2025,682998,92.1,16.7,14.5,49.9,415
2025,681082,87.6,14.9,5.1,29.5,414
2025,671277,90.2,9.2,9,45.8,413
2025,572233,90.9,16.9,12.9,46.1,412
2025,663728,91.3,25.2,19.5,49.6,411
2025,621493,90.1,18,13.7,42.7,410
2025,656941,94.3,20.1,20.8,59.6,408
2025,678246,89.7,22.6,9.3,40.5,407
2025,592885,90.2,1.9,10.3,46.4,407
2025,593428,89,11.1,6.9,39.2,406
2025,682985,89.9,15,17.1,45.5,404
2025,665161,88.9,8.9,8.2,42.9,403
2025,687401,84.9,13.3,3,32.8,402
2025,702332,85.2,13.9,4,26.9,402
2025,650859,87.1,6.7,5,32.7,401
2025,686797,88.6,13.2,5.8,38.5,400
2025,606466,90.8,14.8,13.5,47,400
2025,683011,89.3,12.4,10.5,41.9,399
2025,553993,90.2,21.9,14.3,47.6,399
2025,680977,89.7,12.2,8.8,40.9,399
2025,679529,90.2,23.1,13.5,45.1,399
2025,669701,87.2,12.7,5,31.1,399
2025,672386,91.1,11.9,10.1,50.8,398
2025,593871,90.8,16.7,10.3,45.8,397
2025,672820,90.7,18.4,10.4,43.8,395
2025,663697,87.9,17.1,5.8,36.8,394
2025,663457,91.3,16.5,10.2,50,394
2025,691026,88.3,16,4.8,34.6,393
2025,671732,90.5,9.2,9.2,44.4,392
2025,502671,90.4,15.9,7.9,43.7,391
2025,543807,90,17.2,16.1,47.6,391
2025,696100,90.8,17.3,12.8,46.9,390
2025,657757,89.9,14,9.5,46.5,389
2025,664761,90.8,6.8,6.2,46.4,388
2025,592450,95.4,19,24.7,58.2,388
2025,683737,92.2,17,17.1,47.3,387
2025,663616,90.9,10.9,7.2,45.7,387
2025,543760,88.3,19.4,6.7,35,386
2025,663993,89,10.9,7,41.5,386
2025,669127,90.9,16.4,11.2,44.9,383
2025,547180,91.3,11.6,12.3,47.5,383
2025,605137,90.4,10.4,12,47,383
2025,668715,87.3,18.8,7.6,33.2,383
2025,606192,90.2,9.9,11.5,46.1,382
2025,805367,88.2,6.7,1.6,36.1,382
2025,676572,91,10.6,6.8,46.5,381
2025,695578,94.3,6.3,16.3,56.3,380
2025,666969,92.1,16.3,11.6,46.7,379
2025,592663,90,11.1,8.8,45.5,376
2025,573262,90.8,20.4,8.5,42.6,376
2025,802415,84.3,0.5,0,17.3,376
2025,666176,91.7,16.1,17.3,50,376
2025,686668,89.9,9.8,10.8,44.6,370
2025,700250,93.3,14.2,15.4,56.1,369
2025,656811,89.4,11.4,7.6,42.5,369
2025,687597,87.4,12.8,9.6,38.5,366
2025,608324,90.1,17.7,6.6,44.4,365
2025,664034,89.5,10.5,7.7,44.2,364
2025,664040,91.1,15.2,12.9,46.6,364
2025,457705,89.5,14.5,8.3,42.5,362
2025,643396,84.6,4,1.4,27.5,360
2025,687263,91,17.5,14,46.6,358
2025,663757,91.1,16.4,14.2,46.4,358
2025,571448,86.8,19,3.9,32.6,356
2025,673962,89.3,12.8,8.2,46.7,353
2025,575929,90.6,12.3,13.9,49,353
2025,643446,87.2,15.9,5.1,32.9,350
2025,542303,89.9,14.1,11.4,44.6,350
2025,680574,88.8,16.3,7.7,40.7,350
2025,656716,85.7,14.1,6.1,30.5,347
2025,621439,92.5,17.7,17.6,53.8,346
2025,682657,87.1,18.4,3.5,29.3,345
2025,624428,85.3,14.5,2,20.6,344
2025,643217,88,20.1,11,36.9,344
2025,660821,91.3,9.3,11.1,43.4,343
2025,694671,91.4,17.5,14,48.4,343
2025,663968,87.3,-0.7,2.6,33.4,343
2025,680718,91.7,11.9,11.4,51,341
2025,700932,90.3,21.3,11.8,43.8,340
2025,701538,89.7,15.2,13,42.9,338
2025,664770,87.9,11.2,4.7,37,338
2025,686948,91.7,6.5,11,49.6,337
2025,527038,85.9,18.8,4.8,26.9,334
2025,683734,91.6,13.3,12,47.7,333
2025,666158,88.3,9.6,3.6,36.9,333
2025,656305,92.2,15.7,9.9,47.6,332
2025,671289,90.1,7.9,2.1,40.4,332
2025,643289,84.5,13.1,1.2,26.3,331
2025,596146,90.8,16.3,11.6,44.7,329
2025,681481,91.4,21,12.5,46.8,329
2025,467793,87.6,16.7,4.9,37.8,328
2025,666160,89.7,17.4,13.8,45.3,327
2025,657656,90.3,13.4,13.8,49.1,326
2025,693307,90,15.8,9.2,45.7,326
2025,656775,88.8,23.3,6.2,35.9,324
2025,630105,88.5,14.9,6.2,39,323
2025,641857,93.3,13.9,12.1,50.5,323
2025,677950,89.6,4.2,7.8,39.3,321
2025,665862,89,15.8,15,43.3,319
2025,690993,90,13.3,9.2,43.7,316
2025,680777,89.3,15,6.3,42.1,316
2025,664056,87.2,12.7,10.2,40.3,315
2025,668901,91.4,11.5,11.5,50.5,313
2025,641680,88.1,14.5,6.1,35.9,312
2025,693304,88.8,9.1,4.5,38.8,312
2025,595879,88.2,11.4,5.5,39.9,311
2025,664728,87.8,8.7,1.6,36.1,310
2025,671056,91.2,10.1,11,47.7,308
2025,701358,87.9,8.9,6.9,40.8,306
2025,670623,87.4,23,6.3,33.6,304
2025,502054,91.6,6.9,6.6,47.2,303
2025,807713,84.9,13.4,6.9,29.4,303
2025,665833,95.8,8.1,17.9,56.6,302
2025,624424,89.9,12.9,9.7,44,300
2025,687363,86.1,15.2,3.7,26,300
2025,668904,89.8,16.7,8.7,40.3,298
2025,665966,91.1,13.2,9.1,44.6,296
2025,700337,90.4,6.8,3.7,46.3,296
2025,608369,92.9,11.6,15.3,53.6,295
2025,669224,90.6,20.7,10.2,45.2,294
2025,608348,88.8,16.4,9.6,40.3,293
2025,650489,86.7,11.2,6.5,37.3,292
2025,687462,87.4,15.6,8.2,36,292
2025,669242,88.3,11.8,4.5,39.9,291
2025,666139,88.6,9.3,5.9,39.6,290
2025,663586,92.3,16.8,15.2,50.2,289
2025,683146,90.7,5.8,12.8,46.9,288
2025,672275,88.2,15.6,5.6,36.4,286
2025,681351,90.9,17.3,13.3,46.9,286
2025,605170,88.7,12.5,7.7,40.7,285
2025,686555,88.8,12.2,4.9,38.9,285
2025,545361,90.9,17.5,15.8,49.3,284
2025,669397,84.8,13.3,0,21.6,283
2025,689414,84.6,10.6,3.5,27.7,282
2025,691594,88.5,10.8,1.8,35,280
2025,676694,88.1,9.8,5,38.9,280
2025,669720,88.8,14.6,10.4,38.4,279
2025,669065,91.1,14.1,19,52,279
2025,669257,91.3,18.4,12.2,47.1,278
2025,677587,88,11,3.3,35.5,276
2025,669016,91.1,12.6,8.3,46.4,276
2025,677800,90.8,23,12.3,44.9,276
2025,672356,90.2,6.1,11.3,43.3,275
2025,609280,88,11,4.7,35.4,274
2025,602104,89.2,13.2,8,41.8,274
2025,673357,89.4,18.2,10.2,41.6,274
2025,701762,92.7,15.3,18.4,51.1,272
2025,691176,90.6,13,7,49.6,270
2025,678662,89.4,16.4,9.3,38.9,270
2025,695734,88.9,15,5.2,40.1,269
2025,666310,89.6,21.3,9.7,38.3,269
2025,696285,87.6,3.8,1.9,34.2,269
2025,669289,86.5,15.1,0.7,25.7,268
2025,668939,89.4,13.7,7.5,38.6,267
2025,665926,86.3,11,3,27.7,267
2025,666018,93,14.5,12.8,54.5,266
2025,669394,90.4,16.1,13.9,48.5,266
2025,682177,88.9,10.9,11.4,41.7,264
2025,672761,90.3,18.4,8.8,40.1,262
2025,666023,89.1,14.2,4.2,34.1,261
2025,686780,88,12.4,7.3,36.5,260
2025,595777,89,20,7.3,40.3,259
2025,665019,91.5,16.7,12,48.3,259
2025,669707,89,14.7,6.2,38.2,259
2025,578428,84,3.9,2,28.5,256
2025,682622,88.5,12.7,9,36.3,256
2025,643565,89,16.5,6.8,38.8,250
2025,676059,90.2,14.1,11.2,43.4,249
2025,624431,87.9,10.9,4.4,40.7,248
2025,500743,87.6,12.9,4,31.2,247
2025,666134,90.8,13,8.5,46.7,246
2025,649966,86.2,14.5,3.7,30.2,245
2025,663624,90.7,9.1,11.7,47.1,240
2025,663853,93.3,5.5,12.6,57.3,239
2025,621438,86.5,19.4,3.8,35.1,239
2025,691023,92.3,10.3,10.9,50,238
2025,660670,92.7,13.3,15.7,52.5,236
2025,571970,91.3,19.6,13.6,51.5,235
2025,543309,88.9,17.2,8.6,39.1,233
2025,669477,89.5,19.2,9,43.8,233
2025,667472,90.7,10.5,7.8,42,231
2025,660688,86.2,11.3,2.2,30.9,230
2025,516782,87.6,10,7.8,40.4,230
2025,664702,87.2,14.8,3.9,27.1,229
2025,672515,90.4,14.4,7.1,43.4,226
2025,669743,88.2,12.4,4.4,28.9,225
2025,681393,88.3,15.9,9.4,37.1,224
2025,670242,91,21.1,13.8,45.5,224
2025,686681,87.5,22.2,4,33,224
2025,647351,86.3,13.4,4.5,34.2,222
2025,676609,86,17.4,5.9,30.6,222
2025,670764,87,15.1,3.2,26.4,221
2025,681460,90.4,14.8,10.9,40.9,220
2025,669357,89.6,22.3,9.1,41.1,219
2025,686611,89.7,8.5,9.7,38.7,217
2025,668709,88.7,20.5,7.8,38.7,217
2025,810938,88.3,3.1,3.3,40.5,215
2025,545341,92.4,17.6,11.7,49.5,214
2025,571657,87,15.3,6.1,35.2,213
2025,642133,91.2,14.8,15.3,46.4,209
2025,700242,87.9,11.9,6.7,35.1,208
2025,620443,90.6,6.2,10.7,48.1,206
2025,643376,87.6,24,8.8,39,205
2025,592626,91.2,16.9,9.5,44.8,201
2025,681297,90.9,13.8,14.1,46,199
2025,695336,90.2,12.9,5.6,44.1,195
2025,656555,90.2,22.1,10.3,46.4,194
2025,624641,87.7,9.4,6.3,38,192
2025,663698,88.4,9,10.4,43.2,192
2025,572191,90.8,17.9,10.5,42.9,191
2025,669221,89.1,10.6,13.2,43.1,189
2025,642201,87.7,11.3,9,40.4,188
2025,624585,89.7,13.8,12.8,42,188
2025,691781,89.8,5.8,4.3,46.3,188
2025,686527,92.3,10.5,14.4,49.7,187
2025,663886,90.5,12.9,14.4,49.2,187
2025,553869,88.4,17.7,7.5,38.7,186
2025,681715,90.2,14.2,10.9,45.4,183
2025,680779,88.6,23.3,11.5,37.4,182
2025,702284,87.6,17.2,5.6,31.1,180
2025,691723,87.3,20.7,10.1,36,179
2025,678554,87.5,17.1,4.5,34.8,178
2025,691019,88.3,14.4,9.6,37.6,178
2025,641598,91.5,19.4,7.9,46.9,177
2025,669911,89.9,17.7,10.2,43.2,176
2025,662139,89.9,23.5,15.9,40.3,176
2025,660162,89.8,15.1,14.3,43.4,175
2025,663743,87.5,13.4,4.6,37.9,174
2025,701350,94.5,6.9,15.5,60.3,174
2025,682626,93.1,9.6,12.1,54.3,173
2025,695657,89.4,18,14.5,44.5,173
2025,571771,90.3,16.3,9.4,37.6,170
2025,664983,84.7,6.5,5.3,27.6,170
2025,666624,91.8,17,14.8,49.7,169
2025,666181,92.4,16.1,15.4,53.8,169
2025,807799,90.2,5.7,6.5,44,168
2025,642086,87.7,15.1,4.2,35.5,166
2025,657077,89.9,9.9,3,42.8,166
2025,672724,87.1,8,6.7,38.8,165
2025,666185,88.4,16.7,6.7,30.5,164
2025,805300,88.9,10.9,8,41.4,162
2025,692225,88.6,4.7,5.1,41.8,158
2025,695506,89.4,4.1,12,42.4,158
2025,606115,87.4,7,2.5,33.8,157
2025,543877,85.9,15.3,3.8,27.4,157
2025,687231,85,6.3,3.2,30.1,156
2025,807712,86.2,10.5,5.2,31.2,154
2025,666149,84.5,17,4.5,27.9,154
2025,519317,94.4,17.5,22.1,55.2,154
2025,664774,89.7,21.9,4.5,31.8,154
2025,656976,90.1,12.4,11.7,46.1,154
2025,656180,91.8,9.1,10.5,52.3,153
2025,694497,86.7,13.7,5.9,34.6,153
2025,677649,85.3,15.2,2.6,30.9,152
2025,680474,87.3,12.4,2.6,32.9,152
2025,628451,88.9,12.6,4.6,36.4,151
2025,642708,91.2,9.9,6,45,151
2025,677942,90.2,7.3,12.8,43.2,148
2025,682641,88,14.1,7.5,37.7,146
2025,671221,86,9.1,4.1,28.8,146
2025,679845,88.2,14,6.3,34,144
2025,570482,86.9,10.6,2.1,34,144
2025,668942,89.6,13.4,3.5,36.8,144
2025,805373,84.9,17.8,1.4,26.8,142
2025,641584,85.2,17.8,4.9,34.5,142
2025,682668,87.9,3.4,1.4,35.5,141
2025,518595,88.2,17.9,11.4,37.9,140
2025,664238,84.8,21.3,8.6,34.3,140
2025,694374,89.2,6.8,9.3,42.1,140
2025,650968,87.7,17.8,2.2,35.3,139
2025,691777,87.1,9.3,10.1,32.4,139
2025,670541,94.7,18.3,13.8,52.9,138
2025,672744,87.4,10.5,12.4,43.8,137
2025,457759,88.3,17.9,3.7,30.9,136
2025,678009,86.9,12.5,5.1,30.9,136
2025,690987,88.6,7.2,8.1,40.7,135
2025,623993,89.6,18.5,4.5,41,134
2025,683766,86.9,5.5,6,33.6,134
2025,673490,89.7,15.7,5.2,43.3,134
2025,641933,88.8,22.2,16.5,39.1,133
2025,645444,83.9,16.2,0.8,22.6,133
2025,666152,86.6,14.3,6,27.8,133
2025,805249,89.9,11.5,12.1,44.7,132
2025,690022,85.2,7.4,1.5,30.5,131
2025,642731,86.3,7,3.1,30.5,131
2025,670224,87.6,15,5.3,29.8,131
2025,608701,92,12.1,12.3,52.3,130
2025,676914,90.8,24.2,14,41.1,129
2025,657136,85.5,10.4,3.1,31,129
2025,670156,88,6.2,2.3,36.4,129
2025,456781,87.4,12.7,3.9,37.5,128
2025,668885,86.2,9.7,5.5,38.6,127
2025,688363,86.6,17.3,5.5,35.4,127
2025,657557,88.1,22.7,10.3,39.7,126
2025,664059,88.3,7,2.4,42.1,126
2025,623168,84.4,19.1,3.2,22.4,125
2025,665750,88.5,21.2,6.4,35.2,125
2025,641343,91.7,16.6,13.6,45.6,125
2025,666397,89.2,6.1,12.2,42.3,123
2025,670042,89.5,9.8,10.6,42.3,123
2025,669236,90.6,10.9,7.5,46.7,120
2025,679032,87.9,7.4,3.4,35.3,119
2025,696030,88.9,12,5.9,37,119
2025,595978,88.2,25.1,3.4,32.2,118
2025,677588,89.2,1.2,5.2,40.5,116
2025,682653,85.4,13.2,2.6,32.5,114
2025,677595,91.2,12.7,8.8,43,114
2025,677008,88.8,12.7,8,41.1,112
2025,642136,88.9,14.3,4.5,42.9,112
2025,808975,86,7,2.7,28.2,110
2025,670231,88.3,8.4,5.5,40,110
2025,624512,85.1,15.7,9.2,36.7,109
2025,663368,89.6,6.2,3.7,34.3,108
2025,663604,87.1,2.3,2.9,32,103
2025,545121,89.2,3.3,3.9,37.3,102
2025,695238,86.8,9.1,2,41.2,102
2025,702176,86.4,2.3,2,30.4,102
2025,695681,88.9,14.6,6.9,36.3,102
2025,687952,87.9,21,9,44,100
2025,596103,92,7.7,14.3,48,98
2025,691720,87.9,12.3,1,33.7,98
2025,663330,91.5,20,13.4,53.6,97
2025,678877,90.3,13.8,6.2,41.2,97
2025,683227,84.9,10.6,4.1,25.8,97
2025,656896,86.7,11.6,1,32.3,96
2025,455117,86,16.1,9.4,28.1,96
2025,692585,88.6,8,8.4,36.8,95
2025,669326,84.3,12.9,4.3,26.6,94
2025,655316,87,20.8,5.3,35.1,94
2025,669261,88.8,16.7,11.8,38.7,93
2025,641943,88.3,11,8.6,39.8,93
2025,518934,91.7,4.1,4.3,51.6,93
2025,543510,92.3,8.3,7.6,52.2,92
2025,621028,86.6,9.2,2.2,29.3,92
2025,666163,81.2,13.6,3.3,19.6,92
2025,592192,86.6,19.9,2.2,33,91
2025,665561,85.6,11.1,2.2,22.2,90
2025,691182,84.8,15.2,3.4,24.7,89
2025,672016,90,4.1,6.7,42.7,89
2025,656537,91.2,6.8,11.2,49.4,89
2025,681807,88.7,23,9.1,39.8,88
2025,692216,88.7,16.4,9.2,36.8,87
2025,691785,90,6.7,9.2,51.7,87
2025,668670,89.5,17.2,9.2,40.2,87
2025,687859,89.6,14.6,9.3,40.7,86
2025,687221,90.8,17.2,14,45.3,86
2025,665828,89.1,8.8,0,34.5,84
2025,605361,85.7,14.6,3.6,31,84
2025,657041,87.8,23.5,4.8,31.3,83
2025,645302,85.4,6.8,4.9,23.2,82
2025,680737,82.7,19.6,8.6,24.7,81
2025,687551,86.6,11.3,4.9,35.8,81
2025,607732,85,10.6,1.3,26.3,80
2025,642180,82.6,8.3,0,15,80
2025,592669,88.5,17,6.3,35.4,79
2025,694212,89.1,13.8,8.9,43,79
2025,542932,87.5,1.5,2.6,37.2,78
2025,642215,89.4,14.4,10.3,41,78
2025,666211,91,15.5,7.8,40.3,77
2025,681508,87.8,19.4,1.3,31.2,77
2025,681962,85.9,11.2,2.6,32.9,76
2025,666126,89.8,16.3,9.2,44.7,76
2025,665804,86.4,18.6,6.6,32.9,76
2025,687637,88.8,21.2,9.3,28,75
2025,690924,87.3,19.8,5.3,38.7,75
2025,687515,92.2,21.2,13.3,49.3,75
2025,680862,88.8,10.2,4,37.3,75
2025,680728,89.9,19,6.7,49.3,75
2025,676801,85.8,21.9,5.3,29.3,75
2025,665839,89.8,15.7,8,42.7,75
2025,669234,86.9,20.5,4.1,31.1,74
2025,681146,87.3,11.4,2.7,28.4,74
2025,682729,86,17.4,6.8,35.6,73
2025,642851,88.6,13,9.6,46.6,73
2025,671213,87.6,15.1,9.7,44.4,72
2025,686765,86,11.6,5.6,34.7,72
2025,641555,90.8,11.5,5.6,43.1,72
2025,621035,85.9,18.6,6.9,36.1,72
2025,670223,88.3,22.3,8.5,38,71
2025,681546,88,18,16.9,39.4,71
2025,663898,90.5,10.8,14.3,48.6,70
2025,694388,87.3,11.7,5.7,37.1,70
2025,668800,84.2,16,1.4,23.2,69
2025,518792,85.1,11.5,4.4,33.8,68
2025,660644,88.2,7.5,0,37.3,67
2025,677347,88.9,17.8,16.4,47.8,67
2025,663837,92.2,20.4,12.1,45.5,66
2025,660844,86.3,13.1,3,19.7,66
2025,682927,88.4,10,6.2,36.9,65
2025,596142,93.3,18.4,10.8,57.8,65
2025,681987,88.8,8.8,6.3,37.5,64
2025,683083,88.6,5,4.7,42.2,64
2025,656484,91.4,18.5,13.1,44.3,61
2025,701305,89.3,17.5,16.4,41,61
2025,676439,87.6,16.3,8.2,32.8,61
2025,682988,87.9,7,6.7,41.7,60
2025,669369,88.4,9,5,33.3,60
2025,669450,92,11.3,12.1,37.9,58
2025,700246,85.9,8,8.9,35.7,56
2025,641313,88.6,0.7,0,36.4,55
2025,678894,85.7,6.5,9.1,32.7,55
2025,676070,88.5,12.4,0,29.6,54
2025,656577,88.3,14.3,14.8,40.7,54
2025,695391,83.3,9.5,3.7,27.8,54
2025,665052,90.9,8,14.8,48.1,54
2025,694377,85.6,10.5,1.9,38.9,54
2025,600869,87.3,11.4,7.5,28.3,53
2025,663584,88.6,9.7,3.8,38.5,52
2025,656582,89.3,13.8,5.8,36.5,52
2025,680577,87.5,9.9,5.8,34.6,52
2025,678489,87.8,7.7,0,30.8,52
2025,641658,84.3,22.5,2,19.6,51
2025,608385,89.5,20.5,7.8,45.1,51
2025,665877,87.1,16,0,29.4,51
2025,690976,90.7,20.7,8,38,50
2025,624415,89.8,20.9,4,36,50
2025,671286,92.1,-1.9,6.1,55.1,49
2025,669717,87.6,22,2,36.7,49
2025,622761,85.3,9.8,4.1,36.7,49
2025,640902,89.1,6.6,4.1,44.9,49
2025,678011,89.3,10.6,2.1,37.5,48
2025,695600,95.4,7.3,20.8,58.3,48
2025,680869,88.1,15.2,12.5,47.9,48
2025,676044,89.5,11.9,0,47.8,46
2025,660757,89.1,2.5,6.5,45.7,46
2025,683090,88.2,12.9,13.3,42.2,45
2025,669003,90.4,10.8,6.7,42.2,45
2025,665953,86,16.5,11.1,37.8,45
2025,694208,89.1,0.9,6.7,33.3,45
2025,676356,85.6,10.3,2.3,31.8,44
2025,683770,85,25.2,9.1,31.8,44
2025,672569,85.3,14.2,6.8,22.7,44
2025,686452,84.8,8.5,2.3,23.3,43
2025,678391,85.9,17.4,4.7,37.2,43
2025,689172,87.3,25.4,7.1,31,42
2025,664913,87.2,18.7,9.5,40.5,42
2025,686475,88.3,11.3,2.4,38.1,42
2025,691783,87,17.2,4.9,34.1,41
2025,689200,88.1,-5.7,4.9,43.9,41
2025,701675,89,5.4,2.4,41.5,41
2025,701398,95.4,17.9,17.5,52.5,40
2025,606992,83,5.4,10,22.5,40
2025,669288,89.3,13.9,12.5,42.5,40
2025,666464,90.8,4,5,45,40
2025,688760,92.2,14.9,15.4,53.8,39
2025,656248,86.6,18.1,0,30.8,39
2025,682848,92.2,15.1,2.6,44.7,38
2025,680837,89.1,16.6,13.2,34.2,38
2025,677592,90.5,13.2,7.9,44.7,38
2025,669004,90.9,25,8.1,45.9,37
2025,691185,93.5,9.9,13.5,56.8,37
2025,672284,89.1,16,13.5,37.8,37
2025,671284,90.8,3.8,10.8,48.6,37
2025,676679,89.6,7.2,11.1,44.4,36
2025,656413,88.1,24.4,13.9,36.1,36
2025,665155,89,28.4,5.7,37.1,35
2025,694362,88.6,-0.3,8.6,37.1,35
2025,676701,87.9,16.1,8.6,28.6,35
2025,608671,84.6,-0.4,0,34.3,35
2025,607680,86.1,14.9,2.9,20,35
2025,680700,89.9,10.6,5.9,44.1,34
2025,686894,91.4,6.4,14.7,61.8,34
2025,543592,87.5,11,0,44.1,34
2025,670097,86.2,20.9,3,39.4,33
2025,571912,90.8,14,6.5,45.2,31
2025,690291,88.3,13.3,3.2,38.7,31
2025,666150,89.1,15.8,3.3,40,30
2025,669087,89.3,4.1,13.8,37.9,29
2025,650559,91.5,15.6,6.9,51.7,29
2025,686676,86.3,15.9,3.4,34.5,29
2025,605131,80.9,4.2,3.4,20.7,29
2025,683748,91.1,14.1,7.1,42.9,28
2025,493329,85.1,22.4,0,17.9,28
2025,663662,91.9,20.4,7.1,32.1,28
2025,656541,93.5,15.6,17.9,57.1,28
2025,670092,89.4,18.2,7.1,35.7,28
2025,686554,87.3,3.8,0,32.1,28
2025,671655,91.1,2.2,3.6,42.9,28
2025,676724,84.6,23,14.3,39.3,28
2025,699625,89.6,19.7,7.1,39.3,28
2025,805904,90.1,12.8,14.8,48.1,27
2025,687957,86.9,16.1,3.7,25.9,27
2025,668974,83.5,4.1,0,34.6,26
2025,621512,86.4,10.4,0,34.6,26
2025,592178,90.8,13,7.7,34.6,26
2025,595751,86.8,12.4,8,44,25
2025,685301,85.3,8.4,12,32,25
2025,669208,89,10.2,12.5,33.3,24
2025,663609,94.6,22.1,8.3,54.2,24
2025,665861,86.9,15.3,8.3,29.2,24
2025,694728,88.6,14.4,25,41.7,24
2025,668845,85.9,24.3,4.3,21.7,23
2025,676116,89.4,26.7,8.7,34.8,23
2025,669304,88.5,6.6,4.3,43.5,23
2025,663897,86.9,13.4,4.3,27.3,23
2025,677870,92,8.4,9.1,50,22
2025,669722,87.4,12.1,4.5,27.3,22
2025,677956,92.5,4,18.2,50,22
2025,622569,87.8,16.5,4.5,31.8,22
2025,694376,84.5,11.4,4.5,18.2,22
2025,671083,87.9,18.9,4.8,42.9,21
2025,668952,89.6,16.5,4.8,28.6,21
2025,694203,86.5,25.8,15,45,20
2025,691728,90.2,18.3,5,30,20
2025,676480,83.6,28,5,20,20
2025,670032,84.8,-5.5,0,40,20
2025,683021,90.7,10.6,5.3,42.1,19
2025,641856,87,16,0,26.3,19
2025,640492,86.4,7.1,0,27.8,18
2025,645305,88.3,15.1,17.6,41.2,17
2025,664068,86.1,9.1,6.3,31.3,16
2025,805811,95.6,12,25,68.8,16
2025,687478,90.4,27.4,6.7,46.7,15
2025,683357,87.3,14,13.3,20,15
2025,681584,81.6,-0.1,6.7,26.7,15
2025,644433,90.2,13.2,6.7,40,15
2025,642350,84.9,33.3,20,33.3,15
2025,669200,82.9,11.1,13.3,26.7,15
2025,663536,91.7,13.2,0,35.7,14
2025,622534,79.5,10.1,0,14.3,14
2025,676812,78,11.5,7.7,30.8,13
2025,663731,82.1,29.5,7.7,23.1,13
2025,665923,81.5,9,7.7,23.1,13
2025,687529,85.7,15.4,15.4,23.1,13
2025,640459,96.1,12.1,25,66.7,12
2025,682183,84.7,1.4,0,16.7,12
2025,672359,90.5,17.7,8.3,41.7,12
2025,668731,90.3,9.1,0,41.7,12
2025,641645,88.1,5.2,0,25,12
2025,676466,86.8,5,8.3,25,12
2025,666915,84.6,22.7,0,25,12
2025,678225,88.3,10.2,18.2,36.4,11
2025,669374,81.1,21.5,0,18.2,11
2025,663967,82.1,11.9,0,18.2,11
2025,667452,85.5,10.9,0,20,10
2025,694359,85.4,25.2,0,30,10
2025,680911,76.7,-1.5,0,20,10
2025,686823,82.2,8.2,0,30,10
2025,669134,87.8,-16,0,30,10
2025,672279,79.8,18,0,20,10
2025,666165,87.8,4,10,40,10
2025,605353,85.4,13.2,11.1,33.3,9
2025,571466,85.4,-0.5,0,11.1,9
2025,669398,89.8,18.9,11.1,33.3,9
2025,669256,82.6,2.8,0,33.3,9
2025,680769,81.7,24.5,0,11.1,9
2025,656185,89.9,12,0,33.3,9
2025,689041,83.7,14.5,0,33.3,9
2025,622268,92.6,-4,0,37.5,8
2025,804668,94.8,14,12.5,62.5,8
2025,506702,91.3,18.5,0,25,8
2025,669392,75.7,9.9,0,12.5,8
2025,668723,96.6,-1.4,12.5,75,8
2025,572138,83.5,0.5,0,50,8
2025,682868,78.4,20.6,12.5,12.5,8
2025,553882,87.2,12.4,0,14.3,7
2025,663796,90.3,-3.5,0,42.9,7
2025,677060,82.2,5,0,14.3,7
2025,666198,80.7,13.1,0,28.6,7
2025,682634,92.8,9.3,0,42.9,7
2025,672012,83.1,1.7,0,28.6,7
2025,670276,86.8,11.1,0,16.7,6
2025,542963,89.4,32,0,16.7,6
2025,679822,93,38.5,0,66.7,6
2025,674441,89.3,5,0,16.7,6
2025,605204,85.7,-0.4,0,33.3,6
2025,592696,87.3,5.8,16.7,66.7,6
2025,680118,79.1,28.3,0,0,6
2025,680716,81.2,-12.5,0,33.3,6
2025,605113,83.4,13.2,0,16.7,6
2025,671976,86.8,26.7,0,40,5
2025,695257,81.6,26.4,0,40,5
2025,682997,89.8,5,0,60,5
2025,682515,89.4,15.3,0,0,5
2025,690984,72,-12.4,0,0,4
2025,691907,93.2,17.9,0,50,4
2025,695670,93.9,15.2,25,50,4
2025,664954,98,20.9,25,100,4
2025,677943,84.4,24.1,0,25,4
2025,624513,72.9,-27.2,0,0,3
2025,672642,91.3,33.4,0,0,3
2025,677941,94.3,18.2,0,66.7,3
2025,702358,90.8,-48.3,0,33.3,3
2025,667690,84.6,31.2,0,33.3,3
2025,676551,88.9,-6.7,50,50,2
2025,642727,84.2,20.6,0,0,2
2025,642020,NA,NA,0,0,2
2025,691373,91.8,11.2,0,50,2
2025,669194,89.8,-16.7,0,0,1
2025,679631,100.6,8.2,0,100,1
2025,596117,67.5,-19.4,0,0,1
2025,641302,93.6,-34.7,0,0,1
2025,681909,80.4,-39.4,0,0,1
2025,685744,92.4,-21.1,0,0,1
2025,605244,91.3,23.1,0,0,1
2025,693409,NA,NA,0,0,1
