Season,PlayerName,playerid,Age,position,Team,PA,H,R,RBI,HR,SB,AVG,OBP,SLG,EV,LA,BarrelPct,HardHitPct,Events
2015,Bryce Harper,11579,22,OF,WSN,654,172,118,99,42,6,0.3301,0.4602,0.6488,91.4,14.7,12.9,47.5,394
2015,Mike Trout,10155,23,OF,LAA,682,172,104,90,41,11,0.2991,0.4018,0.5896,92.9,14,16.4,48.6,422
2015,Josh Donaldson,5038,29,3B,TOR,711,184,122,123,41,6,0.2968,0.3709,0.5677,92.5,10.5,12.2,46.5,499
2015,Joey Votto,4314,31,1B,CIN,695,171,95,80,29,11,0.3138,0.459,0.5413,90.2,11.5,10.9,42.2,412
2015,Paul Goldschmidt,9218,27,1B,ARI,695,182,103,110,33,21,0.321,0.4352,0.5697,92,12.9,12.5,46.3,423
2015,Buster Posey,9166,28,C,SFG,623,177,74,95,19,2,0.3178,0.3788,0.4704,89,10.8,6.1,37.5,512
2015,AJ Pollock,9256,27,OF,ARI,673,192,111,76,20,39,0.3153,0.367,0.4975,88.9,8.9,5.7,39.1,529
2015,Manny Machado,11493,22,3B,BAL,713,181,102,86,35,20,0.2859,0.3586,0.5024,91.4,12.8,7.6,41.7,528
2015,Lorenzo Cain,9077,29,OF,KCR,604,169,101,72,16,28,0.3067,0.3609,0.4773,90.2,9.5,5.5,38.1,457
2015,Kris Bryant,15429,23,3B/OF,CHC,650,154,87,99,26,13,0.2755,0.3692,0.4884,89.7,19.6,11.5,43.8,365
2015,Andrew McCutchen,9847,28,OF,PIT,685,165,91,96,23,11,0.2915,0.4015,0.4876,90.6,13.9,9.3,44.6,442
2015,Francisco Cervelli,5275,29,C,PIT,510,133,56,43,7,1,0.2949,0.3696,0.4013,88.2,6.9,4.1,35.6,362
2015,Yoenis Cespedes,13110,29,OF,2 Tms,676,184,101,105,35,7,0.2907,0.3284,0.5419,92.2,12.2,11.1,44.8,497
2015,Jason Heyward,4940,25,OF,STL,610,160,79,60,13,23,0.2925,0.3586,0.4388,89.1,4.6,2.8,34.6,460
2015,Chris Davis,9272,29,1B,BAL,670,150,100,117,47,2,0.2618,0.3612,0.562,92,17.5,17.3,45.9,370
2015,Curtis Granderson,4747,34,OF,NYM,682,150,98,70,26,11,0.2586,0.3636,0.4569,89.4,18.4,8.3,40,433
2015,Matt Carpenter,8090,29,3B,STL,665,156,101,84,28,4,0.2718,0.3654,0.5052,88.9,16.9,9.1,35.8,427
2015,Anthony Rizzo,3473,25,1B,CHC,701,163,94,101,31,17,0.2782,0.3866,0.5119,88.7,17.3,8,38.3,488
2015,José Bautista,1887,34,OF,TOR,666,136,108,114,40,8,0.2505,0.3769,0.5359,92,16.9,12.6,45.6,445
2015,J.D. Martinez,6184,27,DH/OF,DET,657,168,93,102,38,3,0.2819,0.344,0.5352,91.3,16.2,17.3,48.5,421
2015,Yasmani Grandal,11368,26,C,LAD,426,83,43,47,16,0,0.2338,0.3529,0.4028,90.7,11.5,9,42.3,267
2015,Nelson Cruz,2434,34,DH/OF,SEA,655,178,90,93,44,3,0.3017,0.3695,0.5661,92.6,9.2,14.1,47.8,427
2015,Dee Strange-Gordon,8203,27,2B,MIA,653,205,88,46,4,58,0.3333,0.3586,0.4179,84.5,2.1,1.1,17,535
2015,Mookie Betts,13611,22,OF,BOS,654,174,92,77,18,21,0.2915,0.341,0.4791,90.4,15.4,5.5,37.5,524
2015,Xander Bogaerts,12161,22,SS,BOS,654,196,84,81,7,10,0.3197,0.3548,0.4209,88,6.8,2.5,33.8,518
2015,Miguel Cabrera,1744,32,1B/3B,DET,511,145,64,76,18,1,0.338,0.4403,0.5338,93.8,12.2,10.6,53.3,349
2015,Edwin Encarnación,2151,32,1B/3B/DH,TOR,624,146,94,111,39,3,0.2765,0.3718,0.5568,90,16.8,10,43.9,440
2015,Jason Kipnis,9776,28,2B,CLE,641,171,86,52,9,12,0.3027,0.3721,0.4513,89.4,9.2,2.8,38.5,468
2015,Nolan Arenado,9777,24,3B,COL,665,177,97,130,42,2,0.2873,0.3233,0.5747,90.6,16.3,8.3,40.2,517
2015,Russell Martin,4616,32,C,TOR,507,106,76,77,23,4,0.2404,0.3294,0.458,89.2,9.7,8.2,40,340
2015,Jose Altuve,5417,25,2B,HOU,689,200,86,66,15,38,0.3135,0.3528,0.4592,86.1,11.2,3.1,28.6,580
2015,Matt Duffy,13836,24,3B,SFG,612,169,77,77,12,12,0.2949,0.3344,0.4276,88,7.5,4,32,481
2015,Todd Frazier,785,29,3B,CIN,678,158,82,89,35,13,0.2553,0.3087,0.4976,89.6,18.8,9,38.8,490
2015,Adrian Beltré,639,36,3B,TEX,619,163,83,83,18,1,0.2875,0.3344,0.4533,89.5,12.6,5.5,40.4,510
2015,Kevin Kiermaier,11038,25,OF,TBR,535,133,62,40,10,18,0.2634,0.2983,0.4198,87.6,9,2.4,30.9,414
2015,Brandon Crawford,5343,28,SS,SFG,561,130,65,84,21,6,0.2564,0.3209,0.4615,90.3,8.6,8.7,42.9,392
2015,Logan Forsythe,7185,28,2B,TBR,615,152,69,68,17,9,0.2815,0.3593,0.4444,88.4,15.4,3.7,32.2,435
2015,Francisco Lindor,12916,21,SS,CLE,438,122,50,51,12,12,0.3128,0.3529,0.4821,89.9,6.3,3.5,36.7,341
2015,Justin Turner,5235,30,3B,LAD,439,113,55,60,16,5,0.2935,0.3699,0.4909,89.5,14,7.2,37.9,319
2015,Brandon Belt,10264,27,1B,SFG,556,138,73,68,18,9,0.2805,0.3561,0.4776,89.8,16.1,10,41.8,349
2015,David Peralta,2136,27,OF,ARI,517,144,61,78,17,9,0.3117,0.3714,0.5216,91.6,6.7,8,43.4,362
2015,Ian Kinsler,6195,33,2B,DET,675,185,94,73,11,10,0.2965,0.3422,0.4279,86.1,17.7,2.7,26.6,549
2015,George Springer,12856,25,OF,HOU,451,107,59,41,16,16,0.2758,0.3675,0.4588,89.9,9.1,9.5,41.5,284
2015,Adam Eaton,11205,26,OF,CHW,689,175,98,56,14,18,0.2869,0.3611,0.4311,88.1,7.5,3.1,30.9,486
2015,Mike Moustakas,4892,26,3B,KCR,614,156,73,82,22,1,0.2842,0.3475,0.4699,89.4,15.2,6.4,36.5,482
2015,Derek Norris,6867,26,C,SDP,557,129,65,62,14,4,0.2505,0.3052,0.4039,87.1,14,2.3,35.1,385
2015,Evan Longoria,9368,29,3B,TBR,670,163,74,73,21,3,0.2699,0.3284,0.4354,89.6,15.4,8.5,39.7,481
2015,Joe Panik,11936,24,2B,SFG,432,119,59,37,8,3,0.3115,0.3776,0.4555,86.8,11.5,2.3,29.4,347
2015,Kyle Seager,9785,27,3B,SEA,686,166,85,74,26,6,0.2665,0.328,0.451,89.3,16.8,7,34.6,529
2015,Odúbel Herrera,11476,23,OF,PHI,537,147,64,41,8,16,0.297,0.344,0.4182,88.7,7.5,3.2,33.9,372
2015,Kevin Pillar,12434,26,OF,TOR,628,163,76,56,12,25,0.2782,0.3141,0.3993,85.8,14,1.8,26.5,510
2015,Jung Ho Kang,17182,28,3B/SS,PIT,467,121,60,58,15,5,0.2874,0.3555,0.4608,90.5,7.1,9.6,46.4,323
2015,Michael Brantley,4106,28,OF,CLE,596,164,68,84,15,15,0.31,0.3792,0.4802,89,9.5,3.9,36.2,483
2015,Giancarlo Stanton,4949,25,DH/OF,MIA,318,74,47,67,27,4,0.2652,0.3459,0.6057,96.1,15.7,24.1,52.9,187
2015,Eric Hosmer,3516,25,1B,KCR,667,178,98,93,18,7,0.2972,0.3634,0.4591,89.8,6,7.1,40.8,495
2015,Carlos Correa,14162,20,SS,HOU,432,108,52,68,22,14,0.2791,0.3449,0.5116,90,8.3,8.9,40.6,313
2015,Shin-Soo Choo,3174,32,OF,TEX,653,153,94,82,22,4,0.2757,0.3748,0.4631,90.9,7.7,8.4,44.1,415
2015,Justin Upton,5222,27,OF,SDP,620,136,85,81,26,19,0.2509,0.336,0.4539,89.9,16.2,10.3,39.2,388
2015,Martín Prado,3312,31,3B,MIA,551,144,52,63,9,1,0.288,0.3382,0.394,89,9.1,2.3,33.6,441
2015,Adam Jones,6368,29,OF,BAL,581,147,74,82,27,3,0.2692,0.3081,0.4744,88.2,11.3,8.9,34.5,447
2015,Travis d'Arnaud,7739,26,C,NYM,268,64,31,41,12,0,0.2678,0.3396,0.4854,88.7,16.8,6.8,35.4,192
2015,José Abreu,15676,28,1B,CHW,668,178,88,101,30,0,0.2904,0.3473,0.5024,91,9.9,9.3,41.8,474
2015,Freddie Freeman,5361,25,1B,ATL,481,115,62,66,18,3,0.2764,0.3701,0.4712,90.6,14.4,11.3,44.7,320
2015,Starling Marte,9241,26,OF,PIT,633,166,84,81,19,30,0.2867,0.3365,0.4439,87.8,5.5,6.7,35.1,464
2015,Kole Calhoun,11200,27,OF,LAA,686,161,78,83,26,4,0.2556,0.3085,0.4222,86.2,11.6,6.8,32.2,472
2015,Lucas Duda,2502,29,1B/OF,NYM,554,115,67,73,27,0,0.2442,0.352,0.4862,91.7,19.8,11.6,42.3,336
2015,Ryan Braun,3410,31,OF,MIL,568,144,87,84,25,24,0.2846,0.3563,0.498,92.3,7.7,10.7,45.4,394
2015,Chris Coghlan,6878,30,OF,CHC,503,110,64,41,16,11,0.25,0.3406,0.4432,88.5,11,5.5,33.3,348
2015,Joc Pederson,11899,23,OF,LAD,585,101,67,54,26,4,0.2104,0.3465,0.4167,91.2,13.7,11.8,45.2,314
2015,Didi Gregorius,6012,25,SS,NYY,578,139,57,56,9,5,0.2648,0.3183,0.3695,85.4,10.4,1.6,24.5,449
2015,Miguel Montero,3364,31,C,CHC,403,86,36,53,15,1,0.2478,0.3449,0.4092,88.3,12,8.5,35.2,247
2015,Andrelton Simmons,10847,25,SS,ATL,583,142,60,44,4,5,0.2654,0.3213,0.3383,86.4,3.5,1,29,490
2015,Brian Dozier,9810,28,2B,MIN,704,148,101,77,28,12,0.2357,0.3068,0.4443,87.2,19.1,5.9,31.1,488
2015,Ben Zobrist,7435,34,2B/OF,2 Tms,535,129,76,56,13,3,0.2762,0.3589,0.4497,88.6,8.2,3.6,34.9,416
2015,Randal Grichuk,10243,23,OF,STL,350,89,49,47,17,4,0.2755,0.3286,0.548,92.2,16.3,16.8,46.3,214
2015,Dexter Fowler,4062,29,OF,CHC,690,149,102,46,17,20,0.25,0.3459,0.4111,87.2,12.2,4.5,30.2,447
2015,Adrián González,1908,33,1B,LAD,643,157,76,90,28,0,0.275,0.3505,0.4799,88.8,14.2,8.4,36.8,467
2015,Mark Teixeira,1281,35,1B,NYY,462,100,57,79,31,2,0.2551,0.3571,0.5485,89.6,15.7,9.3,41.3,312
2015,David Ortiz,745,39,DH,BOS,614,144,73,108,37,0,0.2727,0.3599,0.553,93,15.7,13.1,49.1,442
2015,Colby Rasmus,9893,28,OF,HOU,485,103,67,61,25,2,0.2384,0.314,0.4745,89.5,21.1,9.6,35.5,282
2015,Josh Reddick,3892,28,OF,OAK,582,143,67,77,20,10,0.2719,0.3328,0.4487,88.4,14.8,5,32.8,464
2015,Carlos González,7287,29,OF,COL,608,150,87,97,40,2,0.2708,0.3245,0.5397,90.3,9.1,10.5,38.6,428
2015,Andre Ethier,6265,33,OF,LAD,445,116,54,53,14,2,0.2937,0.3663,0.4861,86.3,11,5.9,32.5,323
2015,Brian McCann,4810,31,C,NYY,535,108,68,94,26,0,0.2323,0.3196,0.4366,89.5,17.5,5.3,36.5,375
2015,Danny Valencia,6364,30,3B,2 Tms,378,100,59,66,18,2,0.2899,0.3448,0.5188,91.9,6,10.1,46.6,268
2015,Robinson Canó,3269,32,2B,SEA,674,179,82,79,21,2,0.2869,0.3338,0.4455,91,5.5,7.3,45.7,521
2015,Alex Gordon,5209,31,OF,KCR,422,96,40,48,13,2,0.2712,0.3768,0.4322,88.4,15.7,5.2,34.1,267
2015,Alex Rodriguez,1274,39,3B/SS,NYY,620,131,83,86,33,4,0.2505,0.3565,0.4857,91.3,12.2,10.9,43.9,385
2015,Trevor Plouffe,7462,29,3B,MIN,632,140,74,86,22,2,0.2443,0.3074,0.4346,89.8,13.6,7.9,39.4,454
2015,Asdrúbal Cabrera,4962,29,SS,TBR,551,134,66,58,15,6,0.2653,0.3145,0.4297,88.3,17.3,5.4,32.3,405
2015,Neil Walker,7539,29,2B,PIT,603,146,69,71,16,4,0.2689,0.3284,0.4273,88.9,14,4.8,37.6,441
2015,Adeiny Hechavarría,10459,26,SS,MIA,499,132,54,48,5,7,0.2809,0.3146,0.3745,87.6,7.6,1,31.3,396
2015,Addison Russell,14106,21,SS,CHC,523,115,60,54,13,4,0.2421,0.3065,0.3895,86.7,15.1,5.2,29.2,329
2015,Kolten Wong,12532,24,2B,STL,613,146,71,61,11,15,0.2621,0.3214,0.386,87.5,11.3,3,33.8,467
2015,Brandon Phillips,791,34,2B,CIN,623,173,69,70,12,23,0.2942,0.328,0.3946,86.2,10.7,2.3,26,524
2015,Jason Castro,8722,28,C,HOU,375,71,38,31,11,0,0.2107,0.2827,0.365,88.5,15.8,5.8,30.7,225
2015,Brett Gardner,9927,31,OF,NYY,656,148,94,66,16,20,0.2592,0.3426,0.3993,88.8,11.1,4,34.9,447
2015,Rougned Odor,12282,21,2B,TEX,470,111,54,61,16,6,0.2606,0.3162,0.4648,88.3,12.3,5.4,32.8,354
2015,Charlie Blackmon,7859,28,OF,COL,682,176,93,58,17,43,0.2866,0.3471,0.4495,86.8,15,3.7,29,511
2015,Eddie Rosario,12155,23,OF,MIN,474,121,60,50,13,11,0.2671,0.2887,0.4592,87.7,14.5,6.2,30.8,341
2015,Troy Tulowitzki,3531,30,SS,2 Tms,534,136,77,70,17,1,0.2798,0.3371,0.4403,90,12.7,5.3,40.4,376
2015,Ender Inciarte,4922,24,OF,ARI,561,159,73,45,6,21,0.3034,0.3381,0.4084,85.5,6.8,1.3,19.9,473
2015,Tyler Flowers,9134,29,C,CHW,361,79,21,39,9,0,0.2387,0.2953,0.3565,90.4,11.8,4.8,39.6,230
2015,Howie Kendrick,4229,31,2B,LAD,495,137,64,54,9,6,0.2953,0.336,0.4095,90.3,1.2,3.9,41.4,384
2015,Yadier Molina,7007,32,C,STL,530,132,34,61,4,3,0.2705,0.31,0.3504,86.4,10.4,2.3,25.3,439
2015,Christian Yelich,11477,23,OF,MIA,525,143,63,44,7,16,0.3004,0.3657,0.416,91.7,0,4.8,45.1,375
2015,Ben Revere,4712,27,OF,2 Tms,634,181,84,45,2,31,0.3057,0.3418,0.3767,83.1,5.1,0,14.6,536
2015,Yunel Escobar,4191,32,3B/SS,WSN,591,168,75,56,9,2,0.314,0.3746,0.415,89.7,4.3,3,36.3,468
2015,Dustin Pedroia,8370,31,2B,BOS,425,111,46,42,12,2,0.2913,0.3561,0.4409,88.1,9,3,25.4,334
2015,Franklin Gutierrez,3255,32,OF,SEA,189,50,27,35,15,0,0.2924,0.3545,0.6199,90.8,9.8,16.9,46.6,118
2015,Gregory Polanco,12907,23,OF,PIT,652,152,83,52,9,27,0.2563,0.3195,0.3811,89.9,10.4,4.4,39.8,475
2015,Carlos Gómez,4881,29,OF,2 Tms,477,111,61,56,12,17,0.2552,0.3143,0.4092,88.2,13.6,5,33.1,338
2015,Mitch Moreland,3086,29,1B,TEX,515,131,51,85,23,1,0.2781,0.3301,0.482,91.4,11.5,10.4,45.9,364
2015,Devon Travis,13862,24,2B,TOR,238,66,38,35,8,3,0.3041,0.3613,0.4977,88.1,5.4,8,36.9,176
2015,David Freese,9549,32,3B,LAA,470,109,53,56,14,1,0.2571,0.3234,0.4198,89,6.4,7.2,38.4,320
2015,Daniel Murphy,4316,30,1B/2B,NYM,538,140,56,73,14,2,0.2806,0.3216,0.4489,89.9,11.9,4.7,37.9,467
2015,Carlos Santana,2396,29,1B,CLE,666,127,72,85,19,11,0.2309,0.3574,0.3945,89.2,12.4,7.2,39.7,433
2015,Roberto Pérez,2900,26,C,CLE,226,42,30,21,7,0,0.2283,0.3484,0.4022,90.6,3.3,8.7,39.4,127
2015,Kendrys Morales,8610,32,1B/DH,KCR,639,165,81,106,22,0,0.29,0.3615,0.4851,91.9,10.1,8.9,47.4,470
2015,Caleb Joseph,7087,29,C,BAL,355,75,38,49,11,0,0.2344,0.2991,0.3938,87.7,16.3,5.6,31.7,252
2015,Jhonny Peralta,1738,33,SS,STL,640,159,64,71,17,1,0.2746,0.3344,0.4111,88.2,13.4,4.4,34,474
2015,Miguel Sanó,12164,22,1B/3B,MIN,335,75,46,52,18,1,0.2688,0.3851,0.5305,94.1,16.3,20.4,54.9,162
2015,Brock Holt,9345,27,2B/3B/OF,BOS,509,127,56,45,2,8,0.2797,0.3485,0.3789,86.6,7.8,0.6,24.2,363
2015,Grégor Blanco,3123,31,OF,SFG,372,95,59,26,5,13,0.2905,0.3683,0.4128,87.2,10.1,2.2,31.7,271
2015,Prince Fielder,4613,31,1B,TEX,693,187,78,98,23,0,0.3051,0.3781,0.4633,90.9,9.9,6.4,44.5,530
2015,Aaron Hicks,5297,25,OF,MIN,390,90,48,33,11,13,0.2557,0.3231,0.3977,88.8,11.9,3.1,33.3,288
2015,Juan Uribe,454,36,3B/SS,3 Tms,397,91,40,43,14,2,0.2528,0.3199,0.4167,88.8,10.7,5.7,35.6,281
2015,Adam Lind,8027,31,1B/DH,MIL,572,139,72,87,20,0,0.2769,0.3601,0.4602,89.5,10.8,7.2,36,405
2015,Cory Spangenberg,12294,24,2B/3B,SDP,345,82,38,21,4,9,0.2706,0.3333,0.3993,87.3,4.7,1.3,32.2,239
2015,Gerardo Parra,8553,28,OF,2 Tms,589,159,83,51,14,14,0.2907,0.3282,0.4516,88.2,9.3,3.2,30,464
2015,Eduardo Escobar,6153,26,3B,MIN,446,107,48,58,12,2,0.2616,0.3086,0.445,86.5,14,6.1,23.9,330
2015,Brandon Guyer,2636,29,OF,TBR,385,88,51,28,8,10,0.2651,0.3586,0.4127,87,13.5,3.3,29.1,275
2015,DJ LeMahieu,9874,26,2B,COL,620,170,85,61,6,23,0.3014,0.3582,0.3883,90.5,2.9,1.9,40,462
2015,Maikel Franco,12179,22,3B,PHI,335,85,45,50,14,1,0.2796,0.3433,0.4967,88.8,9.8,5.9,37.2,253
2015,Billy Burns,12701,25,OF,OAK,555,153,70,42,5,26,0.2942,0.3339,0.3923,83.2,8.1,0.5,14.7,442
2015,Jackie Bradley Jr.,12984,25,OF,BOS,255,55,43,43,10,3,0.2489,0.3346,0.4977,89.3,10.1,6.4,39.1,156
2015,Michael Conforto,16376,22,OF,NYM,194,47,30,26,9,0,0.2701,0.3351,0.5057,92.3,13.4,9.5,47.4,137
2015,Seth Smith,7331,32,OF,SEA,452,98,54,42,12,0,0.2481,0.3304,0.443,89.9,11.7,7.9,42.4,302
2015,Elvis Andrus,8709,26,SS,TEX,661,154,69,62,7,25,0.2584,0.3093,0.3574,87.3,10.1,1.5,27.1,535
2015,Austin Jackson,9848,28,OF,2 Tms,527,131,56,48,9,17,0.2668,0.3111,0.3849,89.6,7.3,3.8,39.8,369
2015,Stephen Vogt,5000,30,C,OAK,511,116,58,71,18,0,0.2607,0.3405,0.4427,86.9,16.4,5.6,30.1,356
2015,Kyle Schwarber,16478,22,DH/OF,CHC,273,57,52,43,16,3,0.2457,0.3553,0.4871,91.9,15.5,12.2,42.3,156
2015,Danny Espinosa,9219,28,2B/SS,WSN,412,88,59,37,13,5,0.2398,0.3105,0.4087,86.3,12.7,6.4,28.5,267
2015,Ketel Marte,13613,21,2B,SEA,247,62,25,17,2,8,0.2831,0.351,0.4018,87.2,6.8,1.7,27.8,180
2015,Yangervis Solarte,5352,27,2B/3B,SDP,571,142,63,63,14,1,0.27,0.3199,0.4278,88.1,11.5,2.1,31.4,475
2015,Jake Marisnick,11339,24,OF,HOU,372,80,46,36,9,24,0.236,0.2814,0.3835,85.7,13.9,5.3,26.2,244
2015,Carlos Beltrán,589,38,OF,NYY,531,132,57,67,19,0,0.2762,0.3371,0.4707,90.6,15.6,5.8,41.9,399
2015,Wilmer Flores,5827,23,1B,NYM,510,127,55,59,16,0,0.2629,0.2953,0.4079,86.4,14.6,1.9,25.7,424
2015,Albert Pujols,1177,35,1B,LAA,661,147,85,95,40,5,0.2442,0.3071,0.4801,90.7,14.2,7.7,38.3,533
2015,Jonathan Lucroy,7870,29,C,MIL,415,98,51,43,7,1,0.2642,0.3261,0.3908,88.8,9.7,4.1,33.8,314
2015,Delino DeShields,11379,22,OF,TEX,492,111,83,37,2,25,0.2612,0.3443,0.3741,85.8,10.2,1.2,22.4,335
2015,Chase Headley,4720,31,3B,NYY,642,150,74,62,11,0,0.2586,0.324,0.369,86.8,11.9,5.1,32.5,449
2015,Denard Span,8347,31,OF,WSN,275,74,38,22,5,11,0.3008,0.365,0.4309,87.7,7,2.7,32.7,223
2015,Tommy Pham,2967,27,OF,STL,173,41,28,18,5,2,0.268,0.3468,0.4771,91.7,6.8,11.5,44.2,113
2015,Freddy Galvis,6609,25,SS,PHI,603,147,63,50,7,10,0.263,0.302,0.3435,86.1,13.2,2.1,22.1,467
2015,Andrés Blanco,1907,31,2B/SS,PHI,261,68,32,25,7,1,0.2918,0.3605,0.5021,87.1,10.5,5.2,26.6,192
2015,Geovany Soto,3707,32,C,CHW,210,41,20,21,9,0,0.2193,0.3014,0.4064,90.1,13.4,7.2,42.4,125
2015,Luis Valbuena,4969,29,3B,HOU,493,97,62,56,25,1,0.2235,0.3103,0.4378,89.5,17.4,8.8,39.3,331
2015,Enrique Hernández,10472,23,OF,LAD,218,62,24,22,7,0,0.3069,0.3456,0.4901,90.4,11,5,43.4,159
2015,Jose Iglesias,10231,25,SS,DET,454,125,44,23,2,11,0.3005,0.3467,0.3702,83.7,4.5,0,18.7,379
2015,Corey Seager,13624,21,SS,LAD,113,33,17,17,4,2,0.3367,0.4248,0.5612,90.4,9.2,10.1,41.8,79
2015,Lonnie Chisenhall,7571,26,3B/OF,CLE,362,82,38,44,7,4,0.2462,0.2944,0.3724,85.7,16.5,3.3,30.5,269
2015,Yasiel Puig,14225,24,OF,LAD,311,72,30,38,11,3,0.2553,0.3215,0.4362,89.3,12.2,8.8,36.9,217
2015,Alcides Escobar,6310,28,SS,KCR,662,157,76,47,3,17,0.2565,0.2934,0.3203,84.6,9.6,0.9,16.5,553
2015,B.J. Upton,5015,30,OF,SDP,228,53,23,17,5,9,0.2585,0.3274,0.4293,88.8,12,6.2,37.2,145
2015,Mikie Mahtook,13130,25,OF,TBR,115,31,22,19,9,4,0.2952,0.3509,0.619,91.3,14.3,12,42.7,75
2015,Marlon Byrd,950,37,OF,2 Tms,544,125,58,73,23,2,0.247,0.2904,0.4526,86.3,12.1,8.5,31.1,366
2015,Aaron Altherr,11270,24,OF,PHI,161,33,25,22,5,6,0.2409,0.3375,0.4891,90.9,11.6,3,43.4,99
2015,Travis Shaw,11982,25,3B,BOS,248,61,31,36,13,0,0.2699,0.3266,0.4867,88.6,15.4,7.6,36.8,171
2015,Steven Souza Jr.,5667,26,OF,TBR,426,84,59,40,16,12,0.2252,0.3176,0.3995,88.9,13.9,9.5,39,231
2015,Marwin Gonzalez,5497,26,SS,HOU,370,96,44,34,12,4,0.2791,0.3168,0.4419,88.8,11.2,3.6,34.3,277
2015,Marcell Ozuna,10324,24,DH/OF,MIA,494,119,47,44,10,2,0.2593,0.3077,0.3834,91.8,7.2,6,45,351
2015,Johnny Giavotella,6740,27,2B,LAA,502,123,51,49,4,2,0.2715,0.3185,0.3753,85.8,10,1,19.6,409
2015,Marcus Semien,12533,24,2B/SS,OAK,601,143,65,45,15,11,0.2572,0.31,0.4047,87.1,13.6,4.5,28.9,426
2015,Jake Lamb,13329,24,3B,ARI,390,92,38,34,6,3,0.2629,0.3308,0.3857,89.6,11.8,6.3,37.9,256
2015,Chris Iannetta,8267,32,C,LAA,317,51,28,34,10,0,0.1875,0.2934,0.3346,89.6,16.3,6.8,35.4,192
2015,Josh Phegley,9308,27,C,OAK,243,56,27,34,9,0,0.2489,0.3004,0.4489,85.7,15.8,4,27.4,175
2015,Trayce Thompson,9952,24,OF,CHW,135,36,17,16,5,1,0.2951,0.363,0.5328,88.1,11.4,8.3,36.5,96
2015,Ian Desmond,6885,29,SS/OF,WSN,641,136,69,62,19,13,0.2333,0.2898,0.3842,90.8,6.4,6.9,41.1,406
2015,Chris Colabello,13051,31,1B/OF,TOR,360,107,55,54,15,2,0.3213,0.3667,0.5195,90,9.7,9.2,43.9,239
2015,Nick Markakis,5930,31,OF,ATL,686,181,73,53,3,2,0.2958,0.3703,0.3758,88.3,6.8,0.8,33.6,530
2015,Jarrod Dyson,4866,30,OF,KCR,225,50,31,18,2,26,0.25,0.3105,0.38,83.8,5.2,0.6,20,170
2015,Stephen Piscotty,13367,24,OF,STL,256,71,29,39,7,2,0.3047,0.3594,0.4936,89.8,12,9.5,41.3,179
2015,Ryan Raburn,2218,34,OF,CLE,201,52,22,29,8,0,0.3006,0.393,0.5434,90.7,11.6,9.2,47.7,130
2015,César Hernández,10556,25,2B,PHI,452,110,57,35,1,19,0.2716,0.3393,0.3481,85.9,6,1.2,26.9,324
2015,Josh Harrison,8202,27,2B/3B,PIT,449,120,57,28,4,10,0.2871,0.3274,0.39,86.4,12,1.4,24.4,352
2015,Brad Miller,12775,25,SS,SEA,497,113,44,46,11,13,0.258,0.3286,0.4018,90,8.4,4.3,40.1,347
2015,Cameron Maybin,5223,28,OF,ATL,555,135,65,59,10,23,0.2673,0.3267,0.3703,88.2,2.1,2.7,35.9,407
2015,Mark Canha,11445,26,OF,OAK,485,112,61,70,16,7,0.254,0.3155,0.4263,89.3,12.8,7.8,36.2,348
2015,Jonathan Schoop,11265,23,2B,BAL,321,85,34,39,15,2,0.2787,0.30620000000000003,0.482,89.8,12.7,8.7,40.6,229
2015,Ryan Goins,9807,27,2B/SS,TOR,428,94,52,45,5,2,0.25,0.3183,0.3537,87.3,4.6,2.6,32.1,305
2015,Zack Cozart,2616,29,SS,CIN,214,50,28,28,9,3,0.2577,0.3099,0.4588,85.9,17,3,22.5,169
2015,Hunter Pence,8252,32,OF,SFG,223,57,30,40,9,4,0.2754,0.3274,0.4783,90.1,2.1,13.2,39,159
2015,Nick Hundley,3376,31,C,COL,389,110,45,43,10,5,0.3005,0.3393,0.4672,89.1,11.2,3.8,35.1,291
2015,Norichika Aoki,13075,33,OF,SFG,392,102,42,26,5,14,0.2873,0.3529,0.3803,85.4,1.8,0.9,19.6,331
2015,Billy Hamilton,10199,24,OF,CIN,454,93,56,28,4,57,0.2257,0.2742,0.2888,83.7,11,0.6,8.9,350
2015,Khris Davis,9112,27,DH/OF,MIL,440,97,54,66,27,6,0.2474,0.3227,0.5051,89.8,12.5,14.7,42.9,273
2015,Curt Casali,12510,26,C,TBR,113,24,13,18,10,0,0.2376,0.3036,0.5941,91.1,16.3,8.7,43.5,69
2015,Kevin Plawecki,13807,24,C,NYM,258,51,18,21,3,0,0.2189,0.2802,0.2961,88.6,10.1,3.4,32.2,177
2015,Rubén Tejada,5519,25,SS,NYM,407,94,36,28,3,2,0.2611,0.3383,0.35,85,12.5,2.4,23.8,294
2015,Kelby Tomlinson,13005,25,2B,SFG,193,54,23,20,2,5,0.3034,0.3575,0.4045,87.3,4.2,0,31.2,138
2015,Eduardo Núñez,6848,28,3B/SS,MIN,204,53,23,20,4,8,0.2819,0.3267,0.4309,88.7,2.8,2.5,31.5,162
2015,Chris Stewart,3878,33,C,PIT,172,46,9,15,0,0,0.2893,0.3195,0.3396,83.2,7.9,0,16.3,135
2015,Greg Bird,14131,22,1B,NYY,178,41,26,31,11,0,0.2611,0.3427,0.5287,93,21.3,15.2,53.3,105
2015,Jed Lowrie,4418,31,2B/SS,HOU,263,51,35,30,9,1,0.2217,0.3118,0.4,89,16.2,2.6,34.9,189
2015,Jacoby Ellsbury,4727,31,OF,NYY,501,116,66,33,7,21,0.2566,0.3179,0.3451,86.5,11.6,3,28.4,370
2015,Mark Trumbo,6876,29,1B/DH/OF,2 Tms,545,133,62,64,22,0,0.2618,0.3101,0.4488,92,13.3,9.8,43,377
2015,Will Venable,211,32,OF,2 Tms,390,85,40,33,6,16,0.2436,0.3196,0.3496,87,3.9,2.3,33.5,257
2015,Aramis Ramirez,1002,37,3B,2 Tms,516,117,43,75,17,1,0.2463,0.2965,0.4232,87.4,15.8,5.6,34.5,412
2015,Anthony Rendon,12861,25,3B,WSN,355,82,43,25,5,1,0.2637,0.3437,0.3633,90.3,10.1,4.9,35.5,245
2015,Martín Maldonado,6887,28,C,MIL,256,48,19,22,4,0,0.2096,0.2824,0.2926,87.5,10.8,2.4,30.5,167
2015,Jace Peterson,12325,25,2B/3B,ATL,597,126,55,52,6,12,0.2386,0.3136,0.3352,87.1,9.8,3.3,26.3,418
2015,Rajai Davis,3708,34,OF,DET,370,88,55,30,8,18,0.2581,0.30620000000000003,0.4399,86.7,12.4,3,28.3,269
2015,Yonder Alonso,2530,28,1B,SDP,402,100,50,31,5,2,0.2825,0.3607,0.3814,87.8,7.4,3.2,33.7,309
2015,David Wright,3787,32,3B,NYM,174,44,24,17,5,2,0.2895,0.3793,0.4342,89.3,14.4,9.5,40.9,116
2015,Matt Kemp,5631,30,OF,SDP,648,158,80,100,23,12,0.2651,0.3117,0.443,89.5,12,8.3,40.5,457
2015,Phil Gosselin,10953,26,2B/3B,2 Tms,118,33,19,15,3,2,0.3113,0.3729,0.5,87.1,6.3,5.5,33,91
2015,Wil Myers,10047,24,1B/OF,SDP,253,57,40,29,8,5,0.2533,0.336,0.4267,89.5,9.8,7.1,40,170
2015,Nick Ahmed,12147,25,SS,ARI,459,95,49,34,9,4,0.2257,0.2753,0.3587,86,12.4,1.7,22.4,348
2015,Jedd Gyorko,10816,26,2B/3B,SDP,458,104,34,57,16,0,0.247,0.2969,0.3967,88.8,14.1,6.3,35.4,319
2015,Scott Van Slyke,4365,28,OF,LAD,253,53,19,30,6,3,0.2387,0.3175,0.3829,88.2,17.1,5.5,31.7,164
2015,A.J. Pierzynski,746,38,C,ATL,436,122,38,49,9,0,0.2998,0.3394,0.43,85.4,10.5,3.5,25.7,373
2015,Blake Swihart,13176,23,C/OF,BOS,309,79,47,31,5,4,0.2743,0.3192,0.3924,86.8,10.3,2.8,27.2,213
2015,Erick Aybar,4082,31,SS,LAA,638,161,74,44,3,15,0.2697,0.3011,0.3384,85.7,6.6,0.9,19.4,536
2015,Brett Lawrie,5247,25,2B/3B,OAK,602,146,64,60,16,5,0.2598,0.2988,0.4075,90,7.4,4.7,39.1,425
2015,Hank Conger,2505,27,C,HOU,229,46,25,33,11,0,0.2289,0.3114,0.4478,88.9,19.6,7.1,34.8,141
2015,Abraham Almonte,5486,26,OF,2 Tms,258,58,36,24,5,7,0.25,0.3098,0.4095,88.8,6.8,5.9,34.1,185
2015,Matt Holliday,1873,35,OF,STL,277,64,24,35,4,2,0.2795,0.3935,0.4105,90.4,8.1,4.9,39.9,183
2015,Ben Paulsen,9741,27,1B,COL,354,90,42,49,11,1,0.2769,0.3258,0.4615,88.3,10.7,5.9,34.2,237
2015,Eugenio Suárez,12552,23,3B,CIN,398,104,42,48,13,4,0.2796,0.3147,0.4462,88.6,14.8,5.3,33.5,284
2015,Alejandro De Aza,3371,31,OF,3 Tms,365,85,51,35,7,7,0.2615,0.3333,0.4215,86.8,14.8,2.9,23.3,245
2015,Ryan Zimmerman,4220,30,1B/3B,WSN,390,86,43,73,16,1,0.2486,0.3077,0.4653,91.8,8,9.7,48.4,277
2015,Chris Young,3882,31,OF,NYY,356,80,53,42,14,3,0.2516,0.3201,0.4528,85.6,19.4,4.8,26,250
2015,John Ryan Murphy,10346,24,C,NYY,172,43,21,14,3,0,0.2774,0.3275,0.4065,89.7,8.4,5.2,42.2,116
2015,Robinson Chirinos,3142,31,C,TEX,273,54,33,34,10,0,0.2318,0.3246,0.4378,87,16.2,7.9,33.7,178
2015,Salvador Perez,7304,25,C,KCR,553,138,52,70,21,1,0.2599,0.2803,0.4256,87.3,13,5.3,32.6,454
2015,Ryan Hanigan,4952,34,C,BOS,201,43,28,16,2,0,0.2471,0.3367,0.3276,85.7,9.2,0.7,22.6,137
2015,Mike Zunino,13265,24,C,SEA,386,61,28,28,11,0,0.1743,0.2302,0.3,88.8,21.8,8.8,33.8,228
2015,Paulo Orlando,8628,29,OF,KCR,251,60,31,27,7,3,0.249,0.2691,0.444,87.9,10.3,5.2,37.7,191
2015,Tucker Barnhart,10200,24,C,CIN,274,61,23,18,3,0,0.2521,0.3235,0.3264,85.6,8.5,0.5,19.3,202
2015,Torii Hunter,731,39,OF,MIN,567,125,67,81,22,2,0.2399,0.2928,0.4088,88.5,10.8,5,34.9,421
2015,Miguel Rojas,7802,26,SS,MIA,157,40,13,17,1,0,0.2817,0.329,0.3662,87.8,4.4,0,30.8,130
2015,Leonys Martin,11846,27,OF,TEX,310,63,26,25,5,14,0.2188,0.2638,0.3125,87.9,8.7,2.2,30,223
2015,John Jaso,5887,31,C,TBR,216,53,23,22,5,1,0.2865,0.3796,0.4595,90.6,7.7,9.5,38.5,148
2015,Adonis García,13777,30,3B,ATL,198,53,20,26,10,0,0.2775,0.2929,0.4974,89.1,8.1,8.2,42.4,158
2015,Justin Smoak,9054,28,1B,TOR,328,67,44,59,18,0,0.2264,0.2988,0.4696,91,11.4,12.8,46.4,211
2015,Jason Rogers,11773,27,1B,MIL,169,45,22,16,4,0,0.2961,0.3669,0.4408,90.4,7.4,5.9,46.6,118
2015,José Reyes,1736,32,SS,2 Tms,519,132,57,53,7,24,0.2744,0.3098,0.3784,84.6,13.4,0.2,18.6,431
2015,Chris Gimenez,7324,32,C,TEX,113,25,19,14,5,2,0.2551,0.3303,0.4898,87,15.2,7.2,28.9,83
2015,Corey Dickerson,10762,26,OF,COL,234,68,30,31,10,0,0.3036,0.3333,0.5357,89.7,14.5,10.7,38.1,168
2015,Anthony Gose,5097,24,OF,DET,535,123,73,26,5,23,0.2536,0.3208,0.367,88.2,6.1,2.3,30.7,342
2015,Derek Dietrich,10542,25,2B/OF,MIA,289,64,38,24,10,0,0.256,0.346,0.456,87.2,15.7,9,35.6,188
2015,Brett Wallace,8434,28,1B,SDP,107,29,14,16,5,0,0.3021,0.3738,0.5208,88.6,11.7,13.8,41.5,65
2015,Starlin Castro,4579,25,2B/SS,CHC,578,145,52,69,11,5,0.2651,0.2964,0.3748,86.3,7.1,4.3,28,461
2015,Welington Castillo,3256,28,C,3 Tms,378,81,42,57,19,0,0.2368,0.2963,0.4532,89.3,12.5,10.6,36.5,255
2015,Clint Robinson,6908,30,1B/OF,WSN,352,84,44,34,10,0,0.2718,0.358,0.4239,89.9,11.8,5,35.7,258
2015,Yan Gomes,9627,27,C,CLE,389,84,38,45,12,0,0.2314,0.2674,0.3912,87.5,17.7,6.4,32.8,265
2015,Juan Lagares,5384,26,OF,NYM,465,114,47,41,6,7,0.2585,0.2888,0.3583,90.7,8.2,1.7,40.2,358
2015,Carlos Pérez,10642,24,C,LAA,283,65,20,21,4,2,0.25,0.2989,0.3462,86.2,12.2,0.9,23.7,215
2015,Preston Tucker,13633,24,OF,HOU,323,73,35,33,13,0,0.2433,0.2972,0.4367,89.8,9.8,5.6,38.8,232
2015,Domingo Santana,10348,22,OF,2 Tms,187,38,20,26,8,4,0.2375,0.3369,0.43120000000000003,87.6,6.8,14.1,34.3,99
2015,Joey Gallo,14128,21,OF,TEX,123,22,16,14,6,3,0.2037,0.3008,0.4167,91.1,15.2,15.7,51,51
2015,Austin Hedges,12976,22,C,SDP,152,23,13,11,3,0,0.1679,0.2148,0.2482,88.1,12.8,1,24.8,105
2015,A.J. Ellis,5677,34,C,LAD,217,43,24,21,7,0,0.2376,0.3551,0.4033,87.7,9.8,6.8,32.2,146
2015,Andrew Romine,1159,29,3B/SS,DET,203,47,25,15,2,10,0.2554,0.3065,0.3152,85.6,3.6,0,22.4,143
2015,Justin Morneau,1737,34,1B,COL,182,52,19,15,3,0,0.3095,0.3626,0.4583,88.7,9.9,5.6,39.2,143
2015,Justin Bour,9744,27,1B,MIA,446,107,42,73,23,0,0.2616,0.3206,0.4792,90.8,8.7,8.7,43,309
2015,José Ramírez,13510,22,3B,CLE,355,69,50,27,6,10,0.219,0.2914,0.3397,86.7,11.9,1.8,24,283
2015,Nick Castellanos,11737,23,3B/OF,DET,595,140,42,73,15,0,0.255,0.3025,0.4189,88.3,16.9,7.7,34.5,403
2015,Cameron Rupp,11146,26,C,PHI,299,63,24,28,9,0,0.2333,0.301,0.3741,88.8,14.2,7.5,34.8,201
2015,Pedro Álvarez,2495,28,3B,PIT,491,106,60,77,27,2,0.2426,0.3177,0.4691,91.9,7.1,12.3,47.1,310
2015,Dilson Herrera,14335,21,2B,NYM,103,19,7,6,3,2,0.2111,0.3107,0.3667,84.9,17.1,3,25.4,67
2015,C.J. Cron,12546,25,1B,LAA,404,99,37,51,16,3,0.2619,0.3002,0.4392,88.3,11.9,8.7,35.8,299
2015,Matthew den Dekker,11385,27,OF,WSN,110,25,12,12,5,0,0.2525,0.3148,0.4848,88.8,14,7.4,35.8,81
2015,Chris Denorfia,4400,34,OF,CHC,231,57,18,18,3,0,0.2689,0.3188,0.3726,88.1,5.5,3.8,37.1,159
2015,Justin Ruggiano,7620,33,OF,2 Tms,141,31,20,15,6,5,0.248,0.3333,0.472,92,13.9,14.3,42.9,84
2015,Jimmy Rollins,971,36,SS,LAD,563,116,71,41,13,12,0.2244,0.2847,0.3578,85.7,16.2,2.5,23.1,433
2015,Nolan Reimold,3441,31,OF,BAL,195,42,24,20,6,0,0.2471,0.3436,0.3941,86,10.9,7.3,28.5,123
2015,Jordy Mercer,6547,28,SS,PIT,430,96,34,34,3,3,0.2437,0.2934,0.3198,87.2,8.3,2.1,29.3,328
2015,Jake Smolinski,5408,26,OF,2 Tms,192,32,24,26,6,1,0.1928,0.2812,0.3675,87.5,13.7,4.6,30.5,131
2015,Brandon Moss,4467,31,1B/OF,2 Tms,526,106,47,58,19,0,0.226,0.3042,0.4072,89.1,19.8,11.7,39.5,324
2015,Josh Hamilton,1875,34,OF,TEX,182,43,22,25,8,0,0.2529,0.2912,0.4412,88.2,9.1,8.3,39.2,120
2015,Eric Sogard,7927,29,2B,OAK,401,92,40,37,1,6,0.2473,0.294,0.3038,85.5,11.6,0.3,18.7,326
2015,Tyler Collins,12723,25,OF,DET,207,51,18,25,4,2,0.2656,0.3155,0.4167,87.8,14.2,5.3,31.3,150
2015,Stephen Drew,4251,32,SS,NYY,428,77,43,44,17,0,0.201,0.2712,0.3812,86.4,16.9,3.1,25.7,319
2015,Carl Crawford,1201,33,OF,LAD,193,48,19,16,4,10,0.2652,0.3037,0.4033,89.8,9.9,7.1,41.4,140
2015,Gordon Beckham,9015,28,2B,CHW,237,44,24,20,6,0,0.2085,0.2754,0.3318,84.7,11.4,1.2,23.1,173
2015,Matt Wieters,4298,29,C,BAL,282,69,24,25,8,0,0.2674,0.3191,0.4225,87,11.7,6.2,32.5,194
2015,Joe Mauer,1857,32,C/1B,MIN,666,157,69,66,10,2,0.2652,0.3383,0.3801,89.5,4.4,3.7,39.9,486
2015,Joey Butler,7799,29,DH/OF,TBR,276,71,30,30,8,5,0.2763,0.3261,0.4163,90.1,2.4,6.3,39.4,175
2015,Mike Napoli,3057,33,C/1B,2 Tms,469,91,46,50,18,3,0.2236,0.3241,0.4103,88.5,15.6,8.3,38.3,290
2015,Chris Carter,9911,28,1B/DH,HOU,460,78,50,64,24,1,0.1995,0.3072,0.4271,91.2,21,15.5,46.9,245
2015,Kelly Johnson,2234,33,2B,2 Tms,335,82,38,47,14,2,0.2645,0.3144,0.4355,87,12.6,8.3,33.9,230
2015,Tyler Saladino,10807,25,3B/SS,CHW,254,53,33,20,4,8,0.2246,0.2669,0.3347,86.2,6.6,2.1,34.4,189
2015,Desmond Jennings,1965,28,OF,TBR,108,26,9,7,1,5,0.268,0.3241,0.3402,86.8,2.1,1.2,26.8,82
2015,Evan Gattis,11003,28,C/DH,HOU,604,139,66,88,27,0,0.2456,0.2848,0.4629,88.9,10.5,7.1,39.2,452
2015,Pedro Ciriaco,5278,29,3B/SS,ATL,151,37,14,15,1,4,0.2606,0.2752,0.3521,82.3,11.5,2.8,14.7,109
2015,Bobby Wilson,6564,32,C,2 Tms,147,25,8,14,1,0,0.1894,0.2552,0.25,82.5,8.9,1,22.9,96
2015,David Ross,1551,38,C,CHC,182,28,6,9,1,1,0.1761,0.2667,0.2516,87.7,18.3,5.9,33.7,101
2015,Jorge Soler,14221,23,DH/OF,CHC,404,96,39,47,10,3,0.2623,0.3243,0.3989,91.7,11.1,10.1,43.1,248
2015,Iván De Jesús Jr.,9886,28,2B,CIN,222,49,15,28,4,0,0.2438,0.3108,0.3731,86.3,4.8,2.7,28.6,147
2015,David Murphy,6035,33,OF,2 Tms,391,102,38,50,10,0,0.2825,0.3178,0.4211,88.3,7.7,3.1,35.2,318
2015,Jay Bruce,9892,28,OF,CIN,649,131,72,87,26,9,0.2259,0.2943,0.4345,89.7,15.6,8.1,37.6,444
2015,Dioner Navarro,3179,31,C,TOR,192,42,17,20,5,0,0.2456,0.3073,0.3743,87.2,15.5,5.5,27.4,146
2015,Christian Colón,11145,26,2B/3B,KCR,119,31,8,6,0,3,0.2897,0.3559,0.3364,84.7,9.6,0,19.8,91
2015,Ryan Flaherty,7888,28,2B/3B,BAL,301,54,34,31,9,0,0.2022,0.2809,0.3558,89.3,10.1,6.3,32.1,190
2015,Jonathan Villar,10071,24,2B/SS,HOU,128,33,18,11,2,7,0.2845,0.3386,0.4138,90.7,2.8,3.4,38.2,89
2015,Elian Herrera,5432,30,2B/3B/OF,MIL,277,62,29,33,7,3,0.2422,0.2899,0.3945,84.8,15.5,2.7,25.7,187
2015,Cole Gillespie,5888,31,OF,MIA,157,42,17,16,2,4,0.2897,0.3333,0.4276,86.3,6.5,2.5,33.3,120
2015,Jimmy Paredes,5481,26,3B/DH/OF,BAL,384,100,46,42,10,4,0.2755,0.3099,0.416,90.1,8.2,5.5,42.9,254
2015,J.T. Realmuto,11739,24,C,MIA,467,114,49,47,10,8,0.2585,0.2897,0.4059,88.4,8.9,4.3,34.3,376
2015,Michael Cuddyer,1534,36,OF,NYM,408,98,44,41,10,2,0.2586,0.3088,0.3905,87.5,7.8,4.5,30.8,292
2015,Shane Peterson,7423,27,OF,MIL,226,52,22,16,2,0,0.2587,0.3243,0.3532,89.4,6.9,2.7,40,150
2015,Ehire Adrianza,8418,25,3B/SS,SFG,134,21,11,11,0,3,0.1858,0.303,0.2655,83.8,11.7,1.1,22.1,95
2015,Scooter Gennett,10339,25,2B,MIL,391,99,42,29,6,1,0.264,0.2941,0.3813,85.2,11.3,1,22.5,307
2015,Clint Barmes,1830,36,2B/SS,SDP,224,48,24,16,3,0,0.2319,0.2805,0.3527,83.7,20.6,2.6,15.5,155
2015,Daniel Castro,15450,22,2B/SS,ATL,100,23,14,5,2,0,0.2396,0.2626,0.3438,81.9,5.7,0,11,82
2015,Shane Robinson,4249,30,OF,MIN,197,45,28,16,0,6,0.25,0.299,0.3222,84.1,8.4,0.6,21.9,155
2015,Andrew Susac,13132,25,C,SFG,148,29,14,14,3,0,0.218,0.2973,0.3684,89.7,8.2,6.7,37.8,90
2015,Eury Pérez,10299,25,OF,ATL,133,32,10,5,0,3,0.2689,0.3308,0.3025,82.7,4.9,1,16.2,99
2015,Alexei Ramirez,5133,33,SS,CHW,622,145,54,62,10,17,0.2487,0.285,0.3568,84.7,8.6,1,22.2,522
2015,Jesús Sucre,5942,27,C,SEA,142,20,9,7,1,0,0.1575,0.1955,0.2283,86,11.3,0.9,25.2,115
2015,Drew Stubbs,9328,30,OF,2 Tms,140,24,20,10,5,5,0.1951,0.2826,0.3821,89.8,18.2,7.7,33.8,65
2015,Steve Pearce,9957,32,1B/OF,BAL,325,64,42,40,15,1,0.2177,0.2892,0.4218,86.9,19.5,5.3,31.9,226
2015,Ezequiel Carrera,9048,28,OF,TOR,192,47,27,26,3,2,0.2733,0.3209,0.3721,86.6,3.2,5.2,31.3,134
2015,Chase Utley,1679,36,2B,2 Tms,423,79,37,39,8,4,0.2118,0.2861,0.3432,88.6,13.3,2.8,34.4,317
2015,Michael Bourn,6387,32,OF,2 Tms,482,101,39,30,0,17,0.2376,0.3101,0.2824,85.8,9.2,1.8,18.5,329
2015,Sam Fuld,8254,33,OF,OAK,325,57,34,22,2,9,0.1966,0.2755,0.2931,85.2,3.2,1.3,21.8,238
2015,Travis Snider,2830,27,OF,2 Tms,265,55,24,28,4,1,0.2321,0.3132,0.3502,88.3,10.1,3.5,38,171
2015,Michael McKenry,9628,30,C,COL,152,26,20,17,4,2,0.2047,0.3289,0.4016,90.2,15.7,10.3,36.8,87
2015,Dan Uggla,3442,35,2B,WSN,141,22,12,16,2,0,0.1833,0.2979,0.3,89.8,17,6.2,43.2,81
2015,Jerry Sands,4016,27,OF,CLE,133,29,11,19,4,0,0.2358,0.2857,0.3902,90.8,10.1,5.7,40.9,88
2015,Rusney Castillo,17016,27,OF,BOS,289,69,35,29,5,4,0.2527,0.2882,0.359,88.2,0.9,2.7,32.1,221
2015,Melky Cabrera,4022,30,OF,CHW,683,172,70,77,12,3,0.2734,0.3142,0.3943,89.6,9.7,2.4,36.2,553
2015,Jean Segura,5933,25,2B/SS,MIL,584,144,57,50,6,25,0.2571,0.2806,0.3357,86.9,4.3,1.3,27.1,472
2015,Dalton Pompey,12797,22,OF,TOR,103,21,17,6,2,5,0.2234,0.2913,0.3723,86.7,13.7,2.8,26.8,71
2015,Byron Buxton,14161,21,OF,MIN,138,27,16,6,2,2,0.2093,0.25,0.3256,86.4,12.5,3.4,21.8,87
2015,Jarrod Saltalamacchia,5557,30,C,2 Tms,227,45,26,24,9,0,0.225,0.3097,0.435,90.6,19.7,14.3,42.1,133
2015,Tim Beckham,7949,25,SS,TBR,223,45,24,37,9,3,0.2217,0.2735,0.4286,87,8.8,5.8,37.7,138
2015,Matt Adams,9393,26,1B,STL,186,42,14,24,5,1,0.24,0.2796,0.3771,89.1,11.6,5.9,34.8,135
2015,Yolmer Sánchez,11602,23,2B/3B,CHW,420,87,40,31,5,2,0.2237,0.2681,0.3265,85.4,6.6,1.3,20.6,315
2015,Carlos Corporán,5587,31,C,TEX,121,19,10,15,3,0,0.1776,0.2437,0.2991,85.9,16.8,1.4,23.9,71
2015,J.J. Hardy,3797,32,SS,BAL,437,90,45,37,8,0,0.219,0.2529,0.3114,87.2,9.6,1.5,30.7,329
2015,Logan Morrison,9205,27,1B/OF,SEA,511,103,47,54,17,8,0.2254,0.302,0.3829,89.9,11.7,6.9,37.7,379
2015,Shane Victorino,1677,34,OF,2 Tms,204,41,19,7,1,7,0.2303,0.3085,0.2921,83.4,17,0,17.9,151
2015,Chris Parmelee,2554,27,1B/OF,BAL,102,21,11,9,4,0,0.2165,0.2549,0.433,88.7,26,7,39.4,71
2015,Gio Urshela,10681,23,3B,CLE,288,60,25,21,6,0,0.2247,0.2787,0.3296,87.2,14.8,4.3,33.8,210
2015,Jose Lobatón,4243,30,C,WSN,155,27,11,20,3,0,0.1985,0.2792,0.2941,87.4,11.2,6.1,29.3,99
2015,Steve Clevenger,9542,29,C,BAL,105,29,11,15,2,0,0.2871,0.3143,0.4257,89.8,9.1,2.3,31.8,88
2015,Kirk Nieuwenhuis,6400,27,OF,2 Tms,141,25,21,14,4,2,0.1953,0.2695,0.375,90.7,9.1,7.6,41.8,79
2015,Mark Reynolds,7619,31,1B/3B,STL,432,88,35,48,13,2,0.2304,0.3148,0.3979,87.7,13.2,8.4,33.1,263
2015,Hanser Alberto,11902,22,2B/3B,TEX,104,22,12,4,0,1,0.2222,0.2376,0.2626,80.5,8.8,0,12.9,85
2015,Michael A. Taylor,11489,24,OF,WSN,511,108,49,63,14,16,0.2288,0.2824,0.3581,88.7,9.8,6.3,35.6,317
2015,Alex Guerrero,15670,28,3B/OF,LAD,230,51,25,36,11,1,0.2329,0.2609,0.4338,86.9,14.7,7.9,32.9,164
2015,Jeff Mathis,3448,32,C,MIA,103,15,9,12,2,0,0.1613,0.2136,0.2903,85.8,12.9,1.4,29.2,72
2015,Aaron Hill,6104,33,2B,ARI,353,72,32,39,6,7,0.23,0.2946,0.345,88.3,12.3,2.2,29.6,267
2015,Jayson Werth,1327,36,OF,WSN,378,73,51,42,12,0,0.2205,0.3016,0.3837,90,15.3,7.9,40.7,253
2015,Justin Maxwell,6827,31,OF,SFG,274,52,26,26,7,2,0.2088,0.2747,0.3414,88.3,10.3,5.1,32,175
2015,Ángel Pagán,2918,33,OF,SFG,551,134,55,37,3,12,0.2617,0.3031,0.332,86.3,11.6,0.7,22.6,425
2015,Alex Rios,2090,34,OF,KCR,411,98,40,32,4,9,0.2545,0.2871,0.3532,88.3,15.2,2.5,31.8,324
2015,Tuffy Gosewisch,5277,31,C,ARI,138,27,9,13,1,2,0.2109,0.2609,0.2812,87.2,9.2,0,27.4,106
2015,Ryan Howard,2154,35,1B,PHI,503,107,53,77,23,0,0.2291,0.2769,0.4433,91.3,14.9,11.7,45.2,332
2015,JB Shuck,6677,28,OF,CHW,165,38,15,15,0,7,0.2657,0.3395,0.3497,83.9,3.4,0,23.5,132
2015,Micah Johnson,13809,24,2B,CHW,114,23,10,4,0,3,0.23,0.3063,0.27,87.2,1.2,1.4,18.1,72
2015,Taylor Featherston,12590,25,2B/3B,LAA,169,25,23,9,2,4,0.1623,0.2121,0.2468,86.7,9.5,2.7,25.7,113
2015,Brendan Ryan,6073,33,SS,NYY,103,22,10,8,0,0,0.2292,0.2745,0.3333,84.6,12,1.5,20.6,68
2015,Dustin Ackley,10099,27,2B/OF,2 Tms,264,55,28,30,10,2,0.2311,0.2835,0.4286,90.8,12,6.5,42.5,200
2015,Jonathan Herrera,4182,30,2B/SS,CHC,132,29,14,14,2,3,0.2302,0.2422,0.3333,83.7,14.8,0.9,14,107
2015,Peter Bourjos,2578,28,OF,STL,225,39,32,13,4,5,0.2,0.2896,0.3333,85.5,13,3.5,24.8,141
2015,Grady Sizemore,2197,32,OF,2 Tms,296,69,24,33,6,3,0.2527,0.3074,0.381,89.2,12.4,4.2,36.4,214
2015,Eric Campbell,6938,28,1B/3B,NYM,206,34,28,19,3,5,0.1965,0.3122,0.2948,87.5,9.1,4.3,36,139
2015,Darin Ruf,9929,28,1B/OF,PHI,297,63,30,39,12,1,0.2351,0.2997,0.4142,90,12.6,7.9,42.1,202
2015,David Lough,7215,29,OF,BAL,144,27,14,12,4,2,0.2015,0.2411,0.3134,84.6,13.4,2,20.8,101
2015,Jon Jay,5227,30,OF,STL,245,44,25,10,1,0,0.2095,0.3058,0.2571,86.3,2.5,1.7,29.1,179
2015,Adam Rosales,9682,32,2B/3B/SS,TEX,125,26,14,7,3,4,0.2281,0.296,0.3421,86.3,10.6,6,29.8,84
2015,Logan Schafer,7937,28,OF,MIL,143,27,17,6,1,1,0.2213,0.2993,0.3115,89.1,10.7,1,30,100
2015,Avisaíl García,5760,24,OF,CHW,601,142,66,59,13,7,0.2568,0.3095,0.3653,88.5,6.8,4.8,37.5,416
2015,Hernán Pérez,5751,24,2B/3B/OF,2 Tms,272,64,14,21,1,5,0.2433,0.2565,0.327,86.3,12.1,2.4,28.8,208
2015,Daniel Nava,5450,32,OF,2 Tms,166,27,13,10,1,1,0.1942,0.3152,0.2446,86.5,13.3,2.9,32.4,105
2015,David DeJesus,1825,35,OF,2 Tms,317,67,27,30,5,3,0.2326,0.2965,0.3299,86.8,12.5,2.1,27.3,238
2015,John Mayberry Jr.,3390,31,OF,NYM,119,18,8,9,3,1,0.1636,0.2269,0.3182,86,10.9,2.6,22.1,77
2015,Chris Johnson,1191,30,3B,2 Tms,255,62,18,18,3,2,0.2551,0.2863,0.3374,88.7,10.8,5.3,37.1,170
2015,Jason Bourgeois,2225,33,OF,CIN,212,47,28,14,3,3,0.2398,0.2938,0.3316,84.6,5.1,1.2,22,164
2015,Ike Davis,8433,28,1B,OAK,239,49,19,20,3,0,0.229,0.3013,0.3505,87.8,5.9,5.2,39.5,172
2015,Brayan Peña,3231,33,C,CIN,367,91,17,18,0,2,0.2733,0.3342,0.3243,85.6,8,0.3,17.2,302
2015,Ryan Lavarnway,8879,27,C,2 Tms,106,18,6,6,2,0,0.1915,0.283,0.3191,90.8,17.6,6.1,43.9,66
2015,Will Middlebrooks,7002,26,3B,SDP,270,54,23,29,9,2,0.2118,0.2407,0.3608,88.6,15.4,7.5,36.2,199
2015,Jonny Gomes,1845,34,DH/OF,2 Tms,262,48,29,26,7,1,0.2133,0.313,0.3467,88.1,18.3,4.1,33.3,147
2015,Domonic Brown,3154,27,OF,PHI,204,43,19,25,5,3,0.2275,0.2843,0.3492,87,12.5,4.6,28.1,153
2015,Jesus Montero,5514,25,C/DH,SEA,116,25,11,19,5,0,0.2232,0.25,0.4107,91.2,13.3,8.8,42.5,80
2015,Michael Morse,3035,33,1B/OF,2 Tms,256,53,14,19,5,0,0.2314,0.3125,0.3362,90.4,0.4,9.8,39.2,153
2015,Everth Cabrera,8155,28,SS,BAL,105,20,7,4,0,2,0.2083,0.25,0.2292,88.4,-2.3,0,26,77
2015,René Rivera,3648,31,C,TBR,319,53,16,26,5,0,0.1779,0.2134,0.2752,85.9,16.7,6.4,28.3,219
2015,Drew Butera,3411,31,C,2 Tms,120,21,9,5,1,0,0.1963,0.2522,0.2523,84.5,22.3,2.3,18.6,86
2015,Chris Taylor,13757,24,OF,SEA,102,16,9,1,0,3,0.1702,0.22,0.2234,88.8,14.8,1.5,32.3,65
2015,Sean Rodríguez,6589,30,2B,PIT,240,55,25,17,4,2,0.2455,0.2809,0.3616,86.9,8.3,6.6,25.9,166
2015,Wilson Ramos,1433,27,C,WSN,504,109,41,68,15,0,0.2295,0.2579,0.3579,90.5,4.5,6.3,44.5,382
2015,Max Muncy,13301,24,1B/3B,OAK,112,21,14,9,3,0,0.2059,0.2679,0.3922,88.2,18.3,4.2,26.4,72
2015,Alex Avila,7476,28,C,DET,219,34,21,13,4,0,0.191,0.3394,0.2865,91.2,13.2,10.6,48.7,113
2015,Pete Kozma,2539,27,SS,STL,111,15,15,2,0,3,0.1515,0.2364,0.1515,83.2,19.4,0,11.4,79
2015,Delmon Young,2140,29,OF,BAL,180,47,20,16,2,0,0.2701,0.2889,0.3391,88.1,9.5,2.1,35.6,146
2015,Alberto Callaspo,3336,32,2B/3B,2 Tms,261,54,20,15,1,0,0.2348,0.3154,0.2783,84.2,12.5,0.5,17.6,199
2015,Héctor Gómez,2264,27,2B/3B/SS,MIL,134,23,15,7,1,0,0.1811,0.2121,0.3228,86.2,14.2,3.4,29.2,89
2015,Garrett Jones,2714,34,1B/OF,NYY,152,31,12,17,5,0,0.2153,0.2566,0.3611,89.1,12.3,3.7,38.3,107
2015,Cody Asche,11997,25,3B/OF,PHI,456,104,41,39,12,1,0.2447,0.2939,0.3953,87.2,14.8,5.7,33,315
2015,Chris Herrmann,9284,27,C/OF,MIN,113,15,13,10,2,0,0.1456,0.2143,0.2718,86.7,10.8,3,31.3,67
2015,Rafael Ynoa,2832,27,3B/OF,COL,131,33,14,9,0,1,0.2598,0.2769,0.3386,83.1,8.8,0,17,100
2015,James McCann,12859,25,C,DET,425,106,32,41,7,0,0.2643,0.2969,0.3865,88.3,8.6,3.5,37.3,316
2015,Mike Olt,10698,26,3B,2 Tms,102,18,7,5,4,0,0.1915,0.2549,0.3191,86,11.3,10.2,32.2,59
2015,Kristopher Negrón,5306,29,OF,CIN,107,13,5,2,0,2,0.1398,0.2381,0.1613,83,9.2,2.8,15.3,72
2015,Brandon Barnes,629,29,OF,COL,281,64,30,17,2,4,0.251,0.3143,0.3412,86.9,10.9,1.1,25.3,190
2015,Cliff Pennington,3395,31,2B/SS,2 Tms,249,44,24,21,3,3,0.2095,0.2975,0.281,86.8,13.1,2.9,26.2,172
2015,Tony Cruz,2802,28,C,STL,151,29,6,11,2,0,0.2042,0.2349,0.3099,85.1,7.8,6.2,28.3,113
2015,Kennys Vargas,12101,24,1B/DH,MIN,184,42,18,17,5,0,0.24,0.2772,0.3486,88.1,5.6,5,41.3,121
2015,Jeff Francoeur,4792,31,OF,PHI,343,84,34,45,13,0,0.2577,0.2857,0.4325,88,14.2,4.8,33.3,252
2015,Coco Crisp,1572,35,OF,OAK,139,22,11,6,0,2,0.1746,0.2518,0.2222,83.8,13.2,1,20.8,101
2015,Luis Sardinas,13153,22,2B/SS,MIL,105,19,8,4,0,0,0.1959,0.2404,0.2165,83,4.1,0,8.1,74
2015,Nick Swisher,4599,34,1B/OF,2 Tms,260,43,14,25,6,0,0.1963,0.3115,0.3196,86.8,8.4,3,29.8,168
2015,Ichiro Suzuki,1101,41,OF,MIA,438,91,45,21,1,11,0.2286,0.2818,0.2789,83.2,3.3,0.6,13.8,356
2015,Nick Franklin,10166,24,2B,TBR,109,16,11,7,3,1,0.1584,0.213,0.3069,85.9,16.3,7.7,24.6,65
2015,Kyle Parker,11763,25,OF,COL,112,19,10,11,3,1,0.1792,0.2232,0.3113,87.4,10.7,8.7,34.8,69
2015,Skip Schumaker,3704,35,2B/OF,CIN,268,59,23,21,1,2,0.2418,0.306,0.3361,85.6,5.3,1,22.7,194
2015,Sandy León,5273,26,C,BOS,128,21,8,3,0,0,0.1842,0.2377,0.2018,83.6,15.2,1.1,17.4,92
2015,Billy Butler,7399,29,1B/DH,OAK,601,135,63,65,15,0,0.2509,0.3228,0.3903,89.4,8.5,7.5,40.6,441
2015,Conor Gillaspie,9009,27,3B,2 Tms,253,54,14,24,4,0,0.2278,0.2688,0.3586,87.1,9.5,1.6,26.6,192
2015,Wilin Rosario,8002,26,C,COL,242,62,22,29,6,2,0.2684,0.2946,0.4156,88.3,5.8,4.5,33.9,177
2015,Tyler Moore,7244,28,1B/OF,WSN,200,38,14,27,6,0,0.2032,0.25,0.3636,88.7,15.8,6.3,35,143
2015,Jake Elmore,7290,28,SS/OF,TBR,158,29,10,16,2,1,0.2057,0.2628,0.2837,84,9.7,0,11.6,121
2015,Mike Aviles,5986,34,SS,CLE,317,67,37,17,5,3,0.231,0.2821,0.3172,86.8,10.7,0.8,30.6,258
2015,Alexi Amarista,9063,26,2B/SS/OF,SDP,357,66,28,30,3,5,0.2037,0.2571,0.287,85.6,11.2,1.1,16.2,277
2015,Daniel Descalso,8392,28,2B/3B,COL,209,38,22,22,5,1,0.2054,0.2829,0.3243,87.1,13.2,2.8,25.7,144
2015,Christian Bethancourt,10028,23,C,ATL,160,31,16,12,2,1,0.2,0.225,0.2903,87.3,9.1,2.5,31.1,122
2015,Kurt Suzuki,8259,31,C,MIN,479,104,36,50,5,0,0.2402,0.296,0.3141,87.7,13.7,1,29.9,384
2015,Yasmany Tomás,17171,24,OF,ARI,426,111,40,48,9,5,0.2734,0.3052,0.4015,89.3,5.1,4,38,297
2015,Chris Owings,10030,23,2B/SS,ARI,552,117,59,43,4,16,0.2272,0.2642,0.3223,86.9,14.6,2.6,24.9,381
2015,James Loney,4556,31,1B,TBR,388,101,25,32,4,2,0.2798,0.3222,0.3573,85.5,12.1,1.2,21.5,330
2015,Pablo Sandoval,5409,28,3B,BOS,505,115,43,47,10,0,0.2447,0.2917,0.366,88,10,4.8,33.5,400
2015,Matt Joyce,3353,30,OF,LAA,284,43,17,21,5,0,0.1741,0.2721,0.2915,85.7,16.1,3.3,27.9,183
2015,Adam LaRoche,1904,35,1B,CHW,484,89,41,44,12,0,0.2075,0.2934,0.3403,89.6,13.2,8.1,35.9,298
2015,Hanley Ramirez,8001,31,SS,BOS,430,100,59,53,19,6,0.2494,0.2907,0.4264,90.1,6.6,7.5,41.6,334
2015,Danny Santana,10322,24,OF,MIN,277,56,30,21,0,8,0.2146,0.2407,0.2912,86.1,5.9,0.5,23.5,200
2015,Omar Infante,1609,33,2B,KCR,455,97,39,44,2,2,0.2205,0.234,0.3182,84.2,14.2,0.8,20.4,377
2015,Casey McGehee,6086,32,3B,2 Tms,258,47,14,20,2,1,0.1983,0.2636,0.2743,88.6,5.3,3.7,34.2,187
2015,Carlos Ruiz,2579,36,C,PHI,320,60,23,22,2,1,0.2113,0.2902,0.2852,84.9,9.8,1.6,18,245
2015,Victor Martinez,393,36,C/DH,DET,485,108,39,64,11,0,0.2455,0.301,0.3659,87.7,15,4.1,33.2,395
2016,Mike Trout,10155,24,OF,LAA,681,173,123,100,29,30,0.3151,0.4405,0.5501,90.9,13.8,14.4,40.3,417
2016,Kris Bryant,15429,24,3B/OF,CHC,699,176,121,102,39,8,0.2919,0.3848,0.5539,89.3,20.8,11.7,38.9,452
2016,Mookie Betts,13611,23,OF,BOS,730,214,122,113,31,26,0.3185,0.363,0.5342,89.7,12.5,5.2,39.9,599
2016,Jose Altuve,5417,26,2B,HOU,717,216,108,96,24,30,0.3375,0.3964,0.5312,88.3,11.4,6.9,36.4,580
2016,Josh Donaldson,5038,30,3B,TOR,700,164,122,99,37,7,0.2842,0.404,0.5494,92.2,14.9,12.3,49.2,463
2016,Buster Posey,9166,29,C,SFG,614,155,82,80,14,6,0.2876,0.3616,0.4341,90.5,9.9,6.9,43.2,479
2016,Brian Dozier,9810,29,2B,MIN,691,165,104,99,42,18,0.2683,0.3396,0.5463,88.1,18.8,8.3,36.2,484
2016,Freddie Freeman,5361,26,1B,ATL,693,178,102,91,34,6,0.3022,0.3997,0.5688,91.3,17.3,13.2,44.7,423
2016,Robinson Canó,3269,33,2B,SEA,715,195,107,103,39,0,0.2977,0.3497,0.5328,90.1,11.5,7.3,42.8,560
2016,Yasmani Grandal,11368,27,C,LAD,457,89,49,72,27,1,0.2282,0.3392,0.4769,91.3,12.4,12.4,44.7,275
2016,Adam Eaton,11205,27,OF,CHW,706,176,91,59,14,14,0.2843,0.3619,0.4281,89.1,4.9,3.1,36.2,514
2016,Jean Segura,5933,26,2B/SS,ARI,694,203,102,64,20,33,0.3187,0.3681,0.4992,89,7.9,5.9,33.8,542
2016,Nolan Arenado,9777,25,3B,COL,696,182,116,133,41,2,0.2945,0.3621,0.5696,89.5,18.9,9,39.8,523
2016,Kyle Seager,9785,28,3B,SEA,676,166,89,99,30,3,0.2781,0.3595,0.4992,90.3,16.8,9,41.3,491
2016,Manny Machado,11493,23,3B,BAL,696,188,105,96,37,0,0.2938,0.3434,0.5328,90.3,14.5,9.3,43.2,525
2016,Jackie Bradley Jr.,12984,26,OF,BOS,636,149,94,87,26,9,0.267,0.3491,0.4857,90.3,10.1,8.6,39.3,420
2016,Ian Kinsler,6195,34,2B,DET,679,178,117,83,28,14,0.288,0.3476,0.4838,87.1,18.3,3.8,30.8,506
2016,Miguel Cabrera,1744,33,1B/3B,DET,679,188,92,108,38,0,0.316,0.3932,0.563,93.6,12.3,15.9,50.6,484
2016,Christian Yelich,11477,24,OF,MIA,659,172,78,98,21,9,0.2976,0.3763,0.4827,92.6,2.7,9.7,49.9,445
2016,Corey Seager,13624,22,SS,LAD,687,193,105,72,26,3,0.3078,0.3654,0.512,91.1,10.3,8.3,44,496
2016,Francisco Lindor,12916,22,SS,CLE,684,182,99,78,15,19,0.3013,0.3583,0.4354,88.7,7.9,4.1,33.5,534
2016,Adrian Beltré,639,37,3B,TEX,640,175,89,104,32,1,0.3002,0.3578,0.5214,90.1,14.5,8.5,40.4,520
2016,José Ramírez,13510,23,3B,CLE,618,176,84,76,11,22,0.3115,0.363,0.4619,88.4,13.2,3,32.9,508
2016,DJ LeMahieu,9874,27,2B,COL,635,192,104,66,11,11,0.3478,0.4163,0.4946,91.8,6.1,4.9,47.7,486
2016,Joey Votto,4314,32,1B,CIN,677,181,101,97,29,8,0.3255,0.4343,0.5504,89.6,11.6,9.7,39.9,444
2016,Anthony Rizzo,3473,26,1B,CHC,676,170,94,109,32,3,0.2916,0.3846,0.5437,89.1,16.3,9.2,36.2,478
2016,Nelson Cruz,2434,35,DH/OF,SEA,667,169,96,105,43,2,0.2869,0.3598,0.5552,94.6,11.2,16.5,52.4,437
2016,Daniel Murphy,4316,31,1B/2B,WSN,582,184,88,104,25,5,0.3465,0.39,0.5951,90.7,16.8,8.5,41.5,482
2016,David Ortiz,745,40,DH,BOS,626,169,79,127,38,2,0.3147,0.401,0.6201,93.2,16.9,15.5,47.2,458
2016,Yadier Molina,7007,33,C,STL,581,164,56,58,8,3,0.3071,0.3597,0.427,87.8,9.4,3.6,28.1,473
2016,Charlie Blackmon,7859,29,OF,COL,641,187,111,82,29,17,0.3235,0.3809,0.5519,87.7,15.2,6.8,33.5,483
2016,George Springer,12856,26,OF,HOU,744,168,116,82,29,9,0.2609,0.3589,0.4565,89.4,8.8,10.5,38.5,467
2016,Jonathan Lucroy,7870,30,C,2 Tms,544,143,67,81,24,5,0.2918,0.3548,0.5,87.6,14.5,7.4,35,394
2016,Paul Goldschmidt,9218,28,1B,ARI,705,172,106,95,24,32,0.2971,0.4105,0.4888,91,11,7.8,42.6,437
2016,Justin Turner,5235,31,3B,LAD,622,153,79,90,27,4,0.2752,0.3392,0.4928,90.6,17,8.8,41.4,457
2016,Dexter Fowler,4062,30,OF,CHC,551,126,84,48,13,13,0.2763,0.3927,0.4474,88.1,12.4,5.6,33.8,337
2016,Evan Longoria,9368,30,3B,TBR,685,173,81,98,36,0,0.2733,0.3182,0.5213,90.8,18.1,12.1,41.5,496
2016,Carlos Correa,14162,21,SS,HOU,660,158,76,96,20,13,0.2738,0.3606,0.4506,91,7,7.7,43.5,441
2016,Wilson Ramos,1433,28,C,WSN,523,148,58,80,22,0,0.3071,0.3537,0.4959,90.8,4.8,7.4,43.2,407
2016,Brandon Crawford,5343,29,SS,SFG,623,152,67,84,12,7,0.2749,0.3419,0.4304,88.9,12.9,5.4,34.7,447
2016,Jason Kipnis,9776,29,2B,CLE,688,168,91,82,23,15,0.2754,0.3426,0.4689,89.9,14.8,6.7,39.5,476
2016,Trea Turner,16252,23,SS,WSN,324,105,53,40,13,33,0.342,0.3704,0.5668,89.9,11.5,6.8,36.4,250
2016,Matt Carpenter,8090,30,3B,STL,566,128,81,68,21,0,0.2706,0.3801,0.5053,90.7,18.2,11.3,41.9,372
2016,Ender Inciarte,4922,25,OF,ATL,578,152,85,29,3,16,0.2912,0.3508,0.3812,85.5,8.2,0.7,15,461
2016,Dustin Pedroia,8370,32,2B,BOS,698,201,105,74,15,7,0.3175,0.3759,0.4487,88.6,8.6,2.5,28.9,564
2016,Kevin Kiermaier,11038,26,OF,TBR,414,90,55,37,12,21,0.2459,0.3309,0.4098,87.9,14,4.4,32.4,293
2016,Billy Hamilton,10199,25,OF,CIN,460,107,69,17,3,58,0.2603,0.3207,0.3431,83.4,10.5,0.3,11.5,330
2016,Jake Lamb,13329,25,3B,ARI,594,130,81,91,29,6,0.2486,0.3316,0.5086,91.3,10.4,11.5,43.4,373
2016,Starling Marte,9241,27,OF,PIT,529,152,71,46,9,47,0.3108,0.3617,0.456,87.5,9.2,5.4,37,386
2016,Brandon Belt,10264,28,1B,SFG,655,149,77,82,17,0,0.2749,0.3939,0.4742,87.2,21.2,11.3,32.4,398
2016,Odúbel Herrera,11476,24,OF,PHI,656,167,87,49,15,25,0.2864,0.3609,0.4202,87.7,10.3,4.2,30.9,453
2016,Russell Martin,4616,33,C,TOR,535,105,62,74,20,2,0.2308,0.3352,0.3978,89.2,10,9.3,40.3,313
2016,Xander Bogaerts,12161,23,SS,BOS,719,192,115,89,21,13,0.2945,0.3561,0.4463,89,11,5.3,32.7,532
2016,Elvis Andrus,8709,27,SS,TEX,568,153,75,69,8,24,0.3024,0.3617,0.4387,87.4,9,1.8,31.8,447
2016,Ben Zobrist,7435,35,2B/OF,CHC,631,142,94,76,18,6,0.2715,0.386,0.4455,89.2,9.5,4.5,35.6,449
2016,Edwin Encarnación,2151,33,1B/3B/DH,TOR,702,158,99,127,42,2,0.2629,0.3566,0.5291,90.8,15.8,12.3,40.8,471
2016,Addison Russell,14106,22,SS,CHC,598,125,67,95,21,5,0.2381,0.3211,0.4171,87.6,15.2,9.3,31.6,396
2016,Trevor Story,12564,23,SS,COL,415,101,67,72,27,8,0.2715,0.3414,0.5672,91,18,13.9,44.5,245
2016,Jonathan Schoop,11265,24,2B,BAL,647,164,82,82,25,1,0.2667,0.2983,0.4537,87.4,11.9,6.9,35.1,481
2016,Asdrúbal Cabrera,4962,30,SS,NYM,568,146,65,62,23,5,0.2802,0.3363,0.4741,88.9,15.5,5.7,33.3,420
2016,Jonathan Villar,10071,25,2B/SS,MIL,679,168,92,63,19,62,0.2852,0.3694,0.4567,90.3,4.7,6.4,38.2,424
2016,Ian Desmond,6885,30,SS/OF,TEX,677,178,107,86,22,21,0.2848,0.3353,0.4464,90.7,4.8,7.5,43.6,468
2016,César Hernández,10556,26,2B,PHI,622,161,67,39,6,17,0.2943,0.3712,0.3931,87,5,1.8,29.2,438
2016,Ryan Braun,3410,32,OF,MIL,564,156,80,91,30,16,0.3053,0.3652,0.5382,90,4.6,8.4,38.9,416
2016,Wil Myers,10047,25,1B/OF,SDP,676,155,99,94,28,28,0.2588,0.3358,0.4608,88.6,10.1,7,39.2,444
2016,Carlos Santana,2396,30,1B,CLE,688,151,89,87,34,5,0.2595,0.3663,0.4983,90.8,14.4,9.8,43.2,488
2016,Joc Pederson,11899,24,OF,LAD,476,100,64,68,25,6,0.2463,0.3516,0.4951,92.3,15.3,12.5,47,279
2016,Anthony Rendon,12861,26,3B,WSN,647,153,91,85,20,12,0.2698,0.3478,0.4497,91.1,16.9,5.9,41.5,458
2016,Yoenis Cespedes,13110,30,OF,NYM,543,134,72,86,31,3,0.2797,0.3536,0.5303,91.7,16.3,9.8,47.5,377
2016,Evan Gattis,11003,29,C/DH,HOU,499,112,58,72,32,2,0.2506,0.3186,0.5078,89.4,12.9,10.5,35.7,325
2016,Martín Prado,3312,32,3B,MIA,658,183,70,75,8,2,0.305,0.3587,0.4167,87.9,8.6,1.3,30.8,536
2016,Kole Calhoun,11200,28,OF,LAA,672,161,91,75,18,2,0.271,0.3482,0.4377,89.8,15.1,6.2,40.5,481
2016,Aledmys Díaz,15937,25,SS,STL,460,121,71,65,17,4,0.2995,0.369,0.5099,89.5,12.6,4.5,39.2,352
2016,Gary Sánchez,11442,23,C,NYY,229,60,34,42,20,1,0.2985,0.3755,0.6567,92.7,7.9,15.8,48.6,146
2016,Todd Frazier,785,30,3B,CHW,666,133,89,98,40,15,0.2254,0.3023,0.4644,89.1,20.5,10.1,35.6,435
2016,Jung Ho Kang,17182,29,3B/SS,PIT,370,81,45,62,21,3,0.2547,0.3541,0.5126,90.3,11,8.3,39.8,241
2016,Jason Castro,8722,29,C,HOU,376,69,41,32,11,2,0.2097,0.3067,0.3769,89.5,11.6,9.7,40.1,207
2016,Curtis Granderson,4747,35,OF,NYM,633,129,88,59,30,4,0.2367,0.3349,0.4642,87.8,18.7,6.9,33.1,420
2016,Andrelton Simmons,10847,26,SS,LAA,483,126,48,44,4,10,0.2812,0.3237,0.3661,86.7,4.5,1.2,29.6,415
2016,Rougned Odor,12282,22,2B,TEX,632,164,89,88,33,14,0.2711,0.2959,0.5025,89.6,14.2,7.8,37.6,474
2016,Francisco Cervelli,5275,30,C,PIT,393,86,42,33,1,6,0.2638,0.3766,0.3221,86.5,6.4,1.5,30.5,259
2016,Hanley Ramirez,8001,32,SS,BOS,620,157,81,111,30,9,0.286,0.3613,0.5046,90.6,9.3,10.4,42,433
2016,Logan Forsythe,7185,29,2B,TBR,567,135,76,52,20,6,0.2642,0.3333,0.4442,90,13.6,7.5,38.9,386
2016,Tim Anderson,15172,23,SS,CHW,431,116,57,30,9,10,0.2829,0.3059,0.4317,87.8,6.6,5.3,34.3,300
2016,Leonys Martin,11846,28,OF,SEA,576,128,72,47,15,24,0.2471,0.3059,0.3784,87.6,12.9,5,31.3,380
2016,Stephen Piscotty,13367,25,OF,STL,649,159,86,85,22,7,0.2732,0.3431,0.457,88.3,13.7,8.6,37.8,452
2016,Marcus Semien,12533,25,2B/SS,OAK,621,135,72,75,27,10,0.2377,0.3,0.4349,88,15.4,6.7,35.3,431
2016,Devon Travis,13862,25,2B,TOR,432,123,54,50,11,4,0.3,0.3318,0.4537,87,11.4,4,31.1,325
2016,Jedd Gyorko,10816,27,2B/3B,STL,438,97,58,59,30,0,0.2425,0.3059,0.495,87.7,14.9,9.8,36.1,305
2016,Brett Gardner,9927,32,OF,NYY,634,143,80,41,7,16,0.2614,0.3508,0.362,86.5,7.4,2.4,24,450
2016,Jordy Mercer,6547,29,SS,PIT,584,133,66,59,11,1,0.2563,0.3276,0.3738,86.9,11.1,2.2,26.3,445
2016,Adam Jones,6368,30,OF,BAL,672,164,86,83,29,2,0.2649,0.31,0.4362,88.7,14.7,8,34.7,513
2016,Khris Davis,9112,28,DH/OF,OAK,610,137,85,102,42,1,0.2468,0.3066,0.5243,92,13.3,17,48.2,394
2016,Javier Báez,12979,23,SS,CHC,450,115,50,59,14,12,0.2732,0.314,0.4228,88.4,14.1,5.7,32.3,316
2016,Starlin Castro,4579,26,2B/SS,NYY,610,156,63,70,21,4,0.2704,0.3005,0.4333,88.5,8.9,5.4,34.2,465
2016,J.D. Martinez,6184,28,DH/OF,DET,517,141,69,68,22,1,0.3065,0.3733,0.5348,91.5,13.4,14.2,47.2,337
2016,Tyler Flowers,9134,30,C,ATL,325,76,27,41,8,0,0.2705,0.3569,0.4199,93.3,12.8,11.9,48.5,194
2016,Ryan Schimpf,9953,28,2B/3B,SDP,330,60,48,51,20,1,0.2174,0.3364,0.5326,90.3,29.7,16.7,41.4,174
2016,Willson Contreras,11609,24,C,CHC,283,71,33,35,12,2,0.2817,0.3569,0.4881,88.4,6.9,8.6,33.9,186
2016,Didi Gregorius,6012,26,SS,NYY,597,155,68,70,20,7,0.2758,0.3041,0.4466,86.1,14.6,2.9,25.3,490
2016,Marcell Ozuna,10324,25,DH/OF,MIA,608,148,75,76,23,0,0.2657,0.3207,0.4524,90.8,10.9,7.8,42.2,446
2016,Sean Rodríguez,6589,31,2B,PIT,342,81,49,56,18,2,0.27,0.349,0.51,90.4,12.8,11.4,36.6,202
2016,Troy Tulowitzki,3531,31,SS,TOR,544,125,54,79,24,1,0.2541,0.318,0.4431,90,14.2,9.6,40.8,395
2016,Eduardo Núñez,6848,29,3B/SS,2 Tms,595,159,73,67,16,40,0.2875,0.3255,0.4322,89.6,8.4,4.4,37,473
2016,Nick Castellanos,11737,24,3B/OF,DET,447,117,54,58,18,1,0.2847,0.3311,0.4964,89.4,16.9,14.4,39,305
2016,J.T. Realmuto,11739,25,C,MIA,545,154,60,48,11,12,0.3026,0.3431,0.4283,88.6,9.8,3.9,35.2,412
2016,Neil Walker,7539,30,2B,NYM,458,116,57,55,23,3,0.2816,0.3472,0.4757,89.1,18,7.3,37.5,331
2016,Ryon Healy,15447,24,1B/3B,OAK,283,82,36,37,13,0,0.3048,0.3369,0.5242,88.7,13.5,9,40,210
2016,Michael Saunders,9981,29,OF,TOR,558,124,70,57,24,1,0.2531,0.3375,0.4776,90,11.1,7.7,44.5,337
2016,Jarrod Dyson,4866,31,OF,KCR,337,83,46,25,1,30,0.2776,0.3404,0.388,84.3,4.9,0.4,21.9,269
2016,Paulo Orlando,8628,30,OF,KCR,484,138,52,43,5,14,0.302,0.3292,0.4048,89.6,8.3,5.3,37.4,358
2016,Chris Carter,9911,29,1B/DH,MIL,644,122,84,94,41,3,0.2222,0.3214,0.4991,91.7,18.6,17.6,46.2,353
2016,Derek Dietrich,10542,26,2B/OF,MIA,412,98,39,42,7,1,0.2792,0.3738,0.4245,85.5,13,8.1,32,272
2016,Adam Duvall,10950,27,OF,CIN,608,133,85,103,33,6,0.2409,0.2965,0.4982,88.6,19.2,12.1,41.4,396
2016,Gregory Polanco,12907,24,OF,PIT,587,136,79,86,22,17,0.2581,0.3225,0.463,89.9,14,6,40,415
2016,José Abreu,15676,29,1B,CHW,695,183,67,100,25,0,0.2933,0.3525,0.4679,89.7,10.3,7.9,39.4,508
2016,Carlos González,7287,30,OF,COL,632,174,87,100,25,2,0.2979,0.3497,0.5051,90.2,9,8.6,41.2,456
2016,Lorenzo Cain,9077,30,OF,KCR,434,114,56,56,9,14,0.2872,0.3387,0.4081,88.6,9.2,4.4,33.4,317
2016,Yangervis Solarte,5352,28,2B/3B,SDP,443,116,55,71,15,1,0.2864,0.3409,0.4667,88.5,12.9,3.8,33.3,345
2016,Brian McCann,4810,32,C,NYY,492,104,56,58,20,1,0.2424,0.3354,0.4126,88.9,18.9,5.7,35.8,332
2016,Eugenio Suárez,12552,24,3B,CIN,627,140,78,70,21,11,0.2478,0.3174,0.4106,86.6,16,6.3,29.1,413
2016,Max Kepler,12144,23,OF,MIN,447,93,52,63,17,6,0.2348,0.3094,0.4242,89.7,8.5,3.9,37.5,309
2016,Carlos Beltrán,589,39,OF,2 Tms,593,163,73,93,29,1,0.2953,0.3373,0.5127,90.1,12.6,6.8,38.5,455
2016,Tyler Naquin,13359,25,OF,CLE,365,95,52,43,14,6,0.296,0.3719,0.514,91,10.6,8.5,45.1,213
2016,José Bautista,1887,35,OF,TOR,517,99,68,69,22,2,0.234,0.3656,0.4515,91.5,14.8,8.3,45.7,324
2016,Cameron Maybin,5223,29,OF,DET,391,110,65,43,4,15,0.3152,0.383,0.4183,87.9,4.6,2.8,32.2,283
2016,Chase Headley,4720,32,3B,NYY,529,117,58,51,14,8,0.2505,0.3289,0.3833,87.2,11.9,5.9,33.1,354
2016,Keon Broxton,9253,26,OF,MIL,244,50,28,19,9,23,0.2415,0.3539,0.43,93.5,9.6,9.2,50,120
2016,Giancarlo Stanton,4949,26,DH/OF,MIA,470,99,56,74,27,0,0.2397,0.3262,0.4891,93.9,13.9,15.6,47.6,275
2016,Bryce Harper,11579,23,OF,WSN,627,123,84,86,24,21,0.2431,0.3732,0.4407,88.9,15.2,7.3,36.1,399
2016,Sandy León,5273,27,C,BOS,283,78,36,35,7,0,0.3095,0.3692,0.4762,86.9,11.3,4.2,26.7,192
2016,Mark Trumbo,6876,30,1B/DH/OF,BAL,667,157,94,108,47,2,0.2561,0.3163,0.5334,92.8,15.1,15.6,44.7,443
2016,Luis Valbuena,4969,30,3B,HOU,342,76,38,40,13,1,0.2603,0.3569,0.4589,87.4,16.1,7.4,31,216
2016,Byron Buxton,14161,22,OF,MIN,331,67,44,38,10,10,0.2248,0.2844,0.4295,89.5,17.3,5.3,31.6,187
2016,Josh Harrison,8202,28,2B/3B,PIT,522,138,57,59,4,19,0.2834,0.3108,0.3881,86.5,13,2.1,22.9,423
2016,Tony Wolters,11470,24,C,COL,230,53,27,30,3,4,0.2585,0.3274,0.3951,85.6,8.7,2.6,19.2,156
2016,Jacoby Ellsbury,4727,32,OF,NYY,626,145,71,56,9,20,0.2632,0.3295,0.3739,86.9,10.7,1.7,31.4,474
2016,Joe Panik,11936,25,2B,SFG,526,111,67,62,10,5,0.2392,0.3155,0.3793,86.3,12.9,4.5,26.8,425
2016,Matt Joyce,3353,31,OF,PIT,293,56,45,42,13,1,0.2424,0.4027,0.4632,89,13.3,9.1,39,164
2016,Kevin Pillar,12434,27,OF,TOR,584,146,59,53,7,14,0.2664,0.3029,0.3759,87.1,11.6,3,30.2,464
2016,Melky Cabrera,4022,31,OF,CHW,646,175,70,86,14,2,0.2961,0.3453,0.4552,89.5,11.2,2.1,34.2,530
2016,David Freese,9549,33,3B,PIT,492,118,63,55,13,0,0.27,0.3516,0.4119,91,2.2,8.1,48.5,295
2016,Cameron Rupp,11146,27,C,PHI,419,98,36,54,16,1,0.2519,0.3031,0.4473,91.3,9,9.1,47.1,276
2016,Jose Iglesias,10231,26,SS,DET,513,119,57,32,4,7,0.2548,0.3063,0.3362,83.6,8.3,0.7,20.8,427
2016,Danny Valencia,6364,31,3B,OAK,517,135,72,51,17,1,0.2866,0.3462,0.4459,90.1,9.8,7.8,41.1,358
2016,Justin Upton,5222,28,OF,DET,626,140,81,87,31,9,0.2456,0.3099,0.4649,91.3,15.5,12.5,45.5,393
2016,Randal Grichuk,10243,24,OF,STL,478,107,66,68,24,5,0.2399,0.2887,0.4798,91.4,16.3,9.8,46.1,306
2016,Adam Rosales,9682,33,2B/3B/SS,SDP,248,49,37,35,13,4,0.229,0.3185,0.4953,89.6,15.4,11.5,39.2,130
2016,Brandon Guyer,2636,30,OF,2 Tms,345,78,39,32,9,3,0.2662,0.3721,0.4232,87.3,13.9,4.2,27.9,240
2016,Joe Mauer,1857,33,C/1B,MIN,576,129,68,49,11,2,0.2611,0.3628,0.3887,89.9,3.8,6,42.9,403
2016,Chris Davis,9272,30,1B,BAL,665,125,99,84,38,1,0.2208,0.3323,0.4594,91.1,17.2,15.1,44,350
2016,Ichiro Suzuki,1101,42,OF,MIA,365,95,48,22,1,10,0.2905,0.3536,0.3761,84.2,7.4,0.7,20,290
2016,Freddy Galvis,6609,26,SS,PHI,624,141,61,67,20,17,0.2414,0.2744,0.399,87.4,13.6,2.8,27.4,460
2016,J.J. Hardy,3797,33,SS,BAL,438,109,43,48,9,0,0.2691,0.3089,0.4074,90.2,12.3,3.8,39.2,344
2016,Steve Pearce,9957,33,1B/OF,2 Tms,302,76,35,35,13,0,0.2879,0.3742,0.4924,89.8,15.4,9,40.3,211
2016,Hyun Soo Kim,18718,28,OF,BAL,346,92,36,22,6,1,0.3016,0.3815,0.4197,90.5,6.5,5.1,36.5,255
2016,Yunel Escobar,4191,33,3B/SS,LAA,567,157,68,39,5,0,0.3037,0.3546,0.3907,89.3,1.9,2.8,36.1,457
2016,Josh Reddick,3892,29,OF,2 Tms,439,112,53,37,10,8,0.2814,0.3447,0.4045,88.1,14.3,3.5,32.7,343
2016,Mike Zunino,13265,25,C,SEA,192,34,16,31,12,0,0.2073,0.3177,0.4695,90.2,22.4,15,41,100
2016,Jace Peterson,12325,26,2B/3B,ATL,408,89,45,29,7,5,0.2543,0.3498,0.3657,88.2,3.7,3.1,32.9,286
2016,Martín Maldonado,6887,29,C,MIL,253,42,21,21,8,1,0.2019,0.332,0.351,87.6,11.3,7.7,29.5,156
2016,Yasiel Puig,14225,25,OF,LAD,368,88,45,45,11,5,0.2635,0.3234,0.4162,90.4,11.7,6.5,41.1,263
2016,David Ross,1551,39,C,CHC,205,38,24,32,10,0,0.2289,0.3383,0.4458,87.3,16.1,9.9,32.2,121
2016,Hernán Pérez,5751,25,2B/3B/OF,MIL,430,110,50,56,13,34,0.2723,0.3021,0.4282,88.8,12.4,3.8,38.2,317
2016,Miguel Montero,3364,32,C,CHC,284,52,33,33,8,1,0.2158,0.3275,0.3568,86.4,9.2,4.9,25.4,185
2016,Ángel Pagán,2918,34,OF,SFG,543,137,71,55,12,15,0.2768,0.3315,0.4182,85.7,12.4,3,21.8,432
2016,Darwin Barney,2430,30,2B,TOR,306,75,35,19,4,2,0.2688,0.3224,0.3728,86,10.6,1.7,23.8,235
2016,David Dahl,13744,22,OF,COL,237,70,42,24,7,5,0.3153,0.3586,0.5,87.8,10.8,4.9,32.5,163
2016,Welington Castillo,3256,29,C,ARI,457,110,41,68,14,2,0.2644,0.3217,0.4231,88.8,12.9,6,37.5,299
2016,Alex Gordon,5209,32,OF,KCR,506,98,62,40,17,8,0.2202,0.3123,0.3798,87.8,15.2,8.7,36.6,298
2016,Matt Wieters,4298,30,C,BAL,464,103,48,66,17,1,0.2435,0.3024,0.409,87.9,16.4,7.3,33,342
2016,Brad Miller,12775,26,SS,TBR,601,133,73,81,30,6,0.2427,0.3045,0.4818,90.6,12,9.7,42.5,402
2016,Andrew Toles,13414,24,OF,LAD,115,33,19,16,3,1,0.3143,0.3652,0.5048,89.3,7.5,8.6,34.6,81
2016,José Reyes,1736,33,SS,NYM,279,68,45,24,8,9,0.2667,0.3262,0.4431,85.2,17.6,4.3,26.1,207
2016,Alex Bregman,17678,22,3B,HOU,217,53,31,34,8,2,0.2637,0.3134,0.4776,88.1,18.5,6.7,36,150
2016,Tyler Saladino,10807,26,3B/SS,CHW,319,84,33,38,8,11,0.2819,0.3155,0.4094,86.7,8.4,2.9,27,241
2016,Hunter Pence,8252,33,OF,SFG,442,114,58,57,13,1,0.2886,0.3575,0.4506,91,5.5,6.9,41.3,303
2016,Norichika Aoki,13075,34,OF,SEA,467,118,63,28,4,7,0.283,0.3492,0.3885,87.2,3,0.8,24.9,378
2016,Alcides Escobar,6310,29,SS,KCR,682,166,57,55,7,17,0.2606,0.2917,0.3501,84,9.4,1.4,17.6,556
2016,Jay Bruce,9892,29,OF,2 Tms,589,135,74,99,33,4,0.2505,0.309,0.5065,88.9,14.8,8.4,38.2,416
2016,Mike Napoli,3057,34,C/1B,CLE,645,133,92,101,34,5,0.2388,0.3349,0.465,89.6,18.5,13.3,39.4,368
2016,Brandon Moss,4467,32,1B/OF,STL,464,93,66,67,28,1,0.2252,0.2996,0.4843,88.5,22.5,13.4,39,277
2016,Travis d'Arnaud,7739,27,C,NYM,276,62,27,15,4,0,0.247,0.3066,0.3227,89.1,8.8,3.4,39.7,204
2016,René Rivera,3648,32,C,NYM,207,41,12,26,6,0,0.2216,0.2913,0.3405,86,10.5,4.5,29.9,134
2016,José Peraza,13593,22,2B/SS,CIN,256,78,25,25,3,21,0.3237,0.3516,0.4108,85.1,11.2,1.9,23.7,211
2016,Marwin Gonzalez,5497,27,SS,HOU,518,123,55,51,13,12,0.2541,0.293,0.4008,89.3,9.3,5.4,35.9,373
2016,Chase Utley,1679,37,2B,LAD,565,129,79,52,14,2,0.252,0.3191,0.3965,87.7,11.9,4.3,33.8,399
2016,Steven Souza Jr.,5667,27,OF,TBR,468,106,58,49,17,7,0.2465,0.3034,0.4093,89.9,13,10.6,38.1,273
2016,Cheslor Cuthbert,10473,23,3B,KCR,510,130,49,46,12,2,0.2737,0.3183,0.4126,89.3,12.4,2.4,36.9,382
2016,Jayson Werth,1327,37,OF,WSN,606,128,84,69,21,5,0.2438,0.335,0.4171,91.4,15,7.4,44.6,392
2016,Rajai Davis,3708,35,OF,CLE,495,113,74,48,12,43,0.2489,0.3057,0.3877,86.5,14.5,3.4,29.9,351
2016,Justin Bour,9744,28,1B,MIA,321,74,35,51,15,0,0.2643,0.3489,0.475,91.8,10.1,10.1,46.7,227
2016,Greg Garcia,10951,26,2B/3B,STL,257,59,33,17,3,1,0.2757,0.393,0.3692,85.5,6.8,3,23.6,165
2016,Lonnie Chisenhall,7571,27,3B/OF,CLE,418,110,43,57,8,6,0.2857,0.3277,0.439,86.2,18,2.8,24.8,322
2016,Pedro Álvarez,2495,29,3B,BAL,376,84,43,49,22,1,0.2493,0.3218,0.5045,92.7,13.3,12.8,49.2,242
2016,Howie Kendrick,4229,32,2B,LAD,543,124,65,40,8,10,0.2546,0.326,0.3655,90.5,1.7,5.8,42.1,394
2016,Kolten Wong,12532,25,2B,STL,361,75,39,23,5,7,0.2396,0.3269,0.3546,86.8,10.9,3,26.3,266
2016,C.J. Cron,12546,26,1B,LAA,445,113,51,69,16,2,0.2776,0.3251,0.4668,89.5,12.4,8.3,39.2,337
2016,Eddie Rosario,12155,24,OF,MIN,354,90,52,32,10,5,0.2687,0.2955,0.4209,87.7,11.3,4.8,31.7,249
2016,Jake Marisnick,11339,25,OF,HOU,311,60,40,21,5,10,0.2091,0.2573,0.331,86.8,11.6,4.3,34,209
2016,Chris Young,3882,32,OF,BOS,227,56,29,24,9,4,0.2759,0.3524,0.4975,88.2,21.8,4.6,36.6,153
2016,Danny Espinosa,9219,29,2B/SS,WSN,601,108,66,72,24,9,0.2093,0.3064,0.3779,90.1,14.8,8.2,33.4,353
2016,Adrián González,1908,34,1B,LAD,633,162,69,90,18,0,0.2852,0.3491,0.4349,88.2,9.6,4.6,33.9,457
2016,B.J. Upton,5015,31,OF,2 Tms,539,117,64,61,20,27,0.2378,0.2905,0.4024,88.3,9.2,5.8,36.6,344
2016,Michael Conforto,16376,23,OF,NYM,348,67,38,42,12,2,0.2204,0.3103,0.4145,90.2,15.1,10.1,39,218
2016,Roberto Pérez,2900,27,C,CLE,184,28,14,17,3,0,0.183,0.2849,0.2941,89.2,7,6,34.2,117
2016,Drew Butera,3411,32,C,KCR,133,35,18,16,4,0,0.2846,0.3282,0.4797,85,12.9,4.5,22.5,89
2016,Colby Rasmus,9893,29,OF,HOU,417,76,38,54,15,4,0.206,0.2861,0.355,88.5,18.2,8.3,36.8,253
2016,Matt Duffy,13836,25,3B,2 Tms,366,86,41,28,5,8,0.2583,0.3104,0.3574,87.3,7.3,3.5,30.4,286
2016,Albert Pujols,1177,36,1B,LAA,650,159,71,119,31,4,0.2681,0.3231,0.457,91.6,11.7,9.2,44.1,524
2016,Brock Holt,9345,28,2B/3B/OF,BOS,324,74,45,34,7,4,0.2552,0.322,0.3828,86,6.2,2.5,26.3,236
2016,Dansby Swanson,18314,22,SS,ATL,145,39,20,17,3,3,0.3023,0.3611,0.4419,89,8.7,7.1,35.7,98
2016,Brett Lawrie,5247,26,2B/3B,CHW,384,87,35,36,12,7,0.2479,0.3099,0.4131,88.9,16.8,6.6,34.6,243
2016,Victor Martinez,393,37,C/DH,DET,610,160,65,86,27,0,0.2893,0.3508,0.4756,90,15.5,8.4,42.1,466
2016,Maikel Franco,12179,23,3B,PHI,630,148,67,88,25,1,0.2547,0.3063,0.4269,89.5,11.8,6.9,40.7,479
2016,Chris Owings,10030,24,2B/SS,ARI,466,121,52,49,5,21,0.2769,0.3147,0.4165,88.1,8.6,2.8,32.8,354
2016,Whit Merrifield,11281,27,2B/OF,KCR,332,88,44,29,2,8,0.283,0.3233,0.3923,88.1,12.2,2.9,34.4,241
2016,Franklin Gutierrez,3255,33,OF,SEA,283,61,33,39,14,1,0.246,0.3286,0.4516,92.2,11.6,10.8,47.6,166
2016,Kendrys Morales,8610,33,1B/DH,KCR,618,147,65,93,30,0,0.2634,0.3269,0.4677,92.8,11.3,10.8,49.9,443
2016,Andrew McCutchen,9847,29,OF,PIT,675,153,81,79,24,6,0.2559,0.3363,0.4298,89.6,16.6,8.5,41.7,458
2016,Travis Jankowski,13768,25,OF,SDP,383,82,53,12,2,30,0.2448,0.3325,0.3134,86.2,0.8,1.3,26.9,238
2016,Robbie Grossman,5254,26,OF,MIN,389,93,49,37,11,2,0.2801,0.3856,0.4428,86.5,13.2,5.1,28.4,236
2016,Kelby Tomlinson,13005,26,2B,SFG,120,31,13,6,0,5,0.2925,0.3697,0.3302,85.6,5.7,0,22.5,89
2016,Seth Smith,7331,33,OF,SEA,438,94,62,63,16,0,0.2487,0.3425,0.4153,89.5,8.3,8.9,40.6,293
2016,Jefry Marte,5107,25,1B,LAA,284,65,38,44,15,2,0.2519,0.3099,0.4806,89.2,12.6,6.9,37.1,202
2016,Aaron Hill,6104,34,2B,2 Tms,429,99,48,38,10,4,0.2619,0.3357,0.3783,86.7,15.9,1.2,26.6,323
2016,Matt Adams,9393,27,1B,STL,327,74,37,54,16,0,0.2492,0.3089,0.4714,89.8,20,11,40.2,219
2016,Jorge Polanco,13152,22,2B/SS,MIN,270,69,24,27,4,4,0.2816,0.3321,0.4245,86.8,15.8,2.5,26.5,204
2016,Scooter Gennett,10339,26,2B,MIL,542,131,58,56,14,8,0.2631,0.3167,0.4116,86.9,12.3,3.9,24.5,387
2016,Stephen Drew,4251,33,SS,WSN,165,38,24,21,8,0,0.2657,0.3394,0.5245,89.8,17.7,5.2,31,116
2016,Dee Strange-Gordon,8203,28,2B,MIA,345,87,47,14,1,30,0.2677,0.3052,0.3354,82.8,3.7,0,14,273
2016,Jeff Mathis,3448,33,C,MIA,132,30,12,15,2,0,0.2381,0.2672,0.3333,88.1,15,1.1,30.8,91
2016,Zack Cozart,2616,30,SS,CIN,508,117,67,50,16,4,0.2522,0.3077,0.4246,86.3,15.2,2.3,27.5,385
2016,Wilmer Flores,5827,24,1B,NYM,335,82,38,49,16,1,0.2671,0.3194,0.4691,86.5,18.4,5,29,262
2016,Juan Lagares,5384,27,OF,NYM,160,34,15,9,3,4,0.2394,0.3013,0.3803,87.3,14.1,4.2,30,120
2016,John Jaso,5887,32,C,PIT,432,102,45,42,8,0,0.2684,0.3527,0.4132,86.3,7.7,4.9,32.1,308
2016,Chris Herrmann,9284,28,C/OF,ARI,166,42,21,28,6,4,0.2838,0.3515,0.4932,89.9,10.7,9.4,36.8,106
2016,Christian Vázquez,9774,25,C,BOS,184,39,21,12,1,0,0.2267,0.2772,0.3081,87.1,1.4,1.5,33.1,133
2016,Adeiny Hechavarría,10459,27,SS,MIA,547,120,52,38,3,1,0.2362,0.2826,0.311,88.1,8,1.1,31.4,440
2016,Jose Lobatón,4243,31,C,WSN,114,23,10,8,3,0,0.2323,0.3186,0.3737,89.6,8.1,4.8,31.3,83
2016,Joey Rickard,13277,25,OF,BAL,282,69,32,19,5,4,0.2685,0.319,0.3774,85.9,13,2.4,22.6,208
2016,Ryan Rua,12409,26,1B/OF,TEX,269,62,40,22,8,9,0.2583,0.3309,0.4,90.5,10,6.6,40.4,166
2016,Chase d'Arnaud,6652,29,3B/SS,ATL,262,57,24,21,1,9,0.2446,0.3168,0.3348,84.7,13.3,0.5,22,186
2016,Alex Dickerson,12649,26,OF,SDP,285,65,39,37,10,5,0.2569,0.3333,0.4545,88.9,15.8,6.6,39.3,211
2016,Logan Morrison,9205,28,1B/OF,TBR,398,84,45,43,14,4,0.238,0.3191,0.4136,90.5,12,7.5,41.7,266
2016,Scott Schebler,12225,25,OF,CIN,282,68,36,40,9,2,0.2646,0.3298,0.4319,89.7,7.1,5.1,39.4,198
2016,Kennys Vargas,12101,25,1B/DH,MIN,177,35,27,20,10,0,0.2303,0.3333,0.5,90.5,17.3,13.5,42.7,96
2016,Nick Ahmed,12147,26,SS,ARI,308,62,26,20,4,5,0.2183,0.2647,0.2993,87.1,9.2,2.6,29,231
2016,Corey Dickerson,10762,27,OF,TBR,548,125,57,70,24,0,0.2451,0.2925,0.4686,89,18.1,11.1,38.1,378
2016,Johnny Giavotella,6740,28,2B,LAA,367,90,44,31,6,4,0.2601,0.2865,0.3757,85.7,9.7,1.6,22,314
2016,Tim Beckham,7949,26,SS,TBR,215,49,25,16,5,2,0.2475,0.3005,0.4343,89.6,11.3,6,45.1,133
2016,Jason Heyward,4940,26,OF,CHC,592,122,61,49,7,11,0.2302,0.3063,0.3245,86.8,10.7,3,30.9,440
2016,James McCann,12859,26,C,DET,373,76,31,48,12,0,0.2209,0.2715,0.3576,88.4,16.2,9.6,36.8,239
2016,Trayce Thompson,9952,25,OF,LAD,262,53,31,32,13,5,0.2246,0.3015,0.4364,88.4,8.5,10.6,35.9,170
2016,Jurickson Profar,10815,23,OF,TEX,307,65,35,20,5,2,0.239,0.3213,0.3382,86.4,6.9,2.8,28.6,213
2016,Mike Moustakas,4892,27,3B,KCR,113,25,12,13,7,0,0.2404,0.3009,0.5,91.5,11.4,8.8,42.9,91
2016,Curt Casali,12510,27,C,TBR,256,42,23,25,8,0,0.1858,0.2727,0.3363,86.1,20.4,6.1,31.3,147
2016,Brandon Drury,11615,23,2B/3B,ARI,499,130,59,53,16,1,0.282,0.3287,0.4577,88.8,9.3,6.8,36.7,365
2016,Andrew Benintendi,17901,21,OF,BOS,118,31,16,14,2,1,0.2952,0.359,0.4762,86.9,14.8,3.7,26.8,82
2016,Nomar Mazara,14553,21,OF,TEX,568,137,59,64,20,0,0.2655,0.3204,0.4186,88,8.6,6.8,35,411
2016,Mallex Smith,13608,23,OF,ATL,215,45,28,22,3,16,0.2381,0.316,0.3651,85.9,0.8,2.8,22.1,145
2016,Alex Avila,7476,29,C,CHW,209,36,19,11,7,0,0.213,0.3589,0.3728,91.3,6.9,8.7,40.2,92
2016,Denard Span,8347,32,OF,SFG,637,152,70,53,11,12,0.2657,0.3312,0.3811,86,6.6,2.8,29.7,501
2016,Jeremy Hazelbaker,9399,28,OF,STL,224,47,35,28,12,5,0.235,0.2955,0.48,87.7,10.4,9.9,32.4,142
2016,Daniel Descalso,8392,29,2B/3B,COL,289,66,38,38,8,3,0.264,0.3495,0.424,87.9,10.7,3,35.4,198
2016,Nick Markakis,5930,32,OF,ATL,684,161,67,89,13,0,0.2688,0.3465,0.3973,90.7,10.7,4.9,42.6,507
2016,Tommy Joseph,10349,24,1B,PHI,347,81,47,47,21,1,0.2571,0.3084,0.5048,89.9,16.8,11.8,41.9,246
2016,Tucker Barnhart,10200,25,C,CIN,420,97,34,51,7,1,0.2573,0.323,0.3793,86.1,9.6,2.6,23.2,310
2016,Matt Holliday,1873,36,OF,STL,426,94,48,62,20,0,0.2461,0.3216,0.4607,93.1,8.6,8,47.8,312
2016,Albert Almora Jr.,14109,22,OF,CHC,117,31,14,14,3,0,0.2768,0.3077,0.4554,87.6,8.5,4.3,29.3,92
2016,Abraham Almonte,5486,27,OF,CLE,194,48,24,22,1,8,0.2637,0.2938,0.4011,88.5,8.9,5.6,39.2,143
2016,T.J. Rivera,12495,27,2B/3B,NYM,113,35,10,16,3,0,0.3333,0.3451,0.4762,85.7,13.2,2.2,29.3,92
2016,Jon Jay,5227,31,OF,SDP,373,101,49,26,2,2,0.2911,0.3387,0.389,86.1,7,1.1,23.2,271
2016,Jhonny Peralta,1738,34,SS,STL,313,75,37,29,8,0,0.2595,0.3067,0.4083,87.6,13.6,6.4,33.9,236
2016,Kirk Nieuwenhuis,6400,28,OF,MIL,392,70,38,44,13,8,0.209,0.324,0.3851,90.3,9.7,9.9,37.1,202
2016,Conor Gillaspie,9009,28,3B,SFG,205,50,24,25,6,1,0.2618,0.3073,0.4398,88.9,13.6,4.3,37.2,164
2016,Mark Reynolds,7619,32,1B/3B,COL,441,111,61,53,14,1,0.2824,0.356,0.4504,87.9,12.2,6,37.1,283
2016,Tommy La Stella,12371,27,2B/3B,CHC,169,40,17,11,2,0,0.2703,0.3571,0.4054,88.6,16.3,5.8,31.4,121
2016,Adonis García,13777,31,3B,ATL,563,145,65,65,14,3,0.2726,0.3114,0.406,89,7.9,5.2,34.9,439
2016,Salvador Perez,7304,26,C,KCR,546,127,57,64,22,0,0.2471,0.2875,0.4377,88.8,18.9,6.3,37.8,397
2016,Travis Shaw,11982,26,3B,BOS,530,116,63,71,16,5,0.2417,0.3057,0.4208,88.6,16.2,8,34.2,351
2016,Andrew Romine,1159,30,3B/SS,DET,194,41,21,16,2,8,0.2356,0.3037,0.3218,84.1,7.1,2.2,21.6,139
2016,Jett Bandy,12508,26,C,LAA,231,49,23,25,8,1,0.2344,0.2807,0.3923,87.1,22.8,6.2,29.2,178
2016,Shin-Soo Choo,3174,33,OF,TEX,210,43,27,17,7,6,0.2416,0.3571,0.3989,92.1,10.3,7.6,47,132
2016,Michael A. Taylor,11489,25,OF,WSN,237,51,28,16,7,14,0.2308,0.2785,0.3756,88.1,8.5,7.6,37.9,145
2016,Peter Bourjos,2578,29,OF,PHI,383,89,40,23,5,6,0.2507,0.2918,0.3887,88.1,7.8,2.6,32.8,271
2016,Kevin Plawecki,13807,25,C,NYM,151,26,6,11,1,0,0.197,0.298,0.2652,84.9,3.9,2,24.2,99
2016,Jorge Soler,14221,24,DH/OF,CHC,264,54,37,31,12,0,0.2379,0.3333,0.4361,89.9,17.8,10.4,36,164
2016,Miguel Sanó,12164,23,1B/3B,MIN,495,103,57,66,25,1,0.2357,0.3192,0.4622,92.4,16.9,14.1,49.2,262
2016,Nick Franklin,10166,25,2B,TBR,191,47,18,26,6,6,0.2701,0.328,0.4425,88,17.3,5.2,29.1,134
2016,Trevor Plouffe,7462,30,3B,MIN,344,83,35,47,12,1,0.2602,0.3032,0.4201,90.2,12.3,6.5,40.3,263
2016,Derek Norris,6867,27,C,SDP,458,77,50,42,14,9,0.1855,0.2555,0.3277,87.4,18.9,5.4,32.6,279
2016,Christian Colón,11145,27,2B/3B,KCR,161,34,13,13,1,0,0.2313,0.2938,0.2925,85.7,6.5,0.9,26.5,117
2016,Austin Jackson,9848,29,OF,CHW,203,46,24,18,0,2,0.2541,0.3184,0.3425,88.3,12.9,2.1,32.2,146
2016,Jarrett Parker,11624,27,OF,SFG,151,30,22,14,5,0,0.2362,0.3576,0.3937,86.6,8.1,6,34.9,83
2016,Adam Frazier,15223,24,2B/OF,PIT,160,44,21,11,2,4,0.3014,0.3562,0.411,85.8,9.8,1.7,21.5,121
2016,David Peralta,2136,28,OF,ARI,183,43,23,15,4,2,0.2515,0.2951,0.4327,89,8.3,4.6,37.7,130
2016,Ketel Marte,13613,22,2B,SEA,466,113,55,33,1,11,0.2586,0.2873,0.3227,85.8,7,0.3,19.9,362
2016,Carlos Gómez,4881,30,OF,2 Tms,453,95,45,53,13,18,0.2311,0.2978,0.3844,87.8,11.1,6.5,32,278
2016,Phil Gosselin,10953,27,2B/3B,ARI,240,61,26,13,2,3,0.2773,0.3235,0.3682,86.5,6.9,1.7,24.7,178
2016,Kelly Johnson,2234,34,2B,2 Tms,333,75,25,34,10,4,0.2467,0.3063,0.3914,87.6,11.4,5.4,33.6,241
2016,Luke Maile,13355,25,C,TBR,126,27,10,15,3,0,0.2269,0.252,0.3613,89,12.9,3.5,39.5,86
2016,Tommy Pham,2967,28,OF,STL,183,36,26,17,9,2,0.2264,0.3242,0.4403,92.5,8.2,15.7,49.4,89
2016,Yuli Gurriel,19198,32,1B,HOU,137,34,13,15,3,1,0.2615,0.292,0.3846,88.8,10,3.4,36.1,119
2016,Ronald Torreyes,11400,23,2B/3B/SS,NYY,168,40,20,12,1,2,0.2581,0.3054,0.3742,85.2,4.9,0.7,23.2,138
2016,Domingo Santana,10348,23,OF,MIL,281,63,34,32,11,2,0.2561,0.3452,0.4472,92.9,9.3,10.9,53.2,156
2016,Matt Szczur,11255,26,OF,CHC,200,48,30,24,5,2,0.2595,0.3116,0.4,85.4,13.9,4.8,23.8,147
2016,Mac Williamson,14158,25,OF,SFG,127,25,14,15,6,0,0.2232,0.315,0.4107,91.5,8.2,9.1,42.9,77
2016,Stephen Vogt,5000,31,C,OAK,532,123,54,56,14,0,0.251,0.3045,0.4061,85.9,19.4,5.1,26.8,410
2016,Tyler Collins,12723,26,OF,DET,151,32,14,15,4,1,0.2353,0.3046,0.3824,90.1,16,6.1,33.3,99
2016,Ezequiel Carrera,9048,29,OF,TOR,310,67,47,23,6,7,0.2481,0.3234,0.3556,86.6,4.6,3.8,32.1,209
2016,Guillermo Heredia,18721,25,OF,SEA,107,23,12,12,1,1,0.25,0.3491,0.3152,83.2,11.1,1.3,16.7,78
2016,Desmond Jennings,1965,29,OF,TBR,225,40,22,20,7,2,0.2,0.2812,0.35,87,11.1,4.9,33.3,144
2016,Michael Bourn,6387,33,OF,2 Tms,413,99,48,38,5,15,0.264,0.3136,0.3707,85.1,8.3,3.1,17.4,293
2016,Chris Heisey,3978,31,OF,WSN,155,30,18,17,9,0,0.2158,0.2903,0.446,86.7,18.9,9.4,27.1,96
2016,Eric Hosmer,3516,26,1B,KCR,667,161,80,104,25,5,0.2661,0.3283,0.4331,92,4,9.2,44.2,477
2016,Jimmy Rollins,971,37,SS,CHW,166,33,25,8,2,5,0.2215,0.2952,0.3289,84.7,11.2,1.7,17.1,117
2016,Eduardo Escobar,6153,27,3B,MIN,377,83,32,37,6,1,0.2358,0.28,0.3381,85.6,15.1,3.2,24.4,283
2016,Joey Wendle,13853,26,2B/3B/SS,OAK,104,25,11,11,1,2,0.2604,0.2981,0.3021,91,5.4,1.2,36.6,82
2016,Orlando Arcia,13185,21,SS,MIL,216,44,21,17,4,8,0.2189,0.2731,0.3582,87.7,6.1,1.9,29.9,154
2016,Robinson Chirinos,3142,32,C,TEX,170,33,21,20,9,0,0.2245,0.3136,0.483,86.1,16.3,10.4,34.9,106
2016,Bruce Maxwell,13866,25,C,OAK,101,26,8,14,1,0,0.2826,0.3366,0.4022,91.2,4,5.8,47.8,69
2016,Anthony Recker,4063,32,C,ATL,112,25,6,15,2,1,0.2778,0.3945,0.4333,92.5,18.3,13.9,47.2,72
2016,Cliff Pennington,3395,32,2B/SS,LAA,188,36,18,10,3,1,0.2093,0.2649,0.3081,85,14.7,2.5,23.3,120
2016,Omar Narváez,13338,24,C,CHW,117,27,13,10,1,0,0.2673,0.3504,0.3366,84.4,14.3,1.1,11.2,89
2016,Carlos Ruiz,2579,37,C,2 Tms,233,53,21,15,3,3,0.2637,0.3648,0.3483,87.9,12.3,3.6,36.9,168
2016,Lucas Duda,2502,30,1B/OF,NYM,172,35,20,23,7,0,0.2288,0.3023,0.4118,89.8,15,10.1,45.4,119
2016,Mitch Haniger,14274,25,OF,ARI,123,25,9,17,5,0,0.2294,0.3089,0.4037,92.1,14.2,6,45.8,83
2016,Coco Crisp,1572,36,OF,2 Tms,498,103,54,55,13,10,0.2309,0.3016,0.3969,85.5,13.7,2.4,23.3,374
2016,Andrés Blanco,1907,32,2B/SS,PHI,209,48,26,21,4,2,0.2526,0.3158,0.4053,88.5,6.5,2,35.3,150
2016,Shawn O'Malley,9629,28,SS/OF,SEA,232,48,24,17,2,6,0.2286,0.2987,0.319,84.3,8.8,0.7,15.1,152
2016,Christian Bethancourt,10028,24,C,SDP,204,44,20,25,6,1,0.228,0.2647,0.3679,88,11.6,7.2,35.5,138
2016,Teoscar Hernández,13066,23,OF,HOU,112,23,15,11,4,0,0.23,0.3036,0.42,90.2,12.7,4.1,27.4,73
2016,Marlon Byrd,950,38,OF,CLE,129,31,11,19,5,0,0.2696,0.3256,0.4522,87.1,17.1,7.5,37.5,80
2016,Miguel Rojas,7802,27,SS,MIA,214,48,27,14,1,2,0.2474,0.2885,0.3247,84,7.1,0.6,21.1,175
2016,Rafael Ortega,10323,25,OF,LAA,202,43,24,16,1,8,0.2324,0.2828,0.2919,85.7,6.4,0,23.6,165
2016,Jeff Francoeur,4792,32,OF,2 Tms,331,78,33,34,7,2,0.2541,0.297,0.3779,87.9,8.5,5.4,32.6,221
2016,Rickie Weeks Jr.,1849,33,2B,ARI,205,43,29,27,9,5,0.2389,0.3268,0.45,91.5,10.9,13.4,44.1,127
2016,Gordon Beckham,9015,29,2B,2 Tms,279,52,25,31,5,1,0.2122,0.2939,0.3469,88,12.6,4.1,32,197
2016,Justin Morneau,1737,35,1B,CHW,218,53,16,25,6,0,0.2611,0.3028,0.4286,90.2,9.3,3.9,35.9,153
2016,Tyler White,15564,25,1B,HOU,276,54,24,28,8,1,0.2169,0.2862,0.3775,88.1,15.1,7,31.2,186
2016,Ryan Flaherty,7888,29,2B/3B,BAL,176,34,16,15,3,2,0.2166,0.2914,0.3185,88.6,8,5.4,35.1,111
2016,Bobby Wilson,6564,33,C,3 Tms,251,54,25,33,7,0,0.2368,0.2705,0.3553,85.3,14.6,3.4,26.3,175
2016,ByungHo Park,18497,29,1B/DH,MIN,244,41,28,24,12,1,0.1907,0.2746,0.4093,88.6,14.3,16.7,42.8,138
2016,Jake Smolinski,5408,27,OF,OAK,319,69,28,27,7,1,0.2379,0.2987,0.3448,87.5,13.1,4.4,30.9,249
2016,Yonder Alonso,2530,29,1B,OAK,532,122,52,56,7,3,0.2531,0.3158,0.3672,88.6,11.2,4.1,37.4,412
2016,James Loney,4556,32,1B,NYM,366,91,30,34,9,0,0.2653,0.3068,0.3965,87.5,13,1.6,31.5,308
2016,Avisaíl García,5760,25,OF,CHW,453,101,59,51,12,4,0.2446,0.3068,0.385,90.2,5.4,8,40,300
2016,Chris Stewart,3878,34,C,PIT,113,21,10,7,1,0,0.2143,0.3186,0.2857,86,8.8,0,27.7,83
2016,Shane Robinson,4249,31,OF,LAA,111,17,16,10,1,3,0.1735,0.2569,0.2347,83.8,10.4,0,13.3,83
2016,Josh Bell,13145,23,1B,PIT,152,35,18,19,3,0,0.2734,0.3684,0.4062,88.3,5.8,4.5,37.5,112
2016,David Wright,3787,33,3B,NYM,164,31,18,14,7,3,0.2263,0.3497,0.438,92,20.9,19.5,46.3,82
2016,Enrique Hernández,10472,24,OF,LAD,244,41,25,18,7,2,0.1898,0.2828,0.3241,88.4,13.8,6.6,34.2,152
2016,Tony Kemp,14894,24,2B/OF,HOU,136,26,15,7,1,2,0.2167,0.2963,0.325,84.8,10.9,1.1,17.9,95
2016,Nick Hundley,3376,32,C,COL,317,75,30,48,10,0,0.2595,0.3196,0.4394,90,10.7,5.3,37.2,226
2016,Hank Conger,2505,28,C,TBR,137,24,6,10,3,0,0.1935,0.2647,0.3065,88,15,3.5,34.1,85
2016,Dae-Ho Lee,18722,34,1B,SEA,317,74,33,49,14,0,0.2534,0.3123,0.4281,87.5,6.8,7.8,36.7,218
2016,Gregorio Petit,3812,31,2B/SS,LAA,223,50,21,17,2,1,0.2451,0.2986,0.348,87.2,8.6,3.2,32.1,156
2016,Adam Lind,8027,32,1B/DH,SEA,430,96,48,58,20,0,0.2394,0.286,0.4314,91.2,10.8,8.6,42.7,314
2016,Eric Fryer,8145,30,C,2 Tms,133,31,19,13,0,0,0.2672,0.3359,0.319,83.2,9.4,0,12.6,95
2016,Max Muncy,13301,25,1B/3B,OAK,133,21,13,8,2,0,0.1858,0.3083,0.2566,84.5,12.5,3.4,27,89
2016,Kurt Suzuki,8259,32,C,MIN,373,89,34,49,8,0,0.258,0.3011,0.4029,87.3,14.6,2.6,30.5,302
2016,Brandon Phillips,791,35,2B,CIN,584,160,74,64,11,14,0.2909,0.3196,0.4164,86.4,10.3,2.7,25.5,490
2016,Alejandro De Aza,3371,32,OF,NYM,267,48,31,25,6,4,0.2051,0.297,0.3205,88,16.1,4.7,27.2,169
2016,Scott Van Slyke,4365,29,OF,LAD,113,23,10,7,1,1,0.2255,0.292,0.3137,86,15.6,7.6,35.4,79
2016,Chris Gimenez,7324,33,C,CLE,155,30,17,11,4,0,0.2158,0.2715,0.3309,87.4,8.7,5.8,32,103
2016,Trevor Brown,13895,24,C,SFG,184,41,17,19,5,0,0.237,0.2826,0.3642,83.9,14.5,0.7,21.6,134
2016,Nolan Reimold,3441,32,OF,BAL,227,45,25,15,6,1,0.2217,0.2996,0.3645,86.7,13.4,4.9,32.4,142
2016,Brett Eibner,11369,27,OF,2 Tms,208,36,21,22,6,0,0.1925,0.2657,0.3529,85.5,17.6,7.2,31.7,139
2016,A.J. Ellis,5677,35,C,2 Tms,196,37,11,22,2,2,0.2164,0.3005,0.2982,86.9,14.6,2.8,33.3,144
2016,Cristhian Adames,6013,24,SS,COL,256,49,25,17,2,2,0.2178,0.3043,0.3022,84.1,2.2,2.2,24.3,181
2016,Michael Martinez,7358,33,2B/OF,2 Tms,106,24,16,4,1,0,0.2376,0.2667,0.3069,86,14.7,1.3,19,79
2016,Brandon Barnes,629,30,OF,COL,109,22,10,8,0,1,0.22,0.25,0.32,87,14.7,8,26.7,75
2016,Omar Infante,1609,34,2B,KCR,149,32,16,11,0,0,0.2388,0.2789,0.3209,85.8,13.7,0,23.1,117
2016,Anthony Gose,5097,25,OF,DET,101,19,11,7,2,0,0.2088,0.2871,0.3407,89.4,4.1,3.8,32.1,53
2016,Josh Thole,9689,29,C,TOR,136,20,7,7,1,0,0.1695,0.2537,0.2203,85.8,14.1,2.1,23.4,94
2016,Mitch Moreland,3086,30,1B,TEX,503,107,49,60,22,1,0.2326,0.2982,0.4217,90.6,14.4,9.6,39.5,342
2016,Carlos Pérez,10642,25,C,LAA,291,56,25,31,5,1,0.209,0.2438,0.3246,84.8,14.9,2.2,27.5,229
2016,Austin Romine,5491,27,C,NYY,176,40,17,26,4,1,0.2424,0.2686,0.3818,86.6,8,4.3,27.5,138
2016,Caleb Joseph,7087,30,C,BAL,141,23,7,0,0,0,0.1742,0.2158,0.197,86.5,13.6,0,22.6,106
2016,Aaron Altherr,11270,25,OF,PHI,227,40,23,23,4,7,0.202,0.304,0.2929,88.2,5.5,3.1,34.9,129
2016,Tyler Holt,11391,27,OF,CIN,208,42,21,13,0,4,0.2346,0.3268,0.2961,84.4,6.3,0.7,17,135
2016,Ryan Raburn,2218,35,OF,COL,256,49,30,30,9,0,0.2197,0.3086,0.4036,90.3,11.5,6.2,43.2,146
2016,Iván De Jesús Jr.,9886,29,2B,CIN,243,56,21,20,1,3,0.2534,0.3112,0.3122,84.5,6.4,1.2,20.2,173
2016,Steven Moya,11854,24,OF,DET,100,24,9,11,5,0,0.2553,0.29,0.5,92.5,13.4,8.8,42.1,57
2016,Billy Butler,7399,30,1B/DH,2 Tms,274,71,27,35,5,0,0.284,0.3358,0.416,90.3,8.7,8.1,41.7,211
2016,Rob Refsnyder,13770,25,OF,NYY,175,38,25,12,0,2,0.25,0.3276,0.3092,88.9,4.3,0.8,39.2,125
2016,Erick Aybar,4082,32,SS,2 Tms,459,101,34,34,3,3,0.2434,0.3026,0.3205,85,6.2,0.6,15.1,352
2016,Cody Asche,11997,26,3B/OF,PHI,218,42,22,18,4,3,0.2132,0.2844,0.3503,85.9,15.3,3.5,29.9,144
2016,Justin Smoak,9054,29,1B,TOR,341,65,33,34,14,1,0.2174,0.3138,0.3913,91.6,18.7,11.8,42.2,187
2016,Bryan Holaday,11287,28,C,2 Tms,129,27,17,14,2,0,0.2308,0.2812,0.359,85.1,24.4,6.5,21.7,92
2016,Aaron Hicks,5297,26,OF,NYY,361,71,32,31,8,3,0.2171,0.2806,0.3364,89.1,10.7,4.6,35,263
2016,Luis Sardinas,13153,23,2B/SS,2 Tms,197,44,25,18,4,4,0.2444,0.2953,0.3556,87.4,9.1,2.2,25.7,136
2016,Juan Uribe,454,37,3B/SS,CLE,259,49,19,25,7,0,0.2059,0.2587,0.3319,88.1,10.1,7.3,37.5,192
2016,Yolmer Sánchez,11602,24,2B/3B,CHW,163,32,15,21,4,0,0.2078,0.236,0.3571,88.1,15.9,4.3,27,115
2016,Delino DeShields,11379,23,OF,TEX,203,38,36,13,4,8,0.2088,0.275,0.3132,86.9,5.4,1.5,30.3,132
2016,Brett Wallace,8434,29,1B,SDP,256,41,19,20,6,0,0.1889,0.3086,0.318,87.9,9.8,8.9,35.6,135
2016,Ryan Goins,9807,28,2B/SS,TOR,196,34,13,12,3,1,0.1858,0.228,0.306,88.4,7.7,3.6,33.3,138
2016,Chris Coghlan,6878,31,OF,2 Tms,300,49,35,30,6,2,0.1877,0.29,0.318,87.2,7.3,4.2,30.2,189
2016,Alex Presley,5305,30,OF,2 Tms,134,24,12,11,3,0,0.1983,0.2687,0.2893,85.5,9.1,4.1,23.7,97
2016,Adalberto Mondesi,13769,20,SS,KCR,149,25,16,13,2,9,0.1852,0.2308,0.2815,89.3,10,5.4,26.9,93
2016,Yasmany Tomás,17171,25,OF,ARI,563,144,72,83,31,2,0.2717,0.3126,0.5075,90.6,10,10.6,42,395
2016,Matt Kemp,5631,31,OF,2 Tms,672,167,89,108,35,1,0.2681,0.3036,0.4992,88.2,14.5,11.1,38,479
2016,Clint Robinson,6908,31,1B/OF,WSN,224,46,16,26,5,0,0.2347,0.3049,0.3316,87.7,13.9,4.9,32.3,164
2016,Ji Man Choi,5452,25,1B,LAA,129,19,9,12,5,2,0.1696,0.2713,0.3393,89.7,10.5,4.7,38.4,86
2016,Grégor Blanco,3123,32,OF,SFG,274,54,28,18,1,6,0.2241,0.3088,0.3112,85.2,12.8,2.6,20.3,192
2016,Alexi Amarista,9063,27,2B/SS/OF,SDP,150,36,9,11,0,9,0.2571,0.2953,0.2714,86.9,11.2,0.9,24.1,116
2016,Chris Iannetta,8267,33,C,SEA,338,62,23,24,7,0,0.2102,0.3027,0.3288,89.3,15.1,5.6,39.1,215
2016,Juan Centeno,7168,26,C,MIN,192,46,16,25,3,0,0.2614,0.3122,0.392,85.6,5.9,2.1,22,141
2016,Jimmy Paredes,5481,27,3B/DH/OF,2 Tms,167,35,15,19,5,0,0.2215,0.253,0.3671,89.9,6.3,9.8,37.5,112
2016,Mark Teixeira,1281,36,1B,NYY,438,79,43,44,15,2,0.2041,0.2922,0.3618,88.4,12.8,7.4,37.3,284
2016,AJ Reed,16246,23,1B/DH,HOU,141,20,11,8,3,0,0.1639,0.2695,0.2623,88.6,11.8,8,41.3,75
2016,Chris Johnson,1191,31,3B,MIA,264,54,20,24,5,0,0.2222,0.2814,0.3292,90.6,11.5,4.8,42.8,166
2016,Yan Gomes,9627,28,C,CLE,264,42,22,34,9,0,0.1673,0.2008,0.3267,87,16.8,5.4,32.1,184
2016,Daniel Nava,5450,33,OF,2 Tms,148,29,11,13,1,0,0.2231,0.2973,0.2923,89.4,13,2.9,34,103
2016,Ben Revere,4712,28,OF,WSN,375,76,44,24,2,14,0.2171,0.2601,0.3,83.6,5.5,0.6,16.3,320
2016,Ryan Zimmerman,4220,31,1B/3B,WSN,467,93,60,46,15,4,0.2178,0.2719,0.37,92.6,9.1,7,45.6,329
2016,Preston Tucker,13633,25,OF,HOU,144,22,11,8,4,0,0.1642,0.2222,0.3284,89,14.9,5.3,40.4,94
2016,Billy Burns,12701,26,OF,2 Tms,332,73,39,13,0,17,0.2347,0.2705,0.2958,82.8,7,0,12.5,279
2016,Danny Santana,10322,25,OF,MIN,248,56,29,14,2,12,0.2403,0.2794,0.3262,88.6,7.5,3.9,33.9,180
2016,Tyler Goeddel,13180,23,OF,PHI,234,41,17,16,4,3,0.1925,0.2575,0.2911,87.3,6.2,1.8,30.1,163
2016,Jed Lowrie,4418,32,2B/SS,OAK,369,89,30,27,2,0,0.2633,0.3144,0.3225,86,11.9,0.7,24.5,277
2016,Gerardo Parra,8553,29,OF,COL,381,93,45,39,7,6,0.2527,0.2711,0.3995,87.4,4.9,5,32.2,298
2016,Mikie Mahtook,13130,26,OF,TBR,196,36,16,11,3,0,0.1946,0.2308,0.2919,90,18.8,5.9,37,119
2016,Oswaldo Arcia,10306,25,OF,4 Tms,222,41,17,23,8,1,0.203,0.2703,0.3663,86.5,12.2,9.8,33.3,123
2016,Ryan Hanigan,4952,35,C,BOS,113,18,9,14,1,0,0.1714,0.2301,0.2381,82.3,7.8,0,17.9,78
2016,Jarrod Saltalamacchia,5557,31,C,DET,292,42,30,38,12,0,0.1707,0.2842,0.3455,89.3,21.4,11.6,34.7,147
2016,Daniel Castro,15450,23,2B/SS,ATL,139,26,8,7,0,1,0.2,0.2409,0.2077,84.1,5,0,15.7,108
2016,Ryan Howard,2154,36,1B,PHI,362,65,35,59,25,0,0.1964,0.2569,0.4532,92,16.6,15.5,47.7,220
2016,Alex Rodriguez,1274,40,3B/SS,NYY,243,45,19,31,9,3,0.2,0.2469,0.3511,89.8,10.7,7.5,38.5,161
2016,Mike Aviles,5986,35,SS,DET,181,35,17,6,1,2,0.2096,0.2584,0.2695,85.9,7.1,0,26.6,143
2016,JB Shuck,6677,29,OF,CHW,241,46,27,14,4,3,0.2054,0.2479,0.2991,84.9,7.5,1.9,26.6,207
2016,Ramón Flores,11165,24,OF,MIL,289,51,18,19,2,3,0.2048,0.2937,0.261,84.5,9.5,1.5,20.2,198
2016,Alexei Ramirez,5133,34,SS,2 Tms,506,115,38,48,6,8,0.2406,0.2772,0.3326,84.5,9,0.5,23.9,418
2016,Ramón Cabrera,10327,26,C,CIN,185,42,11,23,3,1,0.2456,0.2787,0.3567,87.6,13.1,2.1,25.3,146
2016,A.J. Pierzynski,746,39,C,ATL,259,54,15,23,2,1,0.2186,0.2432,0.3036,87.5,7.4,1.8,33.9,221
2016,Prince Fielder,4613,32,1B,TEX,370,69,29,44,8,0,0.2117,0.2919,0.3344,88.8,11.5,6,31.7,268
2016,Dioner Navarro,3179,32,C,2 Tms,334,63,26,35,6,1,0.2072,0.2651,0.3224,84.9,17.4,1.7,22.3,238
2017,Aaron Judge,15640,25,OF,NYY,678,154,128,114,52,9,0.2841,0.4218,0.6273,95,15.8,25.7,54.7,338
2017,Jose Altuve,5417,27,2B,HOU,662,204,112,81,24,32,0.3458,0.41,0.5475,86.1,9.7,6.7,28.1,511
2017,Kris Bryant,15429,25,3B/OF,CHC,665,162,111,73,29,7,0.2951,0.409,0.5373,87,17,9.6,36.6,427
2017,José Ramírez,13510,24,3B,CLE,645,186,107,83,29,17,0.3179,0.3736,0.5829,88.2,15,5,34.7,521
2017,Mike Trout,10155,25,OF,LAA,507,123,92,72,33,22,0.306,0.4418,0.6294,88.8,18,13.3,39.9,316
2017,Giancarlo Stanton,4949,27,DH/OF,MIA,692,168,123,132,59,2,0.2814,0.3757,0.6315,92,11.2,17.4,45.6,437
2017,Joey Votto,4314,33,1B,CIN,707,179,106,100,36,5,0.3202,0.454,0.5778,87.5,14.1,9.1,32.8,482
2017,Brian Dozier,9810,30,2B,MIN,705,167,106,93,34,16,0.2707,0.3589,0.4976,87.9,16.7,8.4,34.7,478
2017,Anthony Rendon,12861,27,3B,WSN,605,153,81,100,25,7,0.3012,0.4033,0.5335,89.8,18.3,6.5,38.4,432
2017,Francisco Lindor,12916,23,SS,CLE,723,178,99,89,33,15,0.2734,0.337,0.5054,89.1,14.6,7.1,35.9,566
2017,Tommy Pham,2967,29,OF,STL,530,136,95,73,23,25,0.3063,0.411,0.5203,89.6,6.9,9.3,43.7,332
2017,Nolan Arenado,9777,26,3B,COL,680,187,100,130,37,3,0.3086,0.3732,0.5858,88.8,17.6,8.5,37.9,507
2017,Justin Turner,5235,32,3B,LAD,543,147,72,71,21,7,0.3217,0.4151,0.5295,89.4,18.5,8.6,38.6,409
2017,Marcell Ozuna,10324,26,DH/OF,MIA,679,191,93,124,37,1,0.3116,0.3756,0.5481,90.9,10.2,9.3,45.6,471
2017,Charlie Blackmon,7859,30,OF,COL,725,213,137,104,37,14,0.3307,0.3989,0.6009,87.3,13.4,8.7,36.4,515
2017,Paul Goldschmidt,9218,29,1B,ARI,665,166,117,120,36,18,0.2975,0.4036,0.5627,91.5,11.6,13.3,47.5,415
2017,Corey Seager,13624,23,SS,LAD,613,159,85,77,22,4,0.295,0.3752,0.4787,89.7,11.1,8.5,44.3,411
2017,Buster Posey,9166,30,C,SFG,568,158,62,67,12,6,0.3198,0.3996,0.4615,88.7,11.6,3.5,34.8,433
2017,Josh Donaldson,5038,31,3B,TOR,496,112,65,78,33,2,0.2699,0.3851,0.559,90.9,14.1,14.1,44.9,306
2017,Carlos Correa,14162,22,SS,HOU,481,133,82,84,24,2,0.3152,0.3909,0.5498,90.5,9.3,9.3,44.9,334
2017,Travis Shaw,11982,27,3B,MIL,606,147,84,101,31,10,0.2732,0.3488,0.513,88.6,14.9,7.4,39.4,404
2017,Lorenzo Cain,9077,31,OF,KCR,645,175,86,49,15,26,0.2997,0.3628,0.4401,89.1,10.2,3.5,35.6,486
2017,Andrelton Simmons,10847,27,SS,LAA,647,164,77,69,14,19,0.2784,0.3308,0.4211,86.1,7.8,2.5,28.7,530
2017,Alex Bregman,17678,23,3B,HOU,626,158,88,71,19,17,0.2842,0.352,0.4748,87.6,16.4,4.7,34.3,467
2017,Mookie Betts,13611,24,OF,BOS,712,166,101,102,24,26,0.2643,0.3441,0.4586,88.4,14.3,4.5,37.9,554
2017,Chris Taylor,13757,26,OF,LAD,568,148,85,72,21,17,0.2879,0.3539,0.4961,87.1,12.2,8,34.1,373
2017,Jonathan Schoop,11265,25,2B,BAL,675,182,92,105,32,1,0.2926,0.3378,0.5032,87.8,13,7,37.2,487
2017,Freddie Freeman,5361,27,1B,ATL,514,135,84,71,28,8,0.3068,0.4027,0.5864,89.7,16,13.3,42.7,347
2017,J.T. Realmuto,11739,26,C,MIA,579,148,68,65,17,8,0.2782,0.3316,0.4511,88.2,10.1,6.3,35.5,429
2017,José Abreu,15676,30,1B,CHW,675,189,95,102,33,3,0.3043,0.3541,0.5523,90.6,11.1,9.5,45.2,506
2017,Byron Buxton,14161,23,OF,MIN,511,117,69,51,16,29,0.2532,0.3142,0.4134,88.1,15.2,5.6,32,319
2017,Mike Zunino,13265,26,C,SEA,435,97,52,64,25,1,0.2506,0.331,0.509,90.3,20.5,14.5,46.9,228
2017,Anthony Rizzo,3473,27,1B,CHC,691,156,99,109,32,10,0.2727,0.3922,0.507,88.4,15.5,9.3,39.1,486
2017,Justin Upton,5222,29,OF,2 Tms,635,152,100,109,35,14,0.2729,0.3606,0.5404,88.8,15.7,13.2,41.3,378
2017,George Springer,12856,27,OF,HOU,629,155,112,85,34,5,0.2828,0.3668,0.5219,89.2,9.3,9.3,43.2,441
2017,Marwin Gonzalez,5497,28,SS,HOU,515,138,67,90,23,8,0.3033,0.377,0.5297,88.7,11.7,6.6,36.6,361
2017,J.D. Martinez,6184,29,DH/OF,2 Tms,489,131,85,104,45,4,0.3032,0.3763,0.6898,91,15.4,19.5,49.3,308
2017,Avisaíl García,5760,26,OF,CHW,561,171,75,80,18,5,0.3301,0.3797,0.5058,90.3,7.6,8.8,40.8,408
2017,Tyler Flowers,9134,31,C,ATL,370,89,41,49,12,0,0.2808,0.3784,0.4448,89.6,11.2,6.3,40.1,237
2017,Michael Conforto,16376,24,OF,NYM,440,104,72,68,27,2,0.2788,0.3841,0.555,89.1,13.7,12.2,43.4,262
2017,Zack Cozart,2616,31,SS,CIN,507,130,80,63,24,3,0.2968,0.3846,0.5479,85.8,14.8,4.4,28.9,364
2017,Elvis Andrus,8709,28,SS,TEX,689,191,100,88,20,25,0.297,0.3372,0.4712,86.5,7.6,4.2,31.3,547
2017,Bryce Harper,11579,24,OF,WSN,492,134,95,87,29,4,0.319,0.4126,0.5952,91.1,14.1,11.4,42.6,324
2017,Gary Sánchez,11442,24,C,NYY,525,131,79,90,33,2,0.2781,0.3448,0.5308,90.8,13.1,11.8,42.9,355
2017,Ender Inciarte,4922,26,OF,ATL,718,201,93,57,11,22,0.3036,0.3497,0.4094,82.8,10.2,0.5,13.1,575
2017,Cody Bellinger,15998,21,1B/OF,LAD,548,128,87,97,39,10,0.2667,0.3522,0.5812,90.8,17.5,12.2,45.7,337
2017,Christian Yelich,11477,25,OF,MIA,695,170,100,81,18,16,0.2824,0.3689,0.4385,90.6,4.6,7,45.8,471
2017,Eugenio Suárez,12552,25,3B,CIN,632,139,87,82,26,4,0.2603,0.3671,0.4607,86.2,14.8,6.9,32.1,392
2017,Jed Lowrie,4418,33,2B/SS,OAK,645,157,86,69,14,0,0.2769,0.3597,0.448,89.1,18.7,6,37.7,470
2017,Yasmani Grandal,11368,28,C,LAD,482,108,50,58,22,0,0.2466,0.3077,0.4589,88.2,12.6,7.4,38.8,312
2017,Brett Gardner,9927,33,OF,NYY,682,157,96,63,21,23,0.2643,0.3501,0.4276,86.4,10.3,3.8,31,480
2017,Josh Reddick,3892,30,OF,HOU,540,150,77,82,13,7,0.3145,0.3628,0.4843,87.7,17.8,3.8,31.6,418
2017,Eric Hosmer,3516,27,1B,KCR,671,192,98,94,25,6,0.3184,0.3845,0.4975,89.8,3.9,7,39.4,501
2017,Austin Barnes,12158,27,C,LAD,262,63,35,38,8,4,0.289,0.4084,0.4862,88.2,9.5,5.7,36.8,175
2017,Steven Souza Jr.,5667,28,OF,TBR,617,125,78,78,30,16,0.239,0.3512,0.4589,88.8,11.7,11.5,38.6,347
2017,Daniel Murphy,4316,32,1B/2B,WSN,593,172,94,93,23,2,0.3221,0.3845,0.5431,89.6,17.3,4.8,41.8,460
2017,Andrew McCutchen,9847,30,OF,PIT,650,159,94,88,28,11,0.2789,0.3631,0.486,88.4,14.2,7.7,38.9,457
2017,Jedd Gyorko,10816,28,2B/3B,STL,481,116,52,67,20,6,0.2723,0.341,0.4718,86.4,15.5,7.9,31.5,328
2017,Kyle Seager,9785,29,3B,SEA,650,144,72,88,27,2,0.2491,0.3231,0.4498,88.3,21,8.6,33.9,474
2017,Jean Segura,5933,27,2B/SS,SEA,566,157,80,45,11,22,0.2996,0.3487,0.4275,87.6,6.7,3.2,34.5,442
2017,Nelson Cruz,2434,36,DH/OF,SEA,645,160,91,119,39,1,0.2878,0.3752,0.5486,93.2,12.4,14.2,48.3,423
2017,Ryan Zimmerman,4220,32,1B/3B,WSN,576,159,90,108,36,1,0.3034,0.3576,0.5725,91.4,8.3,12.2,49.1,403
2017,Kevin Kiermaier,11038,27,OF,TBR,421,105,56,39,15,16,0.2763,0.3381,0.45,86.9,8.1,5.2,30.5,286
2017,Justin Smoak,9054,30,1B,TOR,637,151,85,90,38,0,0.2696,0.3548,0.5286,89.6,17.1,13.6,43,434
2017,DJ LeMahieu,9874,28,2B,COL,682,189,95,64,8,6,0.3103,0.3741,0.4089,89.3,3.3,1.9,41.4,527
2017,Whit Merrifield,11281,28,2B/OF,KCR,630,169,80,78,19,34,0.2879,0.3243,0.46,87.6,16.4,5.1,29.6,507
2017,Xander Bogaerts,12161,24,SS,BOS,635,156,94,62,10,15,0.2732,0.3433,0.4028,87.3,8.1,1.3,30.2,457
2017,Martín Maldonado,6887,30,C,LAA,471,95,43,38,14,0,0.2214,0.2765,0.3683,85.4,12.9,5.6,31.3,319
2017,Domingo Santana,10348,24,OF,MIL,607,146,88,85,30,15,0.2781,0.3707,0.5048,89.2,10.5,9.4,40.4,350
2017,Javier Báez,12979,24,SS,CHC,508,128,75,75,23,10,0.2729,0.3167,0.4797,87.9,10.1,8.4,36,333
2017,Trea Turner,16252,24,SS,WSN,447,117,75,45,11,46,0.284,0.3378,0.4515,89.1,7.1,5.4,39.2,333
2017,Todd Frazier,785,31,3B,2 Tms,576,101,74,76,27,4,0.2131,0.3438,0.4283,87.5,20.3,9.6,30.3,354
2017,Khris Davis,9112,29,DH/OF,OAK,652,140,91,110,43,4,0.2473,0.3359,0.5283,92.2,14.2,17.7,52.4,378
2017,Logan Morrison,9205,29,1B/OF,TBR,601,126,75,85,38,2,0.2461,0.3527,0.5156,88.6,17.6,12.8,42.3,366
2017,Robinson Canó,3269,34,2B,SEA,648,166,79,97,23,1,0.2804,0.338,0.4527,90.3,7.5,6.3,44,510
2017,Carlos Santana,2396,31,1B,CLE,667,148,90,79,23,5,0.2592,0.3628,0.4553,88.6,13,7.5,38.6,479
2017,Michael A. Taylor,11489,26,OF,WSN,432,108,55,53,19,17,0.2707,0.3202,0.4862,87.5,12.4,9.8,38.3,265
2017,Christian Vázquez,9774,26,C,BOS,345,94,43,32,5,7,0.2901,0.3304,0.4043,85.2,8,2.7,22.2,261
2017,Joe Mauer,1857,34,C/1B,MIN,597,160,69,71,7,2,0.3048,0.3836,0.4171,90.6,6.2,4.5,46.3,445
2017,César Hernández,10556,27,2B,PHI,577,150,85,34,9,15,0.2935,0.3726,0.4207,85.7,4.5,2.9,29.7,408
2017,Starlin Castro,4579,27,2B/SS,NYY,473,133,66,63,16,2,0.3002,0.3383,0.4537,87.4,6.9,4.5,36.5,353
2017,Tim Beckham,7949,27,SS,2 Tms,575,148,67,62,22,6,0.2777,0.3275,0.454,88.4,8.5,9.5,40.7,368
2017,Josh Harrison,8202,29,2B/3B,PIT,542,132,66,47,16,12,0.2716,0.3389,0.4321,84.9,16.5,2.7,24.1,401
2017,Adam Duvall,10950,28,OF,CIN,647,146,78,99,31,5,0.2487,0.3014,0.4804,87.3,21.1,8.9,32.6,428
2017,Odúbel Herrera,11476,25,OF,PHI,563,148,67,56,14,8,0.2814,0.325,0.4525,87.2,9.7,6.2,32.3,402
2017,Jay Bruce,9892,30,OF,2 Tms,617,141,82,101,36,1,0.2541,0.3241,0.5081,88.4,18.4,10.5,38.8,419
2017,Jake Lamb,13329,26,3B,ARI,635,133,89,105,30,6,0.2481,0.3575,0.4869,88.3,12.2,9.3,36.3,389
2017,Matt Carpenter,8090,31,3B,STL,622,120,91,69,23,2,0.2414,0.3839,0.4507,89.7,22.8,8.2,37,379
2017,Aaron Hicks,5297,27,OF,NYY,361,80,54,52,15,10,0.2658,0.3722,0.4751,86.7,11.7,7.5,32.5,240
2017,Edwin Encarnación,2151,34,1B/3B/DH,CLE,669,143,96,107,38,2,0.2581,0.3772,0.5036,89.2,16.8,10.3,42.5,426
2017,Mike Moustakas,4892,28,3B,KCR,598,151,75,85,38,0,0.2721,0.3144,0.5207,87.4,18.2,8.6,33.8,467
2017,Yasiel Puig,14225,26,OF,LAD,570,131,72,74,28,15,0.2625,0.3456,0.487,88.5,10.4,9.4,37.6,404
2017,Didi Gregorius,6012,27,SS,NYY,570,153,73,87,25,3,0.2865,0.3181,0.4775,84.5,17.7,3.6,20.9,471
2017,Adrian Beltré,639,38,3B,TEX,389,106,47,71,17,1,0.3118,0.383,0.5324,86.7,12.5,5.8,32.5,294
2017,Eddie Rosario,12155,25,OF,MIN,589,157,79,78,27,9,0.2897,0.3282,0.5074,87.2,13.3,7.4,31.8,448
2017,Dee Strange-Gordon,8203,29,2B,MIA,695,201,114,33,2,60,0.3078,0.341,0.3752,81.6,2.4,0.2,11.2,566
2017,Yadier Molina,7007,34,C,STL,543,137,60,82,18,9,0.2735,0.3118,0.4391,87.9,14.5,5.9,35,437
2017,Ian Kinsler,6195,35,2B,DET,613,130,90,52,22,14,0.2359,0.3132,0.412,86.3,19.5,4.9,30.1,465
2017,Brian McCann,4810,33,C,HOU,399,84,47,62,18,1,0.2407,0.3233,0.4355,87.6,14.5,5.4,33.8,296
2017,Manuel Margot,14712,22,OF,SDP,529,128,53,39,13,17,0.2628,0.3125,0.4086,85.3,10.4,2.6,29.3,386
2017,Dexter Fowler,4062,31,OF,STL,491,111,68,64,18,7,0.2643,0.3625,0.4881,88.5,13.1,6.5,36.9,323
2017,Eric Thames,3711,30,1B/OF,MIL,551,116,83,63,31,4,0.2473,0.3593,0.5181,88.2,12.8,11.1,39.3,306
2017,Miguel Sanó,12164,24,1B/3B,MIN,483,112,75,77,28,0,0.2642,0.352,0.5071,92.3,13.1,15.9,47,252
2017,Scooter Gennett,10339,27,2B,CIN,497,136,80,97,27,3,0.295,0.3421,0.5315,86.4,13.2,6.6,35.3,349
2017,Joey Gallo,14128,23,OF,TEX,532,94,85,80,41,7,0.2094,0.3327,0.5367,93.3,23,22.1,52.2,253
2017,Corey Dickerson,10762,28,OF,TBR,629,166,84,62,27,4,0.2823,0.3248,0.4898,87.2,13.9,7.5,31.7,438
2017,Mitch Haniger,14274,26,OF,SEA,410,104,58,47,16,5,0.2818,0.3521,0.4905,87.7,10.9,6.1,35.4,277
2017,Jackie Bradley Jr.,12984,27,OF,BOS,541,118,58,63,17,8,0.2448,0.3235,0.4025,88.3,9.5,7.5,40,360
2017,Justin Bour,9744,29,1B,MIA,429,109,52,83,25,1,0.2891,0.366,0.5358,89.2,9.7,10.8,40.4,286
2017,Chris Iannetta,8267,34,C,ARI,316,69,38,43,17,0,0.2537,0.3544,0.511,87.9,15.6,9.1,36.6,186
2017,Evan Longoria,9368,31,3B,TBR,677,160,71,86,20,6,0.261,0.3131,0.4241,86.7,12.7,5.2,32.4,516
2017,Brandon Belt,10264,29,1B,SFG,451,92,63,51,18,3,0.2408,0.3548,0.4686,89.3,22,11.1,40.6,279
2017,Willson Contreras,11609,25,C,CHC,428,104,50,74,21,5,0.2759,0.356,0.4987,88.2,7.1,10.3,35.9,282
2017,Addison Russell,14106,23,SS,CHC,385,84,52,43,12,2,0.2386,0.3039,0.4176,88,14.8,5.7,35.2,261
2017,Matt Joyce,3353,32,OF,OAK,544,114,78,68,25,4,0.2431,0.3346,0.4733,88.2,15.1,8.8,34.4,363
2017,Matt Chapman,16505,24,3B,OAK,326,68,39,40,14,0,0.2345,0.3129,0.4724,90.1,19.9,12,39.5,200
2017,Aaron Altherr,11270,26,OF,PHI,412,101,58,65,19,5,0.2715,0.3398,0.5161,89.3,11.2,10.4,42.8,269
2017,Yonder Alonso,2530,30,1B,2 Tms,521,120,72,67,28,2,0.2661,0.3647,0.5011,89.2,19.4,9.9,41.1,333
2017,Matt Olson,14344,23,1B,OAK,216,49,33,45,24,0,0.2593,0.3519,0.6508,92.6,17.8,16.3,48.8,129
2017,Yolmer Sánchez,11602,25,2B/3B,CHW,534,129,63,59,12,8,0.2665,0.3188,0.4132,84.8,10.4,3.4,24.6,384
2017,Orlando Arcia,13185,22,SS,MIL,548,140,56,53,15,14,0.2767,0.3242,0.4071,85.7,6.8,3.9,27.6,411
2017,Kolten Wong,12532,26,2B,STL,411,101,55,42,4,8,0.2853,0.3756,0.4124,86.4,9.7,3,28.9,298
2017,Nick Castellanos,11737,25,3B/OF,DET,665,167,73,101,26,4,0.272,0.3203,0.4902,89.1,14.2,10.7,42,477
2017,Neil Walker,7539,31,2B,2 Tms,448,102,59,49,14,0,0.2649,0.3624,0.439,85.9,17,4.8,31.3,311
2017,Jason Castro,8722,30,C,MIN,407,86,49,47,10,0,0.2416,0.3325,0.3876,87.2,13.2,6.8,32,250
2017,Carlos Gómez,4881,31,OF,TEX,426,94,51,51,17,13,0.2554,0.3404,0.462,88.6,15.9,8.8,34.9,249
2017,Rhys Hoskins,16472,24,1B,PHI,212,44,37,48,18,2,0.2588,0.3962,0.6176,90.9,18.4,13.5,45.2,126
2017,Paul DeJong,18015,23,SS,STL,443,119,55,65,25,1,0.2854,0.3251,0.5324,86.6,18.1,9.2,40.1,294
2017,Yuli Gurriel,19198,33,1B,HOU,564,158,69,75,18,3,0.2987,0.3316,0.4858,89.9,10.4,3.4,43.5,473
2017,Jordy Mercer,6547,30,SS,PIT,558,128,52,58,14,0,0.255,0.3262,0.4064,85.8,9.1,3.1,32.4,416
2017,Jake Marisnick,11339,26,OF,HOU,259,56,50,35,16,9,0.2435,0.3191,0.4957,88.2,18.4,11.9,35,143
2017,Joe Panik,11936,26,2B,SFG,573,147,60,53,10,4,0.2877,0.3474,0.4207,85,11.4,2.6,23.9,468
2017,Brandon Drury,11615,24,2B/3B,ARI,480,119,41,63,13,1,0.2674,0.3167,0.4472,88.2,7.7,4.9,38.7,344
2017,Salvador Perez,7304,27,C,KCR,499,126,57,80,27,1,0.2675,0.2972,0.4947,88.7,18.7,9.4,38.9,381
2017,Welington Castillo,3256,30,C,BAL,365,96,44,53,20,0,0.2815,0.3233,0.4897,89.4,14.4,10.2,44.3,246
2017,Andrew Benintendi,17901,22,OF,BOS,658,155,84,90,20,20,0.2705,0.3516,0.4241,87.5,14.7,5.5,33.4,470
2017,Trevor Story,12564,24,SS,COL,555,120,68,82,24,7,0.2386,0.3081,0.4573,89.4,19.2,10.5,38.3,313
2017,Max Kepler,12144,24,OF,MIN,568,124,67,69,19,6,0.2427,0.3122,0.4247,88.7,13.2,4,36.7,401
2017,Chase Headley,4720,33,3B,NYY,586,140,77,61,12,9,0.2734,0.3521,0.4062,87.2,11.7,4.6,33.2,388
2017,Jorge Polanco,13152,23,2B/SS,MIN,544,125,60,74,13,13,0.2561,0.3128,0.4098,85,16.3,2.6,25.8,423
2017,AJ Pollock,9256,29,OF,ARI,466,113,73,49,14,20,0.2659,0.3305,0.4706,88.1,8.5,5.6,38.4,354
2017,Austin Hedges,12976,24,C,SDP,417,83,36,55,18,4,0.2145,0.262,0.3979,87.8,17.8,6.7,34.3,269
2017,Austin Jackson,9848,30,OF,CLE,318,89,46,35,7,3,0.3179,0.3868,0.4821,88.9,10.5,5,34.2,220
2017,Trey Mancini,15149,25,1B/DH/OF,BAL,586,159,65,78,24,1,0.2928,0.3379,0.488,88.6,7.1,10,41.2,408
2017,Lonnie Chisenhall,7571,28,3B/OF,CLE,270,68,34,53,12,2,0.2881,0.3596,0.5212,86.3,16.6,10.2,36.9,187
2017,Jarrod Dyson,4866,32,OF,SEA,390,87,56,30,5,28,0.2514,0.3238,0.3497,82.4,9.5,1.7,18.5,297
2017,Ian Happ,17919,22,OF,CHC,413,92,62,68,24,8,0.2527,0.3285,0.5137,88.5,13.3,13.3,39.4,241
2017,Yan Gomes,9627,29,C,CLE,383,79,43,56,14,0,0.2317,0.3089,0.3988,86.4,16.2,5.7,32.7,245
2017,Michael Brantley,4106,30,OF,CLE,375,101,47,52,9,11,0.2988,0.3573,0.4438,88.4,9.9,4.1,36.1,292
2017,David Freese,9549,34,3B,PIT,503,112,44,52,10,0,0.2629,0.3678,0.3709,88.9,3.1,6.4,42.9,314
2017,Brandon Crawford,5343,30,SS,SFG,570,131,58,77,14,3,0.2529,0.3053,0.4035,87.5,11.3,5.8,33.5,414
2017,José Pirela,5485,27,2B/OF,SDP,344,90,43,40,10,4,0.2885,0.3469,0.4904,89.3,6,4.5,39.1,244
2017,Robinson Chirinos,3142,33,C,TEX,309,67,46,38,17,1,0.2548,0.3604,0.5057,87.6,17.7,11.3,38.3,186
2017,Billy Hamilton,10199,26,OF,CIN,633,144,85,38,4,59,0.2474,0.2994,0.3351,80.5,10.2,0.4,11.7,456
2017,Yoenis Cespedes,13110,31,OF,NYM,321,85,46,42,17,0,0.2921,0.352,0.5395,90.1,18.9,11.2,44.6,232
2017,Manny Machado,11493,24,3B,BAL,690,163,81,95,33,9,0.2587,0.3101,0.4714,91.3,13.6,10.5,47.5,524
2017,Roberto Pérez,2900,28,C,CLE,248,45,22,38,8,0,0.2074,0.291,0.3733,86.2,6.8,6.6,39.1,151
2017,Freddy Galvis,6609,27,SS,PHI,663,155,71,61,12,14,0.2549,0.3086,0.3816,86.3,15.2,2.4,23.5,503
2017,Curtis Granderson,4747,36,OF,2 Tms,527,95,74,64,26,6,0.2116,0.3226,0.4521,87.7,20.2,10.9,34.4,329
2017,Russell Martin,4616,34,C,TOR,365,68,49,35,13,1,0.2215,0.3434,0.3876,88.3,6.9,7.1,37.9,225
2017,Eduardo Núñez,6848,30,3B/SS,2 Tms,491,146,60,58,12,24,0.3126,0.3408,0.4604,86.4,6.3,1.7,32.4,416
2017,Johan Camargo,14950,23,3B/SS,ATL,256,72,30,27,4,0,0.2988,0.3307,0.4523,88.1,9.5,4.7,35.8,193
2017,Manny Piña,2829,30,C,MIL,359,92,45,43,9,2,0.2788,0.3268,0.4242,87.1,17.6,3.9,29.8,255
2017,Alex Avila,7476,30,C,2 Tms,376,82,41,49,14,0,0.2637,0.3867,0.4469,91,12.4,15,50.8,193
2017,José A. Martínez,7996,28,1B/OF,STL,307,84,47,46,14,4,0.3088,0.3791,0.5184,90.9,11.3,10.7,45.3,215
2017,Travis d'Arnaud,7739,28,C,NYM,376,85,39,57,16,0,0.2443,0.2926,0.4425,88,13.5,6.5,35.7,292
2017,Eric Sogard,7927,31,2B,MIL,299,68,37,18,3,3,0.2731,0.3926,0.3775,84.7,13.9,1.4,22.6,213
2017,Ryan Braun,3410,33,OF,MIL,425,102,58,52,17,12,0.2684,0.3365,0.4868,89.9,7.7,8.4,44,308
2017,David Peralta,2136,29,OF,ARI,577,154,82,57,14,8,0.2933,0.3518,0.4438,88,4.2,4.1,35.4,434
2017,Jacoby Ellsbury,4727,33,OF,NYY,409,94,65,39,7,22,0.264,0.3483,0.4017,85.6,10,2.7,25.4,295
2017,Wil Myers,10047,26,1B/OF,SDP,649,138,80,74,30,20,0.2434,0.3282,0.4638,89.4,15.4,9.1,44.6,394
2017,Ozzie Albies,16556,20,2B,ATL,244,62,34,28,6,8,0.2857,0.3539,0.4562,87.3,15.9,4.9,26.6,184
2017,Scott Schebler,12225,26,OF,CIN,531,110,63,67,30,5,0.2326,0.307,0.4841,89.1,11.6,10.2,40.8,353
2017,Miguel Rojas,7802,28,SS,MIA,306,79,37,26,1,2,0.2904,0.3607,0.375,83.8,9.3,0,22.7,243
2017,Yangervis Solarte,5352,29,2B/3B,SDP,512,119,49,64,18,3,0.2554,0.3145,0.4163,85.4,14.7,3.9,27.6,409
2017,José Reyes,1736,34,SS,NYM,561,123,75,58,15,24,0.2455,0.3147,0.4132,84.3,15.8,2.6,24.2,430
2017,Adeiny Hechavarría,10459,28,SS,2 Tms,348,86,37,30,8,4,0.2606,0.289,0.4061,87.8,9.8,3,34.6,267
2017,Asdrúbal Cabrera,4962,31,SS,NYM,540,134,66,59,14,3,0.2797,0.3506,0.4342,87.2,12,4.7,33.5,402
2017,Leury García,5913,26,OF,CHW,326,81,41,33,9,8,0.27,0.3158,0.4233,85.2,4,4.2,28.4,236
2017,Keon Broxton,9253,27,OF,MIL,463,91,66,49,20,21,0.2198,0.2987,0.4203,87.2,10.3,11.6,34.9,241
2017,Adam Jones,6368,31,OF,BAL,635,170,82,73,26,2,0.2848,0.3218,0.4657,86.9,11.9,6.4,31.1,488
2017,Randal Grichuk,10243,25,OF,STL,442,98,53,59,22,6,0.2379,0.2851,0.4733,89,16.2,16,41.4,281
2017,Cameron Maybin,5223,30,OF,2 Tms,450,90,63,35,10,33,0.2278,0.3185,0.3646,87.2,4.6,3.3,32.7,303
2017,Eduardo Escobar,6153,28,3B,MIN,499,116,62,73,21,5,0.2538,0.3092,0.4486,86.5,17.8,8.3,30.6,363
2017,Howie Kendrick,4229,33,2B,2 Tms,334,96,40,41,9,12,0.3148,0.3683,0.4754,87.5,1.2,7.9,34,239
2017,Kevin Pillar,12434,28,OF,TOR,632,150,72,42,16,15,0.2555,0.3005,0.4037,86,13,3.4,29.1,498
2017,Mikie Mahtook,13130,27,OF,DET,379,96,50,38,12,6,0.2759,0.3298,0.4569,88.4,10.2,5.5,38,271
2017,Juan Lagares,5384,28,OF,NYM,272,63,37,15,3,7,0.25,0.2963,0.3651,86,8.6,2,32.7,199
2017,Dustin Pedroia,8370,33,2B,BOS,463,119,46,62,7,4,0.2931,0.3688,0.3916,85.2,10.5,1.1,21.1,364
2017,Delino DeShields,11379,24,OF,TEX,440,101,75,22,6,29,0.2686,0.3466,0.367,83.6,11.5,2.8,21.9,284
2017,Evan Gattis,11003,30,C/DH,HOU,325,79,41,55,12,0,0.2633,0.3108,0.4567,88,17.4,5.5,35.7,253
2017,Kole Calhoun,11200,29,OF,LAA,654,139,77,71,19,5,0.2443,0.3333,0.3919,88.3,12.3,5.7,35.5,441
2017,Jesús Aguilar,11342,27,1B,MIL,311,74,40,52,16,0,0.2652,0.3312,0.5054,89.1,11.8,11.2,42.8,188
2017,Marcus Semien,12533,26,2B/SS,OAK,386,85,53,40,10,12,0.2485,0.3247,0.3977,87.1,17.2,4.6,30,261
2017,Wilmer Difo,14320,25,2B/SS,WSN,365,90,47,21,5,10,0.2711,0.3194,0.3705,84.5,6.7,2.3,26.1,266
2017,Omar Narváez,13338,25,C,CHW,295,70,23,14,2,0,0.2767,0.3733,0.3399,83.6,11.9,0,18.6,211
2017,Tucker Barnhart,10200,26,C,CIN,423,100,26,44,7,4,0.2703,0.3469,0.4027,86.2,9.7,2.3,25.6,310
2017,Starling Marte,9241,28,OF,PIT,339,85,48,31,7,21,0.2751,0.3333,0.3786,83.2,9.3,5.6,29.2,248
2017,Jon Jay,5227,32,OF,CHC,433,112,65,34,2,6,0.2955,0.3744,0.3747,85.7,10.3,0.7,22.7,304
2017,Kurt Suzuki,8259,33,C,ATL,309,78,38,50,19,0,0.2826,0.3506,0.5362,87.2,18.6,7.1,34.5,240
2017,Brandon Nimmo,12927,24,OF,NYM,215,46,26,21,5,2,0.2599,0.3785,0.4181,89.2,10,6.7,37.5,120
2017,Caleb Joseph,7087,31,C,BAL,266,65,31,28,8,0,0.2559,0.2868,0.4134,84.4,10,6,30.9,183
2017,Kyle Schwarber,16478,24,DH/OF,CHC,486,89,67,59,30,1,0.2109,0.3148,0.4668,89.6,18.6,15.1,41.5,272
2017,Chris Gimenez,7324,34,C,MIN,225,41,28,16,7,1,0.2204,0.3498,0.3817,86.1,15.6,3.1,31.3,128
2017,Gerardo Parra,8553,30,OF,COL,425,121,56,71,10,2,0.3087,0.3412,0.4515,86,8.3,2.1,29.7,334
2017,Albert Almora Jr.,14109,23,OF,CHC,323,89,39,46,8,1,0.2977,0.3375,0.4448,87.2,8.6,4,32.3,251
2017,Ketel Marte,13613,23,2B,ARI,255,58,30,18,5,3,0.2601,0.3451,0.3946,87.5,7.9,2.7,34.6,188
2017,Ronald Torreyes,11400,24,2B/3B/SS,NYY,336,92,35,36,3,2,0.2921,0.3142,0.3746,81.5,8.8,0.7,13.2,281
2017,Jose Iglesias,10231,27,SS,DET,489,118,56,54,6,7,0.2549,0.2881,0.3693,82.9,8.7,1.2,21.1,402
2017,Greg Garcia,10951,27,2B/3B,STL,290,61,27,20,2,2,0.2531,0.3649,0.332,84.3,9.3,0.5,24.9,183
2017,René Rivera,3648,33,C,2 Tms,237,55,23,35,10,0,0.2523,0.3051,0.43120000000000003,87.3,15.2,10.7,36,150
2017,C.J. Cron,12546,27,1B,LAA,373,84,39,56,16,3,0.2478,0.3046,0.4366,88.9,18.2,10.2,38.6,246
2017,Jason Heyward,4940,27,OF,CHC,481,112,59,59,11,4,0.2593,0.3264,0.3889,86.6,11.4,4.1,31.3,369
2017,Ben Gamel,12160,25,OF,SEA,550,140,68,59,11,4,0.275,0.3224,0.4126,86.3,10.9,4.1,29.3,391
2017,Guillermo Heredia,18721,26,OF,SEA,426,96,43,24,6,1,0.2487,0.3153,0.3368,84.6,10.2,1.5,22.8,324
2017,Bradley Zimmer,16221,24,OF,CLE,332,72,41,39,8,18,0.2408,0.3072,0.3846,89.1,8.2,8.9,39.9,203
2017,Derek Dietrich,10542,27,2B/OF,MIA,464,101,56,53,13,0,0.2488,0.3341,0.4236,85.9,16.7,5.8,32.7,312
2017,Jesús Sucre,5942,29,C,TBR,192,45,20,29,7,2,0.2557,0.2895,0.4091,86.5,14.7,4.1,32,147
2017,Hernán Pérez,5751,26,2B/3B/OF,MIL,458,112,47,51,14,13,0.2593,0.2895,0.4144,84.9,10.3,3.1,27.6,359
2017,Colby Rasmus,9893,30,OF,TBR,129,34,17,23,9,1,0.281,0.3178,0.5785,89.1,15.2,15.6,44.2,77
2017,Norichika Aoki,13075,35,OF,3 Tms,374,93,48,35,5,10,0.2768,0.3351,0.3929,86.1,4.5,1,24.8,298
2017,Jesse Winker,13590,23,OF,CIN,137,36,21,15,7,1,0.2975,0.375,0.5289,88,8.1,7.1,32.7,98
2017,Nick Ahmed,12147,27,SS,ARI,178,42,24,21,6,3,0.2515,0.2978,0.4192,84.7,9.9,2.3,24.2,128
2017,Daniel Nava,5450,34,OF,PHI,214,55,21,21,4,1,0.3005,0.3925,0.4208,87.3,10.9,4.8,30.6,147
2017,Mitch Moreland,3086,31,1B,BOS,576,125,73,79,22,0,0.2461,0.3264,0.4429,89.3,11.6,12,36.4,393
2017,Kevan Smith,12284,29,C,CHW,294,78,23,30,4,0,0.2826,0.3093,0.3877,85.7,5.2,3.4,28.9,235
2017,Adam Lind,8027,33,1B/DH,WSN,301,81,39,59,14,1,0.3034,0.3621,0.5131,90.7,10.7,8.4,45,226
2017,Seth Smith,7331,34,OF,BAL,373,85,50,32,13,2,0.2576,0.3405,0.4333,89.8,9.9,7.1,40.9,252
2017,Yoán Moncada,17232,22,3B,CHW,231,46,31,22,8,3,0.2312,0.3377,0.4121,88.5,12.3,9.6,35.2,125
2017,Lucas Duda,2502,31,1B/OF,2 Tms,491,92,50,64,30,0,0.2175,0.3218,0.4965,90.3,19.2,12.1,43.8,290
2017,Josh Bell,13145,24,1B,PIT,620,140,75,90,26,2,0.255,0.3339,0.4663,87.6,8.6,6.4,34.3,436
2017,Wilmer Flores,5827,25,1B,NYM,362,91,42,52,18,1,0.2708,0.3066,0.4881,87.5,17,5.9,33.9,288
2017,Robbie Grossman,5254,27,OF,MIN,456,94,62,45,9,3,0.2461,0.3612,0.3796,86.4,12.2,2.9,26.8,307
2017,Yunel Escobar,4191,34,3B/SS,LAA,381,96,43,31,7,1,0.2743,0.3333,0.3971,89,2.3,5,39.1,299
2017,T.J. Rivera,12495,28,2B/3B,NYM,231,62,27,27,5,1,0.2897,0.3304,0.4299,84.4,14.4,2.2,24.9,185
2017,Enrique Hernández,10472,25,OF,LAD,342,64,46,37,11,3,0.2155,0.3079,0.4209,88.5,13.6,7.2,36.5,221
2017,Adam Eaton,11205,28,OF,WSN,107,27,24,13,2,3,0.2967,0.3925,0.4615,87.1,7.8,4.1,34.7,74
2017,Ehire Adrianza,8418,27,3B/SS,MIN,186,43,30,24,2,8,0.2654,0.3243,0.3827,84.5,14.7,2.1,22.9,144
2017,Tommy La Stella,12371,28,2B/3B,CHC,151,36,18,22,5,0,0.288,0.3893,0.472,87.5,14,2.8,29.4,109
2017,Nick Markakis,5930,33,OF,ATL,670,163,76,76,8,0,0.2749,0.3537,0.3845,88.3,8.8,3.3,34.7,486
2017,Adam Frazier,15223,25,2B/OF,PIT,454,112,55,53,6,9,0.2759,0.3444,0.399,85.8,9.2,2,24.2,353
2017,Nicky Delmonico,13157,24,OF,CHW,166,37,25,23,9,2,0.2624,0.3735,0.4823,83.6,12.3,5.5,26.4,110
2017,Hunter Renfroe,15464,25,OF,SDP,479,103,51,58,26,3,0.2315,0.2839,0.4674,88,15.3,11.1,34.1,306
2017,Lane Adams,10767,27,OF,ATL,122,30,19,20,5,10,0.2752,0.3388,0.4679,86.2,14.5,13.5,39.2,74
2017,Chase Utley,1679,38,2B,LAD,353,73,43,34,8,6,0.2362,0.3239,0.4045,86.9,11,4.3,28.5,255
2017,Mark Reynolds,7619,33,1B/3B,COL,593,139,82,97,30,2,0.2673,0.3524,0.4865,87.2,11.8,8.3,35.9,348
2017,Carlos Asuaje,15197,25,2B,SDP,343,83,28,21,4,0,0.2704,0.3343,0.3616,84.5,14.3,1.7,18.8,237
2017,James McCann,12859,27,C,DET,391,89,39,49,13,1,0.2528,0.3179,0.4148,87.2,15.7,7.9,34.1,267
2017,Pat Valaika,14885,24,2B/SS,COL,195,47,28,40,13,0,0.2582,0.2842,0.533,85.4,17.2,6.7,29.6,135
2017,Eric Young Jr.,7158,32,OF,LAA,125,29,24,16,4,12,0.2636,0.3361,0.4182,85.3,3.3,1.2,30,82
2017,Cory Spangenberg,12294,26,2B/3B,SDP,486,117,57,46,13,11,0.2635,0.3223,0.4009,87.1,9.9,4.4,29,319
2017,Stephen Piscotty,13367,26,OF,STL,401,80,40,39,9,3,0.2346,0.3416,0.3666,86.1,10.3,6.6,34.9,257
2017,Rafael Devers,17350,20,3B,BOS,240,63,34,30,10,3,0.2838,0.3375,0.482,89.7,8.6,8.5,44.2,165
2017,John Hicks,12547,27,C/1B,DET,190,46,25,22,6,2,0.2659,0.3263,0.4393,85.7,8,8.9,32.5,123
2017,Grégor Blanco,3123,33,OF,ARI,256,55,43,13,3,15,0.2455,0.3373,0.3571,86,13.8,3,23.5,166
2017,Brandon Phillips,791,36,2B,2 Tms,604,163,81,60,13,11,0.285,0.3189,0.4161,84.6,8.2,2.4,25.1,502
2017,Chris Owings,10030,25,2B/SS,ARI,386,97,41,51,12,12,0.268,0.2995,0.442,86.6,12.4,3.6,27.6,281
2017,Wilson Ramos,1433,29,C,TBR,224,54,19,35,11,0,0.2596,0.2896,0.4471,86,5.9,8.6,36.6,175
2017,Logan Forsythe,7185,30,2B,LAD,439,81,56,36,6,3,0.2244,0.3508,0.3269,88.9,12.1,3.9,34.4,257
2017,Tim Anderson,15172,24,SS,CHW,606,151,72,56,17,15,0.2572,0.2765,0.402,85.6,8,5.1,31.1,428
2017,Danny Valencia,6364,32,3B,SEA,500,115,54,66,15,2,0.2556,0.314,0.4111,88.2,8.9,5.7,37.5,336
2017,Gorkys Hernández,4146,29,OF,SFG,348,79,40,22,0,12,0.2548,0.3266,0.3258,85.2,9.3,1.7,26.1,241
2017,Boog Powell,15103,24,OF,2 Tms,135,33,24,12,3,0,0.2821,0.3582,0.4017,85.8,11.4,2.2,18.9,90
2017,Mallex Smith,13608,24,OF,TBR,282,69,33,12,2,16,0.2695,0.3286,0.3555,81.2,7,1.5,16.8,197
2017,Jeimer Candelario,13621,23,3B,2 Tms,142,36,18,16,3,0,0.2835,0.3592,0.4252,86.7,13,4.1,33,97
2017,Jeff Mathis,3448,34,C,ARI,203,40,13,11,2,1,0.2151,0.2772,0.3226,87,12.3,1.6,23.8,126
2017,Matt Szczur,11255,27,OF,2 Tms,237,44,28,18,3,0,0.2256,0.3504,0.3538,83.8,17.3,1.3,19.6,155
2017,Brian Goodwin,12858,26,OF,WSN,278,63,41,30,13,6,0.251,0.3129,0.498,87.9,14.5,9.2,35.7,185
2017,Bruce Maxwell,13866,26,C,OAK,253,52,21,22,3,0,0.2374,0.3294,0.3333,88.6,7.3,2.5,39.9,159
2017,Sandy León,5273,28,C,BOS,301,61,32,39,7,0,0.2251,0.29,0.3542,83.7,15.2,2.5,24.9,201
2017,Alcides Escobar,6310,30,SS,KCR,629,150,71,54,6,4,0.2504,0.2717,0.3573,84,14,2.2,21,508
2017,Kelby Tomlinson,13005,27,2B,SFG,222,50,32,11,1,9,0.2577,0.3318,0.3144,83.3,6.6,0.7,15.7,153
2017,Erik González,13369,25,3B/SS,CLE,115,28,18,11,4,1,0.2545,0.2719,0.4182,88.4,3.7,9.3,41.3,75
2017,Ezequiel Carrera,9048,30,OF,TOR,325,81,38,20,8,10,0.2822,0.3562,0.4077,84.8,5.4,4.1,27.3,217
2017,Nick Williams,14330,23,OF,PHI,343,90,45,55,12,1,0.2875,0.3382,0.4728,88.1,7.8,7.7,41.4,220
2017,Jonathan Villar,10071,26,2B/SS,MIL,436,97,49,40,11,23,0.2407,0.2926,0.3722,88.3,3.1,5.5,34.2,274
2017,Andrew Toles,13414,25,OF,LAD,102,26,17,15,5,0,0.2708,0.3137,0.4583,85.7,7.4,7.5,30.4,80
2017,Aledmys Díaz,15937,26,SS,STL,301,74,31,20,7,4,0.2587,0.29,0.3916,85.7,12,2.8,24.2,246
2017,Shin-Soo Choo,3174,34,OF,TEX,636,142,96,78,22,12,0.261,0.357,0.4228,88.7,7.9,8.6,37.8,418
2017,Francisco Cervelli,5275,31,C,PIT,304,66,31,31,5,0,0.2491,0.3421,0.3698,87.5,6.6,4.5,31.8,201
2017,Kennys Vargas,12101,26,1B/DH,MIN,264,61,33,41,11,0,0.2531,0.3144,0.444,86.3,11.3,9.1,30.9,165
2017,Alex Presley,5305,31,OF,DET,264,77,30,20,3,5,0.3143,0.3538,0.4163,85.5,9.7,1,23.7,199
2017,Matt Adams,9393,28,1B,2 Tms,367,93,46,65,20,0,0.2743,0.3188,0.5221,88.9,15.9,10.6,40.3,255
2017,Devon Travis,13862,26,2B,TOR,197,48,22,24,5,4,0.2595,0.2908,0.4378,87.6,13.9,6.7,34,150
2017,Denard Span,8347,33,OF,SFG,542,135,73,43,12,12,0.2716,0.329,0.4266,85.3,11,3.3,25.1,430
2017,Jason Kipnis,9776,30,2B,CLE,373,78,43,35,12,6,0.2321,0.2911,0.4137,86.2,17.5,4.8,31.6,272
2017,Austin Slater,16153,24,OF,SFG,127,33,15,16,3,0,0.2821,0.3386,0.4017,87.5,1.6,3.4,31.8,88
2017,Jarrett Parker,11624,28,OF,SFG,177,41,14,23,4,2,0.247,0.2938,0.4157,86.7,10.2,10.7,30.4,112
2017,Jorge Bonifacio,12174,24,OF,KCR,422,98,55,40,17,1,0.2552,0.3199,0.4323,87.6,14.7,9,39.6,267
2017,Jorge Alfaro,12180,24,C,PHI,114,34,12,14,5,0,0.3178,0.3596,0.514,88.1,8.2,9.5,36.5,74
2017,Luis Valbuena,4969,31,3B,LAA,401,69,42,65,22,0,0.1988,0.2943,0.4323,87.5,17.2,11,33.3,246
2017,Chad Pinder,15191,25,OF,OAK,309,67,36,42,15,2,0.2376,0.2922,0.4574,89.4,12.3,11.4,43,193
2017,Craig Gentry,9571,33,OF,BAL,117,26,17,11,2,5,0.2574,0.3333,0.3861,85.9,10.2,4.9,24.7,81
2017,Max Moroff,14556,24,2B/SS,PIT,140,24,19,21,3,0,0.2,0.3022,0.325,84.8,15.2,5.1,21.5,79
2017,John Jaso,5887,33,C,PIT,302,54,28,35,10,1,0.2109,0.3278,0.4023,85.8,19.1,7.9,30.4,191
2017,Daniel Robertson,14145,23,2B/3B/SS,TBR,254,45,22,19,5,1,0.2064,0.3083,0.3257,85.8,8.3,3.4,30.4,148
2017,Rajai Davis,3708,36,OF,2 Tms,366,79,56,20,5,29,0.2351,0.2932,0.3482,86,11.3,2.4,24.8,255
2017,Ben Revere,4712,29,OF,LAA,308,80,37,20,1,21,0.2749,0.3084,0.3436,82.7,4.5,0.4,13.1,268
2017,Joc Pederson,11899,25,OF,LAD,323,58,44,35,11,4,0.2125,0.3313,0.4066,90.1,10.2,8.7,41.7,206
2017,Troy Tulowitzki,3531,32,SS,TOR,260,60,16,26,7,0,0.249,0.3,0.3776,86.4,9.2,5,33.7,202
2017,Nomar Mazara,14553,22,OF,TEX,616,140,64,101,20,2,0.2527,0.3231,0.4224,89,11.3,6.5,37.1,430
2017,Ryan Goins,9807,29,2B/SS,TOR,459,99,37,62,9,3,0.2368,0.2863,0.3565,86.2,9.9,3,29.4,332
2017,Kaleb Cowart,11494,25,2B/3B,LAA,117,23,18,11,3,4,0.2255,0.313,0.3824,85.5,6.6,5.3,30.3,76
2017,Stephen Vogt,5000,32,C,2 Tms,303,65,25,40,12,0,0.233,0.2848,0.4229,85.4,17.4,6.6,30.1,226
2017,Josh Phegley,9308,29,C,OAK,161,30,14,10,3,0,0.2013,0.2547,0.3356,85.2,19.4,5.6,29.8,124
2017,Zack Granite,15343,24,OF,MIN,107,22,14,13,1,2,0.2366,0.3208,0.2903,84.1,7.6,0,22.1,86
2017,Raimel Tapia,14350,23,OF,COL,171,46,27,16,2,5,0.2875,0.3294,0.425,81,13.2,1.6,12.9,125
2017,Kevin Plawecki,13807,26,C,NYM,118,26,11,13,3,1,0.26,0.3644,0.4,87.1,8.8,3.6,33.3,84
2017,Luke Voit,14811,26,1B/DH,STL,124,28,18,18,4,0,0.2456,0.3065,0.4298,90.9,11.2,9.6,43.4,83
2017,Clint Frazier,15983,22,OF,NYY,142,31,16,17,4,1,0.2313,0.2676,0.4478,88.7,13.8,12,40.2,92
2017,Adam Engel,15082,25,OF,CHW,336,50,34,21,6,8,0.1661,0.2348,0.2824,83.2,14.7,3.6,22.4,192
2017,Melky Cabrera,4022,32,OF,2 Tms,666,177,78,85,17,1,0.2855,0.3238,0.4226,88.3,8.9,3.8,35.1,554
2017,Joey Rickard,13277,26,OF,BAL,277,63,29,19,4,8,0.2414,0.2764,0.3448,83.3,15.4,1.5,20.9,201
2017,Ben Zobrist,7435,36,2B/OF,CHC,496,101,58,50,12,2,0.2322,0.3178,0.3747,87.2,9.3,4.6,32.2,369
2017,Gregory Polanco,12907,25,OF,PIT,411,95,39,35,11,8,0.2507,0.3049,0.3905,86.5,13.1,3.8,30.6,320
2017,Matt Reynolds,13788,26,3B/SS,NYM,130,26,12,5,1,0,0.2301,0.3256,0.3009,86.4,8.3,2.6,32.5,77
2017,Daniel Descalso,8392,30,2B/3B,ARI,398,80,47,51,10,4,0.2326,0.3317,0.3953,87.2,13,5.1,29.2,257
2017,Hunter Pence,8252,34,OF,SFG,539,128,55,67,13,2,0.2596,0.3154,0.3854,89,4.2,5.8,37.6,395
2017,Drew Robinson,11761,25,OF,TEX,121,24,11,13,6,0,0.2243,0.314,0.4393,87.3,14.3,13.8,35.4,65
2017,Miguel Montero,3364,33,C,2 Tms,213,40,24,16,6,1,0.2162,0.3099,0.3459,85.2,14.4,5,25.2,140
2017,Abraham Almonte,5486,28,OF,CLE,195,40,26,14,3,2,0.2326,0.3144,0.3663,88,4.4,6.3,36.7,128
2017,Andrew Knapp,14942,25,C,PHI,204,44,26,13,3,1,0.2573,0.3676,0.3684,88.9,4.6,2.6,40.2,117
2017,Derek Norris,6867,28,C,TBR,198,36,21,24,9,1,0.2011,0.2576,0.3799,87.7,20,5.2,34.1,135
2017,Steve Pearce,9957,34,1B/OF,TOR,348,79,38,37,13,0,0.2524,0.319,0.4377,87.2,13.8,6.9,35.9,248
2017,Jonathan Lucroy,7870,31,C,2 Tms,481,112,45,40,6,1,0.2648,0.3451,0.3712,85,7.8,2.4,24.3,376
2017,Carlos González,7287,31,OF,COL,534,123,72,57,14,3,0.2617,0.339,0.4234,87.5,6.2,5.9,37,357
2017,Ryon Healy,15447,25,1B/3B,OAK,605,156,66,78,25,0,0.2708,0.3025,0.4514,88.3,12.8,7.6,40.4,436
2017,Yandy Díaz,16578,25,1B/3B,CLE,179,41,25,13,0,2,0.2628,0.352,0.3269,91.6,0.5,3.3,50.8,122
2017,Willy García,12956,24,OF,CHW,119,25,15,12,2,0,0.2381,0.3051,0.4,87.7,10.2,3.9,31.2,77
2017,Derek Fisher,16192,23,OF,HOU,166,31,21,17,5,3,0.2123,0.3072,0.3562,89,5.2,5.4,39.1,92
2017,Rickie Weeks Jr.,1849,34,2B,TBR,112,21,13,8,2,1,0.2165,0.3214,0.3402,89.1,16.2,6.3,39.6,48
2017,Brad Miller,12775,27,SS,TBR,407,68,43,40,9,5,0.2012,0.3268,0.3373,89.3,11.1,6,38.4,232
2017,JT Riddle,17642,25,SS,MIA,247,57,20,31,3,0,0.25,0.2816,0.3553,85.7,6.4,3.2,28.6,185
2017,Nick Hundley,3376,33,C,SFG,303,70,27,35,9,0,0.2439,0.2724,0.4181,88.6,13.1,8.1,41,210
2017,Matt Holliday,1873,37,OF,NYY,427,86,50,64,19,1,0.2306,0.3162,0.4316,89.9,11.8,10.2,44.3,264
2017,A.J. Ellis,5677,36,C,MIA,163,30,17,14,6,0,0.2098,0.2981,0.3706,86,11.5,2.6,31,116
2017,Maikel Franco,12179,24,3B,PHI,623,132,66,76,24,0,0.2296,0.2809,0.4087,88.8,11.5,6,36.2,485
2017,Devin Mesoraco,5666,29,C,CIN,165,30,17,14,6,1,0.2128,0.3212,0.3901,83.4,17.4,5.8,26.9,104
2017,Ryan Schimpf,9953,29,2B/3B,SDP,197,26,24,25,14,0,0.1576,0.2843,0.4242,86.1,29.8,16.5,30.9,97
2017,Brandon Guyer,2636,31,OF,CLE,192,39,23,20,2,2,0.2364,0.3263,0.3273,84.8,15.1,2.4,23,126
2017,Peter Bourjos,2578,30,OF,TBR,203,42,27,15,5,5,0.2234,0.2723,0.383,85.7,7.2,3.6,26.5,137
2017,Stephen Drew,4251,34,SS,WSN,106,24,9,17,1,0,0.2526,0.3019,0.3579,88.1,20.5,2.6,23.4,77
2017,Tyler Moore,7244,30,1B/OF,MIA,203,43,17,30,6,0,0.2299,0.2673,0.4011,88,17.8,8.1,33.1,136
2017,José Peraza,13593,23,2B/SS,CIN,518,126,50,37,5,23,0.2587,0.2971,0.3244,82.8,11.2,1.7,20,421
2017,Tony Wolters,11470,25,C,COL,266,55,30,16,0,0,0.2402,0.3409,0.2838,83.8,5.8,0.6,18.8,176
2017,Jett Bandy,12508,27,C,MIL,188,35,14,18,6,1,0.2071,0.2872,0.3491,84.9,16.4,4.2,23.3,118
2017,Dustin Garneau,9433,29,C,2 Tms,126,21,10,9,2,0,0.1875,0.272,0.3125,83.5,21.9,2.6,21.1,77
2017,Danny Santana,10322,26,OF,2 Tms,178,34,19,23,4,7,0.2024,0.2429,0.3571,87.5,5,4.7,32.3,128
2017,Jayson Werth,1327,38,OF,WSN,289,57,35,29,10,4,0.2262,0.3218,0.3929,88.1,14.2,8.2,40.7,184
2017,Patrick Kivlehan,13910,27,OF,CIN,204,37,23,26,9,1,0.2079,0.3039,0.3989,86.6,10.4,7.6,32.2,118
2017,Jaycob Brugman,14936,25,OF,OAK,162,38,12,12,3,1,0.2657,0.3457,0.3427,87.1,7.2,1.9,29.5,106
2017,Nick Franklin,10166,26,2B,2 Tms,119,19,9,12,2,2,0.1792,0.2689,0.283,83.6,7.2,2.4,31,84
2017,Cliff Pennington,3395,33,2B/SS,LAA,217,49,23,21,3,3,0.2526,0.3056,0.3299,86.3,15.1,1.4,24.6,142
2017,Amed Rosario,15518,21,SS,NYM,170,41,16,10,4,7,0.2485,0.2706,0.3939,84.3,7.2,2.6,25,116
2017,Rubén Tejada,5519,27,SS,BAL,124,26,17,5,0,0,0.2301,0.2927,0.2832,85.7,14.5,1,26.5,99
2017,Dixon Machado,11472,25,2B/SS,DET,181,43,17,11,1,1,0.259,0.3017,0.3193,84.7,5,2.2,27.5,138
2017,Chris Carter,9911,30,1B/DH,NYY,208,37,20,26,8,0,0.2011,0.2837,0.3696,89.8,22.2,11.8,38.5,110
2017,Yasmany Tomás,17171,26,OF,ARI,180,40,19,32,8,0,0.241,0.2944,0.4639,91.4,9.1,11.1,49.1,117
2017,Martín Prado,3312,33,3B,MIA,147,35,13,12,2,0,0.25,0.2789,0.3571,86.7,6.9,1.7,32.8,119
2017,Cameron Rupp,11146,28,C,PHI,331,64,35,34,14,1,0.2169,0.2991,0.4169,88.6,8.4,9.9,41.2,182
2017,Ichiro Suzuki,1101,43,OF,MIA,215,50,19,20,3,1,0.2551,0.3178,0.3316,80.1,5,0.6,11.8,162
2017,Greg Bird,14131,24,1B,NYY,170,28,20,28,9,0,0.1905,0.2882,0.4218,90.1,20.7,8.4,41,107
2017,J.J. Hardy,3797,34,SS,BAL,268,55,24,24,4,0,0.2165,0.2547,0.3228,87,9.2,2.9,31.1,207
2017,Leonys Martin,11846,29,OF,2 Tms,138,22,14,9,3,7,0.1719,0.2319,0.2812,86.7,12.7,4.2,31.6,95
2017,Chris Young,3882,33,OF,BOS,276,57,30,25,7,3,0.2346,0.3225,0.3868,85.1,16,4.2,30.9,189
2017,Austin Romine,5491,28,C,NYY,252,50,19,21,2,0,0.2183,0.272,0.2926,86.6,7.9,1.7,36.2,177
2017,Hanley Ramirez,8001,33,SS,BOS,553,120,58,62,23,1,0.2419,0.3201,0.4294,88.5,12.6,9.5,38.4,380
2017,Ty Kelly,7740,28,2B/3B/OF,2 Tms,105,17,11,14,2,0,0.191,0.2574,0.3371,83.9,13.4,2.8,16.9,71
2017,José Osuna,12937,24,1B/OF,PIT,227,50,31,30,7,0,0.2326,0.2687,0.4279,87.2,7.2,4.5,31.8,176
2017,Kendrys Morales,8610,34,1B/DH,TOR,608,139,67,85,28,0,0.2496,0.3076,0.4452,91.1,9.5,10,46.6,428
2017,Carlos Ruiz,2579,38,C,SEA,145,27,14,11,3,1,0.216,0.3125,0.352,87.7,12,5.6,37.1,89
2017,Héctor Sánchez,10289,27,C,SDP,143,30,14,25,8,0,0.219,0.2448,0.4234,86.6,19.6,7.2,27.1,97
2017,Rey Fuentes,10329,26,OF,ARI,145,32,19,9,3,4,0.2353,0.2778,0.3382,83,9.4,2.9,23.5,102
2017,Deven Marrero,13325,26,3B,BOS,188,36,32,27,4,5,0.2105,0.2595,0.3333,86.9,4.4,2.6,26.5,115
2017,Tomás Telis,10067,26,C/1B,MIA,111,25,13,9,0,0,0.2404,0.2793,0.3462,83.7,7.6,1.1,17.9,95
2017,Josh Rutledge,11167,28,2B/SS,BOS,118,24,10,9,0,1,0.2243,0.2966,0.2617,87.2,1.6,1.3,27.6,76
2017,Sean Rodríguez,6589,32,2B,2 Tms,153,22,18,8,5,1,0.1667,0.2763,0.2955,86.6,13.2,3.9,27.6,76
2017,Jabari Blash,11247,27,OF,SDP,195,35,24,16,5,1,0.2134,0.3333,0.3415,87.3,14.8,10.1,37.8,99
2017,Erick Aybar,4082,33,SS,SDP,370,78,37,22,7,11,0.2342,0.2997,0.3483,82.7,7.5,1.8,15.8,281
2017,Chris Davis,9272,31,1B,BAL,524,98,65,61,26,1,0.2149,0.3092,0.4232,90.1,15,12.8,45.5,265
2017,Miguel Cabrera,1744,34,1B/3B,DET,529,117,50,60,16,0,0.2495,0.3289,0.3987,91.1,12.4,10.5,48.2,362
2017,Alen Hanson,12926,24,2B/OF,2 Tms,234,48,36,11,4,11,0.2212,0.2618,0.3456,84,10.7,1.8,26.9,169
2017,Dansby Swanson,18314,23,SS,ATL,551,113,59,51,6,3,0.2316,0.3122,0.3238,86.9,8.3,3,32.5,372
2017,Tommy Joseph,10349,25,1B,PHI,533,119,51,69,22,1,0.2404,0.2889,0.4323,89.3,14.1,7.3,40.3,369
2017,Andrés Blanco,1907,33,2B/SS,PHI,144,25,10,13,3,1,0.1923,0.2569,0.2923,84.4,8.8,3.1,23.5,98
2017,Adrián González,1908,35,1B,LAD,252,56,14,30,3,0,0.2424,0.2869,0.355,87.4,14.1,3.6,30.7,192
2017,Andrew Romine,1159,31,3B/SS,DET,348,74,45,25,4,6,0.2327,0.289,0.3365,83.7,7.9,1.6,26.7,255
2017,Jefry Marte,5107,26,1B,LAA,145,22,10,14,4,1,0.1732,0.269,0.3071,85.2,8.7,4.3,27.7,94
2017,Rio Ruiz,14103,23,3B,ATL,173,29,22,19,4,1,0.1933,0.2832,0.3067,88,4.1,6.3,35.7,112
2017,Jace Peterson,12325,27,2B/3B,ATL,215,40,15,17,2,3,0.2151,0.3178,0.3172,86.8,5.5,5,33.8,139
2017,Chris Stewart,3878,35,C,PIT,144,24,8,4,0,0,0.1832,0.2411,0.2214,84.5,10.1,0,16.7,112
2017,Brock Holt,9345,29,2B/3B/OF,BOS,164,28,20,7,0,2,0.2,0.3049,0.2429,83.7,5,0,15,108
2017,Rougned Odor,12282,23,2B,TEX,651,124,79,75,30,15,0.2043,0.2519,0.397,89.1,15.9,6,36.6,449
2017,Brandon Moss,4467,33,1B/OF,KCR,401,75,41,50,22,2,0.2072,0.2793,0.4282,89.6,17.8,14.8,41.9,236
2017,Alex Gordon,5209,33,OF,KCR,541,99,52,45,9,7,0.208,0.2931,0.3151,86.3,13.8,4.5,31.3,356
2017,Jose Lobatón,4243,32,C,WSN,158,24,11,11,4,0,0.1702,0.2484,0.2766,85,9.8,5.6,31.5,108
2017,Christian Arroyo,16434,22,2B,SFG,135,24,9,14,3,1,0.192,0.2444,0.304,87.4,4.2,3.2,30.4,94
2017,Ryan Rua,12409,27,1B/OF,TEX,144,28,17,12,3,2,0.2171,0.2937,0.3333,84.9,11.7,9,32.1,78
2017,Ryan Hanigan,4952,36,C,COL,112,27,9,12,2,0,0.2673,0.3243,0.3465,83.4,2.9,1.3,18.2,77
2017,Arismendy Alcántara,10711,25,2B/OF,CIN,108,18,13,7,1,2,0.1714,0.1869,0.2476,82.9,7.1,2.9,20.6,68
2017,Darwin Barney,2430,31,2B,TOR,362,78,34,25,6,7,0.2321,0.2745,0.3274,82.7,11.7,0.4,12.2,278
2017,Matt Davidson,7226,26,3B/DH,CHW,443,91,43,68,26,0,0.2198,0.2596,0.4517,89,17.7,15.4,41.7,254
2017,Mike Napoli,3057,35,C/1B,TEX,485,82,60,66,29,1,0.1929,0.2851,0.4282,88.3,22.2,15.8,41.5,265
2017,Cheslor Cuthbert,10473,24,3B,KCR,153,33,10,18,2,0,0.2308,0.2745,0.3217,85.8,12,2.9,28.6,105
2017,Adam Rosales,9682,34,2B/3B/SS,2 Tms,312,65,25,36,7,1,0.2249,0.2597,0.3529,87.7,17.3,3,33.2,197
2017,Adonis García,13777,32,3B,ATL,183,41,19,19,5,4,0.237,0.2732,0.3468,87.4,6.3,3.3,34,151
2017,Dominic Smith,15653,22,1B/OF,NYM,183,33,17,26,9,0,0.1976,0.2623,0.3952,89.7,9.8,8.4,42,119
2017,Drew Butera,3411,33,C,KCR,177,37,18,14,3,0,0.227,0.2841,0.319,85.1,18.6,0,24.6,123
2017,Taylor Motter,12399,27,SS,SEA,280,51,29,26,7,12,0.1977,0.2571,0.3256,87.3,12.5,4.1,32.7,197
2017,José Bautista,1887,36,OF,TOR,686,119,92,65,23,6,0.2027,0.3076,0.3663,88.3,17,6.6,35.6,424
2017,Luke Maile,13355,26,C,TOR,136,19,10,7,2,1,0.1462,0.1765,0.2308,83.3,11.8,4.2,20.8,96
2017,Hyun Soo Kim,18718,29,OF,2 Tms,239,49,20,14,1,0,0.2311,0.3067,0.2925,88.7,9.7,3.6,36.3,168
2017,JaCoby Jones,14818,25,OF,DET,154,24,14,13,3,6,0.1702,0.2403,0.2695,86,9.1,7.9,35.5,76
2017,Mark Canha,11445,28,OF,OAK,187,36,16,14,5,2,0.2081,0.262,0.3815,88.1,19.8,5.9,33.9,118
2017,Ian Desmond,6885,31,SS/OF,COL,373,93,47,40,7,15,0.2743,0.3261,0.3746,87.6,0,2.7,31.3,258
2017,Michael Saunders,9981,30,OF,2 Tms,234,44,26,21,6,0,0.2018,0.2564,0.344,85.9,11.9,6.7,32.1,163
2017,Tyler Collins,12723,27,OF,DET,169,29,18,14,5,0,0.1933,0.2781,0.3333,89.9,14.8,6.3,37.5,96
2017,Jorge Soler,14221,25,DH/OF,KCR,110,14,7,6,2,0,0.1443,0.2455,0.2577,89,19.6,6.6,34.4,61
2017,Gio Urshela,10681,25,3B,CLE,165,35,14,15,1,0,0.2244,0.2622,0.2885,87.4,9.5,1.5,27.4,135
2017,Victor Martinez,393,38,C/DH,DET,435,100,38,47,10,0,0.2551,0.3241,0.3724,88.7,13.3,5.4,34.5,331
2017,Pablo Sandoval,5409,30,3B,2 Tms,279,57,27,32,9,0,0.2201,0.2652,0.3668,89.4,10.9,6.7,37.5,209
2017,Chris Herrmann,9284,29,C/OF,ARI,256,41,35,27,10,5,0.1814,0.2734,0.3451,89.1,10.3,7.5,37.3,160
2017,Ryder Jones,15982,23,1B/3B,SFG,164,26,12,5,2,1,0.1733,0.2439,0.2733,85.9,17.5,4.1,25,98
2017,Allen Córdoba,15722,21,SS/OF,SDP,227,42,17,15,4,2,0.2079,0.2819,0.297,82.3,9.8,2,21.2,151
2017,Alexi Amarista,9063,28,2B/SS/OF,COL,176,40,22,19,3,1,0.2381,0.2686,0.3512,84.1,9.7,0.8,16.8,131
2017,Tyler Saladino,10807,27,3B/SS,CHW,281,45,23,10,0,5,0.1779,0.2545,0.2292,84.9,13.2,0.5,25,188
2017,Matt Kemp,5631,32,OF,ATL,467,121,47,64,19,0,0.2763,0.3176,0.4635,88.3,8.4,9.4,38.8,340
2017,Elias Díaz,11680,26,C,PIT,200,42,18,19,1,1,0.2234,0.265,0.3138,86.4,6.4,2,36.7,151
2017,Trevor Plouffe,7462,31,3B,2 Tms,313,56,31,19,9,1,0.1979,0.2716,0.318,87.9,11.8,4.1,38.5,196
2017,Matt Wieters,4298,31,C,WSN,465,95,43,52,10,1,0.2251,0.2882,0.3436,85.7,12.4,3.9,29.3,332
2017,Danny Espinosa,9219,30,2B/SS,3 Tms,295,46,30,31,6,4,0.1729,0.2449,0.2782,87.4,13.5,6.9,28.7,160
2017,Carlos Beltrán,589,40,OF,HOU,509,108,60,51,14,0,0.2313,0.2829,0.3833,87.3,13.4,4.6,31,371
2017,Luis Torrens,15905,21,C,SDP,139,20,7,7,0,0,0.1626,0.2426,0.2033,86.4,5.4,1,29.2,96
2017,Albert Pujols,1177,37,1B,LAA,636,143,53,101,23,3,0.2411,0.2862,0.3862,88.7,13.5,5.4,39.2,504
2017,Mark Trumbo,6876,31,1B/DH/OF,BAL,603,131,79,65,23,1,0.2343,0.2886,0.3971,89.8,12.7,7.1,38.5,411
