Season,PlayerName,playerid,Age,Role,Team,IP,G,GS,SO,BB,H,ER,SV,HLD,SVHLD,role_leverage,W,QS
2013,Clayton Kershaw,2036,25,SP,LAD,236,33,33,232,52,164,48,0,0,0,0,16,27
2013,Matt Harvey,11713,24,SP,NYM,178.33333333333334,26,26,191,31,135,45,0,0,0,0,9,20
2013,Adam Wainwright,2233,31,SP,STL,241.66666666666666,34,34,219,35,223,79,0,0,0,0,19,26
2013,Félix Hernández,4772,27,SP,SEA,204.33333333333334,31,31,216,46,185,69,0,0,0,0,12,22
2013,Max Scherzer,3137,28,SP,DET,214.33333333333334,32,32,240,56,152,69,0,0,0,0,21,25
2013,Aníbal Sánchez,3284,29,SP,DET,182,29,29,202,54,156,52,0,0,0,0,14,20
2013,Cliff Lee,1636,34,SP,PHI,222.66666666666666,31,31,222,32,193,71,0,0,0,0,14,24
2013,Mat Latos,3815,25,SP,CIN,210.66666666666666,32,32,187,58,197,74,0,0,0,0,14,21
2013,Justin Verlander,8700,30,SP,DET,218.33333333333334,34,34,217,75,212,84,0,0,0,0,13,22
2013,Chris Sale,10603,24,SP,CHW,214.33333333333334,30,30,226,46,184,73,0,0,0,0,11,23
2013,Cole Hamels,4972,29,SP,PHI,220,33,33,202,50,205,88,0,0,0,0,8,25
2013,Yu Darvish,13074,26,SP,TEX,209.66666666666666,32,32,277,80,145,66,0,0,0,0,13,21
2013,Derek Holland,4141,26,SP,TEX,213,33,33,189,64,210,81,0,0,0,0,10,22
2013,José Fernández,11530,20,SP,MIA,172.66666666666666,28,28,187,58,111,42,0,0,0,0,12,20
2013,James Shields,7059,31,SP,KCR,228.66666666666666,34,34,196,68,215,80,0,0,0,0,13,27
2013,Hisashi Iwakuma,13048,32,SP,SEA,219.66666666666666,33,33,185,42,179,65,0,0,0,0,14,23
2013,Jhoulys Chacín,2608,25,SP,COL,197.33333333333334,31,31,126,61,188,76,0,0,0,0,14,19
2013,Homer Bailey,8362,27,SP,CIN,209,32,32,199,54,181,81,0,0,0,0,11,20
2013,Doug Fister,9425,29,SP,DET,208.66666666666666,33,32,159,44,229,85,0,0,0,0,14,22
2013,Bartolo Colon,375,40,SP,OAK,190.33333333333334,30,30,117,29,193,56,0,0,0,0,18,23
2013,A.J. Burnett,512,36,SP,PIT,191,30,30,209,67,165,70,0,0,0,0,10,18
2013,David Price,3184,27,SP,TBR,186.66666666666666,27,27,151,27,178,69,0,0,0,0,10,18
2013,Jordan Zimmermann,4505,27,SP,WSN,213.33333333333334,32,32,161,40,192,77,0,0,0,0,19,21
2013,Hyun Jin Ryu,14444,26,SP,LAD,192,30,30,154,49,182,64,0,0,0,0,14,22
2013,Justin Masterson,2038,28,SP,CLE,193,32,29,195,76,156,74,0,0,0,0,14,18
2013,Madison Bumgarner,5524,23,SP,SFG,201.33333333333334,31,31,199,62,146,62,0,0,0,0,13,22
2013,Ubaldo Jiménez,3374,29,SP,CLE,182.66666666666666,32,32,194,80,163,67,0,0,0,0,13,16
2013,Jose Quintana,11423,24,SP,CHW,200,33,33,164,56,188,78,0,0,0,0,9,17
2013,Zack Greinke,1943,29,SP,LAD,177.66666666666666,28,28,148,46,152,52,0,0,0,0,15,18
2013,Mike Minor,10021,25,SP,ATL,204.66666666666666,32,32,181,46,177,73,0,0,0,0,13,23
2013,Ricky Nolasco,3830,30,SP,2 Tms,199.33333333333334,34,33,165,46,195,82,0,0,0,0,13,17
2013,Patrick Corbin,9323,23,SP,ARI,208.33333333333334,32,32,178,54,189,79,0,0,0,0,14,23
2013,Jon Lester,4930,29,SP,BOS,213.33333333333334,33,33,177,67,209,89,0,0,0,0,15,20
2013,Lance Lynn,2520,26,SP,STL,201.66666666666666,33,33,198,76,189,89,0,0,0,0,15,19
2013,Hiroki Kuroda,3283,38,SP,NYY,201.33333333333334,32,32,150,43,191,74,0,0,0,0,11,19
2013,Stephen Strasburg,10131,24,SP,WSN,183,30,30,191,56,136,61,0,0,0,0,8,18
2013,Gio Gonzalez,7448,27,SP,WSN,195.66666666666666,32,32,192,76,169,73,0,0,0,0,11,21
2013,Eric Stults,8011,33,SP,SDP,203.66666666666666,33,33,131,40,219,89,0,0,0,0,11,20
2013,Greg Holland,7196,27,RP,KCR,67,68,0,103,18,40,9,47,1,48,1,2,0
2013,Francisco Liriano,3201,29,SP,PIT,161,26,26,163,63,134,54,0,0,0,0,16,17
2013,Koji Uehara,9227,38,RP,BOS,74.33333333333333,73,0,101,9,33,9,21,13,34,1,4,0
2013,Jeff Samardzija,3254,28,SP,CHC,213.66666666666666,33,33,214,78,210,103,0,0,0,0,8,19
2013,Travis Wood,9884,26,SP,CHC,200,32,32,144,66,163,69,0,0,0,0,9,24
2013,Corey Kluber,2429,27,SP,CLE,147.33333333333334,26,24,136,33,153,63,0,0,0,0,11,10
2013,Rick Porcello,2717,24,SP,DET,177,32,29,142,42,185,85,0,0,0,0,13,18
2013,C.J. Wilson,3580,32,SP,LAA,212.33333333333334,33,33,188,85,200,80,0,0,0,0,17,24
2013,Clay Buchholz,3543,28,SP,BOS,108.33333333333333,16,16,96,36,75,21,0,0,0,0,12,13
2013,Bud Norris,9492,28,SP,2 Tms,176.66666666666666,32,30,147,67,196,82,0,0,0,0,10,16
2013,Andy Pettitte,840,41,SP,NYY,185.33333333333334,30,30,128,48,198,77,0,0,0,0,11,19
2013,Jorge De La Rosa,2047,32,SP,COL,167.66666666666666,30,30,112,62,170,65,0,0,0,0,16,17
2013,Andrew Cashner,8782,26,SP,SDP,175,31,26,128,47,151,60,0,1,1,0,10,19
2013,Julio Teheran,6797,22,SP,ATL,185.66666666666666,30,30,170,45,173,66,0,0,0,0,14,18
2013,Scott Kazmir,4897,29,SP,CLE,158,29,29,162,47,162,71,0,0,0,0,10,13
2013,Ervin Santana,3200,30,SP,KCR,211,32,32,161,51,190,76,0,0,0,0,9,23
2013,Mark Melancon,4264,28,RP,PIT,71,72,0,70,8,60,11,16,26,42,1,3,0
2013,John Lackey,1507,34,SP,BOS,189.33333333333334,29,29,161,40,179,74,0,0,0,0,10,19
2013,Kris Medlen,9417,27,SP,ATL,197,32,31,157,47,194,68,0,0,0,0,15,22
2013,Kenley Jansen,3096,25,RP,LAD,76.66666666666667,75,0,111,18,48,16,28,16,44,1,4,0
2013,Joe Nathan,1122,38,RP,TEX,64.66666666666667,67,0,73,22,36,10,43,0,43,1,6,0
2013,Mike Pelfrey,5203,29,SP,MIN,152.66666666666666,29,29,101,53,184,88,0,0,0,0,5,11
2013,Gerrit Cole,13125,22,SP,PIT,117.33333333333333,19,19,100,28,109,42,0,0,0,0,10,14
2013,Jered Weaver,4235,30,SP,LAA,154.33333333333334,24,24,117,37,139,56,0,0,0,0,11,17
2013,Mike Leake,10130,25,SP,CIN,192.33333333333334,31,31,122,48,193,72,0,0,0,0,14,16
2013,Alex Cobb,6562,25,SP,TBR,143.33333333333334,22,22,134,45,120,44,0,0,0,0,11,14
2013,Felix Doubront,1478,25,SP,BOS,162.33333333333334,29,27,139,71,161,78,0,0,0,0,11,16
2013,Scott Feldman,6283,30,SP,2 Tms,181.66666666666666,30,30,132,56,159,78,0,0,0,0,12,17
2013,Jonathon Niese,4424,26,SP,NYM,143,24,24,105,48,158,59,0,0,0,0,8,15
2013,Edwin Jackson,1841,29,SP,CHC,175.33333333333334,31,31,135,59,197,97,0,0,0,0,8,14
2013,Craig Kimbrel,6655,25,RP,ATL,67,68,0,98,20,39,9,50,0,50,1,4,0
2013,Mark Buehrle,225,34,SP,TOR,203.66666666666666,33,33,139,51,223,94,0,0,0,0,12,18
2013,Trevor Rosenthal,10745,23,RP,STL,75.33333333333333,74,0,108,20,63,22,3,29,32,1,2,0
2013,CC Sabathia,404,32,SP,NYY,211,32,32,175,65,224,112,0,0,0,0,14,16
2013,Iván Nova,1994,26,SP,NYY,139.33333333333334,23,20,116,44,135,48,0,0,0,0,9,12
2013,Matt Garza,3340,29,SP,2 Tms,155.33333333333334,24,24,136,42,150,66,0,0,0,0,10,11
2013,Shelby Miller,10197,22,SP,STL,173.33333333333334,31,31,169,57,152,59,0,0,0,0,15,13
2013,Dillon Gee,7396,27,SP,NYM,199,32,32,142,47,208,80,0,0,0,0,12,16
2013,Jake Peavy,1051,32,SP,2 Tms,144.66666666666666,23,23,121,36,130,67,0,0,0,0,12,14
2013,Kyle Kendrick,6230,28,SP,PHI,182,30,30,110,47,207,95,0,0,0,0,10,17
2013,Wei-Yin Chen,13071,27,SP,BAL,137,23,23,104,39,142,62,0,0,0,0,7,13
2013,Juan Nicasio,7731,26,SP,COL,157.66666666666666,31,31,119,64,168,90,0,0,0,0,9,9
2013,Henderson Alvarez,5669,23,SP,MIA,102.66666666666667,17,17,57,27,90,41,0,0,0,0,5,9
2013,Tyson Ross,7872,26,RP,SDP,125,35,16,119,44,100,44,0,0,0,0,3,9
2013,Chris Tillman,5279,25,SP,BAL,206.33333333333334,33,33,179,68,184,85,0,0,0,0,16,21
2013,Nate Jones,4696,27,RP,CHW,78,70,0,89,26,69,36,0,16,16,1,4,0
2013,Dan Straily,9460,24,SP,OAK,152.33333333333334,27,27,124,57,132,67,0,0,0,0,10,12
2013,Jesse Crain,4817,31,RP,CHW,36.666666666666664,38,0,46,11,31,3,0,19,19,1,2,0
2013,Danny Farquhar,8501,26,RP,SEA,55.666666666666664,46,0,79,22,44,26,16,2,18,1,0,0
2013,Tyler Chatwood,4338,23,SP,COL,111.33333333333333,20,20,66,41,118,39,0,0,0,0,8,11
2013,R.A. Dickey,1245,38,SP,TOR,224.66666666666666,34,34,177,71,207,105,0,0,0,0,14,19
2013,Aroldis Chapman,10233,25,RP,CIN,63.666666666666664,68,0,112,29,37,18,38,0,38,1,4,0
2013,Drew Smyly,11760,24,RP,DET,76,63,0,81,17,62,20,2,21,23,1,6,0
2013,Glen Perkins,8041,30,RP,MIN,62.666666666666664,61,0,77,15,43,16,36,0,36,1,2,0
2013,Neal Cotts,1797,33,RP,TEX,57,58,0,65,18,36,7,1,11,12,1,8,0
2013,Matt Moore,1890,24,SP,TBR,150.33333333333334,27,27,143,76,119,55,0,0,0,0,17,14
2013,Garrett Richards,9784,25,RP,LAA,145,47,17,101,44,151,67,1,5,6,0,7,8
2013,Miguel González,7024,29,SP,BAL,171.33333333333334,30,28,120,53,157,72,0,0,0,0,11,19
2013,Jason Vargas,8044,30,SP,LAA,150,24,24,109,46,162,67,0,0,0,0,9,14
2013,Tim Hudson,921,37,SP,ATL,131.33333333333334,21,21,95,36,120,58,0,0,0,0,8,13
2013,Tony Cingrani,12555,23,SP,CIN,104.66666666666667,23,18,120,43,72,34,0,1,1,0,7,7
2013,Sean Doolittle,1581,26,RP,OAK,69,70,0,60,13,53,24,2,26,28,1,5,0
2013,Kyle Lohse,739,34,SP,MIL,198.66666666666666,32,32,125,36,196,74,0,0,0,0,11,20
2013,Wade Miley,8779,26,SP,ARI,202.66666666666666,33,33,147,66,201,80,0,0,0,0,10,22
2013,Alex Wood,13781,22,RP,ATL,77.66666666666667,31,11,77,27,76,27,0,1,1,0,3,5
2013,Brandon McCarthy,4662,29,SP,ARI,135,22,22,76,21,161,68,0,0,0,0,5,10
2013,Zach McAllister,2895,25,SP,CLE,134.33333333333334,24,24,101,49,134,56,0,0,0,0,9,11
2013,Bobby Parnell,9926,28,RP,NYM,50,49,0,44,12,38,12,22,0,22,1,5,0
2013,Shaun Marcum,6204,31,SP,NYM,78.33333333333333,14,12,60,21,85,46,0,0,0,0,1,4
2013,Ryan Cook,8855,26,RP,OAK,67.33333333333333,71,0,67,25,62,19,2,23,25,1,6,0
2013,Dan Haren,1757,32,SP,WSN,169.66666666666666,31,30,151,31,179,88,1,0,1,0,10,15
2013,Addison Reed,10586,24,RP,CHW,71.33333333333333,68,0,72,23,56,30,40,0,40,1,5,0
2013,Sonny Gray,12768,23,SP,OAK,64,12,10,67,20,51,19,0,0,0,0,5,6
2013,Jason Grilli,521,36,RP,PIT,50,54,0,74,13,40,15,33,2,35,1,0,0
2013,Yovani Gallardo,8173,27,SP,MIL,180.66666666666666,31,31,144,66,180,84,0,0,0,0,12,17
2013,A.J. Griffin,11132,25,SP,OAK,200,32,32,171,54,171,85,0,0,0,0,14,15
2013,Wade Davis,7441,27,SP,KCR,135.33333333333334,31,24,114,58,169,80,0,0,0,0,8,9
2013,Nathan Eovaldi,9132,23,SP,MIA,106.33333333333333,18,18,78,40,100,40,0,0,0,0,4,14
2013,Kevin Correia,1767,32,SP,MIN,185.33333333333334,31,31,101,45,218,86,0,0,0,0,9,17
2013,Steve Cishek,6483,27,RP,MIA,69.66666666666667,69,0,74,22,53,18,34,1,35,1,4,0
2013,Charlie Morton,4676,29,SP,PIT,116,20,20,85,36,113,42,0,0,0,0,7,10
2013,Joaquín Benoit,1437,35,RP,DET,67,66,0,73,22,47,15,24,9,33,1,4,0
2013,Tim Lincecum,5705,29,SP,SFG,197.66666666666666,32,32,193,76,184,96,0,0,0,0,10,15
2013,Marco Estrada,1118,29,SP,MIL,128,21,21,118,29,109,55,0,0,0,0,7,12
2013,Erik Bedard,126,34,SP,HOU,151,32,26,138,75,149,77,1,0,1,0,4,10
2013,David Robertson,8241,28,RP,NYY,66.33333333333333,70,0,77,18,51,15,3,33,36,1,5,0
2013,Martín Pérez,6902,22,SP,TEX,124.33333333333333,20,20,84,37,129,50,0,0,0,0,10,11
2013,Tanner Roark,8753,26,RP,WSN,53.666666666666664,14,5,40,11,38,9,0,1,1,0,7,4
2013,Chris Capuano,1701,34,SP,LAD,105.66666666666667,24,20,81,24,125,50,0,0,0,0,4,7
2013,Mariano Rivera,844,43,RP,NYY,64,64,0,54,9,58,15,44,0,44,1,6,0
2013,Jeremy Hellickson,4371,26,SP,TBR,174,32,31,135,50,185,100,0,0,0,0,12,11
2013,Matt Belisle,1837,33,RP,COL,73,72,0,62,15,76,35,0,24,24,1,5,0
2013,Jarrod Parker,4913,24,SP,OAK,197,32,32,134,63,178,87,0,0,0,0,12,23
2013,Bruce Chen,769,36,RP,KCR,121,34,15,78,36,107,44,0,2,2,0,9,9
2013,Alex Torres,7038,25,RP,TBR,58,39,0,62,20,32,11,0,5,5,0,4,0
2013,Brett Oberholtzer,3855,23,SP,HOU,71.66666666666667,13,10,45,13,66,22,0,0,0,0,4,7
2013,Steve Delabar,11827,29,RP,TOR,58.666666666666664,55,0,82,29,50,21,1,6,7,0,5,0
2013,Brandon Kintzler,9939,28,RP,MIL,77,71,0,58,16,66,23,0,26,26,1,3,0
2013,Héctor Santiago,4026,25,SP,CHW,149,34,23,137,72,137,59,0,0,0,0,4,12
2013,Matt Cain,4732,28,SP,SFG,184.33333333333334,30,30,158,55,158,82,0,0,0,0,8,20
2013,Samuel Deduno,5285,29,SP,MIN,108,18,18,67,41,105,46,0,0,0,0,8,10
2013,Luke Gregerson,4090,29,RP,SDP,66.33333333333333,73,0,64,18,49,20,4,25,29,1,6,0
2013,Carlos Villanueva,4138,29,RP,CHC,128.66666666666666,47,15,103,40,117,58,0,2,2,0,7,7
2013,Casey Janssen,7355,31,RP,TOR,52.666666666666664,56,0,50,13,39,15,34,1,35,1,4,0
2013,Bronson Arroyo,978,36,SP,CIN,202,32,32,124,34,199,85,0,0,0,0,14,22
2013,Danny Salazar,5867,23,SP,CLE,52,10,10,65,15,44,18,0,0,0,0,2,2
2013,Tommy Milone,7608,26,SP,OAK,156.33333333333334,28,26,126,39,160,72,0,0,0,0,12,11
2013,Fernando Rodney,494,36,RP,TBR,66.66666666666667,68,0,82,36,53,25,37,0,37,1,5,0
2013,Adam Ottavino,1247,27,RP,COL,78.33333333333333,51,0,78,31,73,23,0,8,8,0,1,0
2013,LaTroy Hawkins,729,40,RP,NYM,70.66666666666667,72,0,55,10,71,23,13,12,25,1,3,0
2013,Michael Wacha,14078,21,SP,STL,64.66666666666667,15,9,65,19,52,20,0,0,0,0,4,5
2013,Nick Vincent,7555,26,RP,SDP,46.333333333333336,45,0,49,11,33,11,1,10,11,1,6,0
2013,Luke Hochevar,6943,29,RP,KCR,70.33333333333333,58,0,82,17,41,15,2,9,11,1,5,0
2013,Jonathan Papelbon,5975,32,RP,PHI,61.666666666666664,61,0,57,11,59,20,29,0,29,1,5,0
2013,Charlie Furbush,1370,27,RP,SEA,65,71,0,80,29,48,27,0,20,20,1,2,0
2013,Jeff Locke,2929,25,SP,PIT,166.33333333333334,30,30,125,84,146,65,0,0,0,0,10,13
2013,Chris Archer,6345,24,SP,TBR,128.66666666666666,23,23,101,38,107,46,0,0,0,0,9,12
2013,Craig Stammen,7274,29,RP,WSN,81.66666666666667,55,0,79,27,78,25,0,7,7,0,7,0
2013,Dallas Keuchel,9434,25,SP,HOU,153.66666666666666,31,22,123,52,184,88,0,2,2,0,6,10
2013,Cody Allen,12183,24,RP,CLE,70.33333333333333,77,0,88,26,62,19,2,11,13,1,6,0
2013,Casey Fien,3926,29,RP,MIN,62,73,0,73,12,51,27,0,17,17,1,5,0
2013,Tyler Thornburg,10688,24,RP,MIL,66.66666666666667,18,7,48,26,53,15,0,0,0,0,3,7
2013,Bryan Shaw,8110,25,RP,CLE,75,70,0,73,28,60,27,1,12,13,1,7,0
2013,Chad Gaudin,1783,30,RP,SFG,97,30,12,88,40,81,33,0,2,2,0,5,6
2013,Phil Hughes,7450,27,SP,NYY,145.66666666666666,30,29,121,42,170,84,0,0,0,0,4,11
2013,Dane De La Rosa,10095,30,RP,LAA,72.33333333333333,75,0,65,28,56,23,2,20,22,1,6,0
2013,Sergio Romo,9817,30,RP,SFG,60.333333333333336,65,0,58,12,53,17,38,0,38,1,5,0
2013,Ross Detwiler,2859,27,SP,WSN,71.33333333333333,13,13,39,14,92,32,0,0,0,0,2,6
2013,Alexi Ogando,10261,29,SP,TEX,104.33333333333333,23,18,72,41,87,36,0,0,0,0,7,6
2013,J.A. Happ,7410,30,SP,TOR,92.66666666666667,18,18,77,45,91,47,0,0,0,0,5,5
2013,Nick Tepesch,11716,24,SP,TEX,93,19,17,76,27,100,50,0,0,0,0,4,4
2013,Rex Brothers,9794,25,RP,COL,67.33333333333333,72,0,76,36,51,13,19,12,31,1,2,0
2013,Zack Wheeler,10310,23,SP,NYM,100,17,17,84,46,90,38,0,0,0,0,7,10
2013,Brian Matusz,2646,26,RP,BAL,51,65,0,50,16,43,20,0,18,18,1,2,0
2013,Sam LeCure,4664,29,RP,CIN,61,63,0,66,24,50,18,1,17,18,1,2,0
2013,Robbie Ross Jr.,6819,24,RP,TEX,62.333333333333336,65,0,58,19,63,21,0,15,15,1,4,0
2013,Anthony Swarzak,7466,27,RP,MIN,96,48,0,69,22,89,31,0,3,3,0,3,0
2013,Jeremy Hefner,1989,27,SP,NYM,130.66666666666666,24,23,99,37,132,63,0,0,0,0,4,14
2013,David Carpenter,3959,27,RP,ATL,65.66666666666667,56,0,74,20,45,13,0,12,12,1,4,0
2013,Matt Lindstrom,4604,33,RP,CHW,60.666666666666664,76,0,46,23,64,21,0,20,20,1,2,0
2013,Paco Rodríguez,13398,22,RP,LAD,54.333333333333336,76,0,63,19,30,14,2,20,22,1,3,0
2013,Jean Machi,3220,31,RP,SFG,53,51,0,51,12,46,14,0,11,11,1,3,0
2013,Brett Cecil,2660,26,RP,TOR,60.666666666666664,60,0,70,23,44,19,1,11,12,1,5,0
2013,Wily Peralta,7738,24,SP,MIL,183.33333333333334,32,32,129,73,187,89,0,0,0,0,11,17
2013,Jonathan Pettibone,7106,22,SP,PHI,100.33333333333333,18,18,66,38,109,45,0,0,0,0,5,8
2013,Jared Burton,8346,32,RP,MIN,66,71,0,61,22,61,28,2,27,29,1,2,0
2013,Josh Collmenter,7312,27,RP,ARI,92,49,0,85,33,79,32,0,5,5,0,5,0
2013,Andrew Albers,7853,27,SP,MIN,60,10,10,25,7,64,27,0,0,0,0,2,4
2013,Mike Dunn,9948,28,RP,MIA,67.66666666666667,75,0,72,28,53,20,2,18,20,1,3,0
2013,Brian Duensing,4064,30,RP,MIN,61,73,0,56,22,68,27,1,15,16,1,6,0
2013,Jim Johnson,3656,30,RP,BAL,70.33333333333333,74,0,56,18,72,23,50,0,50,1,3,0
2013,Kevin Slowey,9918,29,SP,MIA,92,20,14,76,18,106,42,0,0,0,0,3,5
2013,David Phelps,6316,26,SP,NYY,86.66666666666667,22,12,79,35,88,48,0,1,1,0,6,5
2013,Sergio Santos,4734,29,RP,TOR,25.666666666666668,29,0,28,4,11,5,1,8,9,1,1,0
2013,Yusmeiro Petit,4020,28,SP,SFG,48,8,7,47,11,46,19,0,0,0,0,4,4
2013,Roy Oswalt,571,35,SP,COL,32.333333333333336,9,6,34,9,49,31,0,1,1,0,0,0
2013,Junichi Tazawa,4079,27,RP,BOS,68.33333333333333,71,0,72,12,70,24,0,25,25,1,5,0
2013,Jordan Walden,3271,25,RP,ATL,47,50,0,54,14,39,18,1,14,15,1,4,0
2013,Jenrry Mejia,8476,23,SP,NYM,27.333333333333332,5,5,27,4,28,7,0,0,0,0,1,3
2013,J.P. Howell,8245,30,RP,LAD,62,67,0,54,23,42,15,0,11,11,1,4,0
2013,Dan Otero,7385,28,RP,OAK,39,33,0,27,6,42,6,0,8,8,0,2,0
2013,Will Harris,3192,28,RP,ARI,52.666666666666664,61,0,53,15,50,17,0,4,4,0,4,0
2013,Edinson Volquez,3990,29,SP,2 Tms,170.33333333333334,33,32,142,77,193,108,0,0,0,0,9,12
2013,J.J. Hoover,9037,25,RP,CIN,66,69,0,67,26,47,21,3,13,16,1,5,0
2013,Oliver Pérez,1514,31,RP,SEA,53,61,0,74,26,50,22,2,8,10,1,3,0
2013,Javier López,1663,35,RP,SFG,39.333333333333336,69,0,37,12,30,8,1,15,16,1,4,0
2013,Jesse Chavez,5448,29,RP,OAK,57.333333333333336,35,0,55,20,50,25,1,1,2,0,2,0
2013,Johnny Cueto,6893,27,SP,CIN,60.666666666666664,11,11,51,18,46,19,0,0,0,0,5,6
2013,Jason Frasor,1906,35,RP,TEX,49,61,0,48,20,36,14,0,10,10,1,4,0
2013,AJ Ramos,8350,26,RP,MIA,80,68,0,86,43,58,28,0,11,11,1,3,0
2013,Ernesto Frieri,5178,27,RP,LAA,68.66666666666667,67,0,98,30,55,29,37,2,39,1,2,0
2013,Taylor Jordan,10466,24,SP,WSN,51.666666666666664,9,9,29,11,59,21,0,0,0,0,1,3
2013,Darren O'Day,3321,30,RP,BAL,62,68,0,59,15,47,15,2,20,22,1,5,0
2013,Robbie Erlin,10354,22,SP,SDP,54.666666666666664,11,9,40,15,53,25,0,0,0,0,3,6
2013,Jake Diekman,5003,26,RP,PHI,38.333333333333336,45,0,41,16,34,11,0,11,11,1,1,0
2013,Kevin Siegrist,8180,23,RP,STL,39.666666666666664,45,0,50,18,17,2,0,11,11,1,3,0
2013,Louis Coleman,9720,27,RP,KCR,29.666666666666668,27,0,32,6,19,2,0,4,4,0,3,0
2013,Tanner Scheppers,10267,26,RP,TEX,76.66666666666667,76,0,59,24,58,16,1,27,28,1,6,0
2013,Jose Veras,2063,32,RP,2 Tms,62.666666666666664,67,0,60,22,45,21,21,9,30,1,0,0
2013,Tommy Hunter,1157,26,RP,BAL,86.33333333333333,68,0,68,14,71,27,4,21,25,1,6,0
2013,Brandon Cumpton,11366,24,SP,PIT,30.666666666666668,6,5,22,5,26,7,0,0,0,0,2,1
2013,Trevor Cahill,6249,25,SP,ARI,146.66666666666666,26,25,102,65,143,65,0,0,0,0,8,9
2013,Tim Collins,3164,23,RP,KCR,53.333333333333336,66,0,52,28,49,21,0,21,21,1,3,0
2013,Josh Outman,4004,28,RP,COL,54,61,0,53,23,56,26,0,13,13,1,3,0
2013,Todd Redmond,9943,28,SP,TOR,77,17,14,76,23,70,37,0,0,0,0,4,4
2013,Jeremy Guthrie,2072,34,SP,KCR,211.66666666666666,33,33,111,59,236,95,0,0,0,0,15,18
2013,Blake Parker,5224,28,RP,CHC,46.333333333333336,49,0,55,15,39,14,1,7,8,1,1,0
2013,Aaron Loup,10343,25,RP,TOR,69.33333333333333,64,0,53,13,66,19,2,8,10,1,4,0
2013,Dan Jennings,8073,26,RP,MIA,40.666666666666664,47,0,38,16,39,17,0,1,1,0,2,0
2013,Antonio Bastardo,8844,27,RP,PHI,42.666666666666664,48,0,47,21,33,11,2,14,16,1,3,0
2013,Gonzalez Germen,5876,25,RP,NYM,34.333333333333336,29,0,33,16,32,15,1,1,2,0,1,0
2013,Justin Grimm,11720,24,SP,2 Tms,98,27,17,76,34,120,65,0,3,3,0,7,6
2013,Jason Hammel,4538,30,SP,BAL,139.33333333333334,26,23,96,48,155,77,1,1,2,0,7,8
2013,Manny Parra,4279,30,RP,CIN,46,57,0,56,15,40,17,0,16,16,1,2,0
2013,Wilton Lopez,4227,29,RP,COL,75.33333333333333,75,0,48,18,88,34,0,8,8,0,3,0
2013,Tom Koehler,6570,27,SP,MIA,143,29,23,92,54,140,70,0,0,0,0,5,9
2013,Paul Maholm,8678,31,SP,ATL,153,26,26,105,47,169,75,0,0,0,0,10,13
2013,Grant Balfour,718,35,RP,OAK,62.666666666666664,65,0,72,27,48,18,38,0,38,1,1,0
2013,Rafael Soriano,1100,33,RP,WSN,66.66666666666667,68,0,51,17,65,23,43,0,43,1,3,0
2013,Tony Watson,3132,28,RP,PIT,71.66666666666667,67,0,54,12,51,19,2,22,24,1,3,0
2013,Pedro Strop,4070,28,RP,2 Tms,57.333333333333336,66,0,66,26,45,29,1,17,18,1,2,0
2013,Scott Downs,773,37,RP,2 Tms,43.333333333333336,68,0,37,19,45,12,0,26,26,1,4,0
2013,Danny Duffy,3542,24,SP,KCR,24.333333333333332,5,5,22,14,19,5,0,0,0,0,2,2
2013,Randy Choate,813,37,RP,STL,35.333333333333336,64,0,28,11,26,9,0,15,15,1,2,0
2013,Caleb Thielbar,10078,26,RP,MIN,46,49,0,39,14,24,9,0,1,1,0,3,0
2013,Scott Rice,2743,31,RP,NYM,51,73,0,41,27,42,21,0,17,17,1,4,0
2013,Joe Smith,3281,29,RP,CLE,63,70,0,54,23,54,16,3,25,28,1,6,0
2013,Joe Kelly,9761,25,RP,STL,124,37,15,79,44,124,37,0,2,2,0,10,8
2013,Tom Gorzelanny,6244,30,RP,MIL,85.33333333333333,43,10,83,31,77,37,0,6,6,0,3,3
2013,Jaime García,8137,26,SP,STL,55.333333333333336,9,9,43,15,57,22,0,0,0,0,5,4
2013,Brandon Workman,11428,24,RP,BOS,41.666666666666664,20,3,47,15,44,23,0,1,1,0,6,3
2013,Kelvin Herrera,6033,23,RP,KCR,58.333333333333336,59,0,74,21,48,25,2,20,22,1,5,0
2013,Brad Ziegler,7293,33,RP,ARI,73,78,0,44,22,61,18,13,11,24,1,8,0
2013,John Lannan,7080,28,SP,PHI,74.33333333333333,14,14,38,27,86,44,0,0,0,0,3,6
2013,Jamey Wright,715,38,RP,TBR,70,66,1,65,23,61,24,0,6,6,0,2,0
2013,Justin Wilson,4301,25,RP,PIT,73.66666666666667,58,0,59,28,50,17,0,14,14,1,6,0
2013,Luis Avilán,2882,23,RP,ATL,65,75,0,38,22,40,11,0,27,27,1,5,0
2013,Joe Saunders,4366,32,SP,SEA,183,32,32,107,61,232,107,0,0,0,0,11,13
2013,Jake McGee,7550,26,RP,TBR,62.666666666666664,71,0,75,22,52,28,1,27,28,1,5,0
2013,Chad Qualls,2170,34,RP,MIA,62,66,0,49,19,57,18,0,15,15,1,5,0
2013,Rafael Betancourt,177,38,RP,COL,28.666666666666668,32,0,27,11,26,13,16,0,16,1,2,0
2013,Craig Breslow,4363,32,RP,BOS,59.666666666666664,61,0,33,18,49,12,0,13,13,1,5,0
2013,Ryan Dempster,517,36,SP,BOS,171.33333333333334,32,29,157,79,170,87,0,0,0,0,8,14
2013,Ian Kennedy,6986,28,SP,2 Tms,181.33333333333334,31,31,163,73,180,99,0,0,0,0,7,14
2013,Joel Peralta,2332,37,RP,TBR,71.33333333333333,80,0,74,34,47,27,1,41,42,1,3,0
2013,Ryan Webb,7474,27,RP,MIA,80.33333333333333,66,0,54,27,70,26,0,4,4,0,2,0
2013,Jordan Lyles,7593,22,SP,HOU,141.66666666666666,27,25,93,49,165,88,1,1,2,0,7,10
2013,Will Smith,8048,23,RP,KCR,33.333333333333336,19,1,43,7,24,12,0,6,6,0,2,0
2013,Tyler Clippard,5640,28,RP,WSN,71,72,0,73,24,37,19,0,33,33,1,6,0
2013,Vin Mazzaro,5231,26,RP,PIT,73.66666666666667,57,0,46,21,68,23,1,6,7,0,8,0
2013,Tyler Lyons,11334,25,SP,STL,53,12,8,43,16,49,28,0,0,0,0,2,3
2013,Jarred Cosart,10304,23,SP,HOU,60,10,10,33,35,46,13,0,0,0,0,1,7
2013,Aaron Harang,1451,35,SP,2 Tms,143.33333333333334,26,26,113,40,153,86,0,0,0,0,5,12
2013,T.J. McFarland,3237,24,RP,BAL,74.66666666666667,38,1,58,28,83,35,0,0,0,0,4,0
2013,Jeff Francis,4684,32,SP,COL,70.33333333333333,23,12,63,24,89,49,0,0,0,0,3,3
2013,James Paxton,11828,24,RP,SEA,24,4,4,21,7,15,4,0,0,0,0,3,3
2013,Jose Mijares,4140,28,RP,SFG,49,60,0,54,20,67,23,0,6,6,0,0,0
2013,Kevin Gausman,14107,22,RP,BAL,47.666666666666664,20,5,49,13,51,30,0,2,2,0,3,1
2013,Daisuke Matsuzaka,7775,32,SP,NYM,38.666666666666664,7,7,33,16,32,19,0,0,0,0,3,3
2013,Bruce Rondón,5766,22,RP,DET,28.666666666666668,30,0,30,11,28,11,1,5,6,0,1,0
2013,Matt Reynolds,8887,28,RP,ARI,27.333333333333332,30,0,23,5,25,6,2,5,7,0,0,0
2013,Josh Johnson,4567,29,SP,TOR,81.33333333333333,16,16,83,30,105,56,0,0,0,0,2,5
2013,Ryan Pressly,7005,24,RP,MIN,76.66666666666667,49,0,49,27,71,33,0,1,1,0,3,0
2013,Tommy Hanson,9129,26,SP,LAA,73,15,13,56,30,83,44,0,0,0,0,4,4
2013,Shawn Kelley,7773,29,RP,NYY,53.333333333333336,57,0,71,23,47,26,0,11,11,1,4,0
2013,Jerry Blevins,7841,29,RP,OAK,60,67,0,52,17,47,21,0,4,4,0,5,0
2013,Fernando Abad,4994,27,RP,WSN,37.666666666666664,39,0,32,10,42,14,0,2,2,0,0,0
2013,Yoervis Medina,10498,24,RP,SEA,68,63,0,71,40,49,22,1,19,20,1,4,0
2013,Ross Ohlendorf,8268,30,RP,WSN,60.333333333333336,16,7,45,14,56,22,0,1,1,0,4,3
2013,Michael Roth,13736,23,RP,LAA,20,15,1,17,6,24,16,0,0,0,0,1,0
2013,Matt Albers,4300,30,RP,CLE,63,56,0,35,23,57,22,0,1,1,0,3,0
2013,Andrew Miller,6785,28,RP,BOS,30.666666666666668,37,0,48,17,25,9,0,6,6,0,1,0
2013,Tyler Cloyd,8536,26,SP,PHI,60.333333333333336,13,11,41,25,83,44,0,0,0,0,2,4
2013,Brett Anderson,8223,25,RP,OAK,44.666666666666664,16,5,46,21,51,30,3,1,4,0,1,2
2013,Jerome Williams,1137,31,SP,LAA,169.33333333333334,37,25,107,55,181,86,0,0,0,0,9,11
2013,Rob Wooten,8532,27,RP,MIL,27.666666666666668,27,0,18,8,27,12,0,8,8,0,3,0
2013,Drake Britton,2868,24,RP,BOS,21,18,0,17,7,21,9,0,1,1,0,1,0
2013,Carlos Martinez,11682,21,RP,STL,28.333333333333332,21,1,24,9,31,16,1,3,4,0,2,0
2013,Kevin Jepsen,6475,28,RP,LAA,36,45,0,36,14,41,18,0,8,8,1,1,0
2013,Jon Garland,232,33,SP,COL,68,12,12,32,23,85,44,0,0,0,0,4,4
2013,Josh Lindblom,7882,26,SP,TEX,31.333333333333332,8,5,21,11,35,19,0,0,0,0,1,1
2013,Tim Stauffer,6432,31,RP,SDP,69.66666666666667,43,0,64,20,59,29,0,7,7,0,3,0
2013,Francisco Rodríguez,1642,31,RP,2 Tms,46.666666666666664,48,0,54,14,42,14,10,5,15,1,3,0
2013,Jacob Turner,10185,22,SP,MIA,118,20,20,77,54,116,49,0,0,0,0,3,9
2013,Ronald Belisario,2203,30,RP,LAD,68,77,0,49,28,72,30,1,21,22,1,5,0
2013,Stephen Fife,8077,26,SP,LAD,58.333333333333336,12,10,45,20,69,24,0,0,0,0,4,4
2013,Wandy Rodriguez,2586,34,SP,PIT,62.666666666666664,12,12,46,12,58,25,0,0,0,0,6,7
2013,Tom Wilhelmsen,9975,29,RP,SEA,59,59,0,45,33,45,27,24,2,26,1,0,0
2013,Jake Odorizzi,6397,23,RP,TBR,29.666666666666668,7,4,22,8,28,13,1,0,1,0,0,0
2013,Alex Wilson,9239,26,RP,BOS,27.666666666666668,26,0,22,14,34,15,0,1,1,0,1,0
2013,Carlos Torres,7624,30,RP,NYM,86.33333333333333,33,9,75,17,79,33,0,3,3,0,4,6
2013,Anthony Varvaro,2385,28,RP,ATL,73.33333333333333,62,0,43,25,68,23,1,6,7,0,3,0
2013,Carlos Carrasco,6632,26,RP,CLE,46.666666666666664,15,7,30,18,64,35,0,0,0,0,1,1
2013,Joe Thatcher,4620,31,RP,2 Tms,39.333333333333336,72,0,36,10,40,14,0,15,15,1,3,0
2013,Drew Storen,6983,25,RP,WSN,61.666666666666664,68,0,58,19,65,31,3,24,27,1,4,0
2013,Jake Arrieta,4153,27,SP,2 Tms,75.33333333333333,14,14,60,41,59,40,0,0,0,0,5,5
2013,Darin Downs,5903,28,RP,DET,35.333333333333336,29,0,37,11,36,19,0,4,4,0,0,0
2013,Joakim Soria,6941,29,RP,TEX,23.666666666666668,26,0,28,14,18,10,0,6,6,0,1,0
2013,Jeanmar Gómez,9033,25,RP,PIT,80.66666666666667,34,8,53,28,65,30,0,3,3,0,3,1
2013,Jim Henderson,6653,30,RP,MIL,60,61,0,75,24,44,18,28,5,33,1,5,0
2013,Vidal Nuño,9674,25,RP,NYY,20,5,3,9,6,16,5,0,0,0,0,1,2
2013,Chris Withrow,7161,24,RP,LAD,34.666666666666664,26,0,43,13,20,10,1,4,5,0,3,0
2013,Seth Maness,12235,24,RP,STL,62,66,0,35,13,65,16,1,15,16,1,5,0
2013,Joe Ortiz,7955,22,RP,TEX,44.666666666666664,32,0,27,10,46,21,0,2,2,0,2,0
2013,Sean O'Sullivan,9137,25,RP,SDP,25,7,3,12,14,31,11,0,0,0,0,0,2
2013,Al Alburquerque,6324,27,RP,DET,49,53,0,70,34,39,25,0,10,10,1,4,0
2013,James McDonald,5523,28,SP,PIT,29.666666666666668,6,6,25,20,29,19,0,0,0,0,2,2
2013,Gavin Floyd,3886,30,SP,CHW,24.333333333333332,5,5,25,12,27,14,0,0,0,0,0,2
2013,Chad Jenkins,10326,25,RP,TOR,33.333333333333336,10,3,15,6,31,10,0,0,0,0,1,0
2013,Lucas Luetge,8337,26,RP,SEA,37,35,0,27,16,42,20,0,1,1,0,1,0
2013,Juan Pablo Perez,2557,34,RP,TOR,31.666666666666668,19,0,33,15,23,13,0,0,0,0,1,0
2013,Luis Mendoza,3126,29,SP,KCR,94,22,15,54,43,106,56,0,0,0,0,2,7
2013,Marc Rzepczynski,6612,27,RP,2 Tms,30.666666666666668,38,0,29,10,27,11,0,6,6,0,0,0
2013,Rich Hill,4806,33,RP,CLE,38.666666666666664,63,0,51,29,38,27,0,13,13,1,1,0
2013,Brandon Beachy,8851,26,SP,ATL,30,5,5,23,4,27,15,0,0,0,0,2,4
2013,Burke Badenhop,9736,30,RP,MIL,62.333333333333336,63,0,42,12,62,24,1,5,6,0,2,0
2013,Chris Rusin,9895,26,SP,CHC,66.33333333333333,13,13,36,24,66,29,0,0,0,0,2,5
2013,Juan Gutierrez,3265,29,RP,2 Tms,55.333333333333336,53,0,45,20,56,26,0,4,4,0,1,0
2013,Boone Logan,5525,28,RP,NYY,39,61,0,50,13,33,14,0,11,11,1,5,0
2013,Brad Peacock,5401,25,SP,HOU,83.33333333333333,18,14,77,37,78,48,0,2,2,0,5,6
2013,Matt Guerrier,2061,34,RP,2 Tms,42.666666666666664,49,0,30,17,43,19,0,8,8,0,4,0
2013,Dustin McGowan,8600,31,RP,TOR,25.666666666666668,25,0,26,12,19,7,0,6,6,0,0,0
2013,Greg Burke,6282,30,RP,NYM,31.666666666666668,32,0,28,15,43,20,0,1,1,0,0,0
2013,Donnie Veal,4741,28,RP,CHW,29.333333333333332,50,0,29,16,26,15,0,13,13,1,2,0
2013,John Danks,6329,28,SP,CHW,138.33333333333334,22,22,89,27,151,73,0,0,0,0,4,12
2013,Chad Bettis,10587,24,SP,COL,44.666666666666664,16,8,30,20,55,28,0,3,3,0,1,1
2013,Ryan Mattheus,7169,29,RP,WSN,35.333333333333336,37,0,22,15,52,25,0,6,6,0,0,0
2013,Esmil Rogers,6317,27,RP,TOR,137.66666666666666,44,20,96,44,152,73,0,4,4,0,5,9
2013,Brad Hand,9111,23,RP,MIA,20.666666666666668,7,2,15,8,13,7,0,0,0,0,1,1
2013,Scott Atchison,2642,37,RP,NYM,45.333333333333336,51,0,28,12,45,22,0,10,10,1,3,0
2013,Keith Butler,10080,24,RP,STL,20,16,0,16,11,13,9,0,0,0,0,0,0
2013,Cesár Ramos,3357,29,RP,TBR,67.33333333333333,48,0,53,22,66,31,1,1,2,0,2,0
2013,Alfredo Simon,2155,32,RP,CIN,87.66666666666667,63,0,63,26,68,28,1,6,7,0,6,0
2013,Logan Ondrusek,3677,28,RP,CIN,55,52,0,53,16,53,25,0,5,5,0,3,0
2013,P.J. Walters,9557,28,SP,MIN,39.333333333333336,8,8,22,18,51,26,0,0,0,0,2,3
2013,Dale Thayer,5032,32,RP,SDP,65,69,0,64,22,59,24,1,18,19,1,3,0
2013,Zack Britton,3240,25,SP,BAL,40,8,7,18,17,52,22,0,0,0,0,2,1
2013,Justin De Fratus,4955,25,RP,PHI,46.666666666666664,58,0,42,25,45,20,0,9,9,0,3,0
2013,Neil Wagner,8162,29,RP,TOR,38,36,0,33,13,39,16,0,10,10,1,2,0
2013,Preston Claiborne,10500,25,RP,NYY,50.333333333333336,44,0,42,14,51,23,0,4,4,0,0,0
2013,Luis Ayala,1650,35,RP,2 Tms,33,39,0,22,13,38,12,0,10,10,1,2,0
2013,Wade LeBlanc,5221,28,RP,2 Tms,55,17,7,33,20,72,33,0,0,0,0,1,1
2013,Michael Kirkman,9877,26,RP,TEX,22,25,0,25,15,36,20,1,0,1,0,0,0
2013,Scott Diamond,5089,26,SP,MIN,131,24,24,52,36,163,79,0,0,0,0,6,9
2013,Josh Beckett,510,33,SP,LAD,43.333333333333336,8,8,41,15,50,25,0,0,0,0,0,3
2013,James Russell,4089,27,RP,CHC,52.666666666666664,74,0,37,18,46,21,0,19,19,1,1,0
2013,Hector Noesí,3292,26,RP,SEA,27.333333333333332,12,1,21,12,42,20,0,0,0,0,0,0
2013,Edward Mujica,3970,29,RP,STL,64.66666666666667,65,0,46,5,60,20,37,5,42,1,2,0
2013,Matt Thornton,1918,36,RP,2 Tms,43.333333333333336,60,0,30,15,47,18,0,19,19,1,0,0
2013,Darren Oliver,206,42,RP,TOR,49,50,0,40,15,47,21,0,8,8,0,3,0
2013,Erasmo Ramírez,10314,23,SP,SEA,72.33333333333333,14,13,57,26,79,40,0,0,0,0,5,5
2013,J.J. Putz,1795,36,RP,ARI,34.333333333333336,40,0,38,17,26,9,6,6,12,1,3,0
2013,Luke Putkonen,6736,27,RP,DET,29.666666666666668,30,0,28,9,30,10,0,1,1,0,1,0
2013,Wesley Wright,5960,28,RP,2 Tms,53.666666666666664,71,0,55,19,54,22,0,9,9,0,0,0
2013,Evan Scribner,7525,27,RP,OAK,26.666666666666668,18,0,19,7,26,13,0,0,0,0,0,0
2013,Evan Reed,1349,27,RP,DET,23.333333333333332,16,0,17,8,28,11,0,0,0,0,0,0
2013,Manny Corpas,2807,30,RP,COL,41.666666666666664,31,0,30,16,40,21,0,3,3,0,1,0
2013,Fernando Salas,4971,28,RP,STL,28,27,0,22,6,27,14,0,2,2,0,0,0
2013,Kevin Gregg,1793,35,RP,CHC,62,62,0,56,32,53,24,33,0,33,1,2,0
2013,Tyler Skaggs,10190,21,SP,ARI,38.666666666666664,7,7,36,15,38,22,0,0,0,0,2,3
2013,Zach Duke,3840,30,RP,2 Tms,31.333333333333332,26,1,18,10,39,21,0,1,1,0,1,0
2013,Josh Zeid,6527,26,RP,HOU,27.666666666666668,25,0,24,12,26,12,1,6,7,1,0,0
2013,Ross Wolf,4534,30,RP,TEX,47.666666666666664,22,3,21,15,58,22,0,1,1,0,1,1
2013,Joe Savery,2835,27,RP,PHI,20,18,0,14,11,15,7,0,1,1,0,2,0
2013,Kevin Chapman,11240,25,RP,HOU,20.333333333333332,25,0,15,13,13,4,1,4,5,0,1,0
2013,Josh Edgin,10796,26,RP,NYM,28.666666666666668,34,0,20,12,26,12,1,3,4,0,1,0
2013,Adam Warren,9029,25,RP,NYY,77,34,2,64,30,80,29,1,1,2,0,3,0
2013,Troy Patton,8368,27,RP,BAL,56,56,0,42,16,57,23,0,8,8,0,2,0
2013,Brandon Lyon,1312,33,RP,NYM,34.333333333333336,37,0,23,13,43,19,0,7,7,0,2,0
2013,Sandy Rosario,1525,27,RP,SFG,41.666666666666664,43,0,24,20,38,14,0,6,6,0,3,0
2013,Roberto Hernandez,3273,32,SP,TBR,151,32,24,113,38,164,82,1,0,1,0,6,11
2013,Josh Roenicke,3241,30,RP,MIN,62,63,0,45,36,63,30,1,12,13,1,3,0
2013,Phil Coke,5535,30,RP,DET,38.333333333333336,49,0,30,21,43,23,1,4,5,0,0,0
2013,José Cisnero,6399,24,RP,HOU,43.666666666666664,28,0,41,22,49,20,0,5,5,0,2,0
2013,Raul Valdes,1953,35,RP,PHI,35,17,1,37,8,42,29,0,0,0,0,1,0
2013,Greg Reynolds,5712,27,SP,CIN,29.333333333333332,6,5,13,6,38,18,0,0,0,0,1,2
2013,Michael Bowden,4440,26,RP,CHC,37.666666666666664,34,0,23,15,32,18,0,0,0,0,1,0
2013,David Huff,4257,28,RP,2 Tms,37.666666666666664,14,2,31,9,33,23,0,0,0,0,3,0
2013,Franklin Morales,5088,27,RP,BOS,25.333333333333332,20,1,21,15,24,13,0,4,4,0,2,0
2013,Josh Lueke,5722,28,RP,TBR,21.333333333333332,19,0,25,12,23,12,0,2,2,0,0,0
2013,Brad Brach,6627,27,RP,SDP,31,33,0,31,19,36,11,0,2,2,0,1,0
2013,Brandon Maurer,4878,22,SP,SEA,90,22,14,70,27,114,63,0,0,0,0,5,5
2013,Kyle Gibson,10123,25,SP,MIN,51,10,10,29,20,69,37,0,0,0,0,2,2
2013,Randall Delgado,5985,23,SP,ARI,116.33333333333333,20,19,79,23,116,55,0,0,0,0,5,11
2013,Ted Lilly,833,37,SP,LAD,23,5,5,18,10,27,13,0,0,0,0,0,0
2013,Erik Johnson,12520,23,SP,CHW,27.666666666666668,5,5,18,11,32,10,0,0,0,0,3,3
2013,Collin McHugh,7531,26,SP,2 Tms,26,7,5,11,5,45,29,0,0,0,0,0,0
2013,Kyle Farnsworth,278,37,RP,2 Tms,38.333333333333336,48,0,28,10,43,20,2,2,4,0,3,0
2013,David Purcey,8360,31,RP,CHW,25.333333333333332,24,0,23,17,19,6,0,0,0,0,1,0
2013,Rhiner Cruz,711,26,RP,HOU,21.333333333333332,20,0,10,11,25,8,0,1,1,0,0,0
2013,Liam Hendriks,3548,24,SP,MIN,47.333333333333336,10,8,34,14,67,36,0,0,0,0,1,2
2013,Brad Boxberger,10133,25,RP,SDP,22,18,0,24,13,19,7,1,0,1,0,0,0
2013,Jared Hughes,9325,27,RP,PIT,32,29,0,23,16,37,17,0,3,3,0,2,0
2013,Jake Westbrook,412,35,SP,STL,116.66666666666667,21,19,44,50,132,60,0,0,0,0,7,10
2013,Heath Bell,2080,35,RP,ARI,65.66666666666667,69,0,72,16,74,30,15,8,23,1,5,0
2013,Anthony Bass,7982,25,RP,SDP,42,24,0,31,20,51,25,0,0,0,0,0,0
2013,Chaz Roe,9866,26,RP,ARI,22.333333333333332,21,0,24,13,18,10,0,1,1,0,1,0
2013,Santiago Casilla,2873,32,RP,SFG,50,57,0,38,25,39,12,2,22,24,1,7,0
2013,Chien-Ming Wang,2074,33,SP,TOR,27,6,6,14,9,40,23,0,0,0,0,1,2
2013,Andrew Bailey,1368,29,RP,BOS,28.666666666666668,30,0,39,12,23,12,8,8,16,1,3,0
2013,Jeff Manship,6865,28,RP,COL,30.666666666666668,11,4,18,12,37,24,0,0,0,0,0,1
2013,Blake Beavan,338,24,RP,SEA,39.666666666666664,12,2,27,8,46,27,0,0,0,0,0,0
2013,Nick Hagadone,1351,27,RP,CLE,31.333333333333332,36,0,30,21,24,19,0,2,2,0,0,0
2013,Héctor Rondón,2391,25,RP,CHC,54.666666666666664,45,0,44,25,52,29,0,2,2,0,2,0
2013,Brandon Morrow,9346,28,SP,TOR,54.333333333333336,10,10,42,18,63,34,0,0,0,0,2,4
2013,Cory Gearrin,7947,27,RP,ATL,31,37,0,23,16,30,13,1,1,2,0,2,0
2013,Pat Neshek,4682,32,RP,OAK,40.333333333333336,45,0,29,15,40,15,0,1,1,0,2,0
2013,Jose Alvarez,5358,24,RP,DET,38.666666666666664,14,6,31,16,42,25,0,2,2,0,1,1
2013,Philip Humber,8586,30,RP,HOU,54.666666666666664,17,7,36,20,75,48,0,0,0,0,0,2
2013,Hiram Burgos,9412,25,SP,MIL,29.333333333333332,6,6,18,11,38,21,0,0,0,0,1,2
2013,Vance Worley,6435,25,SP,MIN,48.666666666666664,10,10,25,15,82,39,0,0,0,0,1,3
2013,Aaron Crow,10149,26,RP,KCR,48,57,0,44,22,49,18,1,19,20,1,7,0
2013,Clayton Mortensen,3166,28,RP,BOS,30.333333333333332,24,0,21,16,32,18,0,0,0,0,1,0
2013,Rob Scahill,9286,26,RP,COL,33.333333333333336,23,0,20,9,40,19,0,1,1,0,1,0
2013,Michael Kohn,8505,27,RP,LAA,53,63,0,52,28,42,22,0,8,8,1,1,0
2013,Jeremy Horst,596,27,RP,PHI,26,28,0,21,12,35,18,0,2,2,0,0,0
2013,Edgmer Escalona,8574,26,RP,COL,46,37,0,34,14,52,29,0,7,7,0,1,0
2013,Jeremy Bonderman,1667,30,RP,2 Tms,55,18,7,32,27,58,33,0,0,0,0,2,3
2013,Burch Smith,12784,23,SP,SDP,36.333333333333336,10,7,46,21,39,26,0,0,0,0,1,2
2013,Pedro Hernandez,4578,24,SP,MIN,56.666666666666664,14,12,29,23,80,43,0,0,0,0,3,1
2013,Freddy Garcia,1077,36,SP,2 Tms,80.33333333333333,17,13,46,17,83,39,0,0,0,0,4,7
2013,Tony Sipp,8280,29,RP,ARI,37.666666666666664,56,0,42,22,35,20,0,3,3,0,3,0
2013,Drew Pomeranz,11426,24,RP,COL,21.666666666666668,8,4,19,19,25,15,0,0,0,0,0,0
2013,Ian Krol,10066,22,RP,WSN,27.333333333333332,32,0,22,8,28,12,0,2,2,0,2,0
2013,Carter Capps,12803,22,RP,SEA,59,53,0,66,23,73,36,0,9,9,0,3,0
2013,Jake Dunning,10803,24,RP,SFG,25.333333333333332,29,0,16,11,20,8,0,2,2,0,0,0
2013,Jonathan Broxton,4759,29,RP,CIN,30.666666666666668,34,0,25,12,27,14,0,12,12,1,2,0
2013,George Kontos,9486,28,RP,SFG,55.333333333333336,52,0,47,18,60,27,0,5,5,0,2,0
2013,Ethan Martin,3877,24,SP,PHI,40,15,8,47,26,42,27,0,0,0,0,2,1
2013,Josh Fields,5070,27,RP,HOU,38,41,0,40,18,31,21,5,6,11,1,1,0
2013,Ramon Troncoso,4685,30,RP,CHW,30,29,0,18,16,30,15,0,1,1,0,1,0
2013,David Hernandez,4259,28,RP,ARI,62.333333333333336,62,0,66,24,50,31,2,15,17,1,5,0
2013,Zach Miner,3193,31,RP,PHI,28.666666666666668,16,3,20,17,33,14,0,0,0,0,0,0
2013,Mike Adams,1937,34,RP,PHI,25,28,0,23,11,23,11,0,8,8,1,1,0
2013,Luis García,6984,26,RP,PHI,31.333333333333332,24,0,23,23,27,13,0,1,1,0,1,0
2013,Vinnie Pestano,4782,28,RP,CLE,35.333333333333336,37,0,37,21,37,16,6,6,12,1,1,0
2013,Joe Blanton,4849,32,SP,LAA,132.66666666666666,28,20,108,34,180,89,0,0,0,0,2,9
2013,Henry Alberto Rodriguez,6371,26,RP,2 Tms,22,22,0,12,20,20,10,0,1,1,0,0,0
2013,Brad Lincoln,4241,28,RP,TOR,31.666666666666668,22,0,25,22,28,14,0,0,0,0,1,0
2013,André Rienzo,3507,24,SP,CHW,56,10,10,38,28,55,30,0,0,0,0,2,6
2013,Dylan Axelrod,9303,27,SP,CHW,128.33333333333334,30,20,73,43,170,81,0,0,0,0,4,7
2013,Donovan Hand,8728,27,RP,MIL,68.33333333333333,31,7,37,21,71,28,0,2,2,0,1,2
2013,Allen Webster,3993,23,SP,BOS,30.333333333333332,8,7,23,18,37,29,0,0,0,0,1,2
2013,Cory Rasmus,2413,25,RP,2 Tms,21.666666666666668,19,0,20,13,24,13,0,2,2,0,1,0
2013,Jeremy Affeldt,583,34,RP,SFG,33.666666666666664,39,0,21,17,27,14,0,11,11,1,1,0
2013,Ramon Ortiz,27,40,RP,TOR,25.333333333333332,7,4,8,11,34,17,0,0,0,0,1,1
2013,David Aardsma,1902,31,RP,NYM,39.666666666666664,43,0,36,19,39,19,0,4,4,0,2,0
2013,John Axford,9059,30,RP,2 Tms,65,75,0,65,26,73,29,0,19,19,1,7,0
2013,Guillermo Moscoso,5106,29,RP,SFG,30,13,2,31,21,20,17,0,0,0,0,2,0
2013,Mike Kickham,11618,24,RP,SFG,28.333333333333332,12,3,29,10,46,32,0,0,0,0,0,0
2013,Alfredo Figaro,8404,28,RP,MIL,74,33,5,54,15,77,34,1,0,1,0,3,1
2013,Alfredo Aceves,5164,30,SP,BOS,37,11,6,24,22,42,20,0,0,0,0,4,2
2013,JC Ramírez,8302,24,RP,PHI,24,18,0,16,15,30,20,0,3,3,0,0,0
2013,Mike Fiers,7754,28,RP,MIL,22.333333333333332,11,3,15,6,28,18,0,0,0,0,1,0
2013,Brett Myers,962,32,RP,CLE,21.333333333333332,4,3,12,5,29,19,0,0,0,0,0,1
2013,Carlos Marmol,2790,30,RP,2 Tms,49,52,0,59,40,40,24,2,6,8,0,2,0
2013,Alex Sanabia,5350,24,SP,MIA,55.333333333333336,10,10,31,25,69,30,0,0,0,0,3,4
2013,Roy Halladay,1303,36,SP,PHI,62,13,13,51,36,55,47,0,0,0,0,4,6
2013,Michael Gonzalez,1794,35,RP,MIL,50,75,0,60,25,58,26,0,11,11,1,0,0
2013,Barry Zito,944,35,SP,SFG,133.33333333333334,30,25,86,54,173,85,0,0,0,0,5,6
2013,Ryan Vogelsong,1011,35,SP,SFG,103.66666666666667,19,19,67,38,124,66,0,0,0,0,4,7
2013,Joba Chamberlain,2692,27,RP,NYY,42,45,0,38,26,47,23,1,5,6,0,2,0
2013,Matt Magill,3950,23,SP,LAD,27.666666666666668,6,6,26,28,27,20,0,0,0,0,0,1
2013,Brandon League,3731,30,RP,LAD,54.333333333333336,58,0,28,15,69,32,14,2,16,1,6,0
2013,Huston Street,8258,29,RP,SDP,56.666666666666664,58,0,46,14,44,17,33,0,33,1,2,0
2013,Johnny Hellweg,10065,24,SP,MIL,30.666666666666668,8,7,9,26,40,23,0,0,0,0,1,1
2013,Hector Ambriz,559,29,RP,HOU,36.333333333333336,43,0,27,14,50,23,2,13,15,1,2,0
2013,Chris Perez,5213,27,RP,CLE,54,54,0,54,21,56,26,25,1,26,1,5,0
2013,Shawn Camp,1855,37,RP,CHC,23,26,0,13,9,34,18,0,4,4,0,1,0
2013,Lucas Harrell,7541,28,SP,HOU,153.66666666666666,36,22,89,88,174,100,0,0,0,0,6,8
2013,Paul Clemens,8037,25,RP,HOU,73.33333333333333,35,5,49,26,82,44,0,7,7,1,4,2
2013,Mitchell Boggs,3344,29,RP,2 Tms,23.333333333333332,27,0,16,20,28,21,2,1,3,0,0,0
2013,Travis Blackley,3234,30,RP,2 Tms,50.333333333333336,46,3,40,22,46,27,0,13,13,1,2,1
2013,Curtis Partch,1333,26,RP,CIN,23.333333333333332,14,0,16,17,17,16,0,0,0,0,0,0
2013,Clayton Richard,3551,29,SP,SDP,52.666666666666664,12,11,24,21,65,41,0,0,0,0,2,2
2013,Bryan Morris,10234,26,RP,PIT,65,55,0,37,28,57,25,0,7,7,0,5,0
2013,Kameron Loe,4422,31,RP,3 Tms,26.666666666666668,20,1,15,10,40,21,0,1,1,0,2,0
2013,Jason Marquis,105,34,SP,SDP,117.66666666666667,20,20,72,68,111,53,0,0,0,0,9,12
2014,Clayton Kershaw,2036,26,SP,LAD,198.33333333333334,27,27,239,31,139,39,0,0,0,0,21,24
2014,Corey Kluber,2429,28,SP,CLE,235.66666666666666,34,34,269,51,207,64,0,0,0,0,18,26
2014,Phil Hughes,7450,28,SP,MIN,209.66666666666666,32,32,186,16,221,82,0,0,0,0,16,20
2014,Félix Hernández,4772,28,SP,SEA,236,34,34,248,46,170,56,0,0,0,0,15,27
2014,David Price,3184,28,SP,2 Tms,248.33333333333334,34,34,271,38,230,90,0,0,0,0,15,24
2014,Max Scherzer,3137,29,SP,DET,220.33333333333334,33,33,252,63,196,77,0,0,0,0,18,22
2014,Jordan Zimmermann,4505,28,SP,WSN,199.66666666666666,32,32,182,29,185,59,0,0,0,0,14,24
2014,Jon Lester,4930,30,SP,2 Tms,219.66666666666666,32,32,220,48,194,60,0,0,0,0,16,27
2014,Jake Arrieta,4153,28,SP,CHC,156.66666666666666,25,25,167,41,114,44,0,0,0,0,10,18
2014,Chris Sale,10603,25,SP,CHW,174,26,26,208,39,129,42,0,0,0,0,12,21
2014,Adam Wainwright,2233,32,SP,STL,227,32,32,179,50,184,60,0,0,0,0,20,25
2014,Jose Quintana,11423,25,SP,CHW,200.33333333333334,32,32,178,52,197,74,0,0,0,0,9,21
2014,Stephen Strasburg,10131,25,SP,WSN,215,34,34,242,43,198,75,0,0,0,0,14,24
2014,Zack Greinke,1943,30,SP,LAD,202.33333333333334,32,32,207,43,190,61,0,0,0,0,17,21
2014,Cole Hamels,4972,30,SP,PHI,204.66666666666666,30,30,198,59,176,56,0,0,0,0,9,25
2014,Jeff Samardzija,3254,29,SP,2 Tms,219.66666666666666,33,33,202,43,191,73,0,0,0,0,7,23
2014,Johnny Cueto,6893,28,SP,CIN,243.66666666666666,34,34,242,65,169,61,0,0,0,0,20,29
2014,Garrett Richards,9784,26,SP,LAA,168.66666666666666,26,26,164,51,124,49,0,0,0,0,13,19
2014,Hyun Jin Ryu,14444,27,SP,LAD,152,26,26,139,29,152,57,0,0,0,0,14,19
2014,Mark Buehrle,225,35,SP,TOR,202,32,32,119,46,228,76,0,0,0,0,13,19
2014,Madison Bumgarner,5524,24,SP,SFG,217.33333333333334,33,33,219,43,194,72,0,0,0,0,18,21
2014,Lance Lynn,2520,27,SP,STL,203.66666666666666,33,33,181,72,185,62,0,0,0,0,15,24
2014,Jacob deGrom,10954,26,SP,NYM,140.33333333333334,22,22,144,43,117,42,0,0,0,0,9,17
2014,Yu Darvish,13074,27,SP,TEX,144.33333333333334,22,22,182,49,133,49,0,0,0,0,10,14
2014,Dallas Keuchel,9434,26,SP,HOU,200,29,29,146,48,187,65,0,0,0,0,12,21
2014,Sonny Gray,12768,24,SP,OAK,219,33,33,183,74,187,75,0,0,0,0,14,26
2014,Julio Teheran,6797,23,SP,ATL,221,33,33,186,51,188,71,0,0,0,0,14,25
2014,Marcus Stroman,13431,23,SP,TOR,130.66666666666666,26,20,111,28,125,53,1,0,1,0,11,14
2014,James Shields,7059,32,SP,KCR,227,34,34,180,44,224,81,0,0,0,0,14,24
2014,Scott Kazmir,4897,30,SP,OAK,190.33333333333334,32,32,164,50,171,75,0,0,0,0,15,20
2014,Aníbal Sánchez,3284,30,SP,DET,126,22,21,102,30,108,48,0,0,0,0,8,10
2014,Nathan Eovaldi,9132,24,SP,MIA,199.66666666666666,33,33,142,43,223,97,0,0,0,0,6,20
2014,Tanner Roark,8753,27,SP,WSN,198.66666666666666,31,31,138,39,178,63,0,0,0,0,15,21
2014,Gio Gonzalez,7448,28,SP,WSN,158.66666666666666,27,27,162,56,134,63,0,0,0,0,10,17
2014,Carlos Carrasco,6632,27,RP,CLE,134,40,14,140,29,103,38,1,0,1,0,8,7
2014,Ervin Santana,3200,31,SP,ATL,196,31,31,179,63,193,86,0,0,0,0,14,19
2014,Justin Verlander,8700,31,SP,DET,206,32,32,159,65,223,104,0,0,0,0,15,18
2014,Wade Davis,7441,28,RP,KCR,72,71,0,109,23,38,8,3,33,36,1,9,0
2014,Hiroki Kuroda,3283,39,SP,NYY,199,32,32,146,35,191,82,0,0,0,0,11,21
2014,Collin McHugh,7531,27,SP,HOU,154.66666666666666,25,25,157,41,117,47,0,0,0,0,11,16
2014,Rick Porcello,2717,25,SP,DET,204.66666666666666,32,31,129,41,211,78,0,0,0,0,15,21
2014,Dellin Betances,6216,26,RP,NYY,90,70,0,135,24,46,14,1,22,23,1,5,0
2014,Chris Archer,6345,25,SP,TBR,194.66666666666666,32,32,173,72,177,72,0,0,0,0,10,20
2014,Masahiro Tanaka,15764,25,SP,NYY,136.33333333333334,20,20,141,21,123,42,0,0,0,0,13,16
2014,Alex Wood,13781,23,SP,ATL,171.66666666666666,35,24,170,45,151,53,0,2,2,0,11,19
2014,Ian Kennedy,6986,29,SP,SDP,201,33,33,207,70,189,81,0,0,0,0,13,19
2014,Aaron Harang,1451,36,SP,ATL,204.33333333333334,33,33,161,71,215,81,0,0,0,0,12,25
2014,Hisashi Iwakuma,13048,33,SP,SEA,179,28,28,154,21,167,70,0,0,0,0,15,17
2014,Aroldis Chapman,10233,26,RP,CIN,54,54,0,106,24,21,12,36,0,36,1,0,0
2014,Bartolo Colon,375,41,SP,NYM,202.33333333333334,31,31,151,30,218,92,0,0,0,0,15,20
2014,Kyle Gibson,10123,26,SP,MIN,179.33333333333334,31,31,107,57,178,89,0,0,0,0,13,15
2014,Tyson Ross,7872,27,SP,SDP,195.66666666666666,31,31,195,72,165,61,0,0,0,0,13,22
2014,Brandon McCarthy,4662,30,SP,2 Tms,200,32,32,175,33,222,90,0,0,0,0,10,16
2014,Drew Hutchison,10732,23,SP,TOR,184.66666666666666,32,32,184,60,173,92,0,0,0,0,11,12
2014,Yordano Ventura,11855,23,SP,KCR,183,31,30,159,69,168,65,0,0,0,0,14,22
2014,Henderson Alvarez,5669,24,SP,MIA,187,30,30,111,33,198,55,0,0,0,0,12,18
2014,John Lackey,1507,35,SP,2 Tms,198,31,31,164,47,206,84,0,0,0,0,14,22
2014,Alex Cobb,6562,26,SP,TBR,166.33333333333334,27,27,149,47,142,53,0,0,0,0,10,17
2014,Jake McGee,7550,27,RP,TBR,71.33333333333333,73,0,90,16,48,15,19,14,33,1,5,0
2014,Sean Doolittle,1581,27,RP,OAK,62.666666666666664,61,0,89,8,38,19,22,5,27,1,2,0
2014,Matt Garza,3340,30,SP,MIL,163.33333333333334,27,27,126,50,143,66,0,0,0,0,8,17
2014,Zack Wheeler,10310,24,SP,NYM,185.33333333333334,32,32,187,79,167,73,0,0,0,0,11,21
2014,Craig Kimbrel,6655,26,RP,ATL,61.666666666666664,63,0,95,26,30,11,47,0,47,1,0,0
2014,Jonathon Niese,4424,27,SP,NYM,187.66666666666666,30,30,138,45,193,71,0,0,0,0,9,21
2014,Wei-Yin Chen,13071,28,SP,BAL,185.66666666666666,31,31,136,35,193,73,0,0,0,0,16,15
2014,Chris Tillman,5279,26,SP,BAL,207.33333333333334,34,34,150,66,189,77,0,0,0,0,13,21
2014,Mike Leake,10130,26,SP,CIN,214.33333333333334,33,33,164,50,217,88,0,0,0,0,11,20
2014,Jason Vargas,8044,31,SP,KCR,187,30,30,128,41,197,77,0,0,0,0,11,18
2014,Steve Cishek,6483,28,RP,MIA,65.33333333333333,67,0,84,21,58,23,39,0,39,1,4,0
2014,Greg Holland,7196,28,RP,KCR,62.333333333333336,65,0,90,20,37,10,46,0,46,1,1,0
2014,Drew Smyly,11760,25,SP,2 Tms,153,28,25,133,42,136,55,0,1,1,0,9,13
2014,Andrew Miller,6785,29,RP,2 Tms,62.333333333333336,73,0,103,17,33,14,1,22,23,1,5,0
2014,Kenley Jansen,3096,26,RP,LAD,65.33333333333333,68,0,101,19,55,20,44,0,44,1,2,0
2014,Tom Koehler,6570,28,SP,MIA,191.33333333333334,32,32,153,71,177,81,0,0,0,0,10,19
2014,Gerrit Cole,13125,23,SP,PIT,138,22,22,138,40,127,56,0,0,0,0,11,15
2014,Danny Duffy,3542,25,SP,KCR,149.33333333333334,31,25,113,53,113,42,0,1,1,0,9,13
2014,Brett Oberholtzer,3855,24,SP,HOU,143.66666666666666,24,24,94,28,170,70,0,0,0,0,5,13
2014,Matt Shoemaker,4776,27,SP,LAA,136,27,20,124,24,122,46,0,0,0,0,16,11
2014,Michael Pineda,5372,25,SP,NYY,76.33333333333333,13,13,59,7,56,16,0,0,0,0,5,9
2014,Jarred Cosart,10304,24,SP,2 Tms,180.33333333333334,30,30,115,73,173,74,0,0,0,0,13,19
2014,Jonathan Papelbon,5975,33,RP,PHI,66.33333333333333,66,0,63,15,45,15,39,0,39,1,2,0
2014,Kevin Gausman,14107,23,SP,BAL,113.33333333333333,20,20,88,38,111,45,0,0,0,0,7,9
2014,Cliff Lee,1636,35,SP,PHI,81.33333333333333,13,13,72,12,100,33,0,0,0,0,4,8
2014,Pat Neshek,4682,33,RP,STL,67.33333333333333,71,0,68,9,44,14,6,25,31,1,7,0
2014,Michael Wacha,14078,22,SP,STL,107,19,19,94,33,95,38,0,0,0,0,5,12
2014,Kyle Lohse,739,35,SP,MIL,198.33333333333334,31,31,141,45,183,78,0,0,0,0,13,21
2014,Mark Melancon,4264,29,RP,PIT,71,72,0,71,11,51,15,33,14,47,1,3,0
2014,Tyler Matzek,10058,23,SP,COL,117.66666666666667,20,19,91,44,120,53,0,0,0,0,6,11
2014,Jason Hammel,4538,31,SP,2 Tms,176.33333333333334,30,29,158,44,154,68,0,0,0,0,10,17
2014,José Fernández,11530,21,SP,MIA,51.666666666666664,8,8,70,13,36,14,0,0,0,0,4,6
2014,Andrew Cashner,8782,27,SP,SDP,123.33333333333333,19,19,93,29,110,35,0,0,0,0,5,14
2014,Danny Salazar,5867,24,SP,CLE,110,20,20,120,35,117,52,0,0,0,0,6,7
2014,Mat Latos,3815,26,SP,CIN,102.33333333333333,16,16,74,26,92,37,0,0,0,0,5,10
2014,Ken Giles,12910,23,RP,PHI,45.666666666666664,44,0,64,11,25,6,1,13,14,1,3,0
2014,Jake Odorizzi,6397,24,SP,TBR,168,31,31,174,59,156,77,0,0,0,0,11,14
2014,R.A. Dickey,1245,39,SP,TOR,215.66666666666666,34,34,173,74,191,89,0,0,0,0,14,23
2014,A.J. Burnett,512,37,SP,PHI,213.66666666666666,34,34,190,96,205,109,0,0,0,0,8,15
2014,Jorge De La Rosa,2047,33,SP,COL,184.33333333333334,32,32,139,67,161,84,0,0,0,0,14,17
2014,Yusmeiro Petit,4020,29,RP,SFG,117,39,12,133,22,97,48,0,0,0,0,5,5
2014,Héctor Rondón,2391,26,RP,CHC,63.333333333333336,64,0,63,15,52,17,29,1,30,1,4,0
2014,Homer Bailey,8362,28,SP,CIN,145.66666666666666,23,23,124,45,134,60,0,0,0,0,9,14
2014,Dan Haren,1757,33,SP,LAD,186,32,32,145,36,183,83,0,0,0,0,13,18
2014,Tim Hudson,921,38,SP,SFG,189.33333333333334,31,31,120,34,199,75,0,0,0,0,9,18
2014,Kyle Hendricks,12049,24,SP,CHC,80.33333333333333,13,13,47,15,72,22,0,0,0,0,7,8
2014,Francisco Liriano,3201,30,SP,PIT,162.33333333333334,29,29,175,81,130,61,0,0,0,0,7,14
2014,Yovani Gallardo,8173,28,SP,MIL,192.33333333333334,32,32,146,54,195,75,0,0,0,0,8,20
2014,Josh Collmenter,7312,28,SP,ARI,179.33333333333334,33,28,115,39,163,69,1,0,1,0,11,14
2014,Mike Fiers,7754,29,SP,MIL,71.66666666666667,14,10,76,17,46,17,0,0,0,0,6,8
2014,Jesse Chavez,5448,30,SP,OAK,146,32,21,136,49,142,56,0,0,0,0,8,11
2014,Tyler Skaggs,10190,22,SP,LAA,113,18,18,86,30,107,54,0,0,0,0,5,8
2014,Tyler Clippard,5640,29,RP,WSN,70.33333333333333,75,0,82,23,47,17,1,40,41,1,7,0
2014,Doug Fister,9425,30,SP,WSN,164,25,25,98,24,153,44,0,0,0,0,16,18
2014,Wily Peralta,7738,25,SP,MIL,198.66666666666666,32,32,154,61,198,78,0,0,0,0,17,22
2014,Jake Peavy,1051,33,SP,2 Tms,202.66666666666666,32,32,158,63,196,84,0,0,0,0,7,20
2014,Joakim Soria,6941,30,RP,2 Tms,44.333333333333336,48,0,48,6,38,16,18,1,19,1,2,0
2014,Travis Wood,9884,27,SP,CHC,173.66666666666666,31,31,146,76,190,97,0,0,0,0,8,13
2014,David Robertson,8241,29,RP,NYY,64.33333333333333,63,0,96,23,45,22,39,0,39,1,4,0
2014,Josh Fields,5070,28,RP,HOU,54.666666666666664,54,0,70,17,50,27,4,8,12,1,4,0
2014,Trevor Bauer,12703,23,SP,CLE,153,26,26,143,60,151,71,0,0,0,0,5,13
2014,Vance Worley,6435,26,SP,PIT,110.66666666666667,18,17,79,22,112,35,0,0,0,0,8,11
2014,Jordan Lyles,7593,23,SP,COL,126.66666666666667,22,22,90,46,127,61,0,0,0,0,7,11
2014,Zach McAllister,2895,26,SP,CLE,86,22,15,74,28,96,50,0,1,1,0,4,6
2014,Jake Diekman,5003,27,RP,PHI,71,73,0,100,35,66,30,0,18,18,1,5,0
2014,Jered Weaver,4235,31,SP,LAA,213.33333333333334,34,34,169,65,193,85,0,0,0,0,18,22
2014,Charlie Morton,4676,30,SP,PIT,157.33333333333334,26,26,126,57,143,65,0,0,0,0,6,12
2014,Tony Watson,3132,29,RP,PIT,77.33333333333333,78,0,81,15,64,14,2,34,36,1,10,0
2014,Carlos Martinez,11682,22,RP,STL,89.33333333333333,57,7,84,36,90,40,1,17,18,1,2,0
2014,Clay Buchholz,3543,29,SP,BOS,170.33333333333334,28,28,132,54,182,101,0,0,0,0,8,13
2014,Alfredo Simon,2155,33,SP,CIN,196.33333333333334,32,32,127,56,181,75,0,0,0,0,15,22
2014,Wade Miley,8779,27,SP,ARI,201.33333333333334,33,33,183,75,207,97,0,0,0,0,8,19
2014,Kelvin Herrera,6033,24,RP,KCR,70,70,0,59,26,54,11,0,20,20,1,4,0
2014,Carlos Villanueva,4138,30,RP,CHC,77.66666666666667,42,5,72,19,89,40,2,3,5,0,5,0
2014,Zach Duke,3840,31,RP,MIL,58.666666666666664,74,0,74,17,49,16,0,12,12,1,5,0
2014,Bud Norris,9492,29,SP,BAL,165.33333333333334,28,28,139,52,149,67,0,0,0,0,15,11
2014,Ricky Nolasco,3830,31,SP,MIN,159,27,27,115,38,203,95,0,0,0,0,6,10
2014,Scott Feldman,6283,31,SP,HOU,180.33333333333334,29,29,107,50,185,75,0,0,0,0,8,20
2014,Derek Holland,4141,27,SP,TEX,37,6,5,25,5,34,6,0,0,0,0,2,5
2014,J.A. Happ,7410,31,SP,TOR,158,30,26,133,51,160,74,0,0,0,0,11,13
2014,Colby Lewis,1259,34,SP,TEX,170.33333333333334,29,29,133,48,211,98,0,0,0,0,10,8
2014,Brett Cecil,2660,27,RP,TOR,53.333333333333336,66,0,76,27,46,16,5,24,29,1,2,0
2014,Adam Warren,9029,26,RP,NYY,78.66666666666667,69,0,76,24,63,26,3,23,26,1,3,0
2014,Jeremy Guthrie,2072,35,SP,KCR,202.66666666666666,32,32,124,49,215,93,0,0,0,0,13,16
2014,Joaquín Benoit,1437,36,RP,SDP,54.333333333333336,53,0,64,14,28,9,11,16,27,1,4,0
2014,Glen Perkins,8041,31,RP,MIN,61.666666666666664,63,0,66,11,62,25,34,0,34,1,4,0
2014,Adam Ottavino,1247,28,RP,COL,65,75,0,70,16,67,26,1,21,22,1,1,0
2014,Trevor Rosenthal,10745,24,RP,STL,70.33333333333333,72,0,87,42,57,25,45,2,47,1,2,0
2014,Cody Allen,12183,25,RP,CLE,69.66666666666667,76,0,91,26,48,16,24,9,33,1,6,0
2014,TJ House,9121,24,SP,CLE,102,19,18,80,22,113,38,0,0,0,0,5,7
2014,Pedro Strop,4070,29,RP,CHC,61,65,0,71,25,40,15,2,21,23,1,2,0
2014,James Paxton,11828,25,SP,SEA,74,13,13,59,29,60,25,0,0,0,0,6,8
2014,Koji Uehara,9227,39,RP,BOS,64.33333333333333,64,0,80,8,51,18,26,1,27,1,6,0
2014,Roenis Elías,12673,25,SP,SEA,163.66666666666666,29,29,143,64,151,70,0,0,0,0,10,8
2014,Brett Anderson,8223,26,SP,COL,43.333333333333336,8,8,29,13,44,14,0,0,0,0,1,5
2014,Fernando Rodney,494,37,RP,SEA,66.33333333333333,69,0,76,28,61,21,48,0,48,1,1,0
2014,Huston Street,8258,30,RP,2 Tms,59.333333333333336,61,0,57,14,42,9,41,0,41,1,2,0
2014,David Buchanan,11176,25,SP,PHI,117.66666666666667,20,20,71,32,120,49,0,0,0,0,6,11
2014,Mike Dunn,9948,29,RP,MIA,57,75,0,67,22,47,20,1,22,23,1,10,0
2014,Zack Britton,3240,26,RP,BAL,76.33333333333333,71,0,62,23,46,14,37,7,44,1,3,0
2014,Kyle Kendrick,6230,29,SP,PHI,199,32,32,121,57,214,102,0,0,0,0,10,13
2014,Drew Storen,6983,26,RP,WSN,56.333333333333336,65,0,46,11,44,7,11,20,31,1,2,0
2014,Joe Smith,3281,30,RP,LAA,74.66666666666667,76,0,68,15,45,15,15,18,33,1,7,0
2014,Tsuyoshi Wada,13046,33,SP,CHC,69.33333333333333,13,13,57,19,67,25,0,0,0,0,4,5
2014,Shane Greene,10756,25,SP,NYY,78.66666666666667,15,14,81,29,81,33,0,0,0,0,5,6
2014,Josh Tomlin,9388,29,SP,CLE,104,25,16,94,14,120,55,0,0,0,0,6,5
2014,Casey Fien,3926,30,RP,MIN,63.333333333333336,73,0,51,10,64,28,1,26,27,1,5,0
2014,Ryan Vogelsong,1011,36,SP,SFG,184.66666666666666,32,32,151,58,178,82,0,0,0,0,8,15
2014,Luke Gregerson,4090,30,RP,OAK,72.33333333333333,72,0,59,15,58,17,3,22,25,1,5,0
2014,Brandon Cumpton,11366,25,SP,PIT,70,16,10,46,18,82,38,0,0,0,0,3,5
2014,Yohan Pino,6955,30,SP,MIN,60.333333333333336,11,11,50,14,66,34,0,0,0,0,2,3
2014,Antonio Bastardo,8844,28,RP,PHI,64,67,0,81,34,43,28,0,12,12,1,5,0
2014,Neil Ramírez,7677,25,RP,CHC,43.666666666666664,50,0,53,17,29,7,3,16,19,1,3,0
2014,Junichi Tazawa,4079,28,RP,BOS,63,71,0,64,17,58,20,0,16,16,1,4,0
2014,Jesse Hahn,13287,24,SP,SDP,73.33333333333333,14,12,70,32,57,25,0,0,0,0,7,7
2014,David Carpenter,3959,28,RP,ATL,61,65,0,67,16,61,24,3,19,22,1,6,0
2014,Jeurys Familia,5114,24,RP,NYM,77.33333333333333,76,0,73,32,59,19,5,23,28,1,2,0
2014,Darren O'Day,3321,31,RP,BAL,68.66666666666667,68,0,73,19,42,13,4,25,29,1,5,0
2014,Tony Sipp,8280,30,RP,HOU,50.666666666666664,56,0,63,17,28,19,4,11,15,1,4,0
2014,Kevin Jepsen,6475,29,RP,LAA,65,74,0,75,23,45,19,2,22,24,1,0,0
2014,Chris Hatcher,3299,29,RP,MIA,56,52,0,60,12,55,21,0,6,6,0,0,0
2014,Jordan Walden,3271,26,RP,ATL,50,58,0,62,27,33,16,3,20,23,1,0,0
2014,Scott Atchison,2642,38,RP,CLE,72,70,0,49,14,60,22,2,14,16,1,6,0
2014,Jimmy Nelson,10547,25,SP,MIL,69.33333333333333,14,12,57,19,82,38,0,0,0,0,2,6
2014,Brad Boxberger,10133,26,RP,TBR,64.66666666666667,63,0,104,20,34,17,2,18,20,1,5,0
2014,Jerry Blevins,7841,30,RP,WSN,57.333333333333336,64,0,66,23,48,31,0,9,9,0,2,0
2014,Odrisamer Despaigne,16017,27,SP,SDP,96.33333333333333,16,16,65,32,85,36,0,0,0,0,4,9
2014,Danny Farquhar,8501,27,RP,SEA,71,66,0,81,22,58,21,1,13,14,1,3,0
2014,Chris Capuano,1701,35,RP,2 Tms,97.33333333333333,40,12,84,34,101,47,0,4,4,0,3,6
2014,Rafael Soriano,1100,34,RP,WSN,62,64,0,59,19,51,22,32,0,32,1,4,0
2014,Joba Chamberlain,2692,28,RP,DET,63,69,0,59,24,57,25,2,29,31,1,2,0
2014,Drew Pomeranz,11426,25,SP,OAK,69,20,10,64,26,51,18,0,0,0,0,5,2
2014,Shawn Kelley,7773,30,RP,NYY,51.666666666666664,59,0,67,20,45,26,4,12,16,1,3,0
2014,Edinson Volquez,3990,30,SP,PIT,192.66666666666666,32,31,140,71,166,65,0,0,0,0,13,19
2014,Edwin Jackson,1841,30,SP,CHC,140.66666666666666,28,27,123,63,168,99,0,0,0,0,6,7
2014,Zach Putnam,9080,26,RP,CHW,54.666666666666664,49,0,46,20,39,12,6,16,22,1,5,0
2014,Nick Vincent,7555,27,RP,SDP,55,63,0,62,11,44,22,0,20,20,1,1,0
2014,Tommy Hunter,1157,27,RP,BAL,60.666666666666664,60,0,45,12,55,20,11,12,23,1,3,0
2014,Chris Bassitt,12304,25,SP,CHW,29.666666666666668,6,5,21,13,34,13,0,0,0,0,1,2
2014,Kevin Quackenbush,12360,25,RP,SDP,54.333333333333336,56,0,56,18,42,15,6,10,16,1,3,0
2014,Justin Grimm,11720,25,RP,CHC,69,73,0,70,27,59,29,0,11,11,1,5,0
2014,LaTroy Hawkins,729,41,RP,COL,54.333333333333336,57,0,32,13,52,20,23,1,24,1,4,0
2014,Dan Otero,7385,29,RP,OAK,86.66666666666667,72,0,45,15,80,22,1,12,13,1,8,0
2014,Martín Pérez,6902,23,SP,TEX,51.333333333333336,8,8,35,19,50,25,0,0,0,0,4,3
2014,Burke Badenhop,9736,31,RP,BOS,70.66666666666667,70,0,40,19,70,18,1,13,14,1,0,0
2014,AJ Ramos,8350,27,RP,MIA,64,68,0,73,43,36,15,0,20,20,1,7,0
2014,Jonathan Broxton,4759,30,RP,2 Tms,58.666666666666664,62,0,49,19,41,15,7,23,30,1,4,0
2014,Ryan Webb,7474,28,RP,BAL,49.333333333333336,51,0,37,12,50,21,0,11,11,1,3,0
2014,Blake Treinen,12572,26,RP,WSN,50.666666666666664,15,7,30,13,57,14,0,0,0,0,2,1
2014,Aaron Barrett,11243,26,RP,WSN,40.666666666666664,50,0,49,20,33,12,0,8,8,0,3,0
2014,Cory Rasmus,2413,26,RP,LAA,56,30,6,57,17,42,16,0,0,0,0,3,0
2014,Justin De Fratus,4955,26,RP,PHI,52.666666666666664,54,0,49,12,45,14,0,5,5,0,3,0
2014,Fernando Abad,4994,28,RP,OAK,57.333333333333336,69,0,51,15,34,10,0,9,9,0,2,0
2014,Gavin Floyd,3886,31,SP,ATL,54.333333333333336,9,9,45,13,55,16,0,0,0,0,2,5
2014,Craig Stammen,7274,30,RP,WSN,72.66666666666667,49,0,56,14,78,31,0,7,7,0,4,0
2014,Matt Thornton,1918,37,RP,2 Tms,36,64,0,28,8,33,7,0,18,18,1,1,0
2014,Vidal Nuño,9674,26,SP,2 Tms,161.66666666666666,31,28,129,46,157,82,0,0,0,0,2,10
2014,Yohan Flande,5057,28,SP,COL,59,16,10,34,16,55,34,0,1,1,0,0,2
2014,Neal Cotts,1797,34,RP,TEX,66.66666666666667,73,0,63,23,66,32,2,19,21,1,2,0
2014,Marc Rzepczynski,6612,28,RP,CLE,46,73,0,46,19,42,14,1,13,14,1,0,0
2014,Brandon Maurer,4878,23,RP,SEA,69.66666666666667,38,7,55,19,74,36,0,5,5,0,1,0
2014,Robbie Erlin,10354,23,SP,SDP,61.333333333333336,13,11,46,15,71,34,0,0,0,0,4,5
2014,Dominic Leone,13763,22,RP,SEA,66.33333333333333,57,0,70,25,52,16,0,7,7,0,8,0
2014,Trevor Cahill,6249,26,SP,ARI,110.66666666666667,32,17,105,55,123,69,1,0,1,0,3,6
2014,Chase Anderson,6895,26,SP,ARI,114.33333333333333,21,21,105,40,117,51,0,0,0,0,9,11
2014,Anthony Swarzak,7466,28,RP,MIN,86,50,4,47,28,100,44,0,3,3,0,3,0
2014,Aaron Sanchez,11490,21,RP,TOR,33,24,0,27,9,14,4,3,7,10,1,2,0
2014,Charlie Furbush,1370,28,RP,SEA,42.333333333333336,67,0,51,9,40,17,1,20,21,1,1,0
2014,Fernando Salas,4971,29,RP,LAA,58.666666666666664,57,0,61,14,50,22,0,8,8,0,5,0
2014,Shelby Miller,10197,23,SP,STL,183,32,31,127,73,160,76,0,0,0,0,10,14
2014,Mike Morin,13442,23,RP,LAA,59,60,0,54,19,51,19,0,9,9,1,4,0
2014,Evan Marshall,12297,24,RP,ARI,49.333333333333336,57,0,54,17,50,15,0,19,19,1,4,0
2014,John Danks,6329,29,SP,CHW,193.66666666666666,32,32,129,74,205,102,0,0,0,0,11,20
2014,Jenrry Mejia,8476,24,RP,NYM,93.66666666666667,63,7,98,41,98,38,28,2,30,1,6,2
2014,C.J. Wilson,3580,33,SP,LAA,175.66666666666666,31,31,151,85,169,88,0,0,0,0,13,15
2014,Randall Delgado,5985,24,RP,ARI,77.66666666666667,47,4,86,35,71,42,0,2,2,0,4,0
2014,Justin Masterson,2038,29,SP,2 Tms,128.66666666666666,28,25,116,69,141,84,0,0,0,0,7,8
2014,Chad Qualls,2170,35,RP,HOU,51.333333333333336,58,0,43,5,54,19,19,2,21,1,1,0
2014,Bryan Shaw,8110,26,RP,CLE,76.33333333333333,80,0,64,22,61,22,2,24,26,1,5,0
2014,Héctor Santiago,4026,26,SP,LAA,127.33333333333333,30,24,108,53,120,53,0,1,1,0,6,5
2014,Josh Beckett,510,34,SP,LAD,115.66666666666667,20,20,107,39,96,37,0,0,0,0,6,9
2014,Will Smith,8048,24,RP,MIL,65.66666666666667,78,0,86,31,62,27,1,30,31,1,1,0
2014,T.J. McFarland,3237,25,RP,BAL,58.666666666666664,37,1,34,13,70,18,0,5,5,0,4,0
2014,Aaron Loup,10343,26,RP,TOR,68.66666666666667,71,0,56,30,50,24,4,13,17,1,4,0
2014,Chase Whitley,10982,25,SP,NYY,75.66666666666667,24,12,60,18,94,44,0,0,0,0,4,3
2014,Seth Maness,12235,25,RP,STL,80.33333333333333,73,0,55,11,77,26,3,11,14,1,6,0
2014,Tommy Milone,7608,27,SP,2 Tms,118,22,21,75,37,128,55,0,0,0,0,6,11
2014,Jacob Turner,10185,23,SP,2 Tms,113,28,18,71,33,148,77,0,1,1,0,6,3
2014,Rob Wooten,8532,28,RP,MIL,34.333333333333336,40,0,29,8,42,18,0,11,11,1,1,0
2014,Joel Peralta,2332,38,RP,TBR,63.333333333333336,69,0,74,15,60,31,1,18,19,1,3,0
2014,Kyle Lobstein,9178,24,SP,DET,39.333333333333336,7,6,27,14,35,19,0,0,0,0,1,2
2014,Santiago Casilla,2873,33,RP,SFG,58.333333333333336,54,0,45,15,35,11,19,10,29,1,3,0
2014,Oliver Pérez,1514,32,RP,ARI,58.666666666666664,68,0,76,24,50,19,0,15,15,1,3,0
2014,Jake Petricka,10534,26,RP,CHW,73,67,0,55,33,67,24,14,10,24,1,1,0
2014,J.P. Howell,8245,31,RP,LAD,49,68,0,48,25,31,13,0,27,27,1,3,0
2014,Mike Minor,10021,26,SP,ATL,145.33333333333334,25,25,120,44,165,77,0,0,0,0,6,15
2014,David Phelps,6316,27,SP,NYY,113,32,17,92,46,115,55,1,5,6,0,5,7
2014,Dillon Gee,7396,28,SP,NYM,137.33333333333334,22,22,94,43,128,61,0,0,0,0,7,11
2014,Jeremy Affeldt,583,35,RP,SFG,55.333333333333336,62,0,41,14,47,14,0,18,18,1,4,0
2014,Todd Redmond,9943,29,RP,TOR,75,42,0,60,27,73,27,1,0,1,0,1,0
2014,Zeke Spruill,3873,24,RP,ARI,22.666666666666668,6,1,14,4,27,9,0,1,1,0,1,0
2014,Kevin Correia,1767,33,SP,2 Tms,154,32,26,79,40,191,93,0,0,0,0,7,14
2014,Jaime García,8137,27,SP,STL,43.666666666666664,7,7,39,7,39,20,0,0,0,0,3,3
2014,Ronald Belisario,2203,31,RP,CHW,66.33333333333333,62,0,47,18,78,41,8,12,20,1,4,0
2014,Jeremy Jeffress,9490,26,RP,2 Tms,32,32,0,29,10,35,10,0,6,6,0,1,0
2014,Jeff Beliveau,8504,27,RP,TBR,24,30,0,28,7,19,7,1,6,7,0,0,0
2014,Josh Edgin,10796,27,RP,NYM,27.333333333333332,47,0,28,6,19,4,0,5,5,0,1,0
2014,Ubaldo Jiménez,3374,30,SP,BAL,125.33333333333333,25,22,116,77,113,67,0,1,1,0,6,6
2014,Rubby De La Rosa,3862,25,SP,BOS,101.66666666666667,19,18,74,35,116,50,0,0,0,0,4,8
2014,Brad Hand,9111,24,SP,MIA,111,32,16,67,39,112,54,1,0,1,0,3,9
2014,Liam Hendriks,3548,25,SP,2 Tms,32.666666666666664,9,6,23,7,38,19,0,1,1,0,1,2
2014,Matt Belisle,1837,34,RP,COL,64.66666666666667,66,1,43,19,74,35,0,6,6,0,4,0
2014,Brandon Morrow,9346,29,RP,TOR,33.333333333333336,13,6,30,18,37,21,0,1,1,0,1,1
2014,Tim Stauffer,6432,32,RP,SDP,64.33333333333333,44,3,67,23,67,25,0,0,0,0,6,0
2014,Anthony Varvaro,2385,29,RP,ATL,54.666666666666664,61,0,50,13,46,16,0,13,13,1,3,0
2014,Jason Frasor,1906,36,RP,2 Tms,47.333333333333336,61,0,46,18,40,14,0,10,10,1,4,0
2014,Bronson Arroyo,978,37,SP,ARI,86,14,14,47,19,92,39,0,0,0,0,7,6
2014,Miguel González,7024,30,SP,BAL,159,27,26,111,51,155,57,0,0,0,0,10,16
2014,Caleb Thielbar,10078,27,RP,MIN,47.666666666666664,54,0,35,16,51,18,0,7,7,0,2,0
2014,Buddy Carlyle,2010,36,RP,NYM,31,27,0,28,5,23,5,0,2,2,0,1,0
2014,Nick Tropeano,12385,23,RP,HOU,21.666666666666668,4,4,13,9,19,11,0,0,0,0,1,0
2014,Jerome Williams,1137,32,RP,3 Tms,115,37,11,82,36,125,61,0,2,2,0,6,6
2014,Nick Martinez,12730,23,SP,TEX,140.33333333333334,29,24,77,55,150,71,0,2,2,0,5,8
2014,Jumbo Diaz,3397,30,RP,CIN,34.666666666666664,36,0,37,14,29,13,0,8,8,1,0,0
2014,Blaine Hardy,6499,27,RP,DET,39,38,0,31,20,34,11,0,4,4,0,2,0
2014,Brandon League,3731,31,RP,LAD,63,63,0,38,27,65,18,0,11,11,1,2,0
2014,James Russell,4089,28,RP,2 Tms,57.666666666666664,66,1,42,20,45,19,1,6,7,0,0,0
2014,Nick Hagadone,1351,28,RP,CLE,23.333333333333332,35,0,27,6,18,7,0,3,3,0,1,0
2014,Ryan Cook,8855,27,RP,OAK,50,54,0,50,22,32,19,1,7,8,0,1,0
2014,Jamey Wright,715,39,RP,LAD,70.33333333333333,61,1,54,27,72,34,1,5,6,0,5,0
2014,Brian Schlitter,3599,28,RP,CHC,56.333333333333336,61,0,31,19,58,26,0,12,12,1,2,0
2014,Taijuan Walker,11836,21,SP,SEA,38,8,5,34,18,31,11,0,0,0,0,2,2
2014,Joe Kelly,9761,26,SP,2 Tms,96.33333333333333,17,17,66,42,88,45,0,0,0,0,6,8
2014,Christian Bergman,10925,26,SP,COL,54.666666666666664,10,10,31,10,75,36,0,0,0,0,3,4
2014,Carter Capps,12803,23,RP,MIA,20.333333333333332,17,0,25,5,19,9,0,1,1,0,0,0
2014,Jhoulys Chacín,2608,26,SP,COL,63.333333333333336,11,11,42,28,63,38,0,0,0,0,1,5
2014,Jason Grilli,521,37,RP,2 Tms,54,62,0,57,21,51,24,12,12,24,1,1,0
2014,Sam Dyson,11710,26,RP,MIA,42,31,0,33,15,41,10,0,0,0,0,3,0
2014,Kyle Crockett,15033,22,RP,CLE,30,43,0,28,8,26,6,0,5,5,0,4,0
2014,Wesley Wright,5960,29,RP,CHC,48.333333333333336,58,0,37,19,48,17,0,9,9,0,0,0
2014,Trevor May,6398,24,SP,MIN,45.666666666666664,10,9,44,22,59,40,0,0,0,0,3,2
2014,Brandon Workman,11428,25,SP,BOS,87,19,15,70,36,88,50,0,1,1,0,1,5
2014,Tyler Lyons,11334,26,RP,STL,36.666666666666664,11,4,36,11,33,18,0,0,0,0,0,2
2014,Blaine Boyer,2237,32,RP,SDP,40.333333333333336,32,0,29,8,34,16,0,5,5,0,0,0
2014,Mike Bolsinger,11137,26,SP,ARI,52.333333333333336,10,9,48,17,66,32,0,0,0,0,1,4
2014,George Kontos,9486,29,RP,SFG,32.333333333333336,24,0,27,11,24,10,0,1,1,0,4,0
2014,Alex Colomé,6661,25,RP,TBR,23.666666666666668,5,3,13,10,19,7,0,0,0,0,2,2
2014,Daisuke Matsuzaka,7775,33,RP,NYM,83.33333333333333,34,9,78,50,62,36,1,3,4,0,3,3
2014,Christian Friedrich,7942,26,RP,COL,24.333333333333332,16,3,27,10,25,16,0,3,3,0,0,0
2014,Wade LeBlanc,5221,29,RP,2 Tms,29.666666666666668,11,3,21,7,27,13,0,0,0,0,1,0
2014,Brian Matusz,2646,27,RP,BAL,51.666666666666664,63,0,53,17,51,20,0,14,14,1,2,0
2014,Steven Wright,8185,29,RP,BOS,21,6,1,22,4,21,6,0,0,0,0,0,0
2014,Dana Eveland,5508,30,RP,NYM,27.333333333333332,30,0,27,6,24,8,1,2,3,0,1,0
2014,Randy Choate,813,38,RP,STL,36,61,0,32,13,27,18,0,10,10,1,2,0
2014,Yoervis Medina,10498,25,RP,SEA,57,66,0,60,28,48,17,0,21,21,1,5,0
2014,Hector Noesí,3292,27,SP,3 Tms,172.33333333333334,33,27,123,56,180,91,0,0,0,0,8,15
2014,Shae Simmons,14200,23,RP,ATL,21.666666666666668,26,0,23,11,15,7,1,9,10,1,1,0
2014,Erik Johnson,12520,24,SP,CHW,23.666666666666668,5,5,18,15,27,17,0,0,0,0,1,1
2014,Chad Jenkins,10326,26,RP,TOR,31.666666666666668,21,0,18,6,34,9,0,2,2,0,1,0
2014,Joe Nathan,1122,39,RP,DET,58,62,0,54,29,60,31,35,0,35,1,5,0
2014,Allen Webster,3993,24,SP,BOS,59,11,11,36,28,58,33,0,0,0,0,5,5
2014,Will Harris,3192,29,RP,ARI,29,29,0,35,9,27,14,0,3,3,0,0,0
2014,Blake Parker,5224,29,RP,CHC,21,18,0,24,4,24,12,0,1,1,0,1,0
2014,Miles Mikolas,9803,25,SP,TEX,57.333333333333336,10,10,38,18,64,41,0,0,0,0,2,3
2014,Lisalverto Bonilla,11266,24,RP,TEX,20.666666666666668,5,3,17,12,13,7,0,0,0,0,3,2
2014,Jeremy Hellickson,4371,27,SP,TBR,63.666666666666664,13,13,54,21,71,32,0,0,0,0,1,4
2014,Dan Jennings,8073,27,RP,MIA,40.333333333333336,47,0,38,17,45,6,0,3,3,0,0,0
2014,Al Alburquerque,6324,28,RP,DET,57.333333333333336,72,0,63,21,46,16,1,17,18,1,3,0
2014,Edward Mujica,3970,30,RP,BOS,60,64,0,43,14,69,26,8,3,11,1,2,0
2014,Brad Brach,6627,28,RP,BAL,62.333333333333336,46,0,54,25,48,22,0,8,8,0,7,0
2014,Tom Gorzelanny,6244,31,RP,MIL,21,23,0,23,8,22,2,0,0,0,0,0,0
2014,Brooks Brown,5679,29,RP,COL,26,28,0,21,5,20,8,0,5,5,0,0,0
2014,Samuel Deduno,5285,30,RP,2 Tms,100.66666666666667,35,9,83,46,97,50,0,2,2,0,2,2
2014,Carlos Torres,7624,31,RP,NYM,97,73,1,96,38,89,33,2,12,14,1,8,0
2014,Jeff Locke,2929,26,SP,PIT,131.33333333333334,21,21,89,40,127,57,0,0,0,0,7,13
2014,Kevin Slowey,9918,30,RP,MIA,37.333333333333336,17,2,24,9,53,22,0,0,0,0,1,0
2014,Eury De La Rosa,4055,24,RP,ARI,36.666666666666664,25,0,32,14,37,12,0,0,0,0,2,0
2014,Justin Wilson,4301,26,RP,PIT,60,70,0,61,30,49,28,0,16,16,1,3,0
2014,Scott Carroll,888,29,SP,CHW,129.33333333333334,26,19,64,45,147,69,0,0,0,0,5,6
2014,Jared Burton,8346,33,RP,MIN,64,68,0,46,25,58,31,3,14,17,1,3,0
2014,Tommy Kahnle,11384,24,RP,COL,68.66666666666667,54,0,63,31,51,32,0,8,8,0,2,0
2014,Anthony DeSclafani,13050,24,RP,MIA,33,13,5,26,5,40,23,0,0,0,0,2,1
2014,Carlos Frías,3547,24,RP,LAD,32.333333333333336,15,2,29,7,33,22,0,1,1,0,1,1
2014,Joe Thatcher,4620,32,RP,2 Tms,30.333333333333332,53,0,27,4,36,13,0,6,6,0,2,0
2014,Taylor Jordan,10466,25,SP,WSN,25.666666666666668,5,5,17,8,34,16,0,0,0,0,0,1
2014,Casey Janssen,7355,32,RP,TOR,45.666666666666664,50,0,28,7,47,20,25,0,25,1,3,0
2014,Tom Wilhelmsen,9975,30,RP,SEA,79.33333333333333,57,2,72,36,47,20,1,8,9,0,3,0
2014,Vic Black,9195,26,RP,NYM,34.666666666666664,41,0,32,19,26,10,0,12,12,1,2,0
2014,Aaron Poreda,4313,27,RP,TEX,21.333333333333332,26,0,21,7,30,14,0,4,4,0,2,0
2014,Roberto Hernandez,3273,33,SP,2 Tms,164.66666666666666,32,29,105,73,156,75,0,0,0,0,8,11
2014,Pedro Báez,5420,26,RP,LAD,24,20,0,18,5,16,7,0,5,5,0,0,0
2014,Preston Claiborne,10500,26,RP,NYY,21,18,0,16,10,24,7,0,0,0,0,3,0
2014,Bruce Chen,769,37,SP,KCR,48.333333333333336,13,7,36,16,69,40,0,0,0,0,2,1
2014,Nick Tepesch,11716,25,SP,TEX,126,23,22,56,44,128,61,0,0,0,0,5,11
2014,Erik Bedard,126,35,SP,TBR,75.66666666666667,17,15,64,29,84,40,0,0,0,0,4,4
2014,Tyler Chatwood,4338,24,RP,COL,24,4,4,20,8,21,12,0,0,0,0,1,1
2014,Scott Baker,6176,32,RP,TEX,80.66666666666667,25,8,55,14,82,49,0,0,0,0,3,2
2014,Evan Reed,1349,28,RP,DET,32.333333333333336,32,0,26,12,39,15,0,4,4,0,0,0
2014,Jean Machi,3220,32,RP,SFG,66.33333333333333,71,0,51,18,45,19,2,17,19,1,7,0
2014,Javy Guerra,7407,28,RP,CHW,46.333333333333336,42,0,38,20,41,15,1,7,8,0,2,0
2014,Michael Mariot,10835,25,RP,KCR,25,17,0,21,12,31,18,0,0,0,0,1,0
2014,Alexi Ogando,10261,30,RP,TEX,25,27,0,22,15,33,19,1,7,8,1,2,0
2014,Matt Guerrier,2061,35,RP,MIN,28,27,0,12,10,30,12,0,3,3,0,0,0
2014,Mario Hollands,10504,25,RP,PHI,47,50,0,35,21,45,23,0,3,3,0,2,0
2014,Tyler Thornburg,10688,25,RP,MIL,29.666666666666668,27,0,28,21,24,14,0,5,5,0,3,0
2014,CC Sabathia,404,33,SP,NYY,46,8,8,48,10,58,27,0,0,0,0,3,2
2014,Tim Lincecum,5705,30,SP,SFG,155.66666666666666,33,26,134,63,154,82,1,0,1,0,12,13
2014,Jeff Manship,6865,29,RP,PHI,23,20,0,16,14,24,17,0,0,0,0,1,0
2014,Chris Withrow,7161,25,RP,LAD,21.333333333333332,20,0,28,18,10,7,0,6,6,0,0,0
2014,Francisley Bueno,5980,33,RP,KCR,32.333333333333336,30,0,20,7,36,15,0,5,5,0,0,0
2014,Brad Ziegler,7293,34,RP,ARI,67,68,0,54,24,60,26,1,29,30,1,5,0
2014,Logan Ondrusek,3677,29,RP,CIN,41,40,0,42,16,50,25,0,4,4,0,3,0
2014,Nick Masset,7267,32,RP,COL,45,51,0,36,24,56,29,0,2,2,0,2,0
2014,Kirby Yates,9073,27,RP,TBR,36,37,0,42,15,33,15,1,0,1,0,0,0
2014,Phil Coke,5535,31,RP,DET,58,62,0,41,20,69,25,1,5,6,0,5,0
2014,Marco Gonzales,15467,22,SP,STL,34.666666666666664,10,5,31,21,32,16,0,1,1,0,4,1
2014,Alex Wilson,9239,27,RP,BOS,28.333333333333332,18,0,19,5,20,6,0,0,0,0,1,0
2014,Randy Wolf,976,37,RP,MIA,25.666666666666668,6,4,19,6,33,15,1,0,1,0,1,1
2014,Sam Freeman,6832,27,RP,STL,38,44,0,35,19,34,11,0,11,11,1,2,0
2014,Chris Young,3196,35,SP,SEA,165,30,29,108,60,143,67,0,0,0,0,12,16
2014,Roman Mendez,10307,23,RP,TEX,33,30,0,22,17,20,8,0,10,10,1,0,0
2014,David Hale,9756,26,RP,ATL,87.33333333333333,45,6,44,39,89,32,0,4,4,0,4,2
2014,Robbie Ray,11486,22,SP,DET,28.666666666666668,9,6,19,11,43,26,0,1,1,0,1,1
2014,Jeff Francis,4684,33,RP,3 Tms,20,12,1,15,3,18,13,1,0,1,0,1,0
2014,Rafael Montero,12760,23,SP,NYM,44.333333333333336,10,8,42,23,44,20,0,0,0,0,1,3
2014,Dale Thayer,5032,33,RP,SDP,65.33333333333333,70,0,62,16,53,17,0,13,13,1,4,0
2014,Shawn Tolleson,10481,26,RP,TEX,71.66666666666667,64,0,69,28,56,22,0,7,7,0,3,0
2014,Eric O'Flaherty,5746,29,RP,OAK,20,21,0,15,4,15,5,1,3,4,0,1,0
2014,Scott Downs,773,38,RP,2 Tms,38,55,0,25,20,36,21,1,7,8,0,0,0
2014,Manny Parra,4279,31,RP,CIN,36.666666666666664,53,0,34,18,39,19,1,16,17,1,0,0
2014,Robbie Ross Jr.,6819,25,RP,TEX,78.33333333333333,27,12,51,30,103,54,0,2,2,0,3,2
2014,C.C. Lee,5177,27,RP,CLE,28,37,0,26,12,30,14,0,4,4,0,1,0
2014,Ryan Pressly,7005,25,RP,MIN,28.333333333333332,25,0,14,8,30,9,0,2,2,0,2,0
2014,Michael Kohn,8505,28,RP,LAA,23.666666666666668,25,0,26,20,11,8,0,3,3,0,2,0
2014,Grant Balfour,718,36,RP,TBR,62.333333333333336,65,0,57,41,49,34,12,11,23,1,2,0
2014,Stolmy Pimentel,6415,24,RP,PIT,32.666666666666664,20,0,38,16,34,19,0,0,0,0,2,0
2014,Kyle Farnsworth,278,38,RP,2 Tms,28.666666666666668,35,0,18,15,32,14,3,8,11,1,0,0
2014,Logan Darnell,11261,25,RP,MIN,24,7,4,22,8,31,19,0,0,0,0,0,0
2014,Ross Detwiler,2859,28,RP,WSN,63,47,0,39,21,68,28,1,3,4,0,2,0
2014,Alex Torres,7038,26,RP,SDP,54,70,0,51,33,46,20,0,7,7,0,2,0
2014,Brian Wilson,6485,32,RP,LAD,48.333333333333336,61,0,54,29,49,25,1,22,23,1,2,0
2014,Dan Straily,9460,25,SP,2 Tms,52,14,8,47,24,53,39,0,0,0,0,1,4
2014,Brian Duensing,4064,31,RP,MIN,54.333333333333336,62,0,33,20,52,20,0,7,7,0,3,0
2014,Sam LeCure,4664,30,RP,CIN,56.666666666666664,62,0,48,24,62,24,0,17,17,1,1,0
2014,Addison Reed,10586,25,RP,ARI,59.333333333333336,62,0,69,15,57,28,32,0,32,1,1,0
2014,Nick Greenwood,8182,26,RP,STL,36,19,1,17,5,36,19,0,1,1,0,2,0
2014,Kevin Siegrist,8180,24,RP,STL,30.333333333333332,37,0,37,16,32,23,0,16,16,1,1,0
2014,Jose Valverde,1726,36,RP,NYM,20.666666666666668,21,0,23,10,24,13,2,0,2,0,1,0
2014,Matt Lindstrom,4604,34,RP,CHW,34,35,0,18,12,47,19,6,0,6,0,2,0
2014,Brad Penny,535,36,RP,MIA,26,8,4,13,13,34,19,0,0,0,0,2,1
2014,Matt Cain,4732,29,SP,SFG,90.33333333333333,15,15,70,32,81,42,0,0,0,0,2,6
2014,Tony Cingrani,12555,24,SP,CIN,63.333333333333336,13,11,61,35,62,32,0,0,0,0,2,3
2014,Tim Collins,3164,24,RP,KCR,21,22,0,15,11,18,9,0,1,1,0,0,0
2014,David Huff,4257,29,RP,2 Tms,59,46,0,39,23,61,22,0,4,4,0,4,0
2014,Darin Downs,5903,29,RP,HOU,34.666666666666664,45,0,27,19,28,21,0,10,10,1,2,0
2014,Sergio Romo,9817,31,RP,SFG,58,64,0,59,12,43,24,23,11,34,1,6,0
2014,Brad Mills,4420,29,RP,2 Tms,20.666666666666668,5,3,19,11,29,21,0,0,0,0,1,2
2014,Juan Gutierrez,3265,30,RP,SFG,63.666666666666664,61,0,44,16,60,28,0,10,10,1,1,0
2014,Josh Outman,4004,29,RP,2 Tms,28.333333333333332,40,0,26,16,24,9,0,2,2,0,4,0
2014,Neftalí Feliz,18,26,RP,TEX,31.666666666666668,30,0,21,11,20,7,13,0,13,1,2,0
2014,Jake Buchanan,10962,24,RP,HOU,35.333333333333336,17,2,20,12,41,18,0,0,0,0,1,0
2014,Maikel Cleto,5529,25,RP,CHW,29.333333333333332,28,0,32,23,24,15,0,4,4,0,0,0
2014,Eric Surkamp,2540,26,RP,CHW,24.333333333333332,35,0,20,13,22,13,0,7,7,0,2,0
2014,Joe Beimel,979,37,RP,SEA,45,55,0,25,14,39,11,0,9,9,0,3,0
2014,Esmil Rogers,6317,28,RP,2 Tms,45.666666666666664,34,1,44,17,50,29,0,4,4,0,2,0
2014,Cesár Ramos,3357,30,RP,TBR,82.66666666666667,43,7,66,39,73,34,0,2,2,0,2,0
2014,Felix Doubront,1478,26,SP,2 Tms,79.66666666666667,21,14,51,33,91,49,0,0,0,0,4,6
2014,Juan Carlos Oviedo,2886,32,RP,TBR,31.666666666666668,32,0,26,16,27,13,1,2,3,0,3,0
2014,Dustin McGowan,8600,32,RP,TOR,82,53,8,61,33,80,38,1,10,11,1,5,3
2014,Jose Veras,2063,33,RP,2 Tms,46,46,0,50,27,37,23,1,6,7,0,4,0
2014,Brad Peacock,5401,26,SP,HOU,131.66666666666666,28,24,119,70,136,69,0,1,1,0,4,6
2014,Luis Avilán,2882,24,RP,ATL,43.333333333333336,62,0,25,21,47,22,0,8,8,0,4,0
2014,Andrew Heaney,15423,23,SP,MIA,29.333333333333332,7,5,20,7,32,19,0,0,0,0,0,1
2014,Bryan Morris,10234,27,RP,2 Tms,64.33333333333333,60,0,50,24,58,13,0,17,17,1,8,0
2014,Kevin Chapman,11240,26,RP,HOU,21.333333333333332,21,0,19,11,22,11,0,5,5,0,2,0
2014,Marco Estrada,1118,30,RP,MIL,150.66666666666666,39,18,127,44,137,73,0,0,0,0,7,9
2014,Brandon Gomes,2267,29,RP,TBR,34,29,0,24,11,28,14,0,4,4,0,2,0
2014,Jared Hughes,9325,28,RP,PIT,64.33333333333333,63,0,36,19,51,14,0,13,13,1,7,0
2014,Donn Roach,10620,24,RP,SDP,30.333333333333332,16,1,17,15,36,16,0,0,0,0,1,0
2014,Chad Bettis,10587,25,RP,COL,24.666666666666668,21,0,13,10,42,25,0,1,1,0,0,0
2014,Daniel Webb,10558,24,RP,CHW,67.66666666666667,57,0,58,42,59,30,0,4,4,0,6,0
2014,Juan Nicasio,7731,27,RP,COL,93.66666666666667,33,14,63,31,107,56,0,1,1,0,6,5
2014,Boone Logan,5525,29,RP,COL,25,35,0,32,11,31,19,0,7,7,0,2,0
2014,Eric Stults,8011,34,SP,SDP,176,32,32,111,45,197,84,0,0,0,0,8,14
2014,Evan Meek,5109,31,RP,BAL,23.333333333333332,23,0,16,11,26,15,0,3,3,0,0,0
2014,John Axford,9059,31,RP,2 Tms,54.666666666666664,62,0,63,36,43,24,10,2,12,1,2,0
2014,Franklin Morales,5088,28,SP,COL,142.33333333333334,38,22,100,65,166,85,0,0,0,0,6,8
2014,Iván Nova,1994,27,RP,NYY,20.666666666666668,4,4,12,6,32,19,0,0,0,0,2,1
2014,J.J. Hoover,9037,26,RP,CIN,62.666666666666664,54,0,75,31,56,34,0,1,1,0,1,0
2014,Steve Delabar,11827,30,RP,TOR,25.666666666666668,30,0,21,19,19,14,0,12,12,1,3,0
2014,Tanner Scheppers,10267,27,RP,TEX,23,8,4,17,10,31,23,0,1,1,0,0,0
2014,Javier López,1663,36,RP,SFG,37.666666666666664,65,0,22,19,31,13,0,12,12,1,1,0
2014,André Rienzo,3507,25,SP,CHW,64.66666666666667,18,11,51,33,82,49,0,0,0,0,4,3
2014,Josh Lueke,5722,29,RP,TBR,30.333333333333332,25,0,19,5,38,19,0,0,0,0,1,0
2014,Jeanmar Gómez,9033,26,RP,PIT,62,44,0,38,23,70,22,1,2,3,0,2,0
2014,Gonzalez Germen,5876,26,RP,NYM,30.333333333333332,25,0,31,14,30,16,0,0,0,0,0,0
2014,Ian Krol,10066,23,RP,DET,32.666666666666664,45,0,28,13,42,18,1,10,11,1,0,0
2014,Paul Maholm,8678,32,RP,LAD,70.66666666666667,30,8,34,28,82,38,0,0,0,0,1,4
2014,Erasmo Ramírez,10314,24,SP,SEA,75.33333333333333,17,14,60,34,82,44,0,0,0,0,1,5
2014,Sergio Santos,4734,30,RP,TOR,21,26,0,29,18,28,20,5,0,5,0,0,0
2014,Louis Coleman,9720,28,RP,KCR,34,31,0,24,18,39,21,1,1,2,0,1,0
2014,Mike Pelfrey,5203,30,SP,MIN,23.666666666666668,5,5,10,18,29,21,0,0,0,0,0,0
2014,Paul Clemens,8037,26,RP,HOU,24.666666666666668,13,0,16,13,28,16,0,1,1,0,0,0
2014,Rex Brothers,9794,26,RP,COL,56.333333333333336,74,0,55,39,65,35,0,15,15,1,4,0
2014,Francisco Rodríguez,1642,32,RP,MIL,68,69,0,73,18,49,23,44,0,44,1,5,0
2014,Jason Motte,5861,32,RP,STL,25,29,0,17,9,29,13,0,1,1,0,1,0
2014,Chris Perez,5213,28,RP,LAD,46.333333333333336,49,0,39,25,38,22,1,6,7,0,1,0
2014,Matt Stites,12165,24,RP,ARI,33,37,0,26,16,33,21,0,2,2,0,0,0
2014,Josh Zeid,6527,27,RP,HOU,20.666666666666668,23,0,18,7,30,16,0,3,3,0,0,0
2014,Brandon Kintzler,9939,29,RP,MIL,58.333333333333336,64,0,31,16,62,21,0,8,8,0,3,0
2014,Jim Johnson,3656,31,RP,2 Tms,53.333333333333336,54,0,42,35,69,42,2,2,4,0,5,0
2014,Joe Saunders,4366,33,SP,2 Tms,43,14,8,23,24,65,32,0,0,0,0,0,2
2014,Anthony Ranaudo,11424,24,SP,BOS,39.333333333333336,7,7,15,16,39,21,0,0,0,0,4,3
2014,Wandy Rodriguez,2586,35,SP,PIT,26.666666666666668,6,6,20,8,37,20,0,0,0,0,0,1
2014,David Holmberg,7725,22,SP,CIN,30,7,5,18,16,27,16,0,0,0,0,2,3
2014,Ernesto Frieri,5178,28,RP,2 Tms,41.666666666666664,48,0,48,14,47,34,11,3,14,1,1,0
2014,Craig Breslow,4363,33,RP,BOS,54.333333333333336,60,0,37,28,73,36,1,2,3,0,2,0
2014,Anthony Bass,7982,26,RP,HOU,27,21,0,7,7,32,19,2,4,6,0,1,0
2014,Aaron Crow,10149,27,RP,KCR,59,67,0,34,24,52,27,3,11,14,1,6,0
2015,Clayton Kershaw,2036,27,SP,LAD,232.66666666666666,33,33,301,42,163,55,0,0,0,0,16,27
2015,Jake Arrieta,4153,29,SP,CHC,229,33,33,236,48,150,45,0,0,0,0,22,29
2015,David Price,3184,29,SP,2 Tms,220.33333333333334,32,32,225,47,190,60,0,0,0,0,18,24
2015,Max Scherzer,3137,30,SP,WSN,228.66666666666666,33,33,276,34,176,71,0,0,0,0,14,23
2015,Dallas Keuchel,9434,27,SP,HOU,232,33,33,216,51,185,64,0,0,0,0,20,27
2015,Chris Sale,10603,26,SP,CHW,208.66666666666666,31,31,274,42,185,79,0,0,0,0,13,23
2015,Corey Kluber,2429,29,SP,CLE,222,32,32,245,45,189,86,0,0,0,0,9,19
2015,Zack Greinke,1943,31,SP,LAD,222.66666666666666,32,32,200,40,148,41,0,0,0,0,19,30
2015,Chris Archer,6345,26,SP,TBR,212,34,34,252,66,175,76,0,0,0,0,12,19
2015,Gerrit Cole,13125,24,SP,PIT,208,32,32,202,44,183,60,0,0,0,0,19,25
2015,Madison Bumgarner,5524,25,SP,SFG,218.33333333333334,32,32,234,39,181,71,0,0,0,0,18,22
2015,Jon Lester,4930,31,SP,CHC,205,32,32,207,47,183,76,0,0,0,0,11,21
2015,Jacob deGrom,10954,27,SP,NYM,191,30,30,205,38,149,54,0,0,0,0,14,23
2015,Carlos Carrasco,6632,28,SP,CLE,183.66666666666666,30,30,216,43,154,74,0,0,0,0,14,17
2015,Cole Hamels,4972,31,SP,2 Tms,212.33333333333334,32,32,215,62,190,86,0,0,0,0,13,21
2015,Jose Quintana,11423,26,SP,CHW,206.33333333333334,32,32,177,44,218,77,0,0,0,0,9,25
2015,Johnny Cueto,6893,29,SP,2 Tms,212,32,32,176,46,194,81,0,0,0,0,11,19
2015,Matt Harvey,11713,26,SP,NYM,189.33333333333334,29,29,188,37,156,57,0,0,0,0,13,21
2015,Tyson Ross,7872,28,SP,SDP,196,33,33,212,84,172,71,0,0,0,0,10,21
2015,Sonny Gray,12768,25,SP,OAK,208,31,31,169,59,166,63,0,0,0,0,14,22
2015,Shelby Miller,10197,24,SP,ATL,205.33333333333334,33,33,171,73,183,69,0,0,0,0,6,21
2015,Gio Gonzalez,7448,29,SP,WSN,175.66666666666666,31,31,169,69,181,74,0,0,0,0,11,16
2015,Michael Pineda,5372,26,SP,NYY,160.66666666666666,27,27,156,21,176,78,0,0,0,0,12,12
2015,Collin McHugh,7531,28,SP,HOU,203.66666666666666,32,32,171,53,207,88,0,0,0,0,19,21
2015,John Lackey,1507,36,SP,STL,218,33,33,175,53,211,67,0,0,0,0,13,26
2015,Stephen Strasburg,10131,26,SP,WSN,127.33333333333333,23,23,155,26,115,49,0,0,0,0,11,11
2015,Clay Buchholz,3543,30,SP,BOS,113.33333333333333,18,18,107,23,114,41,0,0,0,0,7,12
2015,Carlos Martinez,11682,23,SP,STL,179.66666666666666,31,29,184,63,168,60,0,1,1,0,14,20
2015,Francisco Liriano,3201,31,SP,PIT,186.66666666666666,31,31,205,70,155,70,0,0,0,0,12,20
2015,Kyle Hendricks,12049,25,SP,CHC,180,32,32,167,43,166,79,0,0,0,0,8,11
2015,Nathan Eovaldi,9132,25,SP,NYY,154.33333333333334,27,27,121,49,175,72,0,0,0,0,14,10
2015,Anthony DeSclafani,13050,25,SP,CIN,184.66666666666666,31,31,151,55,194,83,0,0,0,0,9,17
2015,Justin Verlander,8700,32,SP,DET,133.33333333333334,20,20,113,32,113,50,0,0,0,0,5,14
2015,J.A. Happ,7410,32,SP,2 Tms,172,32,31,151,45,173,69,0,0,0,0,11,16
2015,Jordan Zimmermann,4505,29,SP,WSN,201.66666666666666,33,33,164,39,204,82,0,0,0,0,13,22
2015,Danny Salazar,5867,25,SP,CLE,185,30,30,195,53,156,71,0,0,0,0,14,18
2015,Lance Lynn,2520,28,SP,STL,175.33333333333334,31,31,167,68,172,59,0,0,0,0,12,19
2015,Jake Odorizzi,6397,25,SP,TBR,169.33333333333334,28,28,150,46,149,63,0,0,0,0,9,17
2015,Noah Syndergaard,11762,22,SP,NYM,150,24,24,166,31,126,54,0,0,0,0,9,14
2015,Kyle Gibson,10123,27,SP,MIN,194.66666666666666,32,32,145,65,186,83,0,0,0,0,11,17
2015,Garrett Richards,9784,27,SP,LAA,207.33333333333334,32,32,176,76,181,84,0,0,0,0,15,24
2015,Wei-Yin Chen,13071,29,SP,BAL,191.33333333333334,31,31,153,41,192,71,0,0,0,0,11,20
2015,Jaime García,8137,28,SP,STL,129.66666666666666,20,20,97,30,106,35,0,0,0,0,10,15
2015,Yordano Ventura,11855,24,SP,KCR,163.33333333333334,28,28,156,58,154,74,0,0,0,0,13,13
2015,Wade Miley,8779,28,SP,BOS,193.66666666666666,32,32,147,64,201,96,0,0,0,0,11,17
2015,Edinson Volquez,3990,31,SP,KCR,200.33333333333334,34,33,155,72,190,79,0,0,0,0,13,19
2015,Alex Wood,13781,24,SP,2 Tms,189.66666666666666,32,32,139,59,198,81,0,0,0,0,12,17
2015,Félix Hernández,4772,29,SP,SEA,201.66666666666666,31,31,191,58,180,79,0,0,0,0,18,20
2015,Cody Allen,12183,26,RP,CLE,69.33333333333333,70,0,99,25,56,23,34,0,34,1,2,0
2015,Ubaldo Jiménez,3374,31,SP,BAL,184,32,32,168,68,182,84,0,0,0,0,12,14
2015,Colby Lewis,1259,35,SP,TEX,204.66666666666666,33,33,142,42,211,106,0,0,0,0,17,20
2015,A.J. Burnett,512,38,SP,PIT,164,26,26,143,49,174,58,0,0,0,0,9,17
2015,Yovani Gallardo,8173,29,SP,TEX,184.33333333333334,33,33,121,68,193,70,0,0,0,0,13,12
2015,Lance McCullers Jr.,14120,21,SP,HOU,125.66666666666667,22,22,129,43,106,45,0,0,0,0,6,12
2015,Aroldis Chapman,10233,27,RP,CIN,66.33333333333333,65,0,116,33,43,12,33,0,33,1,4,0
2015,Bartolo Colon,375,42,SP,NYM,194.66666666666666,33,31,136,24,217,90,0,0,0,0,14,19
2015,Trevor May,6398,25,RP,MIN,114.66666666666667,48,16,110,26,127,51,0,7,7,0,8,7
2015,Jesse Chavez,5448,31,SP,OAK,157,30,26,136,48,164,73,1,0,1,0,7,12
2015,Dellin Betances,6216,27,RP,NYY,84,74,0,131,40,45,14,9,28,37,1,6,0
2015,Mike Fiers,7754,30,SP,2 Tms,180.33333333333334,31,30,180,64,162,74,0,0,0,0,7,15
2015,Robbie Ray,11486,23,SP,ARI,127.66666666666667,23,23,119,49,121,50,0,0,0,0,5,10
2015,Scott Kazmir,4897,31,SP,2 Tms,183,31,31,155,59,162,63,0,0,0,0,7,16
2015,Jeff Samardzija,3254,30,SP,CHW,214,32,32,163,49,228,118,0,0,0,0,11,15
2015,Erasmo Ramírez,10314,25,SP,TBR,163.33333333333334,34,27,126,40,145,68,0,0,0,0,11,9
2015,Mike Pelfrey,5203,31,SP,MIN,164.66666666666666,30,30,86,45,198,78,0,0,0,0,6,12
2015,Masahiro Tanaka,15764,26,SP,NYY,154,24,24,139,27,126,60,0,0,0,0,12,17
2015,Jason Hammel,4538,32,SP,CHC,170.66666666666666,31,31,172,40,158,71,0,0,0,0,10,12
2015,Michael Wacha,14078,23,SP,STL,181.33333333333334,30,30,153,58,162,68,0,0,0,0,17,19
2015,Adam Warren,9029,27,RP,NYY,131.33333333333334,43,17,104,39,114,48,1,3,4,0,7,7
2015,Ken Giles,12910,24,RP,PHI,70,69,0,87,25,59,14,15,12,27,1,6,0
2015,José Fernández,11530,22,SP,MIA,64.66666666666667,11,11,79,14,61,21,0,0,0,0,6,7
2015,Zack Britton,3240,27,RP,BAL,65.66666666666667,64,0,79,14,51,14,36,0,36,1,4,0
2015,Andrew Miller,6785,30,RP,NYY,61.666666666666664,60,0,100,20,33,14,36,0,36,1,3,0
2015,Carson Smith,13172,25,RP,SEA,70,70,0,92,22,49,18,13,22,35,1,2,0
2015,Wade Davis,7441,29,RP,KCR,67.33333333333333,69,0,78,20,33,7,17,18,35,1,8,0
2015,Trevor Rosenthal,10745,25,RP,STL,68.66666666666667,68,0,83,25,62,16,48,0,48,1,2,0
2015,Chad Bettis,10587,26,SP,COL,115,20,20,98,42,120,54,0,0,0,0,8,11
2015,Mark Buehrle,225,36,SP,TOR,198.66666666666666,32,32,91,33,214,84,0,0,0,0,15,19
2015,Chris Tillman,5279,27,SP,BAL,173,31,31,120,64,176,96,0,0,0,0,11,14
2015,Jimmy Nelson,10547,26,SP,MIL,177.33333333333334,30,30,148,65,163,81,0,0,0,0,11,13
2015,Andrew Cashner,8782,28,SP,SDP,184.66666666666666,31,31,165,66,200,89,0,0,0,0,6,18
2015,Marco Estrada,1118,31,SP,TOR,181,34,28,131,55,134,63,0,0,0,0,13,16
2015,Trevor Bauer,12703,24,SP,CLE,176,31,30,170,79,152,89,0,0,0,0,11,18
2015,Sergio Romo,9817,32,RP,SFG,57.333333333333336,70,0,71,10,51,19,2,34,36,1,0,0
2015,R.A. Dickey,1245,40,SP,TOR,214.33333333333334,33,33,126,61,195,93,0,0,0,0,11,20
2015,Chase Anderson,6895,27,SP,ARI,152.66666666666666,27,27,111,40,158,73,0,0,0,0,6,13
2015,Darren O'Day,3321,32,RP,BAL,65.33333333333333,68,0,82,14,47,11,6,18,24,1,6,0
2015,Taijuan Walker,11836,22,SP,SEA,169.66666666666666,29,29,157,40,163,86,0,0,0,0,11,17
2015,Eduardo Rodriguez,13164,22,SP,BOS,121.66666666666667,21,21,98,37,120,52,0,0,0,0,10,13
2015,Alex Colomé,6661,26,RP,TBR,109.66666666666667,43,13,88,31,112,48,0,8,8,0,8,3
2015,Jorge De La Rosa,2047,34,SP,COL,149,26,26,134,65,137,69,0,0,0,0,9,14
2015,Hisashi Iwakuma,13048,34,SP,SEA,129.66666666666666,20,20,111,21,117,51,0,0,0,0,9,12
2015,Carlos Rodón,16137,22,SP,CHW,139.33333333333334,26,23,139,71,130,58,0,0,0,0,9,16
2015,Rick Porcello,2717,26,SP,BOS,172,28,28,149,38,196,94,0,0,0,0,9,15
2015,David Robertson,8241,30,RP,CHW,63.333333333333336,60,0,86,13,46,24,34,0,34,1,6,0
2015,Tommy Milone,7608,28,SP,MIN,128.66666666666666,24,23,91,36,128,56,1,0,1,0,9,10
2015,Jesse Hahn,13287,25,SP,OAK,96.66666666666667,16,16,64,25,88,36,0,0,0,0,6,10
2015,Patrick Corbin,9323,25,SP,ARI,85,16,16,78,17,91,34,0,0,0,0,6,9
2015,Martín Pérez,6902,24,SP,TEX,78.66666666666667,14,14,48,24,88,39,0,0,0,0,3,9
2015,Raisel Iglesias,17130,25,SP,CIN,95.33333333333333,18,16,104,28,81,44,0,0,0,0,3,8
2015,Andrew Heaney,15423,24,SP,LAA,105.66666666666667,18,18,78,28,99,41,0,0,0,0,6,11
2015,Mike Leake,10130,27,SP,2 Tms,192,30,30,119,49,174,79,0,0,0,0,11,19
2015,Kenley Jansen,3096,27,RP,LAD,52.333333333333336,54,0,80,8,33,14,36,1,37,1,2,0
2015,Mat Latos,3815,27,SP,3 Tms,116.33333333333333,24,21,100,32,120,64,0,0,0,0,4,9
2015,Héctor Rondón,2391,27,RP,CHC,70,72,0,69,15,55,13,30,8,38,1,6,0
2015,Ervin Santana,3200,32,SP,MIN,108,17,17,82,36,104,48,0,0,0,0,7,11
2015,Kevin Gausman,14107,24,SP,BAL,112.33333333333333,25,17,103,29,109,53,0,1,1,0,4,8
2015,Jeurys Familia,5114,25,RP,NYM,78,76,0,86,19,59,16,43,1,44,1,2,0
2015,Chris Bassitt,12304,26,SP,OAK,86,18,13,64,30,78,34,0,0,0,0,1,8
2015,Justin Wilson,4301,27,RP,NYY,61,74,0,66,20,49,21,0,29,29,1,5,0
2015,C.J. Wilson,3580,34,SP,LAA,132,21,21,110,46,118,57,0,0,0,0,8,12
2015,Taylor Jungmann,13119,25,SP,MIL,119.33333333333333,21,21,107,47,106,50,0,0,0,0,9,10
2015,Liam Hendriks,3548,26,RP,TOR,64.66666666666667,58,0,71,11,59,21,0,5,5,0,5,0
2015,Keone Kela,14696,22,RP,TEX,60.333333333333336,68,0,68,18,52,16,1,22,23,1,7,0
2015,Brett Anderson,8223,27,SP,LAD,180.33333333333334,31,31,116,46,194,74,0,0,0,0,10,18
2015,Drew Pomeranz,11426,26,RP,OAK,86,53,9,82,31,71,35,3,12,15,1,5,2
2015,Nate Karns,12638,27,SP,TBR,147,27,26,145,56,132,60,0,0,0,0,7,9
2015,Joe Ross,12972,22,SP,WSN,76.66666666666667,16,13,69,21,64,31,0,0,0,0,5,8
2015,Mark Melancon,4264,30,RP,PIT,76.66666666666667,78,0,62,14,57,19,51,1,52,1,3,0
2015,Koji Uehara,9227,40,RP,BOS,40.333333333333336,43,0,47,9,28,10,25,0,25,1,2,0
2015,Julio Teheran,6797,24,SP,ATL,200.66666666666666,33,33,171,73,189,90,0,0,0,0,11,20
2015,Alfredo Simon,2155,34,SP,DET,187,31,31,117,68,201,105,0,0,0,0,13,12
2015,Drew Hutchison,10732,24,SP,TOR,150.33333333333334,30,28,129,44,179,93,0,0,0,0,13,9
2015,Tyler Duffey,13758,24,SP,MIN,58,10,10,53,20,56,20,0,0,0,0,5,7
2015,Brett Cecil,2660,28,RP,TOR,54.333333333333336,63,0,70,13,39,15,5,9,14,1,5,0
2015,Will Smith,8048,25,RP,MIL,63.333333333333336,76,0,91,24,52,19,0,20,20,1,7,0
2015,Jeff Locke,2929,27,SP,PIT,168.33333333333334,30,30,129,60,179,84,0,0,0,0,8,10
2015,Craig Kimbrel,6655,27,RP,SDP,59.333333333333336,61,0,87,22,40,17,39,0,39,1,4,0
2015,Aníbal Sánchez,3284,31,SP,DET,157,25,25,138,49,152,87,0,0,0,0,10,11
2015,Carter Capps,12803,24,RP,MIA,31,30,0,58,7,18,4,0,11,11,1,1,0
2015,Jason Grilli,521,38,RP,ATL,33.666666666666664,36,0,45,10,28,11,24,0,24,1,3,0
2015,Chris Heston,10302,27,SP,SFG,177.66666666666666,31,31,141,64,169,78,0,0,0,0,12,14
2015,John Danks,6329,30,SP,CHW,177.66666666666666,30,30,124,56,195,93,0,0,0,0,7,15
2015,Roberto Osuna,13764,20,RP,TOR,69.66666666666667,68,0,75,16,48,20,20,7,27,1,1,0
2015,Kevin Siegrist,8180,25,RP,STL,74.66666666666667,81,0,90,34,53,18,6,28,34,1,7,0
2015,Tony Watson,3132,30,RP,PIT,75.33333333333333,77,0,62,17,55,16,1,41,42,1,4,0
2015,AJ Ramos,8350,28,RP,MIA,70.33333333333333,71,0,87,26,45,18,32,4,36,1,2,0
2015,Danny Duffy,3542,26,SP,KCR,136.66666666666666,30,24,102,53,137,62,1,2,3,0,7,8
2015,Blaine Hardy,6499,28,RP,DET,61.333333333333336,70,0,55,22,61,21,0,13,13,1,5,0
2015,Travis Wood,9884,28,RP,CHC,100.66666666666667,54,9,118,39,86,43,4,3,7,0,5,2
2015,Jerad Eickhoff,12664,24,SP,PHI,51,8,8,49,13,40,15,0,0,0,0,3,7
2015,Joe Kelly,9761,27,SP,BOS,134.33333333333334,25,25,110,49,145,72,0,0,0,0,10,9
2015,Jake Peavy,1051,34,SP,SFG,110.66666666666667,19,19,78,25,99,44,0,0,0,0,8,10
2015,Aaron Harang,1451,37,SP,PHI,172.33333333333334,29,29,108,51,189,93,0,0,0,0,6,13
2015,Sam Dyson,11710,27,RP,2 Tms,75.33333333333333,75,0,71,21,65,22,2,21,23,1,5,0
2015,CC Sabathia,404,34,SP,NYY,167.33333333333334,29,29,137,50,188,88,0,0,0,0,6,11
2015,Josh Fields,5070,29,RP,HOU,50.666666666666664,54,0,67,19,39,20,0,5,5,0,4,0
2015,David Phelps,6316,28,SP,MIA,112,23,19,77,33,119,56,0,0,0,0,4,10
2015,Drew Storen,6983,27,RP,WSN,55,58,0,67,16,45,21,29,5,34,1,2,0
2015,Phil Hughes,7450,29,SP,MIN,155.33333333333334,27,25,94,16,184,76,0,0,0,0,11,11
2015,Rich Hill,4806,35,RP,BOS,29,4,4,36,5,14,5,0,0,0,0,2,4
2015,Mark Lowe,7416,32,RP,2 Tms,55,57,0,61,12,46,12,1,17,18,1,1,0
2015,Luke Gregerson,4090,31,RP,HOU,61,64,0,59,10,48,21,31,0,31,1,7,0
2015,Junichi Tazawa,4079,29,RP,BOS,58.666666666666664,61,0,56,13,65,27,3,16,19,1,2,0
2015,Adam Conley,14457,25,SP,MIA,67,15,11,59,21,65,28,0,0,0,0,4,5
2015,Nick Tropeano,12385,24,SP,LAA,37.666666666666664,8,7,38,10,40,16,0,0,0,0,3,2
2015,Joe Blanton,4849,34,RP,2 Tms,76,36,4,79,16,69,24,2,0,2,0,7,1
2015,Shawn Tolleson,10481,27,RP,TEX,72.33333333333333,73,0,76,17,66,24,35,6,41,1,6,0
2015,Jake McGee,7550,28,RP,TBR,37.333333333333336,39,0,48,8,27,10,6,19,25,1,1,0
2015,Dan Haren,1757,34,SP,2 Tms,187.33333333333334,32,32,132,38,174,75,0,0,0,0,11,17
2015,Cody Anderson,12799,24,SP,CLE,91.33333333333333,15,15,44,24,77,31,0,0,0,0,7,10
2015,Jeremy Hellickson,4371,28,SP,ARI,146,27,27,121,43,151,75,0,0,0,0,9,12
2015,Chris Rusin,9895,28,SP,COL,131.66666666666666,24,22,86,41,170,78,0,0,0,0,6,13
2015,Aaron Nola,16149,22,SP,PHI,77.66666666666667,13,13,68,19,74,31,0,0,0,0,6,6
2015,Drew Smyly,11760,26,SP,TBR,66.66666666666667,12,12,77,20,58,23,0,0,0,0,5,6
2015,Pedro Strop,4070,30,RP,CHC,68,76,0,81,29,39,22,3,28,31,1,2,0
2015,Chris Young,3196,36,SP,KCR,123.33333333333333,34,18,83,43,91,42,0,2,2,0,11,7
2015,Addison Reed,10586,26,RP,2 Tms,56,55,0,51,19,58,21,4,14,18,1,3,0
2015,Francisco Rodríguez,1642,33,RP,MIL,57,60,0,62,11,38,14,38,0,38,1,1,0
2015,Pedro Báez,5420,27,RP,LAD,51,52,0,60,11,47,19,0,11,11,1,4,0
2015,Brad Brach,6627,29,RP,BAL,79.33333333333333,62,0,89,38,57,24,1,14,15,1,5,0
2015,Aaron Barrett,11243,27,RP,WSN,29.333333333333332,40,0,35,7,28,15,0,10,10,1,3,0
2015,Jordan Lyles,7593,24,SP,COL,49,10,10,30,19,54,28,0,0,0,0,2,3
2015,Wandy Rodriguez,2586,36,SP,TEX,86.33333333333333,17,15,72,36,99,47,0,0,0,0,6,5
2015,Zach McAllister,2895,27,RP,CLE,69,61,1,84,23,70,23,1,12,13,1,4,0
2015,Tony Sipp,8280,31,RP,HOU,54.333333333333336,60,0,62,15,41,12,0,13,13,1,3,0
2015,Joe Smith,3281,31,RP,LAA,65.33333333333333,70,0,57,19,64,26,5,32,37,1,5,0
2015,Ryan Madson,1852,34,RP,KCR,63.333333333333336,68,0,58,14,47,15,3,20,23,1,1,0
2015,Felipe Vázquez,12076,23,RP,WSN,48.333333333333336,49,0,43,11,35,15,2,6,8,0,2,0
2015,Vince Velasquez,11189,23,RP,HOU,55.666666666666664,19,7,58,21,50,27,0,0,0,0,1,3
2015,Tom Koehler,6570,29,SP,MIA,187.33333333333334,32,31,137,77,180,85,0,0,0,0,11,18
2015,Shawn Kelley,7773,31,RP,SDP,51.333333333333336,53,0,63,15,41,14,0,7,7,0,2,0
2015,Jon Gray,14916,23,SP,COL,40.666666666666664,9,9,40,14,52,25,0,0,0,0,0,1
2015,Jeanmar Gómez,9033,27,RP,PHI,74.66666666666667,65,0,50,17,82,25,0,7,7,1,2,0
2015,Mychal Givens,10430,25,RP,BAL,30,22,0,38,6,20,6,0,4,4,0,2,0
2015,Adam Wainwright,2233,33,RP,STL,28,7,4,20,4,25,5,0,0,0,0,2,3
2015,Casey Fien,3926,31,RP,MIN,63.333333333333336,62,0,41,8,61,25,0,18,18,1,4,0
2015,Fernando Rodriguez Jr.,7558,31,RP,OAK,58.666666666666664,56,0,65,24,43,25,0,6,6,1,4,0
2015,Sean Gilmartin,12781,25,RP,NYM,57.333333333333336,50,1,54,18,50,17,0,2,2,0,3,0
2015,Andrew Chafin,12988,25,RP,ARI,75,66,0,58,30,56,23,2,16,18,1,5,0
2015,Daniel Hudson,7146,28,RP,ARI,67.66666666666667,64,1,71,25,64,29,4,20,24,1,4,0
2015,Arodys Vizcaíno,5498,24,RP,ATL,33.666666666666664,36,0,37,13,27,6,9,3,12,1,3,0
2015,Jered Weaver,4235,32,SP,LAA,159,26,26,90,33,163,82,0,0,0,0,7,12
2015,Greg Holland,7196,29,RP,KCR,44.666666666666664,48,0,49,26,39,19,32,0,32,1,3,0
2015,Justin Miller,8580,28,RP,COL,33.333333333333336,34,0,38,11,21,15,1,7,8,0,3,0
2015,Scott Feldman,6283,32,SP,HOU,108.33333333333333,18,18,61,27,115,47,0,0,0,0,5,12
2015,Mike Bolsinger,11137,27,SP,LAD,109.33333333333333,21,21,98,45,104,44,0,0,0,0,6,6
2015,James Shields,7059,33,SP,SDP,202.33333333333334,33,33,216,81,189,88,0,0,0,0,13,19
2015,Alex Wilson,9239,28,RP,DET,70,59,1,38,11,61,17,2,7,9,1,3,0
2015,Ricky Nolasco,3830,32,SP,MIN,37.333333333333336,9,8,35,14,50,28,0,0,0,0,5,1
2015,Juan Nicasio,7731,28,RP,LAD,58.333333333333336,53,1,65,32,59,25,1,14,15,1,1,0
2015,John Axford,9059,32,RP,COL,55.666666666666664,60,0,62,32,56,26,25,2,27,1,4,0
2015,Hunter Strickland,7836,26,RP,SFG,51.333333333333336,55,0,50,10,34,14,0,20,20,1,3,0
2015,Fernando Salas,4971,30,RP,LAA,63.666666666666664,72,0,74,12,61,30,0,17,17,1,5,0
2015,Charlie Morton,4676,31,SP,PIT,129,23,23,96,41,137,69,0,0,0,0,9,12
2015,Jeremy Jeffress,9490,27,RP,MIL,68,72,0,67,22,64,20,0,23,23,1,5,0
2015,Yimi García,12095,24,RP,LAD,56.666666666666664,59,1,68,10,44,21,1,11,12,1,3,0
2015,Henry Owens,13143,22,SP,BOS,63,11,11,50,24,62,32,0,0,0,0,4,3
2015,Kevin Jepsen,6475,30,RP,2 Tms,69.66666666666667,75,0,59,27,52,18,15,24,39,1,3,0
2015,Matt Shoemaker,4776,28,SP,LAA,135.33333333333334,25,24,116,35,135,67,0,0,0,0,7,12
2015,Tom Wilhelmsen,9975,31,RP,SEA,62,53,0,60,29,56,22,13,7,20,1,2,0
2015,Brad Ziegler,7293,35,RP,ARI,68,66,0,36,17,48,14,30,4,34,1,0,0
2015,Jonathon Niese,4424,28,SP,NYM,176.66666666666666,33,29,113,55,192,81,0,0,0,0,9,18
2015,Luis Severino,15890,21,SP,NYY,62.333333333333336,11,11,56,22,53,20,0,0,0,0,5,8
2015,Glen Perkins,8041,32,RP,MIN,57,60,0,54,10,58,21,32,3,35,1,3,0
2015,Jeff Manship,6865,30,RP,CLE,39.333333333333336,32,0,33,10,20,4,0,3,3,0,1,0
2015,Héctor Santiago,4026,27,SP,LAA,180.66666666666666,33,32,162,71,156,72,0,0,0,0,9,15
2015,Kelvin Herrera,6033,25,RP,KCR,69.66666666666667,72,0,64,26,52,21,0,21,21,1,4,0
2015,Cesár Ramos,3357,31,RP,LAA,52.333333333333336,65,0,43,15,55,16,0,5,5,0,2,0
2015,John Lamb,8493,24,SP,CIN,49.666666666666664,10,10,58,19,58,32,0,0,0,0,1,2
2015,Justin Grimm,11720,26,RP,CHC,49.666666666666664,62,0,67,26,31,11,3,15,18,1,3,0
2015,Roenis Elías,12673,26,SP,SEA,115.33333333333333,22,20,97,44,106,53,0,1,1,0,5,11
2015,Rubby De La Rosa,3862,26,SP,ARI,188.66666666666666,32,32,150,63,193,98,0,0,0,0,14,14
2015,Rafael Betancourt,177,40,RP,COL,39.333333333333336,45,0,40,12,43,27,1,8,9,0,2,0
2015,Randall Delgado,5985,25,RP,ARI,72,64,1,73,33,63,26,1,12,13,1,8,0
2015,Miguel González,7024,31,SP,BAL,144.66666666666666,26,26,109,51,151,79,0,0,0,0,9,8
2015,Mike Morin,13442,24,RP,LAA,35.333333333333336,47,0,41,9,36,25,1,5,6,0,4,0
2015,Kendall Graveman,15514,24,SP,OAK,115.66666666666667,21,21,77,38,126,52,0,0,0,0,6,10
2015,Josh Tomlin,9388,30,SP,CLE,65.66666666666667,10,10,57,8,47,22,0,0,0,0,7,6
2015,Brian Matusz,2646,28,RP,BAL,49,58,0,56,20,38,16,0,2,2,0,1,0
2015,Kyle Lobstein,9178,25,SP,DET,63.666666666666664,13,11,32,23,78,42,0,0,0,0,3,4
2015,Steven Matz,13361,24,SP,NYM,35.666666666666664,6,6,34,10,34,9,0,0,0,0,4,3
2015,Michael Blazek,9654,26,RP,MIL,55.666666666666664,45,0,47,18,40,15,0,4,4,0,5,0
2015,Felix Doubront,1478,27,SP,2 Tms,75.33333333333333,16,12,56,26,87,46,1,0,1,0,3,3
2015,Ryan Pressly,7005,26,RP,MIN,27.666666666666668,27,0,22,12,27,9,0,4,4,0,3,0
2015,Antonio Bastardo,8844,29,RP,PIT,57.333333333333336,66,0,64,26,39,19,1,9,10,1,4,0
2015,Daniel Norris,13475,22,SP,2 Tms,60,13,13,45,19,53,25,0,0,0,0,3,3
2015,Brandon Maurer,4878,24,RP,SDP,51,53,0,39,15,39,17,0,12,12,1,7,0
2015,Kris Medlen,9417,29,SP,KCR,58.333333333333336,15,8,40,18,56,26,0,0,0,0,6,4
2015,Xavier Cedeño,36,28,RP,2 Tms,46,66,0,47,14,40,12,1,19,20,1,4,0
2015,Jake Diekman,5003,28,RP,2 Tms,58.333333333333336,67,0,69,31,53,26,0,16,16,1,2,0
2015,Oliver Pérez,1514,33,RP,2 Tms,41,70,0,51,15,39,19,0,10,10,1,2,0
2015,Luis García,6984,28,RP,PHI,66.66666666666667,72,0,63,37,72,26,2,16,18,1,4,0
2015,Erik Goeddel,11712,26,RP,NYM,33.333333333333336,35,0,34,9,24,9,0,2,2,0,1,0
2015,Adam Morgan,12580,25,SP,PHI,84.33333333333333,15,15,49,17,88,42,0,0,0,0,5,8
2015,Iván Nova,1994,28,SP,NYY,94,17,17,63,33,99,53,0,0,0,0,6,6
2015,Elvis Araujo,12854,23,RP,PHI,34.666666666666664,40,0,34,19,29,13,0,2,2,0,2,0
2015,Enrique Burgos,3895,24,RP,ARI,27,30,0,39,15,27,14,2,2,4,0,2,0
2015,Joakim Soria,6941,31,RP,2 Tms,67.66666666666667,72,0,64,19,55,19,24,11,35,1,3,0
2015,Nick Martinez,12730,24,SP,TEX,125,24,21,77,46,135,55,0,0,0,0,7,13
2015,Zach Davies,13183,22,SP,MIL,34,6,6,24,15,26,14,0,0,0,0,3,4
2015,Tim Cooney,13762,24,SP,STL,31.333333333333332,6,6,29,10,28,11,0,0,0,0,1,2
2015,Neftalí Feliz,18,27,RP,2 Tms,48,48,0,39,18,57,34,10,2,12,1,3,0
2015,James Paxton,11828,26,SP,SEA,67,13,13,56,29,67,29,0,0,0,0,3,6
2015,Jason Vargas,8044,32,SP,KCR,43,9,9,27,12,46,19,0,0,0,0,5,4
2015,Al Alburquerque,6324,29,RP,DET,62,67,0,58,33,63,29,0,7,7,0,4,0
2015,Jonathan Papelbon,5975,34,RP,2 Tms,63.333333333333336,59,0,56,12,53,15,24,0,24,1,4,0
2015,Colin Rea,12317,24,SP,SDP,31.666666666666668,6,6,26,11,29,15,0,0,0,0,2,1
2015,Dan Jennings,8073,28,RP,CHW,56.333333333333336,53,0,46,24,55,25,0,4,4,0,2,0
2015,Jason Motte,5861,33,RP,CHC,48.333333333333336,57,0,34,11,48,21,6,9,15,1,8,0
2015,Brandon Morrow,9346,30,SP,SDP,33,5,5,23,7,29,10,0,0,0,0,2,4
2015,Tyler Wilson,12691,25,SP,BAL,36,9,5,13,11,39,14,0,0,0,0,2,3
2015,Blake Treinen,12572,27,RP,WSN,67.66666666666667,60,0,65,32,62,29,0,10,10,1,2,0
2015,LaTroy Hawkins,729,42,RP,2 Tms,38.666666666666664,42,0,34,7,44,14,3,7,10,1,3,0
2015,Marcus Stroman,13431,24,RP,TOR,27,4,4,18,6,20,5,0,0,0,0,4,3
2015,Vance Worley,6435,27,RP,PIT,71.66666666666667,23,8,49,21,81,32,0,0,0,0,4,2
2015,Manny Parra,4279,32,RP,CIN,32.333333333333336,40,0,23,6,32,14,0,6,6,0,1,0
2015,Ariel Peña,10240,26,SP,MIL,27.333333333333332,6,5,27,14,24,13,0,0,0,0,2,0
2015,Ian Kennedy,6986,30,SP,SDP,168.33333333333334,30,30,174,52,166,80,0,0,0,0,9,17
2015,Chad Qualls,2170,36,RP,HOU,49.333333333333336,60,0,46,9,46,24,4,10,14,1,3,0
2015,Enny Romero,4001,24,RP,TBR,30,23,0,31,13,39,17,0,3,3,0,0,0
2015,Miguel Socolovich,6697,28,RP,STL,29.666666666666668,28,0,27,10,25,6,0,1,1,0,4,0
2015,Franklin Morales,5088,29,RP,KCR,62.333333333333336,67,0,41,14,58,22,0,8,8,0,4,0
2015,Christian Bergman,10925,27,RP,COL,68.33333333333333,30,4,37,15,82,36,0,0,0,0,3,0
2015,Jake Petricka,10534,27,RP,CHW,52,62,0,33,18,56,21,2,12,14,1,4,0
2015,Matt Garza,3340,31,SP,MIL,148.66666666666666,26,25,104,57,176,93,0,0,0,0,6,10
2015,Matt Andriese,12022,25,RP,TBR,65.66666666666667,25,8,49,18,69,30,2,0,2,0,3,1
2015,David Hale,9756,27,SP,COL,78.33333333333333,17,12,61,20,95,53,0,0,0,0,5,2
2015,Huston Street,8258,31,RP,LAA,62.333333333333336,62,0,57,20,52,22,40,0,40,1,3,0
2015,Matt Thornton,1918,38,RP,WSN,41.333333333333336,60,0,23,11,33,10,0,18,18,1,2,0
2015,Will Harris,3192,30,RP,HOU,71,68,0,68,22,42,15,2,13,15,1,5,0
2015,Ryan Mattheus,7169,31,RP,2 Tms,56,58,0,37,18,67,25,0,8,8,0,2,0
2015,Clayton Richard,3551,31,RP,CHC,42.333333333333336,23,3,22,7,47,18,0,2,2,0,4,2
2015,Carlos Torres,7624,32,RP,NYM,57.666666666666664,59,0,48,18,61,30,0,11,11,1,5,0
2015,Jose Alvarez,5358,26,RP,LAA,67,64,0,59,23,58,26,0,7,7,0,4,0
2015,Keyvius Sampson,10039,24,SP,CIN,52.333333333333336,13,12,42,26,67,38,0,0,0,0,2,1
2015,Josh Collmenter,7312,29,RP,ARI,121,44,12,63,24,129,51,1,1,2,0,4,3
2015,Blaine Boyer,2237,33,RP,MIN,65,68,0,33,19,62,18,1,19,20,1,3,0
2015,Jumbo Diaz,3397,31,RP,CIN,60.333333333333336,61,0,70,18,58,28,1,7,8,0,2,0
2015,Chris Hatcher,3299,30,RP,LAD,39,49,0,45,13,35,16,4,13,17,1,3,0
2015,Bryan Morris,10234,28,RP,MIA,63,67,0,47,26,67,22,0,18,18,1,5,0
2015,Vidal Nuño,9674,27,RP,2 Tms,89,35,10,81,22,90,37,0,4,4,0,1,3
2015,Brad Hand,9111,25,RP,MIA,93.33333333333333,38,12,67,32,107,55,0,2,2,0,4,4
2015,Boone Logan,5525,30,RP,COL,35.333333333333336,60,0,44,17,40,17,0,23,23,1,0,0
2015,Tommy Hunter,1157,28,RP,2 Tms,60.333333333333336,58,0,47,14,61,28,1,7,8,0,4,0
2015,Burke Badenhop,9736,32,RP,CIN,66.33333333333333,68,0,36,20,71,29,0,7,7,0,2,0
2015,Nick Vincent,7555,28,RP,SDP,23,26,0,22,10,25,6,0,0,0,0,0,0
2015,Tim Lincecum,5705,31,SP,SFG,76.33333333333333,15,15,60,38,75,35,0,0,0,0,7,5
2015,Anthony Bass,7982,27,RP,TEX,64,33,0,45,20,66,32,0,0,0,0,0,0
2015,Shane Greene,10756,26,SP,DET,83.66666666666667,18,16,50,27,103,64,0,0,0,0,4,5
2015,Jim Johnson,3656,32,RP,2 Tms,66.66666666666667,72,0,50,20,77,33,10,25,35,1,2,0
2015,Matt Albers,4300,32,RP,CHW,37.333333333333336,30,0,28,9,31,5,0,6,6,0,2,0
2015,Dalier Hinojosa,15671,29,RP,2 Tms,24.666666666666668,19,0,23,11,15,2,0,3,3,0,2,0
2015,Henderson Alvarez,5669,25,RP,MIA,22.333333333333332,4,4,9,7,28,16,0,0,0,0,0,1
2015,Matt Moore,1890,26,SP,TBR,63,12,12,46,23,74,38,0,0,0,0,3,4
2015,Severino González,14697,22,SP,PHI,30.666666666666668,7,7,28,7,44,27,0,0,0,0,3,0
2015,Matt Wisler,12804,22,SP,ATL,109,20,19,72,40,119,57,0,0,0,0,8,8
2015,Luis Avilán,2882,25,RP,2 Tms,53.333333333333336,73,0,49,15,48,24,0,17,17,1,2,0
2015,Joe Thatcher,4620,33,RP,HOU,22.666666666666668,43,0,26,12,23,8,0,6,6,0,1,0
2015,J.P. Howell,8245,32,RP,LAD,44,65,0,39,14,47,7,1,9,10,1,6,0
2015,Ryan Weber,10160,24,SP,ATL,28.333333333333332,5,5,19,6,25,15,0,0,0,0,0,3
2015,Seth Maness,12235,26,RP,STL,63.333333333333336,76,0,46,13,77,30,3,20,23,1,4,0
2015,Marc Rzepczynski,6612,29,RP,2 Tms,35,72,0,41,14,40,22,0,16,16,1,2,0
2015,Christian Friedrich,7942,27,RP,COL,58.333333333333336,68,0,45,25,75,34,0,9,9,0,0,0
2015,Chaz Roe,9866,28,RP,BAL,41.333333333333336,36,0,38,17,44,19,0,4,4,0,4,0
2015,Javier López,1663,37,RP,SFG,39.333333333333336,77,0,26,16,19,7,0,20,20,1,1,0
2015,Wily Peralta,7738,26,SP,MIL,108.66666666666667,20,20,60,37,130,57,0,0,0,0,5,10
2015,Roberto Hernandez,3273,34,SP,HOU,84.66666666666667,20,11,42,26,90,41,0,0,0,0,3,5
2015,Nick Hagadone,1351,29,RP,CLE,27.333333333333332,36,0,28,12,30,13,0,5,5,0,0,0
2015,Bryan Shaw,8110,27,RP,CLE,64,74,0,54,19,59,21,2,23,25,1,3,0
2015,Joaquín Benoit,1437,37,RP,SDP,65.33333333333333,67,0,63,23,36,17,2,28,30,1,6,0
2015,Randy Wolf,976,38,SP,DET,34.666666666666664,8,7,28,15,46,24,0,1,1,0,0,3
2015,Dillon Gee,7396,29,SP,NYM,39.666666666666664,8,7,25,11,55,26,0,0,0,0,0,2
2015,Aaron Sanchez,11490,22,RP,TOR,92.33333333333333,41,11,61,44,74,33,0,10,10,1,7,5
2015,Tsuyoshi Wada,13046,34,SP,CHC,32.333333333333336,8,7,31,11,30,13,0,0,0,0,1,1
2015,Jonathan Broxton,4759,31,RP,2 Tms,60.333333333333336,66,0,63,22,61,31,0,17,17,1,4,0
2015,Aaron Thompson,999,28,RP,MIN,32.333333333333336,41,0,17,11,32,18,0,9,9,0,1,0
2015,Mike Montgomery,4869,25,SP,SEA,90,16,16,64,37,92,46,0,0,0,0,4,9
2015,Carlos Villanueva,4138,31,RP,STL,61,35,0,55,21,50,20,2,0,2,0,4,0
2015,Aaron Loup,10343,27,RP,TOR,42.333333333333336,60,0,46,7,47,21,0,9,9,0,2,0
2015,Kyle Barraclough,13713,25,RP,MIA,24.333333333333332,25,0,30,18,12,7,0,6,6,0,2,0
2015,Brett Oberholtzer,3855,25,SP,HOU,38.333333333333336,8,8,27,17,44,19,0,0,0,0,2,2
2015,Carlos Frías,3547,25,SP,LAD,77.66666666666667,17,13,43,26,88,35,0,0,0,0,5,5
2015,Ian Thomas,13881,28,RP,2 Tms,23.333333333333332,14,1,23,11,20,10,0,0,0,0,1,0
2015,Zack Godley,14862,25,SP,ARI,36.666666666666664,9,6,34,17,29,13,0,0,0,0,5,3
2015,Cesar Jimenez,3762,30,RP,2 Tms,23,19,0,25,8,17,8,0,4,4,0,0,0
2015,Doug Fister,9425,31,SP,WSN,103,25,15,63,24,120,48,1,0,1,0,5,7
2015,Chad Billingsley,5842,30,SP,PHI,37,7,7,15,8,53,24,0,0,0,0,2,2
2015,Steve Geltz,8402,27,RP,TBR,67.33333333333333,70,2,61,26,45,28,2,20,22,1,2,0
2015,Mike Dunn,9948,30,RP,MIA,54,72,0,65,29,46,27,0,23,23,1,2,0
2015,Tommy Layne,7501,30,RP,BOS,47.666666666666664,64,0,45,27,41,21,1,9,10,1,2,0
2015,Pat Neshek,4682,34,RP,HOU,54.666666666666664,66,0,51,12,49,22,1,28,29,1,3,0
2015,Scott Carroll,888,30,RP,CHW,36.666666666666664,18,0,27,13,40,14,0,0,0,0,1,0
2015,Trevor Gott,15046,22,RP,LAA,47.666666666666664,48,0,27,16,43,16,0,14,14,1,4,0
2015,Hansel Robles,11801,24,RP,NYM,54,57,0,61,18,37,22,0,12,12,1,4,0
2015,Adam Liberatore,10637,28,RP,LAD,29.666666666666668,39,0,29,9,26,14,0,10,10,1,2,0
2015,Tyler Clippard,5640,30,RP,2 Tms,71,69,0,64,31,49,23,19,8,27,1,5,0
2015,Luke Hochevar,6943,31,RP,KCR,50.666666666666664,49,0,49,16,49,21,1,6,7,0,1,0
2015,Pat Venditte,7108,30,RP,OAK,28.666666666666668,26,0,23,12,22,14,0,2,2,0,2,0
2015,Andrew McKirahan,12870,25,RP,ATL,27.333333333333332,27,0,22,10,40,18,0,4,4,0,1,0
2015,Tyler Lyons,11334,27,RP,STL,60,17,8,60,15,59,25,0,0,0,0,3,2
2015,José Ureña,11589,23,RP,MIA,61.666666666666664,20,9,28,25,73,36,0,0,0,0,1,4
2015,Logan Verrett,12905,25,RP,2 Tms,47.666666666666664,18,4,39,15,34,19,1,0,1,0,1,1
2015,Charlie Furbush,1370,29,RP,SEA,21.666666666666668,33,0,17,5,9,5,0,13,13,1,1,0
2015,Steve Cishek,6483,29,RP,2 Tms,55.333333333333336,59,0,48,27,55,22,4,6,10,1,2,0
2015,Ryan Webb,7474,29,RP,CLE,50.666666666666664,40,0,31,12,46,18,0,0,0,0,1,0
2015,Kevin Quackenbush,12360,26,RP,SDP,58.333333333333336,57,0,58,20,52,26,0,2,2,0,3,0
2015,Sammy Solís,11457,26,RP,WSN,21.333333333333332,18,0,17,4,25,8,0,1,1,0,1,0
2015,Santiago Casilla,2873,34,RP,SFG,58,67,0,62,23,51,18,38,0,38,1,4,0
2015,Robbie Ross Jr.,6819,26,RP,BOS,60.666666666666664,54,0,53,20,59,26,6,12,18,1,0,0
2015,Bruce Rondón,5766,24,RP,DET,31,35,0,36,19,31,20,5,3,8,1,1,0
2015,Tyler Cravy,10770,25,SP,MIL,42.666666666666664,14,7,35,22,47,27,0,0,0,0,0,1
2015,Arquimedes Caminero,8992,28,RP,PIT,74.66666666666667,73,0,73,29,63,30,0,15,15,1,5,0
2015,Trevor Cahill,6249,27,RP,2 Tms,43.333333333333336,26,3,36,16,44,26,0,2,2,0,1,0
2015,Jhoulys Chacín,2608,27,RP,ARI,26.666666666666668,5,4,21,10,24,10,0,0,0,0,2,2
2015,Justin Nicolino,11754,23,SP,MIA,74,12,12,23,20,72,33,0,0,0,0,5,8
2015,Chris Martin,11847,29,RP,NYY,20.666666666666668,24,0,18,6,28,13,1,5,6,0,0,0
2015,Austin Adams,7411,28,RP,CLE,33.333333333333336,28,0,23,13,37,14,1,0,1,0,2,0
2015,Randy Choate,813,39,RP,STL,27.333333333333332,71,0,22,5,29,12,1,8,9,1,1,0
2015,Tim Hudson,921,39,SP,SFG,123.66666666666667,24,22,64,37,134,61,0,0,0,0,8,10
2015,Jared Hughes,9325,29,RP,PIT,67,76,0,36,19,70,17,0,21,21,1,3,0
2015,Cory Rasmus,2413,27,RP,LAA,20.666666666666668,16,1,27,11,15,12,0,1,1,0,0,0
2015,Matt Belisle,1837,35,RP,STL,33.666666666666664,34,0,25,15,34,10,0,7,7,0,1,0
2015,Brooks Brown,5679,30,RP,COL,33,36,0,20,16,32,18,0,10,10,1,1,0
2015,Chi Chi González,14663,23,SP,TEX,67,14,10,30,32,49,29,0,0,0,0,4,5
2015,Zach Putnam,9080,27,RP,CHW,48.666666666666664,49,0,64,24,42,22,0,6,6,0,3,0
2015,Brian Ellington,17233,24,RP,MIA,25,23,0,18,13,17,8,0,2,2,0,2,0
2015,Aaron Brooks,12272,25,SP,2 Tms,55.333333333333336,13,9,38,14,73,41,0,0,0,0,3,5
2015,James Russell,4089,29,RP,CHC,34,49,0,20,9,42,20,1,8,9,0,0,0
2015,Sean Nolin,11341,25,SP,OAK,29,6,6,15,12,35,17,0,0,0,0,1,1
2015,Mike Foltynewicz,10811,23,SP,ATL,86.66666666666667,18,15,77,29,112,55,0,1,1,0,4,4
2015,Corey Knebel,15010,23,RP,MIL,50.333333333333336,48,0,58,17,44,18,0,3,3,0,0,0
2015,David Buchanan,11176,26,SP,PHI,74.66666666666667,15,15,44,29,109,58,0,0,0,0,2,5
2015,Sam LeCure,4664,31,RP,CIN,20,19,0,15,7,16,7,0,3,3,0,0,0
2015,Casey Janssen,7355,33,RP,WSN,40,48,0,27,8,38,22,0,13,13,1,2,0
2015,Jason Frasor,1906,37,RP,2 Tms,28,32,0,22,18,27,4,0,4,4,0,1,0
2015,Arnold Leon,5595,26,RP,OAK,26.666666666666668,19,0,19,9,30,13,0,0,0,0,0,0
2015,David Goforth,12166,26,RP,MIL,24.666666666666668,20,0,24,8,32,11,0,0,0,0,1,0
2015,Archie Bradley,12918,22,SP,ARI,35.666666666666664,8,8,23,22,36,23,0,0,0,0,2,3
2015,Justin De Fratus,4955,27,RP,PHI,80,61,0,68,32,92,49,0,1,1,0,0,0
2015,Edwin Jackson,1841,31,RP,2 Tms,55.666666666666664,47,0,40,21,44,19,1,5,6,0,4,0
2015,Ryan O'Rourke,10976,27,RP,MIN,22,28,0,24,15,16,15,0,0,0,0,0,0
2015,Drew VerHagen,13424,24,RP,DET,26.333333333333332,20,0,13,14,18,6,0,3,3,0,2,0
2015,Williams Pérez,11592,24,SP,ATL,116.66666666666667,23,20,73,51,130,62,1,0,1,0,7,9
2015,Kevin Correia,1767,34,SP,PHI,23.333333333333332,5,5,14,8,37,17,0,0,0,0,0,0
2015,Bud Norris,9492,30,RP,2 Tms,83,38,11,71,31,100,62,0,2,2,0,3,3
2015,Erik Johnson,12520,25,SP,CHW,35,6,6,30,17,32,13,0,0,0,0,3,4
2015,Tommy Kahnle,11384,25,RP,COL,33.333333333333336,36,0,39,28,31,18,2,10,12,1,0,0
2015,Josh Osich,11528,26,RP,SFG,28.666666666666668,35,0,27,8,24,7,0,11,11,1,2,0
2015,Bryan Mitchell,11479,24,RP,NYY,29.666666666666668,20,2,29,16,37,21,1,1,2,0,0,0
2015,J.J. Hoover,9037,27,RP,CIN,64.33333333333333,67,0,52,31,44,21,1,18,19,1,8,0
2015,Tom Gorzelanny,6244,32,RP,DET,39.333333333333336,48,0,36,23,45,26,0,2,2,0,2,0
2015,Brad Boxberger,10133,27,RP,TBR,63,69,0,74,32,54,26,41,2,43,1,4,0
2015,Esmil Rogers,6317,29,RP,NYY,33,18,0,31,14,41,23,0,1,1,0,1,0
2015,Branden Pinder,12093,26,RP,NYY,27.666666666666668,25,0,25,14,28,9,0,0,0,0,0,0
2015,Pedro Villarreal,9904,27,RP,CIN,50,29,0,29,12,57,19,0,0,0,0,1,0
2015,Derek Holland,4141,28,SP,TEX,58.666666666666664,10,10,41,17,59,32,0,0,0,0,4,4
2015,David Rollins,11928,25,RP,SEA,25,20,0,21,8,37,21,0,1,1,0,0,0
2015,Cam Bedrosian,13360,23,RP,LAA,33.333333333333336,34,0,34,19,40,20,0,1,1,0,1,0
2015,Tony Cingrani,12555,25,RP,CIN,33.333333333333336,35,1,39,25,31,21,0,9,9,1,0,0
2015,Jeff Francis,4684,34,RP,TOR,22,14,0,21,9,27,15,0,0,0,0,1,0
2015,Jerome Williams,1137,33,SP,PHI,121,33,21,74,34,161,78,1,4,5,0,4,7
2015,Matt Marksberry,15089,24,RP,ATL,23.333333333333332,31,0,21,16,22,13,0,5,5,0,0,0
2015,Ryan Vogelsong,1011,37,SP,SFG,135,33,22,108,58,140,70,0,0,0,0,9,9
2015,Evan Scribner,7525,29,RP,OAK,60,54,0,64,4,58,29,0,8,8,1,2,0
2015,T.J. McFarland,3237,26,RP,BAL,40.333333333333336,30,0,26,18,52,22,0,3,3,0,2,0
2015,Jason Marquis,105,36,SP,CIN,47.333333333333336,9,9,37,14,64,34,0,0,0,0,3,3
2015,Sam Freeman,6832,28,RP,TEX,38.333333333333336,54,0,40,25,31,13,0,12,12,1,0,0
2015,Yoervis Medina,10498,26,RP,2 Tms,21,17,0,16,11,23,11,1,3,4,0,1,0
2015,Marcos Mateo,6869,31,RP,SDP,27,26,0,33,9,22,12,0,1,1,0,1,0
2015,Angel Nesbitt,13415,24,RP,DET,21.666666666666668,24,0,14,8,22,13,0,2,2,0,1,0
2015,Gonzalez Germen,5876,27,RP,2 Tms,38.666666666666664,35,1,33,26,41,19,1,2,3,0,0,0
2015,Yusmeiro Petit,4020,30,RP,SFG,76,42,1,59,15,75,31,1,0,1,0,1,0
2015,Steven Wright,8185,30,SP,BOS,72.66666666666667,16,9,52,27,67,33,0,0,0,0,5,4
2015,Tyler Matzek,10058,24,SP,COL,22,5,5,15,19,21,10,0,0,0,0,2,1
2015,Bobby Parnell,9926,30,RP,NYM,24,30,0,13,17,30,17,1,5,6,0,2,0
2015,Brandon Finnegan,16208,22,RP,2 Tms,48,20,4,45,21,37,19,0,0,0,0,5,1
2015,Dan Otero,7385,30,RP,OAK,46.666666666666664,41,0,28,6,64,35,0,2,2,0,2,0
2015,Héctor Neris,11804,26,RP,PHI,40.333333333333336,32,0,41,10,38,17,0,2,2,0,2,0
2015,Michael Tonkin,10315,25,RP,MIN,23.333333333333332,26,0,19,9,21,9,0,5,5,0,0,0
2015,David Hernandez,4259,30,RP,ARI,33.666666666666664,40,0,33,11,33,16,0,7,7,0,1,0
2015,Brandon Cunniff,11509,26,RP,ATL,35,39,0,37,22,27,18,0,5,5,0,2,0
2015,Justin Masterson,2038,30,SP,BOS,59.333333333333336,18,9,49,27,68,37,0,2,2,0,4,3
2015,Chris Capuano,1701,36,RP,NYY,40.666666666666664,22,4,38,22,52,36,0,1,1,0,0,0
2015,Eric O'Flaherty,5746,30,RP,2 Tms,30,41,0,21,18,47,27,0,4,4,0,1,0
2015,Jason García,12143,22,RP,BAL,29.666666666666668,21,0,22,17,25,14,0,0,0,0,1,0
2015,JC Ramírez,8302,26,RP,2 Tms,23.666666666666668,20,0,16,11,25,14,0,2,2,0,1,0
2015,Tanner Roark,8753,28,RP,WSN,111,40,12,70,26,119,54,1,4,5,0,4,4
2015,Samuel Deduno,5285,31,RP,HOU,21,9,2,17,9,24,16,1,0,1,0,0,0
2015,J.R. Graham,12042,25,RP,MIN,63.666666666666664,39,1,53,21,73,35,0,0,0,0,1,0
2015,Manny Banuelos,5365,24,SP,ATL,26.333333333333332,7,6,19,12,30,15,0,0,0,0,1,0
2015,Ian Krol,10066,24,RP,DET,28,33,0,26,17,31,18,0,1,1,0,2,0
2015,Chasen Shreve,10855,24,RP,NYY,58.333333333333336,59,0,64,33,49,20,0,10,10,1,6,0
2015,George Kontos,9486,30,RP,SFG,73.33333333333333,73,0,44,12,57,19,0,14,14,1,4,0
2015,Steve Delabar,11827,31,RP,TOR,29.333333333333332,31,0,30,14,28,17,1,5,6,0,2,0
2015,Odrisamer Despaigne,16017,28,SP,SDP,125.66666666666667,34,18,69,32,142,81,0,0,0,0,5,8
2015,Kyle Ryan,11753,23,RP,DET,56.333333333333336,16,6,30,20,60,28,0,0,0,0,2,2
2015,Chris Narveson,2141,33,RP,MIA,30.333333333333332,15,2,32,9,24,15,0,0,0,0,3,0
2015,Heath Hembree,11632,26,RP,BOS,25.333333333333332,22,0,15,9,25,10,0,1,1,0,2,0
2015,Shaun Marcum,6204,33,SP,CLE,35,7,6,30,11,32,21,0,0,0,0,3,3
2015,Josh A. Smith,10946,27,SP,CIN,32.666666666666664,9,7,30,21,42,25,0,0,0,0,0,0
2015,David Carpenter,3959,29,RP,2 Tms,24.666666666666668,30,0,15,9,25,11,0,6,6,0,0,0
2015,Danny Farquhar,8501,28,RP,SEA,51,43,0,48,17,53,29,1,8,9,0,1,0
2015,Jarred Cosart,10304,25,SP,MIA,69.66666666666667,14,13,47,33,63,35,0,0,0,0,2,4
2015,Daniel Webb,10558,25,RP,CHW,30,27,0,22,22,41,21,0,0,0,0,1,0
2015,Hector Noesí,3292,28,SP,CHW,32.666666666666664,10,5,22,17,41,25,0,0,0,0,0,0
2015,Rob Scahill,9286,28,RP,PIT,30.666666666666668,28,0,24,16,33,9,0,1,1,0,2,0
2015,Nick Masset,7267,33,RP,2 Tms,25,28,0,18,9,30,13,0,6,6,0,2,0
2015,Radhames Liz,5843,31,RP,PIT,23.333333333333332,14,0,27,12,26,11,0,0,0,0,1,0
2015,Eric Stults,8011,35,SP,ATL,47.666666666666664,9,8,31,13,48,31,0,0,0,0,1,3
2015,Kyle Lohse,739,36,SP,MIL,152.33333333333334,37,22,108,43,180,99,2,2,4,0,5,5
2015,Sugar Ray Marimon,6027,26,RP,ATL,25.666666666666668,16,0,14,14,30,21,0,0,0,0,0,0
2015,Carlos Contreras,10386,24,RP,CIN,28,22,0,19,20,22,15,0,0,0,0,0,0
2015,Mitch Harris,4530,29,RP,STL,27,26,0,15,13,30,11,0,0,0,0,2,0
2015,Bo Schultz,5028,29,RP,TOR,43,31,0,31,14,32,17,1,4,5,0,0,0
2015,Spencer Patton,12361,27,RP,TEX,24,27,0,28,12,24,24,0,3,3,0,1,0
2015,Brandon McCarthy,4662,31,RP,LAD,23,4,4,29,4,24,15,0,0,0,0,3,1
2015,Eddie Butler,13453,24,SP,COL,79.33333333333333,16,16,44,42,102,52,0,0,0,0,3,2
2015,Joba Chamberlain,2692,29,RP,2 Tms,27.666666666666668,36,0,23,9,38,15,0,8,8,0,0,0
2015,Yohan Flande,5057,29,SP,COL,68.33333333333333,19,10,43,25,73,36,0,0,0,0,3,1
2015,Brian Duensing,4064,32,RP,MIN,48.666666666666664,55,0,24,21,46,23,1,6,7,0,4,0
2015,David Aardsma,1902,33,RP,ATL,30.666666666666668,33,0,35,14,25,16,0,6,6,1,1,0
2015,Mike Wright Jr.,12586,25,SP,BAL,44.666666666666664,12,9,26,18,52,30,0,0,0,0,3,2
2015,Matt Barnes,12863,25,RP,BOS,43,32,2,39,15,56,26,0,3,3,0,3,0
2015,Zac Rosscup,9419,27,RP,CHC,26.666666666666668,33,0,29,13,26,13,0,6,6,0,2,0
2015,Dale Thayer,5032,34,RP,SDP,37.666666666666664,38,0,25,15,37,17,0,6,6,0,2,0
2015,Joel Peralta,2332,39,RP,LAD,29,33,0,24,8,28,14,3,3,6,0,3,0
2015,Tyler Thornburg,10688,26,RP,MIL,34.333333333333336,24,0,34,12,31,14,0,1,1,0,0,0
2015,Andrew Bellatti,10657,23,RP,TBR,23.333333333333332,17,0,18,10,16,6,0,2,2,0,3,0
2015,Alec Asher,13560,23,SP,PHI,29,7,7,16,10,42,30,0,0,0,0,0,1
2015,Brandon Gomes,2267,30,RP,TBR,59,63,0,44,15,55,28,1,16,17,1,2,0
2015,Michael Lorenzen,14843,23,SP,CIN,113.33333333333333,27,21,83,57,131,68,0,1,1,0,4,7
2015,Neal Cotts,1797,35,RP,2 Tms,63.333333333333336,68,0,58,22,58,24,0,5,5,0,1,0
2015,Ryan Tepera,10291,27,RP,TOR,33,32,0,22,6,23,12,1,0,1,0,0,0
2015,Zach Duke,3840,32,RP,CHW,60.666666666666664,71,0,66,32,47,23,1,26,27,1,3,0
2015,Edward Mujica,3970,31,RP,2 Tms,47.333333333333336,49,0,30,7,52,25,1,4,5,0,3,0
2015,R.J. Alvarez,13401,24,RP,OAK,20,21,0,23,13,27,22,0,0,0,0,0,0
2015,Matt Cain,4732,30,SP,SFG,60.666666666666664,13,11,41,20,71,39,0,0,0,0,2,3
2015,Tim Stauffer,6432,33,RP,2 Tms,20.666666666666668,18,0,14,9,32,16,0,1,1,0,1,0
2015,Jean Machi,3220,33,RP,2 Tms,58,59,0,42,22,59,33,4,4,8,0,2,0
2015,Ernesto Frieri,5178,29,RP,TBR,23.333333333333332,22,0,19,11,20,12,2,0,2,0,1,0
2015,Cody Martin,12182,25,RP,2 Tms,30.666666666666668,25,2,27,12,40,27,0,7,7,0,2,0
2015,Tanner Scheppers,10267,28,RP,TEX,38.333333333333336,42,0,32,23,37,24,0,12,12,1,4,0
2015,Buck Farmer,14814,24,RP,DET,40.333333333333336,14,5,24,17,53,33,0,0,0,0,0,0
2015,Matthew Boyd,15440,24,SP,2 Tms,57.333333333333336,13,12,43,20,71,48,0,0,0,0,1,4
2015,Craig Breslow,4363,34,RP,BOS,65,45,2,46,23,69,30,1,1,2,0,0,0
2015,Mayckol Guaipe,11663,24,RP,SEA,26.666666666666668,21,0,22,13,34,16,0,2,2,0,0,0
2015,Fernando Abad,4994,29,RP,OAK,47.666666666666664,62,0,45,19,45,22,0,1,1,0,2,0
2015,Dustin McGowan,8600,33,RP,PHI,23.333333333333332,14,1,21,20,29,18,0,0,0,0,1,0
2015,Sean O'Sullivan,9137,27,SP,PHI,71,13,13,35,20,94,48,0,0,0,0,1,4
2015,Alex Torres,7038,27,RP,NYM,34.333333333333336,39,0,35,26,26,12,1,7,8,0,0,0
2015,Kirby Yates,9073,28,RP,TBR,20.333333333333332,20,0,21,7,23,18,0,0,0,0,1,0
2015,Fernando Rodney,494,38,RP,2 Tms,62.666666666666664,68,0,58,29,59,33,16,9,25,1,7,0
2015,Joe Beimel,979,38,RP,SEA,47.333333333333336,53,0,22,16,49,21,1,6,7,0,2,0
2015,Scott Oberg,13911,25,RP,COL,58.333333333333336,64,0,44,31,58,33,1,15,16,1,3,0
2015,Jeremy Guthrie,2072,36,SP,KCR,148.33333333333334,30,24,84,44,186,98,0,0,0,0,8,8
2015,Allen Webster,3993,25,SP,ARI,31,9,5,17,20,32,20,0,0,0,0,1,0
2015,Alexi Ogando,10261,31,RP,BOS,65.33333333333333,64,0,53,28,59,29,0,12,12,1,3,0
2015,Jeremy Affeldt,583,36,RP,SFG,35.333333333333336,52,0,21,14,43,23,0,9,9,0,2,0
2015,Kyle Kendrick,6230,30,SP,COL,142.33333333333334,27,27,80,45,172,100,0,0,0,0,7,6
2015,Ross Detwiler,2859,29,RP,2 Tms,58.333333333333336,41,7,41,36,82,47,0,2,2,0,1,1
2015,David Holmberg,7725,23,SP,CIN,28.333333333333332,6,6,15,16,36,24,0,0,0,0,1,2
2015,Frank Garces,13144,25,RP,SDP,38,40,1,30,22,41,22,0,0,0,0,0,0
2016,José Fernández,11530,23,SP,MIA,182.33333333333334,29,29,253,55,149,58,0,0,0,0,16,19
2016,Clayton Kershaw,2036,28,SP,LAD,149,21,21,172,11,97,28,0,0,0,0,12,17
2016,Noah Syndergaard,11762,23,SP,NYM,183.66666666666666,31,30,218,43,168,53,0,1,1,0,14,20
2016,Max Scherzer,3137,31,SP,WSN,228.33333333333334,34,34,284,56,165,75,0,0,0,0,20,26
2016,Justin Verlander,8700,33,SP,DET,227.66666666666666,34,34,254,57,171,77,0,0,0,0,16,27
2016,Chris Sale,10603,27,SP,CHW,226.66666666666666,32,32,233,45,190,84,0,0,0,0,17,23
2016,Rick Porcello,2717,27,SP,BOS,223,33,33,189,32,193,78,0,0,0,0,22,26
2016,Jose Quintana,11423,27,SP,CHW,208,32,32,181,50,192,74,0,0,0,0,13,23
2016,Corey Kluber,2429,30,SP,CLE,215,32,32,227,57,170,75,0,0,0,0,18,22
2016,Johnny Cueto,6893,30,SP,SFG,219.66666666666666,32,32,198,45,195,68,0,0,0,0,18,22
2016,Masahiro Tanaka,15764,27,SP,NYY,199.66666666666666,31,31,165,36,179,68,0,0,0,0,14,19
2016,David Price,3184,30,SP,BOS,230,35,35,228,50,227,102,0,0,0,0,17,22
2016,Madison Bumgarner,5524,26,SP,SFG,226.66666666666666,34,34,251,54,178,69,0,0,0,0,15,25
2016,Jon Lester,4930,32,SP,CHC,202.66666666666666,32,32,197,52,154,55,0,0,0,0,19,26
2016,Kyle Hendricks,12049,26,SP,CHC,190,31,30,170,44,142,45,0,0,0,0,16,20
2016,Stephen Strasburg,10131,27,SP,WSN,147.66666666666666,24,24,183,44,119,59,0,0,0,0,15,15
2016,Rich Hill,4806,36,SP,2 Tms,110.33333333333333,20,20,129,33,77,26,0,0,0,0,12,13
2016,James Paxton,11828,27,SP,SEA,121,20,20,117,24,134,51,0,0,0,0,6,10
2016,Jon Gray,14916,24,SP,COL,168,29,29,185,59,153,86,0,0,0,0,10,16
2016,Matt Shoemaker,4776,29,SP,LAA,160,27,27,143,30,166,69,0,0,0,0,9,16
2016,Ervin Santana,3200,33,SP,MIN,181.33333333333334,30,30,149,53,168,68,0,0,0,0,7,17
2016,Aaron Sanchez,11490,23,SP,TOR,192,30,30,161,63,161,64,0,0,0,0,15,23
2016,Jake Arrieta,4153,30,SP,CHC,197.33333333333334,31,31,190,76,138,68,0,0,0,0,18,17
2016,Jeremy Hellickson,4371,29,SP,PHI,189,32,32,154,45,173,78,0,0,0,0,12,17
2016,Cole Hamels,4972,32,SP,TEX,200.66666666666666,32,32,200,77,185,74,0,0,0,0,15,22
2016,Marcus Stroman,13431,25,SP,TOR,204,32,32,166,54,209,99,0,0,0,0,9,18
2016,Tanner Roark,8753,29,SP,WSN,210,34,33,172,73,173,66,0,1,1,0,16,22
2016,Robbie Ray,11486,24,SP,ARI,174.33333333333334,32,32,218,71,185,95,0,0,0,0,8,10
2016,Michael Pineda,5372,27,SP,NYY,175.66666666666666,32,32,207,53,184,94,0,0,0,0,6,11
2016,Carlos Martinez,11682,24,SP,STL,195.33333333333334,31,31,174,70,169,66,0,0,0,0,16,20
2016,Michael Fulmer,13218,23,SP,DET,159,26,26,132,42,136,54,0,0,0,0,11,15
2016,Kevin Gausman,14107,25,SP,BAL,179.66666666666666,30,30,174,47,183,72,0,0,0,0,9,18
2016,Kenley Jansen,3096,28,RP,LAD,68.66666666666667,71,0,104,11,35,14,47,0,47,1,3,0
2016,Julio Teheran,6797,25,SP,ATL,188,30,30,167,41,157,67,0,0,0,0,7,16
2016,Jerad Eickhoff,12664,25,SP,PHI,197.33333333333334,33,33,167,42,187,80,0,0,0,0,11,20
2016,Drew Pomeranz,11426,27,SP,2 Tms,170.66666666666666,31,30,186,65,137,63,0,0,0,0,11,16
2016,Andrew Miller,6785,31,RP,2 Tms,74.33333333333333,70,0,123,9,42,12,12,25,37,1,10,0
2016,Chris Archer,6345,27,SP,TBR,201.33333333333334,33,33,233,67,183,90,0,0,0,0,9,19
2016,Jacob deGrom,10954,28,SP,NYM,148,24,24,143,36,142,50,0,0,0,0,7,16
2016,Kenta Maeda,18498,28,SP,LAD,175.66666666666666,32,32,179,50,150,68,0,0,0,0,16,14
2016,Danny Duffy,3542,27,SP,KCR,179.66666666666666,42,26,188,42,163,70,0,1,1,0,12,16
2016,Dellin Betances,6216,28,RP,NYY,73,73,0,126,28,54,25,12,28,40,1,3,0
2016,Steven Wright,8185,31,SP,BOS,156.66666666666666,24,24,127,57,138,58,0,0,0,0,13,15
2016,John Lackey,1507,37,SP,CHC,188.33333333333334,29,29,180,53,146,70,0,0,0,0,11,20
2016,J.A. Happ,7410,33,SP,TOR,195,32,32,163,60,168,69,0,0,0,0,20,21
2016,Yu Darvish,13074,29,SP,TEX,100.33333333333333,17,17,132,31,81,38,0,0,0,0,7,11
2016,Aaron Nola,16149,23,SP,PHI,111,20,20,121,29,116,59,0,0,0,0,6,11
2016,Gio Gonzalez,7448,30,SP,WSN,177.33333333333334,32,32,171,59,179,90,0,0,0,0,11,16
2016,Ricky Nolasco,3830,33,SP,2 Tms,197.66666666666666,32,32,144,44,202,97,0,0,0,0,8,16
2016,Miguel González,7024,32,SP,CHW,135,24,23,95,35,132,56,0,0,0,0,5,15
2016,Adam Wainwright,2233,34,SP,STL,198.66666666666666,33,33,161,59,220,102,0,0,0,0,13,18
2016,Chris Devenski,12763,25,RP,HOU,108.33333333333333,48,5,104,20,79,26,1,5,6,0,4,2
2016,Collin McHugh,7531,29,SP,HOU,184.66666666666666,33,33,177,54,206,89,0,0,0,0,13,16
2016,Marco Estrada,1118,32,SP,TOR,176,29,29,165,65,132,68,0,0,0,0,9,18
2016,Aroldis Chapman,10233,28,RP,2 Tms,58,59,0,90,18,32,10,36,0,36,1,4,0
2016,Carlos Rodón,16137,23,SP,CHW,165,28,28,168,54,176,74,0,0,0,0,9,17
2016,Hisashi Iwakuma,13048,35,SP,SEA,199,33,33,147,46,218,91,0,0,0,0,16,19
2016,CC Sabathia,404,35,SP,NYY,179.66666666666666,30,30,152,65,172,78,0,0,0,0,9,16
2016,Trevor Bauer,12703,25,SP,CLE,190,35,28,168,70,179,90,0,0,0,0,12,16
2016,Seunghwan Oh,18719,33,RP,STL,79.66666666666667,76,0,103,18,55,17,19,14,33,1,6,0
2016,Zach Davies,13183,23,SP,MIL,163.33333333333334,28,28,135,38,166,72,0,0,0,0,11,15
2016,Zack Britton,3240,28,RP,BAL,67,69,0,74,18,38,4,47,0,47,1,2,0
2016,Danny Salazar,5867,26,SP,CLE,137.33333333333334,25,25,161,63,121,59,0,0,0,0,11,10
2016,Steven Matz,13361,25,SP,NYM,132.33333333333334,22,22,129,31,129,50,0,0,0,0,9,14
2016,Gerrit Cole,13125,25,SP,PIT,116,21,21,98,36,131,50,0,0,0,0,7,11
2016,Chris Tillman,5279,28,SP,BAL,172,30,30,140,66,155,72,0,0,0,0,16,16
2016,Mike Leake,10130,28,SP,STL,176.66666666666666,30,30,125,30,203,92,0,0,0,0,9,16
2016,Chad Bettis,10587,27,SP,COL,186,32,32,138,59,204,99,0,0,0,0,14,17
2016,Bartolo Colon,375,43,SP,NYM,191.66666666666666,34,33,128,32,200,73,0,0,0,0,15,19
2016,Carlos Carrasco,6632,29,SP,CLE,146.33333333333334,25,25,150,34,134,54,0,0,0,0,11,14
2016,Addison Reed,10586,27,RP,NYM,77.66666666666667,80,0,91,13,60,17,1,40,41,1,4,0
2016,Dallas Keuchel,9434,28,SP,HOU,168,26,26,144,48,168,85,0,0,0,0,9,16
2016,Tyler Anderson,12880,26,SP,COL,114.33333333333333,19,19,99,28,119,45,0,0,0,0,5,12
2016,Zack Greinke,1943,32,SP,ARI,158.66666666666666,26,26,134,41,161,77,0,0,0,0,13,16
2016,Martín Pérez,6902,25,SP,TEX,198.66666666666666,33,33,103,76,205,97,0,0,0,0,10,19
2016,Junior Guerra,5702,31,SP,MIL,121.66666666666667,20,20,100,43,94,38,0,0,0,0,9,12
2016,Iván Nova,1994,29,SP,2 Tms,162,32,26,127,28,175,75,1,0,1,0,12,10
2016,Vince Velasquez,11189,24,SP,PHI,131,24,24,152,45,129,60,0,0,0,0,8,9
2016,Jeff Samardzija,3254,31,SP,SFG,203.33333333333334,32,32,167,54,190,86,0,0,0,0,12,17
2016,Kyle Barraclough,13713,26,RP,MIA,72.66666666666667,75,0,113,44,45,23,0,29,29,1,6,0
2016,Kelvin Herrera,6033,26,RP,KCR,72,72,0,86,12,57,22,12,26,38,1,2,0
2016,Joe Ross,12972,23,SP,WSN,105,19,19,93,29,108,40,0,0,0,0,7,9
2016,Anthony DeSclafani,13050,26,SP,CIN,123.33333333333333,20,20,105,30,120,45,0,0,0,0,9,14
2016,Jeurys Familia,5114,26,RP,NYM,77.66666666666667,78,0,84,31,63,22,51,0,51,1,3,0
2016,David Phelps,6316,29,RP,MIA,86.66666666666667,64,5,114,38,61,22,4,25,29,1,7,1
2016,Tyler Chatwood,4338,26,SP,COL,158,27,27,117,70,147,68,0,0,0,0,12,14
2016,Matt Moore,1890,27,SP,2 Tms,198.33333333333334,33,33,178,72,184,90,0,0,0,0,13,18
2016,Sean Manaea,15873,24,SP,OAK,144.66666666666666,25,24,124,37,135,62,0,0,0,0,7,12
2016,Archie Bradley,12918,23,SP,ARI,141.66666666666666,26,26,143,67,154,79,0,0,0,0,8,11
2016,Ian Kennedy,6986,31,SP,KCR,195.66666666666666,33,33,184,66,173,80,0,0,0,0,11,15
2016,Edwin Díaz,14710,22,RP,SEA,51.666666666666664,49,0,88,15,45,16,18,13,31,1,0,0
2016,Kendall Graveman,15514,25,SP,OAK,186,31,31,108,47,196,85,0,0,0,0,10,16
2016,Matt Andriese,12022,26,SP,TBR,127.66666666666667,29,19,109,25,131,62,1,4,5,0,8,6
2016,Lance McCullers Jr.,14120,22,SP,HOU,81,14,14,106,45,80,29,0,0,0,0,6,6
2016,Tyler Thornburg,10688,27,RP,MIL,67,67,0,90,25,38,16,13,20,33,1,8,0
2016,Mark Melancon,4264,31,RP,2 Tms,71.33333333333333,75,0,65,12,52,13,47,0,47,1,2,0
2016,Jake Odorizzi,6397,26,SP,TBR,187.66666666666666,33,33,166,54,170,77,0,0,0,0,10,17
2016,Michael Wacha,14078,24,SP,STL,138,27,24,114,45,159,78,0,0,0,0,7,13
2016,Nate Jones,4696,30,RP,CHW,70.66666666666667,71,0,80,15,48,18,3,28,31,1,5,0
2016,Drew Smyly,11760,27,SP,TBR,175.33333333333334,30,30,167,49,174,95,0,0,0,0,7,13
2016,Matt Harvey,11713,27,SP,NYM,92.66666666666667,17,17,76,25,111,50,0,0,0,0,4,7
2016,Jhoulys Chacín,2608,28,SP,2 Tms,144,34,22,119,55,153,77,0,0,0,0,6,7
2016,Wade Miley,8779,29,SP,2 Tms,166,30,30,137,49,187,99,0,0,0,0,9,12
2016,Blake Snell,13543,23,SP,TBR,89,19,19,98,51,93,35,0,0,0,0,6,5
2016,Christian Friedrich,7942,28,SP,SDP,129.33333333333334,24,23,100,52,131,69,0,0,0,0,5,8
2016,Edinson Volquez,3990,32,SP,KCR,189.33333333333334,34,34,139,76,217,113,0,0,0,0,10,14
2016,Will Harris,3192,31,RP,HOU,64,66,0,69,15,52,16,12,28,40,1,1,0
2016,Jameson Taillon,11674,24,SP,PIT,104,18,18,85,17,99,39,0,0,0,0,5,12
2016,Roberto Osuna,13764,21,RP,TOR,74,72,0,82,14,55,22,36,0,36,1,4,0
2016,Ubaldo Jiménez,3374,32,SP,BAL,142.33333333333334,29,25,125,72,150,86,1,0,1,0,8,9
2016,Brad Brach,6627,30,RP,BAL,79,71,0,92,25,57,18,2,24,26,1,10,0
2016,Julio Urías,14765,19,SP,LAD,77,18,15,84,31,81,29,0,0,0,0,5,3
2016,Matt Bush,1246,30,RP,TEX,61.666666666666664,58,0,61,14,44,17,1,22,23,1,7,0
2016,Yordano Ventura,11855,25,SP,KCR,186,32,32,144,78,190,92,0,0,0,0,11,16
2016,Dan Otero,7385,31,RP,CLE,70.66666666666667,62,0,57,10,54,12,1,3,4,0,5,0
2016,Adam Conley,14457,26,SP,MIA,133.33333333333334,25,25,124,62,125,57,0,0,0,0,8,9
2016,Brad Hand,9111,26,RP,SDP,89.33333333333333,82,0,111,36,63,29,1,21,22,1,4,0
2016,Chris Rusin,9895,29,RP,COL,84.33333333333333,29,7,69,23,82,35,0,3,3,0,3,3
2016,Mike Fiers,7754,31,SP,HOU,168.66666666666666,31,30,134,42,187,84,0,0,0,0,11,14
2016,Raisel Iglesias,17130,26,RP,CIN,78.33333333333333,37,5,83,26,63,22,6,7,13,1,3,2
2016,AJ Ramos,8350,29,RP,MIA,64,67,0,73,35,52,20,40,2,42,1,1,0
2016,Nate Karns,12638,28,SP,SEA,94.33333333333333,22,15,101,45,95,54,1,0,1,0,6,5
2016,Jordan Zimmermann,4505,30,SP,DET,105.33333333333333,19,18,66,26,118,57,0,0,0,0,9,8
2016,Mike Foltynewicz,10811,24,SP,ATL,123.33333333333333,22,22,111,35,125,59,0,0,0,0,9,9
2016,Juan Nicasio,7731,29,RP,PIT,118,52,12,138,45,117,59,0,6,6,1,10,4
2016,Wade Davis,7441,30,RP,KCR,43.333333333333336,45,0,47,16,33,9,27,0,27,1,2,0
2016,Ken Giles,12910,25,RP,HOU,65.66666666666667,69,0,102,25,60,30,15,18,33,1,2,0
2016,Liam Hendriks,3548,27,RP,OAK,64.66666666666667,53,0,71,14,69,27,0,10,10,1,0,0
2016,Jim Johnson,3656,33,RP,ATL,64.66666666666667,65,0,68,20,57,22,20,8,28,1,2,0
2016,Brad Ziegler,7293,36,RP,2 Tms,68,69,0,58,26,67,17,22,8,30,1,4,0
2016,Shane Greene,10756,27,RP,DET,60.333333333333336,50,3,59,22,58,39,2,16,18,1,5,1
2016,Alex Reyes,15015,21,RP,STL,46,12,5,52,23,33,8,1,1,2,0,4,3
2016,Kyle Gibson,10123,28,SP,MIN,147.33333333333334,25,25,104,55,175,83,0,0,0,0,6,8
2016,Zach Duke,3840,33,RP,2 Tms,61,81,0,68,29,48,16,2,26,28,1,2,0
2016,Jason Hammel,4538,33,SP,CHC,166.66666666666666,30,30,144,53,148,71,0,0,0,0,15,16
2016,Héctor Neris,11804,27,RP,PHI,80.33333333333333,79,0,102,30,59,23,2,28,30,1,4,0
2016,Robert Gsellman,13696,22,SP,NYM,44.666666666666664,8,7,42,15,42,12,0,0,0,0,4,3
2016,Tyler Duffey,13758,25,SP,MIN,133,26,26,114,32,167,95,0,0,0,0,9,8
2016,Dan Straily,9460,27,SP,CIN,191.33333333333334,34,31,162,73,154,80,0,0,0,0,14,20
2016,Craig Kimbrel,6655,28,RP,BOS,53,57,0,83,30,28,20,31,1,32,1,2,0
2016,Matt Garza,3340,32,SP,MIL,101.66666666666667,19,19,70,36,117,51,0,0,0,0,6,7
2016,Eduardo Rodriguez,13164,23,SP,BOS,107,20,20,100,40,99,56,0,0,0,0,3,8
2016,Mychal Givens,10430,26,RP,BAL,74.66666666666667,66,0,96,36,59,26,0,13,13,1,8,0
2016,Ryan Dull,13974,26,RP,OAK,74.33333333333333,70,0,73,15,50,20,3,15,18,1,5,0
2016,Daniel Norris,13475,23,SP,DET,69.33333333333333,14,13,71,22,75,26,0,0,0,0,4,4
2016,Sam Dyson,11710,28,RP,TEX,70.33333333333333,73,0,55,23,63,19,38,10,48,1,3,0
2016,Justin Wilson,4301,28,RP,DET,58.666666666666664,66,0,65,17,61,27,1,25,26,1,4,0
2016,Luke Gregerson,4090,32,RP,HOU,57.666666666666664,59,0,67,18,38,21,15,15,30,1,4,0
2016,Félix Hernández,4772,30,SP,SEA,153.33333333333334,25,25,122,65,138,65,0,0,0,0,11,13
2016,Tom Koehler,6570,30,SP,MIA,176.66666666666666,33,33,147,83,176,85,0,0,0,0,9,16
2016,Ryan Buchter,9456,29,RP,SDP,63,67,0,78,31,34,20,1,20,21,1,3,0
2016,Derek Holland,4141,29,SP,TEX,107.33333333333333,22,20,67,35,116,59,0,0,0,0,7,10
2016,Shawn Kelley,7773,32,RP,WSN,58,67,0,80,11,41,17,7,13,20,1,3,0
2016,Joe Biagini,13194,26,RP,TOR,67.66666666666667,60,0,62,19,69,23,1,8,9,1,4,0
2016,Matthew Boyd,15440,25,SP,DET,97.33333333333333,20,18,82,29,97,49,0,0,0,0,6,6
2016,Jaime García,8137,29,SP,STL,171.66666666666666,32,30,150,57,179,89,0,0,0,0,10,10
2016,Alex Wood,13781,25,SP,LAD,60.333333333333336,14,10,66,20,56,25,0,0,0,0,1,5
2016,Colby Lewis,1259,36,SP,TEX,116.33333333333333,19,19,73,28,103,48,0,0,0,0,6,13
2016,Alex Colomé,6661,27,RP,TBR,56.666666666666664,57,0,71,15,43,12,37,1,38,1,2,0
2016,David Robertson,8241,31,RP,CHW,62.333333333333336,62,0,75,32,53,24,37,0,37,1,5,0
2016,Steve Cishek,6483,30,RP,SEA,64,62,0,76,21,44,20,25,9,34,1,4,0
2016,Cody Allen,12183,27,RP,CLE,68,67,0,87,27,41,19,32,0,32,1,3,0
2016,Derek Law,13133,25,RP,SFG,55,61,0,50,9,44,13,1,14,15,1,4,0
2016,Ryan Pressly,7005,27,RP,MIN,75.33333333333333,72,0,67,23,79,31,1,13,14,1,6,0
2016,Alex Wilson,9239,29,RP,DET,73,62,0,49,21,68,24,0,14,14,1,4,0
2016,Cam Bedrosian,13360,24,RP,LAA,40.333333333333336,45,0,51,14,30,5,1,7,8,0,2,0
2016,Josh Tomlin,9388,31,SP,CLE,174,30,29,118,20,187,85,0,0,0,0,13,17
2016,Dylan Bundy,12917,23,RP,BAL,109.66666666666667,36,14,104,42,109,49,0,3,3,0,10,3
2016,Ross Stripling,13273,26,SP,LAD,100,22,14,74,30,96,44,0,0,0,0,5,4
2016,Mike Montgomery,4869,26,RP,2 Tms,100,49,7,92,38,79,28,0,5,5,0,4,2
2016,Aníbal Sánchez,3284,32,SP,DET,153.33333333333334,35,26,135,53,171,100,0,0,0,0,7,6
2016,Scott Kazmir,4897,32,SP,LAD,136.33333333333334,26,26,134,52,133,69,0,0,0,0,10,9
2016,Chad Kuhl,14975,23,SP,PIT,70.66666666666667,14,14,53,20,73,33,0,0,0,0,5,8
2016,Andrew Triggs,13533,27,RP,OAK,56.333333333333336,24,6,55,13,56,27,0,0,0,0,1,2
2016,Wei-Yin Chen,13071,30,SP,MIA,123.33333333333333,22,22,100,24,134,68,0,0,0,0,5,9
2016,Dan Jennings,8073,29,RP,CHW,60.666666666666664,64,0,46,28,57,14,1,10,11,1,4,0
2016,Tony Barnette,3555,32,RP,TEX,60.333333333333336,53,0,49,16,54,14,0,15,15,1,7,0
2016,Ian Krol,10066,25,RP,ATL,51,63,0,56,13,54,18,0,10,10,1,2,0
2016,Sonny Gray,12768,26,SP,OAK,117,22,22,94,42,133,74,0,0,0,0,5,10
2016,Xavier Cedeño,36,29,RP,TBR,41.333333333333336,54,0,43,13,36,17,0,19,19,1,3,0
2016,Jeremy Jeffress,9490,28,RP,2 Tms,58,59,0,42,18,55,15,27,6,33,1,3,0
2016,Alex Claudio,12890,24,RP,TEX,51.666666666666664,39,0,34,10,55,16,0,2,2,0,4,0
2016,Matt Strahm,13799,24,RP,KCR,22,21,0,30,11,13,3,0,6,6,0,2,0
2016,Jose Alvarez,5358,27,RP,LAA,57.333333333333336,64,0,51,15,71,22,0,11,11,1,1,0
2016,Jake Diekman,5003,29,RP,TEX,53,66,0,59,26,36,20,4,26,30,1,4,0
2016,R.A. Dickey,1245,41,SP,TOR,169.66666666666666,30,29,126,63,169,84,0,0,0,0,10,13
2016,Hansel Robles,11801,25,RP,NYM,77.66666666666667,68,0,85,36,69,30,1,13,14,1,6,0
2016,Boone Logan,5525,31,RP,COL,46.333333333333336,66,0,57,20,27,19,1,27,28,1,2,0
2016,Brandon Maurer,4878,25,RP,SDP,69.66666666666667,71,0,72,23,65,35,13,13,26,1,0,0
2016,Felipe Vázquez,12076,24,RP,2 Tms,77,75,0,92,33,66,35,1,26,27,1,1,0
2016,Doug Fister,9425,32,SP,HOU,180.33333333333334,32,32,115,62,195,93,0,0,0,0,12,16
2016,Héctor Santiago,4026,28,SP,2 Tms,182,33,33,144,79,169,95,0,0,0,0,13,13
2016,Garrett Richards,9784,28,SP,LAA,34.666666666666664,6,6,34,15,31,9,0,0,0,0,1,4
2016,Daniel Mengden,16980,23,SP,OAK,72,14,14,71,33,83,52,0,0,0,0,2,4
2016,Sammy Solís,11457,27,RP,WSN,41,37,0,47,21,31,11,0,9,9,0,2,0
2016,Robbie Ross Jr.,6819,27,RP,BOS,55.333333333333336,54,0,56,23,46,20,0,8,8,0,3,0
2016,Tyler Skaggs,10190,24,SP,LAA,49.666666666666664,10,10,50,23,51,23,0,0,0,0,3,4
2016,Joe Blanton,4849,35,RP,LAD,80,75,0,80,26,55,22,0,28,28,1,7,0
2016,Pedro Strop,4070,31,RP,CHC,47.333333333333336,54,0,60,15,27,15,0,21,21,1,2,0
2016,Taijuan Walker,11836,23,SP,SEA,134.33333333333334,25,25,119,37,129,63,0,0,0,0,8,9
2016,Nathan Eovaldi,9132,26,SP,NYY,124.66666666666667,24,21,97,40,123,66,0,0,0,0,9,8
2016,Daniel Hudson,7146,29,RP,ARI,60.333333333333336,70,0,58,22,65,35,5,17,22,1,3,0
2016,Adam Liberatore,10637,29,RP,LAD,42.666666666666664,58,0,47,17,34,16,0,13,13,1,2,0
2016,Jharel Cotton,13654,24,SP,OAK,29.333333333333332,5,5,23,4,20,7,0,0,0,0,2,3
2016,Matt Belisle,1837,36,RP,WSN,46,40,0,32,7,43,9,0,4,4,0,0,0
2016,Francisco Rodríguez,1642,34,RP,DET,58.333333333333336,61,0,52,21,45,21,44,0,44,1,3,0
2016,Joe Musgrove,12970,23,SP,HOU,62,11,10,55,16,59,28,0,0,0,0,4,5
2016,Taylor Rogers,13449,25,RP,MIN,61.333333333333336,57,0,64,16,63,27,0,9,9,1,3,0
2016,Jake Peavy,1051,35,SP,SFG,118.66666666666667,31,21,102,36,134,73,0,0,0,0,5,8
2016,Wily Peralta,7738,27,SP,MIL,127.66666666666667,23,23,93,43,152,69,0,0,0,0,7,9
2016,Patrick Corbin,9323,26,SP,ARI,155.66666666666666,36,24,131,66,177,89,1,2,3,0,5,8
2016,Matt Bowman,13528,25,RP,STL,67.66666666666667,59,0,52,20,59,26,0,13,13,1,2,0
2016,Will Smith,8048,26,RP,2 Tms,40.333333333333336,53,0,48,18,31,15,0,23,23,1,2,0
2016,Brandon Finnegan,16208,23,SP,CIN,172,31,31,145,84,150,76,0,0,0,0,10,15
2016,Michael Feliz,11903,23,RP,HOU,65,47,0,95,22,55,32,0,5,5,0,8,0
2016,Hunter Strickland,7836,27,RP,SFG,61,72,0,57,19,50,21,3,18,21,1,3,0
2016,Mauricio Cabrera,12975,22,RP,ATL,38.333333333333336,41,0,32,19,31,12,6,8,14,1,5,0
2016,Tyler Clippard,5640,31,RP,2 Tms,63,69,0,72,26,54,25,3,25,28,1,4,0
2016,Bud Norris,9492,31,SP,2 Tms,113,35,19,102,49,116,64,0,1,1,0,6,5
2016,Yovani Gallardo,8173,30,SP,BAL,118,23,23,85,61,126,71,0,0,0,0,6,8
2016,Justin Nicolino,11754,24,SP,MIA,79.33333333333333,18,13,37,20,96,44,0,0,0,0,3,3
2016,Luis Severino,15890,22,SP,NYY,71,22,11,66,25,78,46,0,1,1,1,3,2
2016,Adam Morgan,12580,26,SP,PHI,113.33333333333333,23,21,95,29,141,76,0,0,0,0,2,8
2016,Shelby Miller,10197,25,SP,ARI,101,20,20,70,42,127,69,0,0,0,0,3,4
2016,Brandon Kintzler,9939,31,RP,MIN,54.333333333333336,54,0,35,8,59,19,17,1,18,1,0,0
2016,Buddy Boshers,8490,28,RP,MIN,36,37,0,37,7,35,17,0,2,2,0,2,0
2016,Brandon McCarthy,4662,32,SP,LAD,40,10,9,44,26,29,22,0,0,0,0,2,2
2016,Kyle Ryan,11753,24,RP,DET,55.666666666666664,56,0,35,15,48,19,0,4,4,0,4,0
2016,Colin Rea,12317,25,SP,2 Tms,102.66666666666667,20,19,80,44,102,55,0,0,0,0,5,7
2016,Adam Ottavino,1247,30,RP,COL,27,34,0,35,7,18,8,7,4,11,1,1,0
2016,Carlos Torres,7624,33,RP,MIL,82.33333333333333,72,0,78,30,65,25,2,20,22,1,3,0
2016,Jerry Blevins,7841,32,RP,NYM,42,73,0,52,15,36,13,2,16,18,1,4,0
2016,Alec Asher,13560,24,SP,PHI,27.666666666666668,5,5,13,4,22,7,0,0,0,0,2,3
2016,Mike Morin,13442,25,RP,LAA,55.666666666666664,60,0,49,15,52,27,0,12,12,1,2,0
2016,Sean Doolittle,1581,29,RP,OAK,39,44,0,45,8,33,14,4,10,14,1,2,0
2016,Homer Bailey,8362,30,SP,CIN,23,6,6,27,7,35,17,0,0,0,0,2,1
2016,Héctor Rondón,2391,28,RP,CHC,51,54,0,58,8,42,20,18,7,25,1,2,0
2016,Koji Uehara,9227,41,RP,BOS,47,50,0,63,11,34,18,7,18,25,1,2,0
2016,A.J. Schugel,11432,27,RP,PIT,52,36,0,46,13,41,21,1,3,4,0,2,0
2016,Mike Pelfrey,5203,32,SP,DET,119,24,22,56,46,160,67,0,0,0,0,4,5
2016,Carl Edwards Jr.,13607,24,RP,CHC,36,36,0,52,14,15,15,2,6,8,0,0,0
2016,Reynaldo López,16400,22,SP,WSN,44,11,6,42,22,47,24,0,1,1,0,5,2
2016,Tommy Hunter,1157,29,RP,2 Tms,34,33,0,23,8,35,12,0,1,1,0,2,0
2016,Jimmy Nelson,10547,27,SP,MIL,179.33333333333334,32,32,140,86,186,92,0,0,0,0,8,13
2016,Jeanmar Gómez,9033,28,RP,PHI,68.66666666666667,70,0,47,22,78,37,37,1,38,1,3,0
2016,Joaquín Benoit,1437,38,RP,2 Tms,48,51,0,52,24,37,15,1,18,19,1,3,0
2016,Jacob Barnes,12323,26,RP,MIL,26.666666666666668,27,0,26,6,24,8,1,0,1,0,0,0
2016,Chaz Roe,9866,29,RP,2 Tms,29.666666666666668,30,0,37,14,22,12,0,3,3,0,2,0
2016,Michael Lorenzen,14843,24,RP,CIN,50,35,0,48,13,41,16,0,10,10,1,2,0
2016,Rubby De La Rosa,3862,27,SP,ARI,50.666666666666664,13,10,54,20,43,24,0,0,0,0,4,4
2016,Justin Grimm,11720,27,RP,CHC,52.666666666666664,68,0,65,23,47,24,0,10,10,1,2,0
2016,Edubray Ramos,16086,23,RP,PHI,40,42,0,40,11,36,17,0,15,15,1,1,0
2016,Blake Treinen,12572,28,RP,WSN,67,73,0,63,31,51,17,1,22,23,1,4,0
2016,Cory Gearrin,7947,30,RP,SFG,48.333333333333336,56,0,45,14,42,23,3,15,18,1,3,0
2016,Matt Wisler,12804,23,SP,ATL,156.66666666666666,27,26,115,49,159,87,1,0,1,0,7,15
2016,Blake Wood,1345,30,RP,CIN,76.66666666666667,70,0,81,38,72,34,1,15,16,1,6,0
2016,Marc Rzepczynski,6612,30,RP,2 Tms,47.666666666666664,70,0,46,29,46,14,0,11,11,1,1,0
2016,Pat Neshek,4682,35,RP,HOU,47,60,0,43,11,33,16,0,18,18,1,2,0
2016,Fernando Rodriguez Jr.,7558,32,RP,OAK,40.666666666666664,34,0,37,17,30,19,0,5,5,0,2,0
2016,Lucas Harrell,7541,31,SP,2 Tms,47,9,9,36,25,46,22,0,0,0,0,3,4
2016,Clayton Richard,3551,32,RP,2 Tms,67.66666666666667,36,9,41,31,81,25,1,1,2,0,3,5
2016,Ryan Madson,1852,35,RP,OAK,64.66666666666667,63,0,49,20,63,26,30,3,33,1,6,0
2016,Matt Barnes,12863,26,RP,BOS,66.66666666666667,62,0,71,31,62,30,1,16,17,1,4,0
2016,Francisco Liriano,3201,32,SP,2 Tms,163,31,29,168,85,157,85,0,0,0,0,8,13
2016,Luke Weaver,16918,22,SP,STL,36.333333333333336,9,8,45,12,46,23,0,0,0,0,1,3
2016,Severino González,14697,23,RP,PHI,35.333333333333336,27,0,34,7,40,22,0,1,1,0,1,0
2016,Joe Kelly,9761,28,RP,BOS,40,20,6,48,24,44,23,0,2,2,0,4,1
2016,Jhan Mariñez,5830,27,RP,2 Tms,62.333333333333336,46,0,50,21,62,22,0,5,5,0,0,0
2016,Clay Buchholz,3543,31,SP,BOS,139.33333333333334,37,21,93,55,130,74,0,2,2,0,8,9
2016,Andrew Chafin,12988,26,RP,ARI,22.666666666666668,32,0,28,11,22,17,0,6,6,0,0,0
2016,Grant Dayton,11203,28,RP,LAD,26.333333333333332,25,0,39,6,14,6,0,6,6,0,0,0
2016,Tyler Wilson,12691,26,SP,BAL,94,24,13,55,24,110,55,0,0,0,0,4,6
2016,Chase Anderson,6895,28,SP,MIL,151.66666666666666,31,30,120,53,155,74,0,0,0,0,9,6
2016,Josh Fields,5070,30,RP,2 Tms,35,37,0,42,11,43,18,0,2,2,0,1,0
2016,Zach Putnam,9080,28,RP,CHW,27.333333333333332,25,0,30,11,25,7,0,2,2,0,1,0
2016,Bruce Rondón,5766,25,RP,DET,36.333333333333336,37,0,45,12,23,12,0,6,6,0,5,0
2016,Deolis Guerra,8410,27,RP,LAA,53.333333333333336,44,0,36,7,52,19,0,5,5,0,3,0
2016,Brett Cecil,2660,29,RP,TOR,36.666666666666664,54,0,45,8,39,16,0,9,9,1,1,0
2016,Fernando Rodney,494,39,RP,2 Tms,65.33333333333333,67,0,74,37,54,25,25,8,33,1,2,0
2016,Trevor May,6398,26,RP,MIN,42.666666666666664,44,0,60,17,39,25,0,6,6,0,2,0
2016,Andrew Cashner,8782,29,SP,2 Tms,132,28,27,112,60,142,77,0,0,0,0,5,10
2016,Bryan Mitchell,11479,25,SP,NYY,25,5,5,11,12,26,9,0,0,0,0,1,2
2016,Corey Knebel,15010,24,RP,MIL,32.666666666666664,35,0,38,16,32,17,2,13,15,1,1,0
2016,Bryan Shaw,8110,28,RP,CLE,66.66666666666667,75,0,69,28,56,24,1,25,26,1,2,0
2016,Carlos Estévez,14542,23,RP,COL,55,63,0,59,28,50,32,11,11,22,1,3,0
2016,Zach McAllister,2895,28,RP,CLE,52.333333333333336,53,2,54,23,53,20,0,7,7,1,3,0
2016,Jorge De La Rosa,2047,35,SP,COL,134,27,24,108,63,157,82,0,0,0,0,8,10
2016,John Lamb,8493,25,SP,CIN,70,14,14,58,31,84,50,0,0,0,0,1,5
2016,Heath Hembree,11632,27,RP,BOS,51,38,0,47,17,51,15,0,5,5,0,4,0
2016,Nick Vincent,7555,29,RP,SEA,60.333333333333336,60,0,65,15,53,25,3,17,20,1,4,0
2016,Phil Hughes,7450,30,SP,MIN,59,12,11,34,13,76,39,0,0,0,0,1,6
2016,Jonathan Papelbon,5975,35,RP,WSN,35,37,0,31,14,37,17,19,1,20,1,2,0
2016,Fernando Abad,4994,30,RP,2 Tms,46.666666666666664,57,0,41,22,40,19,1,8,9,0,1,0
2016,Pedro Báez,5420,28,RP,LAD,74,73,0,83,22,52,25,0,23,23,1,3,0
2016,John Axford,9059,33,RP,OAK,65.66666666666667,68,0,60,30,65,29,3,15,18,1,6,0
2016,A.J. Cole,11467,24,SP,WSN,38.333333333333336,8,8,39,14,37,22,0,0,0,0,1,1
2016,Richard Bleier,7803,29,RP,NYY,23,23,0,13,4,20,5,0,2,2,1,0,0
2016,Nick Wittgren,15594,25,RP,MIA,51.666666666666664,48,0,42,10,50,18,0,6,6,0,4,0
2016,Blaine Boyer,2237,34,RP,MIL,66,61,0,26,17,80,29,1,5,6,0,2,0
2016,Kirby Yates,9073,29,RP,NYY,41.333333333333336,41,0,50,19,41,24,0,2,2,1,2,0
2016,Mike Dunn,9948,31,RP,MIA,42.333333333333336,51,0,38,11,43,16,0,8,8,1,6,0
2016,Ross Detwiler,2859,30,RP,2 Tms,48.666666666666664,16,7,26,19,59,33,0,0,0,0,2,2
2016,Jake Barrett,13322,24,RP,ARI,59.333333333333336,68,0,56,28,47,23,4,8,12,1,1,0
2016,Michael Ynoa,14093,24,RP,CHW,30,23,0,30,17,20,10,0,1,1,0,1,0
2016,Randall Delgado,5985,26,RP,ARI,75,79,0,68,36,77,37,0,7,7,0,5,0
2016,Danny Coulombe,13293,26,RP,OAK,47.666666666666664,35,0,54,17,37,24,0,2,2,0,3,0
2016,JT Chargois,13767,25,RP,MIN,23,25,0,17,12,25,12,0,2,2,0,1,0
2016,Zach Neal,11294,27,RP,OAK,70,24,6,27,6,72,33,2,0,2,0,2,2
2016,Alex Meyer,12833,26,SP,2 Tms,25.333333333333332,7,6,29,17,25,16,0,0,0,0,1,0
2016,Brian Flynn,12027,26,RP,KCR,55.333333333333336,36,1,44,23,38,16,0,2,2,0,1,0
2016,Arodys Vizcaíno,5498,25,RP,ATL,38.666666666666664,43,0,50,26,37,19,10,0,10,1,1,0
2016,David Hernandez,4259,31,RP,PHI,72.66666666666667,70,0,80,32,77,31,1,15,16,1,3,0
2016,Brian Ellington,17233,25,RP,MIA,33,32,0,32,16,27,9,0,3,3,0,4,0
2016,Jeff Locke,2929,28,SP,PIT,127.33333333333333,30,19,73,44,151,77,0,0,0,0,9,9
2016,Luke Hochevar,6943,32,RP,KCR,37.333333333333336,40,0,40,9,31,16,0,14,14,1,2,0
2016,J.P. Howell,8245,33,RP,LAD,50.666666666666664,64,0,44,15,56,23,0,2,2,0,1,0
2016,Michael Tonkin,10315,26,RP,MIN,71.66666666666667,65,0,80,24,80,40,0,2,2,0,3,0
2016,Seth Lugo,12447,26,RP,NYM,64,17,8,45,21,49,19,0,0,0,0,5,4
2016,José Ureña,11589,24,RP,MIA,83.66666666666667,28,12,58,29,91,57,1,1,2,0,4,4
2016,Scott Feldman,6283,33,RP,2 Tms,77,40,5,56,19,87,34,0,0,0,0,7,1
2016,Mike Clevinger,12808,25,SP,CLE,53,17,10,50,29,50,31,0,0,0,0,3,0
2016,Rob Scahill,9286,29,RP,2 Tms,34.666666666666664,31,0,27,9,34,13,0,2,2,0,0,0
2016,Germán Márquez,15038,21,RP,COL,20.666666666666668,6,3,15,6,28,12,0,0,0,0,1,1
2016,Casey Kelly,9174,26,RP,ATL,21.666666666666668,10,1,7,7,30,14,0,0,0,0,0,0
2016,Tommy Layne,7501,31,RP,2 Tms,44.666666666666664,63,0,38,21,37,18,1,12,13,1,2,0
2016,Peter Moylan,4891,37,RP,KCR,44.666666666666664,50,0,34,16,42,17,0,7,7,0,2,0
2016,Trevor Rosenthal,10745,26,RP,STL,40.333333333333336,45,0,56,29,48,20,14,0,14,1,2,0
2016,Brent Suter,13942,26,RP,MIL,21.666666666666668,14,2,15,5,25,8,0,2,2,0,2,0
2016,Gavin Floyd,3886,33,RP,TOR,31,28,0,30,8,23,14,0,6,6,1,2,0
2016,Luis Perdomo,14682,23,SP,SDP,146.66666666666666,35,20,105,46,187,93,0,0,0,0,9,10
2016,Jordan Lyles,7593,25,RP,COL,58.666666666666664,40,5,32,28,69,38,1,3,4,0,4,1
2016,Mike Wright Jr.,12586,26,SP,BAL,74.66666666666667,18,12,50,26,81,48,0,0,0,0,3,4
2016,John Gant,13684,23,RP,ATL,50,20,7,49,21,54,27,0,0,0,0,1,1
2016,A.J. Griffin,11132,28,SP,TEX,119,23,23,107,46,116,67,0,0,0,0,7,6
2016,Nick Tropeano,12385,25,SP,LAA,68.33333333333333,13,13,68,31,70,27,0,0,0,0,3,3
2016,Cody Anderson,12799,25,RP,CLE,60.666666666666664,19,9,54,13,85,45,0,0,0,0,2,2
2016,Joakim Soria,6941,32,RP,KCR,66.66666666666667,70,0,68,27,70,30,1,20,21,1,5,0
2016,Chris Smith,4544,35,RP,OAK,24.666666666666668,13,0,29,13,14,8,0,0,0,0,0,0
2016,Wade LeBlanc,5221,31,RP,2 Tms,62,19,8,51,11,59,26,2,1,3,0,4,5
2016,Junichi Tazawa,4079,30,RP,BOS,49.666666666666664,53,0,54,14,47,23,0,16,16,1,3,0
2016,George Kontos,9486,31,RP,SFG,53.333333333333336,57,0,35,20,42,15,0,9,9,0,3,0
2016,Mat Latos,3815,28,SP,2 Tms,70,17,12,42,30,74,38,0,0,0,0,7,5
2016,Tyler Glasnow,14374,22,RP,PIT,23.333333333333332,7,4,24,13,22,11,0,0,0,0,0,0
2016,Blaine Hardy,6499,29,RP,DET,25.666666666666668,21,0,20,12,25,10,0,0,0,0,1,0
2016,Oliver Pérez,1514,34,RP,WSN,40,64,0,46,20,38,22,0,15,15,1,2,0
2016,Sean O'Sullivan,9137,28,RP,BOS,21.333333333333332,5,4,13,6,30,16,0,0,0,0,2,0
2016,Sergio Romo,9817,33,RP,SFG,30.666666666666668,40,0,33,7,26,9,4,14,18,1,1,0
2016,José Ramírez,10171,26,RP,ATL,32.666666666666664,33,0,33,18,26,13,0,3,3,0,2,0
2016,Tim Adleman,10968,28,SP,CIN,69.66666666666667,13,13,47,20,64,31,0,0,0,0,4,5
2016,Dario Alvarez,14239,27,RP,2 Tms,26.666666666666668,26,0,41,7,28,15,0,1,1,0,3,0
2016,Ryan O'Rourke,10976,28,RP,MIN,25,26,0,24,10,18,11,0,0,0,0,0,0
2016,Fernando Salas,4971,31,RP,2 Tms,73.66666666666667,75,0,64,19,63,32,6,20,26,1,3,0
2016,Jarred Cosart,10304,26,SP,2 Tms,57,13,13,38,39,61,38,0,0,0,0,0,1
2016,Ryan Vogelsong,1011,38,SP,PIT,82.33333333333333,24,14,61,40,81,44,0,1,1,0,3,3
2016,Jered Weaver,4235,33,SP,LAA,178,31,31,103,51,209,100,0,0,0,0,12,13
2016,Tony Cingrani,12555,26,RP,CIN,63,65,0,49,37,54,29,17,8,25,1,2,0
2016,Joba Chamberlain,2692,30,RP,CLE,20,20,0,18,11,12,5,0,0,0,0,0,0
2016,Williams Pérez,11592,25,SP,ATL,53.666666666666664,11,11,27,15,57,36,0,0,0,0,2,3
2016,Santiago Casilla,2873,35,RP,SFG,58,62,0,65,19,50,23,31,3,34,1,2,0
2016,Seth Maness,12235,27,RP,STL,31.666666666666668,29,0,16,8,34,12,0,1,1,0,2,0
2016,Hunter Cervenka,10510,26,RP,2 Tms,43.333333333333336,68,0,42,28,31,17,0,11,11,1,1,0
2016,Enrique Burgos,3895,25,RP,ARI,41.333333333333336,43,0,43,23,38,26,1,7,8,1,1,0
2016,Pat Dean,11350,27,RP,MIN,67.33333333333333,19,9,50,23,88,47,0,0,0,0,1,3
2016,Ryan Garton,14016,26,RP,TBR,39.333333333333336,37,0,33,11,44,19,1,2,3,0,1,0
2016,Aríel Miranda,17526,27,SP,2 Tms,58,12,10,44,18,47,25,0,0,0,0,5,4
2016,Darren O'Day,3321,33,RP,BAL,31,34,0,38,13,25,13,3,10,13,1,3,0
2016,Vidal Nuño,9674,28,RP,SEA,58.666666666666664,55,1,51,11,67,23,0,12,12,1,1,0
2016,César Vargas,14099,24,SP,SDP,34,7,7,28,15,41,19,0,0,0,0,0,2
2016,Jonathan Broxton,4759,32,RP,STL,60.666666666666664,66,0,57,24,52,29,0,12,12,1,4,0
2016,Drew Storen,6983,28,RP,2 Tms,51.666666666666664,57,0,48,13,56,30,3,10,13,1,4,0
2016,Vance Worley,6435,28,RP,BAL,86.66666666666667,35,4,56,35,84,34,1,0,1,0,2,1
2016,Justin Miller,8580,29,RP,COL,42.666666666666664,40,0,45,20,50,27,0,1,1,0,1,0
2016,Kris Medlen,9417,30,SP,KCR,24.333333333333332,6,6,18,20,30,21,0,0,0,0,1,1
2016,Steven Brault,15291,24,SP,PIT,33.333333333333336,8,7,29,17,45,18,0,0,0,0,0,1
2016,Zach Eflin,13774,22,SP,PHI,63.333333333333336,11,11,31,17,67,39,0,0,0,0,3,6
2016,Kevin Siegrist,8180,26,RP,STL,61.666666666666664,67,0,66,26,42,19,3,17,20,1,6,0
2016,Zack Godley,14862,26,RP,ARI,74.66666666666667,27,9,60,25,86,53,0,0,0,0,5,3
2016,Dustin McGowan,8600,34,RP,MIA,67,55,0,63,33,49,21,1,3,4,0,1,0
2016,Scott Oberg,13911,26,RP,COL,26,24,0,20,11,26,15,1,1,2,0,1,0
2016,Rob Whalen,14165,22,SP,ATL,24.666666666666668,5,5,25,12,20,18,0,0,0,0,1,2
2016,Keone Kela,14696,23,RP,TEX,34,35,0,45,17,30,23,0,15,15,1,5,0
2016,Andrew Bailey,1368,32,RP,2 Tms,43.666666666666664,45,0,41,17,41,26,6,4,10,1,3,0
2016,Tyler Cravy,10770,26,RP,MIL,28.333333333333332,20,2,22,12,21,9,0,0,0,0,0,0
2016,Chad Green,15552,25,SP,NYY,45.666666666666664,12,8,52,15,49,24,1,0,1,1,2,3
2016,Luis Cessa,13345,24,SP,NYY,70.33333333333333,17,9,46,14,64,34,0,0,0,0,4,5
2016,Dean Kiekhefer,10529,27,RP,STL,22,26,0,14,7,24,13,0,2,2,0,0,0
2016,Chris Bassitt,12304,27,SP,OAK,28,5,5,23,14,35,19,0,0,0,0,0,2
2016,Jason Grilli,521,39,RP,2 Tms,59,67,0,81,32,44,27,4,23,27,1,7,0
2016,Albert Suárez,6175,26,SP,SFG,84,22,12,54,26,84,40,0,1,1,0,3,2
2016,Travis Wood,9884,29,RP,CHC,61,77,0,47,24,45,20,0,12,12,1,4,0
2016,Tommy Kahnle,11384,26,RP,CHW,27.333333333333332,29,0,25,20,21,8,1,4,5,0,0,0
2016,Daniel Wright,15179,25,SP,2 Tms,39.666666666666664,9,7,21,8,57,27,0,0,0,0,1,2
2016,Chad Qualls,2170,37,RP,COL,32.666666666666664,44,0,22,9,43,19,0,4,4,0,2,0
2016,Eddie Butler,13453,25,SP,COL,64,17,9,47,21,87,51,0,0,0,0,2,3
2016,Brad Peacock,5401,28,SP,HOU,31.666666666666668,10,5,28,14,21,13,0,0,0,0,0,1
2016,Erik Goeddel,11712,27,RP,NYM,35.666666666666664,36,0,36,14,33,18,0,2,2,0,2,0
2016,Alexi Ogando,10261,32,RP,ATL,32,36,0,29,23,32,14,0,3,3,0,2,0
2016,Eric O'Flaherty,5746,31,RP,ATL,28.666666666666668,39,0,22,11,39,22,0,3,3,0,1,0
2016,Drew Hutchison,10732,25,RP,2 Tms,24,9,3,22,7,28,14,0,0,0,0,1,1
2016,Tyler Lyons,11334,28,RP,STL,48,30,0,46,14,35,18,0,4,4,0,2,0
2016,Tony Watson,3132,31,RP,PIT,67.66666666666667,70,0,58,20,52,23,15,23,38,1,2,0
2016,Josh Collmenter,7312,30,RP,2 Tms,41.333333333333336,18,3,33,16,36,17,0,0,0,0,3,2
2016,Leonel Campos,12277,28,RP,SDP,22,18,0,24,14,18,14,0,0,0,0,1,0
2016,Caleb Cotham,10075,28,RP,CIN,24.333333333333332,23,0,21,12,32,20,0,3,3,0,0,0
2016,Louis Coleman,9720,30,RP,LAD,48,61,0,45,24,45,25,0,10,10,1,2,0
2016,Kyle Lobstein,9178,26,RP,PIT,25,14,0,15,12,25,11,0,0,0,0,2,0
2016,Neftalí Feliz,18,28,RP,PIT,53.666666666666664,62,0,61,21,40,21,2,29,31,1,4,0
2016,Chien-Ming Wang,2074,36,RP,KCR,53.333333333333336,38,0,30,18,60,25,0,0,0,0,6,0
2016,Buck Farmer,14814,25,RP,DET,29.333333333333332,14,1,27,20,25,15,0,0,0,0,0,0
2016,John Danks,6329,31,RP,CHW,22.333333333333332,4,4,16,11,28,18,0,0,0,0,0,1
2016,Trevor Cahill,6249,28,RP,CHC,65.66666666666667,50,1,66,35,49,20,0,4,4,0,4,0
2016,Odrisamer Despaigne,16017,29,RP,2 Tms,30.333333333333332,19,0,17,16,36,20,0,1,1,0,0,0
2016,Tommy Milone,7608,29,SP,MIN,69.33333333333333,19,12,49,22,84,44,0,1,1,0,3,2
2016,Alex Cobb,6562,28,SP,TBR,22,5,5,16,7,32,21,0,0,0,0,1,2
2016,JC Ramírez,8302,27,RP,2 Tms,78.66666666666667,70,0,59,22,77,38,2,13,15,1,3,0
2016,Nick Goody,13685,24,RP,NYY,29,27,0,34,12,30,15,0,0,0,0,0,0
2016,Elvis Araujo,12854,24,RP,PHI,27.333333333333332,32,0,29,17,35,17,0,4,4,0,2,0
2016,Jesse Hahn,13287,26,SP,OAK,46.333333333333336,9,9,23,19,57,31,0,0,0,0,2,4
2016,Matt Cain,4732,31,SP,SFG,89.33333333333333,21,17,72,32,103,56,0,0,0,0,4,4
2016,Colton Murray,12264,26,RP,PHI,31.666666666666668,24,0,31,13,34,22,0,1,1,0,1,0
2016,Keith Hessler,12220,27,RP,2 Tms,21.666666666666668,17,0,11,13,24,10,0,1,1,0,1,0
2016,Yusmeiro Petit,4020,31,RP,WSN,62,36,1,49,15,67,31,1,1,2,0,3,1
2016,Cody Martin,12182,26,RP,SEA,25.666666666666668,9,2,15,9,28,11,0,0,0,0,1,0
2016,James Hoyt,14605,29,RP,HOU,22,22,0,28,9,16,11,0,1,1,0,1,0
2016,Spencer Patton,12361,28,RP,CHC,21.333333333333332,16,0,22,14,20,13,0,1,1,0,1,0
2016,Jim Henderson,6653,33,RP,NYM,35,44,0,40,14,35,17,0,11,11,1,2,0
2016,Paul Clemens,8037,28,SP,2 Tms,71.33333333333333,18,14,53,31,72,32,0,0,0,0,4,1
2016,Antonio Bastardo,8844,30,RP,2 Tms,67.66666666666667,69,0,74,32,60,34,0,15,15,1,3,0
2016,Joel De La Cruz,12825,27,RP,ATL,62.666666666666664,22,9,37,22,65,34,0,0,0,0,0,1
2016,Enny Romero,4001,25,RP,TBR,45.666666666666664,52,0,50,28,42,30,1,6,7,0,2,0
2016,Jesse Chavez,5448,32,RP,2 Tms,67,62,0,63,18,71,33,0,10,10,1,2,0
2016,Chris Beck,13418,25,RP,CHW,25.333333333333332,25,0,20,17,31,18,0,5,5,0,2,0
2016,Brock Stewart,16727,24,SP,LAD,28,7,5,25,12,33,18,0,0,0,0,2,0
2016,Mike Bolsinger,11137,28,SP,LAD,27.666666666666668,6,6,25,9,33,21,0,0,0,0,1,0
2016,Kevin Quackenbush,12360,27,RP,SDP,59.666666666666664,60,0,42,22,55,26,2,9,11,1,7,0
2016,Taylor Jungmann,13119,26,SP,MIL,26.666666666666668,8,6,18,17,30,23,0,0,0,0,0,0
2016,Gonzalez Germen,5876,28,RP,COL,40.666666666666664,40,0,32,25,41,24,1,0,1,0,2,0
2016,Jumbo Diaz,3397,32,RP,CIN,43,45,0,37,19,36,15,0,4,4,0,1,0
2016,Edwin Jackson,1841,32,SP,2 Tms,84,21,13,61,41,92,55,0,0,0,0,5,7
2016,Dillon Gee,7396,30,RP,KCR,125,33,14,89,37,146,65,0,0,0,0,8,4
2016,Pat Venditte,7108,31,RP,2 Tms,22,15,0,19,11,24,14,0,1,1,0,0,0
2016,Ryan Weber,10160,25,RP,ATL,36.333333333333336,16,2,23,5,46,22,0,0,0,0,1,0
2016,Christian Bergman,10925,28,RP,COL,24.666666666666668,15,1,22,6,39,23,0,0,0,0,1,0
2016,Shawn Tolleson,10481,28,RP,TEX,36.333333333333336,37,0,29,10,53,31,11,1,12,1,2,0
2016,Keyvius Sampson,10039,25,RP,CIN,39.333333333333336,18,2,42,27,40,19,0,0,0,0,0,0
2016,Jeff Hoffman,17432,23,SP,COL,31.333333333333332,8,6,22,17,37,17,0,0,0,0,0,1
2016,T.J. McFarland,3237,27,RP,BAL,24.666666666666668,16,0,7,10,33,19,0,0,0,0,2,0
2016,Henry Owens,13143,23,SP,BOS,22,5,5,21,20,23,17,0,0,0,0,0,1
2016,Robert Stephenson,13594,23,SP,CIN,37,8,8,31,19,41,25,0,0,0,0,2,1
2016,Jason Motte,5861,34,RP,COL,23.666666666666668,30,0,24,8,28,13,0,6,6,0,0,0
2016,José A. Váldez,14470,26,RP,LAA,23.333333333333332,25,0,22,16,17,11,0,5,5,0,2,0
2016,Arquimedes Caminero,8992,29,RP,2 Tms,60.666666666666664,57,0,50,33,67,24,1,8,9,0,2,0
2016,Josh A. Smith,10946,28,RP,CIN,59.666666666666664,32,2,48,26,57,31,0,1,1,0,3,0
2016,Michael Mariot,10835,27,RP,PHI,21.666666666666668,25,0,23,14,18,14,2,4,6,0,1,0
2016,Jake McGee,7550,29,RP,COL,45.666666666666664,57,0,38,16,56,24,15,4,19,1,2,0
2016,Cody Reed,15232,23,SP,CIN,47.666666666666664,10,10,43,19,67,39,0,0,0,0,0,2
2016,Cory Rasmus,2413,28,RP,LAA,24.666666666666668,19,1,17,16,25,16,0,0,0,0,0,0
2016,José Berríos,14168,22,SP,MIN,58.333333333333336,14,14,49,35,74,52,0,0,0,0,3,1
2016,Joe Smith,3281,32,RP,2 Tms,52,54,0,40,18,47,20,6,7,13,1,2,0
2016,Jared Hughes,9325,30,RP,PIT,59.333333333333336,67,0,34,22,62,20,1,4,5,0,1,0
2016,Joel Peralta,2332,40,RP,2 Tms,27.333333333333332,31,0,33,8,30,18,0,11,11,1,1,0
2016,Jeff Manship,6865,31,RP,CLE,43.333333333333336,53,0,36,22,40,15,0,6,6,0,2,0
2016,Brad Boxberger,10133,28,RP,TBR,24.333333333333332,27,0,22,19,23,13,0,7,7,0,4,0
2016,Chasen Shreve,10855,25,RP,NYY,33,37,0,33,13,29,19,1,1,2,1,2,0
2016,Anthony Swarzak,7466,30,RP,NYY,31,26,0,31,7,28,19,0,1,1,1,1,0
2016,Chris Withrow,7161,27,RP,ATL,37.666666666666664,46,0,28,17,29,15,0,12,12,1,3,0
2016,Jake Thompson,14371,22,SP,PHI,53.666666666666664,10,10,32,28,53,34,0,0,0,0,3,3
2016,Mark Lowe,7416,33,RP,DET,49.333333333333336,54,0,49,21,57,39,0,8,8,0,1,0
2016,Braden Shipley,15158,24,SP,ARI,70,13,11,43,28,80,41,0,0,0,0,4,5
2016,Danny Farquhar,8501,29,RP,TBR,35.333333333333336,35,0,46,15,33,12,0,7,7,0,1,0
2016,Edwin Escobar,10337,24,RP,ARI,23.666666666666668,25,2,17,12,33,19,0,4,4,0,1,0
2016,Dominic Leone,13763,24,RP,ARI,27,25,0,23,12,45,19,0,0,0,0,0,0
2016,A.J. Achter,11387,27,RP,LAA,37.666666666666664,27,0,14,12,43,13,0,3,3,0,1,0
2016,Eric Surkamp,2540,28,SP,OAK,38.666666666666664,9,9,22,21,55,30,0,0,0,0,0,1
2016,Chris Hatcher,3299,31,RP,LAD,40.666666666666664,37,0,43,21,40,25,0,4,4,0,5,0
2016,Dana Eveland,5508,32,RP,TBR,23,33,0,21,19,32,23,0,3,3,0,0,0
2016,Jacob Turner,10185,25,RP,CHW,24.666666666666668,18,2,18,16,33,18,0,2,2,0,1,0
2016,Erasmo Ramírez,10314,26,RP,TBR,90.66666666666667,64,1,63,26,90,38,2,15,17,1,7,0
2016,Adam Warren,9029,28,RP,2 Tms,65.33333333333333,58,1,52,29,59,34,0,12,12,1,7,0
2016,José Domínguez,11571,25,RP,SDP,35.666666666666664,34,0,20,17,34,20,0,1,1,0,1,0
2016,Nick Martinez,12730,25,RP,TEX,38.666666666666664,12,5,16,19,45,24,0,0,0,0,2,0
2016,Silvino Bracho,15051,23,RP,ARI,24.666666666666668,26,0,17,10,31,20,0,0,0,0,0,0
2016,Ross Ohlendorf,8268,33,RP,CIN,65.66666666666667,64,0,68,32,59,34,2,3,5,0,5,0
2016,Chris Capuano,1701,37,RP,MIL,24,16,0,27,15,23,11,0,1,1,0,1,0
2016,Huston Street,8258,32,RP,LAA,22.333333333333332,26,0,14,12,31,16,9,0,9,1,3,0
2016,Aaron Blair,14934,24,SP,ATL,70,15,15,46,34,82,59,0,0,0,0,2,4
2016,Raúl Alcántara,12790,23,SP,OAK,22.333333333333332,5,5,14,4,31,18,0,0,0,0,1,0
2016,Lucas Giolito,15474,21,RP,WSN,21.333333333333332,6,4,11,12,26,16,0,0,0,0,0,0
2016,Neil Ramírez,7677,27,RP,3 Tms,24,18,0,24,18,22,16,0,1,1,0,0,0
2016,Michael Blazek,9654,27,RP,MIL,41.333333333333336,41,0,36,27,52,26,0,9,9,0,3,0
2016,Cesár Ramos,3357,32,RP,TEX,47.666666666666664,16,4,27,20,60,32,1,0,1,0,3,2
2016,Carlos Villanueva,4138,32,RP,SDP,74,51,0,61,14,89,49,1,4,5,0,2,0
2016,Javier López,1663,38,RP,SFG,26.666666666666668,68,0,15,15,24,12,1,20,21,1,1,0
2016,Tim Lincecum,5705,32,SP,LAA,38.333333333333336,9,9,32,23,68,39,0,0,0,0,2,1
2016,Jonathon Niese,4424,29,SP,2 Tms,121,29,20,88,47,145,74,0,0,0,0,8,7
2016,Logan Verrett,12905,26,RP,NYM,91.66666666666667,35,12,66,43,100,53,0,0,0,0,3,4
2016,Anthony Ranaudo,11424,26,SP,2 Tms,31.333333333333332,9,5,18,20,36,33,0,0,0,0,1,1
2016,Matt Albers,4300,33,RP,CHW,51.333333333333336,58,1,30,19,67,36,0,13,13,1,2,0
2016,Tony Sipp,8280,32,RP,HOU,43.666666666666664,60,0,40,18,52,24,1,12,13,1,1,0
2016,Kevin Jepsen,6475,31,RP,2 Tms,49.666666666666664,58,0,35,21,62,33,7,5,12,1,2,0
2016,Jon Moscot,13849,24,SP,CIN,21.333333333333332,5,5,10,10,26,19,0,0,0,0,0,0
2016,Dillon Overton,15627,24,SP,OAK,24.333333333333332,7,5,17,7,48,31,0,0,0,0,1,1
2016,Steve Geltz,8402,28,RP,TBR,26.666666666666668,27,0,23,9,24,17,0,1,1,0,0,0
2016,Casey Fien,3926,32,RP,2 Tms,39.333333333333336,39,0,35,10,45,24,0,6,6,0,1,0
2016,Tom Wilhelmsen,9975,32,RP,2 Tms,46.333333333333336,50,0,28,19,60,35,1,12,13,1,2,0
2016,Erik Johnson,12520,26,SP,2 Tms,31.333333333333332,6,6,21,11,46,29,0,0,0,0,0,0
2016,Tyrell Jenkins,11378,23,SP,ATL,52,14,8,26,33,55,34,0,0,0,0,2,4
2016,Brett Oberholtzer,3855,26,RP,2 Tms,70.33333333333333,37,2,54,29,85,46,1,0,1,0,3,0
2016,Alfredo Simon,2155,35,SP,CIN,58.666666666666664,15,11,39,31,89,61,0,0,0,0,2,2
2016,James Shields,7059,34,SP,2 Tms,181.66666666666666,33,33,135,82,208,118,0,0,0,0,6,18
2016,Chris Young,3196,37,RP,KCR,88.66666666666667,34,13,94,43,104,61,1,1,2,0,3,2
2016,Josh Osich,11528,27,RP,SFG,36.333333333333336,59,0,25,19,31,19,0,18,18,1,1,0
2017,Chris Sale,10603,28,SP,BOS,214.33333333333334,32,32,308,43,165,69,0,0,0,0,17,23
2017,Corey Kluber,2429,31,SP,CLE,203.66666666666666,29,29,265,36,141,51,0,0,0,0,18,22
2017,Max Scherzer,3137,32,SP,WSN,200.66666666666666,31,31,268,55,126,56,0,0,0,0,16,22
2017,Stephen Strasburg,10131,28,SP,WSN,175.33333333333334,28,28,204,47,131,49,0,0,0,0,15,20
2017,Luis Severino,15890,23,SP,NYY,193.33333333333334,31,31,230,51,150,64,0,0,0,0,14,21
2017,Carlos Carrasco,6632,30,SP,CLE,200,32,32,226,46,173,73,0,0,0,0,18,19
2017,Zack Greinke,1943,33,SP,ARI,202.33333333333334,32,32,215,45,172,72,0,0,0,0,17,19
2017,Jimmy Nelson,10547,28,SP,MIL,175.33333333333334,29,29,199,48,171,68,0,0,0,0,12,17
2017,Aaron Nola,16149,24,SP,PHI,168,27,27,184,49,154,66,0,0,0,0,12,17
2017,Chris Archer,6345,28,SP,TBR,201,34,34,249,60,193,91,0,0,0,0,10,20
2017,James Paxton,11828,28,SP,SEA,136,24,24,156,37,113,45,0,0,0,0,12,14
2017,Clayton Kershaw,2036,29,SP,LAD,175,27,27,202,30,136,45,0,0,0,0,18,20
2017,Justin Verlander,8700,34,SP,2 Tms,206,33,33,219,72,170,77,0,0,0,0,15,23
2017,Jacob deGrom,10954,29,SP,NYM,201.33333333333334,31,31,239,59,180,79,0,0,0,0,15,21
2017,Jose Quintana,11423,28,SP,2 Tms,188.66666666666666,32,32,207,61,170,87,0,0,0,0,11,18
2017,Gio Gonzalez,7448,31,SP,WSN,201,32,32,188,79,158,66,0,0,0,0,15,22
2017,Jeff Samardzija,3254,32,SP,SFG,207.66666666666666,32,32,205,32,204,102,0,0,0,0,9,20
2017,Yu Darvish,13074,30,SP,2 Tms,186.66666666666666,31,31,209,58,159,80,0,0,0,0,10,19
2017,Michael Fulmer,13218,24,SP,DET,164.66666666666666,25,25,114,40,150,70,0,0,0,0,10,18
2017,Danny Duffy,3542,28,SP,KCR,146.33333333333334,24,24,130,41,143,62,0,0,0,0,9,13
2017,Zack Godley,14862,27,SP,ARI,155,26,25,165,53,124,58,0,0,0,0,8,14
2017,Kenley Jansen,3096,29,RP,LAD,68.33333333333333,65,0,109,7,44,10,41,1,42,1,5,0
2017,Marcus Stroman,13431,26,SP,TOR,201,33,33,164,62,201,69,0,0,0,0,13,20
2017,Gerrit Cole,13125,26,SP,PIT,203,33,33,196,55,199,96,0,0,0,0,12,20
2017,Jon Gray,14916,25,SP,COL,110.33333333333333,20,20,112,30,113,45,0,0,0,0,10,10
2017,Robbie Ray,11486,25,SP,ARI,162,28,28,218,71,116,52,0,0,0,0,15,16
2017,Brad Peacock,5401,29,SP,HOU,132,34,21,161,57,100,44,0,0,0,0,13,8
2017,Craig Kimbrel,6655,29,RP,BOS,69,67,0,126,14,33,11,35,1,36,1,5,0
2017,Carlos Martinez,11682,25,SP,STL,205,32,32,217,71,179,83,0,0,0,0,12,20
2017,Jameson Taillon,11674,25,SP,PIT,133.66666666666666,25,25,125,46,152,66,0,0,0,0,8,9
2017,Chase Anderson,6895,29,SP,MIL,141.33333333333334,25,25,133,41,113,43,0,0,0,0,12,13
2017,Alex Wood,13781,26,SP,LAD,152.33333333333334,27,25,151,38,123,46,0,1,1,0,16,15
2017,Michael Wacha,14078,25,SP,STL,165.66666666666666,30,30,158,55,170,76,0,0,0,0,12,15
2017,Charlie Morton,4676,33,SP,HOU,146.66666666666666,25,25,163,50,125,59,0,0,0,0,14,10
2017,Patrick Corbin,9323,27,SP,ARI,189.66666666666666,33,32,178,61,208,85,0,0,0,0,14,19
2017,Drew Pomeranz,11426,28,SP,BOS,173.66666666666666,32,32,174,69,166,64,0,0,0,0,17,17
2017,Roberto Osuna,13764,22,RP,TOR,64,66,0,83,9,46,24,39,0,39,1,3,0
2017,Mike Leake,10130,29,SP,2 Tms,186,31,31,130,37,201,81,0,0,0,0,10,18
2017,J.A. Happ,7410,34,SP,TOR,145.33333333333334,25,25,142,46,145,57,0,0,0,0,10,14
2017,Jon Lester,4930,33,SP,CHC,180.66666666666666,32,32,180,60,179,87,0,0,0,0,13,18
2017,Lance McCullers Jr.,14120,23,SP,HOU,118.66666666666667,22,22,132,40,114,56,0,0,0,0,7,9
2017,Trevor Bauer,12703,26,SP,CLE,176.33333333333334,32,31,196,60,181,82,0,0,0,0,17,15
2017,Dylan Bundy,12917,24,SP,BAL,169.66666666666666,28,28,152,51,152,80,0,0,0,0,13,19
2017,Tanner Roark,8753,30,SP,WSN,181.33333333333334,32,30,166,64,178,94,0,0,0,0,13,17
2017,Corey Knebel,15010,25,RP,MIL,76,76,0,126,40,48,15,39,11,50,1,1,0
2017,Sonny Gray,12768,27,SP,2 Tms,162.33333333333334,27,27,153,57,139,64,0,0,0,0,10,17
2017,José Berríos,14168,23,SP,MIN,145.66666666666666,26,25,139,48,131,63,0,0,0,0,14,12
2017,Ervin Santana,3200,34,SP,MIN,211.33333333333334,33,33,167,61,177,77,0,0,0,0,16,20
2017,Zach Davies,13183,24,SP,MIL,191.33333333333334,33,33,124,55,204,83,0,0,0,0,17,15
2017,Masahiro Tanaka,15764,28,SP,NYY,178.33333333333334,30,30,194,41,180,94,0,0,0,0,13,17
2017,Marco Estrada,1118,33,SP,TOR,186,33,33,176,71,186,103,0,0,0,0,10,17
2017,Pat Neshek,4682,36,RP,2 Tms,62.333333333333336,71,0,69,6,48,11,1,23,24,1,5,0
2017,Kevin Gausman,14107,26,SP,BAL,186.66666666666666,34,34,179,71,208,97,0,0,0,0,11,15
2017,Jordan Montgomery,16511,24,SP,NYY,155.33333333333334,29,29,144,51,140,67,0,0,0,0,9,10
2017,Jake Arrieta,4153,31,SP,CHC,168.33333333333334,30,30,163,55,150,66,0,0,0,0,14,16
2017,Trevor Williams,16977,25,SP,PIT,150.33333333333334,31,25,117,52,145,68,0,0,0,0,7,11
2017,Kyle Hendricks,12049,27,SP,CHC,139.66666666666666,24,24,123,40,126,47,0,0,0,0,7,14
2017,Taijuan Walker,11836,24,SP,ARI,157.33333333333334,28,28,146,61,148,61,0,0,0,0,9,12
2017,Germán Márquez,15038,22,SP,COL,162,29,29,147,49,174,79,0,0,0,0,11,14
2017,Chad Green,15552,26,RP,NYY,69,40,1,103,17,34,14,0,9,9,0,5,0
2017,Jhoulys Chacín,2608,29,SP,SDP,180.33333333333334,32,32,153,72,157,78,0,0,0,0,13,16
2017,Jason Hammel,4538,34,SP,KCR,180.33333333333334,32,32,145,48,209,106,0,0,0,0,8,14
2017,Rich Hill,4806,37,SP,LAD,135.66666666666666,25,25,166,49,99,50,0,0,0,0,12,9
2017,Dallas Keuchel,9434,29,SP,HOU,145.66666666666666,23,23,125,47,116,47,0,0,0,0,14,16
2017,Felipe Vázquez,12076,25,RP,PIT,75.33333333333333,73,0,88,20,47,14,21,14,35,1,5,0
2017,Andrew Miller,6785,32,RP,CLE,62.666666666666664,57,0,95,21,31,10,2,27,29,1,4,0
2017,Alex Cobb,6562,29,SP,TBR,179.33333333333334,29,29,128,44,175,73,0,0,0,0,12,15
2017,Andrew Cashner,8782,30,SP,TEX,166.66666666666666,28,28,86,64,156,63,0,0,0,0,11,18
2017,Martín Pérez,6902,26,SP,TEX,185,32,32,115,63,221,99,0,0,0,0,13,16
2017,Iván Nova,1994,30,SP,PIT,187,31,31,131,36,203,86,0,0,0,0,11,17
2017,Mike Minor,10021,29,RP,KCR,77.66666666666667,65,0,88,22,57,22,6,17,23,1,6,0
2017,Sean Manaea,15873,25,SP,OAK,158.66666666666666,29,29,140,55,167,77,0,0,0,0,12,14
2017,Chad Kuhl,14975,24,SP,PIT,157.33333333333334,31,31,142,72,159,76,0,0,0,0,8,8
2017,Brandon McCarthy,4662,33,SP,LAD,92.66666666666667,19,16,72,27,89,41,0,0,0,0,6,8
2017,Anthony Swarzak,7466,31,RP,2 Tms,77.33333333333333,70,0,91,22,58,20,2,27,29,1,6,0
2017,Clayton Richard,3551,33,SP,SDP,197.33333333333334,32,32,151,59,240,105,0,0,0,0,8,14
2017,Danny Salazar,5867,27,SP,CLE,103,23,19,145,44,94,49,0,0,0,0,5,7
2017,Tommy Kahnle,11384,27,RP,2 Tms,62.666666666666664,69,0,96,17,53,18,0,15,15,1,2,0
2017,Mike Clevinger,12808,26,SP,CLE,121.66666666666667,27,21,137,60,92,42,0,0,0,0,12,11
2017,Josh Tomlin,9388,32,SP,CLE,141,26,26,109,14,166,78,0,0,0,0,10,9
2017,Matthew Boyd,15440,26,SP,DET,135,26,25,110,53,157,79,0,0,0,0,6,10
2017,Yusmeiro Petit,4020,32,RP,LAA,91.33333333333333,60,1,101,18,69,28,4,14,18,1,5,0
2017,Archie Bradley,12918,24,RP,ARI,73,63,0,79,21,55,14,1,25,26,1,3,0
2017,Kyle Freeland,16256,24,SP,COL,156,33,28,107,63,169,71,0,0,0,0,11,13
2017,Jerad Eickhoff,12664,26,SP,PHI,128,24,24,118,53,142,67,0,0,0,0,4,8
2017,Rick Porcello,2717,28,SP,BOS,203.33333333333334,33,33,181,48,236,105,0,0,0,0,11,19
2017,Dan Straily,9460,28,SP,MIA,181.66666666666666,33,33,170,60,176,86,0,0,0,0,10,12
2017,Eduardo Rodriguez,13164,24,SP,BOS,137.33333333333334,25,24,150,50,126,64,0,0,0,0,6,12
2017,Ryan Madson,1852,36,RP,2 Tms,59,60,0,67,9,38,12,2,25,27,1,5,0
2017,Jaime García,8137,30,SP,3 Tms,157,27,27,129,64,157,77,0,0,0,0,5,11
2017,Raisel Iglesias,17130,27,RP,CIN,76,63,0,92,27,57,21,28,0,28,1,3,0
2017,David Robertson,8241,32,RP,2 Tms,68.33333333333333,61,0,98,23,35,14,14,8,22,1,9,0
2017,Luis Castillo,15689,24,SP,CIN,89.33333333333333,15,15,98,32,64,31,0,0,0,0,3,8
2017,Mike Foltynewicz,10811,25,SP,ATL,154,29,28,143,59,169,82,0,0,0,0,10,15
2017,Joe Smith,3281,33,RP,2 Tms,54,59,0,71,10,46,20,1,21,22,1,3,0
2017,Sean Doolittle,1581,30,RP,2 Tms,51.333333333333336,53,0,62,10,34,16,24,9,33,1,2,0
2017,Jason Vargas,8044,34,SP,KCR,179.66666666666666,32,32,134,58,181,83,0,0,0,0,18,16
2017,Ken Giles,12910,26,RP,HOU,62.666666666666664,63,0,83,21,44,16,34,2,36,1,1,0
2017,Blake Snell,13543,24,SP,TBR,129.33333333333334,24,24,119,59,113,58,0,0,0,0,5,7
2017,Alex Claudio,12890,25,RP,TEX,82.66666666666667,70,1,56,15,71,23,11,7,18,1,4,0
2017,CC Sabathia,404,36,SP,NYY,148.66666666666666,27,27,120,50,139,61,0,0,0,0,14,12
2017,Kenta Maeda,18498,29,SP,LAD,134.33333333333334,29,25,140,34,121,63,1,0,1,0,13,5
2017,Cole Hamels,4972,33,SP,TEX,148,24,24,105,53,125,69,0,0,0,0,11,14
2017,Nick Vincent,7555,30,RP,SEA,64.66666666666667,69,0,50,13,62,23,0,29,29,1,3,0
2017,Joakim Soria,6941,33,RP,KCR,56,59,0,64,20,49,23,1,20,21,1,4,0
2017,Luis Perdomo,14682,24,SP,SDP,163.66666666666666,29,29,118,65,182,85,0,0,0,0,8,16
2017,Brad Hand,9111,27,RP,SDP,79.33333333333333,72,0,104,20,54,19,21,16,37,1,3,0
2017,Seth Lugo,12447,27,SP,NYM,101.33333333333333,19,18,85,25,114,53,0,0,0,0,7,8
2017,Madison Bumgarner,5524,27,SP,SFG,111,17,17,101,20,101,41,0,0,0,0,4,12
2017,Trevor Rosenthal,10745,27,RP,STL,47.666666666666664,50,0,76,20,37,18,11,12,23,1,3,0
2017,Brandon Morrow,9346,32,RP,LAD,43.666666666666664,45,0,50,9,31,10,2,10,12,1,6,0
2017,Juan Nicasio,7731,30,RP,3 Tms,72.33333333333333,76,0,72,20,58,21,6,21,27,1,5,0
2017,Blake Parker,5224,32,RP,LAA,67.33333333333333,71,0,86,16,40,19,8,15,23,1,3,0
2017,R.A. Dickey,1245,42,SP,ATL,190,31,31,136,67,193,90,0,0,0,0,10,18
2017,Dominic Leone,13763,25,RP,TOR,70.33333333333333,65,0,81,23,51,20,1,11,12,1,3,0
2017,Aroldis Chapman,10233,29,RP,NYY,50.333333333333336,52,0,69,20,37,18,22,1,23,1,4,0
2017,Brent Suter,13942,27,SP,MIL,81.66666666666667,22,14,64,22,83,31,0,0,0,0,3,4
2017,Jake McGee,7550,30,RP,COL,57.333333333333336,62,0,58,16,47,23,3,20,23,1,0,0
2017,Miguel González,7024,33,SP,2 Tms,156,27,27,100,55,167,80,0,0,0,0,8,15
2017,Bryan Shaw,8110,29,RP,CLE,76.66666666666667,79,0,73,22,71,30,3,26,29,1,4,0
2017,David Price,3184,31,SP,BOS,74.66666666666667,16,11,76,24,65,28,0,1,1,0,6,7
2017,Dinelson Lamet,17186,24,SP,SDP,114.33333333333333,21,21,139,54,88,58,0,0,0,0,7,10
2017,Adam Wainwright,2233,35,SP,STL,123.33333333333333,24,23,96,45,140,70,0,0,0,0,12,8
2017,Antonio Senzatela,15488,22,SP,COL,134.66666666666666,36,20,102,47,128,70,0,1,1,0,10,7
2017,Noah Syndergaard,11762,24,SP,NYM,30.333333333333332,7,7,34,3,29,10,0,0,0,0,1,4
2017,Sal Romano,13690,23,SP,CIN,87,16,16,73,37,91,43,0,0,0,0,5,5
2017,Cody Allen,12183,28,RP,CLE,67.33333333333333,69,0,92,21,57,22,30,4,34,1,3,0
2017,Joe Biagini,13194,27,RP,TOR,119.66666666666667,44,18,97,42,125,71,1,9,10,1,3,5
2017,Blake Treinen,12572,29,RP,2 Tms,75.66666666666667,72,0,74,25,80,33,16,10,26,1,3,0
2017,Luke Weaver,16918,23,SP,STL,60.333333333333336,13,10,72,17,59,26,0,0,0,0,7,4
2017,Doug Fister,9425,33,SP,BOS,90.33333333333333,18,15,83,38,87,49,0,0,0,0,5,7
2017,Daniel Norris,13475,24,SP,DET,101.66666666666667,22,18,86,44,120,60,0,0,0,0,5,6
2017,Fernando Rodney,494,40,RP,ARI,55.333333333333336,61,0,65,26,40,26,39,0,39,1,5,0
2017,Mike Montgomery,4869,27,RP,CHC,130.66666666666666,44,14,100,55,103,49,3,1,4,0,7,6
2017,Edubray Ramos,16086,24,RP,PHI,57.666666666666664,59,0,75,28,57,27,0,9,9,1,2,0
2017,Chris Devenski,12763,26,RP,HOU,80.66666666666667,62,0,100,26,50,24,4,24,28,1,8,0
2017,Jake Faria,13699,23,SP,TBR,86.66666666666667,16,14,84,31,71,33,0,0,0,0,5,9
2017,Nick Pivetta,15454,24,SP,PHI,133,26,26,140,57,144,89,0,0,0,0,8,8
2017,Luis García,6984,30,RP,PHI,71.33333333333333,66,0,60,26,61,21,2,14,16,1,2,0
2017,Rafael Montero,12760,26,SP,NYM,119,34,18,114,67,141,73,0,0,0,0,5,6
2017,Jesse Hahn,13287,27,SP,OAK,69.66666666666667,14,13,55,27,78,41,0,0,0,0,3,6
2017,Lance Lynn,2520,30,SP,STL,186.33333333333334,33,33,153,78,151,71,0,0,0,0,11,18
2017,Ty Blach,14361,26,SP,SFG,163.66666666666666,34,24,73,43,179,87,0,0,0,0,8,13
2017,Mychal Givens,10430,27,RP,BAL,78.66666666666667,69,0,88,25,57,24,0,21,21,1,8,0
2017,Scott Alexander,10591,27,RP,KCR,69,58,0,59,28,62,19,4,9,13,1,5,0
2017,Dellin Betances,6216,29,RP,NYY,59.666666666666664,66,0,100,44,29,19,10,19,29,1,3,0
2017,Alex Colomé,6661,28,RP,TBR,66.66666666666667,65,0,58,23,57,24,47,1,48,1,2,0
2017,Jordan Zimmermann,4505,31,SP,DET,160,29,29,103,44,204,108,0,0,0,0,8,11
2017,Randall Delgado,5985,27,RP,ARI,62.666666666666664,26,5,60,14,60,25,1,2,3,0,1,0
2017,Adam Warren,9029,29,RP,NYY,57.333333333333336,46,0,54,15,35,15,1,11,12,1,3,0
2017,Johnny Cueto,6893,31,SP,SFG,147.33333333333334,25,25,136,53,160,74,0,0,0,0,8,12
2017,Brad Brach,6627,31,RP,BAL,68,67,0,70,26,51,24,18,9,27,1,4,0
2017,Héctor Neris,11804,28,RP,PHI,74.66666666666667,74,0,86,26,68,25,26,4,30,1,4,0
2017,Tommy Hunter,1157,30,RP,TBR,58.666666666666664,61,0,64,14,43,17,1,25,26,1,3,0
2017,Wade Davis,7441,31,RP,CHC,58.666666666666664,59,0,79,28,39,15,32,0,32,1,4,0
2017,Kendall Graveman,15514,26,SP,OAK,105.33333333333333,19,19,70,32,114,49,0,0,0,0,6,11
2017,Sean Newcomb,16943,24,SP,ATL,100,19,19,108,57,100,48,0,0,0,0,4,7
2017,Chris Rusin,9895,30,RP,COL,85,60,0,71,19,75,25,2,12,14,1,5,0
2017,Tyler Anderson,12880,27,SP,COL,86,17,15,81,26,88,46,0,0,0,0,6,5
2017,Justin Wilson,4301,29,RP,2 Tms,58,65,0,80,35,40,22,13,9,22,1,4,0
2017,Jeff Hoffman,17432,24,SP,COL,99.33333333333333,23,16,82,40,106,65,0,0,0,0,6,7
2017,Greg Holland,7196,31,RP,COL,57.333333333333336,61,0,70,26,40,23,41,1,42,1,3,0
2017,Collin McHugh,7531,30,SP,HOU,63.333333333333336,12,12,62,20,62,25,0,0,0,0,5,5
2017,Tyler Chatwood,4338,27,SP,COL,147.66666666666666,33,25,120,77,136,77,1,0,1,0,8,9
2017,Brett Cecil,2660,30,RP,STL,67.33333333333333,73,0,66,16,67,29,1,13,14,1,2,0
2017,Josh Hader,14212,23,RP,MIL,47.666666666666664,35,0,68,22,25,11,0,12,12,1,2,0
2017,Erasmo Ramírez,10314,27,SP,2 Tms,131.33333333333334,37,19,109,31,123,64,1,6,7,0,5,8
2017,David Hernandez,4259,32,RP,2 Tms,55,64,0,52,9,48,19,2,18,20,1,3,0
2017,Tyler Lyons,11334,29,RP,STL,54,50,0,68,20,39,17,3,15,18,1,4,0
2017,Ryan Tepera,10291,29,RP,TOR,77.66666666666667,73,0,81,31,57,31,2,17,19,1,7,0
2017,Pedro Strop,4070,32,RP,CHC,60.333333333333336,69,0,65,26,45,19,0,21,21,1,5,0
2017,Julio Teheran,6797,26,SP,ATL,188.33333333333334,32,32,151,72,186,94,0,0,0,0,11,20
2017,Kyle Gibson,10123,29,SP,MIN,158,29,29,121,60,182,89,0,0,0,0,12,10
2017,Luiz Gohara,15166,20,SP,ATL,29.333333333333332,5,5,31,8,32,16,0,0,0,0,1,2
2017,Michael Pineda,5372,28,SP,NYY,96.33333333333333,17,17,92,21,103,47,0,0,0,0,8,9
2017,JC Ramírez,8302,28,SP,LAA,147.33333333333334,27,24,105,49,149,68,0,0,0,0,11,11
2017,Carl Edwards Jr.,13607,25,RP,CHC,66.33333333333333,73,0,94,38,29,22,0,25,25,1,5,0
2017,Matt Barnes,12863,27,RP,BOS,69.66666666666667,70,0,83,28,57,30,1,21,22,1,7,0
2017,Adalberto Mejía,13188,24,SP,MIN,98,21,21,85,44,110,49,0,0,0,0,4,3
2017,Matt Moore,1890,28,SP,SFG,174.33333333333334,32,31,148,67,200,107,0,0,0,0,6,14
2017,Parker Bridwell,11502,25,SP,LAA,121,21,20,73,30,115,49,0,0,0,0,10,13
2017,Liam Hendriks,3548,28,RP,OAK,64,70,0,78,23,57,30,1,16,17,1,4,0
2017,Brandon Kintzler,9939,32,RP,2 Tms,71.33333333333333,72,0,39,16,66,24,29,10,39,1,4,0
2017,Matt Albers,4300,34,RP,WSN,61,63,0,63,17,35,11,2,14,16,1,7,0
2017,Edwin Díaz,14710,23,RP,SEA,66,66,0,89,32,44,24,34,2,36,1,4,0
2017,Jakob Junis,13619,24,SP,KCR,98.33333333333333,20,16,80,25,101,47,0,0,0,0,9,7
2017,Joe Musgrove,12970,24,RP,HOU,109.33333333333333,38,15,98,28,117,58,2,5,7,0,7,3
2017,Garrett Richards,9784,29,SP,LAA,27.666666666666668,6,6,27,7,18,7,0,0,0,0,0,1
2017,Ben Lively,14932,25,SP,PHI,88.66666666666667,15,15,52,24,90,42,0,0,0,0,4,10
2017,Jerry Blevins,7841,33,RP,NYM,49,75,0,69,24,43,16,1,19,20,1,6,0
2017,Edinson Volquez,3990,33,SP,MIA,92.33333333333333,17,17,81,53,78,43,0,0,0,0,4,6
2017,Addison Reed,10586,28,RP,2 Tms,76,77,0,76,15,65,24,19,15,34,1,2,0
2017,Alex Meyer,12833,27,SP,LAA,67.33333333333333,13,13,75,42,48,28,0,0,0,0,4,6
2017,Matt Garza,3340,33,SP,MIL,114.66666666666667,24,22,79,45,121,63,0,0,0,0,6,6
2017,Wade Miley,8779,30,SP,BAL,157.33333333333334,32,32,142,93,179,98,0,0,0,0,8,8
2017,Keone Kela,14696,24,RP,TEX,38.666666666666664,39,0,51,17,18,12,2,11,13,1,4,0
2017,Darren O'Day,3321,34,RP,BAL,60.333333333333336,64,0,76,24,41,23,2,17,19,1,2,0
2017,Brett Anderson,8223,29,SP,2 Tms,55.333333333333336,13,13,38,21,73,39,0,0,0,0,4,3
2017,Scott Oberg,13911,27,RP,COL,58.333333333333336,66,0,55,24,70,32,0,14,14,1,0,0
2017,Emilio Pagán,14771,26,RP,SEA,50.333333333333336,34,0,56,8,39,18,0,8,8,0,2,0
2017,Tyler Skaggs,10190,25,SP,LAA,85,16,16,76,28,90,43,0,0,0,0,2,5
2017,Will Harris,3192,32,RP,HOU,45.333333333333336,46,0,52,7,37,15,2,20,22,1,3,0
2017,Francisco Liriano,3201,33,RP,2 Tms,97,38,18,85,53,105,61,0,6,6,0,6,5
2017,Scott Feldman,6283,34,SP,CIN,111.33333333333333,21,21,93,35,116,59,0,0,0,0,7,9
2017,Brian Duensing,4064,34,RP,CHC,62.333333333333336,68,0,61,18,58,19,0,13,13,1,1,0
2017,Hunter Strickland,7836,28,RP,SFG,61.333333333333336,68,0,58,29,59,18,1,21,22,1,4,0
2017,Trevor Hildenberger,17002,26,RP,MIN,42,37,0,44,6,38,15,1,12,13,1,3,0
2017,Homer Bailey,8362,31,SP,CIN,91,18,18,67,42,112,65,0,0,0,0,6,7
2017,José Alvarado,17780,22,RP,TBR,29.666666666666668,35,0,29,9,24,12,0,7,7,1,0,0
2017,Shane Greene,10756,28,RP,DET,67.66666666666667,71,0,73,34,50,20,9,14,23,1,4,0
2017,Blake Wood,1345,31,RP,2 Tms,74.33333333333333,72,0,84,33,84,45,0,3,3,0,3,0
2017,Michael Lorenzen,14843,25,RP,CIN,83,70,0,80,34,78,41,2,18,20,1,8,0
2017,Matt Bush,1246,31,RP,TEX,52.333333333333336,57,0,58,19,57,22,10,10,20,1,3,0
2017,Brandon Maurer,4878,26,RP,2 Tms,59.333333333333336,68,0,59,19,73,43,22,6,28,1,3,0
2017,Matt Bowman,13528,26,RP,STL,58.666666666666664,75,0,46,18,52,26,2,23,25,1,3,0
2017,Joe Kelly,9761,29,RP,BOS,58,54,0,52,27,42,18,0,13,13,1,4,0
2017,Sam Freeman,6832,30,RP,ATL,60,58,0,59,27,48,17,0,12,12,1,2,0
2017,Chris Stratton,13761,26,SP,SFG,58.666666666666664,13,10,51,28,59,24,1,0,1,0,4,5
2017,Andrew Chafin,12988,27,RP,ARI,51.333333333333336,71,0,61,21,48,20,0,17,17,1,1,0
2017,Steve Cishek,6483,31,RP,2 Tms,44.666666666666664,49,0,41,14,26,10,1,15,16,1,3,0
2017,Odrisamer Despaigne,16017,30,RP,MIA,58.333333333333336,18,8,31,24,57,26,1,1,2,0,2,5
2017,Arodys Vizcaíno,5498,26,RP,ATL,57.333333333333336,62,0,64,21,42,18,14,17,31,1,5,0
2017,Chase Whitley,10982,28,RP,TBR,57.333333333333336,41,0,43,16,48,26,2,5,7,1,2,0
2017,Tyler Duffey,13758,26,RP,MIN,71,56,0,67,18,79,39,1,12,13,1,2,0
2017,Nick Goody,13685,25,RP,CLE,54.666666666666664,56,0,72,20,39,17,0,6,6,0,1,0
2017,Jacob Barnes,12323,27,RP,MIL,72,73,0,80,33,57,32,2,24,26,1,3,0
2017,Carlos Rodón,16137,24,SP,CHW,69.33333333333333,12,12,76,31,64,32,0,0,0,0,2,6
2017,Zack Britton,3240,29,RP,BAL,37.333333333333336,38,0,29,18,39,12,15,0,15,1,2,0
2017,Luis Avilán,2882,27,RP,LAD,46,61,0,52,22,42,15,0,13,13,1,2,0
2017,Eddie Butler,13453,26,SP,CHC,54.666666666666664,13,11,30,28,50,24,0,0,0,0,4,1
2017,Kyle Barraclough,13713,27,RP,MIA,66,66,0,76,38,53,22,1,22,23,1,6,0
2017,Robert Gsellman,13696,23,SP,NYM,119.66666666666667,25,22,82,42,138,69,0,1,1,0,8,8
2017,Ricky Nolasco,3830,34,SP,LAA,181,33,33,143,58,205,99,0,0,0,0,6,12
2017,Andrew Triggs,13533,28,SP,OAK,65.33333333333333,12,12,50,19,68,31,0,0,0,0,5,6
2017,Drew Steckenrider,18806,26,RP,MIA,34.666666666666664,37,0,54,18,30,9,1,10,11,1,1,0
2017,Reynaldo López,16400,23,SP,CHW,47.666666666666664,8,8,30,14,49,25,0,0,0,0,3,5
2017,Gregory Infante,9119,29,RP,CHW,54.666666666666664,52,0,49,20,45,19,0,5,5,1,2,0
2017,Paul Blackburn,14739,23,SP,OAK,58.666666666666664,10,10,22,16,58,21,0,0,0,0,3,5
2017,Cam Bedrosian,13360,25,RP,LAA,44.666666666666664,48,0,53,17,41,22,6,10,16,1,6,0
2017,Koji Uehara,9227,42,RP,CHC,43,49,0,50,12,38,19,2,14,16,1,3,0
2017,Paul Sewald,13892,27,RP,NYM,65.33333333333333,57,0,69,21,58,33,0,13,13,1,0,0
2017,Bud Norris,9492,32,RP,LAA,62,60,3,74,27,56,29,19,3,22,1,2,0
2017,Hyun Jin Ryu,14444,30,SP,LAD,126.66666666666667,25,24,116,45,128,53,1,0,1,0,5,6
2017,Daniel Mengden,16980,24,SP,OAK,43,7,7,29,9,36,15,0,0,0,0,3,4
2017,Aaron Loup,10343,29,RP,TOR,57.666666666666664,70,0,64,29,59,24,0,6,6,0,2,0
2017,Austin Pruitt,15290,27,RP,TBR,83,30,8,66,22,103,49,1,1,2,0,7,4
2017,John Lackey,1507,38,SP,CHC,170.66666666666666,31,30,149,53,165,87,0,0,0,0,12,12
2017,David Phelps,6316,30,RP,2 Tms,55.666666666666664,54,0,62,26,51,21,0,21,21,1,4,0
2017,Matt Belisle,1837,37,RP,MIN,60.333333333333336,62,0,54,22,48,27,9,17,26,1,2,0
2017,Tony Barnette,3555,33,RP,TEX,57.333333333333336,50,0,57,22,64,35,2,4,6,0,2,0
2017,Ross Stripling,13273,27,RP,LAD,74.33333333333333,49,2,74,19,69,31,2,4,6,0,3,0
2017,Joe Ross,12972,24,SP,WSN,73.66666666666667,13,13,68,20,88,41,0,0,0,0,5,7
2017,Oliver Drake,8823,30,RP,2 Tms,56,64,0,62,25,63,29,1,5,6,0,3,0
2017,Brandon Woodruff,16162,24,SP,MIL,43,8,8,32,14,43,23,0,0,0,0,2,3
2017,Ryan Merritt,13688,25,RP,CLE,20.666666666666668,5,4,7,4,26,4,0,0,0,0,2,1
2017,Aníbal Sánchez,3284,33,SP,DET,105.33333333333333,28,17,104,29,139,75,0,0,0,0,3,7
2017,Andrew Albers,7853,31,SP,SEA,41,9,6,37,10,43,16,1,0,1,0,5,2
2017,Robert Stephenson,13594,24,RP,CIN,84.66666666666667,25,11,86,53,81,44,1,0,1,0,5,4
2017,Wei-Yin Chen,13071,31,SP,MIA,33,9,5,25,9,25,14,0,0,0,0,2,3
2017,Tyler Olson,14741,27,RP,CLE,20,30,0,18,6,13,0,1,8,9,1,1,0
2017,James Hoyt,14605,30,RP,HOU,49.333333333333336,43,0,66,14,51,24,0,7,7,0,1,0
2017,Anthony Banda,14706,23,RP,ARI,25.666666666666668,8,4,25,10,26,17,0,0,0,0,2,1
2017,Heath Hembree,11632,28,RP,BOS,62,62,0,70,18,72,25,0,14,14,1,2,0
2017,Jonathan Holder,16588,24,RP,NYY,39.333333333333336,37,0,40,8,45,17,0,3,3,0,1,0
2017,George Kontos,9486,32,RP,2 Tms,66.33333333333333,65,0,70,20,61,25,1,11,12,1,1,0
2017,Matt Andriese,12022,27,SP,TBR,86,18,17,76,28,90,43,1,0,1,0,5,6
2017,Brad Ziegler,7293,37,RP,MIA,47,53,0,26,16,57,25,10,7,17,1,1,0
2017,Alex Wilson,9239,30,RP,DET,60,66,0,42,15,67,30,2,17,19,1,2,0
2017,Gabriel Ynoa,12938,24,RP,BAL,34.666666666666664,9,4,26,8,39,16,0,0,0,0,2,1
2017,Jared Hughes,9325,31,RP,MIL,59.666666666666664,67,0,48,24,49,20,1,12,13,1,5,0
2017,Enny Romero,4001,26,RP,WSN,55.666666666666664,53,0,65,23,55,22,2,10,12,1,2,0
2017,Shelby Miller,10197,26,RP,ARI,22,4,4,20,12,20,10,0,0,0,0,2,1
2017,Wandy Peralta,14295,25,RP,CIN,64.66666666666667,69,0,57,24,53,27,0,16,16,1,3,0
2017,Chad Bettis,10587,28,SP,COL,46.333333333333336,9,9,30,11,52,26,0,0,0,0,2,3
2017,Mark Melancon,4264,32,RP,SFG,30,32,0,29,6,37,15,11,5,16,1,1,0
2017,Nate Karns,12638,29,SP,KCR,45.333333333333336,9,8,51,13,41,21,0,0,0,0,2,3
2017,Zach McAllister,2895,29,RP,CLE,62,50,0,66,21,53,18,0,2,2,0,2,0
2017,Dan Otero,7385,32,RP,CLE,60,52,0,38,9,63,19,0,1,1,0,3,0
2017,Danny Farquhar,8501,30,RP,2 Tms,49.333333333333336,52,0,45,28,39,23,0,13,13,1,4,0
2017,Oliver Pérez,1514,35,RP,WSN,33,50,0,39,12,32,17,1,12,13,1,0,0
2017,Peter Moylan,4891,38,RP,KCR,59.333333333333336,79,0,46,25,40,23,0,24,24,1,0,0
2017,Kirby Yates,9073,30,RP,2 Tms,56.666666666666664,62,0,88,19,44,25,1,20,21,1,4,0
2017,Michael Feliz,11903,24,RP,HOU,48,46,0,70,22,53,30,0,2,2,0,4,0
2017,Blaine Boyer,2237,35,RP,BOS,41.333333333333336,32,0,33,14,50,20,0,2,2,0,1,0
2017,Bartolo Colon,375,44,SP,2 Tms,143,28,28,89,35,192,103,0,0,0,0,7,8
2017,Nick Wittgren,15594,26,RP,MIA,42.333333333333336,38,0,43,13,46,22,0,5,5,0,3,0
2017,Tyler Mahle,16358,22,RP,CIN,20,4,4,14,11,19,6,0,0,0,0,1,1
2017,Adam Morgan,12580,27,RP,PHI,54.666666666666664,37,0,63,18,51,25,0,6,6,0,3,0
2017,Jose Alvarez,5358,28,RP,LAA,48.666666666666664,64,0,45,12,50,21,1,13,14,1,0,0
2017,Carlos Estévez,14542,24,RP,COL,32.333333333333336,35,0,31,14,39,20,0,6,6,0,5,0
2017,Taylor Rogers,13449,26,RP,MIN,55.666666666666664,69,0,49,21,52,19,0,30,30,1,7,0
2017,Matt Grace,11449,28,RP,WSN,50,40,1,31,18,50,24,2,4,6,0,1,0
2017,Félix Hernández,4772,31,SP,SEA,86.66666666666667,16,16,78,26,86,42,0,0,0,0,6,7
2017,AJ Ramos,8350,30,RP,2 Tms,58.666666666666664,61,0,72,34,49,26,27,1,28,1,2,0
2017,Buck Farmer,14814,26,SP,DET,48,11,11,49,20,55,36,0,0,0,0,5,2
2017,Tony Zych,12876,26,RP,SEA,40.666666666666664,45,0,35,21,30,12,1,12,13,1,6,0
2017,Brad Boxberger,10133,29,RP,TBR,29.333333333333332,30,0,40,11,23,11,0,5,5,0,4,0
2017,Héctor Rondón,2391,29,RP,CHC,57.333333333333336,61,0,69,20,50,27,0,10,10,1,4,0
2017,Lucas Giolito,15474,22,SP,CHW,45.333333333333336,7,7,34,12,31,12,0,0,0,0,3,5
2017,Fernando Abad,4994,31,RP,BOS,43.666666666666664,48,0,37,14,40,16,1,2,3,0,2,0
2017,Steven Brault,15291,25,RP,PIT,34.666666666666664,11,4,23,14,41,18,1,0,1,0,1,1
2017,Jeurys Familia,5114,27,RP,NYM,24.666666666666668,26,0,25,15,21,12,6,2,8,1,2,0
2017,James Pazos,13323,26,RP,SEA,53.666666666666664,59,0,65,24,51,23,0,10,10,1,4,0
2017,Jeremy Hellickson,4371,30,SP,2 Tms,164,30,30,96,47,160,99,0,0,0,0,8,13
2017,Boone Logan,5525,32,RP,CLE,21,38,0,28,9,20,11,0,4,4,0,1,0
2017,Dillon Gee,7396,31,RP,2 Tms,49.333333333333336,18,4,41,15,54,19,1,0,1,0,3,1
2017,Steven Matz,13361,26,SP,NYM,66.66666666666667,13,13,48,19,83,45,0,0,0,0,2,4
2017,Fernando Salas,4971,32,RP,2 Tms,58.666666666666664,61,0,56,22,67,34,0,12,12,1,2,0
2017,José Leclerc,14524,23,RP,TEX,45.666666666666664,47,0,60,40,23,20,2,10,12,1,2,0
2017,Cory Gearrin,7947,31,RP,SFG,68,68,0,64,35,50,15,0,8,8,0,4,0
2017,Matt Cain,4732,32,SP,SFG,124.33333333333333,27,23,75,49,157,75,0,1,1,0,3,6
2017,Asher Wojciechowski,10836,28,RP,CIN,62.333333333333336,25,8,64,19,71,45,0,2,2,0,4,1
2017,Sergio Romo,9817,34,RP,2 Tms,55.666666666666664,55,0,59,19,42,22,0,11,11,1,3,0
2017,Josh Fields,5070,31,RP,LAD,57,57,0,60,15,40,18,2,15,17,1,5,0
2017,Trevor Cahill,6249,29,SP,2 Tms,84,21,14,87,45,91,46,0,1,1,0,4,4
2017,Jarlín García,18282,24,RP,MIA,53.333333333333336,68,0,42,17,47,28,0,15,15,1,1,0
2017,Mark Leiter Jr.,15551,26,RP,PHI,90.66666666666667,27,11,84,31,90,50,0,0,0,0,3,4
2017,Jarred Cosart,10304,27,SP,SDP,24,7,6,15,19,26,13,0,0,0,0,0,0
2017,Zack Wheeler,10310,27,SP,NYM,86.33333333333333,17,17,81,40,97,50,0,0,0,0,3,6
2017,Francis Martes,17303,21,RP,HOU,54.333333333333336,32,4,69,31,51,35,0,1,1,0,5,0
2017,Jeff Locke,2929,29,SP,MIA,32,7,7,26,15,42,29,0,0,0,0,0,0
2017,Chris O'Grady,13818,27,RP,MIA,33,13,6,30,18,33,16,0,2,2,0,2,1
2017,Alec Asher,13560,25,RP,BAL,60,24,6,47,23,61,35,0,0,0,0,2,3
2017,Joaquín Benoit,1437,39,RP,2 Tms,50.333333333333336,52,0,46,22,43,26,2,13,15,1,1,0
2017,Nick Martinez,12730,26,SP,TEX,111.33333333333333,23,18,67,28,124,70,0,0,0,0,3,7
2017,Matt Shoemaker,4776,30,SP,LAA,77.66666666666667,14,14,69,28,73,39,0,0,0,0,6,5
2017,Sam Tuivailala,13485,24,RP,STL,42.333333333333336,37,0,34,11,35,12,0,1,1,0,3,0
2017,Vince Velasquez,11189,25,SP,PHI,72,15,15,68,34,74,41,0,0,0,0,2,4
2017,Kevin McCarthy,15240,25,RP,KCR,45,33,0,27,13,50,16,0,1,1,0,1,0
2017,Brian Johnson,14272,26,SP,BOS,27,5,5,21,8,32,13,0,0,0,0,2,2
2017,Chasen Bradford,12452,27,RP,NYM,33.666666666666664,28,0,27,13,30,14,0,3,3,0,2,0
2017,Danny Barnes,11388,27,RP,TOR,66,60,0,62,24,48,26,0,11,11,1,3,0
2017,Wade LeBlanc,5221,32,RP,PIT,68,50,0,54,17,64,34,1,4,5,1,5,0
2017,Dillon Peters,18790,24,SP,MIA,31.333333333333332,6,6,27,19,32,18,0,0,0,0,1,2
2017,Rex Brothers,9794,29,RP,ATL,23.666666666666668,27,0,33,12,23,19,0,2,2,0,4,0
2017,Richard Bleier,7803,30,RP,BAL,63.333333333333336,57,0,26,13,62,14,0,3,3,0,2,0
2017,Daniel Hudson,7146,30,RP,PIT,61.666666666666664,71,0,66,33,57,30,0,21,21,1,2,0
2017,Ryan Buchter,9456,30,RP,2 Tms,65.33333333333333,71,0,65,26,44,21,1,20,21,1,4,0
2017,Bryan Mitchell,11479,26,RP,NYY,32.666666666666664,20,1,17,13,42,21,1,0,1,0,1,0
2017,Giovanny Gallegos,14986,25,RP,NYY,20.333333333333332,16,0,22,5,21,11,0,0,0,0,0,0
2017,Kelvin Herrera,6033,27,RP,KCR,59.333333333333336,64,0,56,20,60,28,26,4,30,1,3,0
2017,José Ureña,11589,25,SP,MIA,169.66666666666666,34,28,113,64,152,72,0,0,0,0,14,12
2017,A.J. Schugel,11432,28,RP,PIT,32,32,0,27,14,31,7,0,4,4,0,4,0
2017,Chris Hatcher,3299,32,RP,2 Tms,59.666666666666664,49,0,63,21,58,28,1,11,12,1,1,0
2017,Tyler Clippard,5640,32,RP,3 Tms,60.333333333333336,67,0,72,31,47,32,5,9,14,1,2,0
2017,Jim Johnson,3656,34,RP,ATL,56.666666666666664,61,0,61,25,59,35,22,1,23,1,6,0
2017,T.J. McFarland,3237,28,RP,ARI,54,43,1,29,17,65,32,0,2,2,0,4,0
2017,A.J. Cole,11467,25,SP,WSN,52,11,8,44,27,51,22,0,0,0,0,3,3
2017,Mike Dunn,9948,32,RP,COL,50.333333333333336,68,0,57,28,43,25,0,19,19,1,5,0
2017,Max Fried,13743,23,RP,ATL,26,9,4,22,12,30,11,0,0,0,0,1,0
2017,Chasen Shreve,10855,26,RP,NYY,45.333333333333336,44,0,58,25,35,19,0,1,1,0,4,0
2017,Jesse Chavez,5448,33,SP,LAA,138,38,21,119,45,148,82,0,1,1,0,7,7
2017,Jumbo Diaz,3397,33,RP,TBR,30,31,0,28,15,32,19,0,6,6,0,1,0
2017,Hoby Milner,13346,26,RP,PHI,31.333333333333332,37,0,22,16,30,7,0,7,7,0,0,0
2017,Hector Velázquez,19341,28,RP,BOS,24.666666666666668,8,3,19,7,21,8,0,0,0,0,3,0
2017,Kyle Crick,13182,24,RP,SFG,32.333333333333336,30,0,28,17,22,11,0,1,1,0,0,0
2017,Tony Watson,3132,32,RP,2 Tms,66.66666666666667,71,0,53,20,72,25,10,14,24,1,7,0
2017,David Paulino,17418,23,SP,HOU,29,6,6,34,7,36,21,0,0,0,0,2,1
2017,Donnie Hart,15306,26,RP,BAL,43.666666666666664,51,0,29,13,48,18,0,5,5,0,2,0
2017,Danny Coulombe,13293,27,RP,OAK,51.666666666666664,72,0,39,22,46,20,0,13,13,1,2,0
2017,Daniel Stumpf,13780,26,RP,DET,37.666666666666664,55,0,33,15,37,16,0,9,9,1,0,0
2017,Keynan Middleton,15264,23,RP,LAA,58.333333333333336,64,0,63,18,60,25,3,10,13,1,6,0
2017,Alan Busenitz,15239,26,RP,MIN,31.666666666666668,28,0,23,9,22,7,0,2,2,0,1,0
2017,Lucas Sims,13470,23,SP,ATL,57.666666666666664,14,10,44,23,64,36,0,1,1,0,3,3
2017,Vance Worley,6435,29,SP,MIA,71.66666666666667,24,12,50,30,99,55,1,0,1,0,2,2
2017,Albert Suárez,6175,27,RP,SFG,31.666666666666668,18,0,34,11,28,18,1,0,1,0,0,0
2017,Juan Minaya,10341,26,RP,CHW,43.666666666666664,40,0,51,20,38,22,9,2,11,1,3,0
2017,Julio Urías,14765,20,SP,LAD,23.333333333333332,5,5,11,14,23,14,0,0,0,0,0,1
2017,Ubaldo Jiménez,3374,33,SP,BAL,142.66666666666666,31,25,139,58,169,108,0,0,0,0,6,5
2017,John Brebbia,12777,27,RP,STL,51.666666666666664,50,0,51,11,37,14,0,5,5,0,0,0
2017,Luke Jackson,11752,25,RP,ATL,50.666666666666664,43,0,33,19,55,26,0,1,1,0,2,0
2017,A.J. Griffin,11132,29,SP,TEX,77.33333333333333,18,15,61,28,76,51,0,0,0,0,6,4
2017,Pedro Báez,5420,29,RP,LAD,64,66,0,64,29,56,21,0,23,23,1,3,0
2017,Javy Guerra,7407,31,RP,MIA,21,16,0,12,7,23,7,0,0,0,0,1,0
2017,Phil Hughes,7450,31,SP,MIN,53.666666666666664,14,9,38,13,72,35,0,0,0,0,4,3
2017,Josh A. Smith,10946,29,RP,OAK,35,26,0,25,15,35,19,0,1,1,0,2,0
2017,Santiago Casilla,2873,36,RP,OAK,59,63,0,57,22,58,28,16,4,20,1,4,0
2017,Eduardo Paredes,16344,22,RP,LAA,22.333333333333332,18,0,17,6,21,11,1,1,2,0,0,0
2017,Ryan Pressly,7005,28,RP,MIN,61.333333333333336,57,0,61,19,52,32,0,6,6,0,2,0
2017,Craig Stammen,7274,33,RP,SDP,80.33333333333333,60,0,74,28,68,28,0,11,11,1,2,0
2017,Bryan Morris,10234,30,RP,SFG,21,20,0,15,11,24,15,0,1,1,0,2,0
2017,Marco Gonzales,15467,25,SP,2 Tms,40,11,8,32,11,59,27,0,0,0,0,1,0
2017,Sammy Solís,11457,28,RP,WSN,26,30,0,28,13,22,17,1,6,7,0,1,0
2017,Kevin Siegrist,8180,27,RP,2 Tms,39.333333333333336,46,0,43,22,39,21,1,9,10,1,1,0
2017,Mike Wright Jr.,12586,27,RP,BAL,25,13,0,28,7,26,16,0,0,0,0,0,0
2017,Seunghwan Oh,18719,34,RP,STL,59.333333333333336,62,0,54,15,68,27,20,7,27,1,1,0
2017,Jake Odorizzi,6397,27,SP,TBR,143.33333333333334,28,28,127,61,117,66,0,0,0,0,10,11
2017,Kevin Shackelford,11012,28,RP,CIN,30.666666666666668,26,0,38,13,30,16,0,3,3,0,0,0
2017,Mike Morin,13442,26,RP,2 Tms,20,16,0,16,5,29,16,0,0,0,0,0,0
2017,Tony Cingrani,12555,27,RP,2 Tms,42.666666666666664,47,0,52,12,40,20,0,9,9,0,0,0
2017,Derek Law,13133,26,RP,SFG,37.333333333333336,41,0,35,14,45,21,4,5,9,0,4,0
2017,Jorge De La Rosa,2047,36,RP,ARI,51.333333333333336,65,0,45,21,46,24,0,17,17,1,3,0
2017,Ryan Dull,13974,27,RP,OAK,42,49,0,45,16,37,24,0,20,20,1,2,0
2017,Aríel Miranda,17526,28,SP,SEA,160,31,29,137,63,140,91,0,0,0,0,8,9
2017,Austin Brice,17237,25,RP,CIN,32.666666666666664,22,0,26,7,33,18,0,1,1,0,0,0
2017,Carson Fulmer,18311,23,SP,CHW,23.333333333333332,7,5,19,13,16,10,0,0,0,0,3,2
2017,Yovani Gallardo,8173,31,SP,SEA,130.66666666666666,28,22,94,60,138,83,1,0,1,0,5,5
2017,José Torres,14957,23,RP,SDP,68.33333333333333,62,0,63,16,63,32,1,3,4,0,7,0
2017,Tyler Pill,12751,27,RP,NYM,22,7,3,16,10,22,13,0,0,0,0,0,0
2017,Andrew Moore,17553,23,SP,SEA,59,11,9,31,8,60,35,0,0,0,0,1,4
2017,Silvino Bracho,15051,24,RP,ARI,20.666666666666668,21,0,25,7,18,13,0,0,0,0,0,0
2017,Brandon Workman,11428,28,RP,BOS,39.666666666666664,33,0,37,11,37,14,0,4,4,0,1,0
2017,Wily Peralta,7738,28,RP,MIL,57.333333333333336,19,8,52,32,73,50,0,0,0,0,5,2
2017,Marc Rzepczynski,6612,31,RP,SEA,31.333333333333332,64,0,25,20,29,14,1,20,21,1,2,0
2017,Mike Fiers,7754,32,SP,HOU,153.33333333333334,29,28,146,62,157,89,0,0,0,0,8,10
2017,Aaron Sanchez,11490,24,SP,TOR,36,8,8,24,20,42,17,0,0,0,0,1,3
2017,Jack Flaherty,17479,21,SP,STL,21.333333333333332,6,5,20,10,23,15,0,0,0,0,0,0
2017,J.J. Hoover,9037,29,RP,ARI,41.333333333333336,52,0,54,26,47,18,0,10,10,1,3,0
2017,Josh Edgin,10796,30,RP,NYM,37,46,0,27,18,39,15,1,4,5,0,0,0
2017,Jackson Stephens,14420,23,RP,CIN,25,7,4,21,9,19,13,0,0,0,0,2,1
2017,Craig Breslow,4363,36,RP,2 Tms,35.333333333333336,37,0,23,14,41,20,0,1,1,0,1,0
2017,Dan Altavilla,16507,24,RP,SEA,46.666666666666664,41,0,52,20,43,22,0,2,2,0,1,0
2017,Jharel Cotton,13654,25,SP,OAK,129,24,24,105,53,133,80,0,0,0,0,9,6
2017,Ian Kennedy,6986,32,SP,KCR,154,30,30,131,61,143,92,0,0,0,0,5,10
2017,Brock Stewart,16727,25,RP,LAD,34.333333333333336,17,4,29,19,28,13,1,1,2,0,0,0
2017,Miguel Castro,15684,22,RP,BAL,66.33333333333333,39,1,38,28,53,26,0,1,1,0,3,0
2017,Dan Jennings,8073,30,RP,2 Tms,62.666666666666664,77,0,51,31,53,24,0,14,14,1,3,0
2017,Jake Thompson,14371,23,SP,PHI,46.333333333333336,11,8,35,22,50,20,0,0,0,0,3,1
2017,Dovydas Neverauskas,11604,24,RP,PIT,25.333333333333332,24,0,17,8,24,11,0,2,2,0,1,0
2017,Adam Ottavino,1247,31,RP,COL,53.333333333333336,63,0,63,39,48,30,0,21,21,1,2,0
2017,Jhan Mariñez,5830,28,RP,3 Tms,58.333333333333336,43,0,45,26,64,24,0,3,3,0,0,0
2017,Matt Wisler,12804,24,RP,ATL,32.333333333333336,20,1,22,13,43,30,0,0,0,0,0,0
2017,Luke Gregerson,4090,33,RP,HOU,61,65,0,70,20,62,31,1,18,19,1,2,0
2017,Neil Ramírez,7677,28,RP,2 Tms,31.333333333333332,29,0,44,21,35,25,0,2,2,0,0,0
2017,Ryan Garton,14016,27,RP,2 Tms,22,20,0,16,6,18,12,0,1,1,0,0,0
2017,Jimmy Yacabonis,15157,25,RP,BAL,20.666666666666668,14,0,8,14,18,10,0,0,0,0,2,0
2017,Drew Storen,6983,29,RP,CIN,54.666666666666664,58,0,48,23,57,27,1,6,7,0,4,0
2017,Deolis Guerra,8410,28,RP,LAA,25,19,0,22,12,20,13,0,0,0,0,2,0
2017,Tyson Ross,7872,30,SP,TEX,49,12,10,36,37,53,42,0,0,0,0,3,1
2017,Jake Petricka,10534,29,RP,CHW,25.666666666666668,27,0,26,6,39,20,0,3,3,0,1,0
2017,Steven Okert,13580,25,RP,SFG,27,44,0,22,11,24,17,0,11,11,1,1,0
2017,Austin Bibens-Dirkx,9559,32,RP,TEX,69.33333333333333,24,6,38,20,74,36,0,0,0,0,5,2
2017,Adam Conley,14457,27,SP,MIA,102.66666666666667,22,20,72,42,114,70,0,0,0,0,8,8
2017,César Valdez,9013,32,RP,2 Tms,30.666666666666668,11,4,21,11,41,26,0,0,0,0,1,1
2017,Luis Cessa,13345,25,SP,NYY,36,10,5,30,17,36,19,0,0,0,0,0,0
2017,Edwin Jackson,1841,33,SP,2 Tms,76,16,13,60,29,86,44,0,0,0,0,5,7
2017,Shawn Armstrong,12857,26,RP,CLE,24.666666666666668,21,0,20,10,23,12,0,0,0,0,1,0
2017,Matt Strahm,13799,25,RP,KCR,34.666666666666664,24,3,37,22,30,21,0,5,5,0,2,0
2017,Daniel Gossett,16164,24,SP,OAK,91.33333333333333,18,18,72,31,116,62,0,0,0,0,4,7
2017,Simon Castro,9243,29,RP,OAK,37,26,0,35,14,32,18,0,0,0,0,1,0
2017,James Shields,7059,35,SP,CHW,117,21,21,103,53,116,68,0,0,0,0,5,7
2017,Chase De Jong,15036,23,RP,SEA,28.333333333333332,7,4,13,13,31,20,0,0,0,0,0,1
2017,Blaine Hardy,6499,30,RP,DET,33.333333333333336,35,0,28,13,46,22,0,6,6,0,1,0
2017,Michael Brady,8461,30,RP,OAK,31.666666666666668,16,0,24,6,33,20,0,0,0,0,0,0
2017,Tony Sipp,8280,33,RP,HOU,37.333333333333336,46,0,39,16,36,24,0,4,4,0,0,0
2017,Zach Eflin,13774,23,SP,PHI,64.33333333333333,11,11,35,12,79,44,0,0,0,0,1,5
2017,Christian Bergman,10925,29,SP,SEA,54,13,8,33,15,61,30,0,0,0,0,4,3
2017,Johnny Barbato,11440,24,RP,PIT,28.666666666666668,24,0,23,18,25,13,0,0,0,0,0,0
2017,Buddy Boshers,8490,29,RP,MIN,35,38,0,28,10,37,19,0,3,3,0,1,0
2017,Joe Blanton,4849,36,RP,WSN,44.333333333333336,51,0,39,13,53,28,0,7,7,0,2,0
2017,Dillon Overton,15627,25,RP,2 Tms,23,10,2,11,4,30,17,0,0,0,0,0,0
2017,Tom Wilhelmsen,9975,33,RP,ARI,26.333333333333332,27,0,17,12,25,13,0,3,3,0,1,0
2017,Sam Gaviglio,12778,27,SP,2 Tms,74.33333333333333,16,13,49,26,76,36,0,0,0,0,4,4
2017,Hisashi Iwakuma,13048,36,SP,SEA,31,6,6,16,12,27,15,0,0,0,0,0,2
2017,Braden Shipley,15158,25,RP,ARI,25,10,3,18,15,31,16,0,0,0,0,0,0
2017,Félix Peña,13403,27,RP,CHC,34.333333333333336,25,0,37,18,35,20,0,1,1,0,1,0
2017,Michael Tonkin,10315,27,RP,MIN,21,16,0,24,12,22,12,0,0,0,0,0,0
2017,John Axford,9059,34,RP,OAK,21,22,0,21,17,27,15,0,1,1,0,0,0
2017,Tim Adleman,10968,29,SP,CIN,122.33333333333333,30,20,108,51,124,75,0,2,2,0,5,7
2017,Ian Krol,10066,26,RP,ATL,49,51,0,44,21,50,29,0,3,3,0,2,0
2017,Josh Smoker,10285,28,RP,NYM,56.333333333333336,54,0,68,32,64,32,0,7,7,0,1,0
2017,Héctor Santiago,4026,29,SP,MIN,70.33333333333333,15,14,51,31,70,44,0,0,0,0,4,5
2017,Junichi Tazawa,4079,31,RP,MIA,55.333333333333336,55,0,38,22,55,35,0,9,9,0,3,0
2017,Casey Lawrence,11121,29,RP,2 Tms,55.333333333333336,27,2,52,25,77,39,0,0,0,0,2,0
2017,Carlos Torres,7624,34,RP,MIL,72.66666666666667,67,0,56,33,78,34,1,13,14,1,4,0
2017,Grant Dayton,11203,29,RP,LAD,23.666666666666668,29,0,20,12,19,13,0,4,4,0,1,0
2017,Rob Scahill,9286,30,RP,MIL,22.333333333333332,18,0,10,10,21,11,0,0,0,0,1,0
2017,Erik Goeddel,11712,28,RP,NYM,29,33,0,33,11,28,17,0,1,1,0,0,0
2017,Justin Nicolino,11754,25,RP,MIA,48,20,8,26,20,66,27,0,0,0,0,2,1
2017,Chad Bell,10297,28,RP,DET,62.333333333333336,28,4,57,31,81,48,0,1,1,0,0,0
2017,Michael Ynoa,14093,25,RP,CHW,29,22,0,23,22,28,19,0,0,0,0,1,0
2017,Paolo Espino,8246,30,RP,2 Tms,24,12,2,20,10,23,16,0,1,1,0,0,0
2017,Rookie Davis,14962,24,SP,CIN,24,7,6,20,14,38,23,0,0,0,0,1,0
2017,Dustin McGowan,8600,35,RP,MIA,77.66666666666667,63,0,64,27,77,41,0,3,3,0,8,0
2017,Kevin Quackenbush,12360,28,RP,SDP,26.333333333333332,20,0,23,16,32,23,0,1,1,0,0,0
2017,Phil Maton,18064,24,RP,SDP,43,46,0,46,14,41,20,1,8,9,1,3,0
2017,Raúl Alcántara,12790,24,RP,OAK,24,8,4,12,12,22,19,0,0,0,0,1,0
2017,Warwick Saupold,13211,27,RP,DET,62.666666666666664,45,0,44,31,64,34,0,2,2,0,3,0
2017,Chris Young,3196,38,RP,KCR,30,14,2,22,14,47,25,0,0,0,0,0,0
2017,Jeremy Jeffress,9490,29,RP,2 Tms,65.33333333333333,61,1,51,34,73,34,0,8,8,0,5,0
2017,Matt Dermody,14844,26,RP,TOR,22.333333333333332,23,0,15,5,23,11,0,1,1,0,2,0
2017,Troy Scribner,15570,25,RP,LAA,23.666666666666668,10,4,18,10,17,11,0,1,1,0,2,0
2017,Jordan Lyles,7593,26,RP,2 Tms,69.66666666666667,38,5,55,22,96,60,0,2,2,0,1,0
2017,Ariel Hernández,15603,25,RP,CIN,24.333333333333332,19,0,29,22,14,14,0,0,0,0,0,0
2017,Ryne Stanek,15947,25,RP,TBR,20,21,0,29,12,26,13,0,4,4,0,0,0
2017,Mike Bolsinger,11137,29,RP,TOR,41.333333333333336,11,5,39,27,48,29,0,0,0,0,0,0
2017,Tommy Milone,7608,30,RP,2 Tms,48.333333333333336,17,8,38,14,65,41,1,0,1,0,1,0
2017,Joely Rodríguez,11487,25,RP,PHI,27,26,0,18,15,37,19,0,3,3,0,1,0
2017,Hansel Robles,11801,26,RP,NYM,56.666666666666664,46,0,60,29,47,31,0,5,5,0,7,0
2017,Lisalverto Bonilla,11266,27,RP,CIN,36.666666666666664,10,4,28,22,42,33,0,0,0,0,1,1
2017,Robby Scott,13042,27,RP,BOS,35.666666666666664,57,0,31,13,22,15,0,12,12,1,2,0
2017,Justin Grimm,11720,28,RP,CHC,55.333333333333336,50,0,59,27,47,34,1,4,5,0,1,0
2017,Jacob Turner,10185,26,RP,WSN,39,18,2,23,15,43,22,0,1,1,0,2,1
2017,Jason Motte,5861,35,RP,ATL,40.666666666666664,46,0,27,20,28,16,0,5,5,0,1,0
2017,Jake Barrett,13322,25,RP,ARI,27,28,0,26,15,27,15,0,2,2,0,1,0
2017,José Ramírez,10171,27,RP,ATL,62,68,0,56,29,45,22,0,27,27,1,2,0
2017,Ricardo Pinto,16318,23,RP,PHI,29.666666666666668,25,0,25,17,39,26,0,2,2,0,1,0
2017,Josh Osich,11528,28,RP,SFG,43.333333333333336,54,0,43,27,48,30,0,6,6,0,3,0
2017,Tyler Glasnow,14374,23,SP,PIT,62,15,13,56,44,81,53,0,1,1,0,2,3
2017,Aaron Bummer,16258,23,RP,CHW,22,30,0,17,15,13,11,0,7,7,1,1,0
2017,Drew VerHagen,13424,26,RP,DET,34.333333333333336,24,2,25,9,42,22,0,5,5,0,0,0
2017,Jeanmar Gómez,9033,29,RP,PHI,22.333333333333332,18,0,21,7,31,18,2,0,2,0,3,0
2017,Steven Wright,8185,32,SP,BOS,24,5,5,13,5,40,22,0,0,0,0,1,1
2017,Jason Grilli,521,40,RP,2 Tms,40,46,0,48,18,46,28,1,4,5,0,2,0
2017,Brian Ellington,17233,26,RP,MIA,44.666666666666664,42,0,48,35,48,36,0,6,6,0,1,0
2017,Travis Wood,9884,30,RP,2 Tms,94,39,14,65,45,118,71,0,1,1,0,4,3
2017,Tom Koehler,6570,31,RP,2 Tms,72.66666666666667,27,13,62,35,83,54,0,2,2,0,1,2
2017,Neftalí Feliz,18,29,RP,2 Tms,46,49,0,37,23,40,28,8,2,10,1,2,0
2017,Bronson Arroyo,978,40,SP,CIN,71,14,14,45,19,94,58,0,0,0,0,3,3
2017,Junior Guerra,5702,32,SP,MIL,70.33333333333333,21,14,67,43,61,40,0,0,0,0,1,4
2017,Francisco Rodríguez,1642,35,RP,DET,25.333333333333332,28,0,23,11,31,22,7,0,7,0,2,0
2017,Miguel Díaz,18815,22,RP,SDP,41.666666666666664,31,3,33,25,44,34,0,0,0,0,1,0
2017,Frankie Montas,14309,24,RP,OAK,32,23,0,36,20,39,25,0,1,1,0,1,0
2017,Andrew Heaney,15423,26,SP,LAA,21.666666666666668,5,5,27,9,27,17,0,0,0,0,1,1
2017,David Holmberg,7725,25,RP,CHW,57.666666666666664,37,7,33,34,63,30,0,0,0,0,2,0
2017,Chris Flexen,13896,22,SP,NYM,48,14,9,36,35,62,42,0,0,0,0,3,1
2017,Sam Dyson,11710,29,RP,2 Tms,54.666666666666664,55,0,34,30,67,37,14,4,18,1,4,0
2017,Chris Smith,4544,36,SP,OAK,55.666666666666664,14,9,31,22,60,42,0,0,0,0,0,3
2017,Matt Harvey,11713,28,SP,NYM,92.66666666666667,19,18,67,47,110,69,0,0,0,0,5,4
2017,Derek Holland,4141,30,SP,CHW,135,29,26,104,75,156,93,0,0,0,0,7,12
2017,Chris Tillman,5279,29,SP,BAL,93,24,19,63,51,125,81,0,0,0,0,1,3
2017,Mike Pelfrey,5203,33,SP,CHW,120,34,21,79,62,127,79,0,0,0,0,3,2
2017,Jered Weaver,4235,34,SP,SDP,42.333333333333336,9,9,23,12,51,35,0,0,0,0,0,4
2017,Dylan Covey,14825,25,SP,CHW,70,18,12,41,34,83,60,0,0,0,0,0,1
2017,Shawn Kelley,7773,33,RP,WSN,26,33,0,25,11,29,21,4,2,6,0,3,0
2017,Amir Garrett,14375,25,SP,CIN,70.66666666666667,16,14,63,40,74,58,0,1,1,0,3,6
2017,Chris Beck,13418,26,RP,CHW,64.66666666666667,57,0,42,34,73,46,0,3,3,0,2,0
