Season,PlayerName,playerid,Age,position,Team,PA,H,R,RBI,HR,SB,AVG,OBP,SLG,EV,LA,BarrelPct,HardHitPct,Events
2018,Mookie Betts,13611,25,OF,BOS,614,180,129,80,32,30,0.3462,0.4381,0.6404,92.2,18.5,14.1,50.6,434
2018,Mike Trout,10155,26,OF,LAA,608,147,101,79,39,24,0.3121,0.4596,0.6285,91.2,18.6,16.5,46.2,351
2018,Alex Bregman,17678,24,3B,HOU,705,170,105,103,31,10,0.2862,0.3943,0.532,89.4,16.8,7.6,39.9,512
2018,Francisco Lindor,12916,24,SS,CLE,745,183,129,92,38,25,0.2769,0.3518,0.5189,90.6,14.7,9.3,41,560
2018,Christian Yelich,11477,26,OF,MIL,651,187,118,110,36,22,0.3258,0.4025,0.5976,92.6,5,12.9,50.8,441
2018,José Ramírez,13510,25,3B,CLE,698,156,110,105,39,34,0.2699,0.3868,0.5519,89,19,8.3,35.1,504
2018,Manny Machado,11493,25,3B,2 Tms,709,188,84,107,37,14,0.2975,0.3667,0.538,91.6,14.4,11.3,48.2,533
2018,Matt Chapman,16505,25,3B,OAK,616,152,100,68,24,1,0.2779,0.3555,0.5082,93.1,14.9,8.9,47.8,403
2018,Nolan Arenado,9777,27,3B,COL,673,175,104,110,38,2,0.2966,0.3735,0.561,89.8,15.3,7.2,40.5,475
2018,J.D. Martinez,6184,30,DH/OF,BOS,649,188,111,130,43,6,0.3304,0.4022,0.6292,93,10.8,16,52.7,430
2018,Javier Báez,12979,25,SS,CHC,645,176,101,111,34,21,0.2904,0.3261,0.5545,90.6,9.6,12.6,43.3,444
2018,Jose Altuve,5417,28,2B,HOU,599,169,84,61,13,17,0.3165,0.3859,0.4513,87.2,10.1,5.9,33.8,459
2018,Anthony Rendon,12861,28,3B,WSN,597,163,88,92,24,2,0.3081,0.3735,0.535,90.7,17.9,10.3,44.8,455
2018,Yasmani Grandal,11368,29,C,LAD,518,106,65,68,24,2,0.2409,0.3494,0.4659,88.9,14.1,11.6,40.4,319
2018,Trea Turner,16252,25,SS,WSN,740,180,103,73,19,43,0.2711,0.3442,0.4157,89.1,9.3,5.8,38.6,534
2018,Brandon Nimmo,12927,25,OF,NYM,535,114,77,47,17,9,0.2633,0.4037,0.4827,89.9,10.7,6.5,42.1,293
2018,Aaron Judge,15640,26,OF,NYY,498,115,77,67,27,6,0.2785,0.3916,0.5278,94.7,12.4,16.2,54.1,266
2018,Whit Merrifield,11281,29,2B/OF,KCR,707,192,88,60,12,45,0.3038,0.3674,0.4383,87,16.9,4.6,31.2,526
2018,Mitch Haniger,14274,27,OF,SEA,683,170,90,93,26,8,0.2852,0.366,0.4933,90.2,12.7,10.3,43.2,455
2018,Trevor Story,12564,25,SS,COL,656,174,88,108,37,27,0.291,0.3476,0.5669,91,15.9,12.7,46.2,434
2018,J.T. Realmuto,11739,27,C,MIA,531,132,74,74,21,3,0.2767,0.3403,0.4843,88.9,14.5,9,41.2,377
2018,Xander Bogaerts,12161,25,SS,BOS,580,148,72,103,23,8,0.2885,0.3603,0.5224,90.6,12.6,9.8,41.8,417
2018,Paul Goldschmidt,9218,30,1B,ARI,690,172,95,83,33,7,0.2901,0.389,0.5329,90.8,15.7,13.6,44,420
2018,Freddie Freeman,5361,28,1B,ATL,707,191,94,98,23,10,0.3091,0.3876,0.5049,89.1,14.5,9.3,39.8,492
2018,Eugenio Suárez,12552,26,3B,CIN,606,149,79,104,34,1,0.2827,0.3663,0.5256,91.2,14.8,9.7,45.6,391
2018,Ronald Acuña Jr.,18401,20,OF,ATL,487,127,78,64,26,16,0.2933,0.3655,0.552,90.9,13.1,13.4,46.6,313
2018,Andrew Benintendi,17901,23,OF,BOS,661,168,103,87,16,21,0.2902,0.3657,0.4646,88.6,12.8,6.4,33.7,482
2018,Max Muncy,13301,27,1B/3B,LAD,481,104,75,79,35,3,0.2633,0.3909,0.5823,90.3,18.3,16.9,46.4,266
2018,Justin Turner,5235,33,3B,LAD,426,114,62,52,14,2,0.3123,0.4061,0.5178,89.1,18.3,7.7,36.7,313
2018,Matt Carpenter,8090,32,3B,STL,677,145,111,81,36,4,0.2571,0.3743,0.523,90.7,21.6,13.7,44.7,410
2018,Starling Marte,9241,29,OF,PIT,606,155,81,72,20,33,0.2773,0.3273,0.4597,88.4,8.9,7.5,38.8,454
2018,Nick Ahmed,12147,28,SS,ARI,564,121,61,70,16,5,0.2345,0.2895,0.4109,86.9,11.9,5.1,30,413
2018,Ozzie Albies,16556,21,2B,ATL,684,167,105,72,24,14,0.2613,0.3045,0.4523,86.8,16.1,4.7,29.4,527
2018,Miguel Andujar,15878,23,3B/OF,NYY,606,170,83,92,27,2,0.2967,0.3284,0.5271,89.2,12.3,6.3,36.5,480
2018,David Peralta,2136,30,OF,ARI,614,164,75,87,30,4,0.2929,0.3518,0.5161,91.5,6.7,7.8,46.3,438
2018,Giancarlo Stanton,4949,28,DH/OF,NYY,705,164,102,100,38,5,0.2658,0.3433,0.5089,93.7,11.7,15.1,50.8,416
2018,Carlos Correa,14162,23,SS,HOU,468,96,60,65,15,3,0.2388,0.3226,0.4055,88.2,11.6,7,33.4,302
2018,Harrison Bader,18030,24,OF,STL,427,100,61,37,12,15,0.2639,0.3341,0.4222,87.1,13.7,6.9,30.8,260
2018,Juan Soto,20123,19,OF,WSN,494,121,77,70,22,5,0.2923,0.4057,0.5169,90.5,6.2,9.8,42.2,316
2018,Tommy Pham,2967,30,OF,2 Tms,570,136,102,63,21,15,0.2753,0.3667,0.4636,93,6.6,10.1,49.9,357
2018,Cody Bellinger,15998,22,1B/OF,LAD,632,145,84,76,25,14,0.2603,0.3434,0.4704,89.8,16.2,8.6,38.9,409
2018,Chris Taylor,13757,27,OF,LAD,604,136,85,63,17,9,0.2537,0.3311,0.444,88.9,16.4,8.3,38.5,362
2018,Michael Conforto,16376,25,OF,NYM,638,132,78,82,28,3,0.2431,0.3495,0.4475,88.1,12.3,9.5,37.8,388
2018,Anthony Rizzo,3473,28,1B,CHC,665,160,74,101,25,6,0.2827,0.3759,0.47,90.1,14.7,6.5,40.6,495
2018,Eddie Rosario,12155,26,OF,MIN,592,161,87,77,24,8,0.288,0.3232,0.4794,87.7,17.8,8.3,34.2,458
2018,Bryce Harper,11579,25,OF,WSN,695,137,103,100,34,13,0.2491,0.3928,0.4964,91,14.4,11.5,45.4,390
2018,George Springer,12856,28,OF,HOU,620,144,102,71,22,6,0.2647,0.3458,0.4338,88.6,9.5,8.9,37.4,425
2018,Randal Grichuk,10243,26,OF,TOR,462,104,60,61,25,3,0.2453,0.3009,0.5024,90.7,18.7,14.4,43.4,305
2018,Ketel Marte,13613,24,2B,ARI,580,135,68,59,14,6,0.2596,0.3316,0.4365,88.8,5.8,5,36.9,444
2018,Enrique Hernández,10472,26,OF,LAD,462,103,67,52,21,3,0.2562,0.3362,0.4701,89.1,16.5,7.2,37,333
2018,Marcus Semien,12533,27,2B/SS,OAK,703,161,89,70,15,14,0.2547,0.3181,0.3877,86.8,15.5,4.5,32.1,510
2018,Kris Bryant,15429,26,3B/OF,CHC,457,106,59,52,13,2,0.2725,0.3742,0.4602,85.8,17.8,9.1,33.5,285
2018,Matt Olson,14344,24,1B,OAK,660,143,85,84,29,2,0.2466,0.3348,0.4534,93.3,18.1,12.2,52.2,419
2018,Austin Hedges,12976,25,C,SDP,326,70,29,37,14,3,0.231,0.2822,0.429,85.6,16.1,6.5,29.9,214
2018,Shohei Ohtani,19755,23,DH,LAA,367,93,59,61,22,10,0.2853,0.3607,0.5644,92.9,12.4,16,51.1,225
2018,Jeff McNeil,15362,26,2B/OF,NYM,248,74,35,19,3,7,0.3289,0.3811,0.4711,86.6,15.5,2.4,28.9,205
2018,Charlie Blackmon,7859,31,OF,COL,696,182,119,70,29,12,0.2907,0.3583,0.5016,87.5,12,6.5,35.2,495
2018,Gleyber Torres,16997,21,2B,NYY,484,117,54,77,24,6,0.2715,0.3395,0.4803,88.9,19,9.2,36.8,315
2018,Tim Anderson,15172,25,SS,CHW,606,136,77,64,20,26,0.2399,0.2815,0.4056,85.8,10.8,4.7,27.9,423
2018,Carlos Santana,2396,32,1B,PHI,679,128,82,86,24,2,0.2286,0.352,0.4143,88.9,15.2,6.9,39.1,475
2018,Max Kepler,12144,25,OF,MIN,611,119,80,58,20,4,0.2237,0.3191,0.4079,89.5,16.3,6.6,38.2,439
2018,Kyle Schwarber,16478,25,DH/OF,CHC,510,102,64,61,26,4,0.2383,0.3556,0.4673,90.9,12.3,12.7,45,291
2018,Jurickson Profar,10815,25,OF,TEX,594,133,82,77,20,10,0.2538,0.335,0.458,87.3,12.4,5,31.8,440
2018,Joey Gallo,14128,24,OF,TEX,577,103,82,92,40,3,0.206,0.312,0.498,94.3,21.9,22.5,49.5,293
2018,Jeimer Candelario,13621,24,3B,DET,619,121,78,54,19,3,0.2245,0.3166,0.3933,87.1,15.3,6,33.6,384
2018,Luke Maile,13355,27,C,TOR,231,50,22,27,3,2,0.2475,0.3333,0.3663,89.3,11.1,5.1,43.1,137
2018,Nick Castellanos,11737,26,3B/OF,DET,678,185,88,89,23,2,0.2984,0.354,0.5,89.6,15.2,11.2,40.7,472
2018,Andrew McCutchen,9847,31,OF,2 Tms,682,145,83,65,20,14,0.2548,0.368,0.4236,90,13.4,8.4,41.9,431
2018,Martín Maldonado,6887,31,C,2 Tms,404,84,39,44,9,0,0.2252,0.2761,0.3512,85.7,14.7,5,26.5,279
2018,Mark Canha,11445,29,OF,OAK,411,91,60,52,17,1,0.2493,0.3285,0.4493,87,15.5,9,34.8,279
2018,Rhys Hoskins,16472,25,1B,PHI,660,137,89,96,34,5,0.2455,0.3536,0.4964,88.9,22.5,11.4,39.2,413
2018,Marcell Ozuna,10324,27,DH/OF,STL,628,163,69,88,23,3,0.2801,0.3254,0.433,91.5,10.8,9.7,45.1,476
2018,Ramón Laureano,17128,23,OF,OAK,176,45,27,19,5,7,0.2885,0.358,0.4744,89.8,10.3,11.1,41.7,108
2018,Adam Frazier,15223,26,2B/OF,PIT,352,88,52,35,10,1,0.2767,0.3419,0.456,88,10.4,4.1,31.5,267
2018,DJ LeMahieu,9874,29,2B,COL,581,147,90,62,15,6,0.2758,0.3212,0.4278,91.3,5.9,5.2,43.2,460
2018,Joc Pederson,11899,26,OF,LAD,443,98,65,56,25,1,0.2481,0.3213,0.5215,91.5,15.8,8.3,40.6,314
2018,Jason Heyward,4940,28,OF,CHC,489,119,67,57,8,1,0.2705,0.3354,0.3955,88.3,9.6,2.9,38.8,384
2018,Hunter Renfroe,15464,26,OF,SDP,441,100,53,68,26,2,0.2481,0.3016,0.5037,89.9,18.4,12.4,43.6,299
2018,Elias Díaz,11680,27,C,PIT,277,72,33,34,10,0,0.2857,0.3394,0.4524,89.6,10.4,6.5,40.5,215
2018,José Abreu,15676,31,1B,CHW,553,132,68,78,22,2,0.2645,0.3255,0.4729,91.3,12.2,9.1,45.2,396
2018,Dansby Swanson,18314,24,SS,ATL,533,114,51,59,14,10,0.2385,0.3036,0.3954,88,14.1,4.1,34,365
2018,Josh Bell,13145,25,1B,PIT,583,131,74,62,12,2,0.2615,0.3568,0.4112,90.2,9.4,7,39.3,402
2018,Jose Iglesias,10231,28,SS,DET,464,116,43,48,5,15,0.2685,0.3102,0.3889,84.8,12.1,1.3,22.6,390
2018,Kevin Kiermaier,11038,28,OF,TBR,367,72,44,29,7,10,0.2169,0.2822,0.3705,86,7.5,4.5,29,245
2018,Austin Barnes,12158,28,C,LAD,238,41,32,14,4,4,0.205,0.3291,0.29,87.6,5.6,3.7,31.5,134
2018,Kevin Pillar,12434,29,OF,TOR,542,129,65,59,15,14,0.252,0.2823,0.4258,87.3,16.8,5.7,36.7,420
2018,Travis Jankowski,13768,27,OF,SDP,387,90,45,17,4,24,0.2594,0.3325,0.3458,85.6,3.3,0.7,19.3,276
2018,Miguel Rojas,7802,29,SS,MIA,528,123,44,53,11,6,0.252,0.2971,0.3463,84.7,9.3,0.9,23.8,426
2018,Jorge Polanco,13152,24,2B/SS,MIN,333,87,38,42,6,7,0.2881,0.3455,0.4272,85.8,17.8,3.7,28.3,244
2018,Robbie Grossman,5254,28,OF,MIN,465,108,50,48,5,0,0.2727,0.3672,0.3838,87.1,15.1,2.2,28.4,320
2018,Paul DeJong,18015,24,SS,STL,490,105,68,68,19,1,0.2408,0.3129,0.4335,89.3,19.1,9.1,40.3,318
2018,Willy Adames,15986,22,SS,TBR,323,80,43,34,10,6,0.2778,0.3478,0.4062,86.7,8.5,6.6,29.6,196
2018,Jesse Winker,13590,24,OF,CIN,334,84,38,43,7,0,0.2989,0.4054,0.4306,90.9,13.6,6.3,42.2,237
2018,Nick Martini,12005,28,DH/OF,OAK,179,45,26,19,1,0,0.2961,0.3966,0.4145,88,2.9,2.6,40.2,117
2018,Jake Cave,14477,25,OF,MIN,309,75,54,45,13,2,0.265,0.3127,0.4735,89.2,10.5,14.5,38.2,186
2018,Tyler O'Neill,15711,23,OF,STL,142,33,29,23,9,2,0.2538,0.3028,0.5,92.1,22.2,22.7,45.3,75
2018,Yoán Moncada,17232,23,3B,CHW,650,136,73,61,17,12,0.2353,0.3148,0.3997,91,15.4,9.6,44.2,365
2018,Manuel Margot,14712,23,OF,SDP,519,117,50,51,8,11,0.2453,0.2915,0.3836,89.4,11.5,3.3,37,397
2018,Gary Sánchez,11442,25,C,NYY,374,60,51,53,18,1,0.1858,0.2914,0.4056,90.3,14.2,13.9,41.6,231
2018,Michael A. Taylor,11489,27,OF,WSN,385,80,46,28,6,24,0.2266,0.2872,0.3569,88.5,8.1,6.3,34.3,239
2018,Willson Contreras,11609,26,C,CHC,544,118,50,54,10,4,0.2489,0.3395,0.3903,88.2,8,7.3,33.3,357
2018,Ryan O'Hearn,16442,24,1B/DH,KCR,170,39,23,30,12,0,0.2617,0.3529,0.5973,91.4,17.7,12.5,44.2,104
2018,Ian Happ,17919,23,OF,CHC,462,90,56,44,15,8,0.2326,0.3528,0.4083,90,14.1,12.2,40.5,222
2018,Rafael Devers,17350,21,3B,BOS,490,108,59,66,21,5,0.24,0.298,0.4333,90.9,11.2,9.1,42,331
2018,Teoscar Hernández,13066,25,OF,TOR,523,114,67,57,22,5,0.2395,0.3021,0.4685,91.9,16.9,15.5,46.2,316
2018,Brandon Lowe,18882,23,2B,TBR,148,30,16,25,6,2,0.2326,0.3243,0.4496,89.3,14.3,10.9,43.5,92
2018,Wilmer Flores,5827,26,1B,NYM,429,103,43,51,11,0,0.2668,0.3193,0.4171,86.3,17.1,2.8,27.1,353
2018,Lourdes Gurriel Jr.,19238,24,OF,TOR,263,70,30,35,11,1,0.2811,0.3092,0.4458,91.1,11.1,7.8,45.6,193
2018,Jorge Soler,14221,26,DH/OF,KCR,257,59,27,28,9,3,0.2646,0.3541,0.4664,89.6,10.6,10.3,41.3,156
2018,Isiah Kiner-Falefa,16512,23,SS,TEX,396,93,43,34,4,7,0.2612,0.3248,0.3567,84.9,7,0.7,23.7,300
2018,Amed Rosario,15518,22,SS,NYM,592,142,76,51,9,24,0.2563,0.2954,0.3809,87.8,7.7,3.9,32.3,441
2018,Christian Vázquez,9774,27,C,BOS,269,52,24,16,3,4,0.2072,0.2575,0.2829,87.4,13,1.9,29,211
2018,Corey Seager,13624,24,SS,LAD,115,27,13,13,2,0,0.2673,0.3478,0.396,91.4,9.9,8.2,40.5,85
2018,Mitch Garver,15161,27,C/DH,MIN,335,81,38,45,7,0,0.2682,0.3353,0.4139,89,12.7,5.6,38.8,232
2018,Yandy Díaz,16578,26,1B/3B,CLE,120,34,15,15,1,0,0.3119,0.375,0.422,92.1,4.4,4.4,44.4,90
2018,Adam Duvall,10950,29,OF,2 Tms,427,75,48,61,15,2,0.1953,0.274,0.3646,89,22.6,10.4,41.6,268
2018,J.P. Crawford,15491,23,SS,PHI,138,25,17,12,3,2,0.2137,0.3185,0.3932,88.2,16.2,4.9,34.1,82
2018,Salvador Perez,7304,28,C,KCR,544,120,52,80,27,1,0.2353,0.2739,0.4392,91.3,18,10.8,47.5,407
2018,Austin Wynns,15271,27,C,BAL,118,28,16,11,4,0,0.2545,0.287,0.3818,85.6,8,3.4,27.3,88
2018,Curt Casali,12510,29,C,CIN,156,41,15,16,4,0,0.2929,0.3548,0.45,86.9,14.4,4.5,30.9,110
2018,Cedric Mullins,17929,23,OF,BAL,191,40,23,11,4,2,0.2353,0.3122,0.3588,89.3,10.1,3,28.9,135
2018,Jake Bauers,15194,22,1B/OF,TBR,388,65,48,48,11,6,0.2012,0.3161,0.3839,87.6,12.1,7,31.3,227
2018,Orlando Arcia,13185,23,SS,MIL,366,82,32,30,3,7,0.2356,0.2685,0.3075,86.3,4,2.3,28.6,263
2018,Austin Slater,16153,25,OF,SFG,225,50,21,23,1,7,0.2513,0.3333,0.3065,87.3,2.6,2.3,35.1,131
2018,Ryan McMahon,15112,23,3B,COL,202,42,17,19,5,1,0.232,0.3069,0.3757,89.3,7.5,5.1,44.1,118
2018,Rob Refsnyder,13770,27,OF,TBR,103,14,10,5,2,0,0.1667,0.3137,0.2738,88.2,12.6,6.9,33.3,58
2018,Victor Caratini,14968,24,C,CHC,200,42,21,21,2,0,0.232,0.2929,0.3039,88.8,6.4,3.5,37.3,142
2018,Anthony Santander,14551,23,OF,BAL,108,20,8,6,1,1,0.198,0.25,0.297,87.6,16.2,5,26.3,80
2018,Taylor Ward,17548,24,OF,LAA,147,24,14,15,6,2,0.1778,0.2449,0.3333,86.9,16.2,7.8,33.3,90
2018,Dominic Smith,15653,23,1B/OF,NYM,149,32,14,11,5,0,0.2238,0.255,0.4196,87.6,17.2,6.3,31.3,96
2018,J.D. Davis,16219,25,3B,HOU,113,18,9,5,1,0,0.1748,0.2478,0.2233,88.5,8.8,8.1,36.5,74
2018,James McCann,12859,28,C,DET,457,94,31,39,8,0,0.2201,0.267,0.3138,87.8,16.2,5.1,37.4,313
2018,Willie Calhoun,17838,23,DH/OF,TEX,108,22,8,11,2,0,0.2222,0.2685,0.3333,87.2,11.6,2.6,23.4,77
2019,Alex Bregman,17678,25,3B,HOU,690,164,122,112,41,5,0.296,0.4232,0.5921,89.3,19.6,4.8,38,479
2019,Cody Bellinger,15998,23,1B/OF,LAD,660,170,121,115,47,15,0.3047,0.4061,0.629,91.1,17.9,12.7,45.9,455
2019,Mike Trout,10155,27,OF,LAA,600,137,110,104,45,11,0.2915,0.4383,0.6447,90.9,22.2,18.9,44.4,354
2019,Anthony Rendon,12861,29,3B,WSN,646,174,117,126,34,5,0.3193,0.4118,0.5982,90.4,19.5,12,46.6,468
2019,Christian Yelich,11477,27,OF,MIL,580,161,100,97,44,30,0.3292,0.4293,0.6708,93.3,11.3,15.8,49.1,374
2019,Marcus Semien,12533,28,2B/SS,OAK,747,187,123,92,33,10,0.2846,0.3695,0.5221,88.9,14.9,8.5,38.1,556
2019,Rafael Devers,17350,22,3B,BOS,702,201,129,115,32,8,0.3107,0.3609,0.5549,92.5,10.5,9,48.5,531
2019,Ketel Marte,13613,25,2B,ARI,628,187,97,92,32,10,0.3286,0.3885,0.5923,90,11.5,9.3,40,485
2019,Nolan Arenado,9777,28,3B,COL,662,185,102,118,41,3,0.3146,0.3792,0.5833,89.4,17.7,8,37.6,503
2019,George Springer,12856,29,OF,HOU,556,140,96,96,39,6,0.2923,0.3831,0.5908,89.8,10.5,14.1,44.8,370
2019,Francisco Lindor,12916,25,SS,CLE,654,170,101,74,32,22,0.2843,0.3354,0.5184,91,12.3,7.5,41,507
2019,Trevor Story,12564,26,SS,COL,656,173,111,85,35,23,0.2942,0.3628,0.5544,91,17.5,8.6,46,417
2019,Xander Bogaerts,12161,26,SS,BOS,698,190,110,117,33,4,0.3094,0.384,0.5554,90.7,13.3,8.6,44.5,498
2019,J.T. Realmuto,11739,28,C,PHI,593,148,92,83,25,9,0.2751,0.3277,0.4926,90.3,14.4,8.7,41.1,423
2019,Mookie Betts,13611,26,OF,BOS,706,176,135,80,29,16,0.2948,0.3909,0.5243,91,19,10.3,47.4,505
2019,DJ LeMahieu,9874,30,2B,NYY,655,197,109,102,26,5,0.3272,0.3746,0.5183,91.9,6.6,7.5,48.7,517
2019,Yasmani Grandal,11368,30,C,MIL,632,126,79,77,28,5,0.2456,0.3797,0.4678,90.7,14.2,11.3,41.8,379
2019,Javier Báez,12979,26,SS,CHC,561,149,89,85,29,11,0.2806,0.3155,0.5311,91.1,7.7,12.7,43.6,377
2019,Matt Chapman,16505,26,3B,OAK,670,145,102,91,36,1,0.2487,0.3418,0.506,92.7,16.6,12.1,49,439
2019,Juan Soto,20123,20,OF,WSN,659,153,110,110,34,12,0.2823,0.4006,0.548,92,12.5,12.3,47.8,416
2019,Yoán Moncada,17232,24,3B,CHW,559,161,83,79,25,10,0.3151,0.3674,0.5479,93.1,12.3,12.2,47.9,361
2019,Ronald Acuña Jr.,18401,21,OF,ATL,715,175,127,101,41,37,0.2796,0.3652,0.5176,90.6,14.2,15,47.4,439
2019,Jose Altuve,5417,29,2B,HOU,548,149,89,74,31,6,0.298,0.3528,0.55,87.4,9.7,8.1,34.5,422
2019,Jeff McNeil,15362,27,2B/OF,NYM,567,162,83,75,23,5,0.3176,0.3845,0.5314,89,13.8,4.8,36.7,436
2019,Carlos Santana,2396,33,1B,CLE,686,161,110,93,34,4,0.281,0.3965,0.5148,91.8,11.7,9.6,44.9,467
2019,Pete Alonso,19251,24,1B,NYM,693,155,103,120,53,1,0.2596,0.3579,0.5829,90.7,14.8,15.8,42.7,417
2019,Tim Anderson,15172,26,SS,CHW,518,167,81,56,18,17,0.3353,0.3571,0.508,88.3,8.7,5.1,37.6,391
2019,Trea Turner,16252,26,SS,WSN,569,155,96,57,19,35,0.2975,0.3533,0.4971,90.4,9.9,6.8,42,410
2019,Max Muncy,13301,28,1B/3B,LAD,589,122,101,98,35,4,0.2505,0.3735,0.5154,89.8,14.5,12,43.4,342
2019,Freddie Freeman,5361,29,1B,ATL,692,176,113,121,38,6,0.2948,0.3887,0.5494,89.7,14.4,12.3,42.5,472
2019,Kris Bryant,15429,27,3B/OF,CHC,634,153,108,77,31,4,0.2818,0.3817,0.5212,87.6,19.2,9.3,34.1,400
2019,Eugenio Suárez,12552,27,3B,CIN,662,156,87,103,49,3,0.2713,0.358,0.5722,89.3,17.7,13.8,40.8,392
2019,Ozzie Albies,16556,22,2B,ATL,702,189,102,86,24,15,0.2953,0.3519,0.5,88.9,15.6,6.6,34,532
2019,Aaron Judge,15640,27,OF,NYY,447,103,75,55,27,3,0.2725,0.3812,0.5397,96,11.6,20.2,58.4,238
2019,Michael Conforto,16376,26,OF,NYM,648,141,90,92,33,7,0.2568,0.3627,0.4936,89.2,15.9,11.9,39.2,405
2019,J.D. Martinez,6184,31,DH/OF,BOS,657,175,98,105,36,2,0.3043,0.3826,0.5565,91.4,12.5,12,48.3,442
2019,Mark Canha,11445,30,OF,OAK,497,112,80,58,26,3,0.2732,0.3964,0.5171,89.1,15.2,9.5,41.1,305
2019,Mitch Garver,15161,28,C/DH,MIN,359,85,70,67,31,0,0.2733,0.3649,0.6302,91.1,15.3,15.5,50,226
2019,Justin Turner,5235,34,3B,LAD,549,139,80,67,27,2,0.2902,0.3716,0.5094,90.3,17.8,7.8,43,396
2019,Ramón Laureano,17128,24,OF,OAK,481,125,79,67,24,13,0.288,0.3396,0.5207,89.7,14.7,9.7,40.4,320
2019,Max Kepler,12144,26,OF,MIN,596,132,98,90,36,1,0.2519,0.3356,0.5191,89.7,18.2,8.9,42.1,429
2019,Carlos Correa,14162,24,SS,HOU,321,78,42,59,21,1,0.2786,0.3583,0.5679,89,12.5,12.9,42,209
2019,Bryce Harper,11579,26,OF,PHI,682,149,98,114,35,15,0.26,0.3724,0.5096,91.9,13.7,14.8,45.6,399
2019,Matt Olson,14344,25,1B,OAK,547,129,73,91,36,0,0.2671,0.351,0.5445,92.7,19.4,14.5,50.4,346
2019,Yordan Alvarez,19556,22,DH/OF,HOU,369,98,58,78,27,0,0.3131,0.4119,0.655,92.2,13.4,16.7,48.9,221
2019,Bryan Reynolds,19326,24,OF,PIT,546,154,83,68,16,3,0.3136,0.3773,0.5031,89.5,9.4,6.7,41.6,373
2019,Starling Marte,9241,30,OF,PIT,586,159,97,82,23,25,0.295,0.3425,0.5028,88.6,8.2,8,38.6,451
2019,Anthony Rizzo,3473,29,1B,CHC,613,150,89,94,27,5,0.293,0.4046,0.5195,89,12.6,6.8,37,429
2019,Victor Robles,18363,22,OF,WSN,617,139,86,65,17,28,0.2546,0.3257,0.4194,83.3,16.7,4.8,23,417
2019,Tommy Edman,19470,24,2B,STL,349,99,59,36,11,15,0.3037,0.3496,0.5,87.4,14.2,5.3,33.6,265
2019,Corey Seager,13624,25,SS,LAD,541,133,82,87,19,1,0.272,0.3346,0.4826,88.8,14.3,7.3,38.2,395
2019,Jorge Soler,14221,27,DH/OF,KCR,679,156,95,117,48,3,0.2649,0.3536,0.5688,92.6,15.4,16.9,50.1,415
2019,José Ramírez,13510,26,3B,CLE,542,123,68,83,23,24,0.2552,0.3266,0.4793,89.2,19.8,6.3,35.7,414
2019,Christian Vázquez,9774,28,C,BOS,521,133,66,72,23,4,0.2759,0.3205,0.4772,89.4,13.6,5.9,40.3,387
2019,Tommy Pham,2967,31,OF,TBR,654,155,77,68,21,25,0.2734,0.3685,0.4497,90.9,5.2,7.9,45,445
2019,Nick Ahmed,12147,29,SS,ARI,625,141,79,82,19,8,0.2536,0.3157,0.4371,87.8,7.6,6.6,34,456
2019,Gleyber Torres,16997,22,2B,NYY,604,152,96,90,38,5,0.2784,0.3367,0.5348,89.1,17.6,10.1,36.8,424
2019,Paul DeJong,18015,25,SS,STL,664,136,97,78,30,9,0.2333,0.3178,0.4443,87,18.3,8.6,33.9,440
2019,Jorge Polanco,13152,25,2B/SS,MIN,704,186,107,79,22,4,0.2948,0.3561,0.4849,88,19.1,6.7,33.1,524
2019,Willy Adames,15986,23,SS,TBR,584,135,69,52,20,4,0.2542,0.3167,0.4181,88.5,10.8,8.4,35.6,382
2019,Whit Merrifield,11281,30,2B/OF,KCR,735,206,105,74,16,20,0.3025,0.3483,0.4626,87.1,15.6,4.5,29.2,559
2019,Gio Urshela,10681,27,3B,NYY,476,139,73,74,21,1,0.3145,0.355,0.5339,90.5,13.7,7,41.6,359
2019,Byron Buxton,14161,25,OF,MIN,295,71,48,46,10,14,0.262,0.314,0.5129,90,20.3,7.8,38.7,206
2019,Josh Bell,13145,26,1B,PIT,613,146,94,116,37,0,0.277,0.367,0.5693,92.4,13.1,12.7,47.2,416
2019,Christian Walker,13419,28,1B,ARI,603,137,86,73,29,8,0.259,0.3483,0.4764,91.1,14.8,13.1,48.8,375
2019,Mike Tauchman,15274,28,OF,NYY,296,72,46,47,13,6,0.2769,0.3615,0.5038,88.7,11.3,6.3,38.9,190
2019,Paul Goldschmidt,9218,31,1B,STL,682,155,97,97,34,3,0.2596,0.3456,0.4757,90.1,15.4,11.3,42.4,434
2019,Fernando Tatis Jr.,19709,20,SS/OF,SDP,372,106,61,53,22,16,0.3174,0.379,0.5898,90.4,6.7,13.2,44.1,227
2019,Joey Gallo,14128,25,OF,TEX,297,61,54,49,22,4,0.2531,0.3885,0.5975,94.8,22.4,26.4,53.1,129
2019,Joc Pederson,11899,27,OF,LAD,514,112,83,74,36,1,0.2489,0.3385,0.5378,91.2,15.6,10.3,43.5,341
2019,Cavan Biggio,19252,24,2B,TOR,430,83,66,48,16,14,0.2345,0.3636,0.4294,88.9,20.1,9,39.9,233
2019,Adam Frazier,15223,27,2B/OF,PIT,608,154,80,50,10,5,0.278,0.3361,0.417,87.1,13.1,1.9,28.3,484
2019,J.D. Davis,16219,26,3B,NYM,453,126,65,57,22,3,0.3073,0.36870000000000003,0.5268,91.5,10.2,11.1,47.9,315
2019,Manny Machado,11493,26,3B,SDP,661,150,81,85,32,5,0.2555,0.3343,0.4617,91.2,13,8,43.7,462
2019,Kevin Kiermaier,11038,29,OF,TBR,480,102,60,55,14,19,0.2282,0.2777,0.3982,89.2,6.9,5.5,37.7,345
2019,Mike Yastrzemski,14854,28,OF,SFG,411,101,64,55,21,2,0.2722,0.3341,0.5175,89.6,19.5,11.2,42.9,268
2019,Willson Contreras,11609,27,C,CHC,409,98,57,64,24,1,0.2722,0.3545,0.5333,88.5,7.5,11.5,41.5,260
2019,Jason Heyward,4940,29,OF,CHC,589,129,78,62,21,8,0.2515,0.343,0.4288,88.8,11.3,5.7,36.5,406
2019,Carson Kelly,13620,24,C,ARI,365,77,46,47,18,0,0.2452,0.3479,0.4777,88.9,14.3,8.5,40.4,236
2019,Nick Castellanos,11737,27,3B/OF,2 Tms,664,178,100,73,27,2,0.2894,0.3373,0.5252,88.9,13.9,10.9,41.5,475
2019,Rhys Hoskins,16472,26,1B,PHI,705,129,86,85,29,2,0.2263,0.3642,0.4544,89.7,24,9.7,38.7,403
2019,Kevin Newman,17696,25,2B/SS,PIT,531,152,61,64,12,16,0.3083,0.3535,0.4462,85.3,8.5,2.1,24.8,434
2019,Alex Verdugo,17027,23,OF,LAD,377,101,43,44,12,4,0.2945,0.3422,0.4752,89.4,9,5.7,39.7,300
2019,Charlie Blackmon,7859,32,OF,COL,634,182,112,86,32,2,0.3138,0.3644,0.5759,88.7,14.6,8.3,40.3,481
2019,Kyle Schwarber,16478,26,DH/OF,CHC,610,132,82,92,38,2,0.2495,0.3393,0.5312,93.5,15.5,14.5,51.2,379
2019,Chris Taylor,13757,28,OF,LAD,414,96,52,52,12,8,0.2623,0.3325,0.4617,86,13.8,5.4,32.3,258
2019,Marcell Ozuna,10324,28,DH/OF,STL,549,117,80,89,29,12,0.2412,0.3279,0.4722,91.8,13.5,12.1,49.2,372
2019,Gary Sánchez,11442,26,C,NYY,446,92,62,77,34,0,0.2323,0.3161,0.5253,91,19.2,19.1,41.9,272
2019,Brandon Lowe,18882,24,2B,TBR,327,80,42,51,17,5,0.2703,0.3364,0.5135,91.6,19.2,16.3,46.2,184
2019,James McCann,12859,29,C,CHW,476,120,62,60,18,4,0.2733,0.3284,0.4601,90.2,10.8,9.2,44.2,303
2019,Dansby Swanson,18314,25,SS,ATL,545,121,77,65,17,10,0.2505,0.3254,0.4224,89.9,14.4,10.1,41.6,365
2019,Amed Rosario,15518,23,SS,NYM,655,177,75,72,15,19,0.2873,0.3231,0.4318,89.4,8.8,4.2,39.5,497
2019,Will Smith,19197,24,C,LAD,196,43,30,42,15,2,0.2529,0.3367,0.5706,89.4,23.8,10.7,38.8,121
2019,José Abreu,15676,32,1B,CHW,693,180,85,123,33,2,0.2839,0.3304,0.5032,92.1,10.9,12.8,48.2,492
2019,Jose Iglesias,10231,29,SS,CIN,530,145,62,59,11,6,0.2877,0.3176,0.4067,84.1,7.1,2.3,24.2,437
2019,Danny Jansen,16535,24,C,TOR,384,72,41,43,13,0,0.2075,0.2794,0.3602,88.9,16.3,5.9,40,270
2019,Hunter Renfroe,15464,27,OF,SDP,494,95,64,64,33,5,0.2159,0.2895,0.4886,89.9,19.1,12,39.4,292
2019,Lourdes Gurriel Jr.,19238,25,OF,TOR,343,87,52,50,20,6,0.2771,0.3275,0.5414,90.4,14.4,11.2,45.3,232
2019,Luis Arraez,18568,22,1B/2B,MIN,366,109,54,28,4,2,0.3344,0.3989,0.4387,87.1,11.4,2.7,22.8,300
2019,Matt Carpenter,8090,33,3B,STL,492,94,59,46,15,6,0.226,0.334,0.3918,88,19,7.2,31.1,293
2019,Shohei Ohtani,19755,24,DH,LAA,425,110,51,62,18,12,0.2865,0.3428,0.5052,92.8,6.8,12.2,47.1,278
2019,Manuel Margot,14712,24,OF,SDP,441,93,59,37,12,20,0.2337,0.3037,0.3869,87.7,14.2,3.5,34.8,313
2019,David Peralta,2136,31,OF,ARI,423,105,48,57,12,0,0.2749,0.3428,0.4607,90.1,6.4,5.4,40.9,296
2019,Jon Berti,12037,29,3B,MIA,287,70,52,24,6,17,0.2734,0.3484,0.4062,86.9,5.2,3.8,38,184
2019,Donovan Solano,8623,31,2B,SFG,228,71,27,23,4,0,0.3302,0.3596,0.4558,87,14.5,4.2,43.1,168
2019,Harrison Bader,18030,25,OF,STL,406,71,54,39,12,11,0.2046,0.3136,0.366,88.4,15.3,9.9,35.3,233
2019,Yandy Díaz,16578,27,1B/3B,TBR,347,82,53,38,14,2,0.2671,0.3401,0.4756,91.7,5.7,10.4,44.8,250
2019,Wilmer Flores,5827,27,1B,ARI,285,84,31,37,9,0,0.317,0.3614,0.4868,87.4,16.4,5.1,30.6,235
2019,Travis d'Arnaud,7739,30,C,3 Tms,391,88,52,69,16,0,0.2507,0.312,0.433,90,14.6,7.7,39.7,272
2019,Jacob Stallings,13723,29,C,PIT,210,50,26,13,6,0,0.2618,0.3254,0.3822,89.2,11.4,5.9,37.8,152
2019,Bo Bichette,19612,21,SS,TOR,212,61,32,21,11,4,0.3112,0.3585,0.5714,90,10.4,8.8,43.5,147
2019,Garrett Cooper,15279,28,1B/DH,MIA,421,107,52,50,15,0,0.2808,0.3444,0.4462,89.1,4.5,9.5,40.3,273
2019,Austin Hedges,12976,26,C,SDP,347,55,28,36,11,1,0.1763,0.2522,0.3109,86.7,21.6,8.3,32.5,206
2019,Andrew Benintendi,17901,24,OF,BOS,615,144,72,68,13,10,0.2662,0.3431,0.4307,89.1,17.6,8.1,37.7,409
2019,Teoscar Hernández,13066,26,OF,TOR,464,96,58,65,26,6,0.2302,0.306,0.4724,91.2,15.3,11.7,42.3,265
2019,Miguel Rojas,7802,30,SS,MIA,526,137,52,46,5,9,0.2836,0.3314,0.3789,87.4,9.1,2.6,28.8,427
2019,Brandon Nimmo,12927,26,OF,NYM,254,44,34,29,8,3,0.2211,0.3755,0.407,89.3,12.2,6.8,35.6,132
2019,Reese McGuire,15674,24,C,TOR,105,29,14,11,5,0,0.299,0.3462,0.5258,86.7,13.1,3.8,24.1,79
2019,Eddie Rosario,12155,27,OF,MIN,590,155,91,109,32,3,0.2758,0.3,0.5,89.2,16.8,8.5,36,482
2019,Mitch Haniger,14274,28,OF,SEA,283,54,46,32,15,4,0.2195,0.3145,0.4634,88.4,17.9,11.4,40.9,167
2019,Victor Caratini,14968,25,C,CHC,279,65,31,34,11,1,0.2664,0.3477,0.4467,89.7,6.9,9,35.9,188
2019,Randal Grichuk,10243,27,OF,TOR,628,136,75,80,31,2,0.2321,0.2803,0.4573,89.3,16,8.5,39.8,425
2019,Jake Cave,14477,26,OF,MIN,228,51,28,25,8,0,0.2576,0.3509,0.4545,90.5,7.4,12.5,43.8,128
2019,Andrew McCutchen,9847,32,OF,PHI,262,56,45,29,10,2,0.2557,0.3779,0.4566,90.6,12.7,7.3,40.9,164
2019,J.P. Crawford,15491,24,SS,SEA,396,78,43,46,7,5,0.2261,0.313,0.371,85,12.4,3.4,24.8,268
2019,Eloy Jiménez,17484,22,DH/OF,CHW,504,125,69,79,31,0,0.2671,0.3155,0.5128,91.2,9.3,12.8,47.9,336
2019,Ian Happ,17919,24,OF,CHC,156,37,25,30,11,2,0.2643,0.3333,0.5643,89.8,16,13.7,38.2,102
2019,Jurickson Profar,10815,26,OF,OAK,518,100,65,67,20,9,0.2179,0.3012,0.4096,86.7,14,6.5,31.3,387
2019,Myles Straw,17620,24,OF,HOU,128,29,27,7,0,8,0.2685,0.378,0.3426,84.7,9,1.2,16.5,85
2019,Adam Duvall,10950,30,OF,ATL,130,32,17,19,10,0,0.2667,0.3154,0.5667,91.1,25.6,15.9,32.9,82
2019,Dylan Moore,18042,26,2B/OF,SEA,282,51,31,28,9,11,0.2065,0.3025,0.3887,88.4,19.2,6.5,36.1,155
2019,Dominic Smith,15653,24,1B/OF,NYM,197,50,35,25,11,1,0.2825,0.3553,0.5254,88.3,15.1,7.5,34.8,133
2019,Ryan McMahon,15112,24,3B,COL,539,120,70,83,24,5,0.25,0.329,0.45,91.9,8.8,9,48,322
2019,Nick Senzel,19293,24,OF,CIN,414,96,55,42,12,14,0.256,0.3154,0.4267,87.8,11.1,8,38.2,275
2019,Robbie Grossman,5254,29,OF,OAK,482,101,57,38,6,9,0.2405,0.334,0.3476,87.7,12.1,2.4,30.9,336
2019,Enrique Hernández,10472,27,OF,LAD,460,98,57,64,17,4,0.2367,0.3043,0.4106,88.3,19.4,5.6,34.5,321
2019,Curt Casali,12510,30,C,CIN,236,52,24,32,8,0,0.2512,0.3305,0.4106,87.2,18.5,6,31,151
2019,Martín Maldonado,6887,32,C,3 Tms,374,71,46,27,12,0,0.2132,0.293,0.3784,88.2,12.7,7.6,35.1,250
2019,Jesse Winker,13590,25,OF,CIN,384,91,51,38,16,0,0.2692,0.3568,0.4734,89.2,7.2,4.3,41.1,278
2019,Trent Grisham,18564,22,OF,MIL,183,36,24,24,6,1,0.2308,0.3279,0.4103,87.6,15.7,5.4,34.6,111
2019,Austin Barnes,12158,29,C,LAD,242,43,28,25,5,3,0.2028,0.2934,0.3396,87.2,16.4,4.4,29.1,158
2019,Austin Slater,16153,26,OF,SFG,192,40,20,21,5,1,0.2381,0.3333,0.4167,88.7,3.5,10.1,49.1,109
2019,Kevin Pillar,12434,30,OF,2 Tms,645,158,83,88,21,14,0.2586,0.2868,0.4321,86.4,14.1,4.9,30.8,529
2019,Luis Rengifo,19858,22,2B/3B,LAA,406,85,44,33,7,2,0.2381,0.321,0.3641,87.1,9.6,6,29.9,268
2019,Anthony Santander,14551,24,OF,BAL,405,99,46,59,20,1,0.2605,0.297,0.4763,89.9,15.3,7.7,36.6,298
2019,Tyler Wade,15730,24,2B/OF,NYY,108,23,16,11,2,7,0.2447,0.3302,0.3617,86.9,12.8,5.9,27.9,68
2019,Mauricio Dubón,16530,24,2B/OF,2 Tms,111,29,12,9,4,3,0.2736,0.3063,0.434,84.8,9.5,2.3,19.8,86
2019,Ildemaro Vargas,13324,27,2B/3B,ARI,211,54,25,24,6,1,0.2687,0.2986,0.4129,87.3,3.5,3.4,30.3,178
2019,Vladimir Guerrero Jr.,19611,20,1B,TOR,514,126,52,69,15,0,0.2716,0.3385,0.4332,89.4,6.7,7.7,38.7,375
2019,Willie Calhoun,17838,24,DH/OF,TEX,337,83,51,48,21,0,0.2686,0.3234,0.5243,89.7,17.6,6.2,40.7,258
2019,Jeimer Candelario,13621,25,3B,DET,386,68,33,32,8,3,0.203,0.3057,0.3373,88.2,15.8,5.9,33.8,237
2019,Tyler O'Neill,15711,24,OF,STL,151,37,18,16,5,1,0.2624,0.3113,0.4113,89,19.9,6.8,37.2,88
2019,Nathaniel Lowe,19566,23,1B,TBR,169,40,24,19,7,0,0.2632,0.3254,0.4539,91.3,13,10.6,45.2,104
2019,Kyle Farmer,14813,28,2B/SS,CIN,197,42,22,27,9,4,0.2295,0.2792,0.4098,85.4,17.1,5.6,29.7,125
2019,Harold Ramírez,14387,24,DH/OF,MIA,446,116,54,50,11,2,0.2755,0.3124,0.4157,88.9,3.8,6.3,34.7,331
2019,Austin Riley,18360,22,3B,ATL,297,62,41,49,18,0,0.2263,0.2795,0.4708,89.4,20.6,13.7,44.6,168
2019,Ty France,17982,24,1B,SDP,201,43,20,24,7,0,0.2337,0.2935,0.4022,88.9,15.1,5.9,42.6,136
2019,Jose Trevino,16725,26,C,TEX,126,31,18,13,2,0,0.2583,0.272,0.3833,86.8,8.3,2.1,35.4,96
2019,Luis Urías,16622,22,2B/3B,SDP,249,48,27,24,4,0,0.2233,0.3293,0.3256,87.3,10.1,4.4,31.4,159
2019,Nick Martini,12005,29,DH/OF,2 Tms,109,21,8,7,1,0,0.2258,0.3303,0.3226,87.6,5.7,1.5,32.8,68
2019,Josh Rojas,19734,25,2B/3B,ARI,157,30,17,16,2,4,0.2174,0.3121,0.3116,89,10.3,6.2,42.3,97
2019,Brandon Drury,11615,26,2B/3B,TOR,447,91,43,41,15,0,0.2177,0.2617,0.3804,86.9,13.8,9.1,36.7,308
2019,Willi Castro,17338,22,OF,DET,110,23,10,8,1,0,0.23,0.2844,0.34,84.7,18.1,1.5,25,68
2019,Garrett Hampson,19262,24,2B/OF,COL,327,74,40,27,8,15,0.2475,0.3015,0.3846,85.8,13.1,3.7,26.2,215
2019,Matt Thaiss,19318,24,C,LAA,164,31,17,23,8,0,0.2109,0.2927,0.4218,89.1,15.9,6.3,43.2,95
2019,Nicky Lopez,19339,24,2B/SS,KCR,402,91,44,30,2,1,0.2401,0.2764,0.3245,85,3,1.2,19.7,332
2019,Josh Naylor,18839,22,1B,SDP,279,63,29,32,8,1,0.249,0.3154,0.4032,89.6,4.5,6.3,36.3,190
2019,Rowdy Tellez,15679,24,1B,TOR,409,84,49,54,21,1,0.227,0.2934,0.4486,90.7,14,13.2,41.6,257
2019,Tomás Nido,13755,25,C,NYM,144,26,9,14,4,0,0.1912,0.2308,0.3162,87.4,7.6,5,30.9,100
2019,Luke Maile,13355,28,C,TOR,129,18,9,9,2,1,0.1513,0.2047,0.2353,84.7,13.2,4.5,28.4,88
2019,DJ Stewart,17766,25,OF,BAL,142,30,15,15,4,1,0.2381,0.3169,0.381,87.9,12.9,6.9,34.7,101
2019,Jake Rogers,19452,24,C,DET,128,14,11,8,4,0,0.125,0.2222,0.2589,83,19.7,4.8,20.6,63
2019,Jake Bauers,15194,23,1B/OF,CLE,423,84,46,43,12,3,0.2258,0.3121,0.371,88.1,15,5,33.1,260
2019,Isiah Kiner-Falefa,16512,24,SS,TEX,222,48,23,21,1,3,0.2376,0.2986,0.3218,87.2,6.8,1.3,33.5,155
2019,Orlando Arcia,13185,24,SS,MIL,546,110,51,59,15,8,0.2227,0.2831,0.3502,87.9,6.6,4.3,31.3,393
2019,Ryan O'Hearn,16442,25,1B/DH,KCR,370,64,32,38,14,0,0.1951,0.2811,0.3689,90.5,13,9.1,43.7,231
2019,Elias Díaz,11680,28,C,PIT,332,73,31,28,2,0,0.2409,0.2961,0.3069,88.1,9.2,2.4,34.3,251
2020,Fernando Tatis Jr.,19709,21,SS/OF,SDP,257,62,50,45,17,11,0.2768,0.3658,0.5714,95.9,8.7,19.5,62.2,164
2020,José Ramírez,13510,27,3B,CLE,254,64,45,46,17,10,0.2922,0.3858,0.6073,88.7,23.2,10.2,35.6,177
2020,Freddie Freeman,5361,30,1B,ATL,262,73,51,53,13,2,0.3411,0.4618,0.6402,92.4,17.2,14.7,54.2,177
2020,José Abreu,15676,33,1B,CHW,262,76,43,60,19,0,0.3167,0.3702,0.6167,92.9,10.9,14.3,53.3,182
2020,Trea Turner,16252,27,SS,WSN,259,78,46,41,12,12,0.3348,0.3938,0.588,90.5,9.5,9.5,40.7,199
2020,Mookie Betts,13611,27,OF,LAD,246,64,47,39,16,10,0.2922,0.3659,0.5616,90.7,18.5,7.7,43.4,182
2020,Manny Machado,11493,27,3B,SDP,254,68,44,47,16,6,0.3036,0.3701,0.5804,90.2,15.6,11,43.5,191
2020,Marcell Ozuna,10324,29,DH/OF,ATL,267,77,38,56,18,0,0.3377,0.4307,0.636,93,16.4,15.4,54.4,169
2020,Anthony Rendon,12861,30,3B,LAA,232,54,29,31,9,0,0.2857,0.4181,0.4974,90.1,19.5,6.3,40.5,158
2020,Juan Soto,20123,21,OF,WSN,196,54,39,37,13,6,0.3506,0.4898,0.6948,92.1,4.3,18.3,51.6,126
2020,Trent Grisham,18564,23,OF,SDP,252,54,42,26,10,10,0.2512,0.352,0.4558,88.3,13.5,11.1,41.8,153
2020,Mike Trout,10155,28,OF,LAA,241,56,41,46,17,1,0.2814,0.39,0.603,93.7,23.1,15,55.1,147
2020,DJ LeMahieu,9874,31,2B,NYY,216,71,41,27,10,3,0.3641,0.4213,0.5897,91.3,2.3,2.9,45.7,175
2020,Corey Seager,13624,26,SS,LAD,232,65,38,41,15,1,0.3066,0.3578,0.5849,93.2,11.9,15.8,55.9,177
2020,Tim Anderson,15172,27,SS,CHW,221,67,45,21,10,5,0.3221,0.3575,0.5288,87.2,6.7,10.1,35.8,159
2020,Ronald Acuña Jr.,18401,22,OF,ATL,202,40,46,29,14,8,0.25,0.4059,0.5812,92.3,18.1,16,56,100
2020,Brandon Lowe,18882,25,2B,TBR,224,52,36,37,14,3,0.2694,0.3616,0.5544,89.8,18.1,17.5,43.1,137
2020,Paul Goldschmidt,9218,32,1B,STL,231,58,31,21,6,1,0.3037,0.4174,0.466,89.2,11.7,10.7,40.9,149
2020,Dansby Swanson,18314,26,SS,ATL,264,65,49,35,10,5,0.2743,0.3447,0.4641,89.1,14.7,11.4,40.7,167
2020,Salvador Perez,7304,30,C,KCR,156,50,22,32,11,1,0.3333,0.3526,0.6333,91,14.2,13.9,47,115
2020,Trevor Story,12564,27,SS,COL,259,68,41,28,11,15,0.2894,0.3552,0.5191,89.9,20.8,8.7,41.3,172
2020,Ian Happ,17919,25,OF,CHC,231,51,27,28,12,1,0.2576,0.3609,0.5051,91.1,9,10.3,48.5,136
2020,George Springer,12856,30,OF,HOU,222,50,37,32,14,1,0.2646,0.3591,0.5397,88.7,18.3,12.4,42.5,153
2020,Michael Conforto,16376,27,OF,NYM,233,65,40,31,9,3,0.3218,0.412,0.5149,88.4,11,11,36.6,145
2020,Jake Cronenworth,18036,26,1B/2B,SDP,192,49,26,20,4,3,0.2849,0.3542,0.4767,89.8,10.6,10.5,42.7,143
2020,Travis d'Arnaud,7739,31,C,ATL,184,53,19,34,9,1,0.3212,0.3859,0.5333,93.4,8.1,11.2,57.8,116
2020,Mike Yastrzemski,14854,29,OF,SFG,225,57,39,35,10,2,0.2969,0.4,0.5677,88.2,18.4,10.9,42.3,137
2020,J.T. Realmuto,11739,29,C,PHI,195,46,33,32,11,4,0.2659,0.3487,0.4913,90.2,11.6,13.6,42.4,125
2020,Francisco Lindor,12916,26,SS,CLE,266,61,30,27,8,6,0.2585,0.3346,0.4153,89.9,13.5,5.6,41.1,197
2020,Bryce Harper,11579,27,OF,PHI,244,51,41,33,13,8,0.2684,0.4198,0.5421,92.5,16,17.3,50.7,150
2020,Jeimer Candelario,13621,26,3B,DET,206,55,30,29,7,1,0.2973,0.3689,0.5027,90.2,13.3,10.3,47.1,136
2020,Kyle Tucker,18345,23,OF,HOU,228,56,33,42,9,8,0.2679,0.3246,0.512,91.1,14.9,9.1,44.5,164
2020,Brandon Nimmo,12927,27,OF,NYM,225,52,33,18,8,1,0.2796,0.4044,0.4839,87.2,7.6,7.7,32.9,143
2020,Chris Taylor,13757,29,OF,LAD,214,50,30,32,8,3,0.2703,0.3662,0.4757,88,9.1,11.5,45,131
2020,Willson Contreras,11609,28,C,CHC,225,46,37,26,7,1,0.2434,0.3556,0.4074,89.8,9.1,10.4,47.8,134
2020,Whit Merrifield,11281,31,2B/OF,KCR,265,70,38,30,9,12,0.2823,0.3245,0.4395,86.1,15.8,5.1,27.3,216
2020,Jason Heyward,4940,30,OF,CHC,181,39,20,22,6,2,0.2653,0.3923,0.4558,87.6,11.3,4.5,40.2,112
2020,Jose Iglesias,10231,30,SS,BAL,150,53,16,24,3,0,0.3732,0.4,0.5563,86.2,7.6,3.2,36.5,126
2020,Yasmani Grandal,11368,31,C,CHW,194,37,27,27,8,0,0.2298,0.3505,0.4224,90.3,15.6,7.6,43.8,105
2020,Cody Bellinger,15998,24,1B/OF,LAD,243,51,33,30,12,6,0.2394,0.3333,0.4554,89.3,16.6,9.4,41.5,171
2020,Xander Bogaerts,12161,27,SS,BOS,225,61,36,28,11,8,0.3005,0.3644,0.5025,89,8.7,8.6,36.8,163
2020,Sean Murphy,19352,25,C,OAK,140,27,21,14,7,0,0.2328,0.3643,0.4569,92.2,14.7,12.7,49.4,79
2020,Alex Verdugo,17027,24,OF,BOS,221,62,36,15,6,4,0.3085,0.3665,0.4776,87,5.9,6.4,34.4,157
2020,Robbie Grossman,5254,30,OF,OAK,192,40,23,23,8,8,0.241,0.3438,0.4819,89,15.2,5.5,37.5,128
2020,Nick Ahmed,12147,30,SS,ARI,217,53,29,29,5,4,0.2663,0.3272,0.402,87.7,9.4,5.2,33.3,153
2020,Mark Canha,11445,31,OF,OAK,243,47,32,33,5,4,0.2461,0.3868,0.4084,89.7,19.4,7.7,39.4,142
2020,Eloy Jiménez,17484,23,DH/OF,CHW,226,63,26,41,14,0,0.2958,0.3319,0.5587,92.4,5.7,16.5,55.7,158
2020,Teoscar Hernández,13066,27,OF,TOR,207,55,33,34,16,6,0.2895,0.3398,0.5789,93.3,15.3,18,53.1,128
2020,James McCann,12859,30,C,CHW,111,28,20,15,7,1,0.2887,0.3604,0.5361,90.5,15,8.7,47.8,69
2020,J.P. Crawford,15491,25,SS,SEA,232,52,33,24,2,6,0.2549,0.3362,0.3382,85.8,11.5,1.8,31.1,167
2020,Miguel Rojas,7802,31,SS,MIA,143,38,20,20,4,5,0.304,0.3916,0.496,87.2,12.2,0.9,30.8,107
2020,Kevin Kiermaier,11038,30,OF,TBR,159,30,16,22,3,8,0.2174,0.3208,0.3623,87.7,-0.4,6.3,41.7,96
2020,Dominic Smith,15653,25,1B/OF,NYM,199,56,27,42,10,0,0.3164,0.3769,0.6158,89.8,10.8,13.3,46.7,135
2020,Cavan Biggio,19252,25,2B,TOR,265,55,41,28,8,6,0.25,0.375,0.4318,87.4,16.7,5,30.8,159
2020,Luis Robert Jr.,20043,22,OF,CHW,227,47,33,31,11,9,0.2327,0.3022,0.4356,87.9,16.7,13,40.5,131
2020,Justin Turner,5235,35,3B,LAD,175,46,26,23,4,1,0.3067,0.4,0.46,90.3,17.5,11.2,44,125
2020,Jeff McNeil,15362,28,2B/OF,NYM,209,57,19,23,4,0,0.3115,0.3828,0.4536,86.6,11.5,2.5,26.5,162
2020,Alec Bohm,21618,23,3B,PHI,180,54,24,23,4,1,0.3375,0.4,0.4812,90.2,4.8,10.3,46.8,126
2020,Jesse Winker,13590,26,OF,CIN,183,38,27,23,12,1,0.255,0.388,0.5436,92.1,10.5,13.5,49,104
2020,Byron Buxton,14161,26,OF,MIN,135,33,19,27,13,2,0.2538,0.2667,0.5769,91.2,23.6,13.5,47.9,96
2020,Starling Marte,9241,31,OF,2 Tms,250,64,36,27,6,10,0.2807,0.34,0.4298,87.1,6.5,6.4,30.3,188
2020,Anthony Santander,14551,25,OF,BAL,165,40,24,32,11,0,0.2614,0.3152,0.5752,88.6,24.7,10.2,36.7,128
2020,Christian Vázquez,9774,29,C,BOS,189,49,22,23,7,4,0.2832,0.3439,0.4566,88.4,14.4,4.6,40,130
2020,Lourdes Gurriel Jr.,19238,26,OF,TOR,224,64,28,33,11,3,0.3077,0.3482,0.5337,90.8,10.5,11.7,49.4,162
2020,Alex Bregman,17678,26,3B,HOU,180,37,19,22,6,0,0.2418,0.35,0.451,88.9,17.3,3.9,33.6,128
2020,Dylan Moore,18042,27,2B/OF,SEA,159,35,26,17,8,12,0.2555,0.3585,0.4964,90.4,17.3,13.8,44.7,94
2020,Andrés Giménez,19950,21,2B,NYM,132,31,22,12,3,8,0.2627,0.3333,0.3983,86.8,13.5,3.3,26.4,91
2020,Willi Castro,17338,23,OF,DET,140,45,21,24,6,0,0.3488,0.3813,0.5504,85.3,11.3,9.6,31.9,94
2020,Max Kepler,12144,27,OF,MIN,196,39,27,23,9,3,0.2281,0.3214,0.4386,88.5,22.2,5.1,38.2,136
2020,Gio Urshela,10681,28,3B,NYY,174,45,24,30,6,1,0.298,0.3678,0.4901,91.4,12.3,6.9,40.8,130
2020,Carlos Correa,14162,25,SS,HOU,221,53,22,25,5,0,0.2637,0.3258,0.3831,88.8,11.3,5.9,42.1,153
2020,Willy Adames,15986,24,SS,TBR,205,48,29,23,8,2,0.2595,0.3317,0.4811,88.8,12.5,9.9,40.5,111
2020,Ramón Laureano,17128,25,OF,OAK,222,39,27,25,6,2,0.2131,0.3378,0.3661,87.7,12.3,9.4,34.4,128
2020,Eugenio Suárez,12552,28,3B,CIN,231,40,29,38,15,2,0.202,0.3117,0.4697,89.1,17.9,14.4,44.7,132
2020,Matt Chapman,16505,27,3B,OAK,152,33,22,25,10,0,0.2324,0.2763,0.5352,93.6,24.1,18,51.7,89
2020,Wilmer Flores,5827,28,1B,SFG,213,53,30,32,12,1,0.2677,0.3146,0.5152,87.9,19,6.1,34.4,163
2020,Will Smith,19197,25,C,LAD,137,33,23,25,8,0,0.2895,0.4015,0.5789,90.8,24.2,12.9,47.3,93
2020,Isiah Kiner-Falefa,16512,25,SS,TEX,228,59,28,10,3,8,0.2796,0.3289,0.3697,87.2,0.8,2.2,31.1,180
2020,Orlando Arcia,13185,25,SS,MIL,189,45,22,20,5,2,0.2601,0.3175,0.4162,89,9.6,5.6,38.7,142
2020,Harrison Bader,18030,26,OF,STL,125,24,21,11,4,3,0.2264,0.336,0.4434,86,15.7,11.9,35.8,67
2020,Adam Duvall,10950,31,OF,ATL,209,45,34,33,16,0,0.2368,0.3014,0.5316,88.1,22.9,13.9,40.1,137
2020,Jacob Stallings,13723,30,C,PIT,143,31,13,18,3,0,0.248,0.3262,0.376,88.6,12.4,4.5,37.5,88
2020,Austin Slater,16153,27,OF,SFG,104,24,18,7,5,8,0.2824,0.4078,0.5059,89.2,10.9,14.1,45.3,64
2020,Anthony Rizzo,3473,30,1B,CHC,243,45,26,24,11,3,0.2217,0.3416,0.4138,87.7,16.7,7.8,34.7,167
2020,Tommy Edman,19470,25,2B,STL,227,51,29,26,5,2,0.25,0.3172,0.3676,86.5,8.2,3.8,33.5,158
2020,Jurickson Profar,10815,27,OF,SDP,202,50,28,25,7,7,0.2778,0.3433,0.4278,87.2,11,3.2,27.7,155
2020,Yoán Moncada,17232,25,3B,CHW,231,45,28,24,6,0,0.225,0.3203,0.385,87.8,13.9,6.2,33.1,130
2020,Aaron Judge,15640,28,OF,NYY,114,26,23,22,9,0,0.2574,0.3363,0.5545,92.2,15.7,11.6,40.6,69
2020,Ty France,17982,25,1B,2 Tms,155,43,19,23,4,0,0.305,0.3677,0.4681,85.7,14.8,8.7,29.8,104
2020,Donovan Solano,8623,32,2B,SFG,203,62,22,29,3,0,0.3263,0.3645,0.4632,88.5,15.5,4.6,34.9,152
2020,Bo Bichette,19612,22,SS,TOR,128,37,18,23,5,4,0.3008,0.3281,0.5122,89.2,12,12.5,40.6,96
2020,Christian Yelich,11477,28,OF,MIL,247,41,39,22,12,4,0.205,0.3563,0.43,94,7.1,12.1,55.6,124
2020,Martín Maldonado,6887,33,C,HOU,165,29,19,24,6,1,0.2148,0.3497,0.3778,86.1,19.1,8.1,26.7,86
2020,David Peralta,2136,32,OF,ARI,218,61,19,34,5,1,0.3005,0.3394,0.4335,89.2,6.4,5,36.3,160
2020,Austin Barnes,12158,30,C,LAD,104,21,14,9,1,3,0.2442,0.3529,0.314,86.9,16.2,1.5,35.4,65
2020,Mauricio Dubón,16530,25,2B/OF,SFG,177,43,21,19,4,2,0.2739,0.3371,0.3885,86.2,16.7,4,30.6,124
2020,Cedric Mullins,17929,25,OF,BAL,153,38,16,12,3,7,0.2714,0.3154,0.4071,88.6,15.9,2.8,31.8,107
2020,Rafael Devers,17350,23,3B,BOS,248,61,32,43,11,0,0.2629,0.3105,0.4828,93,10.6,12.1,43.6,165
2020,Eddie Rosario,12155,28,OF,MIN,231,54,31,42,13,3,0.2571,0.316,0.4762,87.5,18.1,6.2,35.4,178
2020,Carlos Santana,2396,34,1B,CLE,255,41,34,30,8,0,0.199,0.349,0.3495,88,12.2,6.7,36.6,164
2020,Ryan Mountcastle,18373,23,1B,BAL,140,42,12,23,5,0,0.3333,0.3857,0.4921,87.4,10.8,7.1,41.8,98
2020,Christian Walker,13419,29,1B,ARI,243,59,35,34,7,1,0.2706,0.3333,0.4587,90.4,11.5,6.4,48.5,171
2020,Rhys Hoskins,16472,27,1B,PHI,185,37,35,26,10,1,0.245,0.3838,0.5033,89.7,25.1,14.8,41.7,108
2020,Adam Frazier,15223,28,2B/OF,PIT,230,48,22,23,7,1,0.2297,0.2969,0.3636,85.5,12.3,4,25.1,175
2020,Ozzie Albies,16556,23,2B,ATL,124,32,21,19,6,3,0.2712,0.3065,0.4661,86.7,17.8,9.1,28.4,88
2020,Javier Báez,12979,27,SS,CHC,235,45,27,24,8,3,0.2027,0.2383,0.3604,89.4,10.3,8.1,40.3,149
2020,Randal Grichuk,10243,28,OF,TOR,231,59,38,35,12,1,0.2731,0.3117,0.4815,88.9,12.6,11.2,39.6,169
2020,Kevin Pillar,12434,31,OF,2 Tms,223,60,34,26,6,5,0.2885,0.3363,0.4615,87.1,13.4,5.4,36.5,167
2020,Jorge Polanco,13152,26,2B/SS,MIN,226,54,22,19,4,4,0.2584,0.3036,0.3541,86.6,16.1,2.8,33.3,177
2020,J.D. Davis,16219,27,3B,NYM,229,47,26,19,6,0,0.2474,0.3712,0.3895,90.1,3.3,8.9,45.2,135
2020,Ketel Marte,13613,26,2B,ARI,195,52,19,17,2,1,0.2873,0.3231,0.4088,89.2,10,3.7,40.5,163
2020,Jon Berti,12037,30,3B,MIA,149,31,21,14,2,9,0.2583,0.3878,0.35,86.6,7.2,3.5,33.7,86
2020,Yandy Díaz,16578,28,1B/3B,TBR,138,35,16,11,2,0,0.307,0.4275,0.386,88.3,-7.9,2.1,30.9,97
2020,Joey Gallo,14128,26,OF,TEX,226,35,23,26,10,2,0.1813,0.3009,0.3782,91.2,26.8,14,43.9,114
2020,Jake Cave,14477,27,OF,MIN,123,25,17,15,4,0,0.2212,0.2846,0.3894,87.4,8.5,4.3,39.1,69
2020,Gleyber Torres,16997,23,2B,NYY,160,33,17,16,3,1,0.2426,0.3562,0.3676,88.6,14.9,3.7,38,108
2020,Nolan Arenado,9777,29,3B,COL,201,46,23,26,8,0,0.2527,0.3035,0.4341,87.8,19.1,5.4,33.7,166
2020,Kyle Schwarber,16478,27,DH/OF,CHC,224,36,30,24,11,1,0.1885,0.308,0.3927,92.8,8.8,11.2,47.2,125
2020,Matt Olson,14344,26,1B,OAK,245,41,28,42,14,1,0.1952,0.3102,0.4238,92.3,19.6,12.8,45.9,133
2020,Luis Arraez,18568,23,1B/2B,MIN,121,36,16,13,0,0,0.3214,0.3636,0.4018,87.5,12.1,3.9,30.4,102
2020,Manuel Margot,14712,25,OF,TBR,159,39,19,11,1,12,0.269,0.327,0.3517,89.4,7.5,4.1,33.9,121
2020,Nico Hoerner,21479,23,2B/SS,CHC,126,24,19,13,0,3,0.2222,0.312,0.2593,87.5,0.8,1.2,37.2,86
2020,Rowdy Tellez,15679,25,1B,TOR,127,32,20,23,8,0,0.2832,0.3465,0.5398,90.7,10.6,8.4,45.3,95
2020,Jorge Soler,14221,28,DH/OF,KCR,174,34,17,24,8,0,0.2282,0.3256,0.443,92.5,15.5,18.9,51.1,90
2020,Tyler Wade,15730,25,2B/OF,NYY,105,15,19,10,3,4,0.1705,0.2885,0.3068,86.6,13.4,1.5,27.9,68
2020,DJ Stewart,17766,26,OF,BAL,112,17,13,15,7,0,0.1932,0.3545,0.4545,91.4,17.8,19.2,46.2,52
2020,Austin Hays,19363,24,OF,BAL,134,34,20,9,4,2,0.2787,0.3284,0.3934,87,11,4,31.3,99
2020,Leody Taveras,18900,21,OF,TEX,134,27,20,6,4,8,0.2269,0.3083,0.395,88.9,14.3,6.5,41.6,77
2020,Carson Kelly,13620,25,C,ARI,129,27,11,19,5,0,0.2213,0.2636,0.3852,86.3,16.7,4.3,34.4,93
2020,Danny Jansen,16535,25,C,TOR,147,22,18,20,6,0,0.1833,0.3125,0.3583,85.1,16.3,8.6,35.5,93
2020,Luis Urías,16622,23,2B/3B,MIL,120,26,11,11,0,2,0.2385,0.3083,0.2936,87.7,2.3,1.3,27.3,77
2020,Charlie Blackmon,7859,33,OF,COL,247,67,31,42,6,2,0.3032,0.3563,0.448,86.9,13.5,4.9,29.7,182
2020,Pete Alonso,19251,25,1B,NYM,239,48,31,35,16,1,0.2308,0.3264,0.4904,90.2,15.5,12.8,41.2,148
2020,Matt Carpenter,8090,34,3B,STL,169,26,22,24,4,0,0.1857,0.3254,0.3143,88.1,17.1,9.8,36.3,92
2020,Nick Castellanos,11737,28,3B/OF,CIN,242,49,37,34,14,0,0.2248,0.2975,0.4862,91,16.5,16,46.7,150
2020,Garrett Cooper,15279,29,1B/DH,MIA,133,34,20,20,6,0,0.2833,0.3534,0.5,90.1,9.5,10.1,41.6,89
2020,Paul DeJong,18015,26,SS,STL,174,38,17,25,3,1,0.25,0.3218,0.3487,89.2,21.7,7.5,40.6,106
2020,Marcus Semien,12533,29,2B/SS,OAK,236,47,28,23,7,4,0.2227,0.3051,0.3744,86.2,19.3,5,28.6,161
2020,Vladimir Guerrero Jr.,19611,21,1B,TOR,243,58,34,33,9,1,0.2624,0.3292,0.4615,92.5,4.6,8.7,50.8,183
2020,Victor Caratini,14968,26,C,CHC,132,28,10,16,1,0,0.2414,0.3333,0.3276,87.9,6.2,3.5,36.5,85
2020,Amed Rosario,15518,24,SS,NYM,147,36,20,15,4,0,0.2517,0.2721,0.3706,86.5,4.2,3.7,33,109
2020,Enrique Hernández,10472,28,OF,LAD,148,32,20,20,5,0,0.2302,0.2703,0.4101,88.5,16.2,7.3,43.1,109
2020,Tyler O'Neill,15711,25,OF,STL,157,24,20,19,7,3,0.1727,0.2611,0.3597,88,15.1,8.2,39.2,97
2020,Max Muncy,13301,29,1B/3B,LAD,248,39,36,27,12,1,0.1921,0.3306,0.3892,88.5,14.2,12.4,40,145
2020,Bryan Reynolds,19326,25,OF,PIT,208,35,24,19,7,1,0.1892,0.2754,0.3568,87.5,10.2,10.2,38.3,128
2020,Danny Mendick,18889,26,2B/SS,CHW,114,26,11,6,3,0,0.243,0.2807,0.3832,86.2,7.4,2.4,31.3,83
2020,Joey Bart,21524,23,C,SFG,111,24,15,7,0,0,0.233,0.2883,0.3204,89,12.6,4.8,48.4,62
2020,Nicky Lopez,19339,25,2B/SS,KCR,192,34,15,13,1,0,0.2012,0.2857,0.2663,84.9,1.4,1.5,26.7,131
2020,Sam Hilliard,17954,26,OF,COL,114,22,13,10,6,3,0.2095,0.2719,0.4381,88.3,10.8,9.5,44.4,63
2020,Garrett Hampson,19262,25,2B/OF,COL,184,39,25,11,5,6,0.2335,0.2873,0.3832,86.3,14.4,8.1,23.4,111
2020,Kris Bryant,15429,28,3B/OF,CHC,147,27,20,11,4,0,0.2061,0.2925,0.3511,86.1,20.7,5.5,31.9,91
2020,Mike Tauchman,15274,29,OF,NYY,111,23,18,14,0,6,0.2421,0.3423,0.3053,84.9,10.6,1.4,24.3,70
2020,Ryan McMahon,15112,25,3B,COL,193,37,23,26,9,0,0.2151,0.2953,0.4186,90.1,9.2,11.2,43,107
2020,Daulton Varsho,19918,23,OF,ARI,115,19,16,9,3,3,0.1881,0.287,0.3663,86.2,18.4,4.4,38.2,68
2020,Austin Riley,18360,23,3B,ATL,206,45,24,27,8,0,0.2394,0.301,0.4149,91,13.6,10,42.9,140
2020,Josh Naylor,18839,23,1B,2 Tms,104,24,13,6,1,1,0.2474,0.2913,0.3299,86.8,7.8,3.5,34.1,85
2020,Taylor Ward,17548,26,OF,LAA,102,26,16,5,0,2,0.2766,0.3333,0.383,91.1,10.4,4.5,47,66
2020,Andrew McCutchen,9847,33,OF,PHI,241,55,32,34,10,4,0.2535,0.3237,0.4332,89.7,18.2,8.2,41.2,170
2020,Shohei Ohtani,19755,25,DH,LAA,175,29,23,24,7,7,0.1895,0.2914,0.366,89.1,9.2,10.7,42.7,103
2020,Tommy Pham,2967,32,OF,SDP,125,23,13,12,3,6,0.211,0.312,0.3119,92.8,2.4,7.3,50,82
2020,Dylan Carlson,20126,21,OF,STL,119,22,11,16,3,1,0.2,0.2521,0.3636,87.4,9.3,9.2,42.1,76
2020,Jose Altuve,5417,30,2B,HOU,210,42,32,18,5,2,0.2188,0.2857,0.3438,86.7,9.3,4.6,33.3,153
2020,Victor Robles,18363,23,OF,WSN,189,37,20,15,3,4,0.2202,0.2926,0.3155,82.2,19,1.7,22.9,118
2020,Hunter Renfroe,15464,28,OF,TBR,139,19,18,22,8,2,0.1557,0.2518,0.3934,89.6,17.5,10.5,39.5,86
2020,Joc Pederson,11899,28,OF,LAD,138,23,21,16,7,1,0.1901,0.2847,0.3967,93,12.5,10.3,44.8,87
2020,Gary Sánchez,11442,27,C,NYY,178,23,19,24,10,0,0.1474,0.2528,0.3654,91.8,19.2,17.4,50,92
2020,Isaac Paredes,20036,21,3B,DET,108,22,7,6,1,0,0.22,0.2778,0.29,86.5,7.5,0,26.3,76
2020,Ryan O'Hearn,16442,26,1B/DH,KCR,132,22,7,18,2,0,0.1947,0.303,0.3009,90.7,11.9,6.5,44.2,77
2020,Edward Olivares,19698,24,OF,2 Tms,101,23,9,10,3,0,0.2396,0.2673,0.375,82.7,7.6,5.6,27.8,72
2020,Josh Bell,13145,27,1B,PIT,223,44,22,22,8,0,0.2256,0.3049,0.3641,91.7,5.9,8.6,42.9,140
2020,Luis García Jr.,20391,20,2B,WSN,139,37,18,16,2,1,0.2761,0.3022,0.3657,83.5,-3.6,4.8,29.5,105
2020,Kevin Newman,17696,26,2B/SS,PIT,172,35,12,10,1,0,0.2244,0.2807,0.2756,85.5,8.7,0.7,28.3,138
2020,Luis Rengifo,19858,23,2B/3B,LAA,106,14,12,3,1,3,0.1556,0.2692,0.2,87.6,3.8,1.5,33.3,66
2020,J.D. Martinez,6184,32,DH/OF,BOS,237,45,22,27,7,1,0.2133,0.2911,0.3886,89.5,14.7,11,41.6,154
2020,Willie Calhoun,17838,25,DH/OF,TEX,108,19,3,13,1,0,0.19,0.2315,0.26,89.3,14.4,1.2,38.8,85
2020,Jo Adell,20220,21,OF,LAA,132,20,9,7,3,0,0.1613,0.2121,0.2661,90.6,11.4,4.3,36.2,69
2021,Trea Turner,16252,28,SS,2 Tms,646,195,107,77,28,32,0.3277,0.3746,0.5361,89.6,11.4,7.4,46.2,489
2021,Juan Soto,20123,22,OF,WSN,654,157,111,95,29,9,0.3127,0.4648,0.5339,93,5.8,13.3,52.7,414
2021,Fernando Tatis Jr.,19709,22,SS/OF,SDP,546,135,99,97,42,25,0.2824,0.3645,0.6109,93.9,13.8,21.3,55.6,329
2021,Bryce Harper,11579,28,OF,PHI,599,151,101,84,35,13,0.3094,0.4288,0.6148,92.5,13.3,18.1,49.7,360
2021,José Ramírez,13510,28,3B,CLE,636,147,111,103,36,27,0.2663,0.3553,0.538,90,18.2,11.1,42.4,470
2021,Bryan Reynolds,19326,26,OF,PIT,646,169,93,90,24,5,0.3023,0.3901,0.5224,89.4,13.4,10.4,40.8,444
2021,Vladimir Guerrero Jr.,19611,22,1B,TOR,698,188,123,111,48,4,0.3113,0.4011,0.601,95.1,9.4,15.1,55.2,496
2021,Carlos Correa,14162,26,SS,HOU,640,155,104,92,26,0,0.2793,0.3656,0.4847,90.2,12.1,9.4,42.7,445
2021,Cedric Mullins,17929,26,OF,BAL,675,175,91,59,30,30,0.2907,0.3596,0.5183,89.4,14.8,8.1,39.4,482
2021,Marcus Semien,12533,30,2B/SS,TOR,724,173,115,102,45,15,0.2653,0.3343,0.5383,89.7,20.3,9.8,41.3,509
2021,Aaron Judge,15640,29,OF,NYY,633,158,89,98,39,6,0.2873,0.3728,0.5436,95.8,11.6,17.6,58.4,397
2021,Nicky Lopez,19339,26,2B/SS,KCR,565,149,78,43,2,22,0.2998,0.3653,0.3783,86.8,2.8,0.7,26.9,438
2021,Tyler O'Neill,15711,26,OF,STL,537,138,89,80,34,15,0.2863,0.352,0.5602,93,17.8,17.9,52.2,318
2021,Jose Altuve,5417,31,2B,HOU,678,167,117,83,31,5,0.2779,0.3501,0.4892,87.7,15.6,6.4,35,517
2021,Starling Marte,9241,32,OF,2 Tms,526,145,89,55,12,47,0.3105,0.3829,0.4582,87.6,4.6,8.4,39.6,371
2021,Austin Riley,18360,24,3B,ATL,662,179,91,107,33,0,0.3034,0.3671,0.5305,90.1,14.2,13.3,45.6,430
2021,Shohei Ohtani,19755,26,DH,LAA,639,138,103,100,46,26,0.257,0.3725,0.5922,93.6,16.6,22.3,53.6,350
2021,Matt Olson,14344,27,1B,OAK,673,153,101,111,39,4,0.2708,0.3715,0.5398,91.6,16.2,12.7,48.8,463
2021,Kyle Tucker,18345,24,OF,HOU,567,149,83,92,30,14,0.2945,0.3593,0.5573,91.4,17.6,11.6,47.5,421
2021,Bo Bichette,19612,23,SS,TOR,690,191,121,102,29,25,0.2984,0.3435,0.4844,91.4,7.3,9.9,47.5,507
2021,Paul Goldschmidt,9218,33,1B,STL,679,177,102,99,31,12,0.2935,0.3652,0.5141,92.6,17.1,13.6,50.6,472
2021,Freddie Freeman,5361,31,1B,ATL,695,180,120,83,31,8,0.3,0.3928,0.5033,91.4,12,11.5,46.1,495
2021,J.T. Realmuto,11739,30,C,PHI,537,125,64,73,17,13,0.2626,0.3426,0.4391,89.6,11.5,8.6,44.7,349
2021,Will Smith,19197,26,C,LAD,501,107,71,76,25,3,0.2585,0.3653,0.4952,90.1,19.4,10.8,43.8,324
2021,Max Muncy,13301,30,1B/3B,LAD,592,124,95,94,36,2,0.2495,0.3682,0.5272,91.2,15.2,16.1,46.6,378
2021,Manny Machado,11493,28,3B,SDP,640,157,92,106,28,12,0.2784,0.3469,0.4894,93.1,14,13.3,52.2,473
2021,Brandon Lowe,18882,26,2B,TBR,615,132,97,99,39,7,0.2467,0.3398,0.5234,89.3,16.9,14,43.1,371
2021,Joey Gallo,14128,27,OF,2 Tms,616,99,90,77,38,6,0.1988,0.3506,0.4578,91.5,22.7,18.5,45.8,286
2021,Ronald Acuña Jr.,18401,23,OF,ATL,360,84,72,52,24,17,0.2828,0.3944,0.596,93.8,18.2,20.3,54.8,217
2021,Tim Anderson,15172,28,SS,CHW,551,163,94,61,17,18,0.3093,0.3376,0.4687,89.6,4.3,7.8,42.3,409
2021,Nolan Arenado,9777,30,3B,STL,653,151,81,105,34,2,0.2546,0.3124,0.4941,89,20,6.7,37.5,504
2021,Rafael Devers,17350,24,3B,BOS,664,165,101,113,38,5,0.2792,0.3524,0.5381,92.9,13.1,15,51.8,452
2021,Xander Bogaerts,12161,28,SS,BOS,603,156,90,79,23,5,0.2949,0.3698,0.4934,89.6,12.5,9.7,43,423
2021,Javier Báez,12979,28,SS,2 Tms,547,133,80,87,31,18,0.2649,0.3187,0.494,90.1,10.6,13.4,45.2,321
2021,Byron Buxton,14161,27,OF,MIN,254,72,50,32,19,9,0.3064,0.3583,0.6468,92.5,13.3,17.9,53.8,173
2021,Justin Turner,5235,36,3B,LAD,612,148,87,87,27,3,0.2777,0.3611,0.4709,90.9,19.2,7.9,42.4,441
2021,Teoscar Hernández,13066,28,OF,TOR,595,163,92,116,32,12,0.2964,0.3462,0.5236,91.8,13.1,13.9,49,404
2021,Jorge Polanco,13152,27,2B/SS,MIN,644,158,97,98,33,11,0.2687,0.323,0.5034,89.4,19.3,10.1,37.4,476
2021,Francisco Lindor,12916,27,SS,NYM,524,104,73,63,20,10,0.2301,0.3224,0.4115,90.7,14.4,8.2,44.1,365
2021,Mookie Betts,13611,28,OF,LAD,550,123,93,58,23,10,0.2639,0.3673,0.4871,90.3,18.9,7.8,41,385
2021,Randy Arozarena,19290,26,OF,TBR,604,145,94,69,20,20,0.2741,0.356,0.4594,89.9,7.6,8.2,42.3,364
2021,Jeimer Candelario,13621,27,3B,DET,626,151,75,67,16,0,0.2711,0.3514,0.4434,88.7,12.6,9,39.1,422
2021,Corey Seager,13624,27,SS,LAD,409,108,54,57,16,1,0.3059,0.3936,0.5212,91,10.7,12.4,49.3,290
2021,Yoán Moncada,17232,26,3B,CHW,616,137,74,61,14,3,0.2635,0.375,0.4115,90.1,11.3,8.2,41.2,365
2021,Jake Cronenworth,18036,27,1B/2B,SDP,643,151,94,71,21,4,0.2663,0.3402,0.4603,88.6,12.5,7.2,35,483
2021,Nick Castellanos,11737,29,3B/OF,CIN,585,164,95,100,34,3,0.3089,0.3624,0.5763,89.8,14,10.6,46.9,416
2021,Matt Chapman,16505,28,3B,OAK,622,111,75,72,27,3,0.2098,0.3135,0.4026,89.7,18.6,13.7,41.7,336
2021,Ozzie Albies,16556,24,2B,ATL,686,163,103,106,30,20,0.2591,0.3105,0.4881,89.6,21.1,9.3,37.2,508
2021,Enrique Hernández,10472,29,OF,BOS,585,127,84,60,20,1,0.25,0.3368,0.4488,90.8,17.9,8.4,43.2,405
2021,Yasmani Grandal,11368,32,C,CHW,375,67,60,62,23,0,0.2401,0.4198,0.5197,93.1,14.2,13.3,53.2,203
2021,Pete Alonso,19251,26,1B,NYM,637,147,81,94,37,3,0.262,0.3438,0.5187,91,14.7,14.8,47.3,438
2021,Yordan Alvarez,19556,24,DH/OF,HOU,598,149,92,104,33,1,0.2775,0.3462,0.5307,93.2,14.1,15.9,54.2,395
2021,Luis Robert Jr.,20043,23,OF,CHW,296,93,42,43,13,6,0.3382,0.3784,0.5673,91.2,13.8,12.5,45.1,216
2021,Jonathan India,21523,24,2B,CIN,631,143,98,69,21,12,0.2688,0.3762,0.4586,87.6,13.1,9.6,38.6,396
2021,Dansby Swanson,18314,27,SS,ATL,653,146,78,88,27,9,0.2483,0.3113,0.449,89.3,14.1,11.4,42.7,429
2021,Sean Murphy,19352,26,C,OAK,448,85,47,59,17,0,0.2163,0.3058,0.4046,89.2,15.4,11.3,42.6,282
2021,Adam Frazier,15223,29,2B/OF,2 Tms,639,176,83,43,5,10,0.305,0.3679,0.4107,85.4,12.6,1,25.2,512
2021,Jesse Winker,13590,27,OF,CIN,485,129,77,71,24,1,0.305,0.3938,0.5556,90.6,10.8,11.2,47.1,348
2021,Brandon Nimmo,12927,28,OF,NYM,386,95,51,28,8,5,0.2923,0.401,0.4369,89.3,8.8,4,41.1,248
2021,Ty France,17982,26,1B,SEA,650,166,85,73,18,0,0.2907,0.3677,0.4448,88.5,11,6.8,38.9,471
2021,Willy Adames,15986,25,SS,2 Tms,555,130,77,73,25,5,0.2616,0.3369,0.4809,89.5,16.8,11.4,44.7,342
2021,Kris Bryant,15429,29,3B/OF,2 Tms,586,136,86,73,25,10,0.2651,0.3532,0.4815,88.2,15.1,10.3,40,380
2021,Myles Straw,17620,26,OF,2 Tms,638,153,86,48,4,30,0.2713,0.3485,0.3475,87.1,11.9,1.3,26.2,448
2021,Jacob Stallings,13723,31,C,PIT,427,92,38,53,8,0,0.246,0.3349,0.369,88.1,10.7,4.5,36.4,291
2021,J.P. Crawford,15491,26,SS,SEA,687,169,89,54,9,3,0.273,0.3382,0.3764,86.3,9.8,2.4,30.6,510
2021,Giancarlo Stanton,4949,31,DH/OF,NYY,579,139,64,97,35,0,0.2725,0.3541,0.5157,95.1,10.3,15.7,56.3,356
2021,Tommy Edman,19470,26,2B,STL,691,168,91,56,11,30,0.2621,0.3077,0.3869,87.5,9.5,4.2,35.1,552
2021,Harrison Bader,18030,27,OF,STL,401,98,45,50,16,9,0.267,0.3242,0.4605,86.2,13.3,7,31.7,284
2021,Mark Canha,11445,32,OF,OAK,625,120,93,61,17,12,0.2312,0.3584,0.3873,87.3,13.5,7.1,35.4,393
2021,José Abreu,15676,34,1B,CHW,659,148,86,117,30,1,0.2615,0.3505,0.4806,92,10.4,10.2,49.3,433
2021,Kevin Kiermaier,11038,31,OF,TBR,390,90,54,37,4,9,0.2586,0.3282,0.3879,86.6,1.1,4,36.4,253
2021,Amed Rosario,15518,25,SS,CLE,588,155,77,57,11,13,0.2818,0.3214,0.4091,88.8,5.5,2.8,43.5,434
2021,Chris Taylor,13757,30,OF,LAD,582,129,92,73,20,13,0.2544,0.3442,0.4379,88.2,17.4,10.2,38.1,344
2021,Adolis García,19287,28,OF,TEX,622,141,77,90,31,16,0.2427,0.2862,0.4544,91,14.7,11.5,45.5,391
2021,J.D. Martinez,6184,33,DH/OF,BOS,634,163,92,99,28,0,0.286,0.3491,0.5175,92.1,16.9,12.5,49.4,425
2021,Salvador Perez,7304,31,C,KCR,665,169,88,121,48,1,0.2726,0.3158,0.5435,93,15.9,16.3,56.2,454
2021,Kyle Schwarber,16478,28,DH/OF,2 Tms,471,106,76,71,32,1,0.2657,0.3737,0.5539,92.3,15.4,17.5,52.2,274
2021,Willson Contreras,11609,29,C,CHC,483,98,61,57,21,5,0.2373,0.3395,0.4383,91.8,9.6,11.1,48.4,279
2021,George Springer,12856,31,OF,TOR,342,79,59,50,22,4,0.2642,0.3519,0.5552,89.4,19,15.4,41.6,221
2021,Whit Merrifield,11281,32,2B/OF,KCR,720,184,97,74,10,40,0.2771,0.3167,0.3946,86.9,14.1,3.5,28.8,573
2021,Hunter Renfroe,15464,29,OF,BOS,572,135,89,96,31,1,0.2591,0.3147,0.501,90.1,15.6,14.4,44.3,397
2021,Robbie Grossman,5254,31,OF,DET,671,133,88,67,23,20,0.2388,0.3572,0.4147,87.8,21.1,7.6,34.1,410
2021,Trent Grisham,18564,24,OF,SDP,527,112,61,62,15,13,0.2424,0.327,0.4134,88.8,12.3,5.2,36.8,348
2021,Ryan McMahon,15112,26,3B,COL,596,134,80,86,23,6,0.2538,0.3305,0.4489,90.5,14.3,7.3,43.5,386
2021,Dylan Carlson,20126,22,OF,STL,619,144,79,65,18,2,0.2657,0.343,0.4373,88.2,15.1,7,31.1,399
2021,Ketel Marte,13613,27,2B,ARI,374,108,52,50,14,2,0.3176,0.377,0.5324,91.1,10.3,8.9,48.4,281
2021,Patrick Wisdom,13602,29,3B,CHC,375,78,54,61,28,4,0.2308,0.3048,0.5178,91.2,19.1,16.2,51.9,185
2021,Luis Urías,16622,24,2B/3B,MIL,570,122,77,75,23,5,0.249,0.3445,0.4449,87.9,14.2,9.3,40.5,378
2021,Adam Duvall,10950,32,OF,2 Tms,555,117,67,113,38,5,0.2281,0.2811,0.4912,89.8,23.6,16.1,43.9,342
2021,Max Kepler,12144,28,OF,MIN,490,90,61,54,19,10,0.2113,0.3061,0.4131,89.8,16.3,10.8,42.5,334
2021,Anthony Rizzo,3473,31,1B,2 Tms,576,123,73,61,22,6,0.248,0.3438,0.4395,90.1,14.8,7.7,41.1,414
2021,Trevor Story,12564,28,SS,COL,595,132,88,75,24,20,0.251,0.3294,0.4715,90.6,17.5,9.9,42.6,392
2021,Josh Bell,13145,28,1B,WSN,568,130,75,88,27,0,0.261,0.3468,0.4759,92.5,4.9,8.8,52,400
2021,Mike Trout,10155,29,OF,LAA,146,39,23,18,8,2,0.3333,0.4658,0.6239,91.9,12.9,18.4,52.6,76
2021,Alex Bregman,17678,27,3B,HOU,400,94,54,55,12,1,0.2701,0.355,0.4224,89,15.9,6.4,38.1,299
2021,Mitch Haniger,14274,30,OF,SEA,691,157,110,100,39,1,0.2532,0.3184,0.4855,89.3,14.8,12.6,45.1,459
2021,Mike Yastrzemski,14854,30,OF,SFG,532,105,75,71,25,4,0.2244,0.3107,0.4573,89.5,19.4,10.3,39.3,341
2021,Kyle Farmer,14813,30,2B/SS,CIN,529,127,60,63,16,2,0.2629,0.3163,0.4161,87.2,15.8,4.3,31.9,392
2021,Mitch Garver,15161,30,C/DH,MIN,243,53,29,34,13,1,0.256,0.358,0.5169,92.3,19,17.4,53.6,138
2021,Chas McCormick,19599,26,OF,HOU,320,73,47,50,14,4,0.257,0.3188,0.4472,90.3,18.6,10.2,49.2,187
2021,DJ LeMahieu,9874,32,2B,NYY,679,160,84,57,10,4,0.268,0.349,0.3618,90.6,5,3.7,43.5,508
2021,Manuel Margot,14712,26,OF,TBR,464,107,55,57,10,13,0.2542,0.3132,0.3824,87.9,10.7,5.1,40.2,356
2021,Nathaniel Lowe,19566,25,1B,TEX,642,147,75,72,18,8,0.2639,0.3567,0.4147,90.8,5,9.5,45.5,398
2021,Edmundo Sosa,17022,25,3B/SS,STL,326,78,39,27,6,4,0.2708,0.3457,0.3889,86.7,6,3.9,32,228
2021,Miguel Rojas,7802,32,SS,MIA,539,131,66,48,9,13,0.2646,0.3216,0.3919,86.2,11.5,2.8,32.9,423
2021,Rhys Hoskins,16472,28,1B,PHI,443,96,64,71,27,3,0.2468,0.3341,0.5296,91.2,21.7,17,46.3,283
2021,Michael A. Taylor,11489,30,OF,KCR,528,118,58,54,12,14,0.2443,0.2966,0.3561,89.4,12.1,6.6,40.2,346
2021,LaMonte Wade Jr.,18126,27,1B/OF,SFG,381,85,52,56,18,6,0.253,0.3263,0.4821,90.1,19.8,10.6,41.7,254
2021,Santiago Espinal,19997,26,2B/3B,TOR,246,69,32,17,2,6,0.3108,0.3755,0.4054,84.8,13.1,1.6,22.8,193
2021,Wilmer Flores,5827,29,1B,SFG,436,102,57,53,18,1,0.2622,0.3349,0.4473,88.6,18,6,35.4,336
2021,Ke'Bryan Hayes,18577,24,3B,PIT,396,93,49,38,6,9,0.2569,0.3157,0.3729,90.2,2.6,5.1,45.8,277
2021,Alex Verdugo,17027,25,OF,BOS,604,157,88,63,13,6,0.2886,0.351,0.4265,90,7.7,7.3,43.3,453
2021,Jazz Chisholm Jr.,20454,23,2B/OF,MIA,507,115,70,53,18,23,0.2478,0.303,0.4246,90.2,9,9,42,324
2021,Austin Hays,19363,25,OF,BAL,529,125,73,71,22,4,0.2561,0.308,0.4611,88.8,12.5,9.1,39.2,385
2021,Ramón Laureano,17128,26,OF,OAK,378,84,43,39,14,12,0.2463,0.3175,0.4428,87.9,11.9,10.7,40.2,244
2021,Jose Iglesias,10231,31,SS,2 Tms,511,131,65,48,9,5,0.2712,0.3092,0.3913,85.4,11.5,3.4,28.6,409
2021,Tyler Stephenson,17988,24,C,CIN,402,100,56,45,10,0,0.2857,0.3657,0.4314,88.4,7.4,5.4,38.2,280
2021,Daulton Varsho,19918,24,OF,ARI,315,70,41,38,11,6,0.2465,0.3185,0.4366,87.7,18,7.3,39.9,218
2021,Josh Rojas,19734,27,2B/3B,ARI,550,128,69,44,11,9,0.2645,0.3413,0.4112,88.2,8.4,4.8,31.1,351
2021,Carson Kelly,13620,26,C,ARI,359,73,41,46,13,0,0.2401,0.3426,0.4112,88.2,18.6,8.5,34,235
2021,Lourdes Gurriel Jr.,19238,27,OF,TOR,541,138,62,84,21,1,0.276,0.3185,0.466,89.7,10.5,9.6,43,405
2021,Yandy Díaz,16578,29,1B/3B,TBR,541,119,62,64,13,1,0.2559,0.353,0.3871,89.9,6.6,7,40.6,384
2021,Elias Díaz,11680,30,C,COL,371,83,52,44,18,0,0.2456,0.31,0.4645,87.1,14.7,7.9,37.6,279
2021,Isiah Kiner-Falefa,16512,26,SS,TEX,677,172,74,53,8,20,0.2709,0.3121,0.3575,85.5,5.4,1.8,28.8,548
2021,Luis Arraez,18568,24,1B/2B,MIN,479,126,58,42,2,2,0.2944,0.357,0.3762,88.4,9.9,2.3,30.6,386
2021,Nico Hoerner,21479,24,2B/SS,CHC,170,45,13,16,0,5,0.302,0.3824,0.3691,87,7.7,1.6,34.4,125
2021,Nick Ahmed,12147,31,SS,ARI,473,96,46,38,5,7,0.2212,0.2803,0.3387,87.2,10.1,2.4,27.9,333
2021,David Peralta,2136,33,OF,ARI,538,126,57,63,8,2,0.2587,0.3253,0.4025,89.3,5.3,5,41.8,397
2021,Austin Slater,16153,28,OF,SFG,306,66,39,32,12,15,0.2409,0.3203,0.4234,87.1,7.8,9.5,41.6,190
2021,Danny Jansen,16535,26,C,TOR,205,41,32,28,11,0,0.2228,0.299,0.4728,90,20.5,8.5,44.7,141
2021,Ian Happ,17919,26,OF,CHC,535,105,63,66,25,9,0.2258,0.3227,0.4344,89.5,9.9,10.9,41.3,312
2021,Andrew McCutchen,9847,34,OF,PHI,574,107,78,80,27,6,0.222,0.3345,0.444,88.8,14.6,9,39.5,357
2021,Michael Conforto,16376,28,OF,NYM,479,94,52,55,14,1,0.2315,0.3445,0.3842,88.5,13.2,9.2,39.5,304
2021,Reese McGuire,15674,26,C,TOR,217,50,22,10,1,0,0.2525,0.3102,0.3434,87.5,13.4,2.6,32.7,156
2021,Andrew Benintendi,17901,26,OF,KCR,538,136,63,73,17,8,0.2759,0.324,0.4422,89.6,15.4,8.9,43.2,403
2021,Christian Yelich,11477,29,OF,MIL,475,99,70,51,9,9,0.2481,0.3621,0.3734,91,2.8,7.6,48.8,289
2021,Donovan Solano,8623,33,2B,SFG,344,86,35,31,7,2,0.2801,0.344,0.4039,88.3,11,7.5,36.6,254
2021,Gleyber Torres,16997,24,2B,NYY,516,119,50,51,9,14,0.2593,0.3307,0.366,87.1,14.2,7.8,35.7,361
2021,J.D. Davis,16219,28,3B,NYM,211,51,18,23,5,1,0.2849,0.3839,0.4358,89.7,13.2,12.4,42.5,113
2021,Tyrone Taylor,13675,27,OF,MIL,271,60,33,43,12,6,0.2469,0.321,0.4568,88.6,16,7.6,37.3,185
2021,Paul DeJong,18015,27,SS,STL,402,70,44,45,19,4,0.1966,0.2836,0.3904,86.3,16.4,10.6,35.3,255
2021,Gio Urshela,10681,29,3B,NYY,442,112,42,49,14,1,0.2667,0.3009,0.419,88.9,7.5,8,42,312
2021,Ryan Jeffers,24618,24,C,MIN,293,53,28,35,14,0,0.1985,0.2696,0.4007,89.2,14,14.5,44,159
2021,Brendan Rodgers,17907,24,2B,COL,415,110,49,51,15,0,0.2842,0.3277,0.4703,88.8,6.3,6.2,40.3,305
2021,Thairo Estrada,16426,25,2B,SFG,132,33,19,22,7,1,0.2727,0.3333,0.4793,86.6,6.7,7.1,34.7,98
2021,Gary Sánchez,11442,28,C,NYY,440,78,54,54,23,0,0.2037,0.3068,0.423,89.5,20.5,13.7,42,262
2021,Andy Ibáñez,18819,28,2B/3B,TEX,272,70,31,25,7,0,0.2767,0.321,0.4348,88.8,15.5,7.3,38.6,220
2021,Seth Brown,18171,28,1B/OF,OAK,307,60,43,48,20,4,0.2135,0.2736,0.4804,88.9,20.9,13.9,40.2,194
2021,Jake Fraley,19260,26,OF,SEA,265,45,27,36,9,10,0.2103,0.3523,0.3692,85.3,12.1,6.2,33.6,146
2021,Jake Meyers,20308,25,OF,HOU,163,38,22,28,6,3,0.2603,0.323,0.4384,89.5,9.9,10.1,36.4,99
2021,Dylan Moore,18042,28,2B/OF,SEA,377,60,42,43,12,21,0.1807,0.2759,0.3343,86.5,20.4,8.6,33.3,222
2021,Jeff McNeil,15362,29,2B/OF,NYM,426,97,48,35,7,3,0.2513,0.3192,0.3601,88.1,12,4.3,33.4,329
2021,Ramón Urías,18795,27,3B,BAL,296,73,33,38,7,1,0.2786,0.3615,0.4122,89.6,5.2,9.7,42.5,186
2021,Tommy Pham,2967,33,OF,SDP,561,109,74,49,15,14,0.2295,0.3405,0.3832,90.8,7.6,10,47.6,351
2021,Christian Vázquez,9774,30,C,BOS,498,118,51,49,6,8,0.2576,0.3078,0.3515,86.3,13.6,2.6,31.1,379
2021,Gavin Lux,19955,23,2B,LAD,381,81,49,46,7,4,0.2418,0.3281,0.3642,89.8,11.3,3.9,40.2,254
2021,Jose Trevino,16725,28,C,TEX,302,68,23,30,5,1,0.2386,0.2667,0.3404,87.5,9.5,4.3,36.9,233
2021,Jesús Sánchez,19913,23,OF,MIA,251,57,27,36,14,0,0.2511,0.3187,0.489,90.2,8.7,12.7,42.7,150
2021,Eddie Rosario,12155,29,OF,2 Tms,412,98,42,62,14,11,0.2586,0.3049,0.4354,88.5,15.5,5.9,35.8,324
2021,Jake Rogers,19452,26,C,DET,127,27,17,17,6,1,0.2389,0.3065,0.4956,90.7,26.9,11.4,38.6,70
2021,Connor Joe,16572,28,1B/OF,COL,211,51,23,35,8,0,0.2849,0.3791,0.4693,88.2,14.6,9.9,39,141
2021,Travis d'Arnaud,7739,32,C,ATL,229,46,21,26,7,0,0.2201,0.2838,0.3876,89.9,5.9,7.6,43.9,157
2021,Lane Thomas,16939,25,OF,2 Tms,264,53,35,28,7,6,0.2345,0.3409,0.4115,91,12.3,7.3,45.7,164
2021,Taylor Ward,17548,27,OF,LAA,237,52,33,33,8,1,0.25,0.3319,0.4375,89.6,16.4,10.3,39.7,156
2021,Ryan Mountcastle,18373,24,1B,BAL,586,136,77,89,33,4,0.2547,0.3089,0.4869,89.1,16.3,11.8,39.7,380
2021,Garrett Cooper,15279,30,1B/DH,MIA,250,61,30,33,9,1,0.2837,0.38,0.4651,91.1,8.2,10.8,52.7,148
2021,Bryan De La Cruz,19600,24,OF,MIA,219,59,17,19,5,1,0.2965,0.3562,0.4271,88.4,11.1,5.4,42.2,147
2021,Alejandro Kirk,22581,22,C,TOR,189,40,19,24,8,0,0.2424,0.328,0.4364,92.3,14.7,11,46.9,145
2021,Jonah Heim,16930,26,C,TEX,285,52,22,32,10,3,0.1962,0.2394,0.3585,87.1,15.5,6.2,37.9,211
2021,Derek Hill,16947,25,OF,DET,150,36,19,14,3,6,0.259,0.3133,0.3885,86.9,9.2,5.2,29.9,97
2021,Tomás Nido,13755,27,C,NYM,161,34,16,13,3,1,0.2222,0.2609,0.3268,88.7,10,6.4,43.1,109
2021,Andrés Giménez,19950,22,2B,CLE,210,41,23,16,5,11,0.2181,0.2823,0.3511,86.4,8.8,3.6,30.4,138
2021,Austin Barnes,12158,31,C,LAD,225,43,28,23,6,1,0.215,0.2991,0.345,85.2,13.5,4.1,31.7,145
2021,Kyle Higashioka,5517,31,C,NYY,211,35,20,29,10,0,0.1813,0.2464,0.3886,90.5,21.7,15.6,48.1,135
2021,Travis Jankowski,13768,30,OF,PHI,157,33,24,10,1,5,0.2519,0.3636,0.3511,85.2,6.9,1.9,20.2,104
2021,Pavin Smith,19892,25,1B/OF,ARI,545,133,68,49,11,1,0.2671,0.3284,0.4036,87.2,9,5.1,42.7,393
2021,Randal Grichuk,10243,29,OF,TOR,545,123,59,81,22,0,0.2407,0.2807,0.4227,89.8,16.1,8.5,41.1,401
2021,Tyler Wade,15730,26,2B/OF,NYY,145,34,31,5,0,17,0.2677,0.3542,0.3228,82.2,5.3,1.1,13.8,90
2021,Kevin Pillar,12434,32,OF,NYM,347,75,40,47,15,4,0.2308,0.2767,0.4154,85.8,20.2,7.3,31.8,245
2021,Lars Nootbaar,21454,23,OF,STL,124,26,15,15,5,2,0.2385,0.3171,0.422,89.1,12.1,4.8,36.1,83
2021,Brandon Marsh,20202,23,OF,LAA,260,60,27,19,2,6,0.2542,0.3166,0.3559,92,7.7,10.9,51.7,147
2021,Luis Guillorme,16451,26,2B/3B,NYM,156,35,13,5,1,0,0.2652,0.3742,0.3106,86.4,4.7,0.9,22.7,110
2021,Gavin Sheets,19901,25,DH/OF,CHW,179,40,23,34,11,0,0.25,0.324,0.5062,90.4,11.7,9.9,44.6,121
2021,Abraham Toro,19844,24,2B/3B,2 Tms,375,80,45,46,11,6,0.2388,0.3147,0.3731,86.8,13.7,7.4,33.9,283
2021,Taylor Walls,22458,24,SS,TBR,176,32,15,15,1,4,0.2105,0.3143,0.2961,88.5,12.2,2.9,33.7,104
2021,Rob Refsnyder,13770,30,OF,MIN,157,34,21,12,2,1,0.2446,0.3248,0.3381,89.2,9.3,7,41,100
2021,Jorge Mateo,17273,26,SS,2 Tms,209,48,19,14,4,10,0.2474,0.2933,0.3763,85.4,14.1,5.7,31.2,141
2021,Sam Hilliard,17954,27,OF,COL,238,46,32,34,14,5,0.215,0.2941,0.4626,89.8,12,15,38.6,127
2021,Ha-Seong Kim,27506,25,SS,SDP,298,54,27,34,8,6,0.2022,0.2703,0.3521,86.7,13.6,4.5,31.8,201
2021,Josh Naylor,18839,24,1B,CLE,250,59,28,21,7,1,0.2532,0.3012,0.3991,89.8,9,7.4,42.6,188
2021,Ernie Clement,20352,25,3B,CLE,133,28,16,9,3,0,0.2314,0.2846,0.3388,86.7,15,3.8,24.8,105
2021,Christian Walker,13419,30,1B,ARI,445,98,55,46,10,0,0.2444,0.3146,0.3815,88.8,15.6,6.4,41.1,297
2021,Curt Casali,12510,32,C,SFG,231,42,20,26,5,0,0.21,0.313,0.35,86.4,23.3,5.9,31.1,135
2021,James McCann,12859,31,C,NYM,412,87,29,46,10,1,0.232,0.2937,0.3493,87.3,9.3,6.1,40.7,263
2021,Eloy Jiménez,17484,24,DH/OF,CHW,231,53,23,37,10,0,0.2488,0.303,0.4366,90.5,8.4,10.8,45.8,157
2021,Joc Pederson,11899,29,OF,2 Tms,481,102,55,61,18,2,0.2378,0.3098,0.4219,91,14.1,10.1,47.6,317
2021,Martín Maldonado,6887,34,C,HOU,426,64,40,36,12,0,0.1716,0.2723,0.3003,88,17.6,5.7,33.2,247
2021,Austin Hedges,12976,28,C,CLE,312,51,32,31,10,1,0.1783,0.2197,0.3077,85.8,19,3.8,30.1,209
2021,Alex Kirilloff,20325,23,1B/OF,MIN,231,54,23,34,8,1,0.2512,0.2987,0.4233,91,7,12.8,43.9,164
2021,Nick Gordon,16337,25,OF,MIN,216,48,19,23,4,10,0.24,0.2917,0.355,91.2,9.4,6.8,47.9,146
2021,Luis Torrens,15905,25,C,SEA,378,84,39,47,15,0,0.2428,0.2989,0.4306,90.9,6.1,10.4,43.2,250
2021,Anthony Rendon,12861,31,3B,LAA,249,52,24,34,6,0,0.2396,0.3293,0.3825,89.1,22.3,5.6,38.8,178
2021,Jon Berti,12037,31,3B,MIA,271,49,35,19,4,8,0.2103,0.3111,0.3133,87.1,1.9,2.3,38.3,175
2021,Trevor Larnach,21501,24,DH/OF,MIN,301,58,29,28,7,1,0.2231,0.3223,0.35,90,13.1,9.5,41.1,158
2021,Garrett Hampson,19262,26,2B/OF,COL,494,106,69,33,11,17,0.234,0.2892,0.3797,87,13,5,31.2,340
2021,Mauricio Dubón,16530,26,2B/OF,SFG,187,42,20,22,5,2,0.24,0.2781,0.3771,86.1,14.9,4.4,30.1,136
2021,Jo Adell,20220,22,OF,LAA,140,32,17,26,4,2,0.2462,0.295,0.4077,86.3,9.9,9.1,31.3,99
2021,Willi Castro,17338,24,OF,DET,450,91,56,38,9,9,0.2203,0.2729,0.3511,85.6,11.4,5.2,29.4,310
2021,DJ Stewart,17766,27,OF,BAL,318,55,39,33,12,0,0.2037,0.3239,0.3741,87.8,19.7,9.4,34.3,181
2021,Jason Heyward,4940,31,OF,CHC,353,69,35,30,8,5,0.2136,0.2805,0.3467,88.2,7.5,4.7,42.4,255
2021,Victor Caratini,14968,27,C,SDP,356,71,33,39,7,2,0.2268,0.309,0.3227,90,8.4,6.8,44.3,235
2021,Jorge Soler,14221,29,DH/OF,2 Tms,602,115,74,70,27,0,0.2229,0.3165,0.4322,91.2,15.7,12.7,47,379
2021,Riley Adams,19864,25,C,2 Tms,120,22,13,10,2,0,0.2222,0.3583,0.3838,88.4,11.7,13.6,42.4,59
2021,Taylor Trammell,19960,23,OF,SEA,178,25,23,18,8,2,0.1603,0.2557,0.359,85.9,14.9,7.2,37.3,83
2021,Alec Bohm,21618,24,3B,PHI,417,94,46,47,7,4,0.2474,0.3046,0.3421,92,5.6,6.6,49.5,273
2021,Eugenio Suárez,12552,29,3B,CIN,574,100,71,79,31,0,0.198,0.2857,0.4277,89.1,18.3,15,39.8,339
2021,Daz Cameron,18353,24,OF,DET,115,20,16,13,4,6,0.1942,0.2783,0.3592,88.7,11.9,7.7,43.1,65
2021,Miguel Andujar,15878,26,3B/OF,NYY,162,39,19,12,6,0,0.2532,0.284,0.3831,87.1,6.1,5.5,37,127
2021,Charlie Blackmon,7859,34,OF,COL,582,139,76,78,13,3,0.2704,0.3505,0.4105,87.6,10.2,7,38.5,426
2021,Eli White,19346,27,OF,TEX,220,35,26,15,6,4,0.1768,0.2591,0.3081,85.5,15.6,6.8,22.7,132
2021,Cal Raleigh,21534,24,C,SEA,148,25,6,13,2,0,0.1799,0.223,0.3094,88,17.1,6.8,35.2,88
2021,Zach McKinstry,19392,26,3B/OF,LAD,172,34,19,29,7,1,0.2152,0.2632,0.4051,88.4,13.7,8.1,35.1,111
2021,Mike Tauchman,15274,30,OF,2 Tms,191,30,22,15,4,3,0.1807,0.2842,0.2831,87.5,10,5.5,35.8,109
2021,Edward Olivares,19698,25,OF,KCR,111,24,14,12,5,2,0.2376,0.2909,0.4059,87.3,7.9,6,31,84
2021,William Contreras,20503,23,C,ATL,185,35,19,23,8,0,0.2147,0.3027,0.3988,92.5,8.2,10.9,44.5,110
2021,Nick Senzel,19293,26,OF,CIN,124,28,18,8,1,2,0.2523,0.3226,0.3153,88.9,10.5,4.2,39.6,96
2021,Harold Ramírez,14387,26,DH/OF,CLE,361,91,33,41,7,3,0.2684,0.3047,0.3982,91.3,6.2,6.3,47.2,286
2021,Anthony Santander,14551,26,OF,BAL,438,98,54,50,18,1,0.2414,0.286,0.4335,90.7,18,8.4,43.5,310
2021,Leody Taveras,18900,22,OF,TEX,185,28,14,9,3,10,0.1609,0.2065,0.2701,87.2,7,6.1,35.7,115
2021,Marcell Ozuna,10324,30,DH/OF,ATL,208,40,21,26,7,0,0.2128,0.2885,0.3564,89.7,14.5,9.9,40.8,142
2021,Andrew Vaughn,26197,23,1B/OF,CHW,469,98,56,48,15,1,0.235,0.3092,0.3957,91.1,9.7,10.9,47.3,321
2021,Jurickson Profar,10815,28,OF,SDP,412,80,47,33,4,10,0.2266,0.3293,0.3201,85.3,14,2.7,30.2,291
2021,Brent Rooker,19627,26,DH/OF,MIN,213,38,25,16,9,0,0.2011,0.2911,0.3968,91,13.1,12.6,48.7,119
2021,Cavan Biggio,19252,26,2B,TOR,294,56,27,27,7,3,0.224,0.3219,0.356,88.9,15.6,5.6,31.6,177
2021,Matt Carpenter,8090,35,3B,STL,249,35,18,21,3,2,0.1691,0.3052,0.2754,90,21.1,11.5,42,131
2021,Danny Mendick,18889,27,2B/SS,CHW,186,36,14,20,2,0,0.2195,0.3027,0.2866,84.1,13.7,1.6,28.5,124
2021,Rowdy Tellez,15679,26,1B,2 Tms,325,72,34,36,11,0,0.2424,0.3046,0.4141,92.2,13.4,11.6,48.1,233
2021,Jake Bauers,15194,25,1B/OF,2 Tms,315,59,27,19,4,6,0.2092,0.2898,0.2766,88.1,20,5.4,37.7,204
2021,Victor Robles,18363,24,OF,WSN,369,64,37,19,2,8,0.2032,0.3096,0.2952,84.1,19.9,2.6,27.2,235
2021,Jarren Duran,24617,24,OF,BOS,112,23,17,10,2,2,0.215,0.2411,0.3364,89.6,7.8,4.4,39.7,68
2021,Kevin Newman,17696,27,2B/SS,PIT,554,117,50,39,5,6,0.2263,0.2646,0.3095,85.3,9.9,1.6,26,485
2021,Alex Jackson,17276,25,C,2 Tms,151,18,13,12,3,0,0.1374,0.2517,0.2366,89.6,20.7,6.9,41.4,58
2021,Jarred Kelenic,22558,21,OF,SEA,377,61,41,43,14,6,0.181,0.2653,0.3501,87.5,14.4,9.9,39.2,232
2021,Willie Calhoun,17838,26,DH/OF,TEX,284,65,26,25,6,0,0.25,0.3099,0.3808,90.2,14.9,3.5,41.9,227
2021,Jake Cave,14477,28,OF,MIN,178,31,14,13,3,1,0.189,0.2486,0.2927,87,8.4,5.8,33,103
2021,Ryan O'Hearn,16442,27,1B/DH,KCR,254,53,23,29,9,0,0.2246,0.2677,0.3686,90.8,14.3,8.3,45.2,168
2021,Luis García Jr.,20391,21,2B,WSN,247,57,29,22,6,0,0.2415,0.2753,0.411,86.8,4.1,5.2,30.6,193
2021,Austin Wynns,15271,30,C,BAL,139,24,14,14,4,1,0.1846,0.2319,0.3077,83.6,10.7,3,27,100
2021,Carlos Santana,2396,35,1B,KCR,659,121,66,69,19,2,0.2142,0.3187,0.3416,89.9,12.9,6.8,41.9,468
2021,Luis Rengifo,19858,24,2B/3B,LAA,190,35,22,18,6,1,0.2011,0.246,0.3103,85.8,11.7,6.4,27,141
2021,Dominic Smith,15653,26,1B/OF,NYM,493,109,43,58,11,2,0.2444,0.3043,0.3632,89,14.9,6.5,40.6,340
2021,Cody Bellinger,15998,25,1B/OF,LAD,350,52,39,36,10,3,0.1651,0.24,0.3016,89.3,22.2,7.1,34.4,224
2022,Aaron Judge,15640,30,OF,NYY,696,177,133,131,62,16,0.3105,0.4249,0.686,95.9,15,26.5,61.9,400
2022,Nolan Arenado,9777,31,3B,STL,620,163,73,103,30,5,0.2926,0.3581,0.5332,88.8,21.7,8.2,38.9,489
2022,Manny Machado,11493,29,3B,SDP,644,172,100,102,32,9,0.2976,0.3665,0.5311,91.5,16,9.8,49,447
2022,Jose Altuve,5417,32,2B,HOU,604,158,103,57,28,18,0.2998,0.3874,0.5332,85.9,16.1,7.7,29.7,441
2022,Paul Goldschmidt,9218,34,1B,STL,651,178,106,115,35,7,0.3173,0.4037,0.5775,90.8,15.7,11.6,47.4,424
2022,Freddie Freeman,5361,32,1B,LAD,708,199,117,100,21,13,0.3252,0.4068,0.5114,91.3,13.6,9.9,47.8,517
2022,J.T. Realmuto,11739,31,C,PHI,562,139,75,84,22,21,0.2758,0.3416,0.4782,90.3,13.1,11.3,47.2,390
2022,Dansby Swanson,18314,28,SS,ATL,696,177,99,96,25,18,0.2766,0.329,0.4469,90.2,15.7,10.8,46.3,462
2022,Trea Turner,16252,29,SS,LAD,708,194,101,100,21,27,0.2975,0.3428,0.4663,88.9,10.2,7.6,41.6,527
2022,Yordan Alvarez,19556,25,DH/OF,HOU,561,144,95,97,37,1,0.3064,0.4064,0.6128,95.2,12.3,21,59.8,371
2022,Francisco Lindor,12916,28,SS,NYM,706,170,98,107,26,16,0.2698,0.3385,0.4492,89.3,13.8,8.3,41.3,504
2022,Andrés Giménez,19950,23,2B,CLE,557,146,66,69,17,20,0.2974,0.3707,0.4664,87.8,11.7,6.2,37.8,386
2022,Mike Trout,10155,30,OF,LAA,499,124,85,80,40,1,0.2831,0.36870000000000003,0.6301,91.6,24.6,19.7,51,300
2022,Xander Bogaerts,12161,29,SS,BOS,631,171,84,73,15,8,0.307,0.3772,0.456,88.1,10.2,6.5,39.5,446
2022,Mookie Betts,13611,29,OF,LAD,639,154,117,82,35,12,0.2692,0.3396,0.5332,90.5,18.6,9.7,44.9,472
2022,José Ramírez,13510,29,3B,CLE,685,168,90,126,29,20,0.2795,0.3547,0.5141,87.7,20.7,6.6,36.9,528
2022,Austin Riley,18360,25,3B,ATL,693,168,90,93,38,2,0.2732,0.3492,0.5285,92.5,12.9,15.7,50.8,451
2022,Julio Rodríguez,23697,21,OF,SEA,560,145,84,75,28,25,0.2838,0.3446,0.5088,92,10.1,13.1,50.7,367
2022,Adley Rutschman,26288,24,C/DH,BAL,470,101,70,42,13,4,0.2538,0.3617,0.4447,87.9,15.6,7.9,36.8,315
2022,Jeff McNeil,15362,30,2B/OF,NYM,589,174,73,62,9,4,0.3265,0.382,0.454,86.9,12.8,2.7,30.2,477
2022,Brandon Nimmo,12927,29,OF,NYM,673,159,102,64,16,3,0.2741,0.3672,0.4328,89.4,6.1,7,39.8,470
2022,Alex Bregman,17678,28,3B,HOU,656,142,93,93,23,1,0.2591,0.3659,0.4544,88.9,19.5,7.3,37.8,481
2022,Tommy Edman,19470,27,2B,STL,630,153,95,57,13,32,0.2652,0.3243,0.4003,88.6,8.7,6.2,37.8,468
2022,Sean Murphy,19352,27,C,OAK,612,134,67,66,18,1,0.2495,0.3322,0.4264,88.7,11.5,10.5,41.4,418
2022,Rafael Devers,17350,25,3B,BOS,614,164,84,88,27,3,0.2955,0.3583,0.5207,93.1,11.3,11.5,50.9,444
2022,Kyle Tucker,18345,25,OF,HOU,609,140,71,107,30,25,0.2574,0.33,0.4779,90,19,10.2,42.4,451
2022,Bo Bichette,19612,24,SS,TOR,697,189,91,93,24,13,0.2899,0.3329,0.4693,91.9,8.5,9.6,50.3,499
2022,Michael Harris II,25931,21,OF,ATL,441,123,75,64,19,20,0.2971,0.3386,0.5145,89.5,4.5,10.1,45.1,308
2022,Steven Kwan,24610,24,OF,CLE,638,168,89,52,6,19,0.2984,0.3726,0.3996,85.1,11.8,1.4,20.8,509
2022,Carlos Correa,14162,27,SS,MIN,590,152,70,64,22,0,0.2912,0.3661,0.4674,89.9,11.6,11.4,44.7,405
2022,Willy Adames,15986,26,SS,MIL,617,134,83,98,31,8,0.238,0.2982,0.4583,88.9,18.9,13,43.6,401
2022,Marcus Semien,12533,31,2B/SS,TEX,724,163,101,83,26,25,0.2481,0.3039,0.4292,87.3,19.9,6.8,34.9,547
2022,Corey Seager,13624,28,SS,TEX,663,145,91,83,33,3,0.2445,0.3167,0.4553,91.1,13.6,10.5,45.5,495
2022,Eugenio Suárez,12552,30,3B,SEA,629,128,76,87,31,0,0.2357,0.3323,0.4586,89.8,19.9,14.8,43.5,352
2022,Will Smith,19197,27,C,LAD,578,132,68,87,24,1,0.2598,0.3426,0.4646,89.9,18.4,10.3,43,416
2022,Daulton Varsho,19918,25,OF,ARI,592,125,79,74,27,16,0.2354,0.3022,0.4426,87.7,14.9,10.2,35.6,393
2022,Nico Hoerner,21479,25,2B/SS,CHC,517,135,60,55,10,20,0.2807,0.3269,0.4096,87.2,10.6,2.6,33.5,426
2022,Alejandro Kirk,22581,23,C,TOR,541,134,59,63,14,0,0.2851,0.3715,0.4149,90.5,8.1,6.7,45.4,416
2022,Cal Raleigh,21534,25,C,SEA,415,78,46,63,27,1,0.2108,0.2843,0.4892,90.9,22.5,15.4,43.5,253
2022,George Springer,12856,32,OF,TOR,583,137,89,76,25,14,0.2671,0.342,0.4717,88.7,13.9,8.4,42.3,418
2022,Travis d'Arnaud,7739,33,C,ATL,426,106,61,60,18,0,0.2677,0.3192,0.4722,88.5,11.8,8.5,38.9,306
2022,Christian Walker,13419,31,1B,ARI,667,141,84,94,36,2,0.2419,0.3268,0.4768,90,17,11.5,44,459
2022,Yandy Díaz,16578,30,1B/3B,TBR,558,140,71,57,9,3,0.296,0.4014,0.4228,92.2,7.7,4.8,49,414
2022,Matt Chapman,16505,29,3B,TOR,621,123,83,76,27,2,0.2286,0.3237,0.4331,92.2,19,12.9,51.2,373
2022,Jose Trevino,16725,29,C,NYY,353,83,39,43,11,2,0.2478,0.2833,0.3881,87.9,13,5.1,35,274
2022,José Abreu,15676,35,1B,CHW,679,183,85,75,15,0,0.3045,0.3785,0.4459,92.2,8,9.5,51.8,495
2022,Pete Alonso,19251,27,1B,NYM,685,162,95,131,40,5,0.2714,0.3518,0.5176,89.8,18.2,12.3,44.8,478
2022,Ian Happ,17919,27,OF,CHC,641,155,72,72,17,9,0.2705,0.3417,0.4398,89.7,10.9,6.5,40.4,428
2022,Taylor Ward,17548,28,OF,LAA,564,139,73,65,23,5,0.2808,0.3599,0.4727,90,15.8,12.4,42.9,380
2022,Cedric Mullins,17929,27,OF,BAL,672,157,89,64,16,34,0.2582,0.3184,0.403,88.8,17.4,4.9,37.3,488
2022,Juan Soto,20123,23,OF,2 Tms,664,127,93,62,27,6,0.2424,0.4012,0.4523,91,9.1,12.4,47.4,428
2022,Ha-Seong Kim,27506,26,SS,SDP,582,130,58,59,11,12,0.2515,0.3247,0.383,86.7,16.1,4.2,32.4,424
2022,Jake Cronenworth,18036,28,1B/2B,SDP,684,140,88,88,17,3,0.2385,0.3319,0.3901,87.6,18.2,5.6,34.1,464
2022,Shohei Ohtani,19755,27,DH,LAA,666,160,90,95,34,11,0.273,0.3559,0.5188,92.9,12.1,16.8,49.8,428
2022,Starling Marte,9241,33,OF,NYM,505,136,76,63,16,18,0.2918,0.3465,0.4678,86.8,7.5,6.8,33.9,369
2022,Willson Contreras,11609,30,C,CHC,487,101,65,55,22,4,0.2428,0.3491,0.4663,90.4,8.5,10.5,48.6,315
2022,Byron Buxton,14161,28,OF,MIN,382,76,61,51,28,6,0.2235,0.3063,0.5265,92.9,21.4,16.4,50.2,225
2022,Vladimir Guerrero Jr.,19611,23,1B,TOR,706,175,90,97,32,8,0.2743,0.3385,0.4796,92.8,4.3,11.2,50.4,526
2022,Jeremy Peña,21636,24,SS,HOU,558,132,72,63,22,11,0.2534,0.2888,0.4261,88.1,8.7,9.7,36.7,392
2022,Adolis García,19287,29,OF,TEX,657,151,88,101,27,25,0.2496,0.2998,0.4562,92.1,13.2,12.9,47.4,428
2022,Matt Olson,14344,28,1B,ATL,699,148,86,103,34,0,0.2403,0.3247,0.4773,92.9,16.1,13.6,50.9,450
2022,Brandon Drury,11615,29,2B/3B,2 Tms,568,136,87,87,28,2,0.2625,0.3204,0.4923,89.1,13.8,10.4,42.2,396
2022,Ke'Bryan Hayes,18577,25,3B,PIT,560,123,55,41,7,20,0.2436,0.3143,0.3446,91,5.2,3.9,46.8,385
2022,Nathaniel Lowe,19566,26,1B,TEX,645,179,74,76,27,2,0.3019,0.3581,0.4924,90.2,8.2,9.9,44.8,446
2022,DJ LeMahieu,9874,33,2B,NYY,541,122,74,46,12,4,0.2612,0.3574,0.3769,89.2,3,5.3,41.1,399
2022,Ryan McMahon,15112,27,3B,COL,597,130,67,67,20,7,0.2457,0.3266,0.414,91.7,10.8,10.4,46.5,374
2022,Amed Rosario,15518,26,SS,CLE,670,180,86,71,11,18,0.2826,0.3119,0.4035,88.4,5,4.5,38.3,530
2022,Teoscar Hernández,13066,29,OF,TOR,535,133,71,77,25,6,0.2665,0.3159,0.491,92.6,11.6,15,53.3,347
2022,Bryan Reynolds,19326,27,OF,PIT,614,142,74,62,27,7,0.262,0.3453,0.4613,90.2,12,7.9,42.9,403
2022,Thairo Estrada,16426,26,2B,SFG,541,127,71,62,14,21,0.2602,0.3222,0.3996,86.2,8.1,4.4,31.1,405
2022,Jorge Mateo,17273,27,SS,BAL,533,109,63,50,13,35,0.2206,0.267,0.3785,86.8,14.8,6,32.7,352
2022,Jonah Heim,16930,27,C,TEX,450,92,51,48,16,2,0.2266,0.2978,0.399,89.3,17,6.9,39.9,321
2022,Luis Arraez,18568,25,1B/2B,MIN,603,173,88,49,8,4,0.3163,0.3748,0.4205,88.9,12.9,3.6,30.2,507
2022,Randy Arozarena,19290,27,OF,TBR,645,154,72,89,20,32,0.2628,0.3271,0.4454,89.9,8.8,7.9,41,432
2022,Gavin Lux,19955,24,2B,LAD,471,116,66,42,6,7,0.2755,0.3461,0.399,88,6.8,6.1,39.8,329
2022,Danny Jansen,16535,27,C,TOR,248,56,34,44,15,1,0.2605,0.3387,0.5163,90.4,22.2,13.1,46.6,176
2022,Gleyber Torres,16997,25,2B,NYY,572,135,73,76,24,10,0.2567,0.31,0.4506,90.4,17.5,10.7,45.3,401
2022,Bryce Harper,11579,29,OF,PHI,426,106,63,65,18,11,0.2865,0.3638,0.5135,92.1,11.8,12.8,47.9,290
2022,Ty France,17982,27,1B,SEA,613,151,65,83,20,0,0.274,0.3382,0.4356,87.6,10,5.4,36.8,462
2022,Lars Nootbaar,21454,24,OF,STL,347,66,53,40,14,4,0.2276,0.3401,0.4483,91.7,10.7,12.1,46,224
2022,Ramón Urías,18795,28,3B,BAL,445,100,50,51,16,1,0.2481,0.3054,0.4144,89.4,11,9.6,46.5,312
2022,Brendan Donovan,24679,25,2B/OF,STL,468,110,64,45,5,2,0.2813,0.394,0.3785,87.7,6,3.4,37.7,324
2022,Gio Urshela,10681,30,3B,MIN,551,143,61,64,13,1,0.2854,0.3376,0.4291,88.9,11.8,7,37.6,412
2022,Trevor Story,12564,29,SS,BOS,396,85,53,66,16,13,0.2381,0.303,0.4342,88.9,17.8,11.3,40.6,239
2022,Josh Rojas,19734,28,2B/3B,ARI,510,119,66,56,9,23,0.2686,0.3485,0.3905,88.8,11.9,4.5,36.1,355
2022,Jurickson Profar,10815,29,OF,SDP,658,140,82,58,15,5,0.2435,0.3313,0.3913,87.5,12.9,4,34.3,478
2022,Jazz Chisholm Jr.,20454,24,2B/OF,MIA,241,54,39,45,14,12,0.2535,0.325,0.5352,90.4,15.5,16.7,46.7,150
2022,Mark Canha,11445,33,OF,NYM,542,123,71,61,13,3,0.2662,0.3672,0.4026,87.7,10.9,4.9,36.6,369
2022,Anthony Rizzo,3473,32,1B,NYY,548,104,77,75,32,6,0.2237,0.3376,0.4796,89.4,19.3,10.9,40.8,366
2022,Hunter Renfroe,15464,30,OF,MIL,522,121,62,72,29,1,0.2553,0.3154,0.4916,90.5,17.7,10.9,43.6,358
2022,Rhys Hoskins,16472,29,1B,PHI,672,145,81,79,30,2,0.2462,0.3323,0.4618,90.1,18.1,11.1,44.3,424
2022,Luis Urías,16622,25,2B/3B,MIL,472,97,54,47,16,1,0.2389,0.3347,0.4039,87.3,18,8.3,35.3,312
2022,Ronald Acuña Jr.,18401,24,OF,ATL,533,124,71,50,15,29,0.2655,0.3508,0.4133,91.2,10.8,12.8,49.7,344
2022,Santiago Espinal,19997,27,2B/3B,TOR,491,120,51,51,7,6,0.2673,0.3224,0.3697,86.1,14.1,3.4,31.7,385
2022,Matt Carpenter,8090,36,3B,NYY,154,39,28,37,15,0,0.3047,0.4118,0.7266,89.8,22.4,13.7,42.1,95
2022,Joc Pederson,11899,30,OF,SFG,433,104,57,70,23,3,0.2737,0.3533,0.5211,93.2,14.8,15.1,52.1,284
2022,Isaac Paredes,20036,23,3B,TBR,381,68,48,45,20,0,0.2054,0.3045,0.435,87.4,15.8,6.4,38.7,266
2022,Chas McCormick,19599,27,OF,HOU,407,88,47,44,14,4,0.2451,0.3317,0.4067,88.1,12.8,10.2,39,254
2022,Bobby Witt Jr.,25764,22,SS,KCR,632,150,82,80,20,30,0.2538,0.2943,0.4281,89.7,16.8,8.7,38.6,461
2022,Anthony Santander,14551,27,OF,BAL,647,138,78,89,33,0,0.2404,0.3184,0.4547,90.1,21.4,11.6,43.3,457
2022,Justin Turner,5235,37,3B,LAD,532,130,61,81,13,3,0.2778,0.3496,0.438,89.5,18.4,8,40.6,387
2022,Tim Anderson,15172,29,SS,CHW,351,100,50,25,6,13,0.3012,0.339,0.3946,88.2,3.3,5.8,41.2,277
2022,Kyle Schwarber,16478,29,DH/OF,PHI,669,126,100,94,46,10,0.2184,0.3229,0.5043,93.3,19.2,20.1,54.4,379
2022,J.P. Crawford,15491,27,SS,SEA,603,126,57,42,6,3,0.2432,0.3394,0.3359,85.1,8.9,2,29.7,445
2022,Jake McCarthy,21622,24,OF,ARI,354,91,53,43,8,23,0.2835,0.3419,0.4268,87.4,8,4.8,33.3,249
2022,Christian Yelich,11477,30,OF,MIL,671,145,99,57,14,19,0.2522,0.3552,0.3826,91.5,3.6,8.2,48.6,416
2022,Jon Berti,12037,32,3B,MIA,404,86,47,28,4,41,0.2402,0.3243,0.338,88,4.7,5.9,37,270
2022,Luis Robert Jr.,20043,24,OF,CHW,401,108,54,56,12,11,0.2842,0.3192,0.4263,89.3,10,8.9,42.8,304
2022,Josh Bell,13145,29,1B,2 Tms,647,147,78,71,17,0,0.2663,0.3618,0.4221,88.9,8.4,7.2,40.8,456
2022,Austin Slater,16153,29,OF,SFG,325,73,49,34,7,12,0.2635,0.3662,0.4079,89,6.6,10.5,39.5,190
2022,Tyrone Taylor,13675,28,OF,MIL,405,87,49,51,17,3,0.2332,0.2864,0.4424,88,16.9,9.9,37.6,274
2022,Max Muncy,13301,31,1B/3B,LAD,565,91,69,69,21,2,0.1961,0.3292,0.3836,90.3,20.9,13.4,45.6,329
2022,William Contreras,20503,24,C,ATL,376,93,51,45,20,2,0.2784,0.3537,0.506,90.4,6.1,13.4,46.6,232
2022,Andrew Benintendi,17901,27,OF,2 Tms,521,140,54,51,5,8,0.3037,0.3731,0.3991,89.2,12.6,5.1,38.7,390
2022,Dylan Moore,18042,29,2B/OF,SEA,255,46,41,24,6,21,0.2244,0.3676,0.3854,87.2,20.7,12.9,36.4,132
2022,Javier Báez,12979,29,SS,DET,590,132,64,67,17,9,0.2378,0.278,0.3928,87.9,9.6,8,38,411
2022,Seiya Suzuki,30116,27,DH/OF,CHC,446,104,54,46,14,9,0.262,0.3363,0.4332,89.6,11.2,11,41.3,290
2022,Christian Vázquez,9774,31,C,2 Tms,426,109,41,52,9,1,0.2739,0.3146,0.3995,87.9,10.7,5.1,36.4,332
2022,Dylan Carlson,20126,23,OF,STL,488,102,56,42,8,5,0.2361,0.3156,0.3796,86.1,12.9,4.4,27.2,342
2022,Josh Naylor,18839,25,1B,CLE,498,115,47,79,20,6,0.2561,0.3193,0.4521,89.4,10.3,8.6,42.8,374
2022,Brendan Rodgers,17907,25,2B,COL,581,140,72,63,13,0,0.2657,0.3253,0.408,90,4.6,7.2,45.9,431
2022,Ketel Marte,13613,28,2B,ARI,558,118,68,52,12,5,0.2398,0.3208,0.4065,90.1,13.5,6.1,41.9,396
2022,Michael A. Taylor,11489,31,OF,KCR,456,105,49,43,9,4,0.2536,0.3128,0.3575,86.3,12.1,6.8,32.9,310
2022,Jose Siri,17452,26,OF,2 Tms,325,64,53,24,7,14,0.2126,0.2677,0.3389,87.2,15.4,6.2,33,194
2022,Austin Hays,19363,26,OF,BAL,582,134,66,60,16,2,0.2505,0.3058,0.4131,87.7,11.3,5.2,37.7,424
2022,Luis Guillorme,16451,27,2B/3B,NYM,335,81,33,17,2,1,0.2727,0.3514,0.3401,86.2,4.3,2.4,24.9,253
2022,Joey Meneses,14366,30,1B/DH,WSN,240,72,33,34,13,1,0.3243,0.3667,0.5631,91.4,9.5,9.9,47.1,172
2022,Trent Grisham,18564,25,OF,SDP,524,83,58,53,17,7,0.184,0.2843,0.3415,88.3,15.1,8.1,35.5,310
2022,Jorge Polanco,13152,28,2B/SS,MIN,445,88,54,56,16,3,0.2347,0.3461,0.4053,89,21.7,10.2,38.7,284
2022,David Peralta,2136,34,OF,2 Tms,490,110,39,59,12,1,0.2506,0.3163,0.4146,90.3,15.1,8.5,44.4,331
2022,Christian Bethancourt,10028,30,C,2 Tms,333,80,39,34,11,5,0.2516,0.2831,0.4088,90.1,9.4,11.7,44.8,239
2022,Ryan Mountcastle,18373,25,1B,BAL,609,139,62,85,22,4,0.2505,0.3054,0.4234,91.3,15.9,15,46.3,408
2022,Nick Gordon,16337,26,OF,MIN,443,110,45,50,9,6,0.2716,0.3159,0.4272,90.6,12.5,9.4,44.7,309
2022,Christopher Morel,21897,23,DH/OF,CHC,425,89,55,47,16,10,0.2348,0.3081,0.4327,89.6,9.1,13.4,40.3,247
2022,Luis Rengifo,19858,25,2B/3B,LAA,511,129,45,52,17,6,0.2638,0.2941,0.4294,86.9,9.9,5.4,33.6,411
2022,Chris Taylor,13757,31,OF,LAD,454,89,45,43,10,10,0.2214,0.304,0.3731,87.4,20.4,10.2,38,245
2022,Eloy Jiménez,17484,25,DH/OF,CHW,327,86,40,54,16,0,0.2945,0.3578,0.5,92.8,7.4,14.7,54.9,224
2022,Max Kepler,12144,29,OF,MIN,446,88,54,43,9,3,0.2268,0.3184,0.3479,89.1,11.2,7.1,39.9,326
2022,Kyle Higashioka,5517,32,C,NYY,248,52,27,31,10,0,0.2271,0.2642,0.3886,90.9,17.2,9.8,48.1,183
2022,Keibert Ruiz,19610,23,C,WSN,433,99,33,36,7,6,0.2513,0.3125,0.3604,88,14.9,3.7,32.3,347
2022,Tyler O'Neill,15711,27,OF,STL,383,76,56,58,14,14,0.2275,0.3081,0.3922,89.8,13.6,11.3,43.3,238
2022,Kyle Farmer,14813,31,2B/SS,CIN,583,134,58,78,14,4,0.2548,0.315,0.3859,85.5,12.7,4.4,33.8,435
2022,Seth Brown,18171,29,1B/OF,OAK,555,115,55,73,25,11,0.23,0.3045,0.444,89.2,15.8,13,41.4,355
2022,Lourdes Gurriel Jr.,19238,28,OF,TOR,493,132,52,52,5,3,0.2914,0.3435,0.3996,90.6,10.9,3.8,45.7,372
2022,Tyler Stephenson,17988,25,C,CIN,183,53,24,35,6,1,0.3193,0.3716,0.4819,87.1,11.1,6.6,34.7,121
2022,Mike Yastrzemski,14854,31,OF,SFG,558,104,73,57,17,5,0.2144,0.3052,0.3918,89.9,19.9,11.1,42.5,351
2022,Isiah Kiner-Falefa,16512,27,SS,NYY,531,126,66,48,4,22,0.2609,0.3144,0.3271,86.2,4.3,1.2,30.1,419
2022,Myles Straw,17620,27,OF,CLE,596,118,72,32,0,21,0.2206,0.2912,0.2729,87,9.8,0.7,26.5,454
2022,Victor Caratini,14968,28,C,MIL,314,54,26,34,9,0,0.1985,0.3003,0.3419,89.4,6.6,6.3,43.5,207
2022,Cody Bellinger,15998,26,1B/OF,LAD,550,106,70,68,19,14,0.2103,0.2655,0.3889,89.4,20.3,8.3,38.1,360
2022,J.D. Martinez,6184,34,DH/OF,BOS,596,146,76,62,16,0,0.2739,0.3412,0.4484,89.1,14.1,12.5,41.7,393
2022,Harrison Bader,18030,28,OF,2 Tms,313,73,38,30,5,17,0.25,0.2939,0.3562,83.4,16.7,3.4,26.3,232
2022,Ildemaro Vargas,13324,30,2B/3B,2 Tms,222,55,19,23,4,3,0.2632,0.2986,0.3923,87,7.4,2.1,29.3,188
2022,Vinnie Pasquantino,27676,24,1B/DH,KCR,298,76,25,26,10,1,0.2946,0.3826,0.4496,91.2,12.1,8.8,46.9,226
2022,Reese McGuire,15674,27,C,2 Tms,274,67,25,22,3,1,0.2691,0.3071,0.3695,87,14.1,2.5,29.7,202
2022,Sam Haggerty,18054,28,OF,SEA,201,45,29,23,5,13,0.2557,0.335,0.4034,86,13.6,4,24.6,126
2022,Oneil Cruz,21711,23,SS/OF,PIT,361,77,45,54,17,10,0.2326,0.2936,0.4502,91.9,8.3,15.5,46.1,206
2022,Alec Bohm,21618,25,3B,PHI,631,164,79,72,13,2,0.2799,0.3154,0.3976,90.2,10.4,6.8,43,486
2022,Jose Miranda,20538,24,1B/3B,MIN,483,119,45,66,15,1,0.268,0.3251,0.4257,89.3,13.8,6.2,42.4,354
2022,Gary Sánchez,11442,29,C,MIN,471,86,42,61,16,2,0.2053,0.2824,0.3771,90.5,14,13.5,49.3,288
2022,Corbin Carroll,25878,21,OF,ARI,115,27,13,14,4,2,0.2596,0.3304,0.5,85.8,9.1,5.5,32.9,73
2022,Brandon Marsh,20202,24,OF,2 Tms,461,104,49,52,11,10,0.2453,0.2948,0.3844,89.2,10.9,7.4,38.2,272
2022,Lane Thomas,16939,26,OF,WSN,548,120,62,52,17,8,0.241,0.3011,0.4036,86.4,12.5,6.5,34.5,371
2022,Tomás Nido,13755,28,C,NYM,313,68,31,28,3,0,0.2394,0.2757,0.3239,86.3,8.3,6.3,33.3,222
2022,Austin Barnes,12158,32,C,LAD,212,38,31,26,8,2,0.2123,0.3238,0.3799,87.4,13.6,4.8,35.2,145
2022,Manuel Margot,14712,27,OF,TBR,363,92,36,47,4,7,0.2738,0.3251,0.375,89.5,10.2,3.7,37.9,269
2022,Jose Iglesias,10231,32,SS,COL,467,128,48,47,3,2,0.2916,0.3276,0.3804,83.8,6,0.5,27.7,386
2022,Cavan Biggio,19252,27,2B,TOR,303,52,43,24,6,2,0.2023,0.3179,0.3502,88.3,19.5,6.9,32.8,174
2022,Bryson Stott,26294,24,2B,PHI,466,100,58,49,10,12,0.2342,0.2946,0.3583,88.1,13.1,4.4,36.8,340
2022,Wilmer Flores,5827,30,1B,SFG,602,120,72,71,19,0,0.2286,0.3156,0.3943,87.8,20.7,6.3,35.4,429
2022,Harold Ramírez,14387,27,DH/OF,TBR,435,121,46,58,6,3,0.3002,0.3425,0.4045,88.5,4.8,4.8,41.2,335
2022,Oswaldo Cabrera,21707,23,3B/OF,NYY,171,38,21,19,6,3,0.2468,0.3118,0.4286,86.8,21.5,6.3,34.8,112
2022,Nick Fortes,21538,25,C,MIA,240,50,41,24,9,5,0.2304,0.3042,0.3917,89.3,15.4,7,37.8,172
2022,Adam Frazier,15223,30,2B/OF,SEA,602,129,61,42,3,11,0.2384,0.301,0.3105,85.1,13.6,1.5,24.5,478
2022,Edmundo Sosa,17022,26,3B/SS,2 Tms,190,40,26,21,2,6,0.2273,0.2751,0.3693,86.8,11.4,5.5,29.7,128
2022,Whit Merrifield,11281,33,2B/OF,2 Tms,550,126,70,58,11,16,0.25,0.2982,0.375,87.1,15.1,4.2,31.1,427
2022,Emmanuel Rivera,19890,26,3B,2 Tms,359,77,46,40,12,1,0.2333,0.2925,0.4091,90.4,9.8,9.3,38.3,248
2022,Kevin Newman,17696,28,2B/SS,PIT,309,79,31,24,2,8,0.2743,0.316,0.3715,85.8,13.1,1.6,27.2,243
2022,Patrick Wisdom,13602,30,3B,CHC,534,97,67,66,25,8,0.2068,0.2983,0.4264,90.7,21,14.2,46.3,289
2022,Leody Taveras,18900,23,OF,TEX,341,82,39,34,5,11,0.2611,0.3088,0.3662,89.3,12,4.3,36.1,230
2022,Garrett Cooper,15279,31,1B/DH,MIA,469,108,37,50,9,0,0.2609,0.3369,0.4155,89.6,8.8,10.7,43.7,300
2022,J.D. Davis,16219,29,3B,2 Tms,365,79,46,35,12,1,0.2484,0.3397,0.4182,92.4,12.3,16.2,56.1,198
2022,Jack Suwinski,22244,23,OF,PIT,372,66,45,38,19,4,0.2025,0.2984,0.411,88.3,14.3,12.2,40.4,213
2022,Giancarlo Stanton,4949,32,DH/OF,NYY,452,84,53,78,31,0,0.2111,0.2971,0.4623,95,10.8,19.3,52.3,264
2022,Miguel Rojas,7802,33,SS,MIA,507,111,34,36,6,9,0.2357,0.2826,0.3227,86.1,10.1,1.9,27.1,414
2022,Alex Verdugo,17027,26,OF,BOS,644,166,75,74,11,1,0.2799,0.3276,0.4047,89.1,8.4,6,38.2,513
2022,Ozzie Albies,16556,25,2B,ATL,269,61,36,35,8,3,0.247,0.2937,0.4089,87.1,16.9,5.4,26.5,204
2022,Rob Refsnyder,13770,31,OF,BOS,177,47,25,21,6,1,0.3072,0.3842,0.4967,89.9,13.1,10.9,44.5,110
2022,Rowdy Tellez,15679,27,1B,MIL,599,116,67,89,35,2,0.2193,0.3055,0.4612,91.1,15.3,12.9,46,411
2022,Riley Greene,25976,21,OF,DET,418,95,46,42,5,1,0.2527,0.3206,0.3617,89.5,2.8,9.3,45.2,259
2022,Kevin Kiermaier,11038,32,OF,TBR,221,47,28,22,7,6,0.2282,0.2805,0.3689,87.9,5.3,6.9,38.6,145
2022,Mitch Haniger,14274,31,OF,SEA,247,55,31,34,11,0,0.2455,0.3077,0.4286,91.9,18.2,11.8,47.2,161
2022,Anthony Rendon,12861,32,3B,LAA,193,38,15,24,5,2,0.2289,0.3264,0.3795,89.6,18.7,8.3,37.6,133
2022,Nicky Lopez,19339,27,2B/SS,KCR,480,99,51,20,0,13,0.2271,0.2809,0.2729,84.9,4.9,1.6,22.9,384
2022,Zach McKinstry,19392,27,3B/OF,2 Tms,185,33,21,14,5,7,0.1988,0.2732,0.3614,86.4,12.9,4.3,30.2,116
2022,Carlos Santana,2396,36,1B,2 Tms,506,87,52,60,19,0,0.2019,0.3162,0.3759,90.7,15.4,9.3,44.9,345
2022,Adam Duvall,10950,33,OF,ATL,315,61,39,36,12,0,0.2125,0.2762,0.4007,88.3,23.4,12.8,41,188
2022,Yoán Moncada,17232,27,3B,CHW,433,84,41,51,12,2,0.2116,0.2731,0.3526,88.7,15.7,9.8,37.5,285
2022,Willi Castro,17338,25,OF,DET,392,88,47,31,8,9,0.2411,0.2839,0.3671,84.8,13.9,3.5,31.4,287
2022,Gunnar Henderson,26289,21,SS,BAL,132,30,12,18,4,1,0.2586,0.3485,0.4397,92.4,2,9.8,53.7,82
2022,Jake Fraley,19260,27,OF,CIN,247,56,33,28,12,4,0.2593,0.3441,0.4676,85.1,13.8,7.3,27.6,164
2022,Alek Thomas,23792,22,OF,ARI,411,88,45,39,8,4,0.231,0.2749,0.3438,87.4,2.6,3.8,34.6,312
2022,Ryan Jeffers,24618,25,C,MIN,236,44,25,27,7,0,0.2075,0.2851,0.3632,88.2,18.2,13.2,42.4,151
2022,Salvador Perez,7304,32,C,KCR,473,113,48,76,23,0,0.2539,0.2918,0.4652,91.4,17.8,11.2,49,339
2022,Jesse Winker,13590,28,OF,SEA,547,100,51,53,14,0,0.2193,0.3437,0.3443,87.7,16.8,7.6,34.3,356
2022,Martín Maldonado,6887,35,C,HOU,379,64,40,45,15,0,0.186,0.248,0.3517,88.4,14.7,8.1,40.2,234
2022,Vaughn Grissom,26031,21,2B,ATL,156,41,24,18,5,5,0.2908,0.3526,0.4397,84.6,9,7.4,34.3,108
2022,Danny Mendick,18889,28,2B/SS,CHW,106,28,22,15,3,1,0.2887,0.3429,0.4433,86.8,10.3,4,20,75
2022,Trevor Larnach,21501,25,DH/OF,MIN,180,37,22,18,5,0,0.2312,0.3056,0.4062,90.1,13.1,11.4,43.8,105
2022,TJ Friedl,19522,26,OF,CIN,258,54,33,25,8,7,0.24,0.314,0.4356,87.2,19.8,4.7,29.8,191
2022,Luke Maile,13355,31,C,CLE,206,40,19,17,3,0,0.221,0.301,0.326,84.5,17,5.4,25.4,130
2022,Garrett Stubbs,18067,29,C,PHI,121,28,19,16,5,2,0.2642,0.35,0.4623,85.2,15.2,5.2,27.3,77
2022,Tyler Heineman,13897,31,C,2 Tms,174,34,16,9,0,1,0.2166,0.2765,0.2675,82.7,19.9,0,13.2,144
2022,Tommy Pham,2967,34,OF,2 Tms,622,131,89,63,17,8,0.2365,0.3119,0.3736,92.2,7.7,7.9,48.5,392
2022,Orlando Arcia,13185,27,SS,ATL,234,51,25,30,9,0,0.244,0.3162,0.4163,90.7,11.7,7.5,42.5,160
2022,Kris Bryant,15429,30,3B/OF,COL,181,49,28,14,5,0,0.30620000000000003,0.3757,0.475,85,13.5,6.7,29.6,135
2022,Eli White,19346,28,OF,TEX,117,21,16,10,3,12,0.2,0.2735,0.3048,86.4,21.5,4.6,29.2,65
2022,Brandon Lowe,18882,27,2B,TBR,266,52,31,25,8,1,0.2213,0.3083,0.383,89.4,16.6,10.3,38.9,175
2022,Austin Wynns,15271,31,C,SFG,177,42,14,21,3,0,0.2593,0.3125,0.358,84.1,10.4,4,27,126
2022,Andrew McCutchen,9847,35,OF,MIL,580,122,66,69,17,8,0.2369,0.3155,0.3845,89.1,13.2,8.6,40,395
2022,Ramón Laureano,17128,27,OF,OAK,383,73,49,34,13,11,0.211,0.2872,0.3757,88.7,14.9,11.6,38.4,242
2022,Carson Kelly,13620,27,C,ARI,354,67,40,35,7,2,0.2114,0.2825,0.3344,87.7,14.7,5.2,36.8,250
2022,Donovan Solano,8623,34,2B,CIN,304,79,22,24,4,0,0.2842,0.3388,0.3849,88.3,10.7,5.9,41.2,219
2022,Stuart Fairchild,20321,26,OF,3 Tms,110,24,14,6,5,0,0.2474,0.3364,0.4639,88.9,13.3,9.5,41.3,63
2022,Nick Allen,22277,23,SS,OAK,326,62,31,19,4,3,0.2074,0.2562,0.291,83.9,7.6,1.2,22.3,242
2022,Jesús Sánchez,19913,24,OF,MIA,343,67,38,36,13,1,0.2141,0.2799,0.4026,89.5,11,9.9,40.5,222
2022,Alex Call,19296,27,OF,2 Tms,131,27,18,13,5,3,0.2368,0.3359,0.4123,86.3,18.4,1.2,31,84
2022,Kerry Carpenter,25961,24,DH/OF,DET,113,26,16,10,6,0,0.2524,0.3097,0.4854,87.2,14.5,11.1,36.1,72
2022,Bryan De La Cruz,19600,25,OF,MIA,355,83,38,43,13,4,0.2523,0.2938,0.4316,90.8,9.8,11.9,47.3,243
2022,Kyle Isbel,21614,25,OF,KCR,278,54,32,28,5,9,0.2109,0.2635,0.3398,89.7,10.6,4.9,44.6,184
2022,Curt Casali,12510,33,C,2 Tms,176,30,20,17,5,0,0.2027,0.3182,0.3311,87.1,25.4,6,39,100
2022,Randal Grichuk,10243,30,OF,COL,538,131,60,73,19,4,0.2589,0.2993,0.4249,90,8.7,6.8,43.6,381
2022,Taylor Trammell,19960,24,OF,SEA,117,20,15,10,4,2,0.1961,0.2845,0.402,88.3,20.5,9.9,28.2,71
2022,Drew Waters,20505,23,OF,KCR,109,23,14,18,5,0,0.2396,0.3241,0.4792,84.1,10.4,12.5,28.6,56
2022,Victor Robles,18363,25,OF,WSN,407,82,42,33,6,15,0.224,0.2727,0.3115,84.6,15.8,3.2,23.8,277
2022,Jorge Soler,14221,30,DH/OF,MIA,306,56,32,34,13,0,0.2074,0.2951,0.4,91.2,13.7,12.2,43.6,181
2022,Joey Bart,21524,25,C,SFG,291,56,34,25,11,2,0.2146,0.2955,0.364,87.3,16.3,10.1,43,149
2022,Jake Meyers,20308,26,OF,HOU,160,34,13,15,1,2,0.2267,0.2688,0.3133,87.3,7.2,5.2,37.1,97
2022,Jake Burger,22275,26,1B/3B,CHW,183,42,20,26,8,0,0.25,0.3022,0.4583,90.7,12.3,14.9,43,114
2022,Jake Cave,14477,29,OF,MIN,177,35,17,20,5,2,0.2134,0.2599,0.3841,90.7,14.4,10.3,42.7,117
2022,Connor Joe,16572,29,1B/OF,COL,467,96,56,28,7,6,0.2376,0.3383,0.3589,85.3,10.6,4.5,33.8,308
2022,Enrique Hernández,10472,30,OF,BOS,402,80,48,45,6,0,0.2216,0.291,0.338,87.8,17.3,5.8,35,294
2022,Geraldo Perdomo,22799,22,SS,ARI,500,84,58,40,5,9,0.1949,0.2848,0.2622,85,12.1,2,25.1,342
2022,Edward Olivares,19698,26,OF,KCR,174,46,24,15,4,2,0.2857,0.3333,0.4099,89.2,6.6,6.3,38.9,126
2022,Matt Vierling,21558,25,OF,PHI,357,80,41,32,6,7,0.2462,0.2969,0.3508,91.2,12,5,47.1,261
2022,Jonathan India,21523,25,2B,CIN,431,96,48,41,10,3,0.2487,0.3271,0.3782,85.1,14.5,4.8,28.8,292
2022,Michael Massey,27684,24,2B,KCR,194,42,16,17,4,3,0.2428,0.3073,0.3757,89.3,16.4,13,38.2,131
2022,Elehuris Montero,20543,23,1B,COL,185,41,21,20,6,0,0.233,0.2703,0.4318,89.8,13.2,8.6,39.7,116
2022,Gavin Sheets,19901,26,DH/OF,CHW,410,91,34,53,15,0,0.2414,0.2951,0.4111,88.6,14.8,6.5,36.1,294
2022,Luis García Jr.,20391,22,2B,WSN,377,99,29,45,7,3,0.275,0.2952,0.4083,87.3,5.5,7.5,36.7,281
2022,Ezequiel Duran,23733,23,3B,TEX,220,49,25,25,5,4,0.2356,0.2773,0.3654,85.9,9.5,4.5,31.8,154
2022,Mitch Garver,15161,31,C/DH,TEX,215,39,23,24,10,1,0.2074,0.2977,0.4043,88.9,18.4,8.8,38.7,137
2022,Mauricio Dubón,16530,27,2B/OF,2 Tms,265,52,31,24,5,2,0.214,0.2519,0.3128,84.7,16.7,2.3,29.9,221
2022,Nelson Velázquez,23359,23,DH/OF,CHC,206,38,20,26,6,5,0.2054,0.2864,0.373,89.2,12.3,13.3,43.6,120
2022,Charlie Blackmon,7859,35,OF,COL,577,140,60,78,16,4,0.2642,0.3141,0.4189,86.2,12.4,4.4,30.6,428
2022,Josh Jung,26299,24,3B,TEX,102,20,9,14,5,2,0.2041,0.2353,0.4184,85.5,14.3,10.2,32.2,59
2022,Josh Lowe,19953,24,OF,TBR,198,40,24,13,2,3,0.221,0.2843,0.3425,88.3,11.4,5.2,37.1,116
2022,James McCann,12859,32,C,NYM,191,34,19,18,3,3,0.1954,0.2565,0.2816,90.2,16.3,6.9,40.8,130
2022,LaMonte Wade Jr.,18126,28,1B/OF,SFG,251,45,29,26,8,1,0.2074,0.3052,0.3594,87.7,21.1,9.5,34.3,169
2022,Nolan Gorman,22263,22,2B,STL,313,64,44,35,14,1,0.2261,0.3003,0.4205,89.2,20,14.4,43.3,180
2022,Joey Gallo,14128,28,OF,2 Tms,410,56,48,47,19,3,0.16,0.2805,0.3571,89.6,23.8,17.6,50.5,188
2022,Romy Gonzalez,21562,25,1B/2B,CHW,109,25,15,11,2,0,0.2381,0.2569,0.3524,91.2,3.3,9,49.3,67
2022,Paul DeJong,18015,28,SS,STL,237,33,19,25,6,3,0.1571,0.2447,0.2857,87.6,21.7,9.8,37.6,133
2022,Shea Langeliers,25816,24,C,OAK,153,31,14,22,6,0,0.2183,0.2614,0.4296,87.3,16.9,9.9,38.5,91
2022,Robbie Grossman,5254,32,OF,2 Tms,477,86,40,45,7,6,0.2092,0.3103,0.3114,86.7,21.1,3.5,30.4,286
2022,Jeimer Candelario,13621,28,3B,DET,467,93,49,50,13,0,0.2168,0.2719,0.3613,87.2,13.5,8.3,34.6,324
2022,Juan Yepez,18400,24,1B/DH/OF,STL,274,64,27,30,12,0,0.253,0.2956,0.4466,86.5,17.1,9.2,33.7,196
2022,Austin Hedges,12976,29,C,CLE,338,48,26,30,7,2,0.1633,0.2409,0.2483,84.2,16.7,3.1,22.3,229
2022,Josh Smith,26396,24,3B/SS,TEX,253,42,23,16,2,4,0.1972,0.3068,0.2488,87,19.2,2.4,28.6,168
2022,Pavin Smith,19892,26,1B/OF,ARI,277,54,24,33,9,1,0.2204,0.2996,0.3673,87.9,15.2,9.9,35.9,181
2022,Jonah Bride,24703,26,1B/3B,OAK,187,33,17,6,1,1,0.2037,0.3011,0.2469,86.9,11.5,1.5,31.1,132
2022,Spencer Steer,26323,24,1B/OF,CIN,108,20,12,8,2,0,0.2105,0.3056,0.3263,84.7,13.6,5.8,31.9,69
2022,Michael Toglia,25845,23,1B,COL,120,24,10,12,2,1,0.2162,0.275,0.3784,87.4,17,7.5,40.3,67
2022,Jarren Duran,24617,25,OF,BOS,223,45,23,17,3,7,0.2206,0.2825,0.3627,89.3,7.6,7.7,38,142
2022,Jarred Kelenic,22558,22,OF,SEA,181,23,20,17,7,5,0.1411,0.221,0.3129,86,18,13.6,35,103
2022,Nick Castellanos,11737,30,3B/OF,PHI,558,138,56,62,13,7,0.2634,0.3047,0.3893,87.5,14.6,6.6,35.1,396
2022,Garrett Hampson,19262,27,2B/OF,COL,226,42,29,15,2,12,0.2111,0.287,0.3065,86.5,10.2,4.3,27.7,141
2022,Jacob Stallings,13723,32,C,MIA,384,77,25,34,4,0,0.2225,0.2924,0.2919,86.7,12.9,3.4,32.3,266
2022,Jo Adell,20220,23,OF,LAA,285,60,22,27,8,4,0.2239,0.2641,0.3731,87.4,16.7,9.9,37.7,162
2022,Andy Ibáñez,18819,29,2B/3B,TEX,128,26,13,9,1,3,0.2185,0.2734,0.2773,88.3,14.9,6.1,39.8,98
2022,Dominic Smith,15653,27,1B/OF,NYM,152,26,11,17,0,0,0.194,0.2763,0.2836,89.6,10.9,7.1,46.5,99
2022,Miguel Andujar,15878,27,3B/OF,2 Tms,140,31,13,17,1,4,0.2348,0.2571,0.3106,84.4,9.2,3.7,31.5,108
2022,Jason Heyward,4940,32,OF,CHC,151,28,15,10,1,1,0.2044,0.2781,0.2774,87.6,13.1,4.8,38.1,105
2022,Jose Herrera,17040,25,C,ARI,124,21,9,5,0,0,0.1892,0.25,0.2072,84.7,3,0,11.1,81
2022,Kody Clemens,20572,26,1B,DET,127,17,13,17,5,1,0.1453,0.1969,0.3077,89.4,17.4,5.8,37.2,86
2022,JJ Bleday,26368,24,OF,MIA,238,34,21,16,5,4,0.1667,0.2773,0.3088,86.3,25,8.6,33.8,139
2022,CJ Abrams,25768,21,SS,2 Tms,302,70,33,21,2,7,0.2465,0.28,0.3239,86.5,6.8,2.1,30.7,238
2022,Marcell Ozuna,10324,31,DH/OF,ATL,507,106,56,56,23,2,0.2255,0.2742,0.4128,89.4,16.5,13.1,43.8,352
2022,Richie Palacios,24589,25,OF,CLE,123,26,7,10,0,2,0.2321,0.2927,0.2857,85,13.5,1.1,21.5,93
2022,Ryan O'Hearn,16442,28,1B/DH,KCR,145,32,14,16,1,0,0.2388,0.2897,0.3209,92.1,13.4,7,48,100
2022,Luis Torrens,15905,26,C,SEA,166,34,13,15,3,0,0.2252,0.2831,0.298,90.3,8.9,4.9,46.6,103
2022,Mickey Moniak,19956,24,OF,2 Tms,112,18,13,8,3,1,0.1698,0.2072,0.3019,84.9,19.1,7.9,31.7,63
2022,Alex Kirilloff,20325,24,1B/OF,MIN,156,36,14,21,3,0,0.25,0.2903,0.3611,89.3,6.1,6.4,45.5,110
2022,Yasmani Grandal,11368,33,C,CHW,376,66,15,27,5,1,0.2018,0.3005,0.2691,90,12.1,4.8,40,250
2022,Taylor Walls,22458,25,SS,TBR,466,70,53,33,8,10,0.172,0.2678,0.285,86.3,16.6,6.2,28.5,291
2022,Tyler Nevin,17893,25,1B/3B,BAL,184,31,17,16,2,0,0.1975,0.2989,0.2611,87.3,17.7,3.5,37.7,114
2022,Andrew Vaughn,26197,24,1B/OF,CHW,555,138,60,76,17,0,0.2706,0.3207,0.4294,90.8,7.5,7.9,48.6,419
2022,Vidal Bruján,20536,24,2B/OF,TBR,162,24,13,16,3,5,0.1633,0.2284,0.2585,86.1,14.2,2.7,27.7,112
2022,Abraham Toro,19844,25,2B/3B,SEA,352,60,36,35,10,2,0.1852,0.2386,0.3241,87,16.7,6.8,29.7,263
2022,Tyler Wade,15730,27,2B/OF,LAA,163,32,22,8,1,8,0.2177,0.2722,0.2721,83.9,11.5,1.7,16,119
2022,MJ Melendez,22197,23,OF,KCR,534,100,57,62,18,2,0.2174,0.3127,0.3935,90.7,15.1,10.4,43.5,336
2022,Nick Senzel,19293,27,OF,CIN,420,86,45,25,5,8,0.2306,0.2958,0.3056,87.2,11.7,3.3,33.9,300
2022,Sam Hilliard,17954,28,OF,COL,200,32,26,14,2,5,0.1839,0.28,0.2644,92,13.4,9.2,48.7,119
2022,Ernie Clement,20352,26,3B,2 Tms,179,30,19,6,0,0,0.184,0.2429,0.2086,85,11.8,3.6,25.7,140
2022,Spencer Torkelson,27465,22,1B,DET,404,73,38,28,8,0,0.2028,0.2847,0.3194,90.5,15,8.4,41.8,263
2022,Cooper Hummel,19458,27,DH/OF,ARI,201,31,20,17,3,4,0.1761,0.2736,0.3068,87.6,7.7,7.1,35.4,113
2022,Riley Adams,19864,26,C,WSN,155,25,14,10,5,0,0.1761,0.2452,0.3099,90.2,13.5,9.4,45.8,96
2022,Cristian Pache,19948,23,OF,OAK,260,40,18,18,3,2,0.166,0.2179,0.2407,89.4,3.8,3.4,40.8,174
2022,Elias Díaz,11680,31,C,COL,381,80,29,51,9,0,0.2279,0.2808,0.3675,88.4,11.1,5.9,39.3,272
2022,Eddie Rosario,12155,30,OF,ATL,270,53,27,24,5,3,0.212,0.2593,0.328,87.7,15.2,5.4,33,185
2023,Ronald Acuña Jr.,18401,25,OF,ATL,735,217,149,106,41,73,0.3375,0.4163,0.5956,94.7,7.4,15.3,55.2,562
2023,Freddie Freeman,5361,33,1B,LAD,730,211,131,102,29,23,0.3312,0.4096,0.5667,90,15.2,11.1,42.2,521
2023,Mookie Betts,13611,30,OF,LAD,693,179,126,107,39,14,0.3065,0.4084,0.5788,92.4,20.6,12.4,48.5,482
2023,Matt Olson,14344,29,1B,ATL,720,172,127,139,54,1,0.2829,0.3889,0.6036,93.7,16.1,16.4,55.5,445
2023,Shohei Ohtani,19755,28,DH,LAA,599,151,102,95,44,20,0.3038,0.4125,0.6539,94.4,13.2,19.6,54.2,357
2023,Marcus Semien,12533,32,2B/SS,TEX,753,185,122,100,29,14,0.2761,0.3484,0.4776,88.4,19.1,6.5,37,565
2023,Corey Seager,13624,29,SS,TEX,536,156,88,96,33,2,0.327,0.3899,0.6226,93.3,13,15.2,53.2,395
2023,Juan Soto,20123,24,OF,SDP,708,156,97,109,35,12,0.2746,0.4102,0.5194,93.2,6.7,13,55.3,445
2023,Bobby Witt Jr.,25764,23,SS,KCR,694,177,97,96,30,49,0.2761,0.3189,0.4945,90.7,15.7,11.5,45.6,529
2023,Julio Rodríguez,23697,22,OF,SEA,714,180,102,103,32,37,0.2752,0.3333,0.4847,92.7,8.5,11.9,52,481
2023,William Contreras,20503,25,C,MIL,611,156,86,78,17,6,0.2889,0.3672,0.4574,91.3,4.7,9.4,48.7,417
2023,Adley Rutschman,26288,25,C/DH,BAL,687,163,84,80,20,1,0.2772,0.3741,0.4354,88.4,12.6,7.5,38.6,492
2023,Francisco Lindor,12916,29,SS,NYM,687,153,108,98,31,31,0.2542,0.3362,0.4701,91.2,19.2,10.4,43.9,472
2023,Corbin Carroll,25878,22,OF,ARI,645,161,116,76,25,54,0.285,0.3615,0.5062,90,11,7.6,40.9,450
2023,Austin Riley,18360,26,3B,ATL,715,179,117,97,37,3,0.2814,0.3455,0.5157,92.3,13.5,13.9,49.2,475
2023,Yandy Díaz,16578,31,1B/3B,TBR,600,173,95,78,22,0,0.3295,0.41,0.5219,93.4,5.7,9.5,54,433
2023,Sean Murphy,19352,28,C,ATL,438,93,65,68,21,0,0.2514,0.3653,0.4784,91.5,13.1,16.1,45.8,273
2023,Luis Robert Jr.,20043,25,OF,CHW,595,144,90,80,38,20,0.2637,0.3153,0.5421,89.1,16.1,15.4,42.3,376
2023,Kyle Tucker,18345,26,OF,HOU,674,163,97,112,29,30,0.284,0.3688,0.5174,90.2,14.8,10.6,45.9,492
2023,J.P. Crawford,15491,28,SS,SEA,638,142,94,65,19,2,0.2659,0.3795,0.4382,88.3,15.1,4.8,36.2,414
2023,Dansby Swanson,18314,29,SS,CHC,638,138,81,80,22,9,0.2442,0.3276,0.4159,89.3,13,10.9,39.7,413
2023,Aaron Judge,15640,31,OF,NYY,458,98,79,75,37,3,0.267,0.4061,0.6131,97.6,20.4,27.5,64.2,240
2023,Adolis García,19287,30,OF,TEX,632,136,108,107,39,9,0.245,0.3275,0.5081,92.1,15.7,16.1,49.7,386
2023,Gunnar Henderson,26289,22,SS,BAL,622,143,100,82,28,10,0.2554,0.3248,0.4893,92,11.4,11.4,52,404
2023,José Ramírez,13510,30,3B,CLE,691,172,87,80,24,28,0.2815,0.356,0.4746,90,18,7,40.4,544
2023,Xander Bogaerts,12161,30,SS,SDP,665,170,83,58,19,19,0.2852,0.3504,0.4396,87.6,7.9,6.1,34.6,492
2023,Nico Hoerner,21479,26,2B/SS,CHC,688,175,98,68,9,43,0.2827,0.3464,0.3829,86.6,10.5,1.8,33.4,542
2023,Alex Bregman,17678,29,3B,HOU,724,163,103,98,25,3,0.2621,0.3633,0.4405,88.6,17.6,5.4,38.2,537
2023,Cody Bellinger,15998,27,1B/OF,CHC,556,153,95,97,26,20,0.3066,0.3561,0.5251,87.9,17.2,6.1,31.4,424
2023,Cal Raleigh,21534,26,C,SEA,569,119,78,75,30,0,0.232,0.3058,0.4561,89.5,20.3,12.6,41,356
2023,Ketel Marte,13613,29,2B,ARI,650,157,94,82,25,8,0.2759,0.3585,0.4851,91.1,10.7,8,42.8,465
2023,Yordan Alvarez,19556,26,DH/OF,HOU,496,120,77,97,31,0,0.2927,0.4073,0.5829,93.3,17.1,18,52.2,322
2023,Ha-Seong Kim,27506,27,SS,SDP,626,140,84,60,17,38,0.2602,0.351,0.3978,86.2,13.6,4.2,26.7,424
2023,Isaac Paredes,20036,24,3B,TBR,571,123,71,98,31,1,0.25,0.352,0.4878,86.9,22.2,5.9,28.5,389
2023,Brandon Nimmo,12927,30,OF,NYM,682,162,89,68,24,3,0.2736,0.3627,0.4662,91.8,12.2,9.5,47.9,451
2023,TJ Friedl,19522,27,OF,CIN,556,136,73,66,18,27,0.2787,0.3522,0.4672,86.7,16.1,3.2,27.6,409
2023,Trea Turner,16252,30,SS,PHI,691,170,102,76,26,30,0.266,0.3198,0.4585,89.9,13,8.4,42.2,490
2023,Ozzie Albies,16556,26,2B,ATL,660,167,96,109,33,13,0.2802,0.3359,0.5134,88.7,16.6,8.2,39,497
2023,Bryson Stott,26294,25,2B,PHI,640,164,78,62,15,31,0.2803,0.3286,0.4188,88.1,10.1,4.7,35.2,494
2023,Jose Altuve,5417,33,2B,HOU,410,112,76,51,17,14,0.3111,0.3927,0.5222,86,11.4,8.3,31.4,290
2023,Jonah Heim,16930,28,C,TEX,501,118,61,95,18,2,0.2582,0.3174,0.4376,89.2,17.3,8,38.5,364
2023,Fernando Tatis Jr.,19709,24,SS/OF,SDP,635,148,91,78,25,29,0.2574,0.3218,0.4487,91.9,11,11,49.3,438
2023,Michael Harris II,25931,22,OF,ATL,539,148,76,57,18,20,0.2931,0.3309,0.4772,90.9,7.6,10,48.5,408
2023,James Outman,24770,26,OF,LAD,567,120,86,70,23,16,0.2484,0.3527,0.4369,87.9,15.7,11.1,39.9,306
2023,Christian Walker,13419,32,1B,ARI,661,150,86,103,33,11,0.2577,0.3333,0.4966,88,15.8,11.4,40.4,463
2023,Bo Bichette,19612,25,SS,TOR,601,175,69,73,20,5,0.3065,0.3394,0.4746,90.2,6.2,9.6,44.9,457
2023,Will Smith,19197,28,C,LAD,554,121,80,76,19,3,0.2608,0.3592,0.4375,89.3,15.6,6.7,41.6,387
2023,Andrés Giménez,19950,24,2B,CLE,616,140,76,62,15,30,0.2513,0.3137,0.3986,84.8,13.1,5.5,27,452
2023,Christian Yelich,11477,31,OF,MIL,632,153,106,76,19,28,0.2782,0.3703,0.4473,91.7,3.5,9.2,50.1,411
2023,Nolan Jones,20529,25,OF,COL,424,109,60,62,20,20,0.297,0.3892,0.5422,90.1,9.8,15.7,41.3,242
2023,Gleyber Torres,16997,26,2B,NYY,672,163,90,68,25,13,0.2735,0.3467,0.453,89.7,15.1,7.9,40.3,504
2023,Brandon Marsh,20202,25,OF,PHI,472,112,58,60,12,10,0.2772,0.3715,0.4579,91.3,12.4,9.1,48.7,265
2023,Rafael Devers,17350,26,3B,BOS,656,157,90,100,33,5,0.2707,0.3506,0.5,93.1,12.4,12.7,55.1,457
2023,Thairo Estrada,16426,27,2B,SFG,530,134,63,49,14,23,0.2707,0.3151,0.4162,85.9,10.8,4.8,33.7,377
2023,Eugenio Suárez,12552,31,3B,SEA,694,139,68,96,22,2,0.2324,0.3228,0.3913,90.3,18.9,13.2,43,395
2023,Bryce Harper,11579,30,OF,PHI,546,134,84,72,21,11,0.2932,0.4011,0.4989,91.8,9.1,15.2,46.8,342
2023,Paul Goldschmidt,9218,35,1B,STL,687,159,89,80,25,11,0.2681,0.363,0.4469,91.3,12.8,12,50.8,435
2023,Josh Lowe,19953,25,OF,TBR,501,136,71,83,20,32,0.2918,0.3353,0.5,89.1,14.3,11,39.7,345
2023,Willy Adames,15986,27,SS,MIL,638,120,73,80,24,5,0.217,0.3097,0.4069,87.4,18.2,12.4,36.5,394
2023,Manny Machado,11493,30,3B,SDP,601,140,75,91,30,3,0.2578,0.3195,0.4622,91,15,10.5,45.9,440
2023,Luis Arraez,18568,26,1B/2B,MIA,617,203,71,69,10,3,0.3537,0.3929,0.4686,88.3,11.5,3.5,25.7,544
2023,Chas McCormick,19599,28,OF,HOU,457,110,59,70,22,19,0.273,0.3531,0.4888,88,14.6,11.1,38.8,289
2023,Ian Happ,17919,28,OF,CHC,691,144,86,84,21,14,0.2483,0.3603,0.431,89.9,13,9,39,433
2023,Ke'Bryan Hayes,18577,26,3B,PIT,525,134,65,61,15,10,0.2713,0.3086,0.4534,92.2,13.2,7.4,48.3,393
2023,Matt McLain,29695,23,2B,CIN,403,106,65,50,16,14,0.2904,0.3573,0.5068,89.3,13.8,10.8,42.4,250
2023,Marcell Ozuna,10324,32,DH/OF,ATL,592,145,84,100,40,0,0.2736,0.3463,0.5585,91.8,15.6,16.6,49,398
2023,Jeimer Candelario,13621,29,3B,2 Tms,576,127,77,70,22,8,0.2515,0.3357,0.4713,88.3,14.1,7.9,36.4,382
2023,Lars Nootbaar,21454,25,OF,STL,503,111,74,46,14,11,0.2606,0.3665,0.4178,89.1,7.2,8.8,37.8,331
2023,Randy Arozarena,19290,28,OF,TBR,654,140,95,83,23,22,0.2541,0.3639,0.4247,91.7,11.3,12.3,48.4,400
2023,Seiya Suzuki,30116,28,DH/OF,CHC,583,147,75,74,20,6,0.2854,0.3568,0.4854,91.4,10.8,10.5,48,392
2023,Steven Kwan,24610,25,OF,CLE,718,171,93,54,5,21,0.268,0.3403,0.3699,86,10.7,1.1,18.8,570
2023,Francisco Alvarez,26121,21,C,NYM,423,80,51,63,25,2,0.2094,0.2837,0.4372,90.1,12.5,12.8,45.1,273
2023,Matt Chapman,16505,30,3B,TOR,581,122,66,54,17,4,0.2397,0.3305,0.4244,93.4,18.5,17.1,56.4,346
2023,Mike Trout,10155,31,OF,LAA,362,81,54,44,18,2,0.263,0.3674,0.4903,91.9,19.3,16,51.9,206
2023,Lane Thomas,16939,27,OF,WSN,682,168,101,86,28,20,0.2675,0.3152,0.4682,88.5,10.8,9.6,40.7,459
2023,Brandon Lowe,18882,28,2B,TBR,436,87,58,68,21,7,0.2308,0.328,0.443,91.4,16,10.7,47.5,261
2023,Josh Jung,26299,25,3B,TEX,515,127,75,70,23,1,0.2657,0.3146,0.4665,91.8,15,11.9,47.4,329
2023,Pete Alonso,19251,28,1B,NYM,658,123,92,118,46,4,0.2165,0.3176,0.5035,89.5,18.2,14.7,40.1,421
2023,Nathaniel Lowe,19566,27,1B,TEX,724,163,89,82,17,1,0.2616,0.3605,0.4141,89.8,7.2,6.5,41.6,461
2023,Willson Contreras,11609,31,C,STL,495,113,55,67,20,6,0.264,0.3583,0.4673,91.3,10.1,12.2,46.9,320
2023,Nolan Arenado,9777,32,3B,STL,612,149,71,93,26,3,0.2661,0.3154,0.4589,88.8,16.9,7.3,38.1,467
2023,Brandon Drury,11615,30,2B/3B,LAA,523,127,61,83,26,0,0.2619,0.3059,0.4969,89.9,11.8,11,46.3,354
2023,Jeremy Peña,21636,25,SS,HOU,634,152,81,52,10,13,0.2634,0.3238,0.3813,88,5.5,4,35.8,450
2023,Zack Gelof,29766,23,2B,OAK,300,72,40,32,14,14,0.2667,0.3367,0.5037,89.8,11.8,11.1,41.3,189
2023,Edouard Julien,27534,24,2B,MIN,408,89,60,37,16,3,0.2633,0.3808,0.4586,89.5,8,13.1,44.9,214
2023,Austin Hays,19363,27,OF,BAL,566,143,76,67,16,5,0.275,0.3251,0.4442,89.4,10.4,8.9,40.1,384
2023,Patrick Bailey,27478,24,C,SFG,353,76,29,48,7,1,0.2331,0.2849,0.3589,88.7,10.2,10,38.4,229
2023,Max Kepler,12144,30,OF,MIN,491,114,72,66,24,1,0.2603,0.332,0.484,91.9,14.7,12.2,47.9,336
2023,Kevin Kiermaier,11038,33,OF,TOR,408,98,58,36,8,14,0.2649,0.3219,0.4189,86.7,5.6,3.5,33.2,289
2023,Jack Suwinski,22244,24,OF,PIT,534,100,63,74,26,13,0.2237,0.339,0.4541,90.5,22.4,15.7,43.4,281
2023,Josh Naylor,18839,26,1B,CLE,495,139,52,97,17,10,0.3075,0.3535,0.4889,89.1,12.3,8.2,41.2,391
2023,Jose Siri,17452,27,OF,TBR,364,75,58,56,25,12,0.2219,0.2672,0.4941,88.4,14.4,13.2,37.7,212
2023,Max Muncy,13301,32,1B/3B,LAD,579,102,95,105,36,1,0.2116,0.3333,0.4751,91.2,21.7,14.6,46.6,335
2023,Jake Rogers,19452,28,C,DET,365,73,47,49,21,1,0.2205,0.2857,0.4441,90.4,14.7,12,45.6,216
2023,Leody Taveras,18900,24,OF,TEX,554,136,67,67,14,14,0.2661,0.3122,0.4207,90.1,10.2,7.2,43.1,401
2023,Anthony Santander,14551,28,OF,BAL,656,152,81,95,28,5,0.2572,0.3247,0.4721,90.6,20.2,10.2,46,443
2023,Jarren Duran,24617,26,OF,BOS,362,98,46,40,8,24,0.2952,0.3463,0.4819,89.9,10.7,5.3,46.3,244
2023,Willi Castro,17338,26,OF,MIN,409,92,60,34,9,33,0.257,0.3391,0.4106,86.5,15.1,6.8,31.8,264
2023,Luke Raley,19354,28,1B/OF,TBR,406,89,56,49,19,14,0.2493,0.3333,0.4902,91.1,17.3,12.9,45.7,232
2023,Yainer Diaz,23003,24,C/DH,HOU,377,100,51,60,23,0,0.2817,0.3077,0.538,90.3,11.5,12.2,43.9,287
2023,Orlando Arcia,13185,28,SS,ATL,533,129,66,65,17,1,0.2643,0.3208,0.4201,88.2,5.4,6.9,41.1,389
2023,Tommy Edman,19470,28,2B,STL,528,119,69,47,13,27,0.2484,0.3067,0.3987,89.1,7.5,5,38.8,402
2023,Jeff McNeil,15362,31,2B/OF,NYM,648,158,75,55,10,10,0.2701,0.3333,0.3778,86,14.4,1.3,27.4,526
2023,J.D. Martinez,6184,35,DH/OF,LAD,479,117,61,103,33,1,0.2708,0.3208,0.5718,93.4,16.9,17.1,55.1,292
2023,Geraldo Perdomo,22799,23,SS,ARI,495,100,71,47,6,16,0.2457,0.3534,0.3587,85.7,16.4,0.9,19.5,339
2023,Wilmer Flores,5827,31,1B,SFG,454,115,51,60,23,0,0.284,0.3546,0.5086,86.4,22,7.8,32.5,345
2023,Gabriel Moreno,22664,23,C,ARI,380,97,33,50,7,6,0.2845,0.3395,0.4076,89.8,4.2,4.8,41.8,273
2023,Royce Lewis,20437,24,3B,MIN,239,67,36,52,15,6,0.3088,0.3724,0.5484,90.2,16.2,11.7,42,162
2023,Jake Burger,22275,27,1B/3B,2 Tms,540,123,71,80,34,1,0.25,0.3093,0.5183,91.9,12.3,16.7,49.6,347
2023,Alejandro Kirk,22581,24,C,TOR,422,93,34,43,8,0,0.25,0.3341,0.3575,87.6,6.3,5.2,38.3,329
2023,Riley Greene,25976,22,OF,DET,416,109,51,37,11,7,0.2884,0.3486,0.4471,91.6,6.6,11.3,47.3,266
2023,CJ Abrams,25768,22,SS,WSN,614,138,83,64,18,47,0.2451,0.2995,0.4121,87.4,13.5,6.9,35.9,451
2023,Ryan Jeffers,24618,26,C,MIN,335,79,46,43,14,3,0.2762,0.3686,0.4895,90.5,17.2,11.6,42.7,199
2023,Nolan Gorman,22263,23,2B,STL,464,96,59,76,27,7,0.2365,0.3276,0.4778,91,22.2,16.5,48.5,260
2023,Jason Heyward,4940,33,OF,LAD,377,90,56,40,15,2,0.2695,0.3396,0.4731,87.7,15.4,8.1,37.4,273
2023,Mitch Garver,15161,32,C/DH,TEX,344,80,45,50,19,0,0.2703,0.3703,0.5,90,20.5,12.6,42.1,214
2023,Jon Berti,12037,33,3B,MIA,424,114,53,33,7,16,0.2938,0.3436,0.4046,85.4,2.4,4.7,31.3,316
2023,J.D. Davis,16219,30,3B,SFG,546,119,61,69,18,1,0.2479,0.3254,0.4125,91.1,7.8,9.6,45.2,334
2023,Maikel Garcia,22715,23,3B,KCR,515,126,59,50,4,23,0.2716,0.323,0.3578,91.8,6.1,3.9,50.6,360
2023,Bryan Reynolds,19326,28,OF,PIT,640,151,85,84,24,12,0.2631,0.3297,0.4599,90.9,10.9,11.1,47.3,442
2023,Brent Rooker,19627,28,DH/OF,OAK,526,114,61,69,30,4,0.2462,0.3289,0.4881,91.6,17.6,15.6,49.5,295
2023,Ryan Noda,23312,27,1B,OAK,495,93,63,54,16,3,0.2291,0.3636,0.4064,91.2,16,13,45,238
2023,Bo Naylor,21865,23,C,CLE,230,47,33,32,11,5,0.2374,0.3391,0.4697,87.7,21,8.2,30.8,146
2023,Spencer Steer,26323,25,1B/OF,CIN,665,158,74,86,23,15,0.2715,0.3564,0.4639,88.7,15.3,6.7,37.1,447
2023,J.T. Realmuto,11739,32,C,PHI,540,123,70,63,20,16,0.2515,0.3104,0.4519,89.8,16.7,11.2,43.3,356
2023,Lourdes Gurriel Jr.,19238,29,OF,ARI,592,144,65,82,24,5,0.2613,0.3091,0.4628,89.7,10.6,8.4,46,450
2023,Anthony Volpe,27647,22,SS,NYY,601,113,62,60,21,24,0.2089,0.2833,0.3826,88.7,14.2,9,43,377
2023,Tommy Pham,2967,35,OF,2 Tms,481,109,55,68,16,22,0.2559,0.3285,0.446,92.3,5.7,10.7,49.1,326
2023,Will Benson,21853,25,OF,CIN,329,79,51,31,11,19,0.2753,0.3647,0.4983,90.2,14.6,10.3,42.2,185
2023,Jazz Chisholm Jr.,20454,25,2B/OF,MIA,383,88,50,51,19,22,0.25,0.3037,0.4574,90.3,10.7,12.2,41.8,237
2023,Danny Jansen,16535,28,C,TOR,301,61,38,53,17,0,0.2276,0.3123,0.4739,88.3,19.7,10.7,37.4,206
2023,Daulton Varsho,19918,26,OF,TOR,581,116,65,61,20,16,0.2201,0.285,0.389,87.8,20.5,7.3,36.1,396
2023,Davis Schneider,23565,24,2B/OF,TOR,141,32,23,20,8,1,0.2759,0.4043,0.6034,89.5,26,17.8,38.4,73
2023,Teoscar Hernández,13066,30,OF,SEA,678,161,70,93,26,7,0.2576,0.3053,0.4352,91.3,12.3,13.8,49.4,421
2023,Michael A. Taylor,11489,32,OF,MIN,388,78,48,51,21,13,0.2197,0.2779,0.4423,88.1,13.4,13.5,38,229
2023,Freddy Fermin,21840,28,C,KCR,235,61,26,32,9,0,0.2811,0.3205,0.4608,89.9,11.7,9.9,42.7,171
2023,Elly De La Cruz,26668,21,SS,CIN,427,91,67,44,13,35,0.2345,0.3005,0.4098,91.2,3.6,8.5,45.9,246
2023,Kerry Carpenter,25961,25,DH/OF,DET,459,116,57,64,20,6,0.2775,0.3399,0.4713,90.1,13.1,10.2,44,304
2023,José Caballero,23401,26,2B/SS,SEA,280,51,37,26,4,26,0.2208,0.3429,0.3203,83.3,21.5,3.6,23.7,169
2023,Jorge Soler,14221,31,DH/OF,MIA,580,126,77,75,36,1,0.25,0.3414,0.5119,91.3,17.8,15,48,367
2023,George Springer,12856,33,OF,TOR,683,158,87,72,21,20,0.2577,0.3275,0.4046,88.3,12,7.7,39.9,491
2023,LaMonte Wade Jr.,18126,29,1B/OF,SFG,519,110,64,45,17,2,0.2564,0.3728,0.4172,88.4,17.4,9.1,39.8,342
2023,Mickey Moniak,19956,25,OF,LAA,323,87,35,45,14,6,0.2797,0.3065,0.4952,89,19.7,12.6,39.2,198
2023,Cedric Mullins,17929,28,OF,BAL,455,94,51,74,15,19,0.2327,0.3053,0.4158,88.9,21.6,6.5,37.1,310
2023,Mauricio Dubón,16530,28,2B/OF,HOU,492,130,76,46,10,7,0.2784,0.3089,0.4111,87,9.5,4.5,29.5,400
2023,Triston Casas,22514,23,1B,BOS,502,113,66,65,24,0,0.2634,0.3665,0.4895,91.1,15.7,13.1,46.6,305
2023,Ryan McMahon,15112,28,3B,COL,627,133,80,70,23,5,0.2396,0.3222,0.4306,90.8,9.7,11.4,44.2,360
2023,Mark Canha,11445,34,OF,2 Tms,507,114,51,62,11,11,0.2621,0.355,0.4,87.9,13.1,4.7,36.7,362
2023,Mike Yastrzemski,14854,32,OF,SFG,381,77,54,43,15,2,0.2333,0.3298,0.4455,90,19.6,9.8,44,234
2023,Carlos Correa,14162,28,SS,MIN,580,118,60,65,18,0,0.2296,0.3121,0.3988,90.4,10.6,9.6,45.9,386
2023,Luis Rengifo,19858,26,2B/3B,LAA,445,104,55,51,16,6,0.264,0.3393,0.4442,89.1,11,7.6,36.9,316
2023,Trent Grisham,18564,26,OF,SDP,555,93,67,50,13,15,0.1983,0.3145,0.3518,90.3,18.3,11.9,40,320
2023,Matt Vierling,21558,26,OF,DET,530,125,63,44,10,6,0.261,0.3289,0.3883,89.1,9.1,4.6,42.8,369
2023,Ezequiel Tovar,24064,21,SS,COL,615,147,79,73,15,11,0.253,0.2871,0.4079,88,12.6,8.1,36.2,420
2023,Mike Tauchman,15274,32,OF,CHC,401,85,64,48,8,7,0.2522,0.3625,0.3769,88.4,8.1,5.5,40,255
2023,Gary Sánchez,11442,30,C,2 Tms,267,52,33,47,19,0,0.2167,0.2884,0.4917,90.1,16.5,15.4,44.6,175
2023,Ryan Mountcastle,18373,26,1B,BAL,470,114,64,68,18,3,0.2695,0.3277,0.4515,91.4,12,12.1,44.9,323
2023,Andy Ibáñez,18819,30,2B/3B,DET,383,94,42,41,11,1,0.264,0.3115,0.4326,89.1,12.9,9,42.9,289
2023,Christopher Morel,21897,24,DH/OF,CHC,429,96,62,70,26,6,0.2474,0.3131,0.5077,92.1,12.4,15.9,50,258
2023,Adam Duvall,10950,34,OF,BOS,353,79,45,58,21,4,0.2469,0.3031,0.5312,88.8,28.9,13,39.1,215
2023,Matt Wallner,26466,25,OF,MIN,254,53,42,41,14,2,0.2488,0.3701,0.507,91.9,21,18.8,48.1,133
2023,Jonathan India,21523,26,2B,CIN,529,111,78,61,17,14,0.2445,0.3384,0.4075,89.5,15.2,7.7,38.6,352
2023,Alex Verdugo,17027,27,OF,BOS,602,144,81,54,13,5,0.2637,0.3239,0.4212,89.2,8.8,5,37.6,458
2023,Jared Triolo,25807,25,3B,PIT,209,54,30,21,3,6,0.2983,0.3876,0.3978,86.6,10.6,5.9,33.6,119
2023,Jarred Kelenic,22558,23,OF,SEA,416,94,44,49,11,13,0.2527,0.3269,0.4194,90.9,10.1,9.5,45.5,242
2023,Ryan O'Hearn,16442,29,1B/DH,BAL,368,100,48,60,14,5,0.289,0.3215,0.4798,91.9,12,10.1,51.5,268
2023,Carlos Santana,2396,37,1B,2 Tms,619,132,78,86,23,6,0.24,0.3183,0.4291,88.8,12.8,6.7,36.4,450
2023,Brendan Donovan,24679,26,2B/OF,STL,371,93,48,34,11,5,0.2844,0.3649,0.422,89.3,10.6,5.8,40.6,276
2023,Connor Joe,16572,30,1B/OF,PIT,472,102,63,42,11,3,0.247,0.339,0.4213,88.9,16.7,8.2,41.8,304
2023,Taylor Ward,17548,29,OF,LAA,409,90,60,47,14,4,0.2528,0.335,0.4213,90.7,14.3,8.2,43.9,282
2023,Harold Ramírez,14387,28,DH/OF,TBR,434,125,58,68,12,5,0.3125,0.3525,0.46,89.1,6.1,4.6,40.7,327
2023,Kyle Farmer,14813,32,2B/SS,MIN,369,86,49,46,11,2,0.256,0.3171,0.4077,86.4,13.2,6.7,32.9,252
2023,Jesús Sánchez,19913,25,OF,MIA,402,91,43,52,14,3,0.2528,0.3267,0.45,90.4,5.6,12.2,46.3,255
2023,Johan Rojas,24336,22,OF,PHI,164,45,24,23,2,14,0.302,0.3418,0.4295,86.6,7.3,0.9,28.3,113
2023,Ezequiel Duran,23733,24,3B,TEX,439,112,55,46,14,8,0.2759,0.3242,0.4433,90.1,14,8.7,43.9,289
2023,Alec Bohm,21618,26,3B,PHI,611,153,74,97,20,4,0.2742,0.3273,0.4373,89.4,11.1,5.7,41.7,470
2023,Kyle Higashioka,5517,33,C,NYY,260,57,24,34,10,0,0.2355,0.2741,0.4132,90.1,15.5,11,48.3,172
2023,Jorge Polanco,13152,29,2B/SS,MIN,343,77,38,48,14,4,0.255,0.3353,0.4536,88.4,21.6,13.8,40.6,217
2023,Spencer Torkelson,27465,23,1B,DET,684,141,88,94,31,3,0.2327,0.3129,0.4455,91.8,17.1,14.1,50.9,440
2023,Andrew McCutchen,9847,36,OF,PIT,473,100,55,43,12,11,0.2564,0.3784,0.3974,89.6,12.3,6.8,44.6,294
2023,Eddie Rosario,12155,31,OF,ATL,516,122,64,74,21,3,0.2552,0.3049,0.4498,88.6,14.5,9.5,35.4,359
2023,Nick Castellanos,11737,31,3B/OF,PHI,671,170,79,106,29,11,0.2716,0.3115,0.476,88.9,14.4,10.3,43.2,447
2023,DJ LeMahieu,9874,34,2B,NYY,562,121,55,44,15,2,0.2435,0.3274,0.3903,89.6,3.8,5.9,43,374
2023,Ty France,17982,28,1B,SEA,665,147,79,58,12,1,0.2504,0.3368,0.3663,87.5,13.7,6.8,38.6,471
2023,Chris Taylor,13757,32,OF,LAD,384,80,51,56,15,16,0.2367,0.3255,0.4201,86.2,21.5,9.8,37.4,214
2023,Dairon Blanco,19779,30,OF,KCR,138,32,19,18,3,24,0.2581,0.3235,0.4516,86.7,9.1,6.5,32.3,93
2023,Vladimir Guerrero Jr.,19611,24,1B,TOR,682,159,78,94,26,5,0.2641,0.3446,0.4435,92.1,10.5,11.1,49.2,506
2023,Whit Merrifield,11281,34,2B/OF,TOR,592,149,66,67,11,26,0.2724,0.3176,0.3821,85.1,14.4,2.4,24.3,452
2023,Justin Turner,5235,38,3B,BOS,626,154,86,96,23,4,0.276,0.345,0.4552,89.5,16.5,5.7,39,454
2023,Victor Caratini,14968,29,C,MIL,226,52,23,25,7,1,0.2587,0.3274,0.3831,91.3,10.8,5,44.7,159
2023,Yoán Moncada,17232,28,3B,CHW,357,87,39,40,11,1,0.2605,0.3053,0.4251,89.4,12.3,10.1,39,228
2023,Nicky Lopez,19339,28,2B/SS,2 Tms,262,52,32,25,1,6,0.2311,0.3256,0.3067,86.7,0.5,1.1,23.7,190
2023,Jake Fraley,19260,28,OF,CIN,380,86,41,65,15,21,0.256,0.3395,0.4435,84.6,16.5,6.4,30.8,266
2023,Sal Frelick,29622,23,OF,MIL,223,47,29,24,3,7,0.2461,0.3408,0.3508,83.3,8.1,2.5,23.6,157
2023,Kyle Isbel,21614,26,OF,KCR,313,70,45,34,5,7,0.2397,0.2821,0.3801,89.4,14.6,5.5,39.8,236
2023,Zach Neto,31347,22,SS,LAA,329,65,38,34,9,5,0.2249,0.3079,0.3772,89.1,14.5,8.8,40.3,216
2023,Zach McKinstry,19392,28,3B/OF,DET,518,107,60,35,9,16,0.2306,0.3023,0.3513,87.2,17.8,7.6,33.5,356
2023,Donovan Solano,8623,35,2B,MIN,450,111,43,38,5,0,0.2817,0.3689,0.3909,90.2,13.1,6.1,43.7,295
2023,Travis Jankowski,13768,32,OF,TEX,287,65,34,30,1,19,0.2632,0.3566,0.332,85.4,8.1,0,25.5,208
2023,Jake Meyers,20308,27,OF,HOU,341,70,42,33,10,5,0.2265,0.2962,0.3819,86,13.9,6.3,27.9,222
2023,Ramón Laureano,17128,28,OF,2 Tms,404,81,46,35,9,12,0.2244,0.3045,0.3712,88.2,12.9,9.7,35.9,248
2023,Blake Perkins,19921,26,OF,MIL,168,31,28,20,4,5,0.2168,0.3253,0.3497,85.8,14.8,5.1,29.3,99
2023,Austin Hedges,12976,30,C,2 Tms,212,34,14,16,1,1,0.1838,0.2338,0.227,87.2,15.4,0.7,31.1,151
2023,Luis Campusano,22217,24,C,SDP,174,52,27,30,7,0,0.319,0.3563,0.4908,88.5,13.2,7.7,40.6,143
2023,Jordan Westburg,27815,24,2B/3B,BAL,228,54,26,23,3,4,0.2596,0.3114,0.4038,90.2,13.4,6.5,44.5,155
2023,Jordan Walker,27475,21,OF,STL,465,116,51,51,16,7,0.2762,0.3419,0.4452,89.4,10.2,7.5,42.5,318
2023,Edmundo Sosa,17022,27,3B/SS,PHI,300,70,34,30,10,4,0.2509,0.2929,0.4265,86.8,13.8,6.7,32.2,208
2023,Tyrone Taylor,13675,29,OF,MIL,243,54,36,35,10,9,0.2338,0.2675,0.4459,87.7,18.2,6.8,39.5,177
2023,Josh Rojas,19734,29,2B/3B,2 Tms,350,77,47,40,4,12,0.2452,0.3035,0.3376,87.1,13,3.8,28.9,239
2023,Drew Waters,20505,24,OF,KCR,337,69,40,32,8,16,0.2285,0.2997,0.3775,87.4,17.2,10.1,35.9,198
2023,Parker Meadows,23800,23,OF,DET,145,29,19,13,3,8,0.232,0.331,0.368,89.3,18.3,9,34.8,89
2023,Jacob Young,29931,23,OF,WSN,121,27,9,12,0,13,0.2523,0.322,0.3364,86.4,1.8,0,30.7,88
2023,Cavan Biggio,19252,28,2B,TOR,338,68,54,40,9,5,0.2353,0.3402,0.3702,88.4,15.7,7.4,33,203
2023,Stuart Fairchild,20321,27,OF,CIN,255,50,34,28,5,10,0.2283,0.3214,0.3881,85.9,14.3,7.7,29.7,155
2023,Harrison Bader,18030,29,OF,2 Tms,344,74,44,40,7,20,0.232,0.2741,0.348,85.9,17.8,5.3,31.7,265
2023,Kyle Schwarber,16478,30,DH/OF,PHI,720,115,108,104,47,0,0.1966,0.3431,0.4735,92.4,19,16.4,48.8,373
2023,Christian Vázquez,9774,32,C,MIN,355,73,34,32,6,1,0.2232,0.2797,0.318,86.7,10,3.2,32.8,247
2023,Nelson Velázquez,23359,24,DH/OF,2 Tms,179,38,35,34,17,0,0.2346,0.3017,0.5864,91,14.4,21.4,49.1,112
2023,Anthony Rizzo,3473,33,1B,NYY,421,91,45,41,12,0,0.244,0.3278,0.378,90,17.8,6.9,37.5,277
2023,Charlie Blackmon,7859,36,OF,COL,413,100,57,40,8,4,0.2786,0.3632,0.4401,86.4,18.1,4.9,31.5,308
2023,DJ Stewart,17766,29,OF,NYM,185,39,21,26,11,1,0.2438,0.3333,0.5062,89.9,16.5,12.3,44.3,106
2023,Michael Conforto,16376,30,OF,SFG,470,97,58,58,15,4,0.2389,0.334,0.3842,88.9,11.9,7.9,39.8,304
2023,Jake Cronenworth,18036,29,1B/2B,SDP,522,105,54,48,10,6,0.2293,0.3115,0.3777,87.4,15.2,4.4,33.2,367
2023,Joey Gallo,14128,29,OF,MIN,332,50,39,40,21,1,0.1773,0.3012,0.4397,93,26.4,19.3,52.9,140
2023,Masataka Yoshida,31837,29,DH/OF,BOS,580,155,71,72,15,8,0.2886,0.3379,0.4451,89,3.9,6.6,40.6,458
2023,Jose Trevino,16725,30,C,NYY,168,33,15,15,4,0,0.2102,0.2575,0.3121,85.8,9.6,2.9,31.6,136
2023,Joc Pederson,11899,31,OF,SFG,425,84,59,51,15,0,0.2346,0.3482,0.4162,92.1,15.2,12.1,52.2,272
2023,Taylor Walls,22458,26,SS,TBR,349,61,50,36,8,22,0.2013,0.3046,0.3333,86.7,19.1,3.3,28.8,212
2023,Travis d'Arnaud,7739,34,C,ATL,292,60,31,39,11,0,0.2247,0.2877,0.397,90.7,10.3,9,42.8,201
2023,Javier Báez,12979,30,SS,DET,547,113,58,59,9,12,0.2216,0.2674,0.3255,88,9.4,5.2,39.7,388
2023,Shea Langeliers,25816,25,C,OAK,490,92,52,63,22,3,0.2054,0.2679,0.4129,90.6,19.6,13.3,44.5,308
2023,Tyler O'Neill,15711,28,OF,STL,266,55,27,21,9,5,0.2311,0.312,0.4034,89.2,15,12.3,43.3,171
2023,Austin Slater,16153,30,OF,SFG,207,50,24,20,5,2,0.2703,0.3478,0.4,91.1,7.5,11.8,46.5,127
2023,Miguel Amaya,21693,24,C,CHC,156,28,17,18,5,0,0.2137,0.329,0.3588,87,18.6,9.7,33.3,93
2023,Christian Encarnacion-Strand,30011,23,1B,CIN,241,60,29,37,13,2,0.2703,0.3278,0.4775,90.3,18.6,10.5,48.4,153
2023,Ramón Urías,18795,29,3B,BAL,396,95,45,42,4,3,0.2639,0.3283,0.375,89.2,7.9,6.9,38.1,260
2023,Patrick Wisdom,13602,31,3B,CHC,302,55,43,46,23,4,0.2052,0.289,0.5,92.7,21.7,20.1,54.7,159
2023,Jorge Mateo,17273,28,SS,BAL,350,69,58,34,7,32,0.217,0.2674,0.3396,88.4,10.4,5.3,38.5,244
2023,Randal Grichuk,10243,31,OF,2 Tms,471,116,65,44,16,2,0.2673,0.3206,0.4585,89.6,14,7.1,45.3,340
2023,Nick Fortes,21538,26,C,MIA,323,60,33,26,6,4,0.2041,0.2625,0.2993,88.2,13.9,3.8,35,240
2023,Garrett Hampson,19262,28,2B/OF,MIA,252,61,30,23,3,5,0.276,0.3494,0.3801,86.6,11.8,3.1,28.3,159
2023,Isiah Kiner-Falefa,16512,28,SS,NYY,361,79,39,37,6,14,0.2423,0.3056,0.3405,88.8,7.2,3.1,39.2,260
2023,Eloy Jiménez,17484,26,DH/OF,CHW,489,124,50,64,18,0,0.2719,0.317,0.4408,90.9,5.7,9.3,46.8,365
2023,Noelvi Marte,26517,21,3B/OF,CIN,123,36,15,15,3,6,0.3158,0.3659,0.4561,91.3,1.9,7.9,46.1,89
2023,Dominic Fletcher,26149,25,OF,ARI,102,28,10,14,2,0,0.3011,0.35,0.4409,89.7,8.5,4.1,39.7,73
2023,Andruw Monasterio,19455,26,2B/3B,MIL,315,73,38,27,3,7,0.2589,0.3302,0.3475,88.8,17.7,5.5,33.5,218
2023,Miguel Rojas,7802,34,SS,LAD,423,91,49,31,5,8,0.2364,0.2898,0.3221,87.3,11,2.9,32,344
2023,Alex Call,19296,28,OF,WSN,439,75,43,38,8,9,0.2,0.3073,0.3067,86.8,17,5.3,30.1,302
2023,Ildemaro Vargas,13324,31,2B/3B,WSN,286,66,32,31,4,1,0.2519,0.3039,0.3626,87.1,4.1,2.4,31.3,246
2023,Alex Kirilloff,20325,25,1B/OF,MIN,319,76,35,41,11,1,0.2705,0.348,0.4448,88.6,12.4,7.4,37.7,204
2023,Reese McGuire,15674,28,C,BOS,206,50,15,16,1,2,0.2674,0.31,0.3583,84,2.8,2.9,27,137
2023,Dylan Moore,18042,30,2B/OF,SEA,165,30,18,19,7,7,0.2069,0.303,0.4276,89,21.4,16.9,44.9,89
2023,Byron Buxton,14161,29,OF,MIN,347,63,49,42,17,9,0.2072,0.2939,0.4375,91.5,20.1,14.6,45.7,199
2023,Gio Urshela,10681,31,3B,LAA,228,64,22,24,2,3,0.2991,0.3289,0.3738,87.5,8.6,3.9,33.7,181
2023,Edward Olivares,19698,27,OF,KCR,385,93,47,36,12,11,0.2627,0.3169,0.452,87.3,12.2,7.9,37.7,292
2023,Gabriel Arias,22563,23,SS,CLE,345,66,36,26,10,3,0.2095,0.2754,0.3524,91.1,3.7,9.9,46.3,203
2023,Paul DeJong,18015,29,SS,3 Tms,400,77,41,38,14,4,0.207,0.2575,0.3548,85.5,16.8,6.7,33.2,253
2023,Luis García Jr.,20391,23,2B,WSN,482,119,61,50,9,9,0.2662,0.3035,0.3848,88.3,4.6,5.8,36.5,395
2023,Manuel Margot,14712,28,OF,TBR,336,82,39,38,4,9,0.2637,0.3095,0.3762,87.9,10.5,3.9,37.8,259
2023,Michael Massey,27684,25,2B,KCR,461,98,42,55,15,6,0.229,0.2739,0.3808,88.6,19.7,7.8,39.5,334
2023,Robbie Grossman,5254,33,OF,TEX,420,84,56,49,10,1,0.238,0.3405,0.3938,88.2,20.2,6.8,37.3,263
2023,Matt Thaiss,19318,28,C,LAA,307,56,32,31,9,2,0.2137,0.3192,0.3397,88.5,9.2,10.4,40.7,182
2023,Luke Maile,13355,32,C,CIN,199,42,17,25,6,2,0.2346,0.3081,0.3911,87.7,14.7,10.7,33.6,131
2023,Brenton Doyle,25479,25,OF,COL,431,81,48,48,10,22,0.203,0.25,0.3434,88.3,11.7,8.7,35,254
2023,Hunter Renfroe,15464,31,OF,2 Tms,548,116,60,60,20,0,0.2329,0.2974,0.4157,88.3,15,6.1,39.1,376
2023,Andrew Vaughn,26197,25,1B/OF,CHW,615,146,67,80,21,0,0.258,0.3138,0.4293,90.6,11.2,8.4,46.5,439
2023,Christian Bethancourt,10028,31,C,TBR,332,71,49,33,11,1,0.2254,0.2538,0.381,88.6,11.3,7.9,40.8,228
2023,Rob Refsnyder,13770,32,OF,BOS,243,50,31,28,1,7,0.2475,0.3651,0.3168,87.7,11.9,3.8,34.4,157
2023,Josh Bell,13145,30,1B,2 Tms,617,135,52,74,22,0,0.2468,0.3252,0.4186,90.1,9.3,10.1,43,416
2023,Corey Julks,20311,27,OF,HOU,323,73,35,33,6,15,0.245,0.2972,0.3523,87.9,17,4.9,36,225
2023,Enmanuel Valdez,21716,24,2B,BOS,149,37,17,19,6,5,0.2662,0.3108,0.4532,87.5,10.2,10.8,33.7,102
2023,Riley Adams,19864,27,C,WSN,158,39,8,21,4,0,0.2727,0.3312,0.4755,89.9,18.1,5,41,100
2023,Richie Palacios,24589,26,OF,STL,102,24,9,16,6,2,0.2581,0.3069,0.5161,88.1,6.3,7.1,33.3,84
2023,JJ Bleday,26368,25,OF,OAK,303,50,35,27,10,5,0.1953,0.3102,0.3555,88.6,15.5,6.4,35.3,187
2023,Garrett Cooper,15279,32,1B/DH,2 Tms,457,106,42,61,17,0,0.2512,0.3042,0.4194,89,13.3,10.3,41.1,292
2023,MJ Melendez,22197,24,OF,KCR,602,125,65,56,16,6,0.2345,0.3156,0.3977,93.2,16.9,11.4,49.6,367
2023,Amed Rosario,15518,27,SS,2 Tms,545,134,70,58,6,15,0.2627,0.3046,0.3784,88.3,7.6,3.4,39.4,414
2023,Adam Frazier,15223,31,2B/OF,BAL,455,99,59,60,13,11,0.2403,0.3,0.3956,85.7,15.2,3.1,23.4,350
2023,Trevor Story,12564,30,SS,BOS,168,32,12,14,3,10,0.2025,0.25,0.3165,88.5,15.5,9.7,39.8,103
2023,Emmanuel Rivera,19890,27,3B,ARI,283,67,32,29,4,1,0.2607,0.3145,0.358,90.7,11.2,5.9,46.3,205
2023,Logan O'Hoppe,24729,23,C,LAA,199,43,23,29,14,0,0.2363,0.2965,0.5,90.5,19.6,15.6,46.7,135
2023,Alek Thomas,23792,23,OF,ARI,402,86,51,39,9,9,0.2299,0.2725,0.3743,88.9,2.2,5.1,41.6,293
2023,Victor Robles,18363,26,OF,WSN,126,32,15,8,0,8,0.2991,0.3852,0.3645,86.7,9.9,2.2,30.1,93
2023,Kevin Pillar,12434,34,OF,ATL,206,45,29,32,9,4,0.2284,0.2476,0.4162,87.9,17.8,8,38.7,150
2023,Ronny Mauricio,23698,22,2B/3B,NYM,108,25,11,9,2,7,0.2475,0.2963,0.3465,90.7,7.6,5.7,38.6,70
2023,Connor Wong,19896,27,C,BOS,403,87,55,36,9,8,0.2345,0.2875,0.3854,89.1,15.5,9.1,37.8,241
2023,James McCann,12859,33,C,BAL,226,46,25,26,6,3,0.2222,0.2691,0.3768,89.8,16.6,7.1,43.9,155
2023,Joshua Palacios,19818,27,OF,PIT,264,59,26,40,10,5,0.2389,0.2786,0.413,91.3,7.7,9.8,45.4,194
2023,Anthony Rendon,12861,33,3B,LAA,183,35,23,22,2,2,0.2365,0.3607,0.3176,90.1,16.2,4.8,41.6,125
2023,Brendan Rodgers,17907,26,2B,COL,192,46,21,20,4,0,0.2584,0.3125,0.3876,88.3,4.8,10.9,40.1,137
2023,Tyler Freeman,22532,24,OF,CLE,168,37,20,18,4,5,0.2418,0.2952,0.366,85.8,6.2,3.2,38.1,126
2023,Myles Straw,17620,28,OF,CLE,518,110,52,29,1,20,0.2381,0.3008,0.2965,86.3,9.4,0.5,23.3,377
2023,Austin Wynns,15271,32,C,3 Tms,145,27,11,10,1,1,0.2077,0.2676,0.2769,86.7,14.4,2.1,27.4,95
2023,Sam Haggerty,18054,29,OF,SEA,108,23,13,5,1,10,0.2527,0.3645,0.3407,85.9,12.1,1.3,26.7,75
2023,Vinnie Pasquantino,27676,25,1B/DH,KCR,260,57,24,26,9,0,0.2468,0.3243,0.4372,89.3,17.4,7.5,40.3,201
2023,Trevor Larnach,21501,26,DH/OF,MIN,212,39,26,40,8,1,0.2131,0.3113,0.4153,90.1,17.5,13.3,49.6,113
2023,Nick Ahmed,12147,33,SS,ARI,210,42,14,17,2,5,0.2121,0.2571,0.303,85.2,12.8,2.7,31.5,146
2023,Jonathan Aranda,21837,25,1B,TBR,103,20,13,13,2,0,0.2299,0.3398,0.3678,89,8.4,5.3,43.9,57
2023,Miles Mastrobuoni,20017,27,3B,CHC,149,32,24,5,1,13,0.2406,0.3082,0.3008,87.5,13.7,1.9,34.6,104
2023,Dylan Carlson,20126,24,OF,STL,255,48,27,27,5,3,0.2192,0.3176,0.3333,89.3,15,5.8,37.6,173
2023,Carson Kelly,13620,28,C,2 Tms,151,28,13,13,2,1,0.2059,0.2781,0.2868,86.8,15.6,2.1,33,97
2023,Jake McCarthy,21622,25,OF,ARI,312,67,37,16,2,26,0.2428,0.3182,0.3261,85.3,7.5,2.3,23.7,219
2023,Josh Smith,26396,25,3B/SS,TEX,232,36,29,15,6,1,0.1846,0.3043,0.3282,88.5,12.5,10.5,36.4,143
2023,Yasmani Grandal,11368,34,C,CHW,405,85,33,33,8,0,0.2342,0.3086,0.3388,87.9,10.8,4.7,34.4,279
2023,Nolan Schanuel,33189,21,1B,LAA,132,30,19,6,1,0,0.2752,0.4015,0.3303,85.4,6.5,2.2,25.6,90
2023,Kevin Newman,17696,29,2B/SS,CIN,253,57,28,28,3,8,0.2533,0.3108,0.3644,86.5,12,2.5,29.3,198
2023,Kody Clemens,20572,27,1B,PHI,148,32,15,13,4,0,0.2302,0.277,0.3669,90.4,15.2,6.1,40.4,99
2023,Luis Urías,16622,26,2B/3B,2 Tms,177,28,18,18,3,0,0.1944,0.3371,0.2986,84.9,14.7,5.8,30.1,103
2023,Miguel Vargas,20178,23,3B,LAD,304,50,36,32,7,3,0.1953,0.3046,0.3672,86.8,16.6,6,31.5,200
2023,Santiago Espinal,19997,28,2B/3B,TOR,254,57,30,25,2,2,0.2478,0.3095,0.3348,87,11.4,1,29.4,197
2023,Will Brennan,25660,25,OF,CLE,455,115,41,41,5,13,0.2662,0.2989,0.3565,85.7,9.4,2.4,29.2,377
2023,Elias Díaz,11680,32,C,COL,526,130,48,72,14,1,0.2675,0.3156,0.4095,88.1,12.7,6.2,38.4,372
2023,Dominic Smith,15653,28,1B/OF,WSN,586,134,57,46,12,1,0.2543,0.3259,0.3662,86.3,12.8,6.6,30.8,438
2023,Nick Gonzales,27490,24,2B,PIT,128,24,12,13,2,0,0.2087,0.2677,0.3478,85.5,8.7,3.7,26.8,82
2023,Willie Calhoun,17838,28,DH/OF,NYY,149,32,16,16,5,0,0.2388,0.3087,0.403,90.7,11.9,3.5,42.6,115
2023,David Fry,24934,27,DH,CLE,113,24,12,15,4,2,0.2376,0.3186,0.4158,89.5,16.5,12.7,39.4,71
2023,Brice Turang,22186,23,2B,MIL,448,88,46,34,6,26,0.2178,0.2854,0.2995,85.5,12.6,2.9,27,315
2023,Jake Cave,14477,30,OF,PHI,203,39,18,21,5,3,0.212,0.2723,0.3478,89.3,15.3,7.6,34.8,132
2023,Lawrence Butler,22542,22,OF,OAK,129,26,10,10,4,0,0.2114,0.2403,0.3415,88.3,16.2,9,37.1,89
2023,Tim Anderson,15172,30,SS,CHW,524,121,52,25,1,13,0.2454,0.2863,0.2961,87.8,2,2.9,39.4,373
2023,Salvador Perez,7304,33,C,KCR,580,137,59,80,23,0,0.2546,0.2924,0.4219,90.1,15.6,8.8,44,411
2023,Starling Marte,9241,34,OF,NYM,341,78,38,28,5,24,0.2476,0.3009,0.3238,88.2,6.3,5.6,39.5,248
2023,Joey Meneses,14366,31,1B/DH,WSN,657,168,71,89,13,0,0.275,0.3212,0.401,89.4,9.4,5.4,41.7,484
2023,Jake Bauers,15194,27,1B/OF,NYY,272,49,28,30,12,3,0.2025,0.2794,0.4132,89.1,13.8,18.7,48.7,150
2023,David Peralta,2136,35,OF,LAD,422,102,47,55,7,4,0.2589,0.2938,0.3807,89.3,8.2,4.9,44.2,328
2023,Garrett Stubbs,18067,30,C,PHI,125,23,15,12,1,2,0.2035,0.2742,0.2832,83.4,22.4,0,17.6,85
2023,Jonah Bride,24703,27,1B/3B,OAK,106,15,9,7,0,0,0.1705,0.2857,0.2045,89,4.1,4.3,40.6,69
2023,Nick Allen,22277,24,SS,OAK,329,67,29,20,4,5,0.2211,0.2632,0.2871,84.8,6.8,1.2,26.6,259
2023,Andrew Benintendi,17901,28,OF,CHW,621,147,72,45,5,13,0.2616,0.3258,0.3559,86.6,14.5,2.9,27,477
2023,Bryan De La Cruz,19600,26,OF,MIA,626,149,60,78,19,4,0.2573,0.304,0.4111,89.9,11.8,8.8,42.5,442
2023,Luis Guillorme,16451,28,2B/3B,NYM,120,24,12,9,1,0,0.2243,0.2881,0.3271,85.9,11.8,1.2,25.6,82
2023,Brett Wisely,27735,24,2B,SFG,131,21,10,8,2,2,0.175,0.2308,0.2667,85.9,17.9,7.3,32.9,82
2023,Dominic Canzone,26438,25,OF,2 Tms,182,38,23,21,6,1,0.2197,0.2582,0.3988,89.7,16.3,12.1,42.6,141
2023,Oswald Peraza,22823,23,3B,NYY,191,33,15,14,2,4,0.1908,0.267,0.2717,87.2,9.8,4.1,28.5,123
2023,Seth Brown,18171,30,1B/OF,OAK,378,76,33,52,14,3,0.2216,0.2865,0.4052,90.5,16.4,12.2,46.5,245
2023,Luis Matos,26467,21,OF,SFG,253,57,24,14,2,3,0.25,0.3187,0.3421,87.1,6.3,2,31,197
2023,Jacob Stallings,13723,33,C,MIA,276,46,22,20,3,0,0.1909,0.2784,0.2863,89.7,9.1,5.6,40.2,179
2023,Matt Carpenter,8090,37,3B,SDP,237,33,18,31,5,1,0.1755,0.322,0.3191,87,24.4,11.1,31,126
2023,Nick Senzel,19293,28,OF,CIN,330,71,49,42,13,6,0.2359,0.297,0.3987,87.4,15.2,4.8,34.1,229
2023,Brett Baty,26123,23,3B,NYM,389,75,41,34,9,2,0.2125,0.2753,0.3229,89.5,6.6,7.7,44.3,246
2023,José Abreu,15676,36,1B,HOU,594,128,62,90,18,0,0.237,0.2963,0.3833,89,10.8,8.7,41.6,416
2023,Tyler Nevin,17893,26,1B/3B,DET,111,19,11,10,2,0,0.2,0.3063,0.3158,89.3,13.7,7,38,71
2023,Jon Singleton,10441,31,1B,2 Tms,105,15,11,12,2,0,0.1648,0.2667,0.2637,88.9,17.5,5.8,43.5,69
2023,Jose Herrera,17040,26,C,ARI,120,21,15,7,0,1,0.2079,0.2957,0.2574,85.9,11.3,0,19.5,77
2023,Keibert Ruiz,19610,24,C,WSN,562,136,55,67,18,1,0.26,0.3078,0.4092,87.4,15.3,5.8,31.9,467
2023,Casey Schmitt,27577,24,2B/3B,SFG,277,52,28,30,5,2,0.2055,0.2555,0.3241,88.1,15.1,6.7,34,194
2023,Tyler Stephenson,17988,26,C,CIN,517,113,59,56,13,0,0.243,0.3172,0.3785,89.4,8.9,7.6,43.5,331
2023,Giancarlo Stanton,4949,33,DH/OF,NYY,415,71,43,60,24,0,0.1914,0.2747,0.4205,93.3,12.5,15.7,48.4,248
2023,Alec Burleson,27615,24,DH/OF,STL,347,77,34,36,8,3,0.2444,0.3003,0.3905,89.9,12.4,5.9,41,273
2023,Lenyn Sosa,22896,23,2B,CHW,173,33,12,14,6,0,0.2012,0.2235,0.3476,89.4,14.1,7.8,38.3,128
2023,Mitch Haniger,14274,32,OF,SFG,229,44,27,28,6,1,0.2085,0.2664,0.3649,91,15.9,10.9,46.9,147
2023,Rowdy Tellez,15679,28,1B,MIL,351,67,26,47,13,0,0.2154,0.2906,0.3762,89.9,15.2,8.7,40.4,230
2023,Austin Barnes,12158,33,C,LAD,200,32,15,11,2,2,0.1798,0.2563,0.2416,84.8,6.1,2.9,25.4,138
2023,Pavin Smith,19892,27,1B/OF,ARI,228,36,26,30,7,1,0.1885,0.3172,0.3246,89.9,13.8,7.5,41.8,146
2023,Jose Miranda,20538,25,1B/3B,MIN,152,30,12,13,3,0,0.2113,0.2632,0.3028,87.9,10.1,4.2,37.3,118
2023,Mark Vientos,22184,23,3B/DH,NYM,233,46,19,22,9,1,0.211,0.2532,0.367,92.5,9.5,10.7,51,149
2023,Jesse Winker,13590,29,OF,MIL,197,33,16,23,1,0,0.1988,0.3198,0.247,86.8,13.6,4.3,31.9,116
2023,Oswaldo Cabrera,21707,24,3B/OF,NYY,330,63,35,29,5,8,0.2114,0.2752,0.2987,87.8,13.4,3.5,32.5,231
2023,Masyn Winn,27479,21,SS,STL,137,21,8,12,2,2,0.1721,0.2296,0.2377,86,12.8,2,36.6,101
2023,Henry Davis,29617,23,C/OF,PIT,255,48,27,24,7,3,0.2133,0.302,0.3511,88.6,12.5,7,41.4,157
2023,Martín Maldonado,6887,36,C,HOU,407,69,33,36,15,0,0.1906,0.2582,0.3481,88.4,18.1,8.5,40,235
2023,Elehuris Montero,20543,24,1B,COL,307,69,40,39,11,0,0.243,0.2899,0.4261,88.3,9.9,6.8,44.3,176
2023,Tyler Soderstrom,27467,21,1B/OF,OAK,138,20,9,7,3,0,0.16,0.2319,0.24,89.3,5.7,6,39.8,83
2023,Michael Toglia,25845,24,1B,COL,152,23,18,9,4,1,0.1631,0.2237,0.2837,90.2,16.7,5.5,44,91
2023,Enrique Hernández,10472,31,OF,2 Tms,508,110,57,61,11,4,0.2366,0.2894,0.357,87.8,17,4.5,33.7,374
2023,Kris Bryant,15429,31,3B/OF,COL,335,70,36,31,10,0,0.2333,0.3134,0.3667,85.7,14.4,6,31.5,232
2023,Gavin Sheets,19901,27,DH/OF,CHW,344,63,24,43,10,1,0.2026,0.2674,0.3312,88.1,16.9,5.2,32.5,249
2023,Jurickson Profar,10815,30,OF,2 Tms,521,111,55,46,9,1,0.2418,0.3212,0.3682,86.5,14.8,4,31.8,374
2024,Aaron Judge,15640,32,OF,NYY,704,180,122,144,58,10,0.322,0.458,0.7013,96.2,19,26.9,61,390
2024,Bobby Witt Jr.,25764,24,SS,KCR,709,211,125,109,32,31,0.3318,0.3893,0.5881,92.7,15.1,14.3,48.3,538
2024,Shohei Ohtani,19755,29,DH,LAD,731,197,134,130,54,59,0.3097,0.3901,0.6462,95.8,16.2,21.5,60.1,479
2024,Juan Soto,20123,25,OF,NYY,713,166,128,109,41,7,0.2882,0.4194,0.5694,94.2,10.7,19.7,57,461
2024,Gunnar Henderson,26289,23,SS,BAL,719,177,118,92,37,21,0.281,0.3644,0.5286,92.8,9.2,11.2,53.9,475
2024,Francisco Lindor,12916,30,SS,NYM,689,169,107,91,33,29,0.2735,0.344,0.5,90.9,17,13.6,47.4,494
2024,Jarren Duran,24617,27,OF,BOS,735,191,111,75,21,34,0.2846,0.342,0.4918,90.8,9.5,9.3,43.9,515
2024,Elly De La Cruz,26668,22,SS,CIN,696,160,105,76,25,67,0.2589,0.3386,0.4709,91.8,9.7,12.7,45.7,403
2024,José Ramírez,13510,31,3B,CLE,682,173,114,118,39,41,0.279,0.3348,0.5371,89.2,19.6,8.6,39.7,544
2024,Ketel Marte,13613,30,2B,ARI,583,147,93,95,36,7,0.2917,0.3722,0.5595,94,9.4,12.3,53.8,407
2024,William Contreras,20503,26,C,MIL,679,167,99,92,23,9,0.2807,0.3652,0.4655,92.8,6.1,10,49.5,459
2024,Matt Chapman,16505,31,3B,SFG,647,142,98,78,27,15,0.247,0.3277,0.4626,93.2,16.2,12.6,48.3,419
2024,Cal Raleigh,21534,27,C,SEA,628,120,73,100,34,6,0.2198,0.3121,0.4359,91,21.2,15.4,48.1,376
2024,Jackson Merrill,29490,21,OF,SDP,593,162,77,90,24,16,0.2924,0.326,0.5,90.4,14.6,11.3,43.9,462
2024,Vladimir Guerrero Jr.,19611,25,1B,TOR,697,199,98,103,30,2,0.3231,0.396,0.5438,93.8,7.4,13.7,54.9,524
2024,Yordan Alvarez,19556,27,DH/OF,HOU,635,170,88,86,35,6,0.308,0.3921,0.567,93.1,18.3,14.5,49.7,461
2024,Brent Rooker,19627,29,DH/OF,OAK,614,160,82,112,39,11,0.293,0.3648,0.5623,91.9,18.9,16.6,49.6,373
2024,Bryce Harper,11579,31,OF,PHI,631,157,85,87,30,7,0.2855,0.373,0.5255,91.1,13.5,10.6,48.2,415
2024,Willy Adames,15986,28,SS,MIL,688,153,93,112,32,21,0.2508,0.3314,0.4623,88.6,20.6,12,40.7,440
2024,Marcell Ozuna,10324,33,DH/OF,ATL,688,183,96,104,39,1,0.302,0.3785,0.5462,92.1,14.4,15.5,53.4,440
2024,Corey Seager,13624,30,SS,TEX,533,132,68,74,30,1,0.2779,0.3527,0.5116,92.1,13.5,15.2,50.7,381
2024,Jurickson Profar,10815,31,OF,SDP,668,158,94,85,24,10,0.2801,0.3801,0.4592,91.1,13.4,7.2,44.4,473
2024,Corbin Carroll,25878,23,OF,ARI,684,136,121,74,22,35,0.2309,0.3216,0.4278,89.3,12,7.2,40.8,471
2024,Patrick Bailey,27478,25,C,SFG,448,94,46,46,8,4,0.2344,0.2975,0.3392,91.3,12.1,5.5,43,309
2024,Mookie Betts,13611,31,OF,LAD,516,130,75,75,19,16,0.2889,0.3721,0.4911,89.9,21.4,6,39.5,397
2024,Marcus Semien,12533,33,2B/SS,TEX,718,154,101,74,23,8,0.2369,0.3078,0.3908,87.4,17,6.6,35.2,546
2024,Rafael Devers,17350,27,3B,BOS,601,143,87,83,28,3,0.2724,0.3544,0.5162,93.2,11.6,13,52.6,384
2024,Carlos Correa,14162,29,SS,MIN,367,99,55,54,14,0,0.3103,0.388,0.5172,90.3,8.9,9.2,44.7,262
2024,Dansby Swanson,18314,30,SS,CHC,593,129,82,66,16,19,0.2416,0.312,0.3895,89.4,10.4,9.2,42.7,393
2024,Kyle Tucker,18345,27,OF,HOU,339,80,56,49,23,11,0.2888,0.4077,0.5848,91.1,21.2,12.9,44.9,225
2024,Steven Kwan,24610,26,OF,CLE,540,140,83,44,14,12,0.2917,0.368,0.425,86.3,14.9,2.6,23.7,431
2024,Alex Bregman,17678,30,3B,HOU,634,151,79,75,26,3,0.2599,0.3155,0.4527,89.1,18.2,6.4,40.5,499
2024,Jazz Chisholm Jr.,20454,26,2B/OF,2 Tms,621,144,74,73,24,40,0.2562,0.3237,0.4359,89.7,11.4,9.7,41.1,412
2024,Julio Rodríguez,23697,23,OF,SEA,613,155,76,68,20,24,0.2734,0.3246,0.4092,91.7,10.5,10.2,48.4,413
2024,Freddie Freeman,5361,34,1B,LAD,638,153,81,89,22,9,0.2823,0.3777,0.476,89.4,14.3,9.1,41.8,450
2024,Riley Greene,25976,23,OF,DET,584,134,82,74,24,4,0.2617,0.3482,0.4785,91.3,12.2,13.4,47.1,358
2024,Jackson Chourio,28806,20,OF,MIL,573,145,80,79,21,22,0.2746,0.3269,0.464,89.7,7.6,7.8,44.9,410
2024,Nico Hoerner,21479,27,2B/SS,CHC,641,159,86,48,7,31,0.2732,0.3354,0.3729,85.7,10.4,1.2,27.6,519
2024,Trea Turner,16252,31,SS,PHI,539,149,88,62,21,19,0.295,0.3377,0.4693,89.1,11.5,6.9,40.7,408
2024,Jose Altuve,5417,34,2B,HOU,682,185,94,65,20,22,0.2946,0.3504,0.4395,86.5,14.1,6.5,31.2,509
2024,Eugenio Suárez,12552,32,3B,ARI,640,146,90,101,30,2,0.2557,0.3188,0.4694,89.1,19.5,11.3,42.4,406
2024,Colton Cowser,29591,24,OF,BAL,561,121,77,69,24,9,0.2425,0.3209,0.4469,90.5,13,13.6,46.1,330
2024,Byron Buxton,14161,30,OF,MIN,388,99,62,56,18,7,0.2789,0.3351,0.5239,91.7,19.8,13.2,48.1,258
2024,Ezequiel Tovar,24064,22,SS,COL,695,176,83,78,26,6,0.2687,0.2946,0.4687,88.8,18.9,9,39.8,467
2024,Masyn Winn,27479,22,SS,STL,637,157,85,57,15,11,0.2675,0.3139,0.4157,87,13.2,3.7,32.7,486
2024,Oneil Cruz,21711,25,SS/OF,PIT,599,140,72,76,21,22,0.2588,0.3239,0.4492,95.5,9.8,15.7,54.9,364
2024,Brenton Doyle,25479,26,OF,COL,603,141,82,72,23,30,0.2601,0.3172,0.4465,89.2,13.2,10.5,41.4,401
2024,Ian Happ,17919,29,OF,CHC,657,138,89,86,25,13,0.2425,0.3409,0.4411,90.8,15.1,11.7,45.2,403
2024,Zach Neto,31347,23,SS,LAA,602,135,70,77,23,30,0.2491,0.3177,0.4428,88.5,12.3,8.4,38.8,407
2024,Manny Machado,11493,31,3B,SDP,643,163,77,105,29,11,0.2749,0.325,0.4722,92.5,12.7,11,48.8,473
2024,Anthony Volpe,27647,23,SS,NYY,689,155,90,60,12,28,0.2433,0.293,0.3642,87.7,8.4,3.9,35.4,486
2024,Austin Wells,27562,24,C,NYY,414,81,42,55,13,1,0.2288,0.322,0.3955,88.4,17.1,9.1,38.9,275
2024,Seiya Suzuki,30116,29,DH/OF,CHC,585,145,74,73,21,16,0.2832,0.3658,0.4824,91.7,16.2,11.5,49.2,356
2024,Alec Bohm,21618,27,3B,PHI,606,155,62,97,15,5,0.2798,0.3317,0.4477,90.4,10.1,6.8,45.6,474
2024,Teoscar Hernández,13066,31,OF,LAD,652,160,84,99,33,12,0.2716,0.3395,0.5008,90.6,10.3,14.9,46.8,402
2024,Isaac Paredes,20036,25,3B,2 Tms,641,129,64,80,19,1,0.238,0.3463,0.393,85,22.4,4.5,27.1,443
2024,Kyle Schwarber,16478,31,DH/OF,PHI,692,142,110,104,38,5,0.2478,0.3656,0.4852,93.6,15,15.6,55.5,384
2024,Salvador Perez,7304,34,C,KCR,652,160,58,104,27,0,0.2712,0.3303,0.4559,91.1,19,12.2,44.8,467
2024,Fernando Tatis Jr.,19709,25,SS/OF,SDP,438,110,64,49,21,11,0.2764,0.3402,0.4925,93.5,10,14.5,55.8,303
2024,Anthony Santander,14551,29,OF,BAL,665,140,91,102,44,2,0.2353,0.3083,0.5059,89.8,22.7,11.7,41.6,471
2024,JJ Bleday,26368,26,OF,OAK,642,139,74,60,20,2,0.243,0.3245,0.4371,88.5,18.6,8.3,36.2,448
2024,Joey Ortiz,25493,25,3B/SS,MIL,511,105,58,60,11,11,0.2386,0.3287,0.3977,87.8,9.9,4.6,38.4,346
2024,Nolan Arenado,9777,33,3B,STL,635,157,70,71,16,2,0.2716,0.3249,0.3945,86.3,16.9,3.2,31.6,493
2024,Brendan Donovan,24679,27,2B/OF,STL,652,163,65,73,14,5,0.2777,0.342,0.4174,88.7,13.2,5.5,37.6,511
2024,Daulton Varsho,19918,27,OF,TOR,513,98,73,58,18,10,0.2135,0.293,0.4074,86.1,24.4,6.2,34,324
2024,Victor Robles,18363,27,OF,2 Tms,295,78,44,28,4,34,0.3071,0.3806,0.4331,86.7,14.8,6.2,28.6,210
2024,Lawrence Butler,22542,23,OF,OAK,451,108,63,57,22,18,0.2621,0.3171,0.4903,91.1,11.3,11,47.4,308
2024,Wyatt Langford,33333,22,OF,TEX,557,126,74,74,16,19,0.2525,0.325,0.4148,89.6,16.6,9.3,43.4,387
2024,Wilyer Abreu,23772,25,OF,BOS,447,101,59,58,15,8,0.2531,0.3221,0.4586,91.6,19.2,11.1,50.5,279
2024,Tyler Stephenson,17988,27,C,CIN,515,118,69,66,19,1,0.2582,0.3379,0.4442,90.2,10.9,9.1,43.9,342
2024,Christian Walker,13419,33,1B,ARI,552,120,72,84,26,2,0.2505,0.3351,0.4676,91.2,16.6,13.3,48,354
2024,Christian Yelich,11477,32,OF,MIL,315,85,44,42,11,21,0.3148,0.4058,0.5037,91.1,5.2,7.9,46.7,214
2024,Luis García Jr.,20391,24,2B,WSN,528,141,58,70,18,22,0.282,0.3182,0.444,89.1,8.2,8,41.7,415
2024,Tyler Fitzgerald,26208,26,2B/SS,SFG,341,88,53,34,15,17,0.2803,0.3343,0.4968,87.7,20.2,8.2,31.9,207
2024,Joc Pederson,11899,32,OF,ARI,449,101,62,64,23,7,0.2752,0.3928,0.515,92.3,16.9,12.8,46.2,266
2024,Jake McCarthy,21622,26,OF,ARI,495,126,66,56,8,25,0.2851,0.349,0.4005,84.5,9.1,2.7,24.5,372
2024,Yainer Diaz,23003,25,C/DH,HOU,619,175,70,84,16,2,0.2991,0.3247,0.441,90.2,8.9,7.6,47.5,486
2024,Carlos Santana,2396,38,1B,MIN,594,124,63,71,23,4,0.238,0.3283,0.4203,89.2,16.1,7.3,39.9,424
2024,Nathaniel Lowe,19566,28,1B,TEX,565,129,62,69,16,2,0.2654,0.3611,0.4012,88.9,7.7,5.8,40,365
2024,Willi Castro,17338,27,OF,MIN,635,138,89,60,12,14,0.2473,0.3312,0.3853,87.4,13.6,7,36.8,413
2024,Josh Smith,26396,26,3B/SS,TEX,592,135,67,62,13,11,0.2581,0.3373,0.3939,87.8,15.4,3.7,37.1,407
2024,Jonathan India,21523,27,2B,CIN,637,132,84,58,15,13,0.2477,0.3575,0.3921,87.2,13.5,7.7,36.5,417
2024,Mark Vientos,22184,24,3B/DH,NYM,454,110,58,71,27,0,0.2663,0.3216,0.5157,91.2,11.4,14.1,46.6,283
2024,Taylor Ward,17548,30,OF,LAA,663,144,73,75,25,6,0.2462,0.3228,0.4256,90.9,17.4,13,42.4,430
2024,Brandon Nimmo,12927,31,OF,NYM,663,128,88,90,23,15,0.2242,0.3273,0.3993,91.9,11.2,9.1,47.4,416
2024,Miguel Rojas,7802,35,SS,LAD,337,87,41,36,6,8,0.2834,0.3373,0.4104,85,9.7,2.5,27.8,277
2024,Andrés Giménez,19950,25,2B,CLE,633,147,64,63,9,30,0.2521,0.2984,0.3396,86.3,8.7,2.8,28.5,495
2024,Alejandro Kirk,22581,25,C,TOR,386,86,23,54,5,0,0.2529,0.3187,0.3588,89.4,10.8,6.7,40.9,298
2024,Jeremy Peña,21636,26,SS,HOU,650,160,78,70,15,20,0.2658,0.3076,0.3937,88.2,7.5,5.4,38.8,500
2024,Adley Rutschman,26288,26,C/DH,BAL,638,143,68,79,19,1,0.2504,0.3182,0.3905,88.2,18.8,6.1,36.6,475
2024,Jordan Westburg,27815,25,2B/3B,BAL,447,110,57,63,18,6,0.2644,0.3117,0.4808,91.1,13.1,11.8,46.1,321
2024,Jacob Young,29931,24,OF,WSN,521,120,75,36,3,33,0.2564,0.3164,0.3312,85.8,4,1.6,28.9,377
2024,Willson Contreras,11609,32,C,STL,358,79,48,36,15,4,0.2625,0.3799,0.4684,91.6,14.2,11.2,46.8,205
2024,Ha-Seong Kim,27506,28,SS,SDP,470,94,60,47,11,22,0.2333,0.3305,0.3697,87.9,15.1,4.8,35.4,333
2024,Pete Crow-Armstrong,27769,22,OF,CHC,410,88,46,47,10,27,0.2366,0.2861,0.3844,88.9,17.2,7.4,36.8,285
2024,Will Smith,19197,29,C,LAD,544,118,77,75,20,1,0.2479,0.3272,0.4328,89.4,18.7,10.8,42,379
2024,Matt Olson,14344,30,1B,ATL,685,148,78,98,29,0,0.2467,0.3328,0.4567,91.5,16.1,12.4,47.4,435
2024,Brice Turang,22186,24,2B,MIL,619,142,72,57,7,50,0.254,0.316,0.3488,87,6.1,2.4,29.7,462
2024,Tyler O'Neill,15711,29,OF,BOS,473,99,74,61,31,4,0.2409,0.3362,0.5109,90.9,20.2,17.3,48.8,254
2024,Jose Iglesias,10231,34,SS,NYM,291,91,39,26,4,6,0.337,0.3814,0.4481,85.8,9,2.2,30.6,232
2024,Gabriel Moreno,22664,24,C,ARI,351,81,39,45,5,3,0.2656,0.3533,0.3803,90,8.8,6.6,41,256
2024,Otto Lopez,19608,25,2B/SS,MIA,434,109,49,39,6,20,0.2705,0.3132,0.3772,88,5.4,5.1,38.9,332
2024,Dylan Moore,18042,31,2B/OF,SEA,441,74,53,42,10,32,0.2011,0.3205,0.3668,88.4,22.6,8.8,36.3,251
2024,Austin Riley,18360,27,3B,ATL,469,109,63,56,19,0,0.2565,0.322,0.4612,93.3,15.9,14.9,53.4,309
2024,Kerry Carpenter,25961,26,DH/OF,DET,296,75,37,57,18,0,0.2841,0.3447,0.5871,90.5,17.6,17.7,46.4,192
2024,Matt Vierling,21558,27,OF,DET,567,133,80,57,16,6,0.2568,0.3122,0.4228,89.8,11.7,7.5,40.9,402
2024,Heliot Ramos,22515,24,OF,SFG,518,128,54,72,22,6,0.2695,0.3224,0.4695,91.5,10.4,14.5,47.5,344
2024,Max Muncy,13301,33,1B/3B,LAD,293,55,47,48,15,1,0.2321,0.3584,0.49370000000000003,90.2,26.6,10.8,43.4,166
2024,Luke Raley,19354,29,1B/OF,SEA,455,98,58,58,22,11,0.2426,0.3201,0.4629,90.1,13.5,11,41.8,273
2024,Brandon Marsh,20202,26,OF,PHI,476,104,55,60,16,19,0.2488,0.3284,0.4187,91.6,13.8,10,47.4,270
2024,Josh Naylor,18839,27,1B,CLE,633,137,84,108,31,6,0.2433,0.3196,0.4565,89.9,11.1,8.4,40.9,462
2024,Brandon Lowe,18882,29,2B,TBR,425,94,56,58,21,5,0.2442,0.3106,0.4727,89.8,14.5,12.4,44.7,275
2024,Xavier Edwards,22266,24,2B/SS,MIA,303,87,39,26,1,31,0.3283,0.3974,0.4226,86.1,6.7,1.8,24.3,218
2024,Michael Busch,26319,26,1B,CHC,567,123,73,65,21,2,0.248,0.3351,0.4395,89.9,17.2,11.2,39.9,338
2024,Bryan Reynolds,19326,29,OF,PIT,692,171,73,88,24,10,0.2749,0.3439,0.4469,89.9,9.4,9.6,45.4,469
2024,Parker Meadows,23800,24,OF,DET,298,66,39,28,9,9,0.2444,0.3098,0.4333,87,18.5,7.7,32.3,196
2024,Jake Rogers,19452,29,C,DET,337,61,43,36,10,1,0.1968,0.2552,0.3516,89,15.7,9.9,41.8,213
2024,Logan O'Hoppe,24729,24,C,LAA,522,117,64,56,20,2,0.2443,0.3033,0.4092,90.4,15.3,12,46.3,326
2024,Cedric Mullins,17929,29,OF,BAL,499,104,69,54,18,32,0.2342,0.3049,0.4054,87.1,21.5,4.9,33.4,350
2024,Lourdes Gurriel Jr.,19238,30,OF,ARI,553,143,72,75,18,7,0.2788,0.3219,0.4347,88.4,15.7,6.7,40,417
2024,Ernie Clement,20352,28,3B,TOR,452,114,48,51,12,12,0.2627,0.2844,0.4078,85.5,16.3,3.8,24.9,397
2024,Iván Herrera,20599,24,C/DH,STL,259,69,37,27,5,5,0.3013,0.3721,0.4279,89.3,9.2,9,42.1,178
2024,Cody Bellinger,15998,28,1B/OF,CHC,569,137,72,78,18,9,0.2655,0.3251,0.4264,87.8,17.4,6.3,32.9,432
2024,Jake Cronenworth,18036,30,1B/2B,SDP,656,139,72,83,17,5,0.2409,0.3236,0.3899,88.6,13.9,7.8,36.7,463
2024,Pete Alonso,19251,29,1B,NYM,695,146,91,88,34,3,0.2401,0.3295,0.4589,89.8,14.4,13.2,46.4,440
2024,Isiah Kiner-Falefa,16512,29,SS,2 Tms,496,125,53,43,8,11,0.2688,0.3063,0.3763,86.1,9.1,2.3,29.7,392
2024,Matt Wallner,26466,26,OF,MIN,261,57,26,37,13,3,0.2591,0.3716,0.5227,92.8,21.6,17.5,53.2,126
2024,Geraldo Perdomo,22799,24,SS,ARI,388,92,61,37,3,9,0.273,0.3438,0.3739,87,16.9,3.1,25.8,291
2024,Xander Bogaerts,12161,31,SS,SDP,463,113,50,44,11,13,0.264,0.3067,0.3808,88.1,10.9,5.1,33.2,355
2024,Michael Harris II,25931,23,OF,ATL,470,116,58,48,16,10,0.2636,0.3043,0.4182,90.5,7.5,10,47,349
2024,Randy Arozarena,19290,29,OF,2 Tms,648,120,77,60,20,20,0.2186,0.3318,0.388,90.4,13.2,8.3,43.5,384
2024,J.T. Realmuto,11739,33,C,PHI,413,101,50,47,14,2,0.2658,0.322,0.4289,89.2,9.4,10.4,46.6,279
2024,Shea Langeliers,25816,26,C,OAK,534,108,58,80,29,4,0.2241,0.2884,0.4502,91.3,16.3,12.8,44,343
2024,Jake Meyers,20308,28,OF,HOU,513,101,51,61,13,11,0.2191,0.2863,0.3601,88.2,14.4,6.8,37,351
2024,Freddy Fermin,21840,29,C,KCR,368,92,40,36,6,2,0.2714,0.3188,0.3658,88.2,11.1,3.2,33.9,277
2024,Yandy Díaz,16578,32,1B/3B,TBR,621,158,55,65,14,0,0.2806,0.3414,0.4139,92.2,5,7.6,48.7,472
2024,José Caballero,23401,27,2B/SS,TBR,483,100,53,44,9,44,0.2268,0.2833,0.3469,83.7,15.9,5.1,25.2,314
2024,Ryan McMahon,15112,29,3B,COL,645,137,68,65,20,4,0.2416,0.325,0.3968,92.1,10,10.9,49.7,386
2024,Josh Rojas,19734,30,2B/3B,SEA,476,95,48,31,8,10,0.2251,0.3044,0.3365,88.2,15.5,5.7,38.2,317
2024,Victor Caratini,14968,30,C,HOU,274,66,30,30,8,0,0.2694,0.3358,0.4082,91.2,9.3,5.6,43.1,195
2024,Francisco Alvarez,26121,22,C,NYM,342,73,39,47,11,1,0.237,0.307,0.4026,88.8,6.9,6.7,42,224
2024,Edmundo Sosa,17022,28,3B/SS,PHI,274,64,39,31,7,7,0.257,0.3125,0.4217,89.2,12.8,8.6,41.4,186
2024,Garrett Mitchell,27555,25,OF,MIL,224,50,33,21,8,11,0.2551,0.3423,0.4694,88.8,2.8,8.7,37,127
2024,CJ Abrams,25768,23,SS,WSN,602,133,79,65,20,31,0.2458,0.3145,0.4325,88.2,15.1,6.9,40.7,418
2024,Spencer Horwitz,26477,26,1B,TOR,381,87,46,40,12,0,0.2652,0.357,0.4329,88.2,13.7,8,36.6,262
2024,Travis d'Arnaud,7739,35,C,ATL,341,73,40,48,15,1,0.2378,0.3021,0.4365,89.9,11.6,10.4,41,222
2024,Jose Siri,17452,28,OF,TBR,448,75,50,47,18,14,0.1866,0.2545,0.3657,87.5,15.4,14.7,41.6,238
2024,Gleyber Torres,16997,27,2B,NYY,665,151,80,63,15,4,0.2572,0.3303,0.3782,88.6,15,6.3,35.4,461
2024,Bryson Stott,26294,26,2B,PHI,571,124,65,57,11,32,0.2451,0.3152,0.3557,87,14,3.6,30.8,422
2024,Paul DeJong,18015,30,SS,2 Tms,482,101,54,56,24,2,0.227,0.2759,0.427,87.8,20,10.2,41.5,294
2024,Carson Kelly,13620,29,C,2 Tms,313,67,32,37,9,0,0.2384,0.3131,0.3737,87.6,13.6,6.6,39.4,227
2024,David Fry,24934,28,DH,CLE,392,88,44,51,14,4,0.2627,0.3564,0.4478,88.3,19.6,7.5,37.6,255
2024,Colt Keith,27899,22,2B,DET,556,134,54,61,13,7,0.2597,0.3094,0.3798,87.8,11.3,5.6,35.3,408
2024,Lars Nootbaar,21454,26,OF,STL,405,85,39,45,12,7,0.2443,0.3416,0.4167,91.8,6,9.9,49.5,273
2024,Mike Yastrzemski,14854,33,OF,SFG,474,99,60,57,18,3,0.2313,0.3023,0.4369,90.4,19.1,10.5,41,306
2024,Jose Trevino,16725,31,C,NYY,234,45,26,28,8,1,0.2153,0.2876,0.3541,88.1,9.9,5.3,35.1,171
2024,David Hamilton,27531,26,2B/SS,BOS,317,73,47,28,8,33,0.2483,0.3028,0.3946,87,15.8,5.6,32.2,214
2024,J.P. Crawford,15491,29,SS,SEA,451,79,55,37,9,5,0.2015,0.3038,0.3214,87.5,13.2,6.5,37.8,291
2024,Jesús Sánchez,19913,26,OF,MIA,537,123,60,64,18,16,0.2515,0.3134,0.4172,92.5,7.7,12.2,51.3,352
2024,Randal Grichuk,10243,32,OF,ARI,279,74,40,46,12,0,0.2913,0.3477,0.5276,90.6,17.3,11,47.6,210
2024,Bo Naylor,21865,24,C,CLE,389,71,39,39,13,6,0.2006,0.2636,0.3503,88.8,19.9,8.1,37.7,236
2024,Ryan O'Hearn,16442,30,1B/DH,BAL,494,117,60,59,15,3,0.2641,0.334,0.4266,89.6,12,6.9,40.1,377
2024,Blake Perkins,19921,27,OF,MIL,434,92,54,43,6,23,0.2402,0.3157,0.3316,88.8,12,3.9,37.7,281
2024,Kyle Higashioka,5517,34,C,SDP,263,54,29,45,17,2,0.2195,0.2634,0.4756,88.4,20.7,10.9,37.4,174
2024,Ryan Jeffers,24618,27,C,MIN,465,93,56,64,21,3,0.2257,0.2996,0.432,86.9,16.2,8.3,33.8,325
2024,Spencer Steer,26323,26,1B/OF,CIN,656,129,74,92,20,25,0.2247,0.3186,0.4024,88,17.4,6.4,39.9,439
2024,Michael Massey,27684,26,2B,KCR,356,86,45,45,14,1,0.259,0.2938,0.4488,89.2,16.8,7.1,36.9,282
2024,Sal Frelick,29622,24,OF,MIL,524,123,66,32,2,18,0.2589,0.3198,0.3347,83.4,9.7,0.8,19.5,400
2024,Vinnie Pasquantino,27676,26,1B/DH,KCR,554,130,64,97,19,1,0.2621,0.3146,0.4456,91,14.6,7.1,46.5,439
2024,Kyle Isbel,21614,27,OF,KCR,426,88,62,42,8,11,0.2292,0.2871,0.3672,88.1,9,3.9,36.3,306
2024,Luis Rengifo,19858,27,2B/3B,LAA,304,85,41,30,6,24,0.3004,0.3465,0.417,87,6.7,2.5,32.5,240
2024,Trevor Larnach,21501,27,DH/OF,MIN,400,92,59,52,15,4,0.2592,0.3375,0.4338,92,12.4,10.1,45.1,268
2024,Gavin Lux,19955,26,2B,LAD,487,110,59,50,10,5,0.2506,0.3203,0.3827,88.3,9.1,6,41.1,331
2024,Jake Burger,22275,28,1B/3B,MIA,579,134,68,76,29,1,0.2505,0.3005,0.4598,91.3,13,12.3,46.8,389
2024,Ryan Mountcastle,18373,27,1B,BAL,507,128,54,63,13,3,0.2706,0.3077,0.4249,90.8,10.4,8.8,45.2,365
2024,Kevin Newman,17696,30,2B/SS,ARI,311,80,41,28,3,8,0.2778,0.3115,0.375,85.6,9.7,1.6,23.4,248
2024,Zack Gelof,29766,24,2B,OAK,547,105,60,49,17,25,0.2113,0.2702,0.3622,89.2,14.2,8.8,37.2,317
2024,Jesse Winker,13590,30,OF,2 Tms,508,109,63,58,14,14,0.2535,0.3597,0.4047,88.6,14,7.6,37.4,329
2024,Lane Thomas,16939,28,OF,2 Tms,528,112,65,63,15,32,0.2373,0.3087,0.4004,88.8,17,7.4,40.6,340
2024,Ben Rortvedt,20287,26,C,TBR,328,66,27,31,3,1,0.2276,0.3171,0.3034,86.2,11.9,3.5,30.7,202
2024,Yasmani Grandal,11368,35,C,PIT,243,49,26,27,9,1,0.2279,0.3042,0.4,91.1,11.1,9.8,42.8,173
2024,Rob Refsnyder,13770,33,OF,BOS,307,77,32,40,11,2,0.2831,0.3595,0.4706,89.6,10.7,9.7,43.1,195
2024,Max Schuemann,24488,27,SS,OAK,459,87,55,34,7,14,0.2197,0.3106,0.3081,89,16.6,5.6,37.4,286
2024,Nick Gonzales,27490,25,2B,PIT,387,97,42,49,7,5,0.2702,0.3109,0.3983,87.9,13,7.9,36.9,290
2024,Joey Bart,21524,27,C,PIT,282,67,38,45,13,0,0.2648,0.3369,0.4625,88.1,10.5,9.4,38.7,181
2024,LaMonte Wade Jr.,18126,30,1B/OF,SFG,401,86,45,34,8,2,0.2598,0.38,0.3807,90.6,12.9,9.4,44.1,245
2024,Michael Conforto,16376,31,OF,SFG,488,104,56,66,20,0,0.2374,0.3094,0.4498,90.2,14.8,11.8,46,323
2024,James Wood,29518,21,OF,WSN,336,78,43,41,9,14,0.2644,0.3542,0.4271,92.8,2.4,10.6,52,198
2024,Ozzie Albies,16556,27,2B,ATL,435,100,52,53,10,8,0.2506,0.3034,0.4035,88.4,18.4,6.2,32,338
2024,Richie Palacios,24589,27,OF,TBR,316,59,46,21,5,19,0.2235,0.346,0.3182,86.2,14,3.5,30.3,198
2024,Andy Pages,24816,23,OF,LAD,443,100,65,46,13,1,0.2481,0.3054,0.4069,88.6,20.8,10.7,40.1,299
2024,Jeff McNeil,15362,32,2B/OF,NYM,472,101,57,44,12,5,0.2382,0.3079,0.3844,87,14.9,3.1,31.1,360
2024,Maikel Garcia,22715,24,3B,KCR,626,133,84,58,7,37,0.2313,0.2814,0.3322,90.4,6.4,3.7,42.8,481
2024,Harrison Bader,18030,30,OF,NYM,437,95,57,51,12,17,0.2363,0.2838,0.3731,87.2,11.9,6.4,35.5,313
2024,Leody Taveras,18900,25,OF,TEX,529,110,59,44,12,23,0.2292,0.289,0.3521,89,14.7,5.9,35.5,375
2024,Alex Call,19296,29,OF,WSN,113,34,15,14,3,5,0.3434,0.4248,0.5253,88,12.5,5,32.5,80
2024,Justin Turner,5235,39,3B,2 Tms,539,119,59,55,11,0,0.2587,0.3544,0.3826,87.1,17.8,4.6,32.5,372
2024,Paul Goldschmidt,9218,36,1B,STL,654,147,70,65,22,11,0.2454,0.3015,0.414,91.2,13.1,10.7,49.6,428
2024,Royce Lewis,20437,25,3B,MIN,325,68,40,47,16,0,0.2329,0.2954,0.4521,87.1,16.8,11.2,37.7,223
2024,Connor Wong,19896,28,C,BOS,487,125,54,52,13,8,0.2796,0.3333,0.4251,86.5,12.9,6.3,34.5,336
2024,Johan Rojas,24336,23,OF,PHI,363,82,47,32,3,25,0.2426,0.2789,0.3225,85.7,4.8,2.5,27.4,277
2024,Luis Arraez,18568,27,1B/2B,2 Tms,672,200,83,46,4,9,0.314,0.3463,0.3925,86.3,13.7,1.6,23.7,611
2024,Mauricio Dubón,16530,29,2B/OF,HOU,428,108,45,47,4,3,0.2687,0.2965,0.3607,86.1,14.6,2.8,26.5,355
2024,Michael Siani,22557,24,OF,STL,334,68,42,20,2,20,0.2282,0.2848,0.2852,84.4,5.1,2.3,22.6,218
2024,Jonah Bride,24703,28,1B/3B,MIA,272,64,30,39,11,0,0.2759,0.3566,0.4612,87.1,11.8,5.4,33.7,184
2024,Jorge Soler,14221,32,DH/OF,2 Tms,574,119,84,64,21,1,0.2414,0.338,0.4422,90.5,17.9,12.6,44.1,356
2024,Brayan Rocchio,23690,23,SS,CLE,442,79,50,36,8,10,0.2063,0.2977,0.3159,84.6,9.4,4,22.3,300
2024,George Springer,12856,34,OF,TOR,614,120,74,56,19,16,0.2202,0.3034,0.3706,87.5,9.4,9.3,37.4,432
2024,Mike Tauchman,15274,33,OF,CHC,350,74,50,29,7,6,0.2483,0.3571,0.3658,89,15.5,7.4,41,229
2024,Jose Miranda,20538,26,1B/3B,MIN,429,114,44,49,9,2,0.2843,0.3217,0.4414,88.9,15.5,5.9,38.9,339
2024,Wenceel Pérez,22857,24,OF,DET,425,94,51,37,9,9,0.2416,0.3002,0.383,88.4,18,4.3,30.6,300
2024,Ceddanne Rafaela,24262,23,OF,BOS,571,134,70,75,15,19,0.2463,0.2742,0.3897,86.6,14.9,7.5,36.9,398
2024,Zach McKinstry,19392,29,3B/OF,DET,325,64,32,23,4,16,0.2155,0.2769,0.3367,88,18.7,4.3,32.6,230
2024,Tyrone Taylor,13675,30,OF,NYM,345,79,47,35,7,11,0.2476,0.2994,0.4013,87.3,16.8,7.1,35.3,241
2024,Jake Fraley,19260,29,OF,CIN,382,97,44,26,5,20,0.2771,0.3298,0.3857,84.3,11.1,3.2,24.7,283
2024,Josh Lowe,19953,26,OF,TBR,387,85,37,34,10,25,0.2408,0.3023,0.3909,90.8,16.9,10.3,46.1,232
2024,Oswaldo Cabrera,21707,25,3B/OF,NYY,326,74,47,36,8,4,0.2475,0.2963,0.3645,88.2,12.5,3.7,34.9,241
2024,Max Kepler,12144,31,OF,MIN,399,93,43,42,8,1,0.2527,0.3015,0.3804,88.9,16.8,6.2,36.8,291
2024,Ronald Acuña Jr.,18401,26,OF,ATL,222,48,38,15,4,16,0.25,0.3514,0.3646,92.2,8.5,9.4,48.2,139
2024,Pavin Smith,19892,28,1B/OF,ARI,158,37,26,36,9,1,0.2701,0.3481,0.5474,90.2,13.1,14.7,44,109
2024,Mike Trout,10155,32,OF,LAA,126,24,17,14,10,6,0.2202,0.3254,0.5413,89.2,25.2,17.1,41.5,82
2024,Jacob Stallings,13723,34,C,COL,281,64,31,36,9,0,0.2634,0.3571,0.4527,86.6,12.8,7.2,34.4,180
2024,Ramón Urías,18795,30,3B,BAL,301,69,39,37,11,1,0.2537,0.3223,0.4228,88.3,12.8,8.7,38.5,218
2024,Nicky Lopez,19339,29,2B/SS,CHW,445,96,40,21,1,5,0.2412,0.3121,0.294,85,5.6,1.5,16.9,337
2024,Ramón Laureano,17128,29,OF,2 Tms,309,74,35,33,11,8,0.2587,0.3107,0.4371,89.2,13.3,12.6,40.8,191
2024,Masataka Yoshida,31837,30,DH/OF,BOS,421,106,45,56,10,2,0.2804,0.3492,0.4153,88,10.5,5.5,37.5,328
2024,Jonny DeLuca,26365,25,OF,TBR,362,72,29,31,6,16,0.2169,0.2778,0.3313,84.6,16.2,3.9,28,257
2024,Mark Canha,11445,35,OF,2 Tms,462,95,46,42,7,7,0.2417,0.3442,0.3461,88.4,9.6,3.3,37.4,302
2024,Jason Heyward,4940,34,OF,2 Tms,258,48,33,37,10,5,0.2105,0.2879,0.4123,88,10.4,5.6,41.6,178
2024,Giancarlo Stanton,4949,34,DH/OF,NYY,459,97,49,72,27,0,0.2326,0.2985,0.4748,94.6,14.7,20.7,55.3,276
2024,Sean Murphy,19352,29,C,ATL,264,45,19,25,10,0,0.1931,0.2841,0.3519,88,10.5,9.6,36.5,167
2024,Tommy Edman,19470,29,2B,LAD,153,33,20,20,6,6,0.2374,0.2941,0.4173,87.6,11.4,3.6,35.1,111
2024,Orlando Arcia,13185,29,SS,ATL,602,120,50,46,17,2,0.2178,0.2712,0.3539,88.2,8.6,5.3,37.8,431
2024,Luis Torrens,15905,28,C,NYM,130,27,14,15,3,0,0.2288,0.2923,0.3729,89.6,13.1,6.6,46.2,91
2024,Donovan Solano,8623,36,2B,SDP,309,81,31,35,8,2,0.2862,0.343,0.417,87.3,13.7,3.7,37.4,219
2024,Jorge Mateo,17273,29,SS,BAL,208,44,30,18,5,13,0.2292,0.267,0.401,88.1,14.1,4,34.9,149
2024,Brendan Rodgers,17907,27,2B,COL,539,134,67,54,13,1,0.2675,0.3141,0.4072,89.3,4.9,5.6,44.1,372
2024,Christian Vázquez,9774,33,C,MIN,315,65,29,27,7,3,0.2211,0.2484,0.3265,88.5,16.1,3.8,36.6,238
2024,Andy Ibáñez,18819,31,2B/3B,DET,244,54,30,32,5,2,0.2411,0.2951,0.3571,88.1,20.3,4.9,33.1,163
2024,Nolan Schanuel,33189,22,1B,LAA,607,130,62,54,13,10,0.2505,0.3433,0.3622,86.1,10.3,3.5,25.4,426
2024,Abraham Toro,19844,27,2B/3B,OAK,364,81,34,26,6,4,0.2404,0.2928,0.3501,87.2,12.2,4.3,29.6,277
2024,Sam Hilliard,17954,30,OF,COL,158,33,26,27,10,5,0.2391,0.3052,0.5072,94.6,16.5,14.8,52.3,88
2024,Gio Urshela,10681,32,3B,2 Tms,461,108,34,52,9,0,0.25,0.2863,0.3611,86.4,10.5,4.9,28.4,365
2024,Dane Myers,22054,28,OF,MIA,108,25,17,19,3,4,0.2632,0.3333,0.4421,89.9,11.4,11.5,47.5,61
2024,Junior Caminero,28163,20,3B,TBR,177,41,15,18,6,2,0.2485,0.2994,0.4242,89.7,6.8,11.8,45.7,127
2024,Trevor Story,12564,31,SS,BOS,106,24,8,10,2,6,0.2553,0.3396,0.3936,86.1,18.6,6.6,29.5,61
2024,Alec Burleson,27615,25,DH/OF,STL,595,147,71,78,21,9,0.2687,0.3142,0.4205,89.7,13.6,6.5,41.7,478
2024,Kevin Pillar,12434,35,OF,2 Tms,314,65,38,45,8,12,0.2289,0.2907,0.3768,84.6,17.9,3.7,29.7,219
2024,Triston Casas,22514,24,1B,BOS,243,51,28,32,13,0,0.2406,0.3374,0.4623,90.2,10.5,13.3,45.2,135
2024,Jhonkensy Noel,24257,22,OF,CLE,198,39,25,28,13,0,0.2179,0.2879,0.486,88.6,19.3,14.5,36.8,117
2024,Enrique Hernández,10472,32,OF,LAD,393,83,44,42,12,0,0.2293,0.2806,0.3729,89.6,17.1,4.8,41.5,289
2024,Alex Verdugo,17027,28,OF,NYY,621,130,74,61,13,2,0.2326,0.2908,0.356,88.3,9.9,5.6,34.9,478
2024,Miguel Amaya,21693,25,C,CHC,363,76,32,47,8,0,0.2317,0.2877,0.3567,88.4,11.1,4.7,33.9,274
2024,Starling Marte,9241,35,OF,NYM,370,90,46,40,7,16,0.2687,0.327,0.3881,89.8,4.3,6.9,42.9,259
2024,J.D. Martinez,6184,36,DH/OF,NYM,495,102,46,69,16,0,0.235,0.3198,0.4055,91,14.4,14.9,46.1,295
2024,Nick Fortes,21538,27,C,MIA,335,70,28,29,4,0,0.2273,0.2591,0.3182,84.3,15.4,1.4,22.6,279
2024,Brett Wisely,27735,25,2B,SFG,272,60,25,31,4,2,0.2381,0.2778,0.3452,86.8,16.2,5.2,31.6,192
2024,Luis Robert Jr.,20043,26,OF,CHW,425,88,47,35,14,23,0.2239,0.2783,0.3791,90.1,13.5,9.9,40.7,253
2024,Danny Jansen,16535,29,C,2 Tms,324,57,35,24,9,0,0.205,0.3086,0.3489,86.6,21.7,6.4,29.7,220
2024,Jarred Kelenic,22558,24,OF,ATL,449,95,49,45,15,7,0.2306,0.2857,0.3932,89.8,16,9.9,45.2,283
2024,Leo Jiménez,23782,23,2B/SS,TOR,210,41,18,19,4,0,0.2291,0.3286,0.3575,87.6,12.3,8.1,33.3,123
2024,Trent Grisham,18564,27,OF,NYY,209,34,21,31,9,1,0.1899,0.2899,0.3855,90.6,20,12,46.4,125
2024,Connor Joe,16572,31,1B/OF,PIT,416,83,49,36,9,2,0.228,0.3197,0.3681,85.3,16.3,4.7,32.7,275
2024,Kyle Farmer,14813,33,2B/SS,MIN,242,46,26,25,5,3,0.214,0.2934,0.3535,87.7,17.9,5.4,29.8,168
2024,Andrew McCutchen,9847,37,OF,PIT,515,104,66,50,20,3,0.2321,0.3282,0.4107,88.5,14.3,12,36.9,317
2024,Dairon Blanco,19779,31,OF,KCR,132,31,37,13,4,31,0.2583,0.3077,0.3917,89,8.6,7.8,37.8,90
2024,Austin Barnes,12158,34,C,LAD,156,37,12,11,1,3,0.2643,0.3312,0.3071,86.3,9.5,1.9,31.1,106
2024,Nick Ahmed,12147,34,SS,3 Tms,228,48,20,17,2,2,0.2286,0.2667,0.2952,84.9,13.4,3,23,165
2024,Garrett Hampson,19262,29,2B/OF,KCR,231,49,16,16,0,7,0.23,0.2751,0.3005,86,16.1,4.4,30.4,158
2024,Pedro Pagés,25782,25,C,STL,218,48,19,27,7,2,0.2376,0.2811,0.3762,89,11.8,4.8,40.4,147
2024,Elias Díaz,11680,33,C,2 Tms,351,86,27,39,6,0,0.2646,0.3134,0.3815,87.1,7.6,4.7,34.5,258
2024,Brett Baty,26123,24,3B,NYM,171,35,15,16,4,0,0.2288,0.3059,0.3268,86.6,10.3,5.4,33,112
2024,Will Brennan,25660,26,OF,CLE,353,87,37,30,8,4,0.2636,0.3088,0.3879,86,13.3,4.6,32.5,283
2024,David Peralta,2136,36,OF,SDP,260,63,35,28,8,2,0.2669,0.3346,0.4153,88.1,8.9,5.5,42.3,182
2024,Dylan Crews,33541,22,OF,WSN,132,26,12,8,3,12,0.2185,0.2879,0.3529,89,8.8,6.4,44.7,94
2024,Whit Merrifield,11281,35,2B/OF,2 Tms,335,65,44,15,4,17,0.2218,0.3112,0.314,84.1,12.9,2.4,21.6,245
2024,Miguel Andujar,15878,29,3B/OF,OAK,319,86,31,30,4,3,0.2848,0.3197,0.3775,86.1,9.2,2.7,33.7,261
2024,Michael A. Taylor,11489,33,OF,PIT,300,52,35,21,5,12,0.1933,0.2534,0.29,89.3,13.7,11.6,40.1,172
2024,Trey Sweeney,29575,24,SS,DET,119,24,11,17,4,2,0.2182,0.2689,0.3727,91.1,12.8,8.9,46.8,79
2024,Jared Triolo,25807,26,3B,PIT,446,85,41,46,9,8,0.2157,0.296,0.3147,88.4,13.4,5.3,39.1,281
2024,Austin Hedges,12976,31,C,CLE,146,20,12,15,2,2,0.1515,0.2028,0.2197,84.8,21.4,1.1,24.1,87
2024,Casey Schmitt,27577,25,2B/3B,SFG,113,27,11,16,6,0,0.2523,0.2832,0.4766,89.2,16.5,8.4,36.1,83
2024,Thairo Estrada,16426,28,2B,SFG,381,79,43,47,9,2,0.217,0.2467,0.3434,86.2,10.5,4.8,31.7,290
2024,Jonathan Aranda,21837,26,1B,TBR,143,30,22,14,6,0,0.2344,0.3077,0.4297,91.9,11,16.5,48.5,97
2024,Juan Yepez,18400,26,1B/DH/OF,WSN,249,64,32,26,6,2,0.2832,0.3347,0.4292,86.6,8.5,5.9,35.6,188
2024,Michael Toglia,25845,25,1B,COL,458,87,62,55,25,10,0.218,0.3107,0.4561,92.1,15.1,17.3,50.2,255
2024,Gary Sánchez,11442,31,C,MIL,280,54,30,37,11,0,0.2204,0.3071,0.3918,90,16.2,10.5,44.2,172
2024,Tyler Freeman,22532,25,OF,CLE,383,69,48,32,7,11,0.2091,0.3053,0.3212,87.7,13,3.2,34.6,283
2024,Davis Schneider,23565,25,2B/OF,TOR,454,76,48,46,13,6,0.1914,0.2819,0.3426,88.6,21.4,12,38,258
2024,Josh Jung,26299,26,3B,TEX,188,47,19,16,7,4,0.264,0.2979,0.4213,86.2,12.2,9.9,39.7,131
2024,Emmanuel Rivera,19890,28,3B,2 Tms,302,63,24,29,5,2,0.2377,0.3123,0.3434,89.7,8.7,7.9,44.1,202
2024,Jorge Polanco,13152,30,2B/SS,SEA,469,89,43,45,16,4,0.2134,0.2964,0.3549,88.3,17.9,8.9,37.2,282
2024,Garrett Stubbs,18067,31,C,PHI,187,34,18,11,1,5,0.2073,0.2957,0.2622,79.7,19.4,0,9.6,115
2024,Nolan Gorman,22263,24,2B,STL,402,74,42,50,19,6,0.2027,0.2711,0.4,88.5,20.3,16.7,38.6,216
2024,Tyler Soderstrom,27467,22,1B/OF,OAK,213,44,18,26,9,0,0.2328,0.3146,0.4286,91.9,9.6,14.6,49.6,137
2024,Daniel Schneemann,25180,27,2B/OF,CLE,221,42,17,22,5,3,0.2176,0.3032,0.3679,88.5,11.1,4.8,38.1,126
2024,Bo Bichette,19612,26,SS,TOR,336,70,29,31,4,5,0.2251,0.2768,0.3215,89.2,7.2,4.4,43.5,249
2024,Heston Kjerstad,31166,25,OF,BAL,114,25,8,14,4,1,0.2525,0.3509,0.3939,90.2,10.3,6.1,43.9,66
2024,TJ Friedl,19522,28,OF,CIN,341,67,35,55,13,9,0.2256,0.3097,0.3805,86,16.7,3.2,31.5,251
2024,Stuart Fairchild,20321,28,OF,CIN,233,45,33,30,8,13,0.2153,0.2857,0.3684,85.5,20.5,7.9,36.8,152
2024,Nick Castellanos,11737,32,3B/OF,PHI,659,154,80,86,23,6,0.2541,0.3111,0.4307,88.4,15.2,8.1,38.2,469
2024,Romy Gonzalez,21562,27,1B/2B,BOS,216,53,25,29,6,11,0.2663,0.3056,0.4171,92.3,3.7,8.3,51,145
2024,Kevin Kiermaier,11038,34,OF,2 Tms,281,51,31,26,5,6,0.1969,0.2372,0.3127,86.4,7.3,3.9,30,181
2024,Derek Hill,16947,28,OF,3 Tms,172,39,19,25,7,6,0.2407,0.2706,0.4198,88.3,9.8,11,36.7,109
2024,Amed Rosario,15518,28,SS,3 Tms,346,93,29,32,3,13,0.2801,0.3064,0.3795,86.9,4.6,4.6,36.2,260
2024,Christian Bethancourt,10028,32,C,2 Tms,147,29,18,22,5,3,0.2086,0.2414,0.3669,89.1,12.4,7.6,41.9,105
2024,Dominic Smith,15653,29,1B/OF,2 Tms,307,64,33,34,6,1,0.2327,0.3127,0.3782,89.3,13,10.6,38.7,199
2024,Rhys Hoskins,16472,31,1B,MIL,517,96,59,82,26,3,0.2138,0.3029,0.4187,88.7,20.8,12.7,42.2,306
2024,Luis Urías,16622,27,2B/3B,SEA,109,18,11,16,4,0,0.1915,0.3028,0.3936,87.1,19.2,11.7,35,60
2024,Ezequiel Duran,23733,25,3B,TEX,285,66,26,20,3,1,0.2463,0.2877,0.3209,87.1,8.9,3.4,35.9,206
2024,Reese McGuire,15674,29,C,BOS,158,29,10,18,3,3,0.2086,0.2803,0.295,84,12.4,6.7,26.9,104
2024,Kyle McCann,25575,26,C,OAK,157,33,13,15,5,0,0.2357,0.3185,0.3714,89.6,12.5,12.3,38.3,81
2024,Jose Herrera,17040,27,C,ARI,114,22,11,13,1,0,0.2268,0.2897,0.3196,84.5,9,0,23.1,78
2024,Austin Hays,19363,28,OF,2 Tms,255,60,26,20,5,2,0.2553,0.3031,0.3957,88.9,14.9,6.7,40.2,179
2024,James McCann,12859,34,C,BAL,233,50,27,31,8,1,0.2336,0.279,0.3879,87.4,14.4,8.6,37.7,162
2024,Oliver Dunn,26295,26,3B,MIL,104,21,11,7,1,3,0.2211,0.2816,0.3158,89.1,6.6,5.4,46.4,56
2024,Luis Guillorme,16451,29,2B/3B,3 Tms,187,33,14,10,0,4,0.205,0.3011,0.2733,85.5,5.7,2.3,21.1,128
2024,Mickey Moniak,19956,26,OF,LAA,418,86,48,49,14,8,0.2194,0.2656,0.3801,88.1,19.8,9.3,34.4,279
2024,Tomás Nido,13755,30,C,2 Tms,140,25,14,12,4,0,0.1923,0.219,0.3154,89.8,14.1,12,44,100
2024,Jo Adell,20220,25,OF,LAA,451,84,54,62,20,15,0.2074,0.28,0.4025,89.8,15.9,11.7,44.7,282
2024,Evan Carter,27790,21,OF,TEX,162,27,23,15,5,2,0.1875,0.2716,0.3611,86,13.9,5.9,32.4,102
2024,Ke'Bryan Hayes,18577,27,3B,PIT,396,85,38,25,4,11,0.2329,0.2828,0.2904,88.9,4.8,2.4,42.9,294
2024,Cavan Biggio,19252,29,2B,3 Tms,224,37,27,19,5,2,0.1968,0.3136,0.3032,82,21.2,2.5,16.9,118
2024,Jung Hoo Lee,33824,25,OF,SFG,158,38,15,8,2,2,0.2621,0.3101,0.331,89.1,9.2,4.5,41.8,134
2024,Hunter Renfroe,15464,32,OF,KCR,424,88,44,52,15,1,0.2286,0.2972,0.3922,88.5,16.7,6.6,39.4,302
2024,Kody Clemens,20572,28,1B,PHI,120,25,17,18,5,0,0.2193,0.2583,0.4474,89.4,19.2,7.1,42.4,85
2024,Lenyn Sosa,22896,24,2B,CHW,369,89,28,35,8,3,0.2536,0.2834,0.359,89,12.3,6.1,41.2,277
2024,Connor Norby,29592,24,3B,2 Tms,194,42,32,20,9,3,0.236,0.2938,0.4382,86.2,17,14.8,39.1,115
2024,Jake Bauers,15194,28,1B/OF,MIL,346,60,45,43,12,13,0.1987,0.3006,0.3609,89.4,22.6,10.3,42.9,184
2024,Spencer Torkelson,27465,24,1B,DET,381,75,45,37,10,0,0.2193,0.2947,0.3743,89,20.2,6.7,39.7,238
2024,Brooks Baldwin,31394,23,OF,CHW,121,24,9,8,2,4,0.2105,0.25,0.3158,87.4,26.2,4.8,32.1,84
2024,Estevan Florial,19151,26,OF,CLE,111,17,11,11,3,2,0.1735,0.2636,0.3673,88.7,12.8,10.3,41.4,58
2024,Andrés Chaparro,21797,25,1B/DH,WSN,132,26,12,15,4,1,0.2149,0.2803,0.4132,87.8,16.6,6.2,33,97
2024,Joey Loperfido,29630,25,OF,2 Tms,262,52,24,25,4,4,0.214,0.2644,0.3498,88.3,12.9,4,34.7,150
2024,Dominic Canzone,26438,26,OF,SEA,188,33,20,17,8,1,0.1964,0.2713,0.381,89.9,9.1,11.1,44.4,117
2024,Jacob Wilson,33266,22,SS,OAK,103,23,11,3,0,0,0.25,0.3137,0.3152,85.4,9.5,0,19,84
2024,Charlie Blackmon,7859,37,OF,COL,499,115,59,52,12,6,0.2561,0.3287,0.412,84.8,16.3,5.2,27.2,364
2024,Santiago Espinal,19997,29,2B/3B,CIN,391,88,32,45,9,11,0.2465,0.2946,0.3557,85.9,15,1.9,24.1,311
2024,Kyle Manzardo,29794,23,1B/DH,CLE,156,34,11,15,5,0,0.2345,0.2821,0.4207,89.1,22.1,9.5,40,105
2024,José Tena,23691,23,3B,2 Tms,168,43,14,15,3,6,0.2671,0.2976,0.354,91.2,7.6,8.3,49.2,120
2024,Ildemaro Vargas,13324,32,2B/3B,WSN,303,67,21,30,1,9,0.2463,0.2953,0.3162,87,4,1.2,31.9,251
2024,Willie Calhoun,17838,29,DH/OF,LAA,254,56,26,20,5,0,0.2445,0.315,0.3799,89,12.4,3,37.7,199
2024,Cristian Pache,19948,25,OF,3 Tms,183,33,13,16,1,1,0.2,0.2732,0.2788,89.9,9.8,4.9,38.2,102
2024,Edouard Julien,27534,25,2B,MIN,301,53,36,21,8,6,0.1992,0.2924,0.3233,87.8,11.9,9.8,37.8,164
2024,Angel Martínez,26540,22,OF,CLE,169,35,16,11,3,3,0.2318,0.2976,0.3377,86.5,14.9,1.7,32.2,121
2024,Jackson Holliday,31781,20,2B,BAL,208,36,28,23,5,4,0.1895,0.2548,0.3105,89.3,8.6,8.2,45.1,122
2024,Tommy Pham,2967,36,OF,3 Tms,478,109,49,39,9,7,0.2477,0.3054,0.3682,90.4,11,7.2,42.7,335
2024,Jonah Heim,16930,29,C,TEX,491,101,45,59,13,1,0.22,0.2668,0.3355,88.5,14.5,5.9,36.4,371
2024,Anthony Rendon,12861,34,3B,LAA,238,45,21,14,0,6,0.2184,0.3067,0.267,87.9,14.1,2.3,37.1,175
2024,Josh Bell,13145,31,1B,2 Tms,603,134,62,71,19,0,0.2491,0.3194,0.4052,88.9,10.5,7.6,40.1,421
2024,Blaze Alexander,23789,25,3B,ARI,185,41,19,21,3,3,0.247,0.3207,0.3434,88.5,8.5,3.4,34.7,118
2024,Jerar Encarnacion,21871,26,OF,SFG,119,28,13,19,5,1,0.2478,0.2773,0.4248,95,6.7,15,58.8,80
2024,Jon Singleton,10441,32,1B,HOU,405,83,46,42,13,0,0.2338,0.321,0.3859,88.7,12.8,8.9,37.2,247
2024,Alex Jackson,17276,28,C,TBR,155,17,17,12,3,1,0.1223,0.2013,0.2374,86.7,20.2,9.1,31.8,88
2024,Andrew Vaughn,26197,26,1B/OF,CHW,619,140,55,70,19,2,0.2456,0.2973,0.4018,90.3,16.6,9.3,43.3,443
2024,Andrew Benintendi,17901,29,OF,CHW,522,109,50,64,20,3,0.2285,0.2893,0.3962,88,16.1,6.3,34.4,384
2024,Adolis García,19287,31,OF,TEX,637,130,68,85,25,11,0.2241,0.2841,0.4,91,15,12.5,48.2,409
2024,Danny Mendick,18889,30,2B/SS,CHW,141,26,13,8,3,6,0.197,0.2429,0.3182,83.8,13.9,6.1,22.4,98
2024,Matt Thaiss,19318,29,C,LAA,186,32,14,16,2,3,0.2038,0.3226,0.2994,86.6,12.9,8,40,100
2024,Taylor Walls,22458,27,SS,TBR,252,40,27,14,1,16,0.1835,0.2817,0.2477,86.1,18.2,3.2,24,154
2024,Austin Slater,16153,31,OF,3 Tms,212,37,24,18,2,3,0.209,0.3208,0.2655,88.2,7.2,3.3,37.2,121
2024,Alek Thomas,23792,24,OF,ARI,103,18,13,17,3,4,0.1895,0.2451,0.3579,91.2,1,7.6,46.8,79
2024,Anthony Rizzo,3473,34,1B,NYY,375,77,38,35,8,0,0.2285,0.3013,0.3353,86.7,14.3,4,33.2,274
2024,Joey Gallo,14128,30,OF,WSN,260,36,24,27,10,3,0.1614,0.2769,0.3363,90.5,26.1,13.1,43.4,122
2024,Nick Loftin,27630,25,2B/OF,KCR,171,28,15,14,1,1,0.1892,0.2824,0.2365,83.6,9.9,3.1,26,127
2024,Niko Kavadas,29782,25,1B/DH,LAA,106,17,11,8,4,1,0.1828,0.283,0.3333,91.7,27.3,11.5,40.4,52
2024,Matt Carpenter,8090,38,3B,STL,157,32,15,15,4,0,0.2336,0.3141,0.3723,85.8,24.2,6.8,28.7,88
2024,Manuel Margot,14712,29,OF,MIN,343,75,37,31,4,5,0.2381,0.2895,0.3365,88.2,13.8,4.9,33.6,265
2024,DJ Stewart,17766,30,OF,NYM,194,28,16,19,5,1,0.1772,0.3247,0.2975,89.7,19.1,8.1,39.6,111
2024,Patrick Wisdom,13602,32,3B,CHC,174,27,16,23,8,5,0.1709,0.237,0.3924,90.9,28,15.8,48.5,101
2024,Austin Martin,27462,25,OF,MIN,257,59,41,16,1,7,0.2532,0.3176,0.3519,87.2,12.7,1.1,33.5,188
2024,Chas McCormick,19599,29,OF,HOU,267,51,32,27,5,8,0.2107,0.2707,0.3058,86.2,15.2,7.5,32.8,174
2024,MJ Melendez,22197,25,OF,KCR,451,85,44,44,17,4,0.2063,0.2733,0.4005,91.1,14.6,8.4,45.2,299
2024,Gabriel Arias,22563,24,SS,CLE,161,34,15,15,3,5,0.2222,0.2547,0.3529,89.7,5.6,7.9,36.6,101
2024,Travis Jankowski,13768,33,OF,TEX,207,38,19,12,1,11,0.2,0.2657,0.2421,85.4,5.9,0.7,24.7,146
2024,Andruw Monasterio,19455,27,2B/3B,MIL,142,26,14,16,1,6,0.208,0.3028,0.272,88.1,14.9,9.4,41.2,85
2024,Jeimer Candelario,13621,30,3B,CIN,463,96,47,56,20,4,0.2248,0.2786,0.4286,86.9,12.4,8.2,34.5,316
2024,Ben Rice,29576,25,1B/DH,NYY,178,26,20,23,7,0,0.1711,0.264,0.3487,90,17.7,15.6,36.7,109
2024,Brett Harris,29788,26,3B,OAK,123,15,15,12,3,0,0.1456,0.2764,0.2621,87.4,12.8,5.1,36.7,79
2024,Riley Adams,19864,28,C,WSN,130,26,10,8,2,1,0.2241,0.2923,0.3362,89.9,13.6,7.2,43.4,83
2024,Grant McCray,25690,23,OF,SFG,130,25,13,10,5,5,0.2016,0.2385,0.379,90.2,5.4,11.8,44.1,68
2024,Curtis Mead,23986,23,2B/3B,TBR,132,29,10,7,1,2,0.2377,0.2824,0.2869,88.8,16.3,4.3,36.6,93
2024,Vidal Bruján,20536,26,2B/OF,MIA,278,55,32,16,2,5,0.2218,0.3032,0.3185,85.1,8,1.5,22.6,195
2024,Brooks Lee,31595,23,3B/SS,MIN,185,38,9,27,3,3,0.2209,0.2649,0.3198,85.8,12.5,4.1,24.5,147
2024,Keibert Ruiz,19610,25,C,WSN,485,105,46,57,13,3,0.2288,0.2598,0.3595,85.4,19.8,3.2,25.6,410
2024,Tyler Wade,15730,29,2B/OF,SDP,156,30,28,8,0,8,0.2174,0.2848,0.2391,83.7,14.5,1.8,17.7,113
2024,Jake Cave,14477,31,OF,COL,346,81,42,37,7,5,0.2508,0.2899,0.3963,87.5,7.5,5.2,37.1,229
2024,Addison Barger,24598,24,3B/OF,TOR,225,41,20,28,7,2,0.1971,0.25,0.351,88.3,12.1,8.7,38.3,149
2024,Alex Kirilloff,20325,26,1B/OF,MIN,178,32,20,20,5,0,0.2013,0.2697,0.3836,91.3,13.2,11.3,40.9,115
2024,Seth Brown,18171,31,1B/OF,OAK,400,86,32,44,14,4,0.2312,0.2825,0.379,90,14.6,8.4,40.6,261
2024,James Outman,24770,27,OF,LAD,156,20,12,11,4,2,0.1471,0.2564,0.2647,87.6,15.3,4.9,38.3,81
2024,Michael Stefanic,25353,28,2B,LAA,124,24,8,8,0,0,0.2182,0.3008,0.2545,85.1,7,1.1,26.4,91
2024,Garrett Cooper,15279,33,1B/DH,2 Tms,116,22,6,11,1,0,0.2056,0.2672,0.2991,85.9,12.7,9.7,36.1,72
2024,Korey Lee,25543,25,C,CHW,394,79,36,37,12,6,0.2095,0.2437,0.3475,88.3,9.6,7.5,37.6,255
2024,Daz Cameron,18353,27,OF,OAK,186,34,22,15,5,5,0.2,0.2581,0.3294,91.6,8.6,8.3,48.8,121
2024,Mitch Garver,15161,33,C/DH,SEA,430,63,37,51,15,0,0.1717,0.286,0.3406,89.9,18.3,8.4,39.7,237
2024,Miles Mastrobuoni,20017,28,3B,CHC,106,19,9,4,0,2,0.1939,0.2453,0.2245,87.4,13.9,2.4,31.7,82
2024,Curt Casali,12510,35,C,SFG,125,21,12,8,1,0,0.1944,0.2927,0.25,83,20,1.1,17,88
2024,J.D. Davis,16219,31,3B,2 Tms,157,31,13,6,4,0,0.2183,0.293,0.338,89.1,2.8,8.7,43.7,103
2024,Bryan Ramos,25621,22,3B,CHW,108,20,13,11,3,0,0.202,0.2523,0.3333,90.1,11.8,6.4,46.2,78
2024,Rowdy Tellez,15679,29,1B,PIT,421,93,38,56,13,1,0.2428,0.2993,0.3916,89.4,17,8,36.5,299
2024,Victor Scott II,31349,23,OF,STL,155,26,14,10,2,5,0.1793,0.2194,0.2828,88.4,12.1,5.7,33.3,105
2024,Tyler Nevin,17893,27,1B/3B,OAK,278,50,22,20,7,1,0.2041,0.2878,0.3306,89.8,10.7,8.7,40.8,184
2024,DJ LeMahieu,9874,35,2B,NYY,228,41,19,26,2,0,0.204,0.2687,0.2587,88.5,1.9,5.8,37.6,173
2024,Luis Campusano,22217,25,C,SDP,299,63,37,40,8,0,0.2274,0.2809,0.361,87.7,9.9,4.6,34.2,237
2024,Nelson Velázquez,23359,25,DH/OF,KCR,230,41,31,27,8,2,0.2,0.2739,0.3659,88.2,17.4,8.8,38.1,147
2024,Darell Hernaiz,26224,22,3B/SS,OAK,135,23,8,12,1,1,0.1917,0.2612,0.2417,87.1,10.8,1,33.3,96
2024,Nick Martini,12005,34,DH/OF,CIN,163,31,23,24,5,1,0.2123,0.2716,0.3699,87.4,14.9,7.2,34.2,111
2024,Mitch Haniger,14274,33,OF,SEA,423,79,42,44,12,0,0.2079,0.2861,0.3342,90.6,13.7,9,45.9,255
2024,Adam Frazier,15223,32,2B/OF,KCR,294,53,35,22,4,3,0.2023,0.2818,0.2939,84.5,15.3,2.9,22.8,206
2024,Justyn-Henry Malloy,29606,24,DH/OF,DET,230,41,18,21,8,1,0.203,0.2913,0.3663,87.6,18.7,10.9,37.8,119
2024,Sean Bouchard,21270,28,OF,COL,108,17,14,8,1,4,0.1868,0.2897,0.2967,89.8,10.7,4.9,34.4,61
2024,Robbie Grossman,5254,34,OF,3 Tms,245,44,21,16,3,3,0.2115,0.3224,0.2933,86.3,13.3,3.3,27.6,152
2024,Nick Senzel,19293,29,OF,2 Tms,267,46,25,18,7,1,0.1949,0.283,0.3305,84,15.5,5.7,26.7,176
2024,Ryan Noda,23312,28,1B,OAK,111,13,8,4,1,0,0.1368,0.2545,0.2105,86.2,16,5.1,33.9,59
2024,Chris Taylor,13757,33,OF,LAD,246,43,28,23,4,5,0.2019,0.298,0.3005,85.9,16.9,7.1,28.6,140
2024,Will Benson,21853,26,OF,CIN,388,64,41,43,14,16,0.1866,0.2739,0.3761,89.4,18.2,11.5,40.1,192
2024,Nick Allen,22277,25,SS,OAK,105,17,6,4,1,0,0.1753,0.2157,0.2474,84.4,8.9,1.3,17.5,80
2024,Enmanuel Valdez,21716,25,2B,BOS,223,43,23,28,6,1,0.2139,0.2703,0.3632,89.4,19.3,9.2,41.8,153
2024,Corey Julks,20311,28,OF,CHW,189,37,17,14,3,5,0.2139,0.2751,0.3064,84.9,15,3.2,29,124
2024,Harold Ramírez,14387,29,DH/OF,2 Tms,246,62,28,29,2,6,0.2605,0.2805,0.3235,87,-0.2,3.2,33.9,189
2024,Christian Encarnacion-Strand,30011,24,1B,CIN,123,22,13,16,2,0,0.1897,0.2195,0.2931,87.8,15.5,8.4,37.3,83
2024,Jordan Walker,27475,22,OF,STL,178,33,16,20,5,1,0.2012,0.2528,0.3659,91.2,9.4,9.5,43.1,116
2024,Wilmer Flores,5827,32,1B,SFG,242,44,19,26,4,0,0.2056,0.2769,0.3178,83.5,21.4,5.9,27.6,186
2024,Vaughn Grissom,26031,23,2B,BOS,114,20,10,6,0,2,0.1905,0.2456,0.219,86.1,8.3,4.9,32.9,82
2024,Nick Gordon,16337,28,OF,MIA,275,59,29,32,8,5,0.2269,0.2582,0.3692,86.1,6.5,6.1,29.6,196
2024,Luke Maile,13355,33,C,CIN,154,24,8,8,2,2,0.1778,0.268,0.2519,84.7,11.3,3.5,24.7,85
2024,Henry Davis,29617,24,C/OF,PIT,122,15,9,5,1,0,0.1442,0.2417,0.2115,85.3,17.2,4.8,35.5,62
2024,Kyle Stowers,26151,26,OF,2 Tms,209,40,15,24,3,0,0.2083,0.2679,0.3333,91,12.3,10.9,51.3,119
2024,Javier Báez,12979,31,SS,DET,289,50,25,37,6,8,0.1838,0.2215,0.2941,88.3,11.2,7.8,40,206
2024,Kris Bryant,15429,32,3B/OF,COL,155,29,9,15,2,0,0.218,0.3226,0.3008,85.1,18.5,4.7,30.2,86
2024,Trey Lipscomb,31567,24,3B,WSN,211,38,20,10,1,11,0.2,0.2679,0.2316,86.5,0.7,0.7,31.6,152
2024,Dominic Fletcher,26149,26,OF,CHW,241,46,14,17,1,0,0.2063,0.2521,0.2556,84.4,12.1,1.8,26.8,168
2024,Luis Matos,26467,22,OF,SFG,156,32,14,25,5,0,0.2133,0.2372,0.3467,86.9,14.1,3.9,37,127
2024,Gavin Sheets,19901,28,DH/OF,CHW,501,105,35,45,10,2,0.2328,0.3034,0.357,87.8,13.5,5.7,35.3,348
2024,Nolan Jones,20529,26,OF,COL,297,58,28,28,3,5,0.2266,0.3209,0.3203,88.2,7.8,5.9,44.4,169
2024,Ty France,17982,29,1B,2 Tms,535,112,46,51,13,1,0.2338,0.3047,0.3653,88.7,12.9,7.3,40,370
2024,Edward Olivares,19698,28,OF,PIT,196,39,22,23,5,1,0.2241,0.2908,0.3333,86.8,9.2,6.4,35.5,141
2024,Eloy Jiménez,17484,27,DH/OF,2 Tms,349,77,25,23,6,3,0.2377,0.2894,0.3364,92,4.3,7.8,49,255
2024,Jordan Beck,31431,23,OF,COL,184,32,14,13,3,7,0.1882,0.2446,0.2765,86.1,13.4,6.6,32.1,106
2024,Joey Meneses,14366,32,1B/DH,WSN,313,65,19,42,3,2,0.2313,0.2907,0.3025,88.9,8.3,4.5,39.3,224
2024,Miguel Vargas,20178,24,3B,2 Tms,237,31,22,16,5,3,0.1505,0.2489,0.2573,86.2,21.3,4.6,26.3,152
2024,Christopher Morel,21897,25,DH/OF,2 Tms,611,105,56,60,21,8,0.1963,0.2881,0.3458,89.2,14.2,10.2,40.4,381
2024,Adam Duvall,10950,35,OF,ATL,330,55,29,30,11,0,0.1815,0.2455,0.3234,86.9,22.2,10.7,36.6,205
2024,Bryan De La Cruz,19600,27,OF,2 Tms,622,136,61,68,21,5,0.2329,0.2705,0.3836,89.6,13.1,9.3,41.3,419
2024,Dylan Carlson,20126,25,OF,2 Tms,265,49,19,25,3,2,0.2085,0.2868,0.2766,86.8,15.8,2.5,25.8,163
2024,Jack Suwinski,22244,25,OF,PIT,277,45,29,26,9,9,0.1822,0.2645,0.3239,88.9,12.9,8.8,38.2,170
2024,Hunter Goodman,29715,24,C,COL,224,40,24,36,13,1,0.1896,0.2277,0.4171,88.2,16.5,12.8,39.6,149
2024,Tim Anderson,15172,31,SS,MIA,241,50,16,9,0,4,0.2137,0.2365,0.2265,86.1,1.4,1.8,30.1,166
2024,Noelvi Marte,26517,22,3B/OF,CIN,242,48,24,18,4,9,0.2096,0.2479,0.3013,87,11.4,6.5,36.1,155
2024,Martín Maldonado,6887,37,C,CHW,147,16,9,11,4,0,0.1185,0.1736,0.2296,88,20.1,8,35.6,87
2024,José Abreu,15676,37,1B,HOU,120,14,10,7,2,0,0.1239,0.1667,0.1947,87.8,6.7,2.3,33.7,86
2024,Elehuris Montero,20543,25,1B,COL,247,46,23,28,4,0,0.2054,0.2672,0.3036,89.5,17,7.6,41.5,171
2024,Eddie Rosario,12155,32,OF,2 Tms,319,52,33,35,10,9,0.1751,0.2145,0.3165,91,14.3,5.3,42.5,226
2024,Brandon Drury,11615,31,2B/3B,LAA,360,55,28,15,4,1,0.1692,0.2417,0.2277,87.6,6,3.6,35.6,247
2025,Aaron Judge,15640,33,OF,NYY,679,179,137,114,53,12,0.3309,0.4566,0.6876,95.4,19,24.7,58.2,388
2025,Cal Raleigh,21534,28,C,SEA,705,147,110,125,60,14,0.2466,0.3589,0.5889,91.3,25.2,19.5,49.6,411
2025,Bobby Witt Jr.,25764,25,SS,KCR,687,184,99,88,23,38,0.2953,0.3508,0.5008,93.3,15.2,12.5,48.5,505
2025,Shohei Ohtani,19755,30,DH,LAD,727,172,146,102,55,20,0.2815,0.3917,0.6219,94.9,15,23.5,58.7,426
2025,Geraldo Perdomo,22799,25,SS,ARI,720,173,98,100,20,27,0.2898,0.389,0.4623,87.6,15.5,6.2,31.9,533
2025,Trea Turner,16252,32,SS,PHI,639,179,94,69,15,36,0.3039,0.3552,0.4567,89.3,9.1,5.8,42.1,484
2025,Corbin Carroll,25878,24,OF,ARI,642,146,107,84,31,32,0.2589,0.3427,0.5408,92.1,16.7,14.5,49.9,415
2025,José Ramírez,13510,32,3B,CLE,673,168,103,85,30,44,0.2833,0.3601,0.5025,88.9,19.2,7,37,525
2025,Francisco Lindor,12916,31,SS,NYM,732,172,117,86,31,31,0.2671,0.3456,0.4658,90.5,15.1,8.8,44.4,520
2025,Fernando Tatis Jr.,19709,26,SS/OF,SDP,691,159,111,71,25,32,0.2677,0.3676,0.4461,93.3,9.4,10.9,51.8,467
2025,Juan Soto,20123,26,OF,NYM,715,152,120,105,43,38,0.2634,0.3955,0.5251,93.8,12,18.1,55.3,447
2025,Julio Rodríguez,23697,24,OF,SEA,710,174,106,95,32,30,0.2669,0.3239,0.4739,91.8,8.5,9.8,48,502
2025,Jeremy Peña,21636,27,SS,HOU,543,150,68,62,17,20,0.3043,0.3635,0.4767,88.9,8.9,8.2,42.9,403
2025,Maikel Garcia,22715,25,3B,KCR,666,170,81,74,16,23,0.2857,0.3514,0.4487,91.3,9.7,5.6,45.1,519
2025,Pete Crow-Armstrong,27769,23,OF,CHC,647,146,91,95,31,35,0.247,0.2871,0.4805,89.5,20,13,41.6,454
2025,George Springer,12856,35,OF,TOR,586,154,106,84,32,18,0.3092,0.399,0.5602,90,17.2,16.1,47.6,391
2025,Byron Buxton,14161,31,OF,MIN,542,129,97,83,35,24,0.2643,0.3266,0.5512,92.5,17.7,17.6,53.8,346
2025,Kyle Schwarber,16478,32,DH/OF,PHI,724,145,111,132,56,10,0.2401,0.3646,0.5629,94.3,20.1,20.8,59.6,408
2025,Cody Bellinger,15998,29,1B/OF,NYY,656,160,89,98,29,13,0.2721,0.3338,0.4796,88.3,18.5,7.5,37.9,507
2025,Nico Hoerner,21479,28,2B/SS,CHC,649,178,89,61,7,29,0.2972,0.3451,0.394,86.7,12.5,2.3,30.3,554
2025,Gunnar Henderson,26289,24,SS,BAL,651,158,85,68,17,30,0.2738,0.3487,0.4385,92.1,9.5,8.5,49.2,445
2025,Matt Olson,14344,31,1B,ATL,724,170,98,95,29,1,0.2724,0.366,0.484,93.3,14.8,14.3,53.3,453
2025,Alejandro Kirk,22581,26,C,TOR,506,127,45,76,15,1,0.2816,0.3478,0.4213,91.1,11.9,10.1,50.8,398
2025,Ketel Marte,13613,31,2B,ARI,556,136,87,72,28,4,0.2833,0.3759,0.5167,90.8,14.8,13.5,47,400
2025,Nick Kurtz,35110,22,1B,ATH,489,122,90,86,36,2,0.2905,0.3832,0.619,92.7,15.3,18.4,51.1,272
2025,Junior Caminero,28163,21,3B,TBR,653,159,93,110,45,7,0.2641,0.3109,0.5349,92.4,10.7,14,51.4,484
2025,Kyle Tucker,18345,28,OF,CHC,597,133,91,73,22,25,0.266,0.3771,0.464,90.1,17.2,10.8,40.4,416
2025,Brice Turang,22186,25,2B,MIL,659,168,97,81,18,24,0.2877,0.3592,0.4349,91.1,8.6,7.9,47.4,441
2025,Jazz Chisholm Jr.,20454,27,2B/OF,NYY,531,112,75,80,31,31,0.2424,0.3321,0.4805,89,15.8,15,43.3,319
2025,Elly De La Cruz,26668,23,SS,CIN,699,166,102,86,22,37,0.2639,0.3362,0.4404,91,7.6,10.2,44.2,449
2025,Will Smith,19197,30,C,LAD,436,107,64,61,17,2,0.2956,0.4037,0.4972,91.3,18.4,12.2,47.1,278
2025,Andy Pages,24816,24,OF,LAD,624,158,74,86,27,14,0.2719,0.3125,0.4613,88.6,16.9,8.4,37.2,452
2025,Wyatt Langford,33333,23,OF,TEX,573,118,73,62,22,22,0.2413,0.3438,0.4315,91.4,17.5,14,48.4,343
2025,Dillon Dingler,27464,26,C,DET,469,121,54,57,13,0,0.2782,0.3269,0.4253,90,15.8,9.2,45.7,326
2025,Willy Adames,15986,29,SS,SFG,686,133,94,87,30,12,0.225,0.3182,0.4213,88.9,21.1,12.6,42.8,421
2025,Corey Seager,13624,31,SS,TEX,445,103,61,50,21,3,0.2711,0.373,0.4868,92.9,11.6,15.3,53.6,295
2025,Kyle Stowers,26151,27,OF,MIA,457,115,61,73,25,5,0.2882,0.3684,0.5439,91.1,14.1,19,52,279
2025,Shea Langeliers,25816,27,C,ATH,523,133,73,72,31,7,0.2765,0.325,0.5364,90.9,16.4,11.2,44.9,383
2025,Jarren Duran,24617,28,OF,BOS,696,159,86,84,16,24,0.2565,0.3324,0.4419,91.8,12,9.7,46.8,455
2025,Freddie Freeman,5361,35,1B,LAD,627,164,81,90,24,6,0.295,0.3668,0.5018,90.9,14.3,10.4,45.7,433
2025,Vladimir Guerrero Jr.,19611,26,1B,TOR,680,172,96,84,23,6,0.292,0.3809,0.4669,92,7.8,12.2,50.7,499
2025,Bo Bichette,19612,27,SS,TOR,628,181,78,94,18,4,0.311,0.3567,0.4828,91,8.2,7.9,48.8,494
2025,Ceddanne Rafaela,24262,24,OF,BOS,587,136,84,63,16,20,0.2491,0.2945,0.4139,88.3,12.8,9.2,38.7,434
2025,Eugenio Suárez,12552,33,3B,2 Tms,657,134,91,118,49,4,0.2279,0.2983,0.5255,90.2,21.9,14.3,47.6,399
2025,Manny Machado,11493,32,3B,SDP,678,169,91,95,27,14,0.2748,0.3348,0.4602,92.9,14.3,12.9,51.5,489
2025,Matt Chapman,16505,32,3B,SFG,535,105,76,61,21,9,0.2313,0.3402,0.4295,92.2,15.7,9.9,47.6,332
2025,William Contreras,20503,27,C,MIL,659,147,89,76,17,6,0.2597,0.3551,0.3993,91.1,7,6.4,48.5,452
2025,Pete Alonso,19251,30,1B,NYM,709,170,87,126,38,1,0.2724,0.347,0.524,93.5,15.4,18.9,54.4,471
2025,Sal Frelick,29622,25,OF,MIL,594,152,76,63,12,19,0.2879,0.3509,0.4053,85.5,12.1,3.1,27.4,456
2025,Alex Bregman,17678,31,3B,BOS,495,118,64,62,18,1,0.2725,0.3596,0.4619,90.1,17.7,6.6,44.4,365
2025,Ronald Acuña Jr.,18401,27,OF,ATL,412,98,74,42,21,9,0.2899,0.4175,0.5178,92.7,13.3,15.7,52.5,236
2025,Michael Busch,26319,27,1B,CHC,592,137,78,90,34,4,0.2615,0.3429,0.5229,92.2,17,17.1,47.3,387
2025,Masyn Winn,27479,23,SS,STL,537,124,72,51,9,9,0.2525,0.3103,0.3625,88.3,16,4.8,34.6,393
2025,Bryce Harper,11579,32,OF,PHI,580,131,72,75,27,12,0.2615,0.3569,0.487,91.3,11.6,12.3,47.5,383
2025,Jacob Wilson,33266,23,SS,ATH,523,151,62,63,13,5,0.3107,0.3551,0.4444,84.6,8.8,2.2,24.7,450
2025,Mookie Betts,13611,32,OF,LAD,663,152,95,82,20,8,0.2581,0.3258,0.4058,89.1,18,5.5,35.8,531
2025,Hunter Goodman,29715,25,C,COL,579,150,73,91,31,1,0.2778,0.323,0.5204,90.8,17.3,12.8,46.9,390
2025,Tyler Soderstrom,27467,23,1B/OF,ATH,624,155,75,93,25,8,0.2763,0.3462,0.4742,91.6,7.9,11.4,49.8,422
2025,Dansby Swanson,18314,31,SS,CHC,645,144,84,77,24,20,0.2441,0.2997,0.4169,90.5,13.3,11.7,47.8,428
2025,Rafael Devers,17350,28,3B,2 Tms,729,153,99,109,35,1,0.2521,0.3717,0.4794,93.5,12.6,16,56.1,419
2025,James Wood,29518,22,OF,WSN,689,153,87,94,31,15,0.2559,0.3498,0.4749,94.3,6.3,16.3,56.3,380
2025,Xander Bogaerts,12161,32,SS,SDP,552,129,63,53,11,20,0.2627,0.3285,0.391,89,11.1,6.9,39.2,406
2025,Patrick Bailey,27478,26,C,SFG,452,91,47,55,6,1,0.2225,0.2768,0.3252,88.2,15.6,5.6,36.4,286
2025,Ernie Clement,20352,29,3B,TOR,588,151,83,50,9,6,0.2771,0.3133,0.3982,86.6,17.9,2.4,26,496
2025,Harrison Bader,18030,31,OF,2 Tms,501,124,61,54,17,11,0.2768,0.3473,0.4487,87.2,12.7,10.2,40.3,315
2025,Steven Kwan,24610,27,OF,CLE,693,170,81,56,11,21,0.272,0.3304,0.3744,86.2,15.6,1.9,19.3,575
2025,Zach McKinstry,19392,30,3B/OF,DET,511,117,68,49,12,19,0.2588,0.3333,0.4381,85.7,14.1,6.1,30.5,347
2025,Trent Grisham,18564,28,OF,NYY,581,116,87,74,34,3,0.2348,0.3477,0.4636,91.1,16.4,14.2,46.4,358
2025,Josh Naylor,18839,28,1B,2 Tms,604,160,81,92,20,30,0.2947,0.3533,0.4622,89.2,11.6,6.7,41.9,465
2025,CJ Abrams,25768,24,SS,WSN,635,149,92,60,19,31,0.2569,0.3155,0.4328,88.7,13.3,7.6,39.2,459
2025,Zach Neto,31347,24,SS,LAA,554,129,82,62,26,26,0.257,0.3188,0.4741,91,17.5,14,46.6,358
2025,Drake Baldwin,31539,24,C,ATL,446,111,56,80,19,0,0.2741,0.3408,0.4691,91.7,6.5,11,49.6,337
2025,Bryson Stott,26294,27,2B,PHI,560,128,66,66,13,24,0.2565,0.328,0.3908,87.6,14.9,5.1,29.5,414
2025,Ben Rice,29576,26,1B/DH,NYY,530,119,74,65,26,3,0.2548,0.3371,0.4989,93.3,14.2,15.4,56.1,369
2025,Austin Wells,27562,25,C,NYY,448,88,51,71,21,5,0.2195,0.2752,0.4364,90.6,20.7,10.2,45.2,294
2025,Ryan O'Hearn,16442,31,1B/DH,2 Tms,544,133,67,63,17,3,0.2806,0.3658,0.4367,89.4,11.4,7.6,42.5,369
2025,Jackson Merrill,29490,22,OF,SDP,483,116,59,67,16,1,0.2636,0.3174,0.4568,89.7,15.2,13,42.9,338
2025,Trevor Story,12564,32,SS,BOS,654,161,91,96,25,31,0.2631,0.3078,0.433,91.4,14.2,9.8,47,438
2025,Brandon Nimmo,12927,32,OF,NYM,652,154,81,92,25,13,0.2624,0.3241,0.4361,91.9,11.2,8.8,50.2,454
2025,Ramón Laureano,17128,30,OF,2 Tms,488,124,72,76,24,7,0.2812,0.3422,0.5125,90.3,13.4,13.8,49.1,326
2025,Jackson Chourio,28806,21,OF,MIL,589,148,88,78,21,21,0.2696,0.3078,0.4627,89.3,10.6,9.7,42.3,435
2025,Taylor Ward,17548,31,OF,LAA,663,132,86,103,36,4,0.228,0.3167,0.475,90.1,18,13.7,42.7,410
2025,Riley Greene,25976,24,OF,DET,655,155,84,111,36,2,0.2583,0.313,0.4933,89.9,15,17.1,45.5,404
2025,Max Muncy,13301,34,1B/3B,LAD,388,76,48,67,19,4,0.2428,0.3763,0.4696,91.3,19.6,13.6,51.5,235
2025,Jake Cronenworth,18036,31,1B/2B,SDP,515,103,61,59,11,3,0.2458,0.3667,0.3771,88.5,14.9,6.2,39,323
2025,Randy Arozarena,19290,30,OF,SEA,709,146,95,76,27,31,0.2382,0.3343,0.4258,91.3,12.9,11.5,50.6,427
2025,Yandy Díaz,16578,33,1B/3B,TBR,651,175,79,83,25,3,0.3002,0.3656,0.482,93,5,8.3,52.5,496
2025,TJ Friedl,19522,29,OF,CIN,685,151,82,53,14,12,0.2608,0.3642,0.3782,87.1,14.3,2.7,32.1,473
2025,Brendan Donovan,24679,28,2B/OF,STL,515,132,64,50,10,3,0.287,0.3528,0.4217,89.7,12.2,8.8,40.9,399
2025,Ian Happ,17919,30,OF,CHC,663,138,87,79,23,6,0.2425,0.3424,0.42,90,16.1,10.4,44.4,423
2025,J.P. Crawford,15491,30,SS,SEA,654,151,69,58,12,8,0.2649,0.3519,0.3702,87.2,11.5,4.8,34.7,455
2025,Willson Contreras,11609,33,C,STL,563,126,70,80,20,5,0.2571,0.344,0.4469,90.6,12.3,13.9,49,353
2025,Roman Anthony,31812,21,OF,BOS,303,75,48,32,8,4,0.2918,0.396,0.463,94.5,6.9,15.5,60.3,174
2025,Gabriel Moreno,22664,25,C,ARI,309,79,44,40,9,2,0.2852,0.3528,0.4332,90.4,14.4,7.1,43.4,226
2025,Colson Montgomery,29712,23,SS,CHW,284,61,43,55,21,0,0.2392,0.311,0.5294,89.4,18,14.5,44.5,173
2025,Iván Herrera,20599,25,C/DH,STL,452,110,54,66,19,8,0.2835,0.3733,0.4639,91.2,10.1,11,47.7,308
2025,Carlos Narváez,19722,26,C,BOS,446,97,51,50,15,1,0.2407,0.3063,0.4194,91.1,13.2,9.1,44.6,296
2025,Caleb Durbin,29646,25,3B,MIL,506,114,60,53,11,18,0.2562,0.334,0.3865,85.2,13.9,4,26.9,402
2025,Jorge Polanco,13152,31,2B/SS,SEA,524,125,64,78,26,6,0.2654,0.3263,0.4947,90.8,16.7,10.3,45.8,397
2025,Carson Kelly,13620,30,C,CHC,421,92,48,50,17,2,0.2493,0.3325,0.4282,88.8,16.4,9.6,40.3,293
2025,Carlos Correa,14162,30,SS,2 Tms,584,148,63,52,13,0,0.2756,0.3322,0.4022,90.5,7.3,6.8,45.9,425
2025,Isaac Collins,25477,27,OF,MIL,441,98,56,54,9,16,0.2634,0.3676,0.4113,88.8,12.2,4.9,38.9,285
2025,Seiya Suzuki,30116,30,DH/OF,CHC,651,140,75,103,32,5,0.2452,0.3257,0.4781,91.3,17.9,16.6,48.7,415
2025,Gleyber Torres,16997,28,2B,DET,628,136,79,74,16,4,0.2556,0.3583,0.3872,90,14.3,8.2,39,438
2025,Jonathan Aranda,21837,27,1B,TBR,422,117,56,59,14,0,0.3162,0.3934,0.4892,93,14.5,12.8,54.5,266
2025,Xavier Edwards,22266,25,2B/SS,MIA,619,159,75,43,3,27,0.2834,0.3425,0.3529,86.8,8.2,0.8,29.4,479
2025,Isaac Paredes,20036,26,3B,HOU,438,96,53,53,20,0,0.254,0.3516,0.4577,87.4,23,6.3,33.6,304
2025,Christian Yelich,11477,33,OF,MIL,644,151,88,103,29,16,0.2635,0.3432,0.452,90.2,1.9,10.3,46.4,407
2025,Wilyer Abreu,23772,26,OF,BOS,417,92,53,69,22,6,0.2466,0.3173,0.4692,90.8,23,12.3,44.9,276
2025,Brandon Marsh,20202,27,OF,PHI,425,106,59,43,11,7,0.2797,0.342,0.4433,91.1,12.6,8.3,46.4,276
2025,Jung Hoo Lee,33824,26,OF,SFG,617,149,73,55,8,10,0.2661,0.3274,0.4071,87.1,9.9,3.7,32,493
2025,Brent Rooker,19627,30,DH/OF,ATH,699,164,92,89,30,6,0.262,0.3352,0.4792,90.7,16.4,13.7,44.8,473
2025,Mike Yastrzemski,14854,34,OF,2 Tms,558,111,68,46,17,7,0.2327,0.3327,0.4025,90.8,20.4,8.5,42.6,376
2025,Spencer Torkelson,27465,25,1B,DET,649,135,82,78,31,2,0.2398,0.3328,0.4565,90.2,23.1,13.5,45.1,399
2025,Otto Lopez,19608,26,2B/SS,MIA,594,134,66,77,15,15,0.2463,0.3047,0.3676,88.5,8.4,7.1,38.3,465
2025,Brett Baty,26123,25,3B,NYM,432,100,53,50,18,8,0.2545,0.3132,0.4351,90.7,5.8,12.8,46.9,288
2025,Jake Meyers,20308,29,OF,HOU,381,100,53,24,3,16,0.2915,0.3536,0.3732,88.1,9.8,5,38.9,280
2025,Mauricio Dubón,16530,30,2B/OF,HOU,398,89,43,33,7,3,0.2412,0.2886,0.355,84.5,13.1,1.2,26.3,331
2025,Daulton Varsho,19918,28,OF,TOR,271,59,43,55,20,2,0.2379,0.2841,0.5484,89.9,23.5,15.9,40.3,176
2025,Addison Barger,24598,25,3B/OF,TOR,502,112,61,74,21,4,0.2435,0.3014,0.4543,91.7,11.9,11.4,51,341
2025,Jakob Marsee,31370,24,OF,MIA,234,61,28,33,5,14,0.2919,0.3632,0.4785,88.9,10.9,8,41.4,162
2025,Jose Altuve,5417,35,2B,HOU,654,156,80,77,26,10,0.2653,0.3292,0.4422,85.1,17.7,6.2,30.9,486
2025,Marcus Semien,12533,34,2B/SS,TEX,534,108,62,62,15,11,0.2298,0.3052,0.3638,88.3,19.4,6.7,35,386
2025,Jeff McNeil,15362,33,2B/OF,NYM,462,97,42,54,12,3,0.2431,0.3348,0.411,87.2,15.9,5.1,32.9,350
2025,Alec Burleson,27615,26,DH/OF,STL,546,144,54,69,18,5,0.2897,0.3425,0.4588,91,15.2,9.5,43,423
2025,José Caballero,23401,28,2B/SS,2 Tms,370,74,52,36,5,49,0.2357,0.3388,0.3471,86,17.4,5.9,30.6,222
2025,J.T. Realmuto,11739,34,C,PHI,550,129,57,52,12,8,0.257,0.3151,0.3845,90,11.1,8.8,45.5,376
2025,Ryan Jeffers,24618,28,C,MIN,464,108,47,47,9,1,0.266,0.3556,0.3966,89.3,15,6.3,42.1,316
2025,Tyler Heineman,13897,34,C,TOR,174,43,25,20,3,2,0.2886,0.3609,0.4161,84.4,19.1,3.2,22.4,125
2025,Sean Murphy,19352,30,C,ATL,337,58,34,45,16,0,0.1993,0.2997,0.4089,89.1,10.6,13.2,43.1,189
2025,Lawrence Butler,22542,24,OF,ATH,630,133,83,63,21,22,0.2337,0.3057,0.4042,90.5,9.2,9.2,44.4,392
2025,Ryan McMahon,15112,30,3B,2 Tms,586,109,62,53,20,3,0.2141,0.3123,0.3811,93.3,13.9,12.1,50.5,323
2025,Giancarlo Stanton,4949,35,DH/OF,NYY,281,68,36,66,24,0,0.2731,0.35,0.5944,94.4,17.5,22.1,55.2,154
2025,Jordan Westburg,27815,26,2B/3B,BAL,352,87,59,41,17,1,0.2652,0.3125,0.4573,90.2,14.1,11.2,43.4,249
2025,Kyle Teel,33549,23,C,CHW,297,69,38,35,8,3,0.2727,0.375,0.4111,88.3,14.4,9.6,37.6,178
2025,Jake Mangum,26202,29,OF,TBR,428,120,37,40,3,27,0.2963,0.3302,0.3679,87.3,-0.7,2.6,33.4,343
2025,Nathan Lukes,18123,30,OF,TOR,438,99,55,65,12,2,0.2552,0.3225,0.4072,87.9,11.2,4.7,37,338
2025,Francisco Alvarez,26121,23,C,NYM,277,63,32,32,11,0,0.2561,0.3394,0.4472,93.1,9.6,12.1,54.3,173
2025,Myles Straw,17620,30,OF,TOR,299,70,51,32,4,12,0.2622,0.3125,0.367,87.2,14.8,3.9,27.1,229
2025,Mike Trout,10155,33,OF,LAA,556,106,73,64,26,2,0.2325,0.3586,0.4386,90.9,17.5,15.8,49.3,284
2025,Josh Smith,26396,27,3B/SS,TEX,563,124,70,35,10,12,0.2505,0.3345,0.3657,87.2,12.7,5,31.1,399
2025,Brandon Lowe,18882,30,2B,TBR,553,130,79,83,31,3,0.2564,0.3074,0.4773,91.1,15.2,12.9,46.6,364
2025,Victor Scott II,31349,24,OF,STL,463,86,54,37,5,34,0.2161,0.3046,0.2965,86.1,15.2,3.7,26,300
2025,Alec Bohm,21618,28,3B,PHI,504,133,53,59,11,2,0.2866,0.3313,0.4095,90.8,6.8,6.2,46.4,388
2025,Spencer Horwitz,26477,27,1B,PIT,411,99,55,51,11,0,0.272,0.3528,0.4341,87.4,15.6,8.2,36,292
2025,Miguel Rojas,7802,36,SS,LAD,317,76,35,27,7,5,0.2621,0.3185,0.3966,87.6,12.9,4,31.2,247
2025,Wenceel Pérez,22857,25,OF,DET,383,84,47,43,13,8,0.2442,0.3081,0.4302,90.3,18.4,8.8,40.1,262
2025,Josh Jung,26299,27,3B,TEX,511,121,53,61,14,4,0.251,0.2935,0.39,89.3,12.8,8.2,46.7,353
2025,Austin Riley,18360,28,3B,ATL,447,108,54,54,16,2,0.2596,0.3087,0.4279,92.3,16.8,15.2,50.2,289
2025,Colt Keith,27899,23,2B,DET,468,106,65,45,13,1,0.256,0.3333,0.413,90,13.3,9.2,43.7,316
2025,Edmundo Sosa,17022,29,3B/SS,PHI,261,67,30,39,11,1,0.2757,0.3074,0.4691,87.7,9.4,6.3,38,192
2025,Luis Torrens,15905,29,C,NYM,283,59,20,29,5,1,0.2261,0.2837,0.3448,90.6,6.2,10.7,48.1,206
2025,Oneil Cruz,21711,26,SS/OF,PIT,544,94,62,61,20,38,0.1996,0.2978,0.3779,95.8,8.1,17.9,56.6,302
2025,Yainer Diaz,23003,26,C/DH,HOU,567,139,56,70,20,1,0.2565,0.284,0.417,89.9,10.2,9.6,42.2,450
2025,Pedro Pagés,25782,26,C,STL,389,83,38,45,11,0,0.2299,0.272,0.3629,88,12.4,7.3,36.5,260
2025,Luke Keaschall,33321,22,2B,MIN,207,55,25,28,4,14,0.3022,0.3816,0.4451,86.2,10.5,5.2,31.2,154
2025,Kerry Carpenter,25961,27,DH/OF,DET,464,109,66,62,26,1,0.2517,0.2913,0.4965,91.4,21,12.5,46.8,329
2025,Jared Triolo,25807,27,3B,PIT,376,75,41,24,7,13,0.2266,0.311,0.3565,89,14.7,6.2,38.2,259
2025,Vinnie Pasquantino,27676,27,1B/DH,KCR,682,164,72,113,32,1,0.2641,0.3226,0.475,90.9,16.3,10.8,44.7,519
2025,Dominic Canzone,26438,27,OF,SEA,268,73,30,32,11,3,0.3004,0.3582,0.4815,92.3,10.5,14.4,49.7,187
2025,Bo Naylor,21865,25,C,CLE,414,70,46,47,14,1,0.195,0.2822,0.3788,89.6,21.3,9.7,38.3,269
2025,Matt Shaw,33322,23,3B,CHC,437,89,57,44,13,17,0.2265,0.2952,0.3944,84.9,13.4,6.9,29.4,303
2025,Romy Gonzalez,21562,28,1B/2B,BOS,341,96,47,53,9,6,0.3048,0.3431,0.4825,93.3,5.5,12.6,57.3,239
2025,Evan Carter,27790,22,OF,TEX,220,48,31,25,5,14,0.2474,0.3364,0.3918,86.7,13.7,5.9,34.6,153
2025,Javier Báez,12979,32,SS,DET,437,107,55,57,12,5,0.2566,0.2821,0.3981,88.2,11.4,5.5,39.9,311
2025,Nolan Schanuel,33189,23,1B,LAA,564,129,64,53,12,5,0.2643,0.3529,0.3893,87.5,13.2,4.5,29,424
2025,Kody Clemens,20572,29,1B,2 Tms,386,74,46,52,19,5,0.2126,0.2812,0.4339,91.5,16.7,12,48.3,259
2025,Daylen Lile,29995,22,OF,WSN,351,96,51,41,9,8,0.2991,0.3467,0.4984,88.9,15,5.2,40.1,269
2025,Matt McLain,29695,25,2B,CIN,577,112,73,50,15,18,0.2196,0.2997,0.3431,88.8,16.3,7.7,40.7,350
2025,Ke'Bryan Hayes,18577,28,3B,2 Tms,570,124,50,49,5,12,0.2353,0.29,0.3055,89.3,8.5,4.5,42.5,418
2025,Mike Tauchman,15274,34,OF,CHW,385,88,44,40,9,0,0.2627,0.3558,0.4,89,16.5,6.8,38.8,250
2025,Michael Harris II,25931,24,OF,ATL,641,152,55,86,20,20,0.2488,0.2684,0.4092,90.2,7.4,9.1,43.4,494
2025,Joey Ortiz,25493,26,3B/SS,MIL,506,108,62,45,7,14,0.2298,0.276,0.317,84.9,13.3,3,32.8,402
2025,Matt Wallner,26466,27,OF,MIN,392,68,47,40,22,4,0.2024,0.3112,0.4643,91,21.1,13.8,45.5,224
2025,Lenyn Sosa,22896,25,2B,CHW,544,137,57,75,22,2,0.2645,0.2928,0.4344,90.7,18.4,10.4,43.8,395
2025,Miguel Vargas,20178,25,3B,CHW,569,118,80,60,16,6,0.2341,0.3163,0.4008,89.7,22.6,9.3,40.5,407
2025,Gavin Sheets,19901,29,DH/OF,SDP,545,124,57,71,19,2,0.252,0.3174,0.4289,89.9,14,9.5,46.5,389
2025,Chase Meidroth,31580,23,2B/SS,CHW,505,114,54,23,5,14,0.2533,0.3287,0.32,88.2,6.7,1.6,36.1,382
2025,Cedric Mullins,17929,30,OF,2 Tms,498,94,58,59,17,22,0.2161,0.299,0.3908,88.8,23.3,6.2,35.9,324
2025,Daniel Schneemann,25180,28,2B/OF,CLE,422,78,48,41,12,9,0.2058,0.2827,0.3536,88.9,10.9,11.4,41.7,264
2025,Ozzie Albies,16556,28,2B,ATL,667,145,74,74,16,14,0.2405,0.3058,0.3648,87.5,18.7,4.9,30.7,514
2025,Joey Bart,21524,28,C,PIT,332,71,21,30,4,1,0.2491,0.3554,0.3404,88.4,9,10.4,43.2,192
2025,Denzel Clarke,29858,25,OF,ATH,159,34,18,8,3,6,0.2297,0.2739,0.3716,90,4.1,6.7,42.7,89
2025,Davis Schneider,23565,26,2B/OF,TOR,227,44,33,31,11,3,0.234,0.3612,0.4362,90.8,24.2,14,41.1,129
2025,Danny Jansen,16535,30,C,2 Tms,337,62,38,36,14,0,0.2153,0.3214,0.3993,87.6,24,8.8,39,205
2025,Luis Robert Jr.,20043,27,OF,CHW,431,85,52,53,14,33,0.2225,0.2974,0.3639,89.4,18.2,10.2,41.6,274
2025,Jurickson Profar,10815,32,OF,ATL,371,78,56,43,14,9,0.2453,0.3531,0.434,89,20,7.3,40.3,259
2025,Heriberto Hernández,24878,25,DH/OF,MIA,294,68,40,45,10,1,0.2656,0.3469,0.4375,90.2,14.2,10.9,45.4,183
2025,Austin Hays,19363,29,OF,CIN,416,101,60,64,15,7,0.2658,0.3149,0.4526,88.8,14.6,10.4,38.4,279
2025,Jackson Holliday,31781,21,2B,BAL,649,142,70,55,17,17,0.2423,0.3143,0.3754,88.8,8.9,7.8,40.8,447
2025,Jo Adell,20220,26,OF,LAA,573,124,63,98,37,5,0.2357,0.293,0.4848,91.7,16.1,17.3,50,376
2025,Marcell Ozuna,10324,34,DH/OF,ATL,592,113,61,68,21,0,0.232,0.3553,0.4004,89.9,14.1,11.4,44.6,350
2025,Tommy Edman,19470,30,2B,LAD,377,78,49,49,13,3,0.2254,0.2739,0.3815,88.3,11.8,4.5,39.9,291
2025,Austin Hedges,12976,32,C,CLE,180,25,13,10,5,1,0.1613,0.25,0.2774,88.2,25.1,3.4,32.2,118
2025,Kyle Manzardo,29794,24,1B/DH,CLE,531,110,47,70,27,2,0.234,0.3126,0.4553,90.3,21.3,11.8,43.8,340
2025,Adley Rutschman,26288,27,C/DH,BAL,365,71,37,29,9,0,0.2205,0.3068,0.3665,89.4,13.7,7.5,38.6,267
2025,Kyle Isbel,21614,28,OF,KCR,409,94,42,33,4,4,0.2554,0.3005,0.3533,87.8,8.7,1.6,36.1,310
2025,Tyler Stephenson,17988,28,C,CIN,342,69,40,50,13,0,0.2308,0.3158,0.4214,90.5,12.9,14.4,49.2,187
2025,Christian Walker,13419,34,1B,HOU,640,139,72,88,27,2,0.2376,0.2969,0.4205,90.9,16.9,12.9,46.1,412
2025,Miguel Andujar,15878,30,3B/OF,2 Tms,341,102,36,44,10,1,0.3178,0.3519,0.4704,88,11,4.7,35.4,274
2025,Heliot Ramos,22515,25,OF,SFG,695,159,85,69,21,6,0.2565,0.3281,0.4,91.8,11.5,8.8,47.4,468
2025,Ramón Urías,18795,31,3B,2 Tms,391,85,33,44,11,3,0.2415,0.2916,0.3835,89.2,13.2,8,41.8,274
2025,Bryan Reynolds,19326,30,OF,PIT,654,144,68,73,16,3,0.2453,0.318,0.402,91.2,7.3,10.1,46,417
2025,Gabriel Arias,22563,25,SS,CLE,471,95,44,54,11,8,0.2199,0.2745,0.3634,90.2,6.1,11.3,43.3,275
2025,Jahmai Jones,18872,27,2B/DH/OF,DET,150,37,21,23,7,2,0.2868,0.3867,0.5504,91.5,20,13.4,53.6,97
2025,Alex Jackson,17276,29,C,BAL,100,20,17,8,5,0,0.2198,0.29,0.4725,88.3,14.3,14.8,40.7,54
2025,Noelvi Marte,26517,23,3B/OF,CIN,360,89,45,51,14,10,0.2625,0.3,0.4484,88.5,12.7,9,36.3,256
2025,Blaze Alexander,23789,26,3B,ARI,266,53,31,28,7,4,0.2304,0.3232,0.3826,90.2,7.3,12.8,43.2,148
2025,Nick Fortes,21538,28,C,2 Tms,242,50,19,21,5,1,0.2294,0.2958,0.3486,87.5,13.4,4.6,37.9,174
2025,Andrés Giménez,19950,26,2B,TOR,369,69,39,35,7,12,0.2097,0.2853,0.3131,86.3,11,3,27.7,267
2025,Jesús Sánchez,19913,27,OF,2 Tms,497,107,61,48,14,13,0.2373,0.3038,0.3947,91.3,9.3,11.1,43.4,343
2025,Cam Smith,35108,22,OF,HOU,493,104,55,51,9,8,0.2358,0.3124,0.3583,87.9,8.9,6.9,40.8,306
2025,Anthony Volpe,27647,24,SS,NYY,596,114,65,72,19,18,0.2115,0.2715,0.3915,89.3,12.4,10.5,41.9,399
2025,Jacob Young,29931,25,OF,WSN,364,75,34,31,2,15,0.2315,0.2958,0.287,87.6,3.8,1.9,34.2,269
2025,Liam Hicks,29844,26,C/1B,MIA,390,82,37,45,6,2,0.247,0.3463,0.3464,84.6,10.6,3.5,27.7,282
2025,Rob Refsnyder,13770,34,OF,BOS,209,49,29,30,9,3,0.2692,0.3541,0.4835,92,12.1,12.3,52.3,130
2025,Royce Lewis,20437,26,3B,MIN,403,89,36,52,13,12,0.2367,0.2829,0.3883,89.8,16.7,8.7,40.3,298
2025,Kyle Higashioka,5517,35,C,TEX,327,73,33,47,11,3,0.2409,0.2905,0.4026,88.9,17.2,8.6,39.1,233
2025,Graham Pauley,31363,24,3B,MIA,184,36,18,11,4,2,0.2236,0.3115,0.3665,86.6,17.3,5.5,35.4,127
2025,Austin Martin,27462,26,OF,MIN,181,44,22,7,1,11,0.2821,0.3743,0.3654,86.2,9.7,5.5,38.6,127
2025,Freddy Fermin,21840,30,C,2 Tms,347,80,32,26,5,1,0.2508,0.2971,0.3386,89.1,14.2,4.2,34.1,261
2025,Spencer Steer,26323,27,1B/OF,CIN,568,121,66,75,21,7,0.2377,0.3122,0.4106,87.3,18.8,7.6,33.2,383
2025,Austin Wynns,15271,34,C,2 Tms,110,30,13,21,6,0,0.2913,0.3211,0.5437,88.6,13,9.6,46.6,73
2025,Alex Call,19296,30,OF,2 Tms,322,72,43,31,5,2,0.2667,0.3608,0.3852,88.2,12.4,4.4,28.9,225
2025,Nick Gonzales,27490,26,2B,PIT,408,99,39,30,5,0,0.2598,0.299,0.3622,88.8,9.1,4.5,38.8,312
2025,Ty France,17982,30,1B,2 Tms,490,114,50,52,7,1,0.2568,0.3204,0.3604,89.5,10.5,7.7,44.2,364
2025,Luis Arraez,18568,28,1B/2B,SDP,675,181,66,61,8,11,0.2919,0.3273,0.3919,86.1,12.2,1.1,16.7,618
2025,Rhys Hoskins,16472,32,1B,MIL,328,66,30,43,12,2,0.2366,0.3323,0.4158,90.2,22.1,10.3,46.4,194
2025,Jordan Beck,31431,24,OF,COL,588,139,62,53,16,19,0.2579,0.3169,0.4156,87.4,12.8,9.6,38.5,366
2025,Nolan Arenado,9777,34,3B,STL,436,95,48,52,12,3,0.2369,0.289,0.3766,86.8,19,3.9,32.6,356
2025,Miguel Amaya,21693,26,C,CHC,103,27,14,25,4,0,0.2812,0.3137,0.5,86.4,18.6,6.6,32.9,76
2025,Victor Caratini,14968,31,C,HOU,386,89,35,46,12,1,0.2587,0.3238,0.4041,88.7,12.5,7.7,40.7,285
2025,Lars Nootbaar,21454,27,OF,STL,583,119,68,48,13,4,0.2338,0.3247,0.3615,91.3,16.5,10.2,50,394
2025,Ezequiel Tovar,24064,23,SS,COL,390,91,44,33,9,5,0.2528,0.2943,0.4,89.4,16.4,9.3,38.9,270
2025,Hyeseong Kim,35322,26,2B,LAD,170,45,19,17,3,13,0.2795,0.3136,0.3851,86,7,2.7,28.2,110
2025,Jake Bauers,15194,29,1B/OF,MIL,218,43,28,28,7,8,0.235,0.3532,0.3989,91.7,16.6,13.6,45.6,125
2025,Jeremiah Jackson,22239,25,3B/OF,BAL,183,47,20,21,5,0,0.2765,0.3279,0.4471,90.6,10.9,7.5,46.7,120
2025,Tyrone Taylor,13675,31,OF,NYM,341,69,34,27,2,12,0.2226,0.2789,0.3194,86.5,19.4,3.8,35.1,239
2025,Paul Goldschmidt,9218,37,1B,NYY,534,134,76,45,10,5,0.274,0.3277,0.4029,90.4,15.9,7.9,43.7,391
2025,Leo Rivas,21009,27,2B/SS,SEA,111,22,19,9,2,6,0.2444,0.3874,0.3333,86.3,13.1,3,19.7,66
2025,Lourdes Gurriel Jr.,19238,31,OF,ARI,546,124,52,80,19,10,0.248,0.2949,0.418,87.8,16.3,7.2,38.3,433
2025,Reese McGuire,15674,30,C,CHC,140,30,17,24,9,0,0.2256,0.2446,0.4436,85.1,15.7,9.2,36.7,109
2025,Adolis García,19287,32,OF,TEX,547,115,58,75,19,13,0.2268,0.2706,0.3945,92.1,16.3,11.6,46.7,379
2025,James McCann,12859,35,C,ARI,137,32,18,17,5,0,0.2602,0.3235,0.4309,92.3,8.3,7.6,52.2,92
2025,Adam Frazier,15223,33,2B/OF,2 Tms,459,112,43,44,7,8,0.2673,0.3188,0.3652,85.3,14.5,2,20.6,344
2025,Nick Allen,22277,26,SS,ATL,416,82,32,22,0,8,0.221,0.2843,0.2507,84.8,13.3,0,21.6,283
2025,Luis García Jr.,20391,25,2B,WSN,526,123,67,66,16,14,0.252,0.289,0.4119,90.2,9.2,9,45.8,413
2025,Joey Loperfido,29630,26,OF,TOR,104,32,12,14,4,1,0.3333,0.3786,0.5,87.3,11.7,5.7,37.1,70
2025,Javier Sanoja,28253,22,3B/OF,MIA,342,76,40,38,6,6,0.2428,0.287,0.3962,88.5,10.8,1.8,35,280
2025,Casey Schmitt,27577,26,2B/3B,SFG,348,74,34,40,12,0,0.2372,0.3055,0.4006,89.5,19.2,9,43.8,233
2025,Yoán Moncada,17232,30,3B,LAA,289,58,39,35,12,0,0.2339,0.3356,0.4476,89.8,15.1,14.3,43.4,175
2025,Chandler Simpson,31912,24,OF,TBR,441,122,53,26,0,44,0.2947,0.3257,0.3454,84.3,0.5,0,17.3,376
2025,Andruw Monasterio,19455,28,2B/3B,MIL,135,34,19,16,4,2,0.2698,0.3185,0.4365,87,20.8,5.3,35.1,94
2025,Ronny Mauricio,23698,24,2B/3B,NYM,184,38,19,10,6,4,0.2262,0.2935,0.369,91.2,12.7,8.8,43,114
2025,Isiah Kiner-Falefa,16512,30,SS,2 Tms,459,113,45,40,2,15,0.2622,0.2974,0.3341,84.6,4,1.4,27.5,360
2025,Pavin Smith,19892,29,1B/OF,ARI,288,63,36,28,8,2,0.2582,0.3624,0.4344,90.1,12.4,11.7,46.1,154
2025,Starling Marte,9241,36,OF,NYM,329,79,37,34,9,7,0.2696,0.3354,0.4096,87.6,10,7.8,40.4,230
2025,Eli White,19346,31,OF,ATL,271,60,43,35,10,10,0.2344,0.2704,0.4062,87.7,11.3,9,40.4,188
2025,Dylan Beavers,31695,23,OF,BAL,137,25,16,14,4,2,0.2273,0.375,0.4,88.8,21.2,9.3,28,75
2025,Derek Hill,16947,29,OF,2 Tms,149,29,19,11,3,7,0.2164,0.2808,0.3284,91.2,6.8,11.2,49.4,89
2025,Matt Thaiss,19318,30,C,2 Tms,190,34,16,16,1,1,0.2179,0.3492,0.2885,88.9,14.3,4.5,42.9,112
2025,Colton Cowser,29591,25,OF,BAL,360,64,36,40,16,14,0.1957,0.2694,0.3853,90.9,13.8,14.1,46,199
2025,Teoscar Hernández,13066,32,OF,LAD,546,126,65,89,25,5,0.2466,0.2844,0.454,90.2,9.9,11.5,46.1,382
2025,Jasson Domínguez,28080,22,OF,NYY,429,98,58,47,10,23,0.2572,0.331,0.3885,90.6,13,7,49.6,270
2025,Mickey Moniak,19956,27,OF,COL,461,117,62,68,24,9,0.2696,0.3059,0.5184,89.7,17.4,13.8,45.3,327
2025,Bryce Teodosio,29524,26,OF,LAA,150,28,12,7,1,7,0.2029,0.2483,0.3043,84.3,12.9,4.3,26.6,94
2025,Max Kepler,12144,32,OF,PHI,474,90,58,52,18,3,0.2158,0.3002,0.3909,90.8,16.3,11.6,44.7,329
2025,Andrew Vaughn,26197,27,1B/OF,2 Tms,447,103,35,65,14,0,0.2537,0.3072,0.4113,91.6,13.3,12,47.7,333
2025,Michael Helman,24605,29,OF,TEX,110,23,18,20,5,4,0.2323,0.2897,0.4545,82.7,19.6,8.6,24.7,81
2025,Max Schuemann,24488,28,SS,ATH,213,36,20,13,2,7,0.1967,0.2952,0.2732,87.3,12.4,2.6,32.9,152
2025,Willi Castro,17338,28,OF,2 Tms,454,91,58,33,11,10,0.2264,0.3135,0.3657,86.7,11.2,6.5,37.3,292
2025,Connor Norby,29592,25,3B,MIA,337,78,42,34,8,8,0.2508,0.2997,0.3891,88.3,15.9,9.4,37.1,224
2025,Yordan Alvarez,19556,28,DH/OF,HOU,199,45,17,27,6,1,0.2727,0.3668,0.4303,94.7,18.3,13.8,52.9,138
2025,Salvador Perez,7304,35,C,KCR,641,141,54,100,30,0,0.2362,0.2837,0.4456,90,18.1,14.8,46.7,473
2025,Thomas Saggese,27883,23,2B/SS,STL,295,71,25,25,2,3,0.2582,0.2993,0.3418,90.2,12.9,5.6,44.1,195
2025,Christian Koss,27653,27,2B,SFG,191,46,25,23,3,4,0.2644,0.3085,0.3678,86.9,5.5,6,33.6,134
2025,Alek Thomas,23792,25,OF,ARI,469,108,51,38,9,7,0.2494,0.2894,0.3695,89.6,4.2,7.8,39.3,321
2025,Marcelo Mayer,29668,22,3B,BOS,136,29,20,10,4,0,0.2283,0.2721,0.4016,90,6.7,9.2,51.7,87
2025,Amed Rosario,15518,29,SS,2 Tms,191,50,20,23,6,1,0.2762,0.3089,0.4365,91.2,9.9,6,45,151
2025,Brenton Doyle,25479,27,OF,COL,538,117,57,57,15,18,0.2331,0.2743,0.3765,89.9,9.8,10.8,44.6,370
2025,Johan Rojas,24336,24,OF,PHI,172,34,23,18,1,12,0.2237,0.2798,0.2895,87.9,7.4,3.4,35.3,119
2025,Blake Perkins,19921,28,OF,MIL,171,35,25,19,3,7,0.2258,0.2982,0.3484,89.6,6.2,3.7,34.3,108
2025,Mark Vientos,22184,25,3B/DH,NYM,463,99,44,61,17,1,0.2335,0.2894,0.4127,91.4,11.5,11.5,50.5,313
2025,Brayan Rocchio,23690,24,SS,CLE,383,80,34,44,5,8,0.2326,0.2902,0.3401,88,11,3.3,35.5,276
2025,Dominic Smith,15653,30,1B/OF,SFG,225,58,26,33,5,2,0.2843,0.3333,0.4167,87.7,15.1,4.2,35.5,166
2025,Andy Ibáñez,18819,32,2B/3B,DET,193,42,24,21,4,4,0.2386,0.3005,0.3523,88.9,12.6,4.6,36.4,151
2025,Luisangel Acuña,26548,23,2B,NYM,193,41,30,8,0,16,0.2343,0.2932,0.2743,87.9,3.4,1.4,35.5,141
2025,Ben Williamson,33197,24,3B,SEA,295,70,36,21,1,5,0.2527,0.2935,0.3105,88.3,3.1,3.3,40.5,215
2025,Elias Díaz,11680,34,C,SDP,283,52,34,29,9,0,0.2039,0.2698,0.3373,88.4,17.7,7.5,38.7,186
2025,Kyren Paris,26420,23,2B/OF,LAA,140,24,20,11,6,7,0.1905,0.2662,0.381,88.9,17.8,16.4,47.8,67
2025,Kameron Misner,26374,27,OF,TBR,217,42,27,22,5,8,0.2132,0.2731,0.3452,87.6,15,5.3,29.8,131
2025,Brooks Lee,31595,24,3B/SS,MIN,527,115,50,64,16,3,0.2361,0.2846,0.3696,88.6,13.2,5.8,38.5,400
2025,Jake Rogers,19452,30,C,DET,142,23,14,19,3,0,0.187,0.2766,0.3333,89.5,17.2,9.2,40.2,87
2025,Brandon Lockridge,21496,28,OF,2 Tms,148,31,17,11,0,10,0.2313,0.2759,0.2985,87.1,2.3,2.9,32,103
2025,Carlos Santana,2396,39,1B,2 Tms,474,91,49,54,11,7,0.2193,0.308,0.3253,87.6,16.7,4.9,37.8,328
2025,Jake Fraley,19260,30,OF,2 Tms,217,46,31,23,6,4,0.2408,0.3318,0.3822,85.2,17.8,4.9,34.5,142
2025,Jose Trevino,16725,32,C,CIN,302,67,30,22,4,0,0.2376,0.2724,0.3511,87.9,10.9,4.4,40.7,248
2025,Ha-Seong Kim,27506,29,SS,2 Tms,191,40,19,17,5,6,0.2339,0.3037,0.345,89.7,15.7,5.2,43.3,134
2025,Gavin Lux,19955,27,2B,CIN,503,120,49,53,5,1,0.2691,0.3499,0.3744,88.3,9.6,3.6,36.9,333
2025,Miles Mastrobuoni,20017,29,3B,SEA,175,38,20,12,1,6,0.25,0.3235,0.2961,88,6.2,2.3,36.4,129
2025,Rafael Marchán,21646,26,C,PHI,118,22,9,13,2,0,0.2095,0.2821,0.3048,85.6,11.1,2.2,22.2,90
2025,Christian Vázquez,9774,34,C,MIN,214,36,14,14,3,1,0.1895,0.271,0.2737,85.9,15.3,3.8,27.4,157
2025,Taylor Walls,22458,28,SS,TBR,317,62,36,38,4,14,0.2199,0.2803,0.3191,87,15.1,3.2,26.4,221
2025,DJ LeMahieu,9874,36,2B,NYY,142,34,13,12,2,0,0.2656,0.338,0.3359,91.7,4.1,4.3,51.6,93
2025,Coby Mayo,28312,23,1B,BAL,294,57,30,28,11,3,0.2167,0.2993,0.3878,87.3,20.7,10.1,36,179
2025,Yohel Pozo,18848,28,C/DH,STL,168,37,16,19,5,0,0.2312,0.2619,0.375,87.7,17.8,2.2,35.3,139
2025,Trevor Larnach,21501,28,DH/OF,MIN,567,126,62,60,17,4,0.2505,0.3233,0.4036,90.9,10.9,7.2,45.7,387
2025,Parker Meadows,23800,25,OF,DET,213,41,22,16,4,4,0.2147,0.2911,0.3298,86.9,12.5,5.1,30.9,136
2025,Sam Haggerty,18054,31,OF,TEX,182,41,31,13,2,12,0.2531,0.3278,0.3704,88.3,7,2.4,42.1,126
2025,Dylan Crews,33541,23,OF,WSN,322,61,43,27,10,17,0.2082,0.2795,0.3515,89.7,8.5,9.7,38.7,217
2025,Christian Moore,34979,22,2B,LAA,184,32,20,16,7,3,0.1975,0.2842,0.3704,88.9,14.6,6.9,36.3,102
2025,Troy Johnston,26143,28,1B/OF,MIA,121,31,12,13,4,2,0.2768,0.3306,0.4196,89.6,14.6,9.3,40.7,86
2025,Nacho Alvarez Jr.,31765,22,3B,ATL,208,44,18,15,2,0,0.234,0.2961,0.3298,84.9,17.8,1.4,26.8,142
2025,Andrew Benintendi,17901,30,OF,CHW,470,101,57,63,20,1,0.2405,0.307,0.431,88,20.1,11,36.9,344
2025,Luke Raley,19354,30,1B/OF,SEA,219,37,23,19,4,2,0.2022,0.3194,0.3115,89.5,9.8,10.6,42.3,123
2025,Ildemaro Vargas,13324,33,2B/3B,ARI,121,31,12,19,3,0,0.2696,0.2917,0.3826,89.2,3.3,3.9,37.3,102
2025,Paul DeJong,18015,31,SS,WSN,208,44,18,23,6,4,0.228,0.2692,0.3731,88.1,22.7,10.3,39.7,126
2025,CJ Kayfus,33704,23,1B/OF,CLE,138,27,16,19,4,4,0.2195,0.292,0.4146,88.7,16.4,9.2,36.8,87
2025,Tommy Pham,2967,37,OF,PIT,449,96,44,52,10,5,0.2449,0.3296,0.3699,91.6,6.9,6.6,47.2,303
2025,David Hamilton,27531,27,2B/SS,BOS,194,35,27,19,6,22,0.1977,0.2565,0.3333,86.6,14.3,6,27.8,133
2025,John Rave,26284,27,OF,KCR,175,30,18,14,4,7,0.1961,0.2832,0.3072,88.3,8.4,5.5,40,110
2025,Luis Urías,16622,28,2B/3B,ATH,330,66,27,25,8,2,0.23,0.315,0.338,86.2,14.5,3.7,30.2,245
2025,Tyler Fitzgerald,26208,27,2B/SS,SFG,243,47,19,14,4,9,0.2166,0.2785,0.3272,84.5,17,4.5,27.9,154
2025,Ryan Ritter,31500,24,2B/SS,COL,207,45,22,18,1,3,0.2406,0.2956,0.3369,85.2,7.4,1.5,30.5,131
2025,Oswaldo Cabrera,21707,26,3B/OF,NYY,122,26,17,11,1,0,0.243,0.3223,0.3084,89.1,8.8,0,34.5,84
2025,Drew Gilbert,31545,24,OF,SFG,109,19,12,13,3,1,0.19,0.2477,0.35,86.6,11.3,4.9,35.8,81
2025,Enmanuel Valdez,21716,26,2B,PIT,102,19,7,12,2,0,0.2088,0.2941,0.3626,89.8,15.7,8,42.7,75
2025,Curtis Mead,23986,24,2B/3B,2 Tms,264,56,26,19,3,5,0.2333,0.2992,0.3208,87.5,17.1,4.5,34.8,178
2025,Zach Dezenzo,31562,25,1B/OF,HOU,109,24,17,10,2,1,0.2449,0.3211,0.3673,89.3,17.5,16.4,41,61
2025,Nick Loftin,27630,26,2B/OF,KCR,188,35,17,20,4,1,0.2083,0.2781,0.3571,88.2,14,6.3,34,144
2025,Rowdy Tellez,15679,30,1B,2 Tms,312,66,34,49,17,1,0.2284,0.2756,0.4429,91.2,14.8,15.3,46.4,209
2025,Josh Bell,13145,32,1B,WSN,533,111,54,63,22,0,0.2372,0.3246,0.4167,90.4,10.4,12,47,383
2025,José Tena,23691,24,3B,WSN,169,37,19,16,0,3,0.2434,0.3136,0.3553,89.2,1.2,5.2,40.5,116
2025,Austin Slater,16153,32,OF,2 Tms,160,32,22,13,5,1,0.2162,0.2704,0.3716,92,7.7,14.3,48,98
2025,Luis Rengifo,19858,28,2B/3B,LAA,541,119,55,43,9,10,0.2375,0.287,0.3353,87.1,6.7,5,32.7,401
2025,Tim Tawa,29571,26,2B/OF,ARI,225,40,29,18,7,8,0.201,0.2735,0.3467,89.2,6.8,9.3,42.1,140
2025,Kyle Karros,33252,22,3B,COL,156,31,20,9,1,0,0.2263,0.3077,0.2774,87.9,12.3,1,33.7,98
2025,Will Benson,21853,27,OF,CIN,253,52,31,41,12,2,0.2261,0.2727,0.4348,92.4,16.1,15.4,53.8,169
2025,Colby Thomas,31855,24,OF,ATH,132,27,20,19,6,2,0.225,0.2672,0.4167,92.2,21.2,13.3,49.3,75
2025,Justyn-Henry Malloy,29606,25,DH/OF,DET,127,23,15,17,1,0,0.2212,0.3465,0.3077,86.9,20.5,4.1,31.1,74
2025,Ezequiel Duran,23733,26,3B,TEX,219,46,16,14,0,11,0.2244,0.2661,0.2927,85.3,15.2,2.6,30.9,152
2025,Matt Vierling,21558,28,OF,DET,100,21,6,11,1,2,0.2386,0.31,0.3068,92.2,20.4,12.1,45.5,66
2025,Agustín Ramírez,26546,23,C/DH,MIA,585,124,72,67,21,16,0.2309,0.2872,0.4134,90.8,8.3,11,47,428
2025,Alejandro Osuna,27915,22,OF,TEX,176,32,12,15,2,5,0.2119,0.3125,0.2781,88.9,12,5.9,37,119
2025,Adrian Del Castillo,29554,25,C/DH,ARI,131,29,9,17,4,0,0.2417,0.2901,0.3917,89.9,19,6.7,49.3,75
2025,Mitch Garver,15161,34,C/DH,SEA,290,53,29,30,9,3,0.2087,0.2966,0.3425,91.5,19.4,7.9,46.9,177
2025,Donovan Solano,8623,37,2B,2 Tms,179,41,10,21,3,0,0.247,0.2905,0.3373,87.4,12.7,3.9,37.5,128
2025,Dane Myers,22054,29,OF,MIA,333,72,29,31,6,18,0.2345,0.2913,0.3257,90.7,10.5,7.8,42,231
2025,Alan Roden,31564,25,OF,2 Tms,153,26,17,9,2,1,0.1912,0.2614,0.2941,86.4,2.3,2,30.4,102
2025,Jake Burger,22275,29,1B/3B,TEX,376,84,43,53,16,1,0.236,0.2686,0.4185,90.4,16.1,13.9,48.5,266
2025,Michael A. Taylor,11489,34,OF,CHW,325,59,33,35,9,8,0.2,0.2586,0.3661,90.8,17.9,10.5,42.9,191
2025,Willie MacIver,24641,28,C,ATH,111,19,7,9,3,3,0.1863,0.2523,0.3235,88.8,10.2,4,37.3,75
2025,Masataka Yoshida,31837,31,DH/OF,BOS,205,50,16,26,4,3,0.266,0.3073,0.3883,90.2,5.7,6.5,44,168
2025,Henry Davis,29617,25,C/OF,PIT,283,42,25,22,7,2,0.1667,0.2338,0.2778,88.6,23.3,11.5,37.4,182
2025,Dalton Rushing,31382,24,C,LAD,155,29,15,24,4,0,0.2042,0.2581,0.3239,90.8,17.2,14,45.3,86
2025,Dylan Moore,18042,32,2B/OF,2 Tms,243,44,35,25,11,14,0.2009,0.2675,0.3744,84.8,21.3,8.6,34.3,140
2025,Christopher Morel,21897,26,DH/OF,TBR,305,61,37,33,11,7,0.2194,0.2885,0.3957,91.8,17,14.8,49.7,169
2025,Chas McCormick,19599,30,OF,HOU,116,21,13,5,1,2,0.21,0.2793,0.29,85.8,21.9,5.3,29.3,75
2025,Josh Lowe,19953,27,OF,TBR,435,87,56,40,11,18,0.2197,0.2834,0.3662,88.6,9.3,5.9,39.6,290
2025,Andrew McCutchen,9847,38,OF,PIT,551,114,51,57,13,1,0.239,0.3333,0.3669,89.5,14.5,8.3,42.5,362
2025,Darell Hernaiz,26224,23,3B/SS,ATH,197,40,17,16,2,3,0.2312,0.2923,0.3064,85,6.3,3.2,30.1,156
2025,Gary Sánchez,11442,32,C,BAL,101,21,13,24,5,0,0.2308,0.297,0.4176,93.3,18.4,10.8,57.8,65
2025,Jake McCarthy,21622,27,OF,ARI,222,42,18,20,4,6,0.2039,0.2466,0.3447,84.7,6.5,5.3,27.6,170
2025,Nick Sogard,25483,27,2B,BOS,104,25,13,9,0,2,0.2604,0.3173,0.3438,86,11.6,5.6,34.7,72
2025,JJ Bleday,26368,27,OF,ATH,344,65,48,39,14,1,0.2117,0.2936,0.4039,88.7,20.5,7.8,38.7,217
2025,Angel Martínez,26540,23,OF,CLE,484,100,56,45,11,8,0.2242,0.2693,0.3587,87.1,18.4,3.5,29.3,345
2025,Enrique Hernández,10472,33,OF,LAD,256,47,30,35,10,0,0.2026,0.2549,0.3664,90.3,16.3,9.4,37.6,170
2025,Taylor Trammell,19960,27,OF,HOU,135,23,15,12,3,3,0.1966,0.2963,0.3333,91,15.5,7.8,40.3,77
2025,Edgar Quero,28022,22,C/DH,CHW,403,98,31,36,5,0,0.2685,0.3325,0.3562,90.4,6.8,3.7,46.3,296
2025,Brooks Baldwin,31394,24,OF,CHW,328,72,32,38,11,5,0.24,0.2901,0.4067,90.4,14.8,10.9,40.9,220
2025,Cooper Hummel,19458,30,DH/OF,2 Tms,105,15,10,7,3,1,0.1705,0.2981,0.2727,92,11.3,12.1,37.9,58
2025,Kristian Campbell,33644,23,2B,BOS,263,51,24,21,6,2,0.2227,0.3194,0.345,88.6,4.7,5.1,41.8,158
2025,Nolan Gorman,22263,25,2B,STL,402,72,48,46,14,1,0.2051,0.296,0.3704,89.6,22.3,9.1,41.1,219
2025,Otto Kemp,31792,25,1B/3B,PHI,218,46,26,28,8,2,0.2335,0.2982,0.4112,89.9,11.5,12.1,44.7,132
2025,Victor Robles,18363,28,OF,SEA,114,26,12,9,1,6,0.2453,0.2807,0.3302,85.4,6.8,4.9,23.2,82
2025,Luis Matos,26467,23,OF,SFG,184,38,26,22,8,4,0.2209,0.2663,0.4244,88,14.1,7.5,37.7,146
2025,Jose Iglesias,10231,35,SS,SDP,343,70,29,36,3,5,0.2288,0.2979,0.2941,84,3.9,2,28.5,256
2025,Wilmer Flores,5827,33,1B,SFG,463,101,44,71,16,1,0.2411,0.3067,0.3795,85.9,18.8,4.8,26.9,334
2025,Will Wagner,29634,26,2B/3B,2 Tms,149,29,15,7,0,1,0.2248,0.3243,0.2791,86.8,9.1,2,41.2,102
2025,Samuel Basallo,28824,20,C,BAL,118,18,10,15,4,0,0.1651,0.2288,0.3303,89.1,13.8,8.9,43,79
2025,Thairo Estrada,16426,29,2B,COL,165,39,14,21,3,1,0.2532,0.2848,0.3701,86.3,7,3.1,30.5,131
2025,Jonathan India,21523,28,2B,KCR,567,116,63,45,9,0,0.2334,0.3233,0.3461,87.9,17.1,5.8,36.8,394
2025,Brady House,29993,22,3B,WSN,274,61,26,29,4,5,0.2337,0.2518,0.3218,89.8,5.8,4.3,46.3,188
2025,Jonatan Clase,26599,23,OF,TOR,112,21,10,9,2,3,0.21,0.2883,0.3,86,17.4,6.8,35.6,73
2025,Zack Gelof,29766,25,2B,ATH,101,16,12,7,2,1,0.1739,0.23,0.2717,88.1,15.2,12.5,47.9,48
2025,Cole Young,31680,21,2B,SEA,257,47,24,24,4,1,0.2108,0.302,0.3049,87.6,17.2,5.6,31.1,180
2025,Cody Freeman,25629,24,2B,TEX,121,26,13,15,3,1,0.2281,0.2583,0.3421,84.9,10.6,4.1,25.8,97
2025,Jose Herrera,17040,28,C,ARI,204,31,21,17,2,0,0.1867,0.285,0.259,83.9,16.2,0.8,22.6,133
2025,Justin Turner,5235,40,3B,CHC,191,37,14,18,3,2,0.2189,0.288,0.3136,88.3,17.9,3.7,30.9,136
2025,Emmanuel Rivera,19890,29,3B,BAL,127,30,5,13,0,1,0.25,0.2913,0.2833,86.7,11.6,1,32.3,96
2025,Carson Williams,30038,22,SS,TBR,106,17,11,12,5,2,0.1717,0.219,0.3535,85.9,8,8.9,35.7,56
2025,Travis d'Arnaud,7739,36,C,LAA,231,42,16,21,6,0,0.1972,0.2554,0.3427,88.2,17.9,11.4,37.9,140
2025,Brendan Rodgers,17907,28,2B,HOU,128,22,12,11,2,0,0.1913,0.2656,0.2783,90.5,10.8,14.3,48.6,70
2025,Santiago Espinal,19997,30,2B/3B,CIN,328,73,25,16,0,2,0.2425,0.2923,0.2824,86.5,15.1,0.7,25.7,268
2025,Tyler Wade,15730,30,2B/OF,SDP,127,22,13,9,0,1,0.2056,0.3089,0.2523,82.6,8.3,0,15,80
2025,Jorge Soler,14221,33,DH/OF,LAA,315,60,31,34,12,0,0.2151,0.293,0.3871,89.7,13.8,12.8,42,188
2025,Tyler O'Neill,15711,30,OF,BAL,209,36,22,26,9,4,0.1989,0.2919,0.3923,88.8,22.2,16.5,39.1,133
2025,Nathaniel Lowe,19566,29,1B,2 Tms,609,123,64,84,18,1,0.2278,0.3071,0.3815,89,10.9,7,41.5,386
2025,Chris Taylor,13757,34,OF,2 Tms,125,21,15,12,2,2,0.1858,0.256,0.3009,85.9,18.6,6.9,36.1,72
2025,Dylan Carlson,20126,26,OF,BAL,241,44,17,20,6,3,0.2028,0.278,0.3364,88.4,16.7,6.7,30.5,164
2025,Gio Urshela,10681,33,3B,ATH,197,43,10,20,0,0,0.2376,0.2872,0.326,86.9,10.6,2.1,34,144
2025,Ryan Mountcastle,18373,28,1B,BAL,357,83,34,35,7,3,0.25,0.2857,0.3675,90.7,9.1,11.7,47.1,240
2025,Max Muncy,29779,22,2B/3B,ATH,220,44,17,23,9,1,0.2136,0.2591,0.3786,87.1,9.3,10.1,32.4,139
2025,Eric Wagaman,23395,27,1B,MIA,514,119,56,53,9,4,0.25,0.2957,0.3782,91,10.6,6.8,46.5,381
2025,Warming Bernabel,26536,23,1B,COL,146,35,15,14,4,1,0.2518,0.2877,0.4101,85.4,13.2,2.6,32.5,114
2025,Weston Wilson,19358,30,OF,PHI,125,22,15,17,5,2,0.1982,0.2823,0.3694,89.4,14.4,10.3,41,78
2025,Hunter Feduccia,23372,28,C,2 Tms,105,13,5,8,0,1,0.1477,0.2667,0.2045,87.6,16.3,8.2,32.8,61
2025,Randal Grichuk,10243,33,OF,2 Tms,293,62,35,27,9,0,0.2279,0.273,0.4007,92.4,17.6,11.7,49.5,214
2025,Michael Massey,27684,27,2B,KCR,277,64,20,20,3,2,0.2443,0.2681,0.313,87.5,22.2,4,33,224
2025,Jon Berti,12037,35,3B,CHC,107,21,12,2,0,11,0.21,0.2617,0.23,87.5,1.5,2.6,37.2,78
2025,Matt Mervis,27845,27,1B/DH,MIA,134,21,15,14,7,0,0.175,0.2537,0.3833,88.3,22.3,8.5,38,71
2025,Nolan Jones,20529,27,OF,CLE,403,75,34,34,5,8,0.2113,0.296,0.3042,90.8,13,8.5,46.7,246
2025,Ben Rortvedt,20287,27,C,2 Tms,128,17,9,10,1,0,0.1518,0.24,0.2054,81.2,13.6,3.3,19.6,92
2025,Nick Martini,12005,35,DH/OF,COL,111,23,9,4,1,0,0.2255,0.2883,0.2941,85.7,14.6,3.6,31,84
2025,Robert Hassell III,27482,23,OF,WSN,206,44,22,18,3,4,0.2234,0.2573,0.3147,88.6,7.2,8.1,40.7,135
2025,Alexander Canario,22842,25,OF,PIT,234,47,25,20,6,3,0.2176,0.2735,0.338,87.4,10.5,12.4,43.8,137
2025,Braxton Fulford,29704,26,C,COL,120,23,11,16,1,1,0.213,0.2667,0.3241,87.3,19.8,5.3,38.7,75
2025,Jonah Heim,16930,30,C,TEX,433,84,38,43,11,3,0.2127,0.2708,0.3316,88.1,14.5,6.1,35.9,312
2025,James Outman,24770,28,OF,2 Tms,148,18,19,11,6,1,0.1343,0.2162,0.3209,88,18,16.9,39.4,71
2025,Lane Thomas,16939,29,OF,CLE,142,20,10,11,4,4,0.16,0.2465,0.272,87.8,23.5,4.8,31.3,83
2025,Jack Suwinski,22244,26,OF,PIT,178,22,15,10,3,7,0.1467,0.2809,0.2533,88.8,16.7,11.8,38.7,93
2025,Nick Castellanos,11737,33,3B/OF,PHI,589,137,72,72,17,4,0.2505,0.2937,0.4004,87.8,15.2,7.6,34.5,420
2025,David Fry,24934,29,DH,CLE,157,25,16,23,8,1,0.1712,0.2293,0.363,88.7,23,9.1,39.8,88
2025,Riley Adams,19864,29,C,WSN,286,49,29,24,8,1,0.1863,0.2517,0.308,91.8,9.1,10.5,52.3,153
2025,Michael Conforto,16376,32,OF,LAD,486,83,54,36,12,1,0.1986,0.3045,0.3325,89.9,12.9,9.7,44,300
2025,Drew Waters,20505,26,OF,KCR,219,50,21,14,1,5,0.2427,0.2877,0.3155,86,9.1,4.1,28.8,146
2025,Triston Casas,22514,25,1B,BOS,112,18,5,11,3,0,0.1818,0.2768,0.303,87.6,15.1,9.7,44.4,72
2025,Christian Encarnacion-Strand,30011,25,1B,CIN,137,27,13,19,6,0,0.2077,0.2336,0.3769,87.9,21,9,44,100
2025,Mark Canha,11445,36,OF,KCR,125,24,9,6,1,0,0.2124,0.272,0.2655,86.6,19.9,2.2,33,91
2025,Kevin Newman,17696,31,2B/SS,LAA,116,23,13,11,2,1,0.2018,0.2087,0.2719,86.6,9.2,2.2,29.3,92
2025,Abraham Toro,19844,28,2B/3B,BOS,284,62,33,27,7,2,0.2394,0.2887,0.3707,86.3,13.4,4.5,34.2,222
2025,Tyler Locklear,31396,24,1B,ARI,116,18,11,6,3,3,0.1748,0.2672,0.2621,87.9,7,6.7,41.7,60
2025,Joshua Palacios,19818,29,OF,CHW,145,26,11,9,3,0,0.2031,0.2917,0.3047,88.3,11,8.6,39.8,93
2025,Jonah Bride,24703,29,1B/3B,2 Tms,125,19,7,5,0,0,0.1696,0.248,0.1875,87.3,11.4,2.7,28.4,74
2025,Connor Wong,19896,29,C,BOS,188,32,16,7,0,2,0.1905,0.262,0.2381,85.5,10.4,3.1,31,129
2025,Mickey Gasper,24759,29,C/DH,MIN,110,15,15,11,2,2,0.1579,0.2569,0.2316,87.8,19.4,1.3,31.2,77
2025,Tyler Freeman,22532,26,OF,COL,428,106,50,31,2,18,0.2812,0.3545,0.3607,90.1,7.9,2.1,40.4,332
2025,Yanquiel Fernández,28552,22,DH/OF,COL,147,31,13,11,4,0,0.2246,0.2653,0.3478,88.6,8,8.4,36.8,95
2025,Martín Maldonado,6887,38,C,SDP,161,30,11,12,4,0,0.2041,0.2452,0.3265,86,16.1,9.4,28.1,96
2025,Joc Pederson,11899,33,OF,TEX,306,48,28,26,9,2,0.1811,0.2852,0.3283,91.2,16.9,9.5,44.8,201
2025,Leody Taveras,18900,26,OF,2 Tms,180,35,13,17,3,9,0.2047,0.226,0.3041,88.5,21.2,6.4,35.2,125
2025,Edouard Julien,27534,26,2B,MIN,208,40,13,12,3,0,0.2198,0.3092,0.3242,89.2,6.1,12.2,42.3,123
2025,Logan O'Hoppe,24729,25,C,LAA,451,90,35,43,19,2,0.2128,0.2578,0.3712,90.9,17.3,13.3,46.9,286
2025,Oswald Peraza,22823,25,3B,2 Tms,265,40,24,20,5,9,0.1639,0.2235,0.25,87.1,8,6.7,38.8,165
2025,Orlando Arcia,13185,30,SS,2 Tms,214,41,13,13,3,0,0.202,0.2383,0.2906,87.4,7,2.5,33.8,157
2025,Adael Amador,27962,22,2B,COL,128,20,5,10,1,1,0.177,0.256,0.2655,84.8,15.2,3.4,24.7,89
2025,Trey Sweeney,29575,25,SS,DET,326,58,36,32,6,3,0.1959,0.2577,0.2905,87.9,11.9,6.7,35.1,208
2025,Alex Verdugo,17027,29,OF,ATL,213,47,21,12,0,1,0.2386,0.2958,0.2893,89.9,9.9,3,42.8,166
2025,Hunter Renfroe,15464,33,OF,KCR,108,18,5,4,0,0,0.1818,0.2407,0.2424,88.5,17,6.3,35.4,79
2025,Anthony Santander,14551,30,OF,TOR,221,34,16,18,6,0,0.1753,0.2715,0.2938,89.6,18.5,4.5,41,134
2025,Vinny Capra,25040,28,3B,2 Tms,105,12,10,6,1,2,0.125,0.1569,0.1771,85.9,11.2,2.6,32.9,76
2025,Keibert Ruiz,19610,26,C,WSN,267,63,19,25,2,0,0.2471,0.2772,0.3176,86.2,11.3,2.2,30.9,230
2025,Kyle Farmer,14813,34,2B/SS,COL,300,63,24,31,8,0,0.2274,0.28,0.3646,87,15.3,6.1,35.2,213
2025,Jhonkensy Noel,24257,23,OF,CLE,153,24,19,13,6,0,0.1622,0.183,0.2973,90.3,13.8,6.2,41.2,97
2025,Heston Kjerstad,31166,26,OF,BAL,167,30,16,19,4,1,0.1923,0.2395,0.3269,88.8,12.7,8,41.1,112
2025,Jordan Walker,27475,23,OF,STL,396,78,40,41,6,10,0.2149,0.2778,0.3058,92.3,10.3,10.9,50,238
2025,Josh Rojas,19734,31,2B/3B,CHW,211,34,14,11,2,4,0.1799,0.2524,0.2593,89.6,13.4,3.5,36.8,144
2025,Jacob Stallings,13723,35,C,2 Tms,129,16,5,9,0,0,0.1345,0.1953,0.1681,85,10.6,1.3,26.3,80
2025,LaMonte Wade Jr.,18126,31,1B/OF,2 Tms,242,35,19,18,2,1,0.1675,0.2708,0.2536,89.7,21.9,4.5,31.8,154
2025,Jac Caglianone,35041,22,OF,KCR,232,33,19,18,7,1,0.1571,0.2371,0.2952,89.4,4.1,12,42.4,158
2025,Michael Toglia,25845,26,1B,COL,337,58,22,32,11,3,0.1895,0.2582,0.3529,89.9,17.7,10.2,43.2,176
