Season,PlayerName,playerid,Age,position,Team,PA,H,R,RBI,HR,SB,AVG,OBP,SLG
2013,Mike Trout,10155,21,OF,LAA,716,190,109,97,27,33,0.3226,0.4316,0.5569
2013,Miguel Cabrera,1744,30,1B/3B,DET,652,193,103,137,44,3,0.3477,0.4417,0.636
2013,Andrew McCutchen,9847,26,OF,PIT,674,185,97,84,21,27,0.3173,0.4036,0.5077
2013,Josh Donaldson,5038,27,3B,OAK,668,174,89,93,24,5,0.3005,0.3838,0.4991
2013,Matt Carpenter,8090,27,3B,STL,717,199,126,78,11,3,0.3179,0.3922,0.4808
2013,Yadier Molina,7007,30,C,STL,541,161,68,80,12,3,0.3188,0.3586,0.4772
2013,Chris Davis,9272,27,1B,BAL,673,167,103,138,53,4,0.286,0.37,0.6336
2013,Carlos Gómez,4881,27,OF,MIL,590,152,80,73,24,40,0.2836,0.3379,0.5056
2013,Buster Posey,9166,26,C,SFG,595,153,61,72,15,2,0.2942,0.3714,0.45
2013,Jonathan Lucroy,7870,27,C,MIL,580,146,59,82,18,9,0.2802,0.3397,0.4549
2013,Shin-Soo Choo,3174,30,OF,CIN,712,162,107,54,21,20,0.2847,0.4231,0.4622
2013,Paul Goldschmidt,9218,25,1B,ARI,710,182,103,125,36,15,0.3023,0.4006,0.5515
2013,Robinson Canó,3269,30,2B,NYY,681,190,81,107,27,7,0.314,0.3833,0.5157
2013,Joey Votto,4314,29,1B,CIN,726,177,101,73,24,6,0.3046,0.4353,0.4905
2013,David Wright,3787,30,3B,NYM,492,132,63,58,18,17,0.307,0.3902,0.514
2013,Evan Longoria,9368,27,3B,TBR,693,165,91,88,32,1,0.2687,0.3434,0.4984
2013,Jason Kipnis,9776,26,2B,CLE,658,160,86,84,17,30,0.2837,0.366,0.4521
2013,Joe Mauer,1857,30,C/1B,MIN,508,144,62,47,11,0,0.3236,0.4035,0.4764
2013,Manny Machado,11493,20,3B,BAL,710,189,88,71,14,6,0.2834,0.3138,0.4318
2013,Freddie Freeman,5361,23,1B,ATL,629,176,89,109,23,1,0.3194,0.3959,0.5009
2013,Russell Martin,4616,30,C,PIT,506,99,51,55,15,9,0.226,0.3267,0.3767
2013,Hanley Ramirez,8001,29,SS,LAD,336,105,62,57,20,10,0.3454,0.4018,0.6382
2013,Troy Tulowitzki,3531,28,SS,COL,512,139,72,82,25,1,0.3117,0.3906,0.5404
2013,Adam Jones,6368,27,OF,BAL,689,186,100,108,33,14,0.2848,0.3179,0.4931
2013,Adrian Beltré,639,34,3B,TEX,690,199,88,92,30,1,0.3154,0.371,0.5087
2013,Dustin Pedroia,8370,29,2B,BOS,724,193,91,84,9,17,0.3011,0.3715,0.415
2013,Shane Victorino,1677,32,OF,BOS,532,140,82,61,15,21,0.2935,0.3506,0.4507
2013,Jacoby Ellsbury,4727,29,OF,BOS,636,172,92,53,9,52,0.2981,0.355,0.4263
2013,Carlos González,7287,27,OF,COL,436,118,72,70,26,21,0.3018,0.367,0.5908
2013,Hunter Pence,8252,30,OF,SFG,687,178,91,99,27,22,0.283,0.3392,0.4833
2013,Yan Gomes,9627,25,C,CLE,322,86,45,38,11,2,0.2935,0.3447,0.4812
2013,Jayson Werth,1327,34,OF,WSN,532,147,84,82,25,10,0.3182,0.3985,0.5325
2013,Alex Gordon,5209,29,OF,KCR,700,168,90,81,20,11,0.2654,0.3271,0.4218
2013,Ian Desmond,6885,27,SS/OF,WSN,655,168,77,80,20,21,0.28,0.3308,0.4533
2013,Starling Marte,9241,24,OF,PIT,566,143,83,35,12,41,0.2804,0.3429,0.4412
2013,Kyle Seager,9785,25,3B,SEA,695,160,79,69,22,9,0.2602,0.3381,0.426
2013,Ben Zobrist,7435,32,2B/OF,TBR,698,168,77,71,12,11,0.2745,0.3544,0.402
2013,Brandon Belt,10264,25,1B,SFG,571,147,76,67,17,5,0.2888,0.3596,0.4813
2013,José Bautista,1887,32,OF,TOR,528,117,82,73,28,7,0.2588,0.358,0.4978
2013,Bryce Harper,11579,20,OF,WSN,497,116,71,58,20,11,0.2736,0.3684,0.4858
2013,Jay Bruce,9892,26,OF,CIN,697,164,89,109,30,7,0.262,0.329,0.4776
2013,Marlon Byrd,950,35,OF,2 Tms,579,155,75,88,24,2,0.2914,0.3356,0.5113
2013,Jean Segura,5933,23,2B/SS,MIL,623,173,74,49,12,44,0.2942,0.3285,0.4235
2013,Edwin Encarnación,2151,30,1B/3B/DH,TOR,621,144,90,104,36,7,0.2717,0.3704,0.534
2013,Matt Holliday,1873,33,OF,STL,602,156,103,94,22,6,0.3,0.3887,0.4904
2013,Yasiel Puig,14225,22,OF,LAD,432,122,66,42,19,11,0.3194,0.3912,0.534
2013,Colby Rasmus,9893,26,OF,TOR,458,115,57,66,22,0,0.2758,0.3384,0.5012
2013,Juan Uribe,454,34,3B/SS,LAD,426,108,47,50,12,5,0.2784,0.331,0.4381
2013,Jason Castro,8722,26,C,HOU,491,120,63,56,18,2,0.2759,0.3503,0.4851
2013,Chase Utley,1679,34,2B,PHI,531,135,73,69,18,8,0.2836,0.3484,0.4748
2013,Coco Crisp,1572,33,OF,OAK,584,134,93,66,22,21,0.2612,0.3351,0.4444
2013,Stephen Drew,4251,30,SS,BOS,501,112,57,67,13,6,0.2534,0.3333,0.4434
2013,Jhonny Peralta,1738,31,SS,DET,448,124,50,55,11,3,0.3032,0.3579,0.4572
2013,Andrelton Simmons,10847,23,SS,ATL,658,150,76,59,17,6,0.2475,0.2956,0.396
2013,Justin Upton,5222,25,OF,ATL,643,147,94,70,27,8,0.2634,0.3536,0.4642
2013,Chase Headley,4720,29,3B,SDP,600,130,59,50,13,8,0.25,0.3467,0.4
2013,David Ortiz,745,37,DH,BOS,600,160,84,103,30,4,0.3089,0.395,0.5637
2013,Jed Lowrie,4418,29,2B/SS,OAK,662,175,80,75,15,1,0.2902,0.3445,0.4461
2013,Andre Ethier,6265,31,OF,LAD,553,131,54,52,12,4,0.2718,0.3599,0.4232
2013,Mike Napoli,3057,31,C/1B,BOS,578,129,79,92,23,1,0.259,0.3599,0.4819
2013,Brian McCann,4810,29,C,ATL,402,91,43,57,20,0,0.2556,0.3358,0.4607
2013,Gerardo Parra,8553,26,OF,ARI,663,161,79,48,10,10,0.2679,0.3232,0.4027
2013,Brett Gardner,9927,29,OF,NYY,609,147,81,52,8,24,0.2727,0.3439,0.4156
2013,Austin Jackson,9848,26,OF,DET,614,150,99,49,12,8,0.2717,0.3372,0.4167
2013,J.J. Hardy,3797,30,SS,BAL,644,158,66,76,25,2,0.2629,0.3058,0.4326
2013,Salvador Perez,7304,23,C,KCR,526,145,48,79,13,0,0.2923,0.3232,0.4335
2013,Denard Span,8347,29,OF,WSN,662,170,75,47,4,20,0.2787,0.3267,0.3803
2013,Eric Hosmer,3516,23,1B,KCR,680,188,86,79,17,11,0.3018,0.3535,0.4478
2013,Daniel Murphy,4316,28,1B/2B,NYM,697,188,92,78,13,23,0.2857,0.3185,0.4149
2013,Chris Johnson,1191,28,3B,ATL,547,165,54,68,12,0,0.321,0.3583,0.4572
2013,Jason Heyward,4940,23,OF,ATL,440,97,67,38,14,2,0.2539,0.3493,0.4267
2013,Desmond Jennings,1965,26,OF,TBR,602,133,82,54,14,20,0.2524,0.3339,0.4137
2013,Torii Hunter,731,37,OF,DET,652,184,90,84,17,3,0.3036,0.3344,0.4653
2013,Craig Gentry,9571,29,OF,TEX,287,69,39,22,2,24,0.2805,0.3732,0.3862
2013,Yunel Escobar,4191,30,3B/SS,TBR,578,130,61,56,9,4,0.2559,0.3322,0.3661
2013,Todd Frazier,785,27,3B,CIN,600,124,63,73,19,6,0.2335,0.3144,0.4068
2013,Leonys Martin,11846,25,OF,TEX,508,119,66,49,8,36,0.2604,0.3125,0.3851
2013,Everth Cabrera,8155,26,SS,SDP,435,108,54,31,4,37,0.2835,0.3553,0.3806
2013,Brian Dozier,9810,26,2B,MIN,623,136,72,66,18,14,0.2437,0.3118,0.414
2013,Alex Rios,2090,32,OF,2 Tms,662,171,83,81,18,42,0.2776,0.3238,0.4318
2013,Omar Infante,1609,31,2B,DET,476,144,54,51,10,5,0.3179,0.3445,0.4503
2013,Giancarlo Stanton,4949,23,DH/OF,MIA,504,106,62,62,24,1,0.2494,0.3651,0.48
2013,Derek Norris,6867,24,C,OAK,308,65,41,30,9,5,0.2462,0.3453,0.4091
2013,Chris Denorfia,4400,32,OF,SDP,520,132,67,47,10,11,0.2791,0.3365,0.3953
2013,Hank Conger,2505,25,C,LAA,255,58,23,21,7,0,0.2489,0.3098,0.4034
2013,Michael Cuddyer,1534,34,OF,COL,540,162,74,84,20,10,0.3313,0.3889,0.5297
2013,Ryan Zimmerman,4220,28,1B/3B,WSN,633,156,84,79,26,6,0.2746,0.3444,0.4648
2013,Pedro Álvarez,2495,26,3B,PIT,614,130,70,100,36,2,0.233,0.2964,0.4731
2013,Jarrod Saltalamacchia,5557,28,C,BOS,470,116,68,65,14,4,0.2729,0.3383,0.4659
2013,Ian Kinsler,6195,31,2B,TEX,614,151,85,72,13,15,0.2771,0.3437,0.4128
2013,Elvis Andrus,8709,24,SS,TEX,698,168,91,67,4,42,0.271,0.3284,0.3306
2013,Alexei Ramirez,5133,31,SS,CHW,674,181,68,48,6,30,0.2841,0.3134,0.3799
2013,Brandon Phillips,791,32,2B,CIN,666,158,80,103,18,5,0.2607,0.3097,0.396
2013,Carlos Beltrán,589,36,OF,STL,600,164,79,84,24,2,0.296,0.3389,0.491
2013,Daniel Nava,5450,30,OF,BOS,536,139,77,66,12,0,0.3035,0.3853,0.4454
2013,Prince Fielder,4613,29,1B,DET,712,174,82,106,25,1,0.2788,0.3624,0.4567
2013,Carlos Santana,2396,27,1B,CLE,642,145,75,74,20,3,0.268,0.3769,0.4547
2013,Alfonso Soriano,847,37,2B/OF,2 Tms,626,148,84,101,34,18,0.2547,0.3019,0.4888
2013,José Molina,25,38,C,TBR,313,66,26,18,2,2,0.2332,0.2903,0.3039
2013,Will Venable,211,30,OF,SDP,515,129,64,53,22,22,0.2682,0.3119,0.4844
2013,Allen Craig,3433,28,1B/OF,STL,563,160,71,97,13,2,0.315,0.373,0.4567
2013,Marco Scutaro,1555,37,2B/SS,SFG,547,145,57,31,2,2,0.2971,0.3569,0.3689
2013,José Reyes,1736,30,SS,TOR,419,113,58,37,10,15,0.2958,0.3532,0.4267
2013,Chris Stewart,3878,31,C,NYY,340,62,28,25,4,4,0.2109,0.2934,0.2721
2013,Brandon Moss,4467,29,1B/OF,OAK,505,114,73,87,30,4,0.2556,0.3366,0.5224
2013,Domonic Brown,3154,25,OF,PHI,540,135,65,83,27,8,0.2722,0.3241,0.494
2013,Adrián González,1908,31,1B,LAD,641,171,69,100,22,1,0.2933,0.3417,0.4614
2013,Neil Walker,7539,27,2B,PIT,551,120,62,53,16,1,0.251,0.3388,0.4184
2013,Jedd Gyorko,10816,24,2B/3B,SDP,525,121,62,63,23,1,0.249,0.301,0.4444
2013,Jose Iglesias,10231,23,SS,2 Tms,382,106,39,29,3,5,0.3029,0.3492,0.3857
2013,Juan Lagares,5384,24,OF,NYM,421,95,35,34,4,6,0.2423,0.2812,0.352
2013,Alejandro De Aza,3371,29,OF,CHW,675,160,84,62,17,20,0.2636,0.3229,0.4053
2013,Wil Myers,10047,22,1B/OF,TBR,373,98,50,53,13,5,0.2925,0.3539,0.4776
2013,AJ Pollock,9256,25,OF,ARI,482,119,64,38,8,12,0.2686,0.3215,0.4086
2013,Josh Reddick,3892,26,OF,OAK,441,87,54,56,12,9,0.226,0.3068,0.3792
2013,Nate McLouth,3190,31,OF,BAL,593,137,76,36,12,30,0.258,0.3294,0.3992
2013,James Loney,4556,29,1B,TBR,598,164,54,75,13,3,0.2987,0.3484,0.4299
2013,Ryan Raburn,2218,32,OF,CLE,277,66,40,55,16,0,0.2716,0.3574,0.5432
2013,Carl Crawford,1201,31,OF,LAD,469,123,62,31,6,15,0.2828,0.3291,0.4069
2013,Evan Gattis,11003,26,C/DH,ATL,382,86,44,65,21,0,0.2429,0.2906,0.4802
2013,A.J. Ellis,5677,32,C,LAD,448,93,43,52,10,0,0.2385,0.3176,0.3641
2013,Brad Miller,12775,23,SS,SEA,335,81,41,36,8,5,0.2647,0.3183,0.4183
2013,Grégor Blanco,3123,29,OF,SFG,511,120,50,41,3,14,0.2655,0.3406,0.3496
2013,Norichika Aoki,13075,31,OF,MIL,674,171,80,37,8,20,0.2864,0.3559,0.3702
2013,Wilson Ramos,1433,25,C,WSN,303,78,29,59,16,0,0.2718,0.3069,0.4704
2013,Brandon Crawford,5343,26,SS,SFG,550,124,52,43,9,1,0.2485,0.3115,0.3627
2013,Dioner Navarro,3179,29,C,CHC,266,72,31,34,13,0,0.3,0.3647,0.4917
2013,Howie Kendrick,4229,29,2B,LAA,513,142,55,54,13,6,0.2971,0.3353,0.4393
2013,Nick Swisher,4599,32,1B/OF,CLE,634,135,74,63,22,1,0.2459,0.3407,0.4226
2013,Pablo Sandoval,5409,26,3B,SFG,584,146,52,79,14,0,0.2781,0.3408,0.4171
2013,Matt Joyce,3353,28,OF,TBR,481,97,61,47,18,7,0.2349,0.3285,0.4189
2013,Lorenzo Cain,9077,27,OF,KCR,442,100,54,46,4,14,0.2506,0.31,0.3484
2013,Scooter Gennett,10339,23,2B,MIL,230,69,29,21,6,2,0.3239,0.3556,0.4789
2013,David DeJesus,1825,33,OF,3 Tms,439,98,52,38,8,5,0.2506,0.3272,0.4015
2013,Aaron Hill,6104,31,2B,ARI,362,95,45,41,11,1,0.2905,0.3564,0.4618
2013,Dexter Fowler,4062,27,OF,COL,492,109,71,42,12,19,0.2627,0.3689,0.4072
2013,Yoenis Cespedes,13110,27,OF,OAK,574,127,74,80,26,7,0.2401,0.2944,0.4423
2013,Michael Brantley,4106,26,OF,CLE,611,158,66,73,10,17,0.2842,0.3322,0.3957
2013,Anthony Rizzo,3473,23,1B,CHC,690,141,71,80,23,6,0.2327,0.3232,0.4191
2013,Nolan Arenado,9777,22,3B,COL,514,130,49,52,10,2,0.2675,0.3008,0.4053
2013,Christian Yelich,11477,21,OF,MIA,273,69,34,16,4,10,0.2875,0.37,0.3958
2013,Jon Jay,5227,28,OF,STL,628,151,75,67,7,10,0.2755,0.3506,0.3704
2013,David Lough,7215,27,OF,KCR,335,90,35,33,5,5,0.2857,0.3112,0.4127
2013,Luis Valbuena,4969,27,3B,CHC,391,72,34,37,12,1,0.2175,0.3308,0.3776
2013,Michael Bourn,6387,30,OF,CLE,575,138,75,50,6,23,0.2629,0.3158,0.36
2013,Jimmy Rollins,971,34,SS,PHI,666,151,65,39,6,22,0.2517,0.3183,0.3483
2013,Jose Lobatón,4243,28,C,TBR,311,69,38,32,7,0,0.2491,0.3204,0.3935
2013,Michael Saunders,9981,26,OF,SEA,468,96,59,46,12,13,0.2365,0.3233,0.3966
2013,Mark Trumbo,6876,27,1B/DH/OF,LAA,678,145,85,100,34,5,0.2339,0.2935,0.4532
2013,Miguel Montero,3364,29,C,ARI,475,95,44,42,11,0,0.23,0.3179,0.3438
2013,Ryan Braun,3410,29,OF,MIL,253,67,30,38,9,4,0.2978,0.3715,0.4978
2013,Carlos Quentin,6274,30,OF,SDP,320,76,42,44,13,0,0.2754,0.3625,0.4928
2013,Marcell Ozuna,10324,22,DH/OF,MIA,291,73,31,32,3,5,0.2655,0.3034,0.3891
2013,Cody Ross,1760,32,OF,ARI,351,88,33,38,8,3,0.2776,0.3314,0.4132
2013,Matt Wieters,4298,27,C,BAL,579,123,59,79,22,2,0.2352,0.2872,0.4168
2013,Adam Lind,8027,29,1B/DH,TOR,521,134,67,67,23,1,0.2882,0.357,0.4968
2013,Matt Adams,9393,24,1B,STL,319,84,46,51,17,0,0.2838,0.3354,0.5034
2013,Nelson Cruz,2434,32,DH/OF,TEX,456,110,49,76,27,5,0.2663,0.3268,0.5061
2013,Brett Lawrie,5247,23,2B/3B,TOR,442,102,41,46,11,9,0.2544,0.3152,0.3965
2013,Zack Cozart,2616,27,SS,CIN,618,144,74,63,12,0,0.254,0.2843,0.381
2013,Nate Schierholtz,6201,29,OF,CHC,503,116,56,68,21,6,0.2511,0.3008,0.4697
2013,Mark Ellis,1443,36,2B,LAD,480,117,46,48,6,4,0.2702,0.3228,0.351
2013,Nick Punto,1429,35,2B/3B/SS,LAD,335,75,34,21,2,3,0.2551,0.3283,0.3265
2013,Jonny Gomes,1845,32,DH/OF,BOS,366,77,49,52,13,1,0.2468,0.3443,0.4263
2013,Ángel Pagán,2918,31,OF,SFG,305,79,44,30,5,9,0.2821,0.3344,0.4143
2013,Didi Gregorius,6012,23,SS,ARI,404,90,47,28,7,0,0.2521,0.3317,0.3725
2013,Eric Sogard,7927,27,2B,OAK,410,98,45,35,2,10,0.2663,0.3218,0.3641
2013,Alex Avila,7476,26,C,DET,379,75,39,47,11,0,0.2273,0.3175,0.3758
2013,Nick Franklin,10166,22,2B,SEA,412,83,38,45,12,6,0.2249,0.3034,0.3821
2013,Pedro Florimón,8385,26,SS,MIN,446,89,44,44,9,15,0.2208,0.2812,0.33
2013,Jarrod Dyson,4866,28,OF,KCR,239,55,30,17,2,34,0.2582,0.3263,0.3662
2013,Justin Ruggiano,7620,31,OF,MIA,472,94,49,50,18,15,0.2217,0.2979,0.3962
2013,David Ross,1551,36,C,BOS,116,22,11,10,4,1,0.2157,0.2982,0.3824
2013,Mike Carp,7480,27,1B/OF,BOS,243,64,34,43,9,1,0.2963,0.3621,0.5231
2013,Wilin Rosario,8002,24,C,COL,466,131,63,79,21,4,0.2918,0.3155,0.4855
2013,Khris Davis,9112,25,DH/OF,MIL,153,38,27,27,11,3,0.2794,0.3529,0.5956
2013,Asdrúbal Cabrera,4962,27,SS,CLE,562,123,66,64,14,9,0.2421,0.2986,0.4016
2013,Aramis Ramirez,1002,35,3B,MIL,351,86,43,49,12,0,0.2829,0.3704,0.4605
2013,Josh Hamilton,1875,32,OF,LAA,636,144,73,79,21,4,0.25,0.3066,0.4323
2013,Yasmani Grandal,11368,24,C,SDP,108,19,13,9,1,0,0.2159,0.3519,0.3409
2013,Charlie Blackmon,7859,26,OF,COL,258,76,35,22,6,7,0.3089,0.3359,0.4675
2013,Jordy Mercer,6547,26,SS,PIT,365,95,33,27,8,3,0.2853,0.3361,0.4354
2013,Ed Lucas,7532,31,3B,MIA,384,90,43,28,4,1,0.2564,0.3105,0.3362
2013,Curtis Granderson,4747,32,OF,NYY,245,49,31,15,7,8,0.229,0.3169,0.4065
2013,Martín Prado,3312,29,3B,ARI,664,172,70,82,14,3,0.2824,0.3328,0.4171
2013,Rajai Davis,3708,32,OF,TOR,360,86,49,24,6,45,0.2598,0.312,0.3746
2013,Kendrys Morales,8610,30,1B/DH,SEA,657,167,64,80,23,0,0.2774,0.3364,0.4485
2013,Ryan Flaherty,7888,26,2B/3B,BAL,271,55,28,27,10,2,0.2236,0.2926,0.3902
2013,Erick Aybar,4082,29,SS,LAA,589,149,68,54,6,12,0.2709,0.3012,0.3818
2013,Dustin Ackley,10099,25,2B/OF,SEA,427,97,40,31,4,2,0.2526,0.3191,0.3411
2013,Drew Stubbs,9328,28,OF,CLE,481,100,59,45,10,17,0.2326,0.3048,0.3605
2013,Donnie Murphy,4704,30,2B/3B/SS,CHC,163,38,23,23,11,2,0.255,0.319,0.5302
2013,Brian Roberts,166,35,2B,BAL,296,66,33,39,8,3,0.2491,0.3119,0.3925
2013,Junior Lake,4672,23,OF,CHC,254,67,26,16,6,4,0.2839,0.332,0.428
2013,Geovany Soto,3707,30,C,TEX,184,40,20,22,9,1,0.2454,0.3279,0.4663
2013,Kelly Johnson,2234,31,2B,TBR,407,86,41,52,16,7,0.235,0.3047,0.4098
2013,Gordon Beckham,9015,26,2B,CHW,408,99,46,24,5,5,0.2668,0.3219,0.372
2013,Ichiro Suzuki,1101,39,OF,NYY,555,136,57,35,7,20,0.2615,0.2969,0.3423
2013,Josh Satin,6788,28,1B/3B,NYM,221,53,23,17,3,1,0.2789,0.3756,0.4053
2013,Gaby Sanchez,3361,29,1B,PIT,320,67,29,36,7,1,0.2538,0.3605,0.4015
2013,Anthony Rendon,12861,23,3B,WSN,394,93,40,35,7,1,0.265,0.3291,0.396
2013,Andy Dirks,6453,27,OF,DET,484,112,60,37,9,7,0.2557,0.323,0.363
2013,Jose Tabata,2411,24,OF,PIT,341,87,35,33,6,3,0.2825,0.3423,0.4286
2013,Matt Kemp,5631,28,OF,LAD,290,71,35,33,6,9,0.27,0.3276,0.3954
2013,Billy Butler,7399,27,1B/DH,KCR,668,168,62,82,15,0,0.2887,0.3743,0.4124
2013,Mike Zunino,13265,22,C,SEA,193,37,22,14,5,1,0.2139,0.2902,0.3295
2013,Eric Chavez,906,35,3B,ARI,254,64,28,44,9,1,0.2807,0.332,0.4781
2013,Kole Calhoun,11200,25,OF,LAA,222,55,29,32,8,2,0.2821,0.3468,0.4615
2013,Jeff Baker,2073,32,1B/2B,TEX,175,43,21,21,11,1,0.2792,0.36,0.5455
2013,Eric Young Jr.,7158,28,OF,2 Tms,598,134,70,32,2,46,0.2486,0.3095,0.3358
2013,Alcides Escobar,6310,26,SS,KCR,642,142,57,52,4,22,0.2339,0.2591,0.2998
2013,Ryan Sweeney,6352,28,OF,CHC,212,51,19,19,6,1,0.2656,0.3238,0.4479
2013,Jordan Schafer,9883,26,OF,ATL,265,57,32,21,3,22,0.2468,0.3308,0.3463
2013,Danny Valencia,6364,28,3B,BAL,170,49,20,23,8,0,0.3043,0.3353,0.5528
2013,Sean Rodríguez,6589,28,2B,TBR,222,48,21,23,5,1,0.2462,0.3196,0.3846
2013,Carlos Corporán,5587,29,C,HOU,210,43,16,20,7,0,0.2251,0.2871,0.3613
2013,Brian Bogusevic,4719,29,OF,CHC,155,39,18,16,6,2,0.2727,0.3226,0.4615
2013,Brandon Barnes,629,27,OF,HOU,445,98,46,41,8,11,0.2402,0.2893,0.3456
2013,Ben Revere,4712,25,OF,PHI,336,96,37,17,0,22,0.3048,0.3384,0.3524
2013,Jayson Nix,3790,30,2B/3B,NYY,303,63,32,24,3,13,0.236,0.3077,0.3109
2013,Trevor Plouffe,7462,27,3B,MIN,522,121,44,52,14,2,0.2537,0.309,0.392
2013,Cody Ransom,1126,37,3B/SS,2 Tms,193,32,21,20,9,0,0.1893,0.2865,0.4201
2013,Steve Pearce,9957,30,1B/OF,BAL,138,31,14,13,4,1,0.2605,0.3623,0.4202
2013,Chris Heisey,3978,28,OF,CIN,244,53,29,23,9,3,0.2366,0.2792,0.4152
2013,Ramiro Pena,8841,27,2B/3B/SS,ATL,107,27,14,12,3,0,0.2784,0.3302,0.4433
2013,Victor Martinez,393,34,C/DH,DET,668,182,68,83,14,0,0.3008,0.3548,0.4298
2013,Justin Morneau,1737,32,1B,2 Tms,635,148,62,77,17,0,0.2587,0.3228,0.4108
2013,Darin Ruf,9929,26,1B/OF,PHI,293,62,36,30,14,0,0.247,0.3481,0.4582
2013,Shane Robinson,4249,28,OF,STL,171,36,22,16,2,5,0.25,0.345,0.3194
2013,Justin Maxwell,6827,29,OF,2 Tms,262,59,35,25,7,6,0.2521,0.3282,0.4359
2013,JB Shuck,6677,26,OF,LAA,478,128,60,39,2,8,0.2929,0.3305,0.3661
2013,Matt Dominguez,4903,23,3B,HOU,589,131,56,77,21,0,0.2413,0.2862,0.4033
2013,Conor Gillaspie,9009,25,3B,CHW,452,100,46,40,13,0,0.2451,0.3053,0.3897
2013,Erik Kratz,4403,33,C,PHI,218,42,21,26,9,0,0.2132,0.2798,0.3858
2013,Raul Ibanez,607,41,OF,SEA,496,110,54,65,29,0,0.2423,0.3065,0.4868
2013,Scott Van Slyke,4365,26,OF,LAD,152,31,13,19,7,1,0.2403,0.3421,0.4651
2013,Franklin Gutierrez,3255,30,OF,SEA,151,36,18,24,10,3,0.2483,0.2733,0.5034
2013,Derek Dietrich,10542,23,2B/OF,MIA,233,46,32,23,9,1,0.214,0.2747,0.4047
2013,Héctor Sánchez,10289,23,C,SFG,140,32,8,19,3,0,0.2481,0.3,0.3488
2013,Yonder Alonso,2530,26,1B,SDP,375,94,34,45,6,6,0.2814,0.3413,0.3683
2013,Seth Smith,7331,30,OF,OAK,410,93,49,40,8,0,0.2527,0.3293,0.3913
2013,Justin Smoak,9054,26,1B,SEA,521,108,53,50,20,0,0.2379,0.334,0.4119
2013,Mitch Moreland,3086,27,1B,TEX,518,107,60,60,23,0,0.2316,0.2992,0.4372
2013,Munenori Kawasaki,13047,32,2B/SS,TOR,289,55,27,24,1,7,0.2292,0.3262,0.3083
2013,Joaquin Arias,3817,28,3B,SFG,236,61,17,19,1,1,0.2711,0.2845,0.3422
2013,Welington Castillo,3256,26,C,CHC,428,104,41,32,8,2,0.2737,0.3489,0.3974
2013,Caleb Gindl,5002,24,OF,MIL,155,32,17,14,5,2,0.2424,0.3399,0.4394
2013,Corey Dickerson,10762,24,OF,COL,213,51,32,17,5,2,0.2629,0.316,0.4588
2013,Kyle Blanks,49,26,1B/OF,SDP,308,68,31,35,8,1,0.2429,0.3052,0.3786
2013,Lucas Duda,2502,27,1B/OF,NYM,384,71,42,33,15,0,0.2233,0.3516,0.4151
2013,Alex Rodriguez,1274,37,3B/SS,NYY,181,38,21,19,7,4,0.2436,0.3481,0.4231
2013,Mark Reynolds,7619,29,1B/3B,2 Tms,504,98,55,67,21,3,0.2202,0.3056,0.3933
2013,Daric Barton,5928,27,1B,OAK,120,28,15,16,3,0,0.2692,0.35,0.375
2013,Humberto Quintero,1824,33,C,2 Tms,140,31,8,13,4,0,0.2366,0.2754,0.3664
2013,Emilio Bonifácio,4054,28,2B/OF,2 Tms,461,102,54,31,3,28,0.2429,0.2945,0.331
2013,John Jaso,5887,29,C,OAK,249,56,31,21,3,2,0.2705,0.3871,0.372
2013,Alberto Callaspo,3336,30,2B/3B,2 Tms,516,117,52,58,10,0,0.2583,0.3333,0.36870000000000003
2013,Lonnie Chisenhall,7571,24,3B/OF,CLE,308,65,30,36,11,1,0.2249,0.2704,0.3979
2013,Ryan Howard,2154,33,1B,PHI,317,76,34,43,11,0,0.2657,0.3186,0.465
2013,Peter Bourjos,2578,26,OF,LAA,196,48,26,12,3,6,0.2743,0.3333,0.3771
2013,Nick Markakis,5930,29,OF,BAL,700,172,89,59,10,1,0.2713,0.3286,0.3565
2013,Justin Turner,5235,28,3B,NYM,214,56,12,16,2,0,0.28,0.3192,0.385
2013,Chris Carter,9911,26,1B/DH,HOU,585,113,64,82,29,2,0.2233,0.3197,0.4506
2013,Dan Uggla,3442,33,2B,ATL,537,80,60,55,22,2,0.1786,0.3091,0.3616
2013,Albert Pujols,1177,33,1B,LAA,443,101,49,64,17,1,0.2583,0.3296,0.4373
2013,Will Middlebrooks,7002,24,3B,BOS,374,79,41,49,17,3,0.227,0.2708,0.4253
2013,Josh Willingham,2103,34,OF,MIN,471,81,42,48,14,1,0.2082,0.3418,0.3676
2013,Jose Altuve,5417,23,2B,HOU,672,177,64,52,5,35,0.2827,0.3159,0.3626
2013,Stephen Vogt,5000,28,C,OAK,148,34,18,16,4,0,0.2519,0.2945,0.4
2013,Dayan Viciedo,3917,24,OF,CHW,473,117,43,56,14,0,0.2653,0.3044,0.4263
2013,Adam LaRoche,1904,33,1B,WSN,590,121,70,62,20,4,0.2368,0.3322,0.4031
2013,Placido Polanco,1176,37,2B/3B,MIA,416,98,33,23,1,2,0.2599,0.3148,0.3024
2013,Brayan Peña,3231,31,C,DET,243,68,19,22,4,0,0.2969,0.3154,0.3974
2013,David Freese,9549,30,3B,STL,521,121,53,60,9,1,0.2619,0.3397,0.381
2013,Tony Abreu,5053,28,2B/3B,SFG,147,37,21,14,2,0,0.2681,0.3014,0.442
2013,Martín Maldonado,6887,26,C,MIL,202,31,13,22,4,0,0.1694,0.2362,0.2842
2013,Travis d'Arnaud,7739,24,C,NYM,112,20,4,5,1,0,0.202,0.2857,0.2626
2013,Adam Dunn,319,33,1B/OF,CHW,607,115,60,86,34,1,0.219,0.3196,0.4419
2013,Tyler Flowers,9134,27,C,CHW,275,50,24,24,10,0,0.1953,0.2473,0.3555
2013,Wil Nieves,1556,35,C,ARI,206,58,16,22,1,0,0.2974,0.3204,0.3692
2013,Cody Asche,11997,23,3B/OF,PHI,179,38,18,22,5,1,0.2346,0.3017,0.3889
2013,Moisés Sierra,6050,24,OF,TOR,122,31,11,13,1,1,0.2897,0.3689,0.4579
2013,Chris Young,3882,29,OF,OAK,375,67,46,40,12,10,0.2,0.28,0.3791
2013,Aaron Hicks,5297,23,OF,MIN,313,54,37,27,8,9,0.1922,0.2589,0.3381
2013,Luke Scott,3469,35,DH/OF,TBR,291,61,27,40,9,1,0.2411,0.3265,0.415
2013,Cliff Pennington,3395,29,2B/SS,ARI,299,65,25,18,1,2,0.2416,0.3098,0.3086
2013,A.J. Pierzynski,746,36,C,TEX,529,137,48,70,17,1,0.2724,0.2968,0.4254
2013,Mike Moustakas,4892,24,3B,KCR,514,110,42,42,12,2,0.2331,0.2865,0.3644
2013,Ramon Santiago,1417,33,2B/SS,DET,234,46,27,14,1,0,0.2244,0.2982,0.2878
2013,Ryan Hanigan,4952,32,C,CIN,260,44,17,21,2,0,0.1982,0.30620000000000003,0.2613
2013,Mike Aviles,5986,32,SS,CLE,394,91,54,46,9,8,0.2521,0.2817,0.3684
2013,Luis Jimenez,6341,25,3B,LAA,110,27,15,5,0,0,0.2596,0.2909,0.3173
2013,Robbie Grossman,5254,23,OF,HOU,288,69,29,21,4,6,0.2685,0.3322,0.3696
2013,Kirk Nieuwenhuis,6400,25,OF,NYM,108,18,10,14,3,2,0.1895,0.2778,0.3368
2013,Adam Eaton,11205,24,OF,ARI,277,63,40,22,3,5,0.252,0.3139,0.36
2013,Pete Kozma,2539,25,SS,STL,448,89,44,35,1,3,0.2171,0.2752,0.2732
2013,Brett Wallace,8434,26,1B,HOU,285,58,35,36,13,1,0.2214,0.2842,0.4313
2013,Willie Bloomquist,1066,35,SS/OF,ARI,150,44,16,14,0,0,0.3165,0.36,0.3669
2013,Matt Tuiasosopo,8272,27,OF,DET,191,40,26,30,7,0,0.2439,0.3508,0.4146
2013,Miguel Tejada,941,39,SS,KCR,167,45,15,20,3,1,0.2885,0.3171,0.3782
2013,DJ LeMahieu,9874,24,2B,COL,434,113,39,28,2,18,0.2797,0.3115,0.3614
2013,J.P. Arencibia,697,27,C,TOR,497,92,45,55,21,0,0.1941,0.2274,0.365
2013,Alex Presley,5305,27,OF,2 Tms,195,51,17,15,3,1,0.2757,0.3128,0.373
2013,Chris Dickerson,7095,31,OF,BAL,109,25,17,13,4,5,0.2381,0.2661,0.4
2013,Donovan Solano,8623,25,2B,MIA,395,90,33,34,3,3,0.2493,0.3053,0.3158
2013,Andrew Brown,3837,28,OF,NYM,165,34,16,24,7,1,0.2267,0.2883,0.4
2013,Jesus Guzman,3118,29,1B/OF,SDP,318,65,33,35,9,3,0.2257,0.2965,0.3785
2013,Jason Bay,1717,34,OF,SEA,236,42,30,20,11,3,0.2039,0.2979,0.3932
2013,Michael Young,1286,36,SS,2 Tms,565,145,52,46,8,1,0.2794,0.3345,0.395
2013,Ryan Roberts,5653,32,2B/3B,TBR,173,40,15,17,5,0,0.2469,0.2948,0.3765
2013,Mark DeRosa,1392,38,2B/3B,TOR,236,48,23,36,7,0,0.2353,0.3263,0.4069
2013,Freddy Galvis,6609,23,SS,PHI,222,48,13,19,6,1,0.2341,0.2831,0.3854
2013,Andres Torres,1488,35,OF,SFG,300,68,33,21,2,4,0.25,0.302,0.3419
2013,Jonathan Herrera,4182,28,2B/SS,COL,215,57,16,16,1,3,0.2923,0.3365,0.3641
2013,Oswaldo Arcia,10306,22,OF,MIN,378,88,34,43,14,1,0.2507,0.3042,0.4302
2013,George Kottaras,5506,30,C,KCR,126,18,13,12,5,1,0.18,0.3492,0.37
2013,Jeff Mathis,3448,30,C,MIA,256,42,14,29,5,0,0.181,0.251,0.2845
2013,Alexi Amarista,9063,24,2B/SS/OF,SDP,396,87,35,32,5,4,0.2364,0.2824,0.337
2013,Derrick Robinson,2784,25,OF,CIN,216,49,21,8,0,4,0.2552,0.3223,0.3229
2013,Ryan Goins,9807,25,2B/SS,TOR,121,30,11,8,2,0,0.2521,0.2645,0.3445
2013,Anthony Gose,5097,22,OF,TOR,153,38,15,12,2,4,0.2585,0.2829,0.4082
2013,Omar Quintanilla,6335,31,2B/SS,NYM,359,70,28,21,2,2,0.2222,0.30620000000000003,0.2825
2013,Carlos Ruiz,2579,34,C,PHI,341,83,30,37,5,1,0.2677,0.3205,0.3677
2013,Daniel Descalso,8392,26,2B/3B,STL,358,78,43,43,5,6,0.2378,0.2901,0.3659
2013,Brendan Ryan,6073,31,SS,2 Tms,349,63,30,22,4,4,0.1975,0.2551,0.2727
2013,Tim Federowicz,8609,25,C,LAD,173,37,12,16,4,0,0.2312,0.2749,0.3562
2013,Alexi Casilla,5248,28,2B,BAL,125,24,15,10,1,9,0.2143,0.2683,0.2946
2013,Don Kelly,2216,33,OF,DET,251,48,33,23,6,2,0.2222,0.3092,0.3426
2013,Eduardo Escobar,6153,24,3B,MIN,179,39,23,10,3,0,0.2364,0.2825,0.3455
2013,Jeff Bianchi,9958,26,3B/SS,MIL,252,56,22,25,1,4,0.2373,0.272,0.2924
2013,Chris Coghlan,6878,28,OF,MIA,214,50,10,10,1,2,0.2564,0.3178,0.3538
2013,Xavier Paul,5963,28,OF,CIN,239,51,24,32,7,0,0.244,0.3389,0.4019
2013,Starlin Castro,4579,23,2B/SS,CHC,705,163,59,44,10,9,0.2447,0.2841,0.3468
2013,Elliot Johnson,4751,29,2B/SS,2 Tms,275,53,27,19,2,22,0.2087,0.2546,0.2835
2013,Avisaíl García,5760,22,OF,2 Tms,256,69,31,31,7,3,0.2828,0.3086,0.4221
2013,Gerald Laird,1698,33,C,ATL,141,34,12,13,1,1,0.281,0.3669,0.3719
2013,Jordan Danks,9187,26,OF,CHW,179,37,15,12,5,7,0.2312,0.3128,0.3688
2013,L.J. Hoes,6656,23,OF,2 Tms,184,48,24,10,1,7,0.2824,0.3315,0.3647
2013,Rick Ankiel,1142,33,OF,2 Tms,136,24,13,18,7,0,0.1875,0.2353,0.4219
2013,Dee Strange-Gordon,8203,25,2B,LAD,106,22,9,6,1,10,0.234,0.3143,0.2979
2013,Adam Rosales,9682,30,2B/3B/SS,2 Tms,166,28,15,12,5,0,0.1905,0.2593,0.3265
2013,Logan Morrison,9205,25,1B/OF,MIA,333,71,32,36,6,0,0.2423,0.3333,0.3754
2013,Kevin Frandsen,7528,31,2B/3B,PHI,278,59,27,26,5,1,0.2341,0.296,0.3413
2013,John Mayberry Jr.,3390,29,OF,PHI,384,80,47,39,11,5,0.2266,0.2865,0.3909
2013,Charlie Culberson,3298,24,3B/OF,COL,104,29,12,12,2,5,0.2929,0.3173,0.404
2013,Chris Parmelee,2554,25,1B/OF,MIN,333,67,21,24,8,1,0.2279,0.3093,0.3537
2013,Reed Johnson,1702,36,OF,ATL,136,30,13,11,1,0,0.2439,0.3111,0.3415
2013,Clete Thomas,3373,29,OF,MIN,322,62,39,13,4,1,0.2138,0.2897,0.3069
2013,Wilmer Flores,5827,21,1B,NYM,101,20,8,13,1,0,0.2105,0.2475,0.2947
2013,Grant Green,10053,25,2B,2 Tms,153,35,16,17,1,0,0.25,0.3007,0.3429
2013,Sean Halton,9853,26,1B,MIL,111,24,9,17,4,0,0.2376,0.2909,0.396
2013,David Adams,7389,26,3B,NYY,152,27,10,13,2,0,0.1929,0.2517,0.2857
2013,Andrew Romine,1159,27,3B/SS,LAA,123,28,9,10,0,1,0.2593,0.3077,0.287
2013,Garrett Jones,2714,32,1B/OF,PIT,440,94,41,51,15,2,0.2333,0.2886,0.4194
2013,Lyle Overbay,1617,36,1B,NYY,485,107,43,59,14,2,0.2404,0.2948,0.3933
2013,Chris Colabello,13051,29,1B/OF,MIN,181,31,14,17,7,0,0.1938,0.2873,0.3438
2013,Nate Freiman,6582,26,1B,OAK,208,52,10,24,4,0,0.2737,0.3269,0.3895
2013,Anthony Recker,4063,29,C,NYM,151,29,17,19,6,0,0.2148,0.28,0.4
2013,Josh Phegley,9308,25,C,CHW,213,42,14,22,4,2,0.2059,0.2227,0.299
2013,Marc Krauss,7577,25,1B/OF,HOU,146,28,11,13,4,2,0.209,0.2671,0.3657
2013,Julio Borbon,3209,27,OF,2 Tms,118,21,11,3,1,7,0.2,0.2821,0.2762
2013,Josh Rutledge,11167,24,2B/SS,COL,314,67,45,19,7,12,0.2351,0.2935,0.3368
2013,Jake Marisnick,11339,22,OF,MIA,118,20,6,5,1,3,0.1835,0.2308,0.2477
2013,Austin Romine,5491,24,C,NYY,148,28,15,10,1,1,0.2074,0.2552,0.2963
2013,Travis Hafner,1573,36,DH,NYY,299,53,31,37,12,2,0.2023,0.301,0.3779
2013,Kevin Pillar,12434,24,OF,TOR,110,21,11,13,3,0,0.2059,0.25,0.3333
2013,Logan Schafer,7937,26,OF,MIL,337,63,29,33,4,7,0.2114,0.2791,0.3221
2013,Cesar Izturis,656,33,SS,CIN,142,27,6,11,0,0,0.2093,0.259,0.2713
2013,Nick Hundley,3376,29,C,SDP,408,87,35,44,13,1,0.2332,0.2899,0.3887
2013,Jackie Bradley Jr.,12984,23,OF,BOS,107,18,18,10,3,2,0.1895,0.2804,0.3368
2013,John Buck,2041,32,C,2 Tms,431,87,39,62,15,2,0.2219,0.2877,0.3648
2013,Jurickson Profar,10815,20,OF,TEX,324,67,30,26,6,2,0.2343,0.3082,0.3357
2013,Nick Noonan,6880,24,2B/3B,SFG,111,23,12,5,0,0,0.219,0.2613,0.2381
2013,Chris Herrmann,9284,25,C/OF,MIN,178,32,16,18,4,0,0.2038,0.2857,0.3248
2013,Melky Cabrera,4022,28,OF,TOR,372,96,39,30,3,2,0.2791,0.3216,0.3605
2013,Rickie Weeks Jr.,1849,30,2B,MIL,399,73,40,24,10,7,0.2086,0.3058,0.3571
2013,Ike Davis,8433,26,1B,NYM,377,65,37,33,9,4,0.205,0.3263,0.3344
2013,Collin Cowgill,7250,27,OF,2 Tms,162,32,18,16,4,1,0.2105,0.2453,0.3487
2013,Zoilo Almonte,6732,24,OF,NYY,113,25,9,9,1,3,0.2358,0.2743,0.3019
2013,Jack Hannahan,3692,33,3B,CIN,162,30,12,14,1,0,0.2158,0.3168,0.2878
2013,Travis Snider,2830,25,OF,PIT,285,56,28,25,5,2,0.2146,0.2807,0.3333
2013,Jordany Valdespin,5098,25,2B/OF,NYM,144,25,16,16,4,4,0.188,0.25,0.3158
2013,Juan Pierre,443,35,OF,MIA,330,76,36,8,1,23,0.2468,0.284,0.3052
2013,Chris Getz,3388,29,2B,KCR,237,46,29,18,1,16,0.2201,0.2882,0.2727
2013,Darwin Barney,2430,27,2B,CHC,555,104,49,41,7,4,0.2076,0.2659,0.3034
2013,Lance Berkman,548,37,1B/OF,TEX,294,62,27,34,6,0,0.2422,0.3401,0.3594
2013,Rubén Tejada,5519,23,SS,NYM,227,42,20,10,0,2,0.2019,0.2589,0.2596
2013,Trevor Crowe,3402,29,OF,HOU,181,36,18,13,1,6,0.2182,0.2873,0.2909
2013,Eduardo Núñez,6848,26,3B/SS,NYY,336,79,38,28,3,10,0.2599,0.3072,0.3717
2013,Vernon Wells,1326,34,OF,NYY,458,99,45,50,11,7,0.2335,0.2817,0.3491
2013,Kevin Youkilis,1935,34,1B/3B,NYY,118,23,12,8,2,0,0.219,0.3051,0.3429
2013,Juan Francisco,6978,26,1B/3B,2 Tms,385,79,36,48,18,0,0.227,0.2961,0.4224
2013,Kurt Suzuki,8259,29,C,2 Tms,316,66,25,32,5,2,0.2316,0.2898,0.3368
2013,Steve Lombardozzi Jr.,5422,24,2B/OF,WSN,307,75,25,22,2,4,0.2586,0.2781,0.3379
2013,Clint Barmes,1830,34,2B/SS,PIT,330,64,22,23,5,0,0.2105,0.2492,0.3092
2013,Brendan Harris,2178,32,SS,LAA,117,22,14,9,4,0,0.2056,0.2522,0.3551
2013,Marwin Gonzalez,5497,24,SS,HOU,222,45,22,14,4,6,0.2206,0.2523,0.3186
2013,Jonathan Villar,10071,22,2B/SS,HOU,241,51,26,8,1,18,0.2429,0.3205,0.319
2013,Yorvit Torrealba,1135,34,C,COL,196,43,10,16,0,0,0.2402,0.2953,0.2849
2013,David Murphy,6035,31,OF,TEX,476,96,51,45,13,1,0.2202,0.2821,0.3739
2013,Scott Hairston,1926,33,OF,2 Tms,174,30,18,26,10,2,0.1911,0.237,0.414
2013,Carlos Pena,934,35,1B,2 Tms,328,58,38,25,8,1,0.2071,0.3211,0.3464
2013,Tony Cruz,2802,26,C,STL,129,25,13,13,1,0,0.2033,0.2403,0.2927
2013,César Hernández,10556,23,2B,PHI,131,35,17,10,0,0,0.2893,0.3435,0.3306
2013,Leury García,5913,22,OF,2 Tms,111,20,10,2,0,7,0.198,0.2477,0.2277
2013,Greg Dobbs,2158,34,3B,MIA,267,54,21,22,2,1,0.2278,0.3034,0.2996
2013,Ronny Cedeno,2179,30,SS,2 Tms,288,64,24,21,3,5,0.2424,0.2872,0.3295
2013,Josh Thole,9689,26,C,TOR,135,21,11,8,1,0,0.175,0.2556,0.2417
2013,Todd Helton,432,39,1B,COL,442,99,41,61,15,0,0.2494,0.3145,0.4232
2013,Delmon Young,2140,27,OF,2 Tms,361,87,30,38,11,0,0.2605,0.3075,0.4072
2013,Jake Elmore,7290,26,SS/OF,HOU,136,29,16,6,2,1,0.2417,0.3134,0.325
2013,Sam Fuld,8254,31,OF,TBR,200,35,25,17,2,8,0.1989,0.2704,0.267
2013,Chris Iannetta,8267,30,C,LAA,399,73,40,39,11,0,0.2246,0.3584,0.3723
2013,Chad Tracy,1888,33,1B/3B,WSN,136,26,6,11,4,0,0.2016,0.2426,0.3256
2013,Roger Bernadina,6421,29,OF,2 Tms,250,41,26,11,4,4,0.1806,0.25,0.2952
2013,Logan Forsythe,7185,26,2B,SDP,243,47,22,19,6,6,0.2136,0.281,0.3318
2013,Chris Nelson,8175,27,3B,3 Tms,227,48,19,24,3,2,0.2275,0.2731,0.327
2013,Danny Espinosa,9219,26,2B/SS,WSN,167,25,11,12,3,1,0.1582,0.1928,0.2722
2013,Mike Baxter,4464,28,OF,NYM,155,25,14,4,0,5,0.1894,0.3032,0.25
2013,Jason Giambi,818,42,1B/DH,CLE,216,34,21,31,9,0,0.1828,0.2824,0.371
2013,Kelly Shoppach,3867,33,C,2 Tms,127,21,11,9,3,0,0.1927,0.288,0.3394
2013,Brandon Inge,470,36,3B,PIT,110,19,5,7,1,0,0.181,0.2037,0.2381
2013,Jamey Carroll,1591,39,2B/3B,2 Tms,249,48,26,11,0,2,0.2115,0.2672,0.2511
2013,Laynce Nix,1766,32,OF,PHI,136,23,11,7,2,1,0.1797,0.2279,0.2578
2013,Skip Schumaker,3704,33,2B/OF,LAD,356,84,31,30,2,2,0.2633,0.3324,0.3323
2013,Pedro Ciriaco,5278,27,3B/SS,3 Tms,137,28,9,8,2,9,0.224,0.2794,0.336
2013,Michael McKenry,9628,28,C,PIT,122,25,9,14,3,0,0.2174,0.2623,0.3478
2013,J.D. Martinez,6184,25,DH/OF,HOU,310,74,24,36,7,2,0.25,0.2718,0.3784
2013,Alex Gonzalez,520,36,SS,MIL,118,20,14,8,1,0,0.177,0.2034,0.2301
2013,Nolan Reimold,3441,29,OF,BAL,140,25,17,12,5,0,0.1953,0.25,0.3359
2013,B.J. Upton,5015,28,OF,ATL,446,72,30,26,9,12,0.1841,0.268,0.289
2013,Endy Chavez,768,35,OF,SEA,279,71,22,14,2,1,0.2669,0.2899,0.3271
2013,Luis Alfonso Cruz,3188,29,3B/SS,2 Tms,187,25,18,11,1,1,0.1445,0.1902,0.1792
2013,Ryan Ludwick,1260,34,OF,CIN,140,31,7,12,2,0,0.2403,0.2929,0.3256
2013,Jesus Montero,5514,23,C/DH,SEA,110,21,6,9,3,0,0.2079,0.2636,0.3267
2013,Tyler Moore,7244,26,1B/OF,WSN,178,37,16,21,4,0,0.2216,0.2599,0.3473
2013,Jeff Francoeur,4792,29,OF,2 Tms,256,50,20,17,3,3,0.2041,0.2383,0.298
2013,Jason Kubel,2161,31,DH/OF,2 Tms,290,56,21,32,5,0,0.2162,0.2931,0.3166
2013,Devin Mesoraco,5666,25,C,CIN,352,77,31,42,9,0,0.2384,0.2869,0.3622
2013,Jimmy Paredes,5481,24,3B/DH/OF,HOU,135,24,8,10,1,4,0.192,0.2313,0.248
2013,Jerry Hairston Jr.,144,37,2B/OF,LAD,226,43,17,22,2,0,0.2108,0.2646,0.2745
2013,Adeiny Hechavarría,10459,24,SS,MIA,578,123,30,42,3,11,0.2265,0.2666,0.2983
2013,Casper Wells,9700,28,OF,3 Tms,102,12,6,1,0,0,0.1263,0.1863,0.1474
2013,Michael Morse,3035,31,1B/OF,2 Tms,337,67,34,27,13,0,0.2147,0.27,0.3814
2013,Ryan Doumit,2113,32,C,MIN,538,120,49,55,14,1,0.2474,0.3141,0.3959
2013,Henry Blanco,81,41,C,2 Tms,150,19,11,14,3,0,0.1418,0.2282,0.2463
2013,Mark Kotsay,1042,37,OF,SDP,171,30,8,12,1,0,0.1935,0.2529,0.2258
2013,Paul Konerko,242,37,1B,CHW,520,114,41,54,12,0,0.2441,0.3135,0.3555
2013,Maicer Izturis,2437,32,2B/3B,TOR,399,86,33,32,5,1,0.2356,0.2879,0.3096
2013,Jordan Pacheco,2677,27,1B/3B,COL,262,59,23,22,1,0,0.2389,0.2759,0.3117
2013,Jeff Keppinger,3856,33,2B,CHW,451,107,38,40,4,0,0.253,0.2835,0.3168
2013,Yuniesky Betancourt,8585,31,SS,MIL,409,83,35,46,13,0,0.2123,0.2396,0.3555
2013,Rob Brantly,10655,23,C,MIA,243,47,11,18,1,0,0.2108,0.2634,0.2646
2014,Mike Trout,10155,22,OF,LAA,705,173,115,111,36,16,0.2874,0.3773,0.5615
2014,Buster Posey,9166,27,C,SFG,605,170,72,89,22,0,0.3108,0.3636,0.4899
2014,Jonathan Lucroy,7870,28,C,MIL,655,176,73,69,13,4,0.3009,0.3725,0.465
2014,Andrew McCutchen,9847,27,OF,PIT,648,172,89,83,25,18,0.3139,0.4105,0.542
2014,Giancarlo Stanton,4949,24,DH/OF,MIA,638,155,89,105,37,13,0.2876,0.395,0.5547
2014,Michael Brantley,4106,27,OF,CLE,676,200,94,97,20,23,0.3273,0.3846,0.5057
2014,Anthony Rendon,12861,24,3B,WSN,683,176,111,83,21,17,0.2871,0.351,0.4731
2014,José Bautista,1887,33,OF,TOR,673,158,101,103,35,6,0.2857,0.4033,0.5244
2014,Russell Martin,4616,31,C,PIT,460,110,45,67,11,4,0.2902,0.4017,0.4301
2014,Adrian Beltré,639,35,3B,TEX,614,178,79,77,19,1,0.3242,0.3876,0.4918
2014,Carlos Gómez,4881,28,OF,MIL,644,163,95,73,23,34,0.284,0.3561,0.4774
2014,Josh Donaldson,5038,28,3B,OAK,695,155,93,98,29,8,0.2549,0.3424,0.4556
2014,Robinson Canó,3269,31,2B,SEA,665,187,77,82,14,10,0.3143,0.382,0.4538
2014,Yasiel Puig,14225,23,OF,LAD,640,165,92,69,16,11,0.2957,0.3824,0.4803
2014,Alex Gordon,5209,30,OF,KCR,643,150,87,74,19,12,0.2664,0.3515,0.4316
2014,Anthony Rizzo,3473,24,1B,CHC,616,150,89,78,32,5,0.2863,0.3864,0.5267
2014,José Abreu,15676,27,1B,CHW,622,176,80,107,36,3,0.3165,0.3826,0.5809
2014,Jayson Werth,1327,35,OF,WSN,629,156,85,82,16,9,0.2921,0.3943,0.4551
2014,Jose Altuve,5417,24,2B,HOU,707,225,85,59,7,56,0.3409,0.3768,0.453
2014,Miguel Cabrera,1744,31,1B/3B,DET,685,191,101,109,25,1,0.3126,0.3708,0.5237
2014,Kyle Seager,9785,26,3B,SEA,654,158,71,96,25,7,0.2678,0.3338,0.4542
2014,Troy Tulowitzki,3531,29,SS,COL,375,107,71,52,21,1,0.3397,0.432,0.6032
2014,Yan Gomes,9627,26,C,CLE,518,135,61,74,21,0,0.2784,0.3127,0.4722
2014,René Rivera,3648,30,C,SDP,329,74,27,44,11,0,0.2517,0.319,0.432
2014,Josh Harrison,8202,26,2B/3B,PIT,550,164,77,52,13,18,0.3154,0.3467,0.4904
2014,Ben Zobrist,7435,33,2B/OF,TBR,654,155,83,52,10,10,0.2719,0.3543,0.3947
2014,Jason Heyward,4940,24,OF,ATL,649,155,74,58,11,20,0.2705,0.3513,0.3839
2014,Adam Jones,6368,28,OF,BAL,682,181,88,96,29,7,0.2811,0.3109,0.4689
2014,Howie Kendrick,4229,30,2B,LAA,674,181,85,75,7,14,0.2934,0.3472,0.3971
2014,Jhonny Peralta,1738,32,SS,STL,628,147,61,75,21,3,0.2625,0.336,0.4429
2014,Victor Martinez,393,35,C/DH,DET,641,188,87,103,32,3,0.3351,0.4087,0.5651
2014,Todd Frazier,785,28,3B,CIN,660,163,88,80,29,20,0.273,0.3364,0.459
2014,Ian Kinsler,6195,32,2B,DET,726,188,100,92,17,15,0.2749,0.3071,0.4196
2014,Starling Marte,9241,25,OF,PIT,545,144,73,56,13,30,0.2909,0.356,0.4525
2014,Brian Dozier,9810,27,2B,MIN,707,145,112,71,23,21,0.2425,0.3452,0.4164
2014,Steve Pearce,9957,31,1B/OF,BAL,383,99,51,49,21,5,0.2929,0.3734,0.5562
2014,Marcell Ozuna,10324,23,DH/OF,MIA,612,152,72,85,23,3,0.269,0.317,0.4549
2014,Freddie Freeman,5361,24,1B,ATL,708,175,93,78,18,3,0.2883,0.3856,0.4613
2014,Lorenzo Cain,9077,28,OF,KCR,502,142,55,53,5,28,0.3015,0.3386,0.4119
2014,Paul Goldschmidt,9218,26,1B,ARI,479,122,75,69,19,9,0.3005,0.3958,0.5419
2014,Denard Span,8347,30,OF,WSN,668,184,94,37,5,31,0.3016,0.3549,0.4164
2014,Erick Aybar,4082,30,SS,LAA,641,164,77,68,7,16,0.2784,0.3213,0.3786
2014,Ian Desmond,6885,28,SS/OF,WSN,648,151,73,91,24,24,0.2546,0.3133,0.43
2014,Neil Walker,7539,28,2B,PIT,571,139,74,76,23,2,0.2715,0.3421,0.4668
2014,Christian Yelich,11477,22,OF,MIA,660,165,94,54,9,21,0.2835,0.3623,0.4021
2014,Hunter Pence,8252,31,OF,SFG,708,180,106,74,20,13,0.2769,0.3319,0.4446
2014,Mike Zunino,13265,23,C,SEA,476,87,51,60,22,0,0.1986,0.2542,0.4041
2014,Devin Mesoraco,5666,26,C,CIN,440,105,54,80,25,1,0.2734,0.3591,0.5339
2014,Danny Santana,10322,23,OF,MIN,430,129,70,40,7,20,0.3185,0.3528,0.4716
2014,Nelson Cruz,2434,33,DH/OF,BAL,678,166,87,108,40,4,0.2708,0.3333,0.5253
2014,J.D. Martinez,6184,26,DH/OF,DET,480,139,57,76,23,6,0.3152,0.3583,0.5533
2014,Dustin Pedroia,8370,30,2B,BOS,609,153,72,53,7,6,0.2777,0.3366,0.3757
2014,José Reyes,1736,31,SS,TOR,655,175,94,51,9,30,0.2869,0.3277,0.3984
2014,Jimmy Rollins,971,35,SS,PHI,609,131,78,55,17,28,0.2435,0.3234,0.3941
2014,Hanley Ramirez,8001,30,SS,LAD,512,127,64,71,13,14,0.2829,0.3691,0.4477
2014,Justin Upton,5222,26,OF,ATL,641,153,77,102,29,8,0.2703,0.3422,0.4912
2014,Chase Utley,1679,35,2B,PHI,664,159,74,78,11,10,0.2699,0.3389,0.4075
2014,Adam Eaton,11205,25,OF,CHW,538,146,76,35,1,15,0.3004,0.3619,0.4012
2014,Edwin Encarnación,2151,31,1B/3B/DH,TOR,542,128,75,98,34,2,0.2683,0.3542,0.5472
2014,Adrián González,1908,32,1B,LAD,660,163,83,116,27,1,0.2758,0.3348,0.4822
2014,Evan Longoria,9368,28,3B,TBR,700,158,83,91,22,5,0.2532,0.3205,0.4038
2014,Leonys Martin,11846,26,OF,TEX,583,146,68,40,7,31,0.2739,0.3247,0.364
2014,Dee Strange-Gordon,8203,26,2B,LAD,650,176,92,34,2,64,0.289,0.3261,0.3777
2014,Jacoby Ellsbury,4727,30,OF,NYY,635,156,71,70,16,39,0.2713,0.3281,0.4191
2014,Alcides Escobar,6310,27,SS,KCR,620,165,74,50,3,31,0.285,0.317,0.3765
2014,Yoenis Cespedes,13110,28,OF,2 Tms,645,156,89,100,22,7,0.26,0.3008,0.45
2014,Matt Carpenter,8090,28,3B,STL,709,162,99,59,8,5,0.2723,0.3748,0.3748
2014,Chase Headley,4720,30,3B,2 Tms,531,114,55,49,13,7,0.2426,0.3277,0.3723
2014,Kole Calhoun,11200,26,OF,LAA,537,134,90,58,17,5,0.2718,0.3252,0.4503
2014,Juan Uribe,454,35,3B/SS,LAD,404,120,36,54,9,0,0.3109,0.3366,0.4404
2014,Justin Turner,5235,29,3B,LAD,322,98,46,43,7,6,0.3403,0.4037,0.4931
2014,Trevor Plouffe,7462,28,3B,MIN,582,134,69,80,14,2,0.2577,0.3282,0.4231
2014,Brett Gardner,9927,30,OF,NYY,636,142,87,58,17,21,0.2559,0.3274,0.4216
2014,Miguel Montero,3364,30,C,ARI,560,119,40,72,13,0,0.2434,0.3286,0.3701
2014,Alexei Ramirez,5133,32,SS,CHW,657,170,82,74,15,21,0.2733,0.3049,0.4084
2014,Pablo Sandoval,5409,27,3B,SFG,638,164,68,73,16,0,0.2789,0.3245,0.415
2014,Yadier Molina,7007,31,C,STL,445,114,40,38,7,1,0.2822,0.3333,0.3861
2014,Luis Valbuena,4969,28,3B,CHC,547,119,68,51,16,1,0.249,0.3407,0.4351
2014,Brian McCann,4810,30,C,NYY,538,115,57,75,23,0,0.2323,0.2862,0.4061
2014,Starlin Castro,4579,24,2B/SS,CHC,569,154,58,65,14,4,0.2917,0.3392,0.4375
2014,Matt Holliday,1873,34,OF,STL,667,156,83,90,20,4,0.2718,0.3703,0.4408
2014,Lucas Duda,2502,28,1B/OF,NYM,596,130,74,92,30,3,0.2529,0.349,0.4805
2014,Travis d'Arnaud,7739,25,C,NYM,421,93,48,41,13,1,0.2416,0.3024,0.4156
2014,Melky Cabrera,4022,29,OF,TOR,621,171,81,73,16,6,0.3011,0.3506,0.4577
2014,Tyler Flowers,9134,28,C,CHW,442,98,42,50,15,0,0.2408,0.2971,0.3956
2014,J.J. Hardy,3797,31,SS,BAL,569,142,56,52,9,0,0.2684,0.3092,0.3724
2014,AJ Pollock,9256,26,OF,ARI,287,80,41,24,7,14,0.3019,0.3531,0.4981
2014,Juan Lagares,5384,25,OF,NYM,452,117,46,47,4,13,0.2812,0.3207,0.3822
2014,Hank Conger,2505,26,C,LAA,260,51,24,25,4,0,0.2208,0.293,0.3247
2014,Kevin Kiermaier,11038,24,OF,TBR,364,87,35,35,10,5,0.2628,0.3148,0.4502
2014,Scott Van Slyke,4365,27,OF,LAD,246,63,32,29,11,4,0.2972,0.3862,0.5236
2014,Corey Dickerson,10762,25,OF,COL,478,136,74,76,24,8,0.3119,0.364,0.5665
2014,Yasmani Grandal,11368,25,C,SDP,443,85,47,49,15,3,0.2255,0.3273,0.4005
2014,Brandon Crawford,5343,27,SS,SFG,564,121,54,69,10,5,0.2464,0.3238,0.389
2014,Albert Pujols,1177,34,1B,LAA,695,172,89,105,28,5,0.2717,0.3237,0.466
2014,Desmond Jennings,1965,27,OF,TBR,542,117,64,36,10,15,0.2443,0.3189,0.3779
2014,Billy Hamilton,10199,23,OF,CIN,611,141,72,48,6,56,0.2504,0.2924,0.3552
2014,Drew Stubbs,9328,29,OF,COL,424,112,67,43,15,20,0.2887,0.3389,0.482
2014,Brandon Moss,4467,30,1B/OF,OAK,580,117,70,81,25,1,0.234,0.3345,0.438
2014,Seth Smith,7331,31,OF,SDP,521,118,55,48,12,1,0.2664,0.3673,0.4402
2014,Eduardo Escobar,6153,25,3B,MIN,465,119,52,37,6,1,0.2748,0.3145,0.4065
2014,Evan Gattis,11003,27,C/DH,ATL,401,97,41,52,22,0,0.2629,0.3167,0.4932
2014,Nolan Arenado,9777,23,3B,COL,467,124,58,61,18,2,0.287,0.3283,0.5
2014,Daniel Murphy,4316,29,1B/2B,NYM,642,172,79,57,9,13,0.2886,0.3318,0.4027
2014,Matt Kemp,5631,29,OF,LAD,599,155,77,89,25,8,0.2865,0.3456,0.5065
2014,David Freese,9549,31,3B,LAA,511,120,53,55,10,1,0.2597,0.3209,0.3831
2014,Carl Crawford,1201,32,OF,LAD,370,103,56,46,8,23,0.3003,0.3388,0.4286
2014,Jarrod Dyson,4866,29,OF,KCR,290,70,33,24,1,36,0.2692,0.3239,0.3269
2014,Chris Coghlan,6878,29,OF,CHC,432,109,50,41,9,7,0.2831,0.352,0.4519
2014,Justin Morneau,1737,33,1B,COL,550,160,62,82,17,0,0.3187,0.3636,0.496
2014,Nick Markakis,5930,30,OF,BAL,710,177,81,50,14,4,0.2757,0.3423,0.3863
2014,Carlos Santana,2396,28,1B,CLE,660,125,68,85,27,5,0.2311,0.3652,0.427
2014,Manny Machado,11493,21,3B,BAL,354,91,38,32,12,2,0.2783,0.3239,0.43120000000000003
2014,Daniel Nava,5450,31,OF,BOS,408,98,41,37,4,4,0.27,0.3456,0.3609
2014,David Ortiz,745,38,DH,BOS,602,136,59,104,35,0,0.2625,0.3555,0.5174
2014,Rajai Davis,3708,33,OF,DET,494,130,64,51,8,36,0.282,0.3198,0.4013
2014,Derek Norris,6867,25,C,OAK,442,104,46,55,10,2,0.2701,0.3605,0.4026
2014,Marlon Byrd,950,36,OF,PHI,637,156,71,85,25,3,0.264,0.3124,0.445
2014,Brock Holt,9345,26,2B/3B/OF,BOS,492,126,68,29,4,12,0.2806,0.3306,0.3808
2014,Josh Reddick,3892,27,OF,OAK,396,96,53,54,12,1,0.2645,0.3165,0.4463
2014,Jason Castro,8722,27,C,HOU,512,103,43,56,14,1,0.2215,0.2857,0.3656
2014,Dexter Fowler,4062,28,OF,HOU,505,120,61,35,8,11,0.2765,0.375,0.3986
2014,Christian Vázquez,9774,23,C,BOS,201,42,15,20,1,0,0.24,0.3081,0.3086
2014,Mike Napoli,3057,32,C/1B,BOS,500,103,49,55,17,3,0.2482,0.37,0.4193
2014,Adam LaRoche,1904,34,1B,WSN,586,128,73,92,26,3,0.2591,0.3618,0.4555
2014,Chris Iannetta,8267,31,C,LAA,373,77,41,43,7,3,0.2516,0.3727,0.3922
2014,Jordy Mercer,6547,27,SS,PIT,555,129,56,55,12,4,0.2549,0.3055,0.3874
2014,Emilio Bonifácio,4054,29,2B/OF,2 Tms,426,102,47,24,3,26,0.2589,0.3048,0.3452
2014,Ender Inciarte,4922,23,OF,ARI,447,116,54,27,4,19,0.2775,0.3183,0.3589
2014,Asdrúbal Cabrera,4962,28,SS,2 Tms,616,133,74,61,14,10,0.2405,0.3073,0.387
2014,Grégor Blanco,3123,30,OF,SFG,444,102,51,38,5,16,0.2595,0.3333,0.374
2014,Casey McGehee,6086,31,3B,MIA,691,177,56,76,4,4,0.2873,0.3546,0.3571
2014,Michael Saunders,9981,27,OF,SEA,263,63,38,34,8,4,0.2727,0.341,0.4502
2014,Chris Carter,9911,27,1B/DH,HOU,572,115,68,88,37,5,0.2268,0.3077,0.4911
2014,Francisco Cervelli,5275,28,C,NYY,162,44,18,13,2,1,0.3014,0.3704,0.4315
2014,George Springer,12856,24,OF,HOU,345,68,45,51,20,5,0.2305,0.3362,0.4678
2014,Sam Fuld,8254,32,OF,2 Tms,402,84,40,36,4,21,0.2393,0.3207,0.3419
2014,Norichika Aoki,13075,32,OF,KCR,549,140,63,43,1,17,0.2851,0.3494,0.3605
2014,Kolten Wong,12532,23,2B,STL,433,100,52,42,12,20,0.2488,0.2921,0.3881
2014,Ángel Pagán,2918,32,OF,SFG,413,115,56,27,3,16,0.3003,0.3422,0.389
2014,Carlos Ruiz,2579,35,C,PHI,445,96,43,31,6,4,0.252,0.3468,0.3701
2014,Caleb Joseph,7087,28,C,BAL,275,51,22,28,9,0,0.2073,0.2639,0.3537
2014,Elvis Andrus,8709,25,SS,TEX,685,163,72,41,2,27,0.2633,0.3141,0.3328
2014,Mookie Betts,13611,21,OF,BOS,213,55,34,18,5,7,0.291,0.3679,0.4444
2014,Ben Revere,4712,26,OF,PHI,626,184,71,28,2,49,0.30620000000000003,0.3247,0.3611
2014,Salvador Perez,7304,24,C,KCR,606,150,57,70,17,1,0.2595,0.2888,0.4031
2014,Matt Adams,9393,25,1B,STL,563,152,55,68,15,3,0.2884,0.3215,0.4573
2014,Scooter Gennett,10339,24,2B,MIL,474,127,55,54,9,6,0.2886,0.3197,0.4341
2014,Brandon Guyer,2636,28,OF,TBR,294,69,37,26,3,6,0.2664,0.3345,0.3668
2014,Jed Lowrie,4418,30,2B/SS,OAK,566,125,59,50,6,0,0.249,0.3209,0.3546
2014,Conor Gillaspie,9009,26,3B,CHW,506,131,50,57,7,0,0.2823,0.336,0.4159
2014,Kristopher Negrón,5306,28,OF,CIN,158,39,19,17,6,5,0.2708,0.3312,0.4792
2014,Adam Lind,8027,30,1B/DH,TOR,318,93,38,40,6,0,0.3207,0.3805,0.4793
2014,Jon Jay,5227,29,OF,STL,468,125,52,46,3,6,0.3027,0.372,0.3777
2014,Yangervis Solarte,5352,26,2B/3B,2 Tms,535,122,56,48,10,0,0.2601,0.3365,0.3689
2014,Aramis Ramirez,1002,36,3B,MIL,531,141,47,66,15,3,0.2854,0.3296,0.4271
2014,Joe Mauer,1857,31,C/1B,MIN,518,126,60,55,4,3,0.2769,0.361,0.3714
2014,Coco Crisp,1572,34,OF,OAK,536,114,68,47,9,19,0.2462,0.3364,0.3629
2014,Andrelton Simmons,10847,24,SS,ATL,576,132,44,46,7,4,0.2444,0.2857,0.3315
2014,David Wright,3787,31,3B,NYM,586,144,54,63,8,8,0.2692,0.3242,0.3738
2014,Brett Lawrie,5247,24,2B/3B,TOR,282,64,27,38,12,0,0.2471,0.3014,0.4208
2014,Bryce Harper,11579,21,OF,WSN,395,96,41,32,13,2,0.2727,0.3444,0.4233
2014,Michael Morse,3035,32,1B/OF,SFG,482,122,48,61,16,0,0.2785,0.3361,0.4749
2014,Travis Snider,2830,26,OF,PIT,359,85,37,38,13,1,0.264,0.338,0.4379
2014,Lonnie Chisenhall,7571,25,3B/OF,CLE,533,134,62,59,13,3,0.2803,0.3428,0.4268
2014,Michael Cuddyer,1534,35,OF,COL,205,63,32,31,10,3,0.3316,0.3756,0.5789
2014,Chris Stewart,3878,32,C,PIT,154,40,9,10,0,0,0.2941,0.3618,0.3309
2014,Colby Rasmus,9893,27,OF,TOR,376,78,45,40,18,4,0.2254,0.2872,0.448
2014,Martín Prado,3312,30,3B,2 Tms,573,151,62,58,12,3,0.2817,0.3211,0.4123
2014,Stephen Vogt,5000,29,C,OAK,287,75,26,35,9,1,0.2788,0.3206,0.43120000000000003
2014,Rubén Tejada,5519,24,SS,NYM,419,84,30,34,5,1,0.2366,0.3422,0.3099
2014,Matt Joyce,3353,29,OF,TBR,493,106,51,52,9,2,0.2536,0.3489,0.3828
2014,Chris Owings,10030,22,2B/SS,ARI,332,81,34,26,6,8,0.2613,0.3,0.4065
2014,Ryan Hanigan,4952,33,C,TBR,263,49,18,34,5,1,0.2178,0.318,0.3244
2014,Khris Davis,9112,26,DH/OF,MIL,549,122,70,69,22,4,0.2435,0.2987,0.4571
2014,Collin Cowgill,7250,28,OF,LAA,293,65,37,21,5,4,0.25,0.3299,0.3538
2014,Brandon Phillips,791,33,2B,CIN,499,123,44,51,8,2,0.2662,0.3058,0.3723
2014,Cliff Pennington,3395,30,2B/SS,ARI,201,45,21,10,2,6,0.2542,0.34,0.3503
2014,Josh Willingham,2103,35,OF,2 Tms,364,64,48,40,14,2,0.2155,0.3462,0.3973
2014,Zack Cozart,2616,28,SS,CIN,543,112,48,38,4,7,0.2213,0.2677,0.3004
2014,Robinson Chirinos,3142,30,C,TEX,338,73,36,40,13,0,0.2386,0.2904,0.415
2014,Charlie Blackmon,7859,27,OF,COL,648,171,82,72,19,28,0.2884,0.3349,0.4401
2014,Joe Panik,11936,23,2B,SFG,287,82,31,18,1,0,0.3048,0.3427,0.368
2014,Marwin Gonzalez,5497,25,SS,HOU,310,79,33,23,6,2,0.2772,0.3268,0.4
2014,Martín Maldonado,6887,27,C,MIL,126,26,14,16,4,0,0.2342,0.32,0.3874
2014,Craig Gentry,9571,30,OF,OAK,258,59,38,12,0,20,0.2543,0.3189,0.2888
2014,Rickie Weeks Jr.,1849,31,2B,MIL,286,69,36,29,8,3,0.2738,0.3566,0.4524
2014,Alex Avila,7476,27,C,DET,457,85,44,47,11,0,0.2179,0.3268,0.359
2014,Dustin Ackley,10099,26,2B/OF,SEA,542,123,64,65,14,8,0.245,0.2931,0.3984
2014,Brad Miller,12775,24,SS,SEA,411,81,47,36,10,4,0.2207,0.2882,0.3651
2014,Peter Bourjos,2578,27,OF,STL,294,61,32,24,4,9,0.2311,0.2941,0.3485
2014,Curtis Granderson,4747,33,OF,NYM,654,128,73,66,20,8,0.227,0.3257,0.3883
2014,David Lough,7215,28,OF,BAL,197,43,31,16,4,8,0.2471,0.3089,0.3851
2014,Carlos Corporán,5587,30,C,HOU,190,40,22,19,6,0,0.2353,0.3016,0.3765
2014,Wilmer Flores,5827,22,1B,NYM,274,65,28,29,6,1,0.251,0.2857,0.3784
2014,Ryan Zimmerman,4220,29,1B/3B,WSN,240,60,26,38,5,0,0.2804,0.3417,0.4486
2014,Juan Francisco,6978,27,1B/3B,TOR,320,63,40,43,16,0,0.2195,0.2906,0.4564
2014,David Ross,1551,37,C,BOS,171,28,16,15,7,0,0.1842,0.2604,0.3684
2014,Austin Jackson,9848,27,OF,2 Tms,656,153,71,47,4,20,0.2563,0.3084,0.3467
2014,Ryan Braun,3410,30,OF,MIL,580,141,68,81,19,11,0.266,0.3241,0.4528
2014,Torii Hunter,731,38,OF,DET,586,157,71,83,17,4,0.286,0.3191,0.4463
2014,Josh Hamilton,1875,33,OF,LAA,381,89,43,44,10,3,0.2633,0.3307,0.4142
2014,Kirk Nieuwenhuis,6400,26,OF,NYM,130,29,16,16,3,4,0.2589,0.3462,0.4821
2014,Darwin Barney,2430,28,2B,2 Tms,262,57,24,23,3,1,0.2405,0.3,0.3418
2014,Ichiro Suzuki,1101,40,OF,NYY,385,102,42,22,1,15,0.2841,0.3238,0.3398
2014,Enrique Hernández,10472,22,OF,2 Tms,134,30,13,14,3,0,0.2479,0.3209,0.4215
2014,Matthew den Dekker,11385,26,OF,NYM,174,38,23,7,0,7,0.25,0.3448,0.3224
2014,José Ramírez,13510,21,3B,CLE,266,62,27,17,2,10,0.2616,0.3004,0.346
2014,Mark Reynolds,7619,30,1B/3B,MIL,433,74,47,45,22,5,0.1958,0.287,0.3942
2014,David Peralta,2136,26,OF,ARI,348,94,40,36,8,6,0.2857,0.3199,0.4498
2014,Rougned Odor,12282,20,2B,TEX,417,100,39,48,9,4,0.2591,0.2968,0.4016
2014,Chris Taylor,13757,23,OF,SEA,151,39,16,9,0,5,0.2868,0.3467,0.3456
2014,Andre Ethier,6265,32,OF,LAD,380,85,29,42,4,2,0.2493,0.3219,0.3695
2014,Wilson Ramos,1433,26,C,WSN,361,91,32,47,11,0,0.2669,0.2992,0.3988
2014,Adam Rosales,9682,31,2B/3B/SS,TEX,181,43,20,19,4,4,0.2622,0.3278,0.378
2014,Chris Davis,9272,28,1B,BAL,525,88,65,72,26,2,0.1956,0.2996,0.4044
2014,Anthony Gose,5097,23,OF,TOR,274,54,31,13,2,15,0.2259,0.3111,0.2929
2014,Oswaldo Arcia,10306,23,OF,MIN,410,86,46,57,20,1,0.2312,0.3,0.4516
2014,Delmon Young,2140,28,OF,BAL,255,73,27,30,7,2,0.3017,0.3373,0.4421
2014,Chris Young,3882,30,OF,2 Tms,366,72,40,38,11,8,0.2215,0.2986,0.3846
2014,Eugenio Suárez,12552,22,3B,DET,277,59,33,23,4,3,0.2418,0.3162,0.3361
2014,James Loney,4556,30,1B,TBR,651,174,59,69,9,4,0.29,0.3364,0.38
2014,Michael McKenry,9628,29,C,COL,192,53,23,22,8,0,0.3155,0.3979,0.5119
2014,Alejandro De Aza,3371,30,OF,2 Tms,528,120,56,41,8,17,0.2516,0.3143,0.3857
2014,Donovan Solano,8623,26,2B,MIA,340,78,26,28,3,1,0.2516,0.3003,0.3226
2014,Eric Young Jr.,7158,29,OF,NYM,316,64,48,17,1,30,0.2286,0.299,0.3107
2014,Joey Votto,4314,30,1B,CIN,272,56,32,23,6,1,0.2545,0.3897,0.4091
2014,José Molina,25,39,C,TBR,247,40,4,10,0,3,0.1778,0.2305,0.1867
2014,Logan Morrison,9205,26,1B/OF,SEA,365,88,41,38,11,5,0.2619,0.3151,0.4196
2014,Brandon Belt,10264,26,1B,SFG,235,52,30,27,12,3,0.243,0.3064,0.4486
2014,Will Venable,211,31,OF,SDP,448,91,47,33,8,11,0.2241,0.2876,0.3251
2014,Drew Butera,3411,30,C,LAD,192,32,16,14,3,0,0.1882,0.267,0.2882
2014,Gerardo Parra,8553,27,OF,2 Tms,574,138,64,40,9,9,0.2609,0.3081,0.3686
2014,Alexi Amarista,9063,25,2B/SS/OF,SDP,466,101,39,40,5,12,0.2388,0.286,0.3144
2014,Ramon Santiago,1417,34,2B/SS,CIN,214,44,20,17,2,2,0.2458,0.343,0.324
2014,Mark Teixeira,1281,34,1B,NYY,508,95,56,62,22,1,0.2159,0.313,0.3977
2014,Ryan Flaherty,7888,27,2B/3B,BAL,312,62,33,32,7,1,0.2206,0.288,0.3559
2014,Chris Heisey,3978,29,OF,CIN,299,61,34,22,8,9,0.2218,0.2653,0.3782
2014,Arismendy Alcántara,10711,22,2B/OF,CHC,300,57,31,29,10,8,0.205,0.2542,0.3669
2014,Jason Kipnis,9776,27,2B,CLE,555,120,61,41,6,22,0.24,0.3105,0.33
2014,Ike Davis,8433,27,1B,2 Tms,427,84,43,51,11,0,0.2333,0.3443,0.3778
2014,Erik Kratz,4403,34,C,2 Tms,115,24,12,13,5,0,0.2182,0.2435,0.3909
2014,Danny Espinosa,9219,27,2B/SS,WSN,364,73,31,27,8,8,0.2192,0.283,0.3514
2014,Kelly Johnson,2234,32,2B,3 Tms,297,57,29,27,7,2,0.2151,0.2963,0.3623
2014,Matt Wieters,4298,28,C,BAL,112,32,13,18,5,0,0.3077,0.3393,0.5
2014,Robbie Grossman,5254,24,OF,HOU,422,84,42,37,6,9,0.2333,0.3365,0.3333
2014,Tommy Medica,11147,26,1B,SDP,259,56,31,27,9,6,0.2333,0.2857,0.4083
2014,John Jaso,5887,30,C,OAK,344,81,42,40,9,2,0.2638,0.3372,0.43
2014,Cody Asche,11997,24,3B/OF,PHI,434,100,43,46,10,0,0.2519,0.3086,0.3904
2014,Abraham Almonte,5486,25,OF,2 Tms,220,47,19,15,3,4,0.2304,0.2752,0.3333
2014,Jake Marisnick,11339,23,OF,2 Tms,237,55,21,19,3,11,0.2489,0.2809,0.3258
2014,Danny Valencia,6364,29,3B,2 Tms,284,68,20,30,4,1,0.2576,0.2958,0.3712
2014,Michael Bourn,6387,31,OF,CLE,487,114,57,28,3,10,0.2568,0.314,0.3604
2014,John Mayberry Jr.,3390,30,OF,2 Tms,168,31,15,23,7,0,0.2123,0.3095,0.4247
2014,David DeJesus,1825,34,OF,TBR,273,59,24,19,6,0,0.2479,0.3443,0.4034
2014,Gregorio Petit,3812,29,2B/SS,HOU,100,27,14,9,2,0,0.2784,0.3,0.4227
2014,Travis Ishikawa,4793,30,1B,2 Tms,119,27,9,18,3,0,0.2523,0.3109,0.3925
2014,Jose Lobatón,4243,29,C,WSN,230,50,18,12,2,0,0.2336,0.287,0.3037
2014,Omar Infante,1609,32,2B,KCR,575,133,50,66,6,9,0.2519,0.2947,0.3371
2014,Justin Ruggiano,7620,32,OF,CHC,250,63,29,28,6,2,0.2812,0.3373,0.4286
2014,Marcus Semien,12533,23,2B/SS,CHW,255,54,30,28,6,3,0.2338,0.3004,0.3723
2014,Gregory Polanco,12907,22,OF,PIT,312,65,50,33,7,14,0.2347,0.3074,0.343
2014,Kennys Vargas,12101,23,1B/DH,MIN,234,59,26,38,9,0,0.2744,0.3162,0.4558
2014,Adeiny Hechavarría,10459,25,SS,MIA,574,148,53,34,1,7,0.2761,0.3076,0.3563
2014,Yonder Alonso,2530,27,1B,SDP,288,64,27,27,7,6,0.2397,0.2847,0.397
2014,Brandon Hicks,4003,28,2B,SFG,242,33,27,22,8,0,0.1618,0.2803,0.3186
2014,Wilin Rosario,8002,25,C,COL,410,102,46,54,13,1,0.267,0.3049,0.4346
2014,Wil Nieves,1556,36,C,PHI,128,31,9,7,1,1,0.2541,0.2698,0.3443
2014,Adam Dunn,319,34,1B/OF,2 Tms,511,94,49,64,22,1,0.2191,0.3366,0.4149
2014,Ryan Rua,12409,24,1B/OF,TEX,109,31,11,14,2,1,0.2952,0.3211,0.419
2014,Yunel Escobar,4191,31,3B/SS,TBR,529,123,33,39,7,1,0.2584,0.3238,0.3403
2014,Shin-Soo Choo,3174,31,OF,TEX,529,110,58,40,13,3,0.2418,0.3403,0.3736
2014,Eric Campbell,6938,27,1B/3B,NYM,211,50,16,16,3,3,0.2632,0.3223,0.3579
2014,Chris Gimenez,7324,31,C,2 Tms,128,28,13,11,0,0,0.2414,0.3125,0.3276
2014,Chris Johnson,1191,29,3B,ATL,611,153,43,58,10,6,0.2629,0.2923,0.3608
2014,Derek Dietrich,10542,24,2B/OF,MIA,183,36,31,17,5,1,0.2278,0.326,0.3861
2014,Mike Moustakas,4892,25,3B,KCR,500,97,45,54,15,1,0.2123,0.2705,0.3611
2014,Nick Castellanos,11737,22,3B/OF,DET,579,138,50,66,11,2,0.2589,0.3057,0.394
2014,Jonathan Schoop,11265,22,2B,BAL,481,95,48,45,16,2,0.2088,0.2437,0.3538
2014,Kevin Pillar,12434,25,OF,TOR,122,31,19,7,2,1,0.2672,0.2951,0.3966
2014,Ryan Sweeney,6352,29,OF,CHC,226,52,22,20,3,0,0.2512,0.3036,0.3382
2014,Munenori Kawasaki,13047,33,2B/SS,TOR,274,62,31,17,0,1,0.2583,0.3271,0.2958
2014,Ramiro Pena,8841,28,2B/3B/SS,ATL,165,36,9,9,3,1,0.2449,0.3043,0.3469
2014,Welington Castillo,3256,27,C,CHC,417,90,28,46,13,0,0.2368,0.2964,0.3895
2014,Didi Gregorius,6012,24,SS,ARI,299,61,35,27,6,3,0.2259,0.2896,0.363
2014,Phil Gosselin,10953,25,2B/3B,ATL,136,34,17,3,1,2,0.2656,0.3037,0.3203
2014,Clint Barmes,1830,35,2B/SS,PIT,116,25,15,7,0,1,0.2451,0.3276,0.2941
2014,Garrett Jones,2714,33,1B/OF,MIA,547,122,59,53,15,0,0.246,0.309,0.4113
2014,Pedro Álvarez,2495,27,3B,PIT,445,92,46,56,18,8,0.2312,0.3124,0.4045
2014,Cameron Maybin,5223,27,OF,SDP,272,59,24,15,1,4,0.2351,0.2904,0.3307
2014,DJ LeMahieu,9874,25,2B,COL,538,132,59,42,5,10,0.2672,0.3145,0.3482
2014,Randal Grichuk,10243,22,OF,STL,116,27,11,8,3,0,0.2455,0.2783,0.4
2014,Brian Roberts,166,36,2B,NYY,348,75,40,21,5,7,0.2366,0.2997,0.3596
2014,Darin Ruf,9929,27,1B/OF,PHI,117,24,13,8,3,0,0.2353,0.3103,0.402
2014,Jonny Gomes,1845,33,DH/OF,2 Tms,321,64,28,37,6,0,0.2344,0.3271,0.3297
2014,Alex Rios,2090,33,OF,TEX,521,138,54,54,4,17,0.2805,0.3109,0.3984
2014,Sean Rodríguez,6589,29,2B,TBR,259,50,30,41,12,2,0.211,0.2578,0.443
2014,Jordan Danks,9187,27,OF,CHW,132,26,14,10,2,5,0.2222,0.303,0.2906
2014,Efren Navarro,9854,28,1B/OF,LAA,174,39,17,14,1,1,0.2453,0.3023,0.3396
2014,Jordan Schafer,9883,27,OF,2 Tms,240,50,26,15,1,30,0.2381,0.3103,0.3048
2014,Shane Victorino,1677,33,OF,BOS,133,33,14,12,2,2,0.2683,0.303,0.3821
2014,Jackie Bradley Jr.,12984,24,OF,BOS,423,76,45,30,1,8,0.1979,0.2654,0.2656
2014,Nick Punto,1429,36,2B/3B/SS,OAK,224,41,21,14,2,3,0.2071,0.296,0.2929
2014,Jeff Mathis,3448,31,C,MIA,195,35,12,12,2,0,0.2,0.2632,0.2743
2014,Derek Jeter,826,40,SS,NYY,634,149,47,50,4,10,0.2565,0.3035,0.3133
2014,Daniel Robertson,6266,28,OF,TEX,197,48,23,21,0,6,0.2712,0.3333,0.3333
2014,Tommy La Stella,12371,25,2B/3B,ATL,360,80,22,31,1,2,0.2508,0.3277,0.3166
2014,Jean Segura,5933,24,2B/SS,MIL,557,126,61,31,5,20,0.2456,0.2888,0.3255
2014,Aaron Hicks,5297,24,OF,MIN,225,40,22,18,1,4,0.2151,0.3408,0.2742
2014,Willie Bloomquist,1066,36,SS/OF,SEA,139,37,15,14,1,1,0.2782,0.2971,0.3459
2014,Andrew Romine,1159,28,3B/SS,DET,273,57,30,12,2,12,0.2271,0.2788,0.2749
2014,Jordany Valdespin,5098,26,2B/OF,MIA,113,21,8,10,3,1,0.2143,0.2804,0.3469
2014,Eduardo Núñez,6848,27,3B/SS,MIN,213,51,26,24,4,9,0.25,0.2714,0.3824
2014,Brandon Barnes,629,28,OF,COL,313,75,37,27,8,5,0.2568,0.2932,0.4247
2014,Tyler Colvin,5310,28,OF,SFG,149,31,16,18,2,1,0.223,0.2685,0.3813
2014,Eric Sogard,7927,28,2B,OAK,329,65,38,22,1,11,0.2234,0.2985,0.268
2014,Jake Lamb,13329,23,3B,ARI,133,29,15,11,4,1,0.2302,0.2632,0.373
2014,Xander Bogaerts,12161,21,SS,BOS,594,129,60,46,12,2,0.2398,0.2973,0.3625
2014,Endy Chavez,768,36,OF,SEA,258,64,22,23,2,5,0.2759,0.3173,0.3707
2014,Chris Parmelee,2554,26,1B/OF,MIN,270,64,27,28,7,0,0.256,0.3074,0.384
2014,Héctor Sánchez,10289,24,C,SFG,177,32,8,28,3,0,0.1963,0.2373,0.3006
2014,Miguel Rojas,7802,25,SS,LAD,162,27,16,9,1,0,0.1812,0.2422,0.2215
2014,Steve Tolleson,4450,30,2B/3B,TOR,189,43,21,16,3,3,0.2529,0.3081,0.3706
2014,Jonathan Villar,10071,23,2B/SS,HOU,289,55,31,27,7,17,0.2091,0.2667,0.3536
2014,Ed Lucas,7532,32,3B,MIA,189,45,19,9,1,1,0.2514,0.2834,0.2961
2014,Tyler Moore,7244,27,1B/OF,WSN,100,21,8,14,4,0,0.2308,0.3,0.3846
2014,Luis Sardinas,13153,21,2B/SS,TEX,125,30,12,8,0,5,0.2609,0.3033,0.313
2014,Jonathan Herrera,4182,29,2B/SS,BOS,104,21,10,9,0,1,0.2333,0.3069,0.2889
2014,Gaby Sanchez,3361,30,1B,PIT,290,60,31,33,7,2,0.229,0.2931,0.3855
2014,B.J. Upton,5015,29,OF,ATL,582,108,67,35,12,20,0.2081,0.2867,0.3333
2014,Chris Denorfia,4400,33,OF,2 Tms,358,76,36,21,3,9,0.2303,0.2837,0.3182
2014,Nick Hundley,3376,30,C,2 Tms,233,53,18,22,6,1,0.2431,0.2727,0.3578
2014,Chris Dickerson,7095,32,OF,CLE,112,22,12,6,2,3,0.2245,0.3091,0.3265
2014,Ehire Adrianza,8418,24,3B/SS,SFG,106,23,10,5,0,1,0.2371,0.2788,0.299
2014,Brayan Peña,3231,32,C,CIN,372,88,23,26,5,2,0.2529,0.2911,0.3534
2014,Chris Valaika,1165,28,2B,CHC,131,28,10,13,3,1,0.2314,0.2824,0.3388
2014,Avisaíl García,5760,23,OF,CHW,190,42,19,29,7,4,0.2442,0.3053,0.4128
2014,Elian Herrera,5432,29,2B/3B/OF,MIL,140,37,14,5,0,4,0.2741,0.2878,0.3407
2014,Jeff Baker,2073,33,1B/2B,MIA,225,55,27,28,3,1,0.2644,0.3067,0.3942
2014,James Adduci,6448,29,1B/OF,TEX,114,17,13,8,1,3,0.1683,0.2389,0.2277
2014,Tuffy Gosewisch,5277,30,C,ARI,132,29,6,7,1,0,0.2248,0.2424,0.3101
2014,Logan Forsythe,7185,27,2B,TBR,336,67,32,26,6,2,0.2226,0.2874,0.3289
2014,Freddy Galvis,6609,24,SS,PHI,128,21,14,12,4,1,0.1765,0.2266,0.3193
2014,Moisés Sierra,6050,25,OF,2 Tms,170,37,22,9,2,3,0.2298,0.2647,0.3416
2014,Zach Walters,10622,24,DH/OF,2 Tms,137,23,16,17,10,0,0.1811,0.2409,0.4409
2014,Jake Goebbert,9431,26,1B,SDP,115,22,12,10,1,2,0.2178,0.313,0.3168
2014,Daniel Descalso,8392,27,2B/3B,STL,184,39,20,10,0,1,0.2422,0.3333,0.3106
2014,Nate McLouth,3190,32,OF,WSN,162,24,10,7,1,4,0.1727,0.2795,0.2374
2014,David Murphy,6035,32,OF,CLE,462,109,40,58,8,2,0.262,0.3189,0.3846
2014,Joaquin Arias,3817,29,3B,SFG,204,49,18,15,0,1,0.2539,0.2808,0.3005
2014,Yolmer Sánchez,11602,22,2B/3B,CHW,104,25,6,5,0,1,0.25,0.2692,0.3
2014,Jedd Gyorko,10816,25,2B/3B,SDP,443,84,37,51,10,3,0.21,0.2799,0.3325
2014,Wil Myers,10047,23,1B/OF,TBR,361,72,37,35,6,6,0.2215,0.2936,0.32
2014,Justin Smoak,9054,27,1B,SEA,276,50,28,30,7,0,0.2016,0.2754,0.3387
2014,C.J. Cron,12546,24,1B,LAA,253,62,28,37,11,0,0.2562,0.2885,0.4504
2014,Lyle Overbay,1617,37,1B,MIL,296,60,24,35,4,2,0.2326,0.3277,0.3333
2014,Don Kelly,2216,34,OF,DET,185,40,24,7,0,6,0.2454,0.3315,0.2883
2014,Eric Hosmer,3516,24,1B,KCR,547,136,54,58,9,4,0.2704,0.3181,0.3976
2014,Alex Presley,5305,28,OF,HOU,271,62,22,19,6,5,0.2441,0.2815,0.3465
2014,Kurt Suzuki,8259,30,C,MIN,503,130,37,61,3,0,0.2876,0.3446,0.3827
2014,Donnie Murphy,4704,31,2B/3B/SS,TEX,128,22,11,14,4,0,0.1964,0.2677,0.3304
2014,Bobby Abreu,945,40,OF,NYM,155,33,12,14,1,1,0.2481,0.3419,0.3383
2014,Logan Schafer,7937,27,OF,MIL,136,21,13,8,0,2,0.181,0.2782,0.2759
2014,Ryan Howard,2154,34,1B,PHI,648,127,65,95,23,0,0.2232,0.3102,0.3796
2014,Grant Green,10053,26,2B,LAA,103,27,7,11,1,1,0.2727,0.2816,0.3535
2014,Gordon Beckham,9015,27,2B,2 Tms,483,101,53,44,9,3,0.2265,0.2708,0.3475
2014,James Jones,9767,25,OF,SEA,328,78,46,9,0,27,0.25,0.2778,0.3109
2014,César Hernández,10556,24,2B,PHI,125,27,13,4,1,1,0.2368,0.2903,0.2807
2014,Carlos González,7287,28,OF,COL,281,62,35,38,11,3,0.2385,0.2918,0.4308
2014,Mike Aviles,5986,33,SS,CLE,374,85,38,39,5,14,0.2471,0.2727,0.343
2014,Josh Rutledge,11167,25,2B/SS,COL,342,83,44,33,4,2,0.2686,0.3234,0.4045
2014,Ryan Ludwick,1260,35,OF,CIN,400,87,28,45,9,0,0.2437,0.3081,0.3754
2014,Grady Sizemore,2197,31,OF,2 Tms,381,81,35,27,5,6,0.2334,0.2992,0.3545
2014,Josh Thole,9689,27,C,TOR,150,33,11,7,0,0,0.2481,0.3197,0.2782
2014,Jay Bruce,9892,27,OF,CIN,545,107,71,66,18,12,0.217,0.2812,0.3732
2014,Ryan Kalish,6962,26,OF,CHC,130,30,13,5,0,3,0.2479,0.2946,0.3471
2014,Junior Lake,4672,24,OF,CHC,326,65,30,25,9,7,0.211,0.2462,0.3506
2014,Prince Fielder,4613,30,1B,TEX,178,37,19,16,3,0,0.2467,0.3596,0.36
2014,Mark Ellis,1443,37,2B,STL,202,32,15,12,0,4,0.1798,0.2525,0.2135
2014,Jose Tabata,2411,25,OF,PIT,186,49,14,17,0,1,0.2816,0.3135,0.3333
2014,Mike Olt,10698,25,3B,CHC,258,36,23,33,12,0,0.16,0.2481,0.3556
2014,Aaron Hill,6104,32,2B,ARI,541,122,52,60,10,4,0.2435,0.2865,0.3673
2014,Juan Carlos Perez,5371,27,OF,SFG,109,17,13,3,1,0,0.17,0.2243,0.27
2014,Kevin Frandsen,7528,32,2B/3B,WSN,236,57,17,17,1,0,0.2591,0.2991,0.3091
2014,Anthony Recker,4063,30,C,NYM,189,35,18,27,7,1,0.2011,0.246,0.3736
2014,Everth Cabrera,8155,27,SS,SDP,391,83,36,20,3,18,0.2325,0.2723,0.2997
2014,Mark Trumbo,6876,28,1B/DH/OF,ARI,362,77,37,61,14,2,0.2348,0.2928,0.4146
2014,Josmil Pinto,6806,25,C/DH,MIN,197,37,25,18,7,0,0.2189,0.3147,0.3905
2014,Mitch Moreland,3086,28,1B,TEX,184,41,18,23,2,0,0.2455,0.2967,0.3473
2014,Billy Butler,7399,28,1B/DH,KCR,603,149,57,66,9,0,0.2714,0.3234,0.3789
2014,Carlos Beltrán,589,37,OF,NYY,449,94,46,49,15,3,0.2333,0.3007,0.402
2014,JB Shuck,6677,27,OF,2 Tms,114,16,12,9,2,2,0.1455,0.1681,0.2091
2014,Jesus Guzman,3118,30,1B/OF,HOU,184,31,10,9,2,3,0.1879,0.2717,0.2485
2014,Adrian Nieto,10294,24,C,CHW,118,25,8,7,2,0,0.2358,0.2957,0.3396
2014,Reed Johnson,1702,37,OF,MIA,201,44,24,25,2,0,0.2353,0.2663,0.3476
2014,Ryan Goins,9807,26,2B/SS,TOR,193,34,14,15,1,0,0.1878,0.2086,0.2707
2014,Chris Colabello,13051,30,1B/OF,MIN,220,47,17,39,6,0,0.2293,0.2818,0.3805
2014,Rymer Liriano,4779,23,OF,SDP,121,24,13,6,1,4,0.2202,0.2893,0.2661
2014,Carlos Quentin,6274,31,OF,SDP,155,23,9,18,4,0,0.1769,0.2839,0.3154
2014,Cody Ross,1760,33,OF,ARI,219,51,15,15,2,0,0.2525,0.3059,0.3218
2014,J.P. Arencibia,697,28,C,TEX,222,36,20,35,10,0,0.1773,0.2387,0.3695
2014,Marc Krauss,7577,26,1B/OF,HOU,208,36,16,21,6,0,0.1935,0.2788,0.3226
2014,Mike Carp,7480,28,1B/OF,2 Tms,149,22,11,13,0,0,0.1746,0.2886,0.2302
2014,Ryan Doumit,2113,33,C,ATL,166,31,11,17,5,1,0.1975,0.2349,0.3185
2014,Brendan Ryan,6073,32,SS,NYY,124,19,5,8,0,0,0.1667,0.2114,0.2018
2014,Christian Bethancourt,10028,22,C,ATL,117,28,7,9,0,1,0.2478,0.2735,0.2743
2014,L.J. Hoes,6656,24,OF,HOU,136,21,12,11,3,0,0.1721,0.2296,0.2869
2014,Jason Kubel,2161,32,DH/OF,MIN,176,35,12,13,1,1,0.2244,0.3125,0.2949
2014,Dioner Navarro,3179,30,C,TOR,520,132,40,69,12,3,0.2744,0.3173,0.395
2014,Javier Báez,12979,21,SS,CHC,229,36,25,20,9,5,0.169,0.2271,0.3239
2014,Stephen Drew,4251,31,SS,2 Tms,300,44,18,26,7,1,0.1624,0.2367,0.2989
2014,Skip Schumaker,3704,34,2B/OF,CIN,271,58,22,22,2,2,0.2348,0.2873,0.3077
2014,Will Middlebrooks,7002,25,3B,BOS,234,41,14,19,2,1,0.1907,0.2564,0.2651
2014,Dayan Viciedo,3917,25,OF,CHW,563,121,65,58,21,0,0.2314,0.2806,0.4054
2014,Dan Uggla,3442,34,2B,2 Tms,157,21,14,10,2,0,0.1489,0.2293,0.2128
2014,Oscar Taveras,11173,22,OF,STL,248,56,18,22,3,0,0.2393,0.2782,0.312
2014,Corey Hart,1945,32,OF,SEA,255,47,17,21,6,2,0.2026,0.2706,0.319
2014,Alfredo Marte,5212,25,OF,ARI,114,18,8,9,2,1,0.1698,0.2212,0.2925
2014,Jon Singleton,10441,22,1B,HOU,362,52,42,44,13,2,0.1677,0.2845,0.3355
2014,Alfonso Soriano,847,38,2B/OF,NYY,238,50,22,23,6,1,0.2212,0.2437,0.3673
2014,Tony Gwynn Jr.,6141,31,OF,PHI,127,16,14,3,0,3,0.1524,0.2645,0.1905
2014,Nate Schierholtz,6201,30,OF,2 Tms,383,69,32,37,7,4,0.1955,0.2428,0.3088
2014,Paul Konerko,242,38,1B,CHW,224,43,15,22,5,0,0.2067,0.2545,0.3173
2014,Charlie Culberson,3298,25,3B/OF,COL,233,41,17,24,3,2,0.1952,0.2533,0.2905
2014,Domonic Brown,3154,26,OF,PHI,512,111,47,63,10,7,0.2347,0.2852,0.3488
2014,Jordan Pacheco,2677,28,1B/3B,2 Tms,165,39,10,16,0,0,0.2549,0.2988,0.3333
2014,John Baker,4756,33,C,CHC,208,35,9,15,0,0,0.1923,0.2732,0.2308
2014,Stefen Romero,11746,25,OF,SEA,190,34,19,11,3,0,0.1921,0.234,0.2994
2014,Raul Ibanez,607,42,OF,2 Tms,280,41,23,26,5,3,0.1667,0.2643,0.2846
2014,Leury García,5913,23,OF,CHW,155,24,13,6,1,11,0.1655,0.1921,0.2069
2014,Alberto Callaspo,3336,31,2B/3B,OAK,451,90,37,39,4,0,0.2228,0.2905,0.2896
2014,Tony Cruz,2802,27,C,STL,150,27,11,17,1,0,0.2,0.2703,0.2593
2014,A.J. Pierzynski,746,37,C,2 Tms,362,85,25,37,5,0,0.2515,0.2881,0.3373
2014,Ryan Raburn,2218,33,OF,CLE,212,39,18,22,4,0,0.2,0.25,0.2974
2014,Bryan Holaday,11287,26,C,DET,171,36,14,15,0,1,0.2308,0.2663,0.2756
2014,Matt Dominguez,4903,24,3B,HOU,607,121,51,57,16,0,0.2145,0.2562,0.3298
2014,Kendrys Morales,8610,31,1B/DH,2 Tms,401,80,28,42,8,0,0.218,0.2743,0.3379
2014,Gerald Laird,1698,34,C,ATL,167,31,12,10,0,0,0.2039,0.2754,0.2566
2014,Allen Craig,3433,29,1B/OF,2 Tms,505,99,41,46,8,2,0.2148,0.2792,0.3145
2014,Nick Swisher,4599,33,1B/OF,CLE,401,75,33,42,8,0,0.2083,0.2775,0.3306
2014,A.J. Ellis,5677,33,C,LAD,347,54,21,25,3,0,0.1908,0.3227,0.2544
2014,Jarrod Saltalamacchia,5557,29,C,MIA,435,82,43,44,11,0,0.2198,0.3195,0.3619
2014,Michael Choice,11376,24,OF,TEX,280,46,20,36,9,1,0.1818,0.25,0.3202
2015,Bryce Harper,11579,22,OF,WSN,654,172,118,99,42,6,0.3301,0.4602,0.6488
2015,Mike Trout,10155,23,OF,LAA,682,172,104,90,41,11,0.2991,0.4018,0.5896
2015,Josh Donaldson,5038,29,3B,TOR,711,184,122,123,41,6,0.2968,0.3709,0.5677
2015,Joey Votto,4314,31,1B,CIN,695,171,95,80,29,11,0.3138,0.459,0.5413
2015,Paul Goldschmidt,9218,27,1B,ARI,695,182,103,110,33,21,0.321,0.4352,0.5697
2015,Buster Posey,9166,28,C,SFG,623,177,74,95,19,2,0.3178,0.3788,0.4704
2015,AJ Pollock,9256,27,OF,ARI,673,192,111,76,20,39,0.3153,0.367,0.4975
2015,Manny Machado,11493,22,3B,BAL,713,181,102,86,35,20,0.2859,0.3586,0.5024
2015,Lorenzo Cain,9077,29,OF,KCR,604,169,101,72,16,28,0.3067,0.3609,0.4773
2015,Kris Bryant,15429,23,3B/OF,CHC,650,154,87,99,26,13,0.2755,0.3692,0.4884
2015,Andrew McCutchen,9847,28,OF,PIT,685,165,91,96,23,11,0.2915,0.4015,0.4876
2015,Francisco Cervelli,5275,29,C,PIT,510,133,56,43,7,1,0.2949,0.3696,0.4013
2015,Yoenis Cespedes,13110,29,OF,2 Tms,676,184,101,105,35,7,0.2907,0.3284,0.5419
2015,Jason Heyward,4940,25,OF,STL,610,160,79,60,13,23,0.2925,0.3586,0.4388
2015,Chris Davis,9272,29,1B,BAL,670,150,100,117,47,2,0.2618,0.3612,0.562
2015,Curtis Granderson,4747,34,OF,NYM,682,150,98,70,26,11,0.2586,0.3636,0.4569
2015,Matt Carpenter,8090,29,3B,STL,665,156,101,84,28,4,0.2718,0.3654,0.5052
2015,Anthony Rizzo,3473,25,1B,CHC,701,163,94,101,31,17,0.2782,0.3866,0.5119
2015,José Bautista,1887,34,OF,TOR,666,136,108,114,40,8,0.2505,0.3769,0.5359
2015,J.D. Martinez,6184,27,DH/OF,DET,657,168,93,102,38,3,0.2819,0.344,0.5352
2015,Yasmani Grandal,11368,26,C,LAD,426,83,43,47,16,0,0.2338,0.3529,0.4028
2015,Nelson Cruz,2434,34,DH/OF,SEA,655,178,90,93,44,3,0.3017,0.3695,0.5661
2015,Dee Strange-Gordon,8203,27,2B,MIA,653,205,88,46,4,58,0.3333,0.3586,0.4179
2015,Mookie Betts,13611,22,OF,BOS,654,174,92,77,18,21,0.2915,0.341,0.4791
2015,Xander Bogaerts,12161,22,SS,BOS,654,196,84,81,7,10,0.3197,0.3548,0.4209
2015,Miguel Cabrera,1744,32,1B/3B,DET,511,145,64,76,18,1,0.338,0.4403,0.5338
2015,Edwin Encarnación,2151,32,1B/3B/DH,TOR,624,146,94,111,39,3,0.2765,0.3718,0.5568
2015,Jason Kipnis,9776,28,2B,CLE,641,171,86,52,9,12,0.3027,0.3721,0.4513
2015,Nolan Arenado,9777,24,3B,COL,665,177,97,130,42,2,0.2873,0.3233,0.5747
2015,Russell Martin,4616,32,C,TOR,507,106,76,77,23,4,0.2404,0.3294,0.458
2015,Jose Altuve,5417,25,2B,HOU,689,200,86,66,15,38,0.3135,0.3528,0.4592
2015,Matt Duffy,13836,24,3B,SFG,612,169,77,77,12,12,0.2949,0.3344,0.4276
2015,Todd Frazier,785,29,3B,CIN,678,158,82,89,35,13,0.2553,0.3087,0.4976
2015,Adrian Beltré,639,36,3B,TEX,619,163,83,83,18,1,0.2875,0.3344,0.4533
2015,Kevin Kiermaier,11038,25,OF,TBR,535,133,62,40,10,18,0.2634,0.2983,0.4198
2015,Brandon Crawford,5343,28,SS,SFG,561,130,65,84,21,6,0.2564,0.3209,0.4615
2015,Logan Forsythe,7185,28,2B,TBR,615,152,69,68,17,9,0.2815,0.3593,0.4444
2015,Francisco Lindor,12916,21,SS,CLE,438,122,50,51,12,12,0.3128,0.3529,0.4821
2015,Justin Turner,5235,30,3B,LAD,439,113,55,60,16,5,0.2935,0.3699,0.4909
2015,Brandon Belt,10264,27,1B,SFG,556,138,73,68,18,9,0.2805,0.3561,0.4776
2015,David Peralta,2136,27,OF,ARI,517,144,61,78,17,9,0.3117,0.3714,0.5216
2015,Ian Kinsler,6195,33,2B,DET,675,185,94,73,11,10,0.2965,0.3422,0.4279
2015,George Springer,12856,25,OF,HOU,451,107,59,41,16,16,0.2758,0.3675,0.4588
2015,Adam Eaton,11205,26,OF,CHW,689,175,98,56,14,18,0.2869,0.3611,0.4311
2015,Mike Moustakas,4892,26,3B,KCR,614,156,73,82,22,1,0.2842,0.3475,0.4699
2015,Derek Norris,6867,26,C,SDP,557,129,65,62,14,4,0.2505,0.3052,0.4039
2015,Evan Longoria,9368,29,3B,TBR,670,163,74,73,21,3,0.2699,0.3284,0.4354
2015,Joe Panik,11936,24,2B,SFG,432,119,59,37,8,3,0.3115,0.3776,0.4555
2015,Kyle Seager,9785,27,3B,SEA,686,166,85,74,26,6,0.2665,0.328,0.451
2015,Odúbel Herrera,11476,23,OF,PHI,537,147,64,41,8,16,0.297,0.344,0.4182
2015,Kevin Pillar,12434,26,OF,TOR,628,163,76,56,12,25,0.2782,0.3141,0.3993
2015,Jung Ho Kang,17182,28,3B/SS,PIT,467,121,60,58,15,5,0.2874,0.3555,0.4608
2015,Michael Brantley,4106,28,OF,CLE,596,164,68,84,15,15,0.31,0.3792,0.4802
2015,Giancarlo Stanton,4949,25,DH/OF,MIA,318,74,47,67,27,4,0.2652,0.3459,0.6057
2015,Eric Hosmer,3516,25,1B,KCR,667,178,98,93,18,7,0.2972,0.3634,0.4591
2015,Carlos Correa,14162,20,SS,HOU,432,108,52,68,22,14,0.2791,0.3449,0.5116
2015,Shin-Soo Choo,3174,32,OF,TEX,653,153,94,82,22,4,0.2757,0.3748,0.4631
2015,Justin Upton,5222,27,OF,SDP,620,136,85,81,26,19,0.2509,0.336,0.4539
2015,Martín Prado,3312,31,3B,MIA,551,144,52,63,9,1,0.288,0.3382,0.394
2015,Adam Jones,6368,29,OF,BAL,581,147,74,82,27,3,0.2692,0.3081,0.4744
2015,Travis d'Arnaud,7739,26,C,NYM,268,64,31,41,12,0,0.2678,0.3396,0.4854
2015,José Abreu,15676,28,1B,CHW,668,178,88,101,30,0,0.2904,0.3473,0.5024
2015,Freddie Freeman,5361,25,1B,ATL,481,115,62,66,18,3,0.2764,0.3701,0.4712
2015,Starling Marte,9241,26,OF,PIT,633,166,84,81,19,30,0.2867,0.3365,0.4439
2015,Kole Calhoun,11200,27,OF,LAA,686,161,78,83,26,4,0.2556,0.3085,0.4222
2015,Lucas Duda,2502,29,1B/OF,NYM,554,115,67,73,27,0,0.2442,0.352,0.4862
2015,Ryan Braun,3410,31,OF,MIL,568,144,87,84,25,24,0.2846,0.3563,0.498
2015,Chris Coghlan,6878,30,OF,CHC,503,110,64,41,16,11,0.25,0.3406,0.4432
2015,Joc Pederson,11899,23,OF,LAD,585,101,67,54,26,4,0.2104,0.3465,0.4167
2015,Didi Gregorius,6012,25,SS,NYY,578,139,57,56,9,5,0.2648,0.3183,0.3695
2015,Miguel Montero,3364,31,C,CHC,403,86,36,53,15,1,0.2478,0.3449,0.4092
2015,Andrelton Simmons,10847,25,SS,ATL,583,142,60,44,4,5,0.2654,0.3213,0.3383
2015,Brian Dozier,9810,28,2B,MIN,704,148,101,77,28,12,0.2357,0.3068,0.4443
2015,Ben Zobrist,7435,34,2B/OF,2 Tms,535,129,76,56,13,3,0.2762,0.3589,0.4497
2015,Randal Grichuk,10243,23,OF,STL,350,89,49,47,17,4,0.2755,0.3286,0.548
2015,Dexter Fowler,4062,29,OF,CHC,690,149,102,46,17,20,0.25,0.3459,0.4111
2015,Adrián González,1908,33,1B,LAD,643,157,76,90,28,0,0.275,0.3505,0.4799
2015,Mark Teixeira,1281,35,1B,NYY,462,100,57,79,31,2,0.2551,0.3571,0.5485
2015,David Ortiz,745,39,DH,BOS,614,144,73,108,37,0,0.2727,0.3599,0.553
2015,Colby Rasmus,9893,28,OF,HOU,485,103,67,61,25,2,0.2384,0.314,0.4745
2015,Josh Reddick,3892,28,OF,OAK,582,143,67,77,20,10,0.2719,0.3328,0.4487
2015,Carlos González,7287,29,OF,COL,608,150,87,97,40,2,0.2708,0.3245,0.5397
2015,Andre Ethier,6265,33,OF,LAD,445,116,54,53,14,2,0.2937,0.3663,0.4861
2015,Brian McCann,4810,31,C,NYY,535,108,68,94,26,0,0.2323,0.3196,0.4366
2015,Danny Valencia,6364,30,3B,2 Tms,378,100,59,66,18,2,0.2899,0.3448,0.5188
2015,Robinson Canó,3269,32,2B,SEA,674,179,82,79,21,2,0.2869,0.3338,0.4455
2015,Alex Gordon,5209,31,OF,KCR,422,96,40,48,13,2,0.2712,0.3768,0.4322
2015,Alex Rodriguez,1274,39,3B/SS,NYY,620,131,83,86,33,4,0.2505,0.3565,0.4857
2015,Trevor Plouffe,7462,29,3B,MIN,632,140,74,86,22,2,0.2443,0.3074,0.4346
2015,Asdrúbal Cabrera,4962,29,SS,TBR,551,134,66,58,15,6,0.2653,0.3145,0.4297
2015,Neil Walker,7539,29,2B,PIT,603,146,69,71,16,4,0.2689,0.3284,0.4273
2015,Adeiny Hechavarría,10459,26,SS,MIA,499,132,54,48,5,7,0.2809,0.3146,0.3745
2015,Addison Russell,14106,21,SS,CHC,523,115,60,54,13,4,0.2421,0.3065,0.3895
2015,Kolten Wong,12532,24,2B,STL,613,146,71,61,11,15,0.2621,0.3214,0.386
2015,Brandon Phillips,791,34,2B,CIN,623,173,69,70,12,23,0.2942,0.328,0.3946
2015,Jason Castro,8722,28,C,HOU,375,71,38,31,11,0,0.2107,0.2827,0.365
2015,Brett Gardner,9927,31,OF,NYY,656,148,94,66,16,20,0.2592,0.3426,0.3993
2015,Rougned Odor,12282,21,2B,TEX,470,111,54,61,16,6,0.2606,0.3162,0.4648
2015,Charlie Blackmon,7859,28,OF,COL,682,176,93,58,17,43,0.2866,0.3471,0.4495
2015,Eddie Rosario,12155,23,OF,MIN,474,121,60,50,13,11,0.2671,0.2887,0.4592
2015,Troy Tulowitzki,3531,30,SS,2 Tms,534,136,77,70,17,1,0.2798,0.3371,0.4403
2015,Ender Inciarte,4922,24,OF,ARI,561,159,73,45,6,21,0.3034,0.3381,0.4084
2015,Tyler Flowers,9134,29,C,CHW,361,79,21,39,9,0,0.2387,0.2953,0.3565
2015,Howie Kendrick,4229,31,2B,LAD,495,137,64,54,9,6,0.2953,0.336,0.4095
2015,Yadier Molina,7007,32,C,STL,530,132,34,61,4,3,0.2705,0.31,0.3504
2015,Christian Yelich,11477,23,OF,MIA,525,143,63,44,7,16,0.3004,0.3657,0.416
2015,Ben Revere,4712,27,OF,2 Tms,634,181,84,45,2,31,0.3057,0.3418,0.3767
2015,Yunel Escobar,4191,32,3B/SS,WSN,591,168,75,56,9,2,0.314,0.3746,0.415
2015,Dustin Pedroia,8370,31,2B,BOS,425,111,46,42,12,2,0.2913,0.3561,0.4409
2015,Franklin Gutierrez,3255,32,OF,SEA,189,50,27,35,15,0,0.2924,0.3545,0.6199
2015,Gregory Polanco,12907,23,OF,PIT,652,152,83,52,9,27,0.2563,0.3195,0.3811
2015,Carlos Gómez,4881,29,OF,2 Tms,477,111,61,56,12,17,0.2552,0.3143,0.4092
2015,Mitch Moreland,3086,29,1B,TEX,515,131,51,85,23,1,0.2781,0.3301,0.482
2015,Devon Travis,13862,24,2B,TOR,238,66,38,35,8,3,0.3041,0.3613,0.4977
2015,David Freese,9549,32,3B,LAA,470,109,53,56,14,1,0.2571,0.3234,0.4198
2015,Daniel Murphy,4316,30,1B/2B,NYM,538,140,56,73,14,2,0.2806,0.3216,0.4489
2015,Carlos Santana,2396,29,1B,CLE,666,127,72,85,19,11,0.2309,0.3574,0.3945
2015,Roberto Pérez,2900,26,C,CLE,226,42,30,21,7,0,0.2283,0.3484,0.4022
2015,Kendrys Morales,8610,32,1B/DH,KCR,639,165,81,106,22,0,0.29,0.3615,0.4851
2015,Caleb Joseph,7087,29,C,BAL,355,75,38,49,11,0,0.2344,0.2991,0.3938
2015,Jhonny Peralta,1738,33,SS,STL,640,159,64,71,17,1,0.2746,0.3344,0.4111
2015,Miguel Sanó,12164,22,1B/3B,MIN,335,75,46,52,18,1,0.2688,0.3851,0.5305
2015,Brock Holt,9345,27,2B/3B/OF,BOS,509,127,56,45,2,8,0.2797,0.3485,0.3789
2015,Grégor Blanco,3123,31,OF,SFG,372,95,59,26,5,13,0.2905,0.3683,0.4128
2015,Prince Fielder,4613,31,1B,TEX,693,187,78,98,23,0,0.3051,0.3781,0.4633
2015,Aaron Hicks,5297,25,OF,MIN,390,90,48,33,11,13,0.2557,0.3231,0.3977
2015,Juan Uribe,454,36,3B/SS,3 Tms,397,91,40,43,14,2,0.2528,0.3199,0.4167
2015,Adam Lind,8027,31,1B/DH,MIL,572,139,72,87,20,0,0.2769,0.3601,0.4602
2015,Cory Spangenberg,12294,24,2B/3B,SDP,345,82,38,21,4,9,0.2706,0.3333,0.3993
2015,Gerardo Parra,8553,28,OF,2 Tms,589,159,83,51,14,14,0.2907,0.3282,0.4516
2015,Eduardo Escobar,6153,26,3B,MIN,446,107,48,58,12,2,0.2616,0.3086,0.445
2015,Brandon Guyer,2636,29,OF,TBR,385,88,51,28,8,10,0.2651,0.3586,0.4127
2015,DJ LeMahieu,9874,26,2B,COL,620,170,85,61,6,23,0.3014,0.3582,0.3883
2015,Maikel Franco,12179,22,3B,PHI,335,85,45,50,14,1,0.2796,0.3433,0.4967
2015,Billy Burns,12701,25,OF,OAK,555,153,70,42,5,26,0.2942,0.3339,0.3923
2015,Jackie Bradley Jr.,12984,25,OF,BOS,255,55,43,43,10,3,0.2489,0.3346,0.4977
2015,Michael Conforto,16376,22,OF,NYM,194,47,30,26,9,0,0.2701,0.3351,0.5057
2015,Seth Smith,7331,32,OF,SEA,452,98,54,42,12,0,0.2481,0.3304,0.443
2015,Elvis Andrus,8709,26,SS,TEX,661,154,69,62,7,25,0.2584,0.3093,0.3574
2015,Austin Jackson,9848,28,OF,2 Tms,527,131,56,48,9,17,0.2668,0.3111,0.3849
2015,Stephen Vogt,5000,30,C,OAK,511,116,58,71,18,0,0.2607,0.3405,0.4427
2015,Kyle Schwarber,16478,22,DH/OF,CHC,273,57,52,43,16,3,0.2457,0.3553,0.4871
2015,Danny Espinosa,9219,28,2B/SS,WSN,412,88,59,37,13,5,0.2398,0.3105,0.4087
2015,Ketel Marte,13613,21,2B,SEA,247,62,25,17,2,8,0.2831,0.351,0.4018
2015,Yangervis Solarte,5352,27,2B/3B,SDP,571,142,63,63,14,1,0.27,0.3199,0.4278
2015,Jake Marisnick,11339,24,OF,HOU,372,80,46,36,9,24,0.236,0.2814,0.3835
2015,Carlos Beltrán,589,38,OF,NYY,531,132,57,67,19,0,0.2762,0.3371,0.4707
2015,Wilmer Flores,5827,23,1B,NYM,510,127,55,59,16,0,0.2629,0.2953,0.4079
2015,Albert Pujols,1177,35,1B,LAA,661,147,85,95,40,5,0.2442,0.3071,0.4801
2015,Jonathan Lucroy,7870,29,C,MIL,415,98,51,43,7,1,0.2642,0.3261,0.3908
2015,Delino DeShields,11379,22,OF,TEX,492,111,83,37,2,25,0.2612,0.3443,0.3741
2015,Chase Headley,4720,31,3B,NYY,642,150,74,62,11,0,0.2586,0.324,0.369
2015,Denard Span,8347,31,OF,WSN,275,74,38,22,5,11,0.3008,0.365,0.4309
2015,Tommy Pham,2967,27,OF,STL,173,41,28,18,5,2,0.268,0.3468,0.4771
2015,Freddy Galvis,6609,25,SS,PHI,603,147,63,50,7,10,0.263,0.302,0.3435
2015,Andrés Blanco,1907,31,2B/SS,PHI,261,68,32,25,7,1,0.2918,0.3605,0.5021
2015,Geovany Soto,3707,32,C,CHW,210,41,20,21,9,0,0.2193,0.3014,0.4064
2015,Luis Valbuena,4969,29,3B,HOU,493,97,62,56,25,1,0.2235,0.3103,0.4378
2015,Enrique Hernández,10472,23,OF,LAD,218,62,24,22,7,0,0.3069,0.3456,0.4901
2015,Jose Iglesias,10231,25,SS,DET,454,125,44,23,2,11,0.3005,0.3467,0.3702
2015,Corey Seager,13624,21,SS,LAD,113,33,17,17,4,2,0.3367,0.4248,0.5612
2015,Lonnie Chisenhall,7571,26,3B/OF,CLE,362,82,38,44,7,4,0.2462,0.2944,0.3724
2015,Yasiel Puig,14225,24,OF,LAD,311,72,30,38,11,3,0.2553,0.3215,0.4362
2015,Alcides Escobar,6310,28,SS,KCR,662,157,76,47,3,17,0.2565,0.2934,0.3203
2015,B.J. Upton,5015,30,OF,SDP,228,53,23,17,5,9,0.2585,0.3274,0.4293
2015,Mikie Mahtook,13130,25,OF,TBR,115,31,22,19,9,4,0.2952,0.3509,0.619
2015,Marlon Byrd,950,37,OF,2 Tms,544,125,58,73,23,2,0.247,0.2904,0.4526
2015,Aaron Altherr,11270,24,OF,PHI,161,33,25,22,5,6,0.2409,0.3375,0.4891
2015,Travis Shaw,11982,25,3B,BOS,248,61,31,36,13,0,0.2699,0.3266,0.4867
2015,Steven Souza Jr.,5667,26,OF,TBR,426,84,59,40,16,12,0.2252,0.3176,0.3995
2015,Marwin Gonzalez,5497,26,SS,HOU,370,96,44,34,12,4,0.2791,0.3168,0.4419
2015,Marcell Ozuna,10324,24,DH/OF,MIA,494,119,47,44,10,2,0.2593,0.3077,0.3834
2015,Johnny Giavotella,6740,27,2B,LAA,502,123,51,49,4,2,0.2715,0.3185,0.3753
2015,Marcus Semien,12533,24,2B/SS,OAK,601,143,65,45,15,11,0.2572,0.31,0.4047
2015,Jake Lamb,13329,24,3B,ARI,390,92,38,34,6,3,0.2629,0.3308,0.3857
2015,Chris Iannetta,8267,32,C,LAA,317,51,28,34,10,0,0.1875,0.2934,0.3346
2015,Josh Phegley,9308,27,C,OAK,243,56,27,34,9,0,0.2489,0.3004,0.4489
2015,Trayce Thompson,9952,24,OF,CHW,135,36,17,16,5,1,0.2951,0.363,0.5328
2015,Ian Desmond,6885,29,SS/OF,WSN,641,136,69,62,19,13,0.2333,0.2898,0.3842
2015,Chris Colabello,13051,31,1B/OF,TOR,360,107,55,54,15,2,0.3213,0.3667,0.5195
2015,Nick Markakis,5930,31,OF,ATL,686,181,73,53,3,2,0.2958,0.3703,0.3758
2015,Jarrod Dyson,4866,30,OF,KCR,225,50,31,18,2,26,0.25,0.3105,0.38
2015,Stephen Piscotty,13367,24,OF,STL,256,71,29,39,7,2,0.3047,0.3594,0.4936
2015,Ryan Raburn,2218,34,OF,CLE,201,52,22,29,8,0,0.3006,0.393,0.5434
2015,César Hernández,10556,25,2B,PHI,452,110,57,35,1,19,0.2716,0.3393,0.3481
2015,Josh Harrison,8202,27,2B/3B,PIT,449,120,57,28,4,10,0.2871,0.3274,0.39
2015,Brad Miller,12775,25,SS,SEA,497,113,44,46,11,13,0.258,0.3286,0.4018
2015,Cameron Maybin,5223,28,OF,ATL,555,135,65,59,10,23,0.2673,0.3267,0.3703
2015,Mark Canha,11445,26,OF,OAK,485,112,61,70,16,7,0.254,0.3155,0.4263
2015,Jonathan Schoop,11265,23,2B,BAL,321,85,34,39,15,2,0.2787,0.30620000000000003,0.482
2015,Ryan Goins,9807,27,2B/SS,TOR,428,94,52,45,5,2,0.25,0.3183,0.3537
2015,Zack Cozart,2616,29,SS,CIN,214,50,28,28,9,3,0.2577,0.3099,0.4588
2015,Hunter Pence,8252,32,OF,SFG,223,57,30,40,9,4,0.2754,0.3274,0.4783
2015,Nick Hundley,3376,31,C,COL,389,110,45,43,10,5,0.3005,0.3393,0.4672
2015,Norichika Aoki,13075,33,OF,SFG,392,102,42,26,5,14,0.2873,0.3529,0.3803
2015,Billy Hamilton,10199,24,OF,CIN,454,93,56,28,4,57,0.2257,0.2742,0.2888
2015,Khris Davis,9112,27,DH/OF,MIL,440,97,54,66,27,6,0.2474,0.3227,0.5051
2015,Curt Casali,12510,26,C,TBR,113,24,13,18,10,0,0.2376,0.3036,0.5941
2015,Kevin Plawecki,13807,24,C,NYM,258,51,18,21,3,0,0.2189,0.2802,0.2961
2015,Rubén Tejada,5519,25,SS,NYM,407,94,36,28,3,2,0.2611,0.3383,0.35
2015,Kelby Tomlinson,13005,25,2B,SFG,193,54,23,20,2,5,0.3034,0.3575,0.4045
2015,Eduardo Núñez,6848,28,3B/SS,MIN,204,53,23,20,4,8,0.2819,0.3267,0.4309
2015,Chris Stewart,3878,33,C,PIT,172,46,9,15,0,0,0.2893,0.3195,0.3396
2015,Greg Bird,14131,22,1B,NYY,178,41,26,31,11,0,0.2611,0.3427,0.5287
2015,Jed Lowrie,4418,31,2B/SS,HOU,263,51,35,30,9,1,0.2217,0.3118,0.4
2015,Jacoby Ellsbury,4727,31,OF,NYY,501,116,66,33,7,21,0.2566,0.3179,0.3451
2015,Mark Trumbo,6876,29,1B/DH/OF,2 Tms,545,133,62,64,22,0,0.2618,0.3101,0.4488
2015,Will Venable,211,32,OF,2 Tms,390,85,40,33,6,16,0.2436,0.3196,0.3496
2015,Aramis Ramirez,1002,37,3B,2 Tms,516,117,43,75,17,1,0.2463,0.2965,0.4232
2015,Anthony Rendon,12861,25,3B,WSN,355,82,43,25,5,1,0.2637,0.3437,0.3633
2015,Martín Maldonado,6887,28,C,MIL,256,48,19,22,4,0,0.2096,0.2824,0.2926
2015,Jace Peterson,12325,25,2B/3B,ATL,597,126,55,52,6,12,0.2386,0.3136,0.3352
2015,Rajai Davis,3708,34,OF,DET,370,88,55,30,8,18,0.2581,0.30620000000000003,0.4399
2015,Yonder Alonso,2530,28,1B,SDP,402,100,50,31,5,2,0.2825,0.3607,0.3814
2015,David Wright,3787,32,3B,NYM,174,44,24,17,5,2,0.2895,0.3793,0.4342
2015,Matt Kemp,5631,30,OF,SDP,648,158,80,100,23,12,0.2651,0.3117,0.443
2015,Phil Gosselin,10953,26,2B/3B,2 Tms,118,33,19,15,3,2,0.3113,0.3729,0.5
2015,Wil Myers,10047,24,1B/OF,SDP,253,57,40,29,8,5,0.2533,0.336,0.4267
2015,Nick Ahmed,12147,25,SS,ARI,459,95,49,34,9,4,0.2257,0.2753,0.3587
2015,Jedd Gyorko,10816,26,2B/3B,SDP,458,104,34,57,16,0,0.247,0.2969,0.3967
2015,Scott Van Slyke,4365,28,OF,LAD,253,53,19,30,6,3,0.2387,0.3175,0.3829
2015,A.J. Pierzynski,746,38,C,ATL,436,122,38,49,9,0,0.2998,0.3394,0.43
2015,Blake Swihart,13176,23,C/OF,BOS,309,79,47,31,5,4,0.2743,0.3192,0.3924
2015,Erick Aybar,4082,31,SS,LAA,638,161,74,44,3,15,0.2697,0.3011,0.3384
2015,Brett Lawrie,5247,25,2B/3B,OAK,602,146,64,60,16,5,0.2598,0.2988,0.4075
2015,Hank Conger,2505,27,C,HOU,229,46,25,33,11,0,0.2289,0.3114,0.4478
2015,Abraham Almonte,5486,26,OF,2 Tms,258,58,36,24,5,7,0.25,0.3098,0.4095
2015,Matt Holliday,1873,35,OF,STL,277,64,24,35,4,2,0.2795,0.3935,0.4105
2015,Ben Paulsen,9741,27,1B,COL,354,90,42,49,11,1,0.2769,0.3258,0.4615
2015,Eugenio Suárez,12552,23,3B,CIN,398,104,42,48,13,4,0.2796,0.3147,0.4462
2015,Alejandro De Aza,3371,31,OF,3 Tms,365,85,51,35,7,7,0.2615,0.3333,0.4215
2015,Ryan Zimmerman,4220,30,1B/3B,WSN,390,86,43,73,16,1,0.2486,0.3077,0.4653
2015,Chris Young,3882,31,OF,NYY,356,80,53,42,14,3,0.2516,0.3201,0.4528
2015,John Ryan Murphy,10346,24,C,NYY,172,43,21,14,3,0,0.2774,0.3275,0.4065
2015,Robinson Chirinos,3142,31,C,TEX,273,54,33,34,10,0,0.2318,0.3246,0.4378
2015,Salvador Perez,7304,25,C,KCR,553,138,52,70,21,1,0.2599,0.2803,0.4256
2015,Ryan Hanigan,4952,34,C,BOS,201,43,28,16,2,0,0.2471,0.3367,0.3276
2015,Mike Zunino,13265,24,C,SEA,386,61,28,28,11,0,0.1743,0.2302,0.3
2015,Paulo Orlando,8628,29,OF,KCR,251,60,31,27,7,3,0.249,0.2691,0.444
2015,Tucker Barnhart,10200,24,C,CIN,274,61,23,18,3,0,0.2521,0.3235,0.3264
2015,Torii Hunter,731,39,OF,MIN,567,125,67,81,22,2,0.2399,0.2928,0.4088
2015,Miguel Rojas,7802,26,SS,MIA,157,40,13,17,1,0,0.2817,0.329,0.3662
2015,Leonys Martin,11846,27,OF,TEX,310,63,26,25,5,14,0.2188,0.2638,0.3125
2015,John Jaso,5887,31,C,TBR,216,53,23,22,5,1,0.2865,0.3796,0.4595
2015,Adonis García,13777,30,3B,ATL,198,53,20,26,10,0,0.2775,0.2929,0.4974
2015,Justin Smoak,9054,28,1B,TOR,328,67,44,59,18,0,0.2264,0.2988,0.4696
2015,Jason Rogers,11773,27,1B,MIL,169,45,22,16,4,0,0.2961,0.3669,0.4408
2015,José Reyes,1736,32,SS,2 Tms,519,132,57,53,7,24,0.2744,0.3098,0.3784
2015,Chris Gimenez,7324,32,C,TEX,113,25,19,14,5,2,0.2551,0.3303,0.4898
2015,Corey Dickerson,10762,26,OF,COL,234,68,30,31,10,0,0.3036,0.3333,0.5357
2015,Anthony Gose,5097,24,OF,DET,535,123,73,26,5,23,0.2536,0.3208,0.367
2015,Derek Dietrich,10542,25,2B/OF,MIA,289,64,38,24,10,0,0.256,0.346,0.456
2015,Brett Wallace,8434,28,1B,SDP,107,29,14,16,5,0,0.3021,0.3738,0.5208
2015,Starlin Castro,4579,25,2B/SS,CHC,578,145,52,69,11,5,0.2651,0.2964,0.3748
2015,Welington Castillo,3256,28,C,3 Tms,378,81,42,57,19,0,0.2368,0.2963,0.4532
2015,Clint Robinson,6908,30,1B/OF,WSN,352,84,44,34,10,0,0.2718,0.358,0.4239
2015,Yan Gomes,9627,27,C,CLE,389,84,38,45,12,0,0.2314,0.2674,0.3912
2015,Juan Lagares,5384,26,OF,NYM,465,114,47,41,6,7,0.2585,0.2888,0.3583
2015,Carlos Pérez,10642,24,C,LAA,283,65,20,21,4,2,0.25,0.2989,0.3462
2015,Preston Tucker,13633,24,OF,HOU,323,73,35,33,13,0,0.2433,0.2972,0.4367
2015,Domingo Santana,10348,22,OF,2 Tms,187,38,20,26,8,4,0.2375,0.3369,0.43120000000000003
2015,Joey Gallo,14128,21,OF,TEX,123,22,16,14,6,3,0.2037,0.3008,0.4167
2015,Austin Hedges,12976,22,C,SDP,152,23,13,11,3,0,0.1679,0.2148,0.2482
2015,A.J. Ellis,5677,34,C,LAD,217,43,24,21,7,0,0.2376,0.3551,0.4033
2015,Andrew Romine,1159,29,3B/SS,DET,203,47,25,15,2,10,0.2554,0.3065,0.3152
2015,Justin Morneau,1737,34,1B,COL,182,52,19,15,3,0,0.3095,0.3626,0.4583
2015,Justin Bour,9744,27,1B,MIA,446,107,42,73,23,0,0.2616,0.3206,0.4792
2015,José Ramírez,13510,22,3B,CLE,355,69,50,27,6,10,0.219,0.2914,0.3397
2015,Nick Castellanos,11737,23,3B/OF,DET,595,140,42,73,15,0,0.255,0.3025,0.4189
2015,Cameron Rupp,11146,26,C,PHI,299,63,24,28,9,0,0.2333,0.301,0.3741
2015,Pedro Álvarez,2495,28,3B,PIT,491,106,60,77,27,2,0.2426,0.3177,0.4691
2015,Dilson Herrera,14335,21,2B,NYM,103,19,7,6,3,2,0.2111,0.3107,0.3667
2015,C.J. Cron,12546,25,1B,LAA,404,99,37,51,16,3,0.2619,0.3002,0.4392
2015,Matthew den Dekker,11385,27,OF,WSN,110,25,12,12,5,0,0.2525,0.3148,0.4848
2015,Chris Denorfia,4400,34,OF,CHC,231,57,18,18,3,0,0.2689,0.3188,0.3726
2015,Justin Ruggiano,7620,33,OF,2 Tms,141,31,20,15,6,5,0.248,0.3333,0.472
2015,Jimmy Rollins,971,36,SS,LAD,563,116,71,41,13,12,0.2244,0.2847,0.3578
2015,Nolan Reimold,3441,31,OF,BAL,195,42,24,20,6,0,0.2471,0.3436,0.3941
2015,Jordy Mercer,6547,28,SS,PIT,430,96,34,34,3,3,0.2437,0.2934,0.3198
2015,Jake Smolinski,5408,26,OF,2 Tms,192,32,24,26,6,1,0.1928,0.2812,0.3675
2015,Brandon Moss,4467,31,1B/OF,2 Tms,526,106,47,58,19,0,0.226,0.3042,0.4072
2015,Josh Hamilton,1875,34,OF,TEX,182,43,22,25,8,0,0.2529,0.2912,0.4412
2015,Eric Sogard,7927,29,2B,OAK,401,92,40,37,1,6,0.2473,0.294,0.3038
2015,Tyler Collins,12723,25,OF,DET,207,51,18,25,4,2,0.2656,0.3155,0.4167
2015,Stephen Drew,4251,32,SS,NYY,428,77,43,44,17,0,0.201,0.2712,0.3812
2015,Carl Crawford,1201,33,OF,LAD,193,48,19,16,4,10,0.2652,0.3037,0.4033
2015,Gordon Beckham,9015,28,2B,CHW,237,44,24,20,6,0,0.2085,0.2754,0.3318
2015,Matt Wieters,4298,29,C,BAL,282,69,24,25,8,0,0.2674,0.3191,0.4225
2015,Joe Mauer,1857,32,C/1B,MIN,666,157,69,66,10,2,0.2652,0.3383,0.3801
2015,Joey Butler,7799,29,DH/OF,TBR,276,71,30,30,8,5,0.2763,0.3261,0.4163
2015,Mike Napoli,3057,33,C/1B,2 Tms,469,91,46,50,18,3,0.2236,0.3241,0.4103
2015,Chris Carter,9911,28,1B/DH,HOU,460,78,50,64,24,1,0.1995,0.3072,0.4271
2015,Kelly Johnson,2234,33,2B,2 Tms,335,82,38,47,14,2,0.2645,0.3144,0.4355
2015,Tyler Saladino,10807,25,3B/SS,CHW,254,53,33,20,4,8,0.2246,0.2669,0.3347
2015,Desmond Jennings,1965,28,OF,TBR,108,26,9,7,1,5,0.268,0.3241,0.3402
2015,Evan Gattis,11003,28,C/DH,HOU,604,139,66,88,27,0,0.2456,0.2848,0.4629
2015,Pedro Ciriaco,5278,29,3B/SS,ATL,151,37,14,15,1,4,0.2606,0.2752,0.3521
2015,Bobby Wilson,6564,32,C,2 Tms,147,25,8,14,1,0,0.1894,0.2552,0.25
2015,David Ross,1551,38,C,CHC,182,28,6,9,1,1,0.1761,0.2667,0.2516
2015,Jorge Soler,14221,23,DH/OF,CHC,404,96,39,47,10,3,0.2623,0.3243,0.3989
2015,Iván De Jesús Jr.,9886,28,2B,CIN,222,49,15,28,4,0,0.2438,0.3108,0.3731
2015,David Murphy,6035,33,OF,2 Tms,391,102,38,50,10,0,0.2825,0.3178,0.4211
2015,Jay Bruce,9892,28,OF,CIN,649,131,72,87,26,9,0.2259,0.2943,0.4345
2015,Dioner Navarro,3179,31,C,TOR,192,42,17,20,5,0,0.2456,0.3073,0.3743
2015,Christian Colón,11145,26,2B/3B,KCR,119,31,8,6,0,3,0.2897,0.3559,0.3364
2015,Ryan Flaherty,7888,28,2B/3B,BAL,301,54,34,31,9,0,0.2022,0.2809,0.3558
2015,Jonathan Villar,10071,24,2B/SS,HOU,128,33,18,11,2,7,0.2845,0.3386,0.4138
2015,Elian Herrera,5432,30,2B/3B/OF,MIL,277,62,29,33,7,3,0.2422,0.2899,0.3945
2015,Cole Gillespie,5888,31,OF,MIA,157,42,17,16,2,4,0.2897,0.3333,0.4276
2015,Jimmy Paredes,5481,26,3B/DH/OF,BAL,384,100,46,42,10,4,0.2755,0.3099,0.416
2015,J.T. Realmuto,11739,24,C,MIA,467,114,49,47,10,8,0.2585,0.2897,0.4059
2015,Michael Cuddyer,1534,36,OF,NYM,408,98,44,41,10,2,0.2586,0.3088,0.3905
2015,Shane Peterson,7423,27,OF,MIL,226,52,22,16,2,0,0.2587,0.3243,0.3532
2015,Ehire Adrianza,8418,25,3B/SS,SFG,134,21,11,11,0,3,0.1858,0.303,0.2655
2015,Scooter Gennett,10339,25,2B,MIL,391,99,42,29,6,1,0.264,0.2941,0.3813
2015,Clint Barmes,1830,36,2B/SS,SDP,224,48,24,16,3,0,0.2319,0.2805,0.3527
2015,Daniel Castro,15450,22,2B/SS,ATL,100,23,14,5,2,0,0.2396,0.2626,0.3438
2015,Shane Robinson,4249,30,OF,MIN,197,45,28,16,0,6,0.25,0.299,0.3222
2015,Andrew Susac,13132,25,C,SFG,148,29,14,14,3,0,0.218,0.2973,0.3684
2015,Eury Pérez,10299,25,OF,ATL,133,32,10,5,0,3,0.2689,0.3308,0.3025
2015,Alexei Ramirez,5133,33,SS,CHW,622,145,54,62,10,17,0.2487,0.285,0.3568
2015,Jesús Sucre,5942,27,C,SEA,142,20,9,7,1,0,0.1575,0.1955,0.2283
2015,Drew Stubbs,9328,30,OF,2 Tms,140,24,20,10,5,5,0.1951,0.2826,0.3821
2015,Steve Pearce,9957,32,1B/OF,BAL,325,64,42,40,15,1,0.2177,0.2892,0.4218
2015,Ezequiel Carrera,9048,28,OF,TOR,192,47,27,26,3,2,0.2733,0.3209,0.3721
2015,Chase Utley,1679,36,2B,2 Tms,423,79,37,39,8,4,0.2118,0.2861,0.3432
2015,Michael Bourn,6387,32,OF,2 Tms,482,101,39,30,0,17,0.2376,0.3101,0.2824
2015,Sam Fuld,8254,33,OF,OAK,325,57,34,22,2,9,0.1966,0.2755,0.2931
2015,Travis Snider,2830,27,OF,2 Tms,265,55,24,28,4,1,0.2321,0.3132,0.3502
2015,Michael McKenry,9628,30,C,COL,152,26,20,17,4,2,0.2047,0.3289,0.4016
2015,Dan Uggla,3442,35,2B,WSN,141,22,12,16,2,0,0.1833,0.2979,0.3
2015,Jerry Sands,4016,27,OF,CLE,133,29,11,19,4,0,0.2358,0.2857,0.3902
2015,Rusney Castillo,17016,27,OF,BOS,289,69,35,29,5,4,0.2527,0.2882,0.359
2015,Melky Cabrera,4022,30,OF,CHW,683,172,70,77,12,3,0.2734,0.3142,0.3943
2015,Jean Segura,5933,25,2B/SS,MIL,584,144,57,50,6,25,0.2571,0.2806,0.3357
2015,Dalton Pompey,12797,22,OF,TOR,103,21,17,6,2,5,0.2234,0.2913,0.3723
2015,Byron Buxton,14161,21,OF,MIN,138,27,16,6,2,2,0.2093,0.25,0.3256
2015,Jarrod Saltalamacchia,5557,30,C,2 Tms,227,45,26,24,9,0,0.225,0.3097,0.435
2015,Tim Beckham,7949,25,SS,TBR,223,45,24,37,9,3,0.2217,0.2735,0.4286
2015,Matt Adams,9393,26,1B,STL,186,42,14,24,5,1,0.24,0.2796,0.3771
2015,Yolmer Sánchez,11602,23,2B/3B,CHW,420,87,40,31,5,2,0.2237,0.2681,0.3265
2015,Carlos Corporán,5587,31,C,TEX,121,19,10,15,3,0,0.1776,0.2437,0.2991
2015,J.J. Hardy,3797,32,SS,BAL,437,90,45,37,8,0,0.219,0.2529,0.3114
2015,Logan Morrison,9205,27,1B/OF,SEA,511,103,47,54,17,8,0.2254,0.302,0.3829
2015,Shane Victorino,1677,34,OF,2 Tms,204,41,19,7,1,7,0.2303,0.3085,0.2921
2015,Chris Parmelee,2554,27,1B/OF,BAL,102,21,11,9,4,0,0.2165,0.2549,0.433
2015,Gio Urshela,10681,23,3B,CLE,288,60,25,21,6,0,0.2247,0.2787,0.3296
2015,Jose Lobatón,4243,30,C,WSN,155,27,11,20,3,0,0.1985,0.2792,0.2941
2015,Steve Clevenger,9542,29,C,BAL,105,29,11,15,2,0,0.2871,0.3143,0.4257
2015,Kirk Nieuwenhuis,6400,27,OF,2 Tms,141,25,21,14,4,2,0.1953,0.2695,0.375
2015,Mark Reynolds,7619,31,1B/3B,STL,432,88,35,48,13,2,0.2304,0.3148,0.3979
2015,Hanser Alberto,11902,22,2B/3B,TEX,104,22,12,4,0,1,0.2222,0.2376,0.2626
2015,Michael A. Taylor,11489,24,OF,WSN,511,108,49,63,14,16,0.2288,0.2824,0.3581
2015,Alex Guerrero,15670,28,3B/OF,LAD,230,51,25,36,11,1,0.2329,0.2609,0.4338
2015,Jeff Mathis,3448,32,C,MIA,103,15,9,12,2,0,0.1613,0.2136,0.2903
2015,Aaron Hill,6104,33,2B,ARI,353,72,32,39,6,7,0.23,0.2946,0.345
2015,Jayson Werth,1327,36,OF,WSN,378,73,51,42,12,0,0.2205,0.3016,0.3837
2015,Justin Maxwell,6827,31,OF,SFG,274,52,26,26,7,2,0.2088,0.2747,0.3414
2015,Ángel Pagán,2918,33,OF,SFG,551,134,55,37,3,12,0.2617,0.3031,0.332
2015,Alex Rios,2090,34,OF,KCR,411,98,40,32,4,9,0.2545,0.2871,0.3532
2015,Tuffy Gosewisch,5277,31,C,ARI,138,27,9,13,1,2,0.2109,0.2609,0.2812
2015,Ryan Howard,2154,35,1B,PHI,503,107,53,77,23,0,0.2291,0.2769,0.4433
2015,JB Shuck,6677,28,OF,CHW,165,38,15,15,0,7,0.2657,0.3395,0.3497
2015,Micah Johnson,13809,24,2B,CHW,114,23,10,4,0,3,0.23,0.3063,0.27
2015,Taylor Featherston,12590,25,2B/3B,LAA,169,25,23,9,2,4,0.1623,0.2121,0.2468
2015,Brendan Ryan,6073,33,SS,NYY,103,22,10,8,0,0,0.2292,0.2745,0.3333
2015,Dustin Ackley,10099,27,2B/OF,2 Tms,264,55,28,30,10,2,0.2311,0.2835,0.4286
2015,Jonathan Herrera,4182,30,2B/SS,CHC,132,29,14,14,2,3,0.2302,0.2422,0.3333
2015,Peter Bourjos,2578,28,OF,STL,225,39,32,13,4,5,0.2,0.2896,0.3333
2015,Grady Sizemore,2197,32,OF,2 Tms,296,69,24,33,6,3,0.2527,0.3074,0.381
2015,Eric Campbell,6938,28,1B/3B,NYM,206,34,28,19,3,5,0.1965,0.3122,0.2948
2015,Darin Ruf,9929,28,1B/OF,PHI,297,63,30,39,12,1,0.2351,0.2997,0.4142
2015,David Lough,7215,29,OF,BAL,144,27,14,12,4,2,0.2015,0.2411,0.3134
2015,Jon Jay,5227,30,OF,STL,245,44,25,10,1,0,0.2095,0.3058,0.2571
2015,Adam Rosales,9682,32,2B/3B/SS,TEX,125,26,14,7,3,4,0.2281,0.296,0.3421
2015,Logan Schafer,7937,28,OF,MIL,143,27,17,6,1,1,0.2213,0.2993,0.3115
2015,Avisaíl García,5760,24,OF,CHW,601,142,66,59,13,7,0.2568,0.3095,0.3653
2015,Hernán Pérez,5751,24,2B/3B/OF,2 Tms,272,64,14,21,1,5,0.2433,0.2565,0.327
2015,Daniel Nava,5450,32,OF,2 Tms,166,27,13,10,1,1,0.1942,0.3152,0.2446
2015,David DeJesus,1825,35,OF,2 Tms,317,67,27,30,5,3,0.2326,0.2965,0.3299
2015,John Mayberry Jr.,3390,31,OF,NYM,119,18,8,9,3,1,0.1636,0.2269,0.3182
2015,Chris Johnson,1191,30,3B,2 Tms,255,62,18,18,3,2,0.2551,0.2863,0.3374
2015,Jason Bourgeois,2225,33,OF,CIN,212,47,28,14,3,3,0.2398,0.2938,0.3316
2015,Ike Davis,8433,28,1B,OAK,239,49,19,20,3,0,0.229,0.3013,0.3505
2015,Brayan Peña,3231,33,C,CIN,367,91,17,18,0,2,0.2733,0.3342,0.3243
2015,Ryan Lavarnway,8879,27,C,2 Tms,106,18,6,6,2,0,0.1915,0.283,0.3191
2015,Will Middlebrooks,7002,26,3B,SDP,270,54,23,29,9,2,0.2118,0.2407,0.3608
2015,Jonny Gomes,1845,34,DH/OF,2 Tms,262,48,29,26,7,1,0.2133,0.313,0.3467
2015,Domonic Brown,3154,27,OF,PHI,204,43,19,25,5,3,0.2275,0.2843,0.3492
2015,Jesus Montero,5514,25,C/DH,SEA,116,25,11,19,5,0,0.2232,0.25,0.4107
2015,Michael Morse,3035,33,1B/OF,2 Tms,256,53,14,19,5,0,0.2314,0.3125,0.3362
2015,Everth Cabrera,8155,28,SS,BAL,105,20,7,4,0,2,0.2083,0.25,0.2292
2015,René Rivera,3648,31,C,TBR,319,53,16,26,5,0,0.1779,0.2134,0.2752
2015,Drew Butera,3411,31,C,2 Tms,120,21,9,5,1,0,0.1963,0.2522,0.2523
2015,Chris Taylor,13757,24,OF,SEA,102,16,9,1,0,3,0.1702,0.22,0.2234
2015,Sean Rodríguez,6589,30,2B,PIT,240,55,25,17,4,2,0.2455,0.2809,0.3616
2015,Wilson Ramos,1433,27,C,WSN,504,109,41,68,15,0,0.2295,0.2579,0.3579
2015,Max Muncy,13301,24,1B/3B,OAK,112,21,14,9,3,0,0.2059,0.2679,0.3922
2015,Alex Avila,7476,28,C,DET,219,34,21,13,4,0,0.191,0.3394,0.2865
2015,Pete Kozma,2539,27,SS,STL,111,15,15,2,0,3,0.1515,0.2364,0.1515
2015,Delmon Young,2140,29,OF,BAL,180,47,20,16,2,0,0.2701,0.2889,0.3391
2015,Alberto Callaspo,3336,32,2B/3B,2 Tms,261,54,20,15,1,0,0.2348,0.3154,0.2783
2015,Héctor Gómez,2264,27,2B/3B/SS,MIL,134,23,15,7,1,0,0.1811,0.2121,0.3228
2015,Garrett Jones,2714,34,1B/OF,NYY,152,31,12,17,5,0,0.2153,0.2566,0.3611
2015,Cody Asche,11997,25,3B/OF,PHI,456,104,41,39,12,1,0.2447,0.2939,0.3953
2015,Chris Herrmann,9284,27,C/OF,MIN,113,15,13,10,2,0,0.1456,0.2143,0.2718
2015,Rafael Ynoa,2832,27,3B/OF,COL,131,33,14,9,0,1,0.2598,0.2769,0.3386
2015,James McCann,12859,25,C,DET,425,106,32,41,7,0,0.2643,0.2969,0.3865
2015,Mike Olt,10698,26,3B,2 Tms,102,18,7,5,4,0,0.1915,0.2549,0.3191
2015,Kristopher Negrón,5306,29,OF,CIN,107,13,5,2,0,2,0.1398,0.2381,0.1613
2015,Brandon Barnes,629,29,OF,COL,281,64,30,17,2,4,0.251,0.3143,0.3412
2015,Cliff Pennington,3395,31,2B/SS,2 Tms,249,44,24,21,3,3,0.2095,0.2975,0.281
2015,Tony Cruz,2802,28,C,STL,151,29,6,11,2,0,0.2042,0.2349,0.3099
2015,Kennys Vargas,12101,24,1B/DH,MIN,184,42,18,17,5,0,0.24,0.2772,0.3486
2015,Jeff Francoeur,4792,31,OF,PHI,343,84,34,45,13,0,0.2577,0.2857,0.4325
2015,Coco Crisp,1572,35,OF,OAK,139,22,11,6,0,2,0.1746,0.2518,0.2222
2015,Luis Sardinas,13153,22,2B/SS,MIL,105,19,8,4,0,0,0.1959,0.2404,0.2165
2015,Nick Swisher,4599,34,1B/OF,2 Tms,260,43,14,25,6,0,0.1963,0.3115,0.3196
2015,Ichiro Suzuki,1101,41,OF,MIA,438,91,45,21,1,11,0.2286,0.2818,0.2789
2015,Nick Franklin,10166,24,2B,TBR,109,16,11,7,3,1,0.1584,0.213,0.3069
2015,Kyle Parker,11763,25,OF,COL,112,19,10,11,3,1,0.1792,0.2232,0.3113
2015,Skip Schumaker,3704,35,2B/OF,CIN,268,59,23,21,1,2,0.2418,0.306,0.3361
2015,Sandy León,5273,26,C,BOS,128,21,8,3,0,0,0.1842,0.2377,0.2018
2015,Billy Butler,7399,29,1B/DH,OAK,601,135,63,65,15,0,0.2509,0.3228,0.3903
2015,Conor Gillaspie,9009,27,3B,2 Tms,253,54,14,24,4,0,0.2278,0.2688,0.3586
2015,Wilin Rosario,8002,26,C,COL,242,62,22,29,6,2,0.2684,0.2946,0.4156
2015,Tyler Moore,7244,28,1B/OF,WSN,200,38,14,27,6,0,0.2032,0.25,0.3636
2015,Jake Elmore,7290,28,SS/OF,TBR,158,29,10,16,2,1,0.2057,0.2628,0.2837
2015,Mike Aviles,5986,34,SS,CLE,317,67,37,17,5,3,0.231,0.2821,0.3172
2015,Alexi Amarista,9063,26,2B/SS/OF,SDP,357,66,28,30,3,5,0.2037,0.2571,0.287
2015,Daniel Descalso,8392,28,2B/3B,COL,209,38,22,22,5,1,0.2054,0.2829,0.3243
2015,Christian Bethancourt,10028,23,C,ATL,160,31,16,12,2,1,0.2,0.225,0.2903
2015,Kurt Suzuki,8259,31,C,MIN,479,104,36,50,5,0,0.2402,0.296,0.3141
2015,Yasmany Tomás,17171,24,OF,ARI,426,111,40,48,9,5,0.2734,0.3052,0.4015
2015,Chris Owings,10030,23,2B/SS,ARI,552,117,59,43,4,16,0.2272,0.2642,0.3223
2015,James Loney,4556,31,1B,TBR,388,101,25,32,4,2,0.2798,0.3222,0.3573
2015,Pablo Sandoval,5409,28,3B,BOS,505,115,43,47,10,0,0.2447,0.2917,0.366
2015,Matt Joyce,3353,30,OF,LAA,284,43,17,21,5,0,0.1741,0.2721,0.2915
2015,Adam LaRoche,1904,35,1B,CHW,484,89,41,44,12,0,0.2075,0.2934,0.3403
2015,Hanley Ramirez,8001,31,SS,BOS,430,100,59,53,19,6,0.2494,0.2907,0.4264
2015,Danny Santana,10322,24,OF,MIN,277,56,30,21,0,8,0.2146,0.2407,0.2912
2015,Omar Infante,1609,33,2B,KCR,455,97,39,44,2,2,0.2205,0.234,0.3182
2015,Casey McGehee,6086,32,3B,2 Tms,258,47,14,20,2,1,0.1983,0.2636,0.2743
2015,Carlos Ruiz,2579,36,C,PHI,320,60,23,22,2,1,0.2113,0.2902,0.2852
2015,Victor Martinez,393,36,C/DH,DET,485,108,39,64,11,0,0.2455,0.301,0.3659
2016,Mike Trout,10155,24,OF,LAA,681,173,123,100,29,30,0.3151,0.4405,0.5501
2016,Kris Bryant,15429,24,3B/OF,CHC,699,176,121,102,39,8,0.2919,0.3848,0.5539
2016,Mookie Betts,13611,23,OF,BOS,730,214,122,113,31,26,0.3185,0.363,0.5342
2016,Jose Altuve,5417,26,2B,HOU,717,216,108,96,24,30,0.3375,0.3964,0.5312
2016,Josh Donaldson,5038,30,3B,TOR,700,164,122,99,37,7,0.2842,0.404,0.5494
2016,Buster Posey,9166,29,C,SFG,614,155,82,80,14,6,0.2876,0.3616,0.4341
2016,Brian Dozier,9810,29,2B,MIN,691,165,104,99,42,18,0.2683,0.3396,0.5463
2016,Freddie Freeman,5361,26,1B,ATL,693,178,102,91,34,6,0.3022,0.3997,0.5688
2016,Robinson Canó,3269,33,2B,SEA,715,195,107,103,39,0,0.2977,0.3497,0.5328
2016,Yasmani Grandal,11368,27,C,LAD,457,89,49,72,27,1,0.2282,0.3392,0.4769
2016,Adam Eaton,11205,27,OF,CHW,706,176,91,59,14,14,0.2843,0.3619,0.4281
2016,Jean Segura,5933,26,2B/SS,ARI,694,203,102,64,20,33,0.3187,0.3681,0.4992
2016,Nolan Arenado,9777,25,3B,COL,696,182,116,133,41,2,0.2945,0.3621,0.5696
2016,Kyle Seager,9785,28,3B,SEA,676,166,89,99,30,3,0.2781,0.3595,0.4992
2016,Manny Machado,11493,23,3B,BAL,696,188,105,96,37,0,0.2938,0.3434,0.5328
2016,Jackie Bradley Jr.,12984,26,OF,BOS,636,149,94,87,26,9,0.267,0.3491,0.4857
2016,Ian Kinsler,6195,34,2B,DET,679,178,117,83,28,14,0.288,0.3476,0.4838
2016,Miguel Cabrera,1744,33,1B/3B,DET,679,188,92,108,38,0,0.316,0.3932,0.563
2016,Christian Yelich,11477,24,OF,MIA,659,172,78,98,21,9,0.2976,0.3763,0.4827
2016,Corey Seager,13624,22,SS,LAD,687,193,105,72,26,3,0.3078,0.3654,0.512
2016,Francisco Lindor,12916,22,SS,CLE,684,182,99,78,15,19,0.3013,0.3583,0.4354
2016,Adrian Beltré,639,37,3B,TEX,640,175,89,104,32,1,0.3002,0.3578,0.5214
2016,José Ramírez,13510,23,3B,CLE,618,176,84,76,11,22,0.3115,0.363,0.4619
2016,DJ LeMahieu,9874,27,2B,COL,635,192,104,66,11,11,0.3478,0.4163,0.4946
2016,Joey Votto,4314,32,1B,CIN,677,181,101,97,29,8,0.3255,0.4343,0.5504
2016,Anthony Rizzo,3473,26,1B,CHC,676,170,94,109,32,3,0.2916,0.3846,0.5437
2016,Nelson Cruz,2434,35,DH/OF,SEA,667,169,96,105,43,2,0.2869,0.3598,0.5552
2016,Daniel Murphy,4316,31,1B/2B,WSN,582,184,88,104,25,5,0.3465,0.39,0.5951
2016,David Ortiz,745,40,DH,BOS,626,169,79,127,38,2,0.3147,0.401,0.6201
2016,Yadier Molina,7007,33,C,STL,581,164,56,58,8,3,0.3071,0.3597,0.427
2016,Charlie Blackmon,7859,29,OF,COL,641,187,111,82,29,17,0.3235,0.3809,0.5519
2016,George Springer,12856,26,OF,HOU,744,168,116,82,29,9,0.2609,0.3589,0.4565
2016,Jonathan Lucroy,7870,30,C,2 Tms,544,143,67,81,24,5,0.2918,0.3548,0.5
2016,Paul Goldschmidt,9218,28,1B,ARI,705,172,106,95,24,32,0.2971,0.4105,0.4888
2016,Justin Turner,5235,31,3B,LAD,622,153,79,90,27,4,0.2752,0.3392,0.4928
2016,Dexter Fowler,4062,30,OF,CHC,551,126,84,48,13,13,0.2763,0.3927,0.4474
2016,Evan Longoria,9368,30,3B,TBR,685,173,81,98,36,0,0.2733,0.3182,0.5213
2016,Carlos Correa,14162,21,SS,HOU,660,158,76,96,20,13,0.2738,0.3606,0.4506
2016,Wilson Ramos,1433,28,C,WSN,523,148,58,80,22,0,0.3071,0.3537,0.4959
2016,Brandon Crawford,5343,29,SS,SFG,623,152,67,84,12,7,0.2749,0.3419,0.4304
2016,Jason Kipnis,9776,29,2B,CLE,688,168,91,82,23,15,0.2754,0.3426,0.4689
2016,Trea Turner,16252,23,SS,WSN,324,105,53,40,13,33,0.342,0.3704,0.5668
2016,Matt Carpenter,8090,30,3B,STL,566,128,81,68,21,0,0.2706,0.3801,0.5053
2016,Ender Inciarte,4922,25,OF,ATL,578,152,85,29,3,16,0.2912,0.3508,0.3812
2016,Dustin Pedroia,8370,32,2B,BOS,698,201,105,74,15,7,0.3175,0.3759,0.4487
2016,Kevin Kiermaier,11038,26,OF,TBR,414,90,55,37,12,21,0.2459,0.3309,0.4098
2016,Billy Hamilton,10199,25,OF,CIN,460,107,69,17,3,58,0.2603,0.3207,0.3431
2016,Jake Lamb,13329,25,3B,ARI,594,130,81,91,29,6,0.2486,0.3316,0.5086
2016,Starling Marte,9241,27,OF,PIT,529,152,71,46,9,47,0.3108,0.3617,0.456
2016,Brandon Belt,10264,28,1B,SFG,655,149,77,82,17,0,0.2749,0.3939,0.4742
2016,Odúbel Herrera,11476,24,OF,PHI,656,167,87,49,15,25,0.2864,0.3609,0.4202
2016,Russell Martin,4616,33,C,TOR,535,105,62,74,20,2,0.2308,0.3352,0.3978
2016,Xander Bogaerts,12161,23,SS,BOS,719,192,115,89,21,13,0.2945,0.3561,0.4463
2016,Elvis Andrus,8709,27,SS,TEX,568,153,75,69,8,24,0.3024,0.3617,0.4387
2016,Ben Zobrist,7435,35,2B/OF,CHC,631,142,94,76,18,6,0.2715,0.386,0.4455
2016,Edwin Encarnación,2151,33,1B/3B/DH,TOR,702,158,99,127,42,2,0.2629,0.3566,0.5291
2016,Addison Russell,14106,22,SS,CHC,598,125,67,95,21,5,0.2381,0.3211,0.4171
2016,Trevor Story,12564,23,SS,COL,415,101,67,72,27,8,0.2715,0.3414,0.5672
2016,Jonathan Schoop,11265,24,2B,BAL,647,164,82,82,25,1,0.2667,0.2983,0.4537
2016,Asdrúbal Cabrera,4962,30,SS,NYM,568,146,65,62,23,5,0.2802,0.3363,0.4741
2016,Jonathan Villar,10071,25,2B/SS,MIL,679,168,92,63,19,62,0.2852,0.3694,0.4567
2016,Ian Desmond,6885,30,SS/OF,TEX,677,178,107,86,22,21,0.2848,0.3353,0.4464
2016,César Hernández,10556,26,2B,PHI,622,161,67,39,6,17,0.2943,0.3712,0.3931
2016,Ryan Braun,3410,32,OF,MIL,564,156,80,91,30,16,0.3053,0.3652,0.5382
2016,Wil Myers,10047,25,1B/OF,SDP,676,155,99,94,28,28,0.2588,0.3358,0.4608
2016,Carlos Santana,2396,30,1B,CLE,688,151,89,87,34,5,0.2595,0.3663,0.4983
2016,Joc Pederson,11899,24,OF,LAD,476,100,64,68,25,6,0.2463,0.3516,0.4951
2016,Anthony Rendon,12861,26,3B,WSN,647,153,91,85,20,12,0.2698,0.3478,0.4497
2016,Yoenis Cespedes,13110,30,OF,NYM,543,134,72,86,31,3,0.2797,0.3536,0.5303
2016,Evan Gattis,11003,29,C/DH,HOU,499,112,58,72,32,2,0.2506,0.3186,0.5078
2016,Martín Prado,3312,32,3B,MIA,658,183,70,75,8,2,0.305,0.3587,0.4167
2016,Kole Calhoun,11200,28,OF,LAA,672,161,91,75,18,2,0.271,0.3482,0.4377
2016,Aledmys Díaz,15937,25,SS,STL,460,121,71,65,17,4,0.2995,0.369,0.5099
2016,Gary Sánchez,11442,23,C,NYY,229,60,34,42,20,1,0.2985,0.3755,0.6567
2016,Todd Frazier,785,30,3B,CHW,666,133,89,98,40,15,0.2254,0.3023,0.4644
2016,Jung Ho Kang,17182,29,3B/SS,PIT,370,81,45,62,21,3,0.2547,0.3541,0.5126
2016,Jason Castro,8722,29,C,HOU,376,69,41,32,11,2,0.2097,0.3067,0.3769
2016,Curtis Granderson,4747,35,OF,NYM,633,129,88,59,30,4,0.2367,0.3349,0.4642
2016,Andrelton Simmons,10847,26,SS,LAA,483,126,48,44,4,10,0.2812,0.3237,0.3661
2016,Rougned Odor,12282,22,2B,TEX,632,164,89,88,33,14,0.2711,0.2959,0.5025
2016,Francisco Cervelli,5275,30,C,PIT,393,86,42,33,1,6,0.2638,0.3766,0.3221
2016,Hanley Ramirez,8001,32,SS,BOS,620,157,81,111,30,9,0.286,0.3613,0.5046
2016,Logan Forsythe,7185,29,2B,TBR,567,135,76,52,20,6,0.2642,0.3333,0.4442
2016,Tim Anderson,15172,23,SS,CHW,431,116,57,30,9,10,0.2829,0.3059,0.4317
2016,Leonys Martin,11846,28,OF,SEA,576,128,72,47,15,24,0.2471,0.3059,0.3784
2016,Stephen Piscotty,13367,25,OF,STL,649,159,86,85,22,7,0.2732,0.3431,0.457
2016,Marcus Semien,12533,25,2B/SS,OAK,621,135,72,75,27,10,0.2377,0.3,0.4349
2016,Devon Travis,13862,25,2B,TOR,432,123,54,50,11,4,0.3,0.3318,0.4537
2016,Jedd Gyorko,10816,27,2B/3B,STL,438,97,58,59,30,0,0.2425,0.3059,0.495
2016,Brett Gardner,9927,32,OF,NYY,634,143,80,41,7,16,0.2614,0.3508,0.362
2016,Jordy Mercer,6547,29,SS,PIT,584,133,66,59,11,1,0.2563,0.3276,0.3738
2016,Adam Jones,6368,30,OF,BAL,672,164,86,83,29,2,0.2649,0.31,0.4362
2016,Khris Davis,9112,28,DH/OF,OAK,610,137,85,102,42,1,0.2468,0.3066,0.5243
2016,Javier Báez,12979,23,SS,CHC,450,115,50,59,14,12,0.2732,0.314,0.4228
2016,Starlin Castro,4579,26,2B/SS,NYY,610,156,63,70,21,4,0.2704,0.3005,0.4333
2016,J.D. Martinez,6184,28,DH/OF,DET,517,141,69,68,22,1,0.3065,0.3733,0.5348
2016,Tyler Flowers,9134,30,C,ATL,325,76,27,41,8,0,0.2705,0.3569,0.4199
2016,Ryan Schimpf,9953,28,2B/3B,SDP,330,60,48,51,20,1,0.2174,0.3364,0.5326
2016,Willson Contreras,11609,24,C,CHC,283,71,33,35,12,2,0.2817,0.3569,0.4881
2016,Didi Gregorius,6012,26,SS,NYY,597,155,68,70,20,7,0.2758,0.3041,0.4466
2016,Marcell Ozuna,10324,25,DH/OF,MIA,608,148,75,76,23,0,0.2657,0.3207,0.4524
2016,Sean Rodríguez,6589,31,2B,PIT,342,81,49,56,18,2,0.27,0.349,0.51
2016,Troy Tulowitzki,3531,31,SS,TOR,544,125,54,79,24,1,0.2541,0.318,0.4431
2016,Eduardo Núñez,6848,29,3B/SS,2 Tms,595,159,73,67,16,40,0.2875,0.3255,0.4322
2016,Nick Castellanos,11737,24,3B/OF,DET,447,117,54,58,18,1,0.2847,0.3311,0.4964
2016,J.T. Realmuto,11739,25,C,MIA,545,154,60,48,11,12,0.3026,0.3431,0.4283
2016,Neil Walker,7539,30,2B,NYM,458,116,57,55,23,3,0.2816,0.3472,0.4757
2016,Ryon Healy,15447,24,1B/3B,OAK,283,82,36,37,13,0,0.3048,0.3369,0.5242
2016,Michael Saunders,9981,29,OF,TOR,558,124,70,57,24,1,0.2531,0.3375,0.4776
2016,Jarrod Dyson,4866,31,OF,KCR,337,83,46,25,1,30,0.2776,0.3404,0.388
2016,Paulo Orlando,8628,30,OF,KCR,484,138,52,43,5,14,0.302,0.3292,0.4048
2016,Chris Carter,9911,29,1B/DH,MIL,644,122,84,94,41,3,0.2222,0.3214,0.4991
2016,Derek Dietrich,10542,26,2B/OF,MIA,412,98,39,42,7,1,0.2792,0.3738,0.4245
2016,Adam Duvall,10950,27,OF,CIN,608,133,85,103,33,6,0.2409,0.2965,0.4982
2016,Gregory Polanco,12907,24,OF,PIT,587,136,79,86,22,17,0.2581,0.3225,0.463
2016,José Abreu,15676,29,1B,CHW,695,183,67,100,25,0,0.2933,0.3525,0.4679
2016,Carlos González,7287,30,OF,COL,632,174,87,100,25,2,0.2979,0.3497,0.5051
2016,Lorenzo Cain,9077,30,OF,KCR,434,114,56,56,9,14,0.2872,0.3387,0.4081
2016,Yangervis Solarte,5352,28,2B/3B,SDP,443,116,55,71,15,1,0.2864,0.3409,0.4667
2016,Brian McCann,4810,32,C,NYY,492,104,56,58,20,1,0.2424,0.3354,0.4126
2016,Eugenio Suárez,12552,24,3B,CIN,627,140,78,70,21,11,0.2478,0.3174,0.4106
2016,Max Kepler,12144,23,OF,MIN,447,93,52,63,17,6,0.2348,0.3094,0.4242
2016,Carlos Beltrán,589,39,OF,2 Tms,593,163,73,93,29,1,0.2953,0.3373,0.5127
2016,Tyler Naquin,13359,25,OF,CLE,365,95,52,43,14,6,0.296,0.3719,0.514
2016,José Bautista,1887,35,OF,TOR,517,99,68,69,22,2,0.234,0.3656,0.4515
2016,Cameron Maybin,5223,29,OF,DET,391,110,65,43,4,15,0.3152,0.383,0.4183
2016,Chase Headley,4720,32,3B,NYY,529,117,58,51,14,8,0.2505,0.3289,0.3833
2016,Keon Broxton,9253,26,OF,MIL,244,50,28,19,9,23,0.2415,0.3539,0.43
2016,Giancarlo Stanton,4949,26,DH/OF,MIA,470,99,56,74,27,0,0.2397,0.3262,0.4891
2016,Bryce Harper,11579,23,OF,WSN,627,123,84,86,24,21,0.2431,0.3732,0.4407
2016,Sandy León,5273,27,C,BOS,283,78,36,35,7,0,0.3095,0.3692,0.4762
2016,Mark Trumbo,6876,30,1B/DH/OF,BAL,667,157,94,108,47,2,0.2561,0.3163,0.5334
2016,Luis Valbuena,4969,30,3B,HOU,342,76,38,40,13,1,0.2603,0.3569,0.4589
2016,Byron Buxton,14161,22,OF,MIN,331,67,44,38,10,10,0.2248,0.2844,0.4295
2016,Josh Harrison,8202,28,2B/3B,PIT,522,138,57,59,4,19,0.2834,0.3108,0.3881
2016,Tony Wolters,11470,24,C,COL,230,53,27,30,3,4,0.2585,0.3274,0.3951
2016,Jacoby Ellsbury,4727,32,OF,NYY,626,145,71,56,9,20,0.2632,0.3295,0.3739
2016,Joe Panik,11936,25,2B,SFG,526,111,67,62,10,5,0.2392,0.3155,0.3793
2016,Matt Joyce,3353,31,OF,PIT,293,56,45,42,13,1,0.2424,0.4027,0.4632
2016,Kevin Pillar,12434,27,OF,TOR,584,146,59,53,7,14,0.2664,0.3029,0.3759
2016,Melky Cabrera,4022,31,OF,CHW,646,175,70,86,14,2,0.2961,0.3453,0.4552
2016,David Freese,9549,33,3B,PIT,492,118,63,55,13,0,0.27,0.3516,0.4119
2016,Cameron Rupp,11146,27,C,PHI,419,98,36,54,16,1,0.2519,0.3031,0.4473
2016,Jose Iglesias,10231,26,SS,DET,513,119,57,32,4,7,0.2548,0.3063,0.3362
2016,Danny Valencia,6364,31,3B,OAK,517,135,72,51,17,1,0.2866,0.3462,0.4459
2016,Justin Upton,5222,28,OF,DET,626,140,81,87,31,9,0.2456,0.3099,0.4649
2016,Randal Grichuk,10243,24,OF,STL,478,107,66,68,24,5,0.2399,0.2887,0.4798
2016,Adam Rosales,9682,33,2B/3B/SS,SDP,248,49,37,35,13,4,0.229,0.3185,0.4953
2016,Brandon Guyer,2636,30,OF,2 Tms,345,78,39,32,9,3,0.2662,0.3721,0.4232
2016,Joe Mauer,1857,33,C/1B,MIN,576,129,68,49,11,2,0.2611,0.3628,0.3887
2016,Chris Davis,9272,30,1B,BAL,665,125,99,84,38,1,0.2208,0.3323,0.4594
2016,Ichiro Suzuki,1101,42,OF,MIA,365,95,48,22,1,10,0.2905,0.3536,0.3761
2016,Freddy Galvis,6609,26,SS,PHI,624,141,61,67,20,17,0.2414,0.2744,0.399
2016,J.J. Hardy,3797,33,SS,BAL,438,109,43,48,9,0,0.2691,0.3089,0.4074
2016,Steve Pearce,9957,33,1B/OF,2 Tms,302,76,35,35,13,0,0.2879,0.3742,0.4924
2016,Hyun Soo Kim,18718,28,OF,BAL,346,92,36,22,6,1,0.3016,0.3815,0.4197
2016,Yunel Escobar,4191,33,3B/SS,LAA,567,157,68,39,5,0,0.3037,0.3546,0.3907
2016,Josh Reddick,3892,29,OF,2 Tms,439,112,53,37,10,8,0.2814,0.3447,0.4045
2016,Mike Zunino,13265,25,C,SEA,192,34,16,31,12,0,0.2073,0.3177,0.4695
2016,Jace Peterson,12325,26,2B/3B,ATL,408,89,45,29,7,5,0.2543,0.3498,0.3657
2016,Martín Maldonado,6887,29,C,MIL,253,42,21,21,8,1,0.2019,0.332,0.351
2016,Yasiel Puig,14225,25,OF,LAD,368,88,45,45,11,5,0.2635,0.3234,0.4162
2016,David Ross,1551,39,C,CHC,205,38,24,32,10,0,0.2289,0.3383,0.4458
2016,Hernán Pérez,5751,25,2B/3B/OF,MIL,430,110,50,56,13,34,0.2723,0.3021,0.4282
2016,Miguel Montero,3364,32,C,CHC,284,52,33,33,8,1,0.2158,0.3275,0.3568
2016,Ángel Pagán,2918,34,OF,SFG,543,137,71,55,12,15,0.2768,0.3315,0.4182
2016,Darwin Barney,2430,30,2B,TOR,306,75,35,19,4,2,0.2688,0.3224,0.3728
2016,David Dahl,13744,22,OF,COL,237,70,42,24,7,5,0.3153,0.3586,0.5
2016,Welington Castillo,3256,29,C,ARI,457,110,41,68,14,2,0.2644,0.3217,0.4231
2016,Alex Gordon,5209,32,OF,KCR,506,98,62,40,17,8,0.2202,0.3123,0.3798
2016,Matt Wieters,4298,30,C,BAL,464,103,48,66,17,1,0.2435,0.3024,0.409
2016,Brad Miller,12775,26,SS,TBR,601,133,73,81,30,6,0.2427,0.3045,0.4818
2016,Andrew Toles,13414,24,OF,LAD,115,33,19,16,3,1,0.3143,0.3652,0.5048
2016,José Reyes,1736,33,SS,NYM,279,68,45,24,8,9,0.2667,0.3262,0.4431
2016,Alex Bregman,17678,22,3B,HOU,217,53,31,34,8,2,0.2637,0.3134,0.4776
2016,Tyler Saladino,10807,26,3B/SS,CHW,319,84,33,38,8,11,0.2819,0.3155,0.4094
2016,Hunter Pence,8252,33,OF,SFG,442,114,58,57,13,1,0.2886,0.3575,0.4506
2016,Norichika Aoki,13075,34,OF,SEA,467,118,63,28,4,7,0.283,0.3492,0.3885
2016,Alcides Escobar,6310,29,SS,KCR,682,166,57,55,7,17,0.2606,0.2917,0.3501
2016,Jay Bruce,9892,29,OF,2 Tms,589,135,74,99,33,4,0.2505,0.309,0.5065
2016,Mike Napoli,3057,34,C/1B,CLE,645,133,92,101,34,5,0.2388,0.3349,0.465
2016,Brandon Moss,4467,32,1B/OF,STL,464,93,66,67,28,1,0.2252,0.2996,0.4843
2016,Travis d'Arnaud,7739,27,C,NYM,276,62,27,15,4,0,0.247,0.3066,0.3227
2016,René Rivera,3648,32,C,NYM,207,41,12,26,6,0,0.2216,0.2913,0.3405
2016,José Peraza,13593,22,2B/SS,CIN,256,78,25,25,3,21,0.3237,0.3516,0.4108
2016,Marwin Gonzalez,5497,27,SS,HOU,518,123,55,51,13,12,0.2541,0.293,0.4008
2016,Chase Utley,1679,37,2B,LAD,565,129,79,52,14,2,0.252,0.3191,0.3965
2016,Steven Souza Jr.,5667,27,OF,TBR,468,106,58,49,17,7,0.2465,0.3034,0.4093
2016,Cheslor Cuthbert,10473,23,3B,KCR,510,130,49,46,12,2,0.2737,0.3183,0.4126
2016,Jayson Werth,1327,37,OF,WSN,606,128,84,69,21,5,0.2438,0.335,0.4171
2016,Rajai Davis,3708,35,OF,CLE,495,113,74,48,12,43,0.2489,0.3057,0.3877
2016,Justin Bour,9744,28,1B,MIA,321,74,35,51,15,0,0.2643,0.3489,0.475
2016,Greg Garcia,10951,26,2B/3B,STL,257,59,33,17,3,1,0.2757,0.393,0.3692
2016,Lonnie Chisenhall,7571,27,3B/OF,CLE,418,110,43,57,8,6,0.2857,0.3277,0.439
2016,Pedro Álvarez,2495,29,3B,BAL,376,84,43,49,22,1,0.2493,0.3218,0.5045
2016,Howie Kendrick,4229,32,2B,LAD,543,124,65,40,8,10,0.2546,0.326,0.3655
2016,Kolten Wong,12532,25,2B,STL,361,75,39,23,5,7,0.2396,0.3269,0.3546
2016,C.J. Cron,12546,26,1B,LAA,445,113,51,69,16,2,0.2776,0.3251,0.4668
2016,Eddie Rosario,12155,24,OF,MIN,354,90,52,32,10,5,0.2687,0.2955,0.4209
2016,Jake Marisnick,11339,25,OF,HOU,311,60,40,21,5,10,0.2091,0.2573,0.331
2016,Chris Young,3882,32,OF,BOS,227,56,29,24,9,4,0.2759,0.3524,0.4975
2016,Danny Espinosa,9219,29,2B/SS,WSN,601,108,66,72,24,9,0.2093,0.3064,0.3779
2016,Adrián González,1908,34,1B,LAD,633,162,69,90,18,0,0.2852,0.3491,0.4349
2016,B.J. Upton,5015,31,OF,2 Tms,539,117,64,61,20,27,0.2378,0.2905,0.4024
2016,Michael Conforto,16376,23,OF,NYM,348,67,38,42,12,2,0.2204,0.3103,0.4145
2016,Roberto Pérez,2900,27,C,CLE,184,28,14,17,3,0,0.183,0.2849,0.2941
2016,Drew Butera,3411,32,C,KCR,133,35,18,16,4,0,0.2846,0.3282,0.4797
2016,Colby Rasmus,9893,29,OF,HOU,417,76,38,54,15,4,0.206,0.2861,0.355
2016,Matt Duffy,13836,25,3B,2 Tms,366,86,41,28,5,8,0.2583,0.3104,0.3574
2016,Albert Pujols,1177,36,1B,LAA,650,159,71,119,31,4,0.2681,0.3231,0.457
2016,Brock Holt,9345,28,2B/3B/OF,BOS,324,74,45,34,7,4,0.2552,0.322,0.3828
2016,Dansby Swanson,18314,22,SS,ATL,145,39,20,17,3,3,0.3023,0.3611,0.4419
2016,Brett Lawrie,5247,26,2B/3B,CHW,384,87,35,36,12,7,0.2479,0.3099,0.4131
2016,Victor Martinez,393,37,C/DH,DET,610,160,65,86,27,0,0.2893,0.3508,0.4756
2016,Maikel Franco,12179,23,3B,PHI,630,148,67,88,25,1,0.2547,0.3063,0.4269
2016,Chris Owings,10030,24,2B/SS,ARI,466,121,52,49,5,21,0.2769,0.3147,0.4165
2016,Whit Merrifield,11281,27,2B/OF,KCR,332,88,44,29,2,8,0.283,0.3233,0.3923
2016,Franklin Gutierrez,3255,33,OF,SEA,283,61,33,39,14,1,0.246,0.3286,0.4516
2016,Kendrys Morales,8610,33,1B/DH,KCR,618,147,65,93,30,0,0.2634,0.3269,0.4677
2016,Andrew McCutchen,9847,29,OF,PIT,675,153,81,79,24,6,0.2559,0.3363,0.4298
2016,Travis Jankowski,13768,25,OF,SDP,383,82,53,12,2,30,0.2448,0.3325,0.3134
2016,Robbie Grossman,5254,26,OF,MIN,389,93,49,37,11,2,0.2801,0.3856,0.4428
2016,Kelby Tomlinson,13005,26,2B,SFG,120,31,13,6,0,5,0.2925,0.3697,0.3302
2016,Seth Smith,7331,33,OF,SEA,438,94,62,63,16,0,0.2487,0.3425,0.4153
2016,Jefry Marte,5107,25,1B,LAA,284,65,38,44,15,2,0.2519,0.3099,0.4806
2016,Aaron Hill,6104,34,2B,2 Tms,429,99,48,38,10,4,0.2619,0.3357,0.3783
2016,Matt Adams,9393,27,1B,STL,327,74,37,54,16,0,0.2492,0.3089,0.4714
2016,Jorge Polanco,13152,22,2B/SS,MIN,270,69,24,27,4,4,0.2816,0.3321,0.4245
2016,Scooter Gennett,10339,26,2B,MIL,542,131,58,56,14,8,0.2631,0.3167,0.4116
2016,Stephen Drew,4251,33,SS,WSN,165,38,24,21,8,0,0.2657,0.3394,0.5245
2016,Dee Strange-Gordon,8203,28,2B,MIA,345,87,47,14,1,30,0.2677,0.3052,0.3354
2016,Jeff Mathis,3448,33,C,MIA,132,30,12,15,2,0,0.2381,0.2672,0.3333
2016,Zack Cozart,2616,30,SS,CIN,508,117,67,50,16,4,0.2522,0.3077,0.4246
2016,Wilmer Flores,5827,24,1B,NYM,335,82,38,49,16,1,0.2671,0.3194,0.4691
2016,Juan Lagares,5384,27,OF,NYM,160,34,15,9,3,4,0.2394,0.3013,0.3803
2016,John Jaso,5887,32,C,PIT,432,102,45,42,8,0,0.2684,0.3527,0.4132
2016,Chris Herrmann,9284,28,C/OF,ARI,166,42,21,28,6,4,0.2838,0.3515,0.4932
2016,Christian Vázquez,9774,25,C,BOS,184,39,21,12,1,0,0.2267,0.2772,0.3081
2016,Adeiny Hechavarría,10459,27,SS,MIA,547,120,52,38,3,1,0.2362,0.2826,0.311
2016,Jose Lobatón,4243,31,C,WSN,114,23,10,8,3,0,0.2323,0.3186,0.3737
2016,Joey Rickard,13277,25,OF,BAL,282,69,32,19,5,4,0.2685,0.319,0.3774
2016,Ryan Rua,12409,26,1B/OF,TEX,269,62,40,22,8,9,0.2583,0.3309,0.4
2016,Chase d'Arnaud,6652,29,3B/SS,ATL,262,57,24,21,1,9,0.2446,0.3168,0.3348
2016,Alex Dickerson,12649,26,OF,SDP,285,65,39,37,10,5,0.2569,0.3333,0.4545
2016,Logan Morrison,9205,28,1B/OF,TBR,398,84,45,43,14,4,0.238,0.3191,0.4136
2016,Scott Schebler,12225,25,OF,CIN,282,68,36,40,9,2,0.2646,0.3298,0.4319
2016,Kennys Vargas,12101,25,1B/DH,MIN,177,35,27,20,10,0,0.2303,0.3333,0.5
2016,Nick Ahmed,12147,26,SS,ARI,308,62,26,20,4,5,0.2183,0.2647,0.2993
2016,Corey Dickerson,10762,27,OF,TBR,548,125,57,70,24,0,0.2451,0.2925,0.4686
2016,Johnny Giavotella,6740,28,2B,LAA,367,90,44,31,6,4,0.2601,0.2865,0.3757
2016,Tim Beckham,7949,26,SS,TBR,215,49,25,16,5,2,0.2475,0.3005,0.4343
2016,Jason Heyward,4940,26,OF,CHC,592,122,61,49,7,11,0.2302,0.3063,0.3245
2016,James McCann,12859,26,C,DET,373,76,31,48,12,0,0.2209,0.2715,0.3576
2016,Trayce Thompson,9952,25,OF,LAD,262,53,31,32,13,5,0.2246,0.3015,0.4364
2016,Jurickson Profar,10815,23,OF,TEX,307,65,35,20,5,2,0.239,0.3213,0.3382
2016,Mike Moustakas,4892,27,3B,KCR,113,25,12,13,7,0,0.2404,0.3009,0.5
2016,Curt Casali,12510,27,C,TBR,256,42,23,25,8,0,0.1858,0.2727,0.3363
2016,Brandon Drury,11615,23,2B/3B,ARI,499,130,59,53,16,1,0.282,0.3287,0.4577
2016,Andrew Benintendi,17901,21,OF,BOS,118,31,16,14,2,1,0.2952,0.359,0.4762
2016,Nomar Mazara,14553,21,OF,TEX,568,137,59,64,20,0,0.2655,0.3204,0.4186
2016,Mallex Smith,13608,23,OF,ATL,215,45,28,22,3,16,0.2381,0.316,0.3651
2016,Alex Avila,7476,29,C,CHW,209,36,19,11,7,0,0.213,0.3589,0.3728
2016,Denard Span,8347,32,OF,SFG,637,152,70,53,11,12,0.2657,0.3312,0.3811
2016,Jeremy Hazelbaker,9399,28,OF,STL,224,47,35,28,12,5,0.235,0.2955,0.48
2016,Daniel Descalso,8392,29,2B/3B,COL,289,66,38,38,8,3,0.264,0.3495,0.424
2016,Nick Markakis,5930,32,OF,ATL,684,161,67,89,13,0,0.2688,0.3465,0.3973
2016,Tommy Joseph,10349,24,1B,PHI,347,81,47,47,21,1,0.2571,0.3084,0.5048
2016,Tucker Barnhart,10200,25,C,CIN,420,97,34,51,7,1,0.2573,0.323,0.3793
2016,Matt Holliday,1873,36,OF,STL,426,94,48,62,20,0,0.2461,0.3216,0.4607
2016,Albert Almora Jr.,14109,22,OF,CHC,117,31,14,14,3,0,0.2768,0.3077,0.4554
2016,Abraham Almonte,5486,27,OF,CLE,194,48,24,22,1,8,0.2637,0.2938,0.4011
2016,T.J. Rivera,12495,27,2B/3B,NYM,113,35,10,16,3,0,0.3333,0.3451,0.4762
2016,Jon Jay,5227,31,OF,SDP,373,101,49,26,2,2,0.2911,0.3387,0.389
2016,Jhonny Peralta,1738,34,SS,STL,313,75,37,29,8,0,0.2595,0.3067,0.4083
2016,Kirk Nieuwenhuis,6400,28,OF,MIL,392,70,38,44,13,8,0.209,0.324,0.3851
2016,Conor Gillaspie,9009,28,3B,SFG,205,50,24,25,6,1,0.2618,0.3073,0.4398
2016,Mark Reynolds,7619,32,1B/3B,COL,441,111,61,53,14,1,0.2824,0.356,0.4504
2016,Tommy La Stella,12371,27,2B/3B,CHC,169,40,17,11,2,0,0.2703,0.3571,0.4054
2016,Adonis García,13777,31,3B,ATL,563,145,65,65,14,3,0.2726,0.3114,0.406
2016,Salvador Perez,7304,26,C,KCR,546,127,57,64,22,0,0.2471,0.2875,0.4377
2016,Travis Shaw,11982,26,3B,BOS,530,116,63,71,16,5,0.2417,0.3057,0.4208
2016,Andrew Romine,1159,30,3B/SS,DET,194,41,21,16,2,8,0.2356,0.3037,0.3218
2016,Jett Bandy,12508,26,C,LAA,231,49,23,25,8,1,0.2344,0.2807,0.3923
2016,Shin-Soo Choo,3174,33,OF,TEX,210,43,27,17,7,6,0.2416,0.3571,0.3989
2016,Michael A. Taylor,11489,25,OF,WSN,237,51,28,16,7,14,0.2308,0.2785,0.3756
2016,Peter Bourjos,2578,29,OF,PHI,383,89,40,23,5,6,0.2507,0.2918,0.3887
2016,Kevin Plawecki,13807,25,C,NYM,151,26,6,11,1,0,0.197,0.298,0.2652
2016,Jorge Soler,14221,24,DH/OF,CHC,264,54,37,31,12,0,0.2379,0.3333,0.4361
2016,Miguel Sanó,12164,23,1B/3B,MIN,495,103,57,66,25,1,0.2357,0.3192,0.4622
2016,Nick Franklin,10166,25,2B,TBR,191,47,18,26,6,6,0.2701,0.328,0.4425
2016,Trevor Plouffe,7462,30,3B,MIN,344,83,35,47,12,1,0.2602,0.3032,0.4201
2016,Derek Norris,6867,27,C,SDP,458,77,50,42,14,9,0.1855,0.2555,0.3277
2016,Christian Colón,11145,27,2B/3B,KCR,161,34,13,13,1,0,0.2313,0.2938,0.2925
2016,Austin Jackson,9848,29,OF,CHW,203,46,24,18,0,2,0.2541,0.3184,0.3425
2016,Jarrett Parker,11624,27,OF,SFG,151,30,22,14,5,0,0.2362,0.3576,0.3937
2016,Adam Frazier,15223,24,2B/OF,PIT,160,44,21,11,2,4,0.3014,0.3562,0.411
2016,David Peralta,2136,28,OF,ARI,183,43,23,15,4,2,0.2515,0.2951,0.4327
2016,Ketel Marte,13613,22,2B,SEA,466,113,55,33,1,11,0.2586,0.2873,0.3227
2016,Carlos Gómez,4881,30,OF,2 Tms,453,95,45,53,13,18,0.2311,0.2978,0.3844
2016,Phil Gosselin,10953,27,2B/3B,ARI,240,61,26,13,2,3,0.2773,0.3235,0.3682
2016,Kelly Johnson,2234,34,2B,2 Tms,333,75,25,34,10,4,0.2467,0.3063,0.3914
2016,Luke Maile,13355,25,C,TBR,126,27,10,15,3,0,0.2269,0.252,0.3613
2016,Tommy Pham,2967,28,OF,STL,183,36,26,17,9,2,0.2264,0.3242,0.4403
2016,Yuli Gurriel,19198,32,1B,HOU,137,34,13,15,3,1,0.2615,0.292,0.3846
2016,Ronald Torreyes,11400,23,2B/3B/SS,NYY,168,40,20,12,1,2,0.2581,0.3054,0.3742
2016,Domingo Santana,10348,23,OF,MIL,281,63,34,32,11,2,0.2561,0.3452,0.4472
2016,Matt Szczur,11255,26,OF,CHC,200,48,30,24,5,2,0.2595,0.3116,0.4
2016,Mac Williamson,14158,25,OF,SFG,127,25,14,15,6,0,0.2232,0.315,0.4107
2016,Stephen Vogt,5000,31,C,OAK,532,123,54,56,14,0,0.251,0.3045,0.4061
2016,Tyler Collins,12723,26,OF,DET,151,32,14,15,4,1,0.2353,0.3046,0.3824
2016,Ezequiel Carrera,9048,29,OF,TOR,310,67,47,23,6,7,0.2481,0.3234,0.3556
2016,Guillermo Heredia,18721,25,OF,SEA,107,23,12,12,1,1,0.25,0.3491,0.3152
2016,Desmond Jennings,1965,29,OF,TBR,225,40,22,20,7,2,0.2,0.2812,0.35
2016,Michael Bourn,6387,33,OF,2 Tms,413,99,48,38,5,15,0.264,0.3136,0.3707
2016,Chris Heisey,3978,31,OF,WSN,155,30,18,17,9,0,0.2158,0.2903,0.446
2016,Eric Hosmer,3516,26,1B,KCR,667,161,80,104,25,5,0.2661,0.3283,0.4331
2016,Jimmy Rollins,971,37,SS,CHW,166,33,25,8,2,5,0.2215,0.2952,0.3289
2016,Eduardo Escobar,6153,27,3B,MIN,377,83,32,37,6,1,0.2358,0.28,0.3381
2016,Joey Wendle,13853,26,2B/3B/SS,OAK,104,25,11,11,1,2,0.2604,0.2981,0.3021
2016,Orlando Arcia,13185,21,SS,MIL,216,44,21,17,4,8,0.2189,0.2731,0.3582
2016,Robinson Chirinos,3142,32,C,TEX,170,33,21,20,9,0,0.2245,0.3136,0.483
2016,Bruce Maxwell,13866,25,C,OAK,101,26,8,14,1,0,0.2826,0.3366,0.4022
2016,Anthony Recker,4063,32,C,ATL,112,25,6,15,2,1,0.2778,0.3945,0.4333
2016,Cliff Pennington,3395,32,2B/SS,LAA,188,36,18,10,3,1,0.2093,0.2649,0.3081
2016,Omar Narváez,13338,24,C,CHW,117,27,13,10,1,0,0.2673,0.3504,0.3366
2016,Carlos Ruiz,2579,37,C,2 Tms,233,53,21,15,3,3,0.2637,0.3648,0.3483
2016,Lucas Duda,2502,30,1B/OF,NYM,172,35,20,23,7,0,0.2288,0.3023,0.4118
2016,Mitch Haniger,14274,25,OF,ARI,123,25,9,17,5,0,0.2294,0.3089,0.4037
2016,Coco Crisp,1572,36,OF,2 Tms,498,103,54,55,13,10,0.2309,0.3016,0.3969
2016,Andrés Blanco,1907,32,2B/SS,PHI,209,48,26,21,4,2,0.2526,0.3158,0.4053
2016,Shawn O'Malley,9629,28,SS/OF,SEA,232,48,24,17,2,6,0.2286,0.2987,0.319
2016,Christian Bethancourt,10028,24,C,SDP,204,44,20,25,6,1,0.228,0.2647,0.3679
2016,Teoscar Hernández,13066,23,OF,HOU,112,23,15,11,4,0,0.23,0.3036,0.42
2016,Marlon Byrd,950,38,OF,CLE,129,31,11,19,5,0,0.2696,0.3256,0.4522
2016,Miguel Rojas,7802,27,SS,MIA,214,48,27,14,1,2,0.2474,0.2885,0.3247
2016,Rafael Ortega,10323,25,OF,LAA,202,43,24,16,1,8,0.2324,0.2828,0.2919
2016,Jeff Francoeur,4792,32,OF,2 Tms,331,78,33,34,7,2,0.2541,0.297,0.3779
2016,Rickie Weeks Jr.,1849,33,2B,ARI,205,43,29,27,9,5,0.2389,0.3268,0.45
2016,Gordon Beckham,9015,29,2B,2 Tms,279,52,25,31,5,1,0.2122,0.2939,0.3469
2016,Justin Morneau,1737,35,1B,CHW,218,53,16,25,6,0,0.2611,0.3028,0.4286
2016,Tyler White,15564,25,1B,HOU,276,54,24,28,8,1,0.2169,0.2862,0.3775
2016,Ryan Flaherty,7888,29,2B/3B,BAL,176,34,16,15,3,2,0.2166,0.2914,0.3185
2016,Bobby Wilson,6564,33,C,3 Tms,251,54,25,33,7,0,0.2368,0.2705,0.3553
2016,ByungHo Park,18497,29,1B/DH,MIN,244,41,28,24,12,1,0.1907,0.2746,0.4093
2016,Jake Smolinski,5408,27,OF,OAK,319,69,28,27,7,1,0.2379,0.2987,0.3448
2016,Yonder Alonso,2530,29,1B,OAK,532,122,52,56,7,3,0.2531,0.3158,0.3672
2016,James Loney,4556,32,1B,NYM,366,91,30,34,9,0,0.2653,0.3068,0.3965
2016,Avisaíl García,5760,25,OF,CHW,453,101,59,51,12,4,0.2446,0.3068,0.385
2016,Chris Stewart,3878,34,C,PIT,113,21,10,7,1,0,0.2143,0.3186,0.2857
2016,Shane Robinson,4249,31,OF,LAA,111,17,16,10,1,3,0.1735,0.2569,0.2347
2016,Josh Bell,13145,23,1B,PIT,152,35,18,19,3,0,0.2734,0.3684,0.4062
2016,David Wright,3787,33,3B,NYM,164,31,18,14,7,3,0.2263,0.3497,0.438
2016,Enrique Hernández,10472,24,OF,LAD,244,41,25,18,7,2,0.1898,0.2828,0.3241
2016,Tony Kemp,14894,24,2B/OF,HOU,136,26,15,7,1,2,0.2167,0.2963,0.325
2016,Nick Hundley,3376,32,C,COL,317,75,30,48,10,0,0.2595,0.3196,0.4394
2016,Hank Conger,2505,28,C,TBR,137,24,6,10,3,0,0.1935,0.2647,0.3065
2016,Dae-Ho Lee,18722,34,1B,SEA,317,74,33,49,14,0,0.2534,0.3123,0.4281
2016,Gregorio Petit,3812,31,2B/SS,LAA,223,50,21,17,2,1,0.2451,0.2986,0.348
2016,Adam Lind,8027,32,1B/DH,SEA,430,96,48,58,20,0,0.2394,0.286,0.4314
2016,Eric Fryer,8145,30,C,2 Tms,133,31,19,13,0,0,0.2672,0.3359,0.319
2016,Max Muncy,13301,25,1B/3B,OAK,133,21,13,8,2,0,0.1858,0.3083,0.2566
2016,Kurt Suzuki,8259,32,C,MIN,373,89,34,49,8,0,0.258,0.3011,0.4029
2016,Brandon Phillips,791,35,2B,CIN,584,160,74,64,11,14,0.2909,0.3196,0.4164
2016,Alejandro De Aza,3371,32,OF,NYM,267,48,31,25,6,4,0.2051,0.297,0.3205
2016,Scott Van Slyke,4365,29,OF,LAD,113,23,10,7,1,1,0.2255,0.292,0.3137
2016,Chris Gimenez,7324,33,C,CLE,155,30,17,11,4,0,0.2158,0.2715,0.3309
2016,Trevor Brown,13895,24,C,SFG,184,41,17,19,5,0,0.237,0.2826,0.3642
2016,Nolan Reimold,3441,32,OF,BAL,227,45,25,15,6,1,0.2217,0.2996,0.3645
2016,Brett Eibner,11369,27,OF,2 Tms,208,36,21,22,6,0,0.1925,0.2657,0.3529
2016,A.J. Ellis,5677,35,C,2 Tms,196,37,11,22,2,2,0.2164,0.3005,0.2982
2016,Cristhian Adames,6013,24,SS,COL,256,49,25,17,2,2,0.2178,0.3043,0.3022
2016,Michael Martinez,7358,33,2B/OF,2 Tms,106,24,16,4,1,0,0.2376,0.2667,0.3069
2016,Brandon Barnes,629,30,OF,COL,109,22,10,8,0,1,0.22,0.25,0.32
2016,Omar Infante,1609,34,2B,KCR,149,32,16,11,0,0,0.2388,0.2789,0.3209
2016,Anthony Gose,5097,25,OF,DET,101,19,11,7,2,0,0.2088,0.2871,0.3407
2016,Josh Thole,9689,29,C,TOR,136,20,7,7,1,0,0.1695,0.2537,0.2203
2016,Mitch Moreland,3086,30,1B,TEX,503,107,49,60,22,1,0.2326,0.2982,0.4217
2016,Carlos Pérez,10642,25,C,LAA,291,56,25,31,5,1,0.209,0.2438,0.3246
2016,Austin Romine,5491,27,C,NYY,176,40,17,26,4,1,0.2424,0.2686,0.3818
2016,Caleb Joseph,7087,30,C,BAL,141,23,7,0,0,0,0.1742,0.2158,0.197
2016,Aaron Altherr,11270,25,OF,PHI,227,40,23,23,4,7,0.202,0.304,0.2929
2016,Tyler Holt,11391,27,OF,CIN,208,42,21,13,0,4,0.2346,0.3268,0.2961
2016,Ryan Raburn,2218,35,OF,COL,256,49,30,30,9,0,0.2197,0.3086,0.4036
2016,Iván De Jesús Jr.,9886,29,2B,CIN,243,56,21,20,1,3,0.2534,0.3112,0.3122
2016,Steven Moya,11854,24,OF,DET,100,24,9,11,5,0,0.2553,0.29,0.5
2016,Billy Butler,7399,30,1B/DH,2 Tms,274,71,27,35,5,0,0.284,0.3358,0.416
2016,Rob Refsnyder,13770,25,OF,NYY,175,38,25,12,0,2,0.25,0.3276,0.3092
2016,Erick Aybar,4082,32,SS,2 Tms,459,101,34,34,3,3,0.2434,0.3026,0.3205
2016,Cody Asche,11997,26,3B/OF,PHI,218,42,22,18,4,3,0.2132,0.2844,0.3503
2016,Justin Smoak,9054,29,1B,TOR,341,65,33,34,14,1,0.2174,0.3138,0.3913
2016,Bryan Holaday,11287,28,C,2 Tms,129,27,17,14,2,0,0.2308,0.2812,0.359
2016,Aaron Hicks,5297,26,OF,NYY,361,71,32,31,8,3,0.2171,0.2806,0.3364
2016,Luis Sardinas,13153,23,2B/SS,2 Tms,197,44,25,18,4,4,0.2444,0.2953,0.3556
2016,Juan Uribe,454,37,3B/SS,CLE,259,49,19,25,7,0,0.2059,0.2587,0.3319
2016,Yolmer Sánchez,11602,24,2B/3B,CHW,163,32,15,21,4,0,0.2078,0.236,0.3571
2016,Delino DeShields,11379,23,OF,TEX,203,38,36,13,4,8,0.2088,0.275,0.3132
2016,Brett Wallace,8434,29,1B,SDP,256,41,19,20,6,0,0.1889,0.3086,0.318
2016,Ryan Goins,9807,28,2B/SS,TOR,196,34,13,12,3,1,0.1858,0.228,0.306
2016,Chris Coghlan,6878,31,OF,2 Tms,300,49,35,30,6,2,0.1877,0.29,0.318
2016,Alex Presley,5305,30,OF,2 Tms,134,24,12,11,3,0,0.1983,0.2687,0.2893
2016,Adalberto Mondesi,13769,20,SS,KCR,149,25,16,13,2,9,0.1852,0.2308,0.2815
2016,Yasmany Tomás,17171,25,OF,ARI,563,144,72,83,31,2,0.2717,0.3126,0.5075
2016,Matt Kemp,5631,31,OF,2 Tms,672,167,89,108,35,1,0.2681,0.3036,0.4992
2016,Clint Robinson,6908,31,1B/OF,WSN,224,46,16,26,5,0,0.2347,0.3049,0.3316
2016,Ji Man Choi,5452,25,1B,LAA,129,19,9,12,5,2,0.1696,0.2713,0.3393
2016,Grégor Blanco,3123,32,OF,SFG,274,54,28,18,1,6,0.2241,0.3088,0.3112
2016,Alexi Amarista,9063,27,2B/SS/OF,SDP,150,36,9,11,0,9,0.2571,0.2953,0.2714
2016,Chris Iannetta,8267,33,C,SEA,338,62,23,24,7,0,0.2102,0.3027,0.3288
2016,Juan Centeno,7168,26,C,MIN,192,46,16,25,3,0,0.2614,0.3122,0.392
2016,Jimmy Paredes,5481,27,3B/DH/OF,2 Tms,167,35,15,19,5,0,0.2215,0.253,0.3671
2016,Mark Teixeira,1281,36,1B,NYY,438,79,43,44,15,2,0.2041,0.2922,0.3618
2016,AJ Reed,16246,23,1B/DH,HOU,141,20,11,8,3,0,0.1639,0.2695,0.2623
2016,Chris Johnson,1191,31,3B,MIA,264,54,20,24,5,0,0.2222,0.2814,0.3292
2016,Yan Gomes,9627,28,C,CLE,264,42,22,34,9,0,0.1673,0.2008,0.3267
2016,Daniel Nava,5450,33,OF,2 Tms,148,29,11,13,1,0,0.2231,0.2973,0.2923
2016,Ben Revere,4712,28,OF,WSN,375,76,44,24,2,14,0.2171,0.2601,0.3
2016,Ryan Zimmerman,4220,31,1B/3B,WSN,467,93,60,46,15,4,0.2178,0.2719,0.37
2016,Preston Tucker,13633,25,OF,HOU,144,22,11,8,4,0,0.1642,0.2222,0.3284
2016,Billy Burns,12701,26,OF,2 Tms,332,73,39,13,0,17,0.2347,0.2705,0.2958
2016,Danny Santana,10322,25,OF,MIN,248,56,29,14,2,12,0.2403,0.2794,0.3262
2016,Tyler Goeddel,13180,23,OF,PHI,234,41,17,16,4,3,0.1925,0.2575,0.2911
2016,Jed Lowrie,4418,32,2B/SS,OAK,369,89,30,27,2,0,0.2633,0.3144,0.3225
2016,Gerardo Parra,8553,29,OF,COL,381,93,45,39,7,6,0.2527,0.2711,0.3995
2016,Mikie Mahtook,13130,26,OF,TBR,196,36,16,11,3,0,0.1946,0.2308,0.2919
2016,Oswaldo Arcia,10306,25,OF,4 Tms,222,41,17,23,8,1,0.203,0.2703,0.3663
2016,Ryan Hanigan,4952,35,C,BOS,113,18,9,14,1,0,0.1714,0.2301,0.2381
2016,Jarrod Saltalamacchia,5557,31,C,DET,292,42,30,38,12,0,0.1707,0.2842,0.3455
2016,Daniel Castro,15450,23,2B/SS,ATL,139,26,8,7,0,1,0.2,0.2409,0.2077
2016,Ryan Howard,2154,36,1B,PHI,362,65,35,59,25,0,0.1964,0.2569,0.4532
2016,Alex Rodriguez,1274,40,3B/SS,NYY,243,45,19,31,9,3,0.2,0.2469,0.3511
2016,Mike Aviles,5986,35,SS,DET,181,35,17,6,1,2,0.2096,0.2584,0.2695
2016,JB Shuck,6677,29,OF,CHW,241,46,27,14,4,3,0.2054,0.2479,0.2991
2016,Ramón Flores,11165,24,OF,MIL,289,51,18,19,2,3,0.2048,0.2937,0.261
2016,Alexei Ramirez,5133,34,SS,2 Tms,506,115,38,48,6,8,0.2406,0.2772,0.3326
2016,Ramón Cabrera,10327,26,C,CIN,185,42,11,23,3,1,0.2456,0.2787,0.3567
2016,A.J. Pierzynski,746,39,C,ATL,259,54,15,23,2,1,0.2186,0.2432,0.3036
2016,Prince Fielder,4613,32,1B,TEX,370,69,29,44,8,0,0.2117,0.2919,0.3344
2016,Dioner Navarro,3179,32,C,2 Tms,334,63,26,35,6,1,0.2072,0.2651,0.3224
2017,Aaron Judge,15640,25,OF,NYY,678,154,128,114,52,9,0.2841,0.4218,0.6273
2017,Jose Altuve,5417,27,2B,HOU,662,204,112,81,24,32,0.3458,0.41,0.5475
2017,Kris Bryant,15429,25,3B/OF,CHC,665,162,111,73,29,7,0.2951,0.409,0.5373
2017,José Ramírez,13510,24,3B,CLE,645,186,107,83,29,17,0.3179,0.3736,0.5829
2017,Mike Trout,10155,25,OF,LAA,507,123,92,72,33,22,0.306,0.4418,0.6294
2017,Giancarlo Stanton,4949,27,DH/OF,MIA,692,168,123,132,59,2,0.2814,0.3757,0.6315
2017,Joey Votto,4314,33,1B,CIN,707,179,106,100,36,5,0.3202,0.454,0.5778
2017,Brian Dozier,9810,30,2B,MIN,705,167,106,93,34,16,0.2707,0.3589,0.4976
2017,Anthony Rendon,12861,27,3B,WSN,605,153,81,100,25,7,0.3012,0.4033,0.5335
2017,Francisco Lindor,12916,23,SS,CLE,723,178,99,89,33,15,0.2734,0.337,0.5054
2017,Tommy Pham,2967,29,OF,STL,530,136,95,73,23,25,0.3063,0.411,0.5203
2017,Nolan Arenado,9777,26,3B,COL,680,187,100,130,37,3,0.3086,0.3732,0.5858
2017,Justin Turner,5235,32,3B,LAD,543,147,72,71,21,7,0.3217,0.4151,0.5295
2017,Marcell Ozuna,10324,26,DH/OF,MIA,679,191,93,124,37,1,0.3116,0.3756,0.5481
2017,Charlie Blackmon,7859,30,OF,COL,725,213,137,104,37,14,0.3307,0.3989,0.6009
2017,Paul Goldschmidt,9218,29,1B,ARI,665,166,117,120,36,18,0.2975,0.4036,0.5627
2017,Corey Seager,13624,23,SS,LAD,613,159,85,77,22,4,0.295,0.3752,0.4787
2017,Buster Posey,9166,30,C,SFG,568,158,62,67,12,6,0.3198,0.3996,0.4615
2017,Josh Donaldson,5038,31,3B,TOR,496,112,65,78,33,2,0.2699,0.3851,0.559
2017,Carlos Correa,14162,22,SS,HOU,481,133,82,84,24,2,0.3152,0.3909,0.5498
2017,Travis Shaw,11982,27,3B,MIL,606,147,84,101,31,10,0.2732,0.3488,0.513
2017,Lorenzo Cain,9077,31,OF,KCR,645,175,86,49,15,26,0.2997,0.3628,0.4401
2017,Andrelton Simmons,10847,27,SS,LAA,647,164,77,69,14,19,0.2784,0.3308,0.4211
2017,Alex Bregman,17678,23,3B,HOU,626,158,88,71,19,17,0.2842,0.352,0.4748
2017,Mookie Betts,13611,24,OF,BOS,712,166,101,102,24,26,0.2643,0.3441,0.4586
2017,Chris Taylor,13757,26,OF,LAD,568,148,85,72,21,17,0.2879,0.3539,0.4961
2017,Jonathan Schoop,11265,25,2B,BAL,675,182,92,105,32,1,0.2926,0.3378,0.5032
2017,Freddie Freeman,5361,27,1B,ATL,514,135,84,71,28,8,0.3068,0.4027,0.5864
2017,J.T. Realmuto,11739,26,C,MIA,579,148,68,65,17,8,0.2782,0.3316,0.4511
2017,José Abreu,15676,30,1B,CHW,675,189,95,102,33,3,0.3043,0.3541,0.5523
2017,Byron Buxton,14161,23,OF,MIN,511,117,69,51,16,29,0.2532,0.3142,0.4134
2017,Mike Zunino,13265,26,C,SEA,435,97,52,64,25,1,0.2506,0.331,0.509
2017,Anthony Rizzo,3473,27,1B,CHC,691,156,99,109,32,10,0.2727,0.3922,0.507
2017,Justin Upton,5222,29,OF,2 Tms,635,152,100,109,35,14,0.2729,0.3606,0.5404
2017,George Springer,12856,27,OF,HOU,629,155,112,85,34,5,0.2828,0.3668,0.5219
2017,Marwin Gonzalez,5497,28,SS,HOU,515,138,67,90,23,8,0.3033,0.377,0.5297
2017,J.D. Martinez,6184,29,DH/OF,2 Tms,489,131,85,104,45,4,0.3032,0.3763,0.6898
2017,Avisaíl García,5760,26,OF,CHW,561,171,75,80,18,5,0.3301,0.3797,0.5058
2017,Tyler Flowers,9134,31,C,ATL,370,89,41,49,12,0,0.2808,0.3784,0.4448
2017,Michael Conforto,16376,24,OF,NYM,440,104,72,68,27,2,0.2788,0.3841,0.555
2017,Zack Cozart,2616,31,SS,CIN,507,130,80,63,24,3,0.2968,0.3846,0.5479
2017,Elvis Andrus,8709,28,SS,TEX,689,191,100,88,20,25,0.297,0.3372,0.4712
2017,Bryce Harper,11579,24,OF,WSN,492,134,95,87,29,4,0.319,0.4126,0.5952
2017,Gary Sánchez,11442,24,C,NYY,525,131,79,90,33,2,0.2781,0.3448,0.5308
2017,Ender Inciarte,4922,26,OF,ATL,718,201,93,57,11,22,0.3036,0.3497,0.4094
2017,Cody Bellinger,15998,21,1B/OF,LAD,548,128,87,97,39,10,0.2667,0.3522,0.5812
2017,Christian Yelich,11477,25,OF,MIA,695,170,100,81,18,16,0.2824,0.3689,0.4385
2017,Eugenio Suárez,12552,25,3B,CIN,632,139,87,82,26,4,0.2603,0.3671,0.4607
2017,Jed Lowrie,4418,33,2B/SS,OAK,645,157,86,69,14,0,0.2769,0.3597,0.448
2017,Yasmani Grandal,11368,28,C,LAD,482,108,50,58,22,0,0.2466,0.3077,0.4589
2017,Brett Gardner,9927,33,OF,NYY,682,157,96,63,21,23,0.2643,0.3501,0.4276
2017,Josh Reddick,3892,30,OF,HOU,540,150,77,82,13,7,0.3145,0.3628,0.4843
2017,Eric Hosmer,3516,27,1B,KCR,671,192,98,94,25,6,0.3184,0.3845,0.4975
2017,Austin Barnes,12158,27,C,LAD,262,63,35,38,8,4,0.289,0.4084,0.4862
2017,Steven Souza Jr.,5667,28,OF,TBR,617,125,78,78,30,16,0.239,0.3512,0.4589
2017,Daniel Murphy,4316,32,1B/2B,WSN,593,172,94,93,23,2,0.3221,0.3845,0.5431
2017,Andrew McCutchen,9847,30,OF,PIT,650,159,94,88,28,11,0.2789,0.3631,0.486
2017,Jedd Gyorko,10816,28,2B/3B,STL,481,116,52,67,20,6,0.2723,0.341,0.4718
2017,Kyle Seager,9785,29,3B,SEA,650,144,72,88,27,2,0.2491,0.3231,0.4498
2017,Jean Segura,5933,27,2B/SS,SEA,566,157,80,45,11,22,0.2996,0.3487,0.4275
2017,Nelson Cruz,2434,36,DH/OF,SEA,645,160,91,119,39,1,0.2878,0.3752,0.5486
2017,Ryan Zimmerman,4220,32,1B/3B,WSN,576,159,90,108,36,1,0.3034,0.3576,0.5725
2017,Kevin Kiermaier,11038,27,OF,TBR,421,105,56,39,15,16,0.2763,0.3381,0.45
2017,Justin Smoak,9054,30,1B,TOR,637,151,85,90,38,0,0.2696,0.3548,0.5286
2017,DJ LeMahieu,9874,28,2B,COL,682,189,95,64,8,6,0.3103,0.3741,0.4089
2017,Whit Merrifield,11281,28,2B/OF,KCR,630,169,80,78,19,34,0.2879,0.3243,0.46
2017,Xander Bogaerts,12161,24,SS,BOS,635,156,94,62,10,15,0.2732,0.3433,0.4028
2017,Martín Maldonado,6887,30,C,LAA,471,95,43,38,14,0,0.2214,0.2765,0.3683
2017,Domingo Santana,10348,24,OF,MIL,607,146,88,85,30,15,0.2781,0.3707,0.5048
2017,Javier Báez,12979,24,SS,CHC,508,128,75,75,23,10,0.2729,0.3167,0.4797
2017,Trea Turner,16252,24,SS,WSN,447,117,75,45,11,46,0.284,0.3378,0.4515
2017,Todd Frazier,785,31,3B,2 Tms,576,101,74,76,27,4,0.2131,0.3438,0.4283
2017,Khris Davis,9112,29,DH/OF,OAK,652,140,91,110,43,4,0.2473,0.3359,0.5283
2017,Logan Morrison,9205,29,1B/OF,TBR,601,126,75,85,38,2,0.2461,0.3527,0.5156
2017,Robinson Canó,3269,34,2B,SEA,648,166,79,97,23,1,0.2804,0.338,0.4527
2017,Carlos Santana,2396,31,1B,CLE,667,148,90,79,23,5,0.2592,0.3628,0.4553
2017,Michael A. Taylor,11489,26,OF,WSN,432,108,55,53,19,17,0.2707,0.3202,0.4862
2017,Christian Vázquez,9774,26,C,BOS,345,94,43,32,5,7,0.2901,0.3304,0.4043
2017,Joe Mauer,1857,34,C/1B,MIN,597,160,69,71,7,2,0.3048,0.3836,0.4171
2017,César Hernández,10556,27,2B,PHI,577,150,85,34,9,15,0.2935,0.3726,0.4207
2017,Starlin Castro,4579,27,2B/SS,NYY,473,133,66,63,16,2,0.3002,0.3383,0.4537
2017,Tim Beckham,7949,27,SS,2 Tms,575,148,67,62,22,6,0.2777,0.3275,0.454
2017,Josh Harrison,8202,29,2B/3B,PIT,542,132,66,47,16,12,0.2716,0.3389,0.4321
2017,Adam Duvall,10950,28,OF,CIN,647,146,78,99,31,5,0.2487,0.3014,0.4804
2017,Odúbel Herrera,11476,25,OF,PHI,563,148,67,56,14,8,0.2814,0.325,0.4525
2017,Jay Bruce,9892,30,OF,2 Tms,617,141,82,101,36,1,0.2541,0.3241,0.5081
2017,Jake Lamb,13329,26,3B,ARI,635,133,89,105,30,6,0.2481,0.3575,0.4869
2017,Matt Carpenter,8090,31,3B,STL,622,120,91,69,23,2,0.2414,0.3839,0.4507
2017,Aaron Hicks,5297,27,OF,NYY,361,80,54,52,15,10,0.2658,0.3722,0.4751
2017,Edwin Encarnación,2151,34,1B/3B/DH,CLE,669,143,96,107,38,2,0.2581,0.3772,0.5036
2017,Mike Moustakas,4892,28,3B,KCR,598,151,75,85,38,0,0.2721,0.3144,0.5207
2017,Yasiel Puig,14225,26,OF,LAD,570,131,72,74,28,15,0.2625,0.3456,0.487
2017,Didi Gregorius,6012,27,SS,NYY,570,153,73,87,25,3,0.2865,0.3181,0.4775
2017,Adrian Beltré,639,38,3B,TEX,389,106,47,71,17,1,0.3118,0.383,0.5324
2017,Eddie Rosario,12155,25,OF,MIN,589,157,79,78,27,9,0.2897,0.3282,0.5074
2017,Dee Strange-Gordon,8203,29,2B,MIA,695,201,114,33,2,60,0.3078,0.341,0.3752
2017,Yadier Molina,7007,34,C,STL,543,137,60,82,18,9,0.2735,0.3118,0.4391
2017,Ian Kinsler,6195,35,2B,DET,613,130,90,52,22,14,0.2359,0.3132,0.412
2017,Brian McCann,4810,33,C,HOU,399,84,47,62,18,1,0.2407,0.3233,0.4355
2017,Manuel Margot,14712,22,OF,SDP,529,128,53,39,13,17,0.2628,0.3125,0.4086
2017,Dexter Fowler,4062,31,OF,STL,491,111,68,64,18,7,0.2643,0.3625,0.4881
2017,Eric Thames,3711,30,1B/OF,MIL,551,116,83,63,31,4,0.2473,0.3593,0.5181
2017,Miguel Sanó,12164,24,1B/3B,MIN,483,112,75,77,28,0,0.2642,0.352,0.5071
2017,Scooter Gennett,10339,27,2B,CIN,497,136,80,97,27,3,0.295,0.3421,0.5315
2017,Joey Gallo,14128,23,OF,TEX,532,94,85,80,41,7,0.2094,0.3327,0.5367
2017,Corey Dickerson,10762,28,OF,TBR,629,166,84,62,27,4,0.2823,0.3248,0.4898
2017,Mitch Haniger,14274,26,OF,SEA,410,104,58,47,16,5,0.2818,0.3521,0.4905
2017,Jackie Bradley Jr.,12984,27,OF,BOS,541,118,58,63,17,8,0.2448,0.3235,0.4025
2017,Justin Bour,9744,29,1B,MIA,429,109,52,83,25,1,0.2891,0.366,0.5358
2017,Chris Iannetta,8267,34,C,ARI,316,69,38,43,17,0,0.2537,0.3544,0.511
2017,Evan Longoria,9368,31,3B,TBR,677,160,71,86,20,6,0.261,0.3131,0.4241
2017,Brandon Belt,10264,29,1B,SFG,451,92,63,51,18,3,0.2408,0.3548,0.4686
2017,Willson Contreras,11609,25,C,CHC,428,104,50,74,21,5,0.2759,0.356,0.4987
2017,Addison Russell,14106,23,SS,CHC,385,84,52,43,12,2,0.2386,0.3039,0.4176
2017,Matt Joyce,3353,32,OF,OAK,544,114,78,68,25,4,0.2431,0.3346,0.4733
2017,Matt Chapman,16505,24,3B,OAK,326,68,39,40,14,0,0.2345,0.3129,0.4724
2017,Aaron Altherr,11270,26,OF,PHI,412,101,58,65,19,5,0.2715,0.3398,0.5161
2017,Yonder Alonso,2530,30,1B,2 Tms,521,120,72,67,28,2,0.2661,0.3647,0.5011
2017,Matt Olson,14344,23,1B,OAK,216,49,33,45,24,0,0.2593,0.3519,0.6508
2017,Yolmer Sánchez,11602,25,2B/3B,CHW,534,129,63,59,12,8,0.2665,0.3188,0.4132
2017,Orlando Arcia,13185,22,SS,MIL,548,140,56,53,15,14,0.2767,0.3242,0.4071
2017,Kolten Wong,12532,26,2B,STL,411,101,55,42,4,8,0.2853,0.3756,0.4124
2017,Nick Castellanos,11737,25,3B/OF,DET,665,167,73,101,26,4,0.272,0.3203,0.4902
2017,Neil Walker,7539,31,2B,2 Tms,448,102,59,49,14,0,0.2649,0.3624,0.439
2017,Jason Castro,8722,30,C,MIN,407,86,49,47,10,0,0.2416,0.3325,0.3876
2017,Carlos Gómez,4881,31,OF,TEX,426,94,51,51,17,13,0.2554,0.3404,0.462
2017,Rhys Hoskins,16472,24,1B,PHI,212,44,37,48,18,2,0.2588,0.3962,0.6176
2017,Paul DeJong,18015,23,SS,STL,443,119,55,65,25,1,0.2854,0.3251,0.5324
2017,Yuli Gurriel,19198,33,1B,HOU,564,158,69,75,18,3,0.2987,0.3316,0.4858
2017,Jordy Mercer,6547,30,SS,PIT,558,128,52,58,14,0,0.255,0.3262,0.4064
2017,Jake Marisnick,11339,26,OF,HOU,259,56,50,35,16,9,0.2435,0.3191,0.4957
2017,Joe Panik,11936,26,2B,SFG,573,147,60,53,10,4,0.2877,0.3474,0.4207
2017,Brandon Drury,11615,24,2B/3B,ARI,480,119,41,63,13,1,0.2674,0.3167,0.4472
2017,Salvador Perez,7304,27,C,KCR,499,126,57,80,27,1,0.2675,0.2972,0.4947
2017,Welington Castillo,3256,30,C,BAL,365,96,44,53,20,0,0.2815,0.3233,0.4897
2017,Andrew Benintendi,17901,22,OF,BOS,658,155,84,90,20,20,0.2705,0.3516,0.4241
2017,Trevor Story,12564,24,SS,COL,555,120,68,82,24,7,0.2386,0.3081,0.4573
2017,Max Kepler,12144,24,OF,MIN,568,124,67,69,19,6,0.2427,0.3122,0.4247
2017,Chase Headley,4720,33,3B,NYY,586,140,77,61,12,9,0.2734,0.3521,0.4062
2017,Jorge Polanco,13152,23,2B/SS,MIN,544,125,60,74,13,13,0.2561,0.3128,0.4098
2017,AJ Pollock,9256,29,OF,ARI,466,113,73,49,14,20,0.2659,0.3305,0.4706
2017,Austin Hedges,12976,24,C,SDP,417,83,36,55,18,4,0.2145,0.262,0.3979
2017,Austin Jackson,9848,30,OF,CLE,318,89,46,35,7,3,0.3179,0.3868,0.4821
2017,Trey Mancini,15149,25,1B/DH/OF,BAL,586,159,65,78,24,1,0.2928,0.3379,0.488
2017,Lonnie Chisenhall,7571,28,3B/OF,CLE,270,68,34,53,12,2,0.2881,0.3596,0.5212
2017,Jarrod Dyson,4866,32,OF,SEA,390,87,56,30,5,28,0.2514,0.3238,0.3497
2017,Ian Happ,17919,22,OF,CHC,413,92,62,68,24,8,0.2527,0.3285,0.5137
2017,Yan Gomes,9627,29,C,CLE,383,79,43,56,14,0,0.2317,0.3089,0.3988
2017,Michael Brantley,4106,30,OF,CLE,375,101,47,52,9,11,0.2988,0.3573,0.4438
2017,David Freese,9549,34,3B,PIT,503,112,44,52,10,0,0.2629,0.3678,0.3709
2017,Brandon Crawford,5343,30,SS,SFG,570,131,58,77,14,3,0.2529,0.3053,0.4035
2017,José Pirela,5485,27,2B/OF,SDP,344,90,43,40,10,4,0.2885,0.3469,0.4904
2017,Robinson Chirinos,3142,33,C,TEX,309,67,46,38,17,1,0.2548,0.3604,0.5057
2017,Billy Hamilton,10199,26,OF,CIN,633,144,85,38,4,59,0.2474,0.2994,0.3351
2017,Yoenis Cespedes,13110,31,OF,NYM,321,85,46,42,17,0,0.2921,0.352,0.5395
2017,Manny Machado,11493,24,3B,BAL,690,163,81,95,33,9,0.2587,0.3101,0.4714
2017,Roberto Pérez,2900,28,C,CLE,248,45,22,38,8,0,0.2074,0.291,0.3733
2017,Freddy Galvis,6609,27,SS,PHI,663,155,71,61,12,14,0.2549,0.3086,0.3816
2017,Curtis Granderson,4747,36,OF,2 Tms,527,95,74,64,26,6,0.2116,0.3226,0.4521
2017,Russell Martin,4616,34,C,TOR,365,68,49,35,13,1,0.2215,0.3434,0.3876
2017,Eduardo Núñez,6848,30,3B/SS,2 Tms,491,146,60,58,12,24,0.3126,0.3408,0.4604
2017,Johan Camargo,14950,23,3B/SS,ATL,256,72,30,27,4,0,0.2988,0.3307,0.4523
2017,Manny Piña,2829,30,C,MIL,359,92,45,43,9,2,0.2788,0.3268,0.4242
2017,Alex Avila,7476,30,C,2 Tms,376,82,41,49,14,0,0.2637,0.3867,0.4469
2017,José A. Martínez,7996,28,1B/OF,STL,307,84,47,46,14,4,0.3088,0.3791,0.5184
2017,Travis d'Arnaud,7739,28,C,NYM,376,85,39,57,16,0,0.2443,0.2926,0.4425
2017,Eric Sogard,7927,31,2B,MIL,299,68,37,18,3,3,0.2731,0.3926,0.3775
2017,Ryan Braun,3410,33,OF,MIL,425,102,58,52,17,12,0.2684,0.3365,0.4868
2017,David Peralta,2136,29,OF,ARI,577,154,82,57,14,8,0.2933,0.3518,0.4438
2017,Jacoby Ellsbury,4727,33,OF,NYY,409,94,65,39,7,22,0.264,0.3483,0.4017
2017,Wil Myers,10047,26,1B/OF,SDP,649,138,80,74,30,20,0.2434,0.3282,0.4638
2017,Ozzie Albies,16556,20,2B,ATL,244,62,34,28,6,8,0.2857,0.3539,0.4562
2017,Scott Schebler,12225,26,OF,CIN,531,110,63,67,30,5,0.2326,0.307,0.4841
2017,Miguel Rojas,7802,28,SS,MIA,306,79,37,26,1,2,0.2904,0.3607,0.375
2017,Yangervis Solarte,5352,29,2B/3B,SDP,512,119,49,64,18,3,0.2554,0.3145,0.4163
2017,José Reyes,1736,34,SS,NYM,561,123,75,58,15,24,0.2455,0.3147,0.4132
2017,Adeiny Hechavarría,10459,28,SS,2 Tms,348,86,37,30,8,4,0.2606,0.289,0.4061
2017,Asdrúbal Cabrera,4962,31,SS,NYM,540,134,66,59,14,3,0.2797,0.3506,0.4342
2017,Leury García,5913,26,OF,CHW,326,81,41,33,9,8,0.27,0.3158,0.4233
2017,Keon Broxton,9253,27,OF,MIL,463,91,66,49,20,21,0.2198,0.2987,0.4203
2017,Adam Jones,6368,31,OF,BAL,635,170,82,73,26,2,0.2848,0.3218,0.4657
2017,Randal Grichuk,10243,25,OF,STL,442,98,53,59,22,6,0.2379,0.2851,0.4733
2017,Cameron Maybin,5223,30,OF,2 Tms,450,90,63,35,10,33,0.2278,0.3185,0.3646
2017,Eduardo Escobar,6153,28,3B,MIN,499,116,62,73,21,5,0.2538,0.3092,0.4486
2017,Howie Kendrick,4229,33,2B,2 Tms,334,96,40,41,9,12,0.3148,0.3683,0.4754
2017,Kevin Pillar,12434,28,OF,TOR,632,150,72,42,16,15,0.2555,0.3005,0.4037
2017,Mikie Mahtook,13130,27,OF,DET,379,96,50,38,12,6,0.2759,0.3298,0.4569
2017,Juan Lagares,5384,28,OF,NYM,272,63,37,15,3,7,0.25,0.2963,0.3651
2017,Dustin Pedroia,8370,33,2B,BOS,463,119,46,62,7,4,0.2931,0.3688,0.3916
2017,Delino DeShields,11379,24,OF,TEX,440,101,75,22,6,29,0.2686,0.3466,0.367
2017,Evan Gattis,11003,30,C/DH,HOU,325,79,41,55,12,0,0.2633,0.3108,0.4567
2017,Kole Calhoun,11200,29,OF,LAA,654,139,77,71,19,5,0.2443,0.3333,0.3919
2017,Jesús Aguilar,11342,27,1B,MIL,311,74,40,52,16,0,0.2652,0.3312,0.5054
2017,Marcus Semien,12533,26,2B/SS,OAK,386,85,53,40,10,12,0.2485,0.3247,0.3977
2017,Wilmer Difo,14320,25,2B/SS,WSN,365,90,47,21,5,10,0.2711,0.3194,0.3705
2017,Omar Narváez,13338,25,C,CHW,295,70,23,14,2,0,0.2767,0.3733,0.3399
2017,Tucker Barnhart,10200,26,C,CIN,423,100,26,44,7,4,0.2703,0.3469,0.4027
2017,Starling Marte,9241,28,OF,PIT,339,85,48,31,7,21,0.2751,0.3333,0.3786
2017,Jon Jay,5227,32,OF,CHC,433,112,65,34,2,6,0.2955,0.3744,0.3747
2017,Kurt Suzuki,8259,33,C,ATL,309,78,38,50,19,0,0.2826,0.3506,0.5362
2017,Brandon Nimmo,12927,24,OF,NYM,215,46,26,21,5,2,0.2599,0.3785,0.4181
2017,Caleb Joseph,7087,31,C,BAL,266,65,31,28,8,0,0.2559,0.2868,0.4134
2017,Kyle Schwarber,16478,24,DH/OF,CHC,486,89,67,59,30,1,0.2109,0.3148,0.4668
2017,Chris Gimenez,7324,34,C,MIN,225,41,28,16,7,1,0.2204,0.3498,0.3817
2017,Gerardo Parra,8553,30,OF,COL,425,121,56,71,10,2,0.3087,0.3412,0.4515
2017,Albert Almora Jr.,14109,23,OF,CHC,323,89,39,46,8,1,0.2977,0.3375,0.4448
2017,Ketel Marte,13613,23,2B,ARI,255,58,30,18,5,3,0.2601,0.3451,0.3946
2017,Ronald Torreyes,11400,24,2B/3B/SS,NYY,336,92,35,36,3,2,0.2921,0.3142,0.3746
2017,Jose Iglesias,10231,27,SS,DET,489,118,56,54,6,7,0.2549,0.2881,0.3693
2017,Greg Garcia,10951,27,2B/3B,STL,290,61,27,20,2,2,0.2531,0.3649,0.332
2017,René Rivera,3648,33,C,2 Tms,237,55,23,35,10,0,0.2523,0.3051,0.43120000000000003
2017,C.J. Cron,12546,27,1B,LAA,373,84,39,56,16,3,0.2478,0.3046,0.4366
2017,Jason Heyward,4940,27,OF,CHC,481,112,59,59,11,4,0.2593,0.3264,0.3889
2017,Ben Gamel,12160,25,OF,SEA,550,140,68,59,11,4,0.275,0.3224,0.4126
2017,Guillermo Heredia,18721,26,OF,SEA,426,96,43,24,6,1,0.2487,0.3153,0.3368
2017,Bradley Zimmer,16221,24,OF,CLE,332,72,41,39,8,18,0.2408,0.3072,0.3846
2017,Derek Dietrich,10542,27,2B/OF,MIA,464,101,56,53,13,0,0.2488,0.3341,0.4236
2017,Jesús Sucre,5942,29,C,TBR,192,45,20,29,7,2,0.2557,0.2895,0.4091
2017,Hernán Pérez,5751,26,2B/3B/OF,MIL,458,112,47,51,14,13,0.2593,0.2895,0.4144
2017,Colby Rasmus,9893,30,OF,TBR,129,34,17,23,9,1,0.281,0.3178,0.5785
2017,Norichika Aoki,13075,35,OF,3 Tms,374,93,48,35,5,10,0.2768,0.3351,0.3929
2017,Jesse Winker,13590,23,OF,CIN,137,36,21,15,7,1,0.2975,0.375,0.5289
2017,Nick Ahmed,12147,27,SS,ARI,178,42,24,21,6,3,0.2515,0.2978,0.4192
2017,Daniel Nava,5450,34,OF,PHI,214,55,21,21,4,1,0.3005,0.3925,0.4208
2017,Mitch Moreland,3086,31,1B,BOS,576,125,73,79,22,0,0.2461,0.3264,0.4429
2017,Kevan Smith,12284,29,C,CHW,294,78,23,30,4,0,0.2826,0.3093,0.3877
2017,Adam Lind,8027,33,1B/DH,WSN,301,81,39,59,14,1,0.3034,0.3621,0.5131
2017,Seth Smith,7331,34,OF,BAL,373,85,50,32,13,2,0.2576,0.3405,0.4333
2017,Yoán Moncada,17232,22,3B,CHW,231,46,31,22,8,3,0.2312,0.3377,0.4121
2017,Lucas Duda,2502,31,1B/OF,2 Tms,491,92,50,64,30,0,0.2175,0.3218,0.4965
2017,Josh Bell,13145,24,1B,PIT,620,140,75,90,26,2,0.255,0.3339,0.4663
2017,Wilmer Flores,5827,25,1B,NYM,362,91,42,52,18,1,0.2708,0.3066,0.4881
2017,Robbie Grossman,5254,27,OF,MIN,456,94,62,45,9,3,0.2461,0.3612,0.3796
2017,Yunel Escobar,4191,34,3B/SS,LAA,381,96,43,31,7,1,0.2743,0.3333,0.3971
2017,T.J. Rivera,12495,28,2B/3B,NYM,231,62,27,27,5,1,0.2897,0.3304,0.4299
2017,Enrique Hernández,10472,25,OF,LAD,342,64,46,37,11,3,0.2155,0.3079,0.4209
2017,Adam Eaton,11205,28,OF,WSN,107,27,24,13,2,3,0.2967,0.3925,0.4615
2017,Ehire Adrianza,8418,27,3B/SS,MIN,186,43,30,24,2,8,0.2654,0.3243,0.3827
2017,Tommy La Stella,12371,28,2B/3B,CHC,151,36,18,22,5,0,0.288,0.3893,0.472
2017,Nick Markakis,5930,33,OF,ATL,670,163,76,76,8,0,0.2749,0.3537,0.3845
2017,Adam Frazier,15223,25,2B/OF,PIT,454,112,55,53,6,9,0.2759,0.3444,0.399
2017,Nicky Delmonico,13157,24,OF,CHW,166,37,25,23,9,2,0.2624,0.3735,0.4823
2017,Hunter Renfroe,15464,25,OF,SDP,479,103,51,58,26,3,0.2315,0.2839,0.4674
2017,Lane Adams,10767,27,OF,ATL,122,30,19,20,5,10,0.2752,0.3388,0.4679
2017,Chase Utley,1679,38,2B,LAD,353,73,43,34,8,6,0.2362,0.3239,0.4045
2017,Mark Reynolds,7619,33,1B/3B,COL,593,139,82,97,30,2,0.2673,0.3524,0.4865
2017,Carlos Asuaje,15197,25,2B,SDP,343,83,28,21,4,0,0.2704,0.3343,0.3616
2017,James McCann,12859,27,C,DET,391,89,39,49,13,1,0.2528,0.3179,0.4148
2017,Pat Valaika,14885,24,2B/SS,COL,195,47,28,40,13,0,0.2582,0.2842,0.533
2017,Eric Young Jr.,7158,32,OF,LAA,125,29,24,16,4,12,0.2636,0.3361,0.4182
2017,Cory Spangenberg,12294,26,2B/3B,SDP,486,117,57,46,13,11,0.2635,0.3223,0.4009
2017,Stephen Piscotty,13367,26,OF,STL,401,80,40,39,9,3,0.2346,0.3416,0.3666
2017,Rafael Devers,17350,20,3B,BOS,240,63,34,30,10,3,0.2838,0.3375,0.482
2017,John Hicks,12547,27,C/1B,DET,190,46,25,22,6,2,0.2659,0.3263,0.4393
2017,Grégor Blanco,3123,33,OF,ARI,256,55,43,13,3,15,0.2455,0.3373,0.3571
2017,Brandon Phillips,791,36,2B,2 Tms,604,163,81,60,13,11,0.285,0.3189,0.4161
2017,Chris Owings,10030,25,2B/SS,ARI,386,97,41,51,12,12,0.268,0.2995,0.442
2017,Wilson Ramos,1433,29,C,TBR,224,54,19,35,11,0,0.2596,0.2896,0.4471
2017,Logan Forsythe,7185,30,2B,LAD,439,81,56,36,6,3,0.2244,0.3508,0.3269
2017,Tim Anderson,15172,24,SS,CHW,606,151,72,56,17,15,0.2572,0.2765,0.402
2017,Danny Valencia,6364,32,3B,SEA,500,115,54,66,15,2,0.2556,0.314,0.4111
2017,Gorkys Hernández,4146,29,OF,SFG,348,79,40,22,0,12,0.2548,0.3266,0.3258
2017,Boog Powell,15103,24,OF,2 Tms,135,33,24,12,3,0,0.2821,0.3582,0.4017
2017,Mallex Smith,13608,24,OF,TBR,282,69,33,12,2,16,0.2695,0.3286,0.3555
2017,Jeimer Candelario,13621,23,3B,2 Tms,142,36,18,16,3,0,0.2835,0.3592,0.4252
2017,Jeff Mathis,3448,34,C,ARI,203,40,13,11,2,1,0.2151,0.2772,0.3226
2017,Matt Szczur,11255,27,OF,2 Tms,237,44,28,18,3,0,0.2256,0.3504,0.3538
2017,Brian Goodwin,12858,26,OF,WSN,278,63,41,30,13,6,0.251,0.3129,0.498
2017,Bruce Maxwell,13866,26,C,OAK,253,52,21,22,3,0,0.2374,0.3294,0.3333
2017,Sandy León,5273,28,C,BOS,301,61,32,39,7,0,0.2251,0.29,0.3542
2017,Alcides Escobar,6310,30,SS,KCR,629,150,71,54,6,4,0.2504,0.2717,0.3573
2017,Kelby Tomlinson,13005,27,2B,SFG,222,50,32,11,1,9,0.2577,0.3318,0.3144
2017,Erik González,13369,25,3B/SS,CLE,115,28,18,11,4,1,0.2545,0.2719,0.4182
2017,Ezequiel Carrera,9048,30,OF,TOR,325,81,38,20,8,10,0.2822,0.3562,0.4077
2017,Nick Williams,14330,23,OF,PHI,343,90,45,55,12,1,0.2875,0.3382,0.4728
2017,Jonathan Villar,10071,26,2B/SS,MIL,436,97,49,40,11,23,0.2407,0.2926,0.3722
2017,Andrew Toles,13414,25,OF,LAD,102,26,17,15,5,0,0.2708,0.3137,0.4583
2017,Aledmys Díaz,15937,26,SS,STL,301,74,31,20,7,4,0.2587,0.29,0.3916
2017,Shin-Soo Choo,3174,34,OF,TEX,636,142,96,78,22,12,0.261,0.357,0.4228
2017,Francisco Cervelli,5275,31,C,PIT,304,66,31,31,5,0,0.2491,0.3421,0.3698
2017,Kennys Vargas,12101,26,1B/DH,MIN,264,61,33,41,11,0,0.2531,0.3144,0.444
2017,Alex Presley,5305,31,OF,DET,264,77,30,20,3,5,0.3143,0.3538,0.4163
2017,Matt Adams,9393,28,1B,2 Tms,367,93,46,65,20,0,0.2743,0.3188,0.5221
2017,Devon Travis,13862,26,2B,TOR,197,48,22,24,5,4,0.2595,0.2908,0.4378
2017,Denard Span,8347,33,OF,SFG,542,135,73,43,12,12,0.2716,0.329,0.4266
2017,Jason Kipnis,9776,30,2B,CLE,373,78,43,35,12,6,0.2321,0.2911,0.4137
2017,Austin Slater,16153,24,OF,SFG,127,33,15,16,3,0,0.2821,0.3386,0.4017
2017,Jarrett Parker,11624,28,OF,SFG,177,41,14,23,4,2,0.247,0.2938,0.4157
2017,Jorge Bonifacio,12174,24,OF,KCR,422,98,55,40,17,1,0.2552,0.3199,0.4323
2017,Jorge Alfaro,12180,24,C,PHI,114,34,12,14,5,0,0.3178,0.3596,0.514
2017,Luis Valbuena,4969,31,3B,LAA,401,69,42,65,22,0,0.1988,0.2943,0.4323
2017,Chad Pinder,15191,25,OF,OAK,309,67,36,42,15,2,0.2376,0.2922,0.4574
2017,Craig Gentry,9571,33,OF,BAL,117,26,17,11,2,5,0.2574,0.3333,0.3861
2017,Max Moroff,14556,24,2B/SS,PIT,140,24,19,21,3,0,0.2,0.3022,0.325
2017,John Jaso,5887,33,C,PIT,302,54,28,35,10,1,0.2109,0.3278,0.4023
2017,Daniel Robertson,14145,23,2B/3B/SS,TBR,254,45,22,19,5,1,0.2064,0.3083,0.3257
2017,Rajai Davis,3708,36,OF,2 Tms,366,79,56,20,5,29,0.2351,0.2932,0.3482
2017,Ben Revere,4712,29,OF,LAA,308,80,37,20,1,21,0.2749,0.3084,0.3436
2017,Joc Pederson,11899,25,OF,LAD,323,58,44,35,11,4,0.2125,0.3313,0.4066
2017,Troy Tulowitzki,3531,32,SS,TOR,260,60,16,26,7,0,0.249,0.3,0.3776
2017,Nomar Mazara,14553,22,OF,TEX,616,140,64,101,20,2,0.2527,0.3231,0.4224
2017,Ryan Goins,9807,29,2B/SS,TOR,459,99,37,62,9,3,0.2368,0.2863,0.3565
2017,Kaleb Cowart,11494,25,2B/3B,LAA,117,23,18,11,3,4,0.2255,0.313,0.3824
2017,Stephen Vogt,5000,32,C,2 Tms,303,65,25,40,12,0,0.233,0.2848,0.4229
2017,Josh Phegley,9308,29,C,OAK,161,30,14,10,3,0,0.2013,0.2547,0.3356
2017,Zack Granite,15343,24,OF,MIN,107,22,14,13,1,2,0.2366,0.3208,0.2903
2017,Raimel Tapia,14350,23,OF,COL,171,46,27,16,2,5,0.2875,0.3294,0.425
2017,Kevin Plawecki,13807,26,C,NYM,118,26,11,13,3,1,0.26,0.3644,0.4
2017,Luke Voit,14811,26,1B/DH,STL,124,28,18,18,4,0,0.2456,0.3065,0.4298
2017,Clint Frazier,15983,22,OF,NYY,142,31,16,17,4,1,0.2313,0.2676,0.4478
2017,Adam Engel,15082,25,OF,CHW,336,50,34,21,6,8,0.1661,0.2348,0.2824
2017,Melky Cabrera,4022,32,OF,2 Tms,666,177,78,85,17,1,0.2855,0.3238,0.4226
2017,Joey Rickard,13277,26,OF,BAL,277,63,29,19,4,8,0.2414,0.2764,0.3448
2017,Ben Zobrist,7435,36,2B/OF,CHC,496,101,58,50,12,2,0.2322,0.3178,0.3747
2017,Gregory Polanco,12907,25,OF,PIT,411,95,39,35,11,8,0.2507,0.3049,0.3905
2017,Matt Reynolds,13788,26,3B/SS,NYM,130,26,12,5,1,0,0.2301,0.3256,0.3009
2017,Daniel Descalso,8392,30,2B/3B,ARI,398,80,47,51,10,4,0.2326,0.3317,0.3953
2017,Hunter Pence,8252,34,OF,SFG,539,128,55,67,13,2,0.2596,0.3154,0.3854
2017,Drew Robinson,11761,25,OF,TEX,121,24,11,13,6,0,0.2243,0.314,0.4393
2017,Miguel Montero,3364,33,C,2 Tms,213,40,24,16,6,1,0.2162,0.3099,0.3459
2017,Abraham Almonte,5486,28,OF,CLE,195,40,26,14,3,2,0.2326,0.3144,0.3663
2017,Andrew Knapp,14942,25,C,PHI,204,44,26,13,3,1,0.2573,0.3676,0.3684
2017,Derek Norris,6867,28,C,TBR,198,36,21,24,9,1,0.2011,0.2576,0.3799
2017,Steve Pearce,9957,34,1B/OF,TOR,348,79,38,37,13,0,0.2524,0.319,0.4377
2017,Jonathan Lucroy,7870,31,C,2 Tms,481,112,45,40,6,1,0.2648,0.3451,0.3712
2017,Carlos González,7287,31,OF,COL,534,123,72,57,14,3,0.2617,0.339,0.4234
2017,Ryon Healy,15447,25,1B/3B,OAK,605,156,66,78,25,0,0.2708,0.3025,0.4514
2017,Yandy Díaz,16578,25,1B/3B,CLE,179,41,25,13,0,2,0.2628,0.352,0.3269
2017,Willy García,12956,24,OF,CHW,119,25,15,12,2,0,0.2381,0.3051,0.4
2017,Derek Fisher,16192,23,OF,HOU,166,31,21,17,5,3,0.2123,0.3072,0.3562
2017,Rickie Weeks Jr.,1849,34,2B,TBR,112,21,13,8,2,1,0.2165,0.3214,0.3402
2017,Brad Miller,12775,27,SS,TBR,407,68,43,40,9,5,0.2012,0.3268,0.3373
2017,JT Riddle,17642,25,SS,MIA,247,57,20,31,3,0,0.25,0.2816,0.3553
2017,Nick Hundley,3376,33,C,SFG,303,70,27,35,9,0,0.2439,0.2724,0.4181
2017,Matt Holliday,1873,37,OF,NYY,427,86,50,64,19,1,0.2306,0.3162,0.4316
2017,A.J. Ellis,5677,36,C,MIA,163,30,17,14,6,0,0.2098,0.2981,0.3706
2017,Maikel Franco,12179,24,3B,PHI,623,132,66,76,24,0,0.2296,0.2809,0.4087
2017,Devin Mesoraco,5666,29,C,CIN,165,30,17,14,6,1,0.2128,0.3212,0.3901
2017,Ryan Schimpf,9953,29,2B/3B,SDP,197,26,24,25,14,0,0.1576,0.2843,0.4242
2017,Brandon Guyer,2636,31,OF,CLE,192,39,23,20,2,2,0.2364,0.3263,0.3273
2017,Peter Bourjos,2578,30,OF,TBR,203,42,27,15,5,5,0.2234,0.2723,0.383
2017,Stephen Drew,4251,34,SS,WSN,106,24,9,17,1,0,0.2526,0.3019,0.3579
2017,Tyler Moore,7244,30,1B/OF,MIA,203,43,17,30,6,0,0.2299,0.2673,0.4011
2017,José Peraza,13593,23,2B/SS,CIN,518,126,50,37,5,23,0.2587,0.2971,0.3244
2017,Tony Wolters,11470,25,C,COL,266,55,30,16,0,0,0.2402,0.3409,0.2838
2017,Jett Bandy,12508,27,C,MIL,188,35,14,18,6,1,0.2071,0.2872,0.3491
2017,Dustin Garneau,9433,29,C,2 Tms,126,21,10,9,2,0,0.1875,0.272,0.3125
2017,Danny Santana,10322,26,OF,2 Tms,178,34,19,23,4,7,0.2024,0.2429,0.3571
2017,Jayson Werth,1327,38,OF,WSN,289,57,35,29,10,4,0.2262,0.3218,0.3929
2017,Patrick Kivlehan,13910,27,OF,CIN,204,37,23,26,9,1,0.2079,0.3039,0.3989
2017,Jaycob Brugman,14936,25,OF,OAK,162,38,12,12,3,1,0.2657,0.3457,0.3427
2017,Nick Franklin,10166,26,2B,2 Tms,119,19,9,12,2,2,0.1792,0.2689,0.283
2017,Cliff Pennington,3395,33,2B/SS,LAA,217,49,23,21,3,3,0.2526,0.3056,0.3299
2017,Amed Rosario,15518,21,SS,NYM,170,41,16,10,4,7,0.2485,0.2706,0.3939
2017,Rubén Tejada,5519,27,SS,BAL,124,26,17,5,0,0,0.2301,0.2927,0.2832
2017,Dixon Machado,11472,25,2B/SS,DET,181,43,17,11,1,1,0.259,0.3017,0.3193
2017,Chris Carter,9911,30,1B/DH,NYY,208,37,20,26,8,0,0.2011,0.2837,0.3696
2017,Yasmany Tomás,17171,26,OF,ARI,180,40,19,32,8,0,0.241,0.2944,0.4639
2017,Martín Prado,3312,33,3B,MIA,147,35,13,12,2,0,0.25,0.2789,0.3571
2017,Cameron Rupp,11146,28,C,PHI,331,64,35,34,14,1,0.2169,0.2991,0.4169
2017,Ichiro Suzuki,1101,43,OF,MIA,215,50,19,20,3,1,0.2551,0.3178,0.3316
2017,Greg Bird,14131,24,1B,NYY,170,28,20,28,9,0,0.1905,0.2882,0.4218
2017,J.J. Hardy,3797,34,SS,BAL,268,55,24,24,4,0,0.2165,0.2547,0.3228
2017,Leonys Martin,11846,29,OF,2 Tms,138,22,14,9,3,7,0.1719,0.2319,0.2812
2017,Chris Young,3882,33,OF,BOS,276,57,30,25,7,3,0.2346,0.3225,0.3868
2017,Austin Romine,5491,28,C,NYY,252,50,19,21,2,0,0.2183,0.272,0.2926
2017,Hanley Ramirez,8001,33,SS,BOS,553,120,58,62,23,1,0.2419,0.3201,0.4294
2017,Ty Kelly,7740,28,2B/3B/OF,2 Tms,105,17,11,14,2,0,0.191,0.2574,0.3371
2017,José Osuna,12937,24,1B/OF,PIT,227,50,31,30,7,0,0.2326,0.2687,0.4279
2017,Kendrys Morales,8610,34,1B/DH,TOR,608,139,67,85,28,0,0.2496,0.3076,0.4452
2017,Carlos Ruiz,2579,38,C,SEA,145,27,14,11,3,1,0.216,0.3125,0.352
2017,Héctor Sánchez,10289,27,C,SDP,143,30,14,25,8,0,0.219,0.2448,0.4234
2017,Rey Fuentes,10329,26,OF,ARI,145,32,19,9,3,4,0.2353,0.2778,0.3382
2017,Deven Marrero,13325,26,3B,BOS,188,36,32,27,4,5,0.2105,0.2595,0.3333
2017,Tomás Telis,10067,26,C/1B,MIA,111,25,13,9,0,0,0.2404,0.2793,0.3462
2017,Josh Rutledge,11167,28,2B/SS,BOS,118,24,10,9,0,1,0.2243,0.2966,0.2617
2017,Sean Rodríguez,6589,32,2B,2 Tms,153,22,18,8,5,1,0.1667,0.2763,0.2955
2017,Jabari Blash,11247,27,OF,SDP,195,35,24,16,5,1,0.2134,0.3333,0.3415
2017,Erick Aybar,4082,33,SS,SDP,370,78,37,22,7,11,0.2342,0.2997,0.3483
2017,Chris Davis,9272,31,1B,BAL,524,98,65,61,26,1,0.2149,0.3092,0.4232
2017,Miguel Cabrera,1744,34,1B/3B,DET,529,117,50,60,16,0,0.2495,0.3289,0.3987
2017,Alen Hanson,12926,24,2B/OF,2 Tms,234,48,36,11,4,11,0.2212,0.2618,0.3456
2017,Dansby Swanson,18314,23,SS,ATL,551,113,59,51,6,3,0.2316,0.3122,0.3238
2017,Tommy Joseph,10349,25,1B,PHI,533,119,51,69,22,1,0.2404,0.2889,0.4323
2017,Andrés Blanco,1907,33,2B/SS,PHI,144,25,10,13,3,1,0.1923,0.2569,0.2923
2017,Adrián González,1908,35,1B,LAD,252,56,14,30,3,0,0.2424,0.2869,0.355
2017,Andrew Romine,1159,31,3B/SS,DET,348,74,45,25,4,6,0.2327,0.289,0.3365
2017,Jefry Marte,5107,26,1B,LAA,145,22,10,14,4,1,0.1732,0.269,0.3071
2017,Rio Ruiz,14103,23,3B,ATL,173,29,22,19,4,1,0.1933,0.2832,0.3067
2017,Jace Peterson,12325,27,2B/3B,ATL,215,40,15,17,2,3,0.2151,0.3178,0.3172
2017,Chris Stewart,3878,35,C,PIT,144,24,8,4,0,0,0.1832,0.2411,0.2214
2017,Brock Holt,9345,29,2B/3B/OF,BOS,164,28,20,7,0,2,0.2,0.3049,0.2429
2017,Rougned Odor,12282,23,2B,TEX,651,124,79,75,30,15,0.2043,0.2519,0.397
2017,Brandon Moss,4467,33,1B/OF,KCR,401,75,41,50,22,2,0.2072,0.2793,0.4282
2017,Alex Gordon,5209,33,OF,KCR,541,99,52,45,9,7,0.208,0.2931,0.3151
2017,Jose Lobatón,4243,32,C,WSN,158,24,11,11,4,0,0.1702,0.2484,0.2766
2017,Christian Arroyo,16434,22,2B,SFG,135,24,9,14,3,1,0.192,0.2444,0.304
2017,Ryan Rua,12409,27,1B/OF,TEX,144,28,17,12,3,2,0.2171,0.2937,0.3333
2017,Ryan Hanigan,4952,36,C,COL,112,27,9,12,2,0,0.2673,0.3243,0.3465
2017,Arismendy Alcántara,10711,25,2B/OF,CIN,108,18,13,7,1,2,0.1714,0.1869,0.2476
2017,Darwin Barney,2430,31,2B,TOR,362,78,34,25,6,7,0.2321,0.2745,0.3274
2017,Matt Davidson,7226,26,3B/DH,CHW,443,91,43,68,26,0,0.2198,0.2596,0.4517
2017,Mike Napoli,3057,35,C/1B,TEX,485,82,60,66,29,1,0.1929,0.2851,0.4282
2017,Cheslor Cuthbert,10473,24,3B,KCR,153,33,10,18,2,0,0.2308,0.2745,0.3217
2017,Adam Rosales,9682,34,2B/3B/SS,2 Tms,312,65,25,36,7,1,0.2249,0.2597,0.3529
2017,Adonis García,13777,32,3B,ATL,183,41,19,19,5,4,0.237,0.2732,0.3468
2017,Dominic Smith,15653,22,1B/OF,NYM,183,33,17,26,9,0,0.1976,0.2623,0.3952
2017,Drew Butera,3411,33,C,KCR,177,37,18,14,3,0,0.227,0.2841,0.319
2017,Taylor Motter,12399,27,SS,SEA,280,51,29,26,7,12,0.1977,0.2571,0.3256
2017,José Bautista,1887,36,OF,TOR,686,119,92,65,23,6,0.2027,0.3076,0.3663
2017,Luke Maile,13355,26,C,TOR,136,19,10,7,2,1,0.1462,0.1765,0.2308
2017,Hyun Soo Kim,18718,29,OF,2 Tms,239,49,20,14,1,0,0.2311,0.3067,0.2925
2017,JaCoby Jones,14818,25,OF,DET,154,24,14,13,3,6,0.1702,0.2403,0.2695
2017,Mark Canha,11445,28,OF,OAK,187,36,16,14,5,2,0.2081,0.262,0.3815
2017,Ian Desmond,6885,31,SS/OF,COL,373,93,47,40,7,15,0.2743,0.3261,0.3746
2017,Michael Saunders,9981,30,OF,2 Tms,234,44,26,21,6,0,0.2018,0.2564,0.344
2017,Tyler Collins,12723,27,OF,DET,169,29,18,14,5,0,0.1933,0.2781,0.3333
2017,Jorge Soler,14221,25,DH/OF,KCR,110,14,7,6,2,0,0.1443,0.2455,0.2577
2017,Gio Urshela,10681,25,3B,CLE,165,35,14,15,1,0,0.2244,0.2622,0.2885
2017,Victor Martinez,393,38,C/DH,DET,435,100,38,47,10,0,0.2551,0.3241,0.3724
2017,Pablo Sandoval,5409,30,3B,2 Tms,279,57,27,32,9,0,0.2201,0.2652,0.3668
2017,Chris Herrmann,9284,29,C/OF,ARI,256,41,35,27,10,5,0.1814,0.2734,0.3451
2017,Ryder Jones,15982,23,1B/3B,SFG,164,26,12,5,2,1,0.1733,0.2439,0.2733
2017,Allen Córdoba,15722,21,SS/OF,SDP,227,42,17,15,4,2,0.2079,0.2819,0.297
2017,Alexi Amarista,9063,28,2B/SS/OF,COL,176,40,22,19,3,1,0.2381,0.2686,0.3512
2017,Tyler Saladino,10807,27,3B/SS,CHW,281,45,23,10,0,5,0.1779,0.2545,0.2292
2017,Matt Kemp,5631,32,OF,ATL,467,121,47,64,19,0,0.2763,0.3176,0.4635
2017,Elias Díaz,11680,26,C,PIT,200,42,18,19,1,1,0.2234,0.265,0.3138
2017,Trevor Plouffe,7462,31,3B,2 Tms,313,56,31,19,9,1,0.1979,0.2716,0.318
2017,Matt Wieters,4298,31,C,WSN,465,95,43,52,10,1,0.2251,0.2882,0.3436
2017,Danny Espinosa,9219,30,2B/SS,3 Tms,295,46,30,31,6,4,0.1729,0.2449,0.2782
2017,Carlos Beltrán,589,40,OF,HOU,509,108,60,51,14,0,0.2313,0.2829,0.3833
2017,Luis Torrens,15905,21,C,SDP,139,20,7,7,0,0,0.1626,0.2426,0.2033
2017,Albert Pujols,1177,37,1B,LAA,636,143,53,101,23,3,0.2411,0.2862,0.3862
2017,Mark Trumbo,6876,31,1B/DH/OF,BAL,603,131,79,65,23,1,0.2343,0.2886,0.3971
