Season,PlayerName,playerid,Age,Role,Team,IP,G,GS,SO,BB,H,ER,SV,HLD,SVHLD,role_leverage,W,QS,StuffPlus,LocationPlus,BF
2018,Jacob deGrom,10954,30,SP,NYM,217,32,32,269,46,152,41,0,0,0,0,10,28,NA,NA,835
2018,Max Scherzer,3137,33,SP,WSN,220.66666666666666,33,33,300,51,150,62,0,0,0,0,18,28,NA,NA,866
2018,Justin Verlander,8700,35,SP,HOU,214,34,34,290,37,156,60,0,0,0,0,16,26,NA,NA,833
2018,Chris Sale,10603,29,SP,BOS,158,27,27,237,34,102,37,0,0,0,0,12,17,NA,NA,617
2018,Gerrit Cole,13125,27,SP,HOU,200.33333333333334,32,32,276,64,143,64,0,0,0,0,15,20,NA,NA,799
2018,Patrick Corbin,9323,28,SP,ARI,200,33,33,246,48,162,70,0,0,0,0,11,19,NA,NA,800
2018,Aaron Nola,16149,25,SP,PHI,212.33333333333334,33,33,224,58,149,56,0,0,0,0,17,25,NA,NA,831
2018,Luis Severino,15890,24,SP,NYY,191.33333333333334,32,32,220,46,173,72,0,0,0,0,19,17,NA,NA,780
2018,Carlos Carrasco,6632,31,SP,CLE,192,32,30,231,43,173,72,0,0,0,0,17,19,NA,NA,784
2018,Blake Snell,13543,25,SP,TBR,180.66666666666666,31,31,221,64,112,38,0,0,0,0,21,19,NA,NA,700
2018,Miles Mikolas,9803,29,SP,STL,200.66666666666666,32,32,146,29,186,63,0,0,0,0,18,20,NA,NA,808
2018,Zack Wheeler,10310,28,SP,NYM,182.33333333333334,29,29,179,55,150,67,0,0,0,0,12,18,NA,NA,744
2018,Germán Márquez,15038,23,SP,COL,196,33,33,230,57,179,82,0,0,0,0,14,20,NA,NA,817
2018,Kyle Freeland,16256,25,SP,COL,202.33333333333334,33,33,173,70,182,64,0,0,0,0,17,24,NA,NA,844
2018,Jameson Taillon,11674,26,SP,PIT,191,32,32,179,46,179,68,0,0,0,0,14,20,NA,NA,785
2018,James Paxton,11828,29,SP,SEA,160.33333333333334,28,28,208,42,134,67,0,0,0,0,11,15,NA,NA,645
2018,Blake Treinen,12572,30,RP,OAK,80.33333333333333,68,0,100,21,46,7,38,0,38,1,9,0,NA,NA,315
2018,Marco Gonzales,15467,26,SP,SEA,166.66666666666666,29,29,145,32,172,74,0,0,0,0,13,13,NA,NA,686
2018,Edwin Díaz,14710,24,RP,SEA,73.33333333333333,73,0,124,17,41,16,57,0,57,1,0,0,NA,NA,280
2018,Kyle Hendricks,12049,28,SP,CHC,199,33,33,161,44,184,76,0,0,0,0,14,17,NA,NA,812
2018,Clayton Kershaw,2036,30,SP,LAD,161.33333333333334,26,26,155,29,139,49,0,0,0,0,9,20,NA,NA,650
2018,Walker Buehler,19374,23,SP,LAD,137.33333333333334,24,23,151,37,95,40,0,0,0,0,8,13,NA,NA,541
2018,José Berríos,14168,24,SP,MIN,192.33333333333334,32,32,202,61,159,82,0,0,0,0,12,17,NA,NA,797
2018,Andrew Heaney,15423,27,SP,LAA,180,30,30,180,45,171,83,0,0,0,0,9,17,NA,NA,749
2018,Nick Pivetta,15454,25,SP,PHI,164,33,32,188,51,163,87,0,0,0,0,7,9,NA,NA,694
2018,Charlie Morton,4676,34,SP,HOU,167,30,30,201,64,130,58,0,0,0,0,15,18,NA,NA,695
2018,Lance Lynn,2520,31,SP,2 Tms,156.66666666666666,31,29,161,76,163,83,0,0,0,0,10,10,NA,NA,700
2018,Trevor Williams,16977,26,SP,PIT,170.66666666666666,31,31,126,55,146,59,0,0,0,0,14,17,NA,NA,701
2018,Shane Bieber,19427,23,SP,CLE,114.66666666666667,20,19,118,23,130,58,0,0,0,0,11,8,NA,NA,485
2018,Brad Keller,15734,22,RP,KCR,140.33333333333334,41,20,96,50,133,48,0,5,5,1,9,10,NA,NA,583
2018,José Leclerc,14524,24,RP,TEX,57.666666666666664,59,0,85,25,24,10,12,15,27,1,2,0,NA,NA,223
2018,Josh Hader,14212,24,RP,MIL,81.33333333333333,55,0,143,30,36,22,12,21,33,1,6,0,NA,NA,306
2018,Kyle Gibson,10123,30,SP,MIN,196.66666666666666,32,32,179,79,177,79,0,0,0,0,10,18,NA,NA,826
2018,Kenta Maeda,18498,30,SP,LAD,125.33333333333333,39,20,153,43,115,53,2,5,7,0,8,5,NA,NA,532
2018,Lance McCullers Jr.,14120,24,SP,HOU,128.33333333333334,25,22,142,50,100,55,0,1,1,0,10,13,NA,NA,527
2018,Jon Gray,14916,26,SP,COL,172.33333333333334,31,31,183,52,180,98,0,0,0,0,12,13,NA,NA,743
2018,Alex Wood,13781,27,SP,LAD,151.66666666666666,33,27,135,40,143,62,0,1,1,0,9,13,NA,NA,637
2018,Kevin Gausman,14107,27,SP,2 Tms,183.66666666666666,31,31,148,50,189,80,0,0,0,0,10,16,NA,NA,776
2018,Reynaldo López,16400,24,SP,CHW,188.66666666666666,32,32,151,75,165,82,0,0,0,0,7,19,NA,NA,799
2018,Jack Flaherty,17479,22,SP,STL,151,28,28,182,59,108,56,0,0,0,0,8,10,NA,NA,615
2018,Zach Eflin,13774,24,SP,PHI,128,24,24,123,37,130,62,0,0,0,0,11,9,NA,NA,548
2018,Joe Musgrove,12970,25,SP,PIT,115.33333333333333,19,19,100,23,113,52,0,0,0,0,6,10,NA,NA,486
2018,Nathan Eovaldi,9132,28,SP,2 Tms,111,22,21,101,20,105,47,0,0,0,0,6,8,NA,NA,455
2018,Matthew Boyd,15440,27,SP,DET,170.33333333333334,31,31,159,51,146,83,0,0,0,0,9,14,NA,NA,709
2018,Luis Castillo,15689,25,SP,CIN,169.66666666666666,31,31,165,49,158,81,0,0,0,0,10,11,NA,NA,708
2018,Ross Stripling,13273,28,SP,LAD,122,33,21,136,22,123,41,0,3,3,0,8,9,NA,NA,503
2018,Eduardo Rodriguez,13164,25,SP,BOS,129.66666666666666,27,23,146,45,119,55,0,0,0,0,13,7,NA,NA,553
2018,José Alvarado,17780,23,RP,TBR,64,70,0,80,29,42,17,8,32,40,1,1,0,NA,NA,263
2018,Will Smith,8048,28,RP,SFG,53,54,0,71,15,37,15,14,6,20,1,2,0,NA,NA,210
2018,Sean Newcomb,16943,25,SP,ATL,164,31,30,160,81,137,71,0,0,0,0,12,16,NA,NA,696
2018,Adam Ottavino,1247,32,RP,COL,77.66666666666667,75,0,112,36,41,21,6,34,40,1,6,0,NA,NA,309
2018,Taylor Rogers,13449,27,RP,MIN,68.33333333333333,72,0,75,16,49,20,2,18,20,1,1,0,NA,NA,260
2018,Aroldis Chapman,10233,30,RP,NYY,51.333333333333336,55,0,93,30,24,14,32,1,33,1,3,0,NA,NA,212
2018,Tyler Anderson,12880,28,SP,COL,176,32,32,164,59,165,89,0,0,0,0,7,16,NA,NA,737
2018,Ryan Pressly,7005,29,RP,2 Tms,71,77,0,101,22,57,20,2,21,23,1,2,0,NA,NA,292
2018,Sean Manaea,15873,26,SP,OAK,160.66666666666666,27,27,108,32,141,64,0,0,0,0,12,15,NA,NA,654
2018,Kirby Yates,9073,31,RP,SDP,63,65,0,90,17,41,15,12,16,28,1,5,0,NA,NA,250
2018,Ryan Borucki,16350,24,SP,TOR,97.66666666666667,17,17,67,33,96,42,0,0,0,0,4,11,NA,NA,415
2018,Chad Green,15552,27,RP,NYY,75.66666666666667,63,0,94,15,64,21,0,12,12,1,8,0,NA,NA,298
2018,José Ureña,11589,26,SP,MIA,174,31,31,130,51,155,77,0,0,0,0,9,12,NA,NA,712
2018,Jose Quintana,11423,29,SP,CHC,174.33333333333334,32,32,158,68,162,78,0,0,0,0,13,13,NA,NA,739
2018,Seth Lugo,12447,28,RP,NYM,101.33333333333333,54,5,103,28,81,30,3,11,14,1,3,1,NA,NA,410
2018,Sonny Gray,12768,28,SP,NYY,130.33333333333334,30,23,123,57,138,71,0,0,0,0,11,8,NA,NA,582
2018,Jakob Junis,13619,25,SP,KCR,177,30,30,164,43,182,86,0,0,0,0,9,14,NA,NA,758
2018,David Robertson,8241,33,RP,NYY,69.66666666666667,69,0,91,26,46,25,5,21,26,1,8,0,NA,NA,283
2018,Joe Jiménez,15761,23,RP,DET,62.666666666666664,68,0,78,22,53,30,3,23,26,1,5,0,NA,NA,267
2018,Marcus Stroman,13431,27,SP,TOR,102.33333333333333,19,19,77,36,115,63,0,0,0,0,4,6,NA,NA,449
2018,A.J. Minter,18655,24,RP,ATL,61.333333333333336,65,0,69,22,57,22,15,12,27,1,4,0,NA,NA,260
2018,Craig Kimbrel,6655,30,RP,BOS,62.333333333333336,63,0,96,31,31,19,42,0,42,1,5,0,NA,NA,247
2018,Jesse Chavez,5448,34,RP,2 Tms,95.33333333333333,62,0,92,17,84,27,5,7,12,1,5,0,NA,NA,377
2018,Seranthony Domínguez,19249,23,RP,PHI,58,53,0,74,22,32,19,16,14,30,1,2,0,NA,NA,231
2018,Luke Weaver,16918,24,SP,STL,136.33333333333334,30,25,121,54,150,75,0,0,0,0,7,8,NA,NA,609
2018,Trevor Richards,19309,25,SP,MIA,126.33333333333333,25,25,130,54,121,62,0,0,0,0,4,8,NA,NA,547
2018,Ryne Stanek,15947,26,RP,TBR,66.33333333333333,59,29,81,27,45,22,0,8,8,0,2,0,NA,NA,263
2018,Yonny Chirinos,16401,24,RP,TBR,89.66666666666667,18,7,75,25,84,35,0,0,0,0,5,1,NA,NA,370
2018,Freddy Peralta,18679,22,SP,MIL,78.33333333333333,16,14,96,40,49,37,0,0,0,0,6,6,NA,NA,321
2018,Antonio Senzatela,15488,23,SP,COL,90.33333333333333,23,13,69,30,94,44,0,0,0,0,6,4,NA,NA,390
2018,Shohei Ohtani,19755,23,SP,LAA,51.666666666666664,10,10,63,22,38,19,0,0,0,0,4,5,NA,NA,211
2018,Dylan Floro,13394,27,RP,2 Tms,64,54,0,58,23,57,16,0,7,7,0,6,0,NA,NA,271
2018,Joey Lucchesi,19320,25,SP,SDP,130,26,26,145,43,125,59,0,0,0,0,8,6,NA,NA,548
2018,Ty Blach,14361,27,RP,SFG,118.66666666666667,47,13,75,41,133,56,0,3,3,0,6,4,NA,NA,512
2018,Carlos Rodón,16137,25,SP,CHW,120.66666666666667,20,20,90,55,97,56,0,0,0,0,6,11,NA,NA,511
2018,Andrew Chafin,12988,28,RP,ARI,49.333333333333336,77,0,53,25,41,17,0,17,17,1,1,0,NA,NA,211
2018,Frankie Montas,14309,25,SP,OAK,65,13,11,43,21,74,28,0,0,0,0,5,5,NA,NA,283
2018,Matt Strahm,13799,26,RP,SDP,61.333333333333336,41,5,69,21,39,14,0,7,7,0,3,0,NA,NA,245
2018,Ryan Yarbrough,16502,26,RP,TBR,147.33333333333334,38,6,128,50,140,64,0,0,0,0,16,0,NA,NA,628
2018,Steven Matz,13361,27,SP,NYM,154,30,30,152,58,134,68,0,0,0,0,5,12,NA,NA,654
2018,José Castillo,17169,22,RP,SDP,38.333333333333336,37,0,52,12,23,14,0,12,12,1,3,0,NA,NA,150
2018,Brent Suter,13942,28,SP,MIL,101.33333333333333,20,18,84,19,102,50,0,0,0,0,8,2,NA,NA,424
2018,Robbie Ray,11486,26,SP,ARI,123.66666666666667,24,24,165,70,97,54,0,0,0,0,6,7,NA,NA,526
2018,Eric Lauer,19316,23,SP,SDP,112,23,23,100,46,127,54,0,0,0,0,6,6,NA,NA,504
2018,Tyler Glasnow,14374,24,RP,2 Tms,111.66666666666667,45,11,136,53,89,53,0,4,4,0,2,4,NA,NA,468
2018,Anthony DeSclafani,13050,28,SP,CIN,115,21,21,108,30,118,63,0,0,0,0,7,5,NA,NA,484
2018,Michael Wacha,14078,26,SP,STL,84.33333333333333,15,15,71,36,68,30,0,0,0,0,8,7,NA,NA,355
2018,Domingo Germán,17149,25,SP,NYY,85.66666666666667,21,14,102,33,81,53,0,0,0,0,2,5,NA,NA,375
2018,Chris Stratton,13761,27,SP,SFG,145,28,26,112,54,153,82,0,0,0,0,10,12,NA,NA,625
2018,Aaron Bummer,16258,24,RP,CHW,31.666666666666668,37,0,35,10,40,15,0,2,2,0,0,0,NA,NA,144
2018,Austin Gomber,16561,24,RP,STL,75,29,11,67,32,81,37,0,7,7,0,6,5,NA,NA,334
2018,Adam Cimber,15288,27,RP,2 Tms,68.33333333333333,70,0,58,17,68,26,0,12,12,1,3,0,NA,NA,284
2018,Tanner Scott,17586,23,RP,BAL,53.333333333333336,53,0,76,28,55,32,0,5,5,0,3,0,NA,NA,240
2018,Ryan Brasier,5615,30,RP,BOS,33.666666666666664,34,0,29,7,19,6,0,10,10,1,2,0,NA,NA,124
2018,John Brebbia,12777,28,RP,STL,50.666666666666664,45,0,60,16,43,18,2,5,7,0,3,0,NA,NA,209
2018,Chris Martin,11847,32,RP,TEX,41.666666666666664,46,0,37,5,46,21,0,14,14,1,1,0,NA,NA,177
2018,Lou Trivino,15043,26,RP,OAK,74,69,1,82,31,53,24,4,23,27,1,8,0,NA,NA,299
2018,Luis García,6984,31,RP,PHI,46,59,0,51,18,49,31,1,13,14,1,3,0,NA,NA,204
2018,Joe Kelly,9761,30,RP,BOS,65.66666666666667,73,0,68,32,57,32,2,21,23,1,4,0,NA,NA,285
2018,Michael Soroka,18383,20,SP,ATL,25.666666666666668,5,5,21,7,30,10,0,0,0,0,2,2,NA,NA,113
2018,Jake Diekman,5003,31,RP,2 Tms,53.333333333333336,71,0,66,31,49,28,2,17,19,1,1,0,NA,NA,243
2018,Phil Maton,18064,25,RP,SDP,47.333333333333336,45,0,55,23,50,23,0,3,3,0,0,0,NA,NA,214
2018,Chris Bassitt,12304,29,SP,OAK,47.666666666666664,11,7,41,19,40,16,0,0,0,0,2,2,NA,NA,204
2018,Justin Wilson,4301,30,RP,CHC,54.666666666666664,71,0,69,33,45,21,0,16,16,1,4,0,NA,NA,236
2018,Tim Hill,16814,28,RP,KCR,45.666666666666664,70,0,42,14,46,23,2,13,15,1,1,0,NA,NA,198
2018,Paul Blackburn,14739,24,SP,OAK,27.666666666666668,6,6,19,6,33,22,0,0,0,0,2,2,NA,NA,119
2018,Justin Anderson,16201,25,RP,LAA,55.333333333333336,57,0,67,40,42,25,4,22,26,1,3,0,NA,NA,241
2018,Chad Kuhl,14975,25,SP,PIT,85,16,16,81,33,89,43,0,0,0,0,5,8,NA,NA,373
2018,Brandon Woodruff,16162,25,RP,MIL,42.333333333333336,19,4,47,14,36,17,1,2,3,0,3,0,NA,NA,176
2018,Michael Lorenzen,14843,26,RP,CIN,81,45,3,54,34,78,28,1,8,9,0,4,0,NA,NA,344
2018,Jordan Hicks,19618,21,RP,STL,77.66666666666667,73,0,70,45,59,31,6,24,30,1,3,0,NA,NA,339
2018,Jordan Montgomery,16511,25,SP,NYY,27.333333333333332,6,6,23,12,25,11,0,0,0,0,2,2,NA,NA,116
2018,Touki Toussaint,16929,22,SP,ATL,29,7,5,32,21,18,13,0,0,0,0,2,1,NA,NA,123
2018,Jonathan Loáisiga,19753,23,RP,NYY,24.666666666666668,9,4,33,12,26,14,0,0,0,0,2,0,NA,NA,108
2018,Max Fried,13743,24,RP,ATL,33.666666666666664,14,5,44,20,26,11,0,1,1,0,1,1,NA,NA,142
2018,Pablo López,17085,22,SP,MIA,58.666666666666664,10,10,46,18,56,27,0,0,0,0,2,5,NA,NA,247
2018,Raisel Iglesias,17130,28,RP,CIN,72,66,0,80,25,52,19,30,0,30,1,2,0,NA,NA,291
2018,Tyler Mahle,16358,23,SP,CIN,112,23,23,110,53,125,62,0,0,0,0,7,7,NA,NA,507
2018,Scott Alexander,10591,28,RP,LAD,66,73,1,56,27,57,27,3,21,24,1,2,0,NA,NA,268
2018,Tim Mayza,15042,26,RP,TOR,35.666666666666664,37,0,40,14,33,13,0,1,1,0,2,0,NA,NA,151
2018,Kenley Jansen,3096,30,RP,LAD,71.66666666666667,69,0,82,17,54,24,38,0,38,1,1,0,NA,NA,289
2018,Luke Jackson,11752,26,RP,ATL,40.666666666666664,35,0,46,21,41,20,1,3,4,0,1,0,NA,NA,184
2018,Jacob Barnes,12323,28,RP,MIL,48.666666666666664,49,0,47,23,51,18,2,4,6,0,0,0,NA,NA,217
2018,Erick Fedde,17425,25,SP,WSN,50.333333333333336,11,11,46,22,55,31,0,0,0,0,2,1,NA,NA,217
2018,T.J. McFarland,3237,29,RP,ARI,72,47,0,42,22,64,16,1,1,2,0,2,0,NA,NA,292
2018,Jorge López,14527,25,RP,2 Tms,53.666666666666664,17,7,38,22,57,30,0,0,0,0,2,2,NA,NA,234
2018,Chase Anderson,6895,30,SP,MIL,158,30,30,128,57,131,69,0,0,0,0,9,11,NA,NA,644
2018,Yu Darvish,13074,31,SP,CHC,40,8,8,49,21,36,22,0,0,0,0,1,3,NA,NA,180
2018,Jeffrey Springs,17677,25,RP,TEX,32,18,2,31,14,32,12,0,2,2,0,1,0,NA,NA,141
2018,Caleb Ferguson,19349,21,RP,LAD,49,29,3,59,12,43,19,2,5,7,0,7,0,NA,NA,202
2018,Héctor Neris,11804,29,RP,PHI,47.666666666666664,53,0,76,16,46,27,11,4,15,1,1,0,NA,NA,203
2018,Matt Moore,1890,29,RP,TEX,102,39,12,86,41,128,77,0,2,2,0,3,2,NA,NA,471
2018,Sean Reid-Foley,17034,22,SP,TOR,33.333333333333336,7,7,42,21,31,19,0,0,0,0,2,1,NA,NA,150
2018,Ben Lively,14932,26,SP,2 Tms,30.333333333333332,10,5,27,15,41,19,0,0,0,0,0,1,NA,NA,145
2018,Corbin Burnes,19361,23,RP,MIL,38,30,0,35,11,27,11,1,3,4,0,7,0,NA,NA,152
2018,Sandy Alcantara,18684,22,SP,MIA,34,6,6,30,23,25,13,0,0,0,0,2,3,NA,NA,146
2018,Paul Sewald,13892,28,RP,NYM,56.333333333333336,46,0,58,23,62,38,2,2,4,0,0,0,NA,NA,253
2018,Dakota Hudson,19206,23,RP,STL,27.333333333333332,26,0,19,18,19,8,0,11,11,1,4,0,NA,NA,118
2018,Buck Farmer,14814,27,RP,DET,69.33333333333333,66,1,57,41,67,32,0,7,7,0,3,0,NA,NA,308
2018,JT Chargois,13767,27,RP,LAD,32.333333333333336,39,0,40,15,26,12,0,7,7,0,2,0,NA,NA,135
2018,Lucas Giolito,15474,23,SP,CHW,173.33333333333334,32,32,125,90,166,118,0,0,0,0,10,15,NA,NA,775
2018,Tommy Kahnle,11384,28,RP,NYY,23.333333333333332,24,0,30,15,23,17,1,2,3,0,2,0,NA,NA,107
2018,Framber Valdez,17295,24,SP,HOU,37,8,5,34,24,22,9,0,0,0,0,4,0,NA,NA,154
2018,Wandy Peralta,14295,26,RP,CIN,45.333333333333336,59,0,31,31,58,27,0,7,7,0,2,0,NA,NA,227
2018,Martín Pérez,6902,27,SP,TEX,85.33333333333333,22,15,52,36,116,59,0,2,2,0,2,4,NA,NA,397
2018,Jalen Beeks,17192,24,RP,2 Tms,50.666666666666664,14,1,42,24,52,31,0,0,0,0,5,0,NA,NA,223
2018,Pierce Johnson,13435,27,RP,SFG,43.666666666666664,37,0,36,22,38,27,0,1,1,0,3,0,NA,NA,186
2018,Daniel Hudson,7146,31,RP,LAD,46,40,1,44,18,38,21,0,3,3,0,3,0,NA,NA,197
2018,Chris Devenski,12763,27,RP,HOU,47.333333333333336,50,1,51,13,42,22,2,18,20,1,2,0,NA,NA,196
2018,Dan Altavilla,16507,25,RP,SEA,20.666666666666668,22,0,23,15,11,6,0,5,5,0,3,0,NA,NA,85
2018,Matt Bowman,13528,27,RP,STL,23,22,0,26,11,29,16,0,5,5,0,0,0,NA,NA,109
2018,Hunter Strickland,7836,29,RP,SFG,45.333333333333336,49,0,37,21,43,20,14,0,14,1,3,0,NA,NA,201
2018,Clay Holmes,13649,25,RP,PIT,26.333333333333332,11,4,21,23,30,20,0,0,0,0,1,1,NA,NA,129
2018,Emilio Pagán,14771,27,RP,OAK,62,55,0,63,19,55,30,0,6,6,0,3,0,NA,NA,262
2018,Danny Coulombe,13293,28,RP,OAK,23.666666666666668,27,0,26,11,24,12,0,0,0,0,1,0,NA,NA,98
2018,Zack Littell,15823,22,RP,MIN,20.333333333333332,8,2,14,11,25,14,0,0,0,0,0,0,NA,NA,101
2018,Jason Adam,11861,26,RP,KCR,32.333333333333336,31,0,37,15,30,22,0,2,2,0,0,0,NA,NA,142
2018,Drew Pomeranz,11426,29,RP,BOS,74,26,11,66,44,87,50,0,1,1,0,2,2,NA,NA,344
2018,Andrew Kittredge,12828,28,RP,TBR,38.333333333333336,33,3,30,17,54,33,0,0,0,0,3,0,NA,NA,181
2018,Yimi García,12095,27,RP,LAD,22.333333333333332,25,0,19,4,29,14,0,2,2,0,1,0,NA,NA,101
2018,Carson Fulmer,18311,24,SP,CHW,32.333333333333336,9,8,29,24,37,29,0,0,0,0,2,2,NA,NA,164
2018,Burch Smith,12784,28,RP,KCR,78,38,6,77,40,90,60,0,1,1,0,1,1,NA,NA,358
2018,Mark Leiter Jr.,15551,27,RP,2 Tms,23.333333333333332,20,0,22,12,35,20,0,1,1,0,0,0,NA,NA,123
2018,Erasmo Ramírez,10314,28,SP,SEA,45.666666666666664,10,10,33,12,52,33,0,0,0,0,2,1,NA,NA,202
2019,Gerrit Cole,13125,28,SP,HOU,212.33333333333334,33,33,326,48,142,59,0,0,0,0,20,26,NA,NA,817
2019,Jacob deGrom,10954,31,SP,NYM,204,32,32,255,44,154,55,0,0,0,0,11,23,NA,NA,804
2019,Lance Lynn,2520,32,SP,TEX,208.33333333333334,33,33,246,59,195,85,0,0,0,0,16,20,NA,NA,875
2019,Max Scherzer,3137,34,SP,WSN,172.33333333333334,27,27,243,33,144,56,0,0,0,0,11,17,NA,NA,693
2019,Justin Verlander,8700,36,SP,HOU,223,34,34,300,42,137,64,0,0,0,0,21,26,NA,NA,847
2019,Charlie Morton,4676,35,SP,TBR,194.66666666666666,33,33,240,57,154,66,0,0,0,0,16,19,NA,NA,790
2019,Shane Bieber,19427,24,SP,CLE,214.33333333333334,34,33,259,40,186,78,0,0,0,0,15,24,NA,NA,859
2019,Lucas Giolito,15474,24,SP,CHW,176.66666666666666,29,29,228,57,131,67,0,0,0,0,14,17,NA,NA,705
2019,Walker Buehler,19374,24,SP,LAD,182.33333333333334,30,30,215,37,153,66,0,0,0,0,14,17,NA,NA,737
2019,Patrick Corbin,9323,29,SP,WSN,202,33,33,238,70,169,73,0,0,0,0,14,24,NA,NA,835
2019,Jack Flaherty,17479,23,SP,STL,196.33333333333334,33,33,231,55,135,60,0,0,0,0,11,20,NA,NA,772
2019,Zack Wheeler,10310,29,SP,NYM,195.33333333333334,31,31,195,50,196,86,0,0,0,0,11,18,NA,NA,828
2019,Sonny Gray,12768,29,SP,CIN,175.33333333333334,31,31,205,68,122,56,0,0,0,0,11,17,NA,NA,708
2019,José Berríos,14168,25,SP,MIN,200.33333333333334,32,32,195,51,194,82,0,0,0,0,14,21,NA,NA,842
2019,Luis Castillo,15689,26,SP,CIN,190.66666666666666,32,32,226,79,139,72,0,0,0,0,15,20,NA,NA,781
2019,Kyle Hendricks,12049,29,SP,CHC,177,30,30,150,32,168,68,0,0,0,0,11,16,NA,NA,730
2019,Michael Soroka,18383,21,SP,ATL,174.66666666666666,29,29,142,41,153,52,0,0,0,0,13,18,NA,NA,701
2019,Marcus Stroman,13431,28,SP,2 Tms,184.33333333333334,32,32,159,58,183,66,0,0,0,0,10,18,NA,NA,774
2019,Eduardo Rodriguez,13164,26,SP,BOS,203.33333333333334,34,34,213,75,195,86,0,0,0,0,19,16,NA,NA,859
2019,Marco Gonzales,15467,27,SP,SEA,203,34,34,147,56,210,90,0,0,0,0,16,19,NA,NA,866
2019,Chris Sale,10603,30,SP,BOS,147.33333333333334,25,25,218,37,123,72,0,0,0,0,6,13,NA,NA,612
2019,Clayton Kershaw,2036,31,SP,LAD,178.33333333333334,29,28,189,41,145,60,0,0,0,0,16,22,NA,NA,706
2019,Jose Quintana,11423,30,SP,CHC,171,32,31,152,46,191,89,0,0,0,0,13,14,NA,NA,745
2019,James Paxton,11828,30,SP,NYY,150.66666666666666,29,29,186,55,138,64,0,0,0,0,15,13,NA,NA,633
2019,Aaron Nola,16149,26,SP,PHI,202.33333333333334,34,34,229,80,176,87,0,0,0,0,12,18,NA,NA,852
2019,Kirby Yates,9073,32,RP,SDP,60.666666666666664,60,0,101,13,41,8,41,0,41,1,0,0,NA,NA,243
2019,Germán Márquez,15038,24,SP,COL,174,28,28,175,35,174,92,0,0,0,0,12,11,NA,NA,721
2019,Joe Musgrove,12970,26,SP,PIT,170.33333333333334,32,31,157,39,168,84,0,1,1,0,11,17,NA,NA,718
2019,Brandon Woodruff,16162,26,SP,MIL,121.66666666666667,22,22,143,30,109,49,0,0,0,0,11,10,NA,NA,493
2019,Matthew Boyd,15440,28,SP,DET,185.33333333333334,32,32,238,50,178,94,0,0,0,0,9,14,NA,NA,788
2019,John Means,16269,26,SP,BAL,155,31,27,121,38,138,62,0,0,0,0,12,11,NA,NA,637
2019,Max Fried,13743,25,SP,ATL,165.66666666666666,33,30,173,47,174,74,0,0,0,0,17,14,NA,NA,702
2019,Frankie Montas,14309,26,SP,OAK,96,16,16,103,23,84,28,0,0,0,0,9,12,NA,NA,394
2019,Jon Gray,14916,27,SP,COL,150,26,25,150,56,147,64,0,0,0,0,11,13,NA,NA,637
2019,Spencer Turnbull,16207,26,SP,DET,148.33333333333334,30,30,146,59,154,76,0,0,0,0,3,9,NA,NA,656
2019,Blake Snell,13543,26,SP,TBR,107,23,23,147,40,96,51,0,0,0,0,6,10,NA,NA,441
2019,Kenta Maeda,18498,31,SP,LAD,153.66666666666666,37,26,169,51,114,69,3,4,7,0,10,9,NA,NA,624
2019,Ryan Yarbrough,16502,27,SP,TBR,141.66666666666666,28,14,117,20,121,65,0,0,0,0,11,7,NA,NA,563
2019,Yu Darvish,13074,32,SP,CHC,178.66666666666666,31,31,229,56,140,79,0,0,0,0,6,11,NA,NA,731
2019,Anthony DeSclafani,13050,29,SP,CIN,166.66666666666666,31,31,167,49,151,72,0,0,0,0,9,11,NA,NA,696
2019,Kyle Gibson,10123,31,SP,MIN,160,34,29,160,56,175,86,0,2,2,0,13,9,NA,NA,706
2019,Miles Mikolas,9803,30,SP,STL,184,32,32,144,32,193,85,0,0,0,0,9,17,NA,NA,764
2019,Chris Paddack,20099,23,SP,SDP,140.66666666666666,26,26,153,31,107,52,0,0,0,0,9,10,NA,NA,568
2019,Reynaldo López,16400,25,SP,CHW,184,33,33,169,65,203,110,0,0,0,0,10,15,NA,NA,809
2019,Sandy Alcantara,18684,23,SP,MIA,197.33333333333334,32,32,151,81,179,85,0,0,0,0,6,14,NA,NA,838
2019,Tyler Glasnow,14374,25,SP,TBR,60.666666666666664,12,12,76,14,40,12,0,0,0,0,6,5,NA,NA,230
2019,Robbie Ray,11486,27,SP,ARI,174.33333333333334,33,33,235,84,150,84,0,0,0,0,12,11,NA,NA,747
2019,Josh Hader,14212,25,RP,MIL,75.66666666666667,61,0,138,20,41,22,37,6,43,1,3,0,NA,NA,289
2019,Eric Lauer,19316,24,SP,SDP,149.66666666666666,30,29,138,51,158,74,0,0,0,0,8,10,NA,NA,651
2019,Seth Lugo,12447,29,RP,NYM,80,61,0,104,16,56,24,6,21,27,1,7,0,NA,NA,314
2019,Brad Keller,15734,23,SP,KCR,165.33333333333334,28,28,122,70,154,77,0,0,0,0,7,14,NA,NA,709
2019,Taylor Rogers,13449,28,RP,MIN,69,60,0,90,11,58,20,30,10,40,1,2,0,NA,NA,278
2019,Chris Bassitt,12304,30,SP,OAK,144,28,25,141,47,125,61,0,0,0,0,10,10,NA,NA,612
2019,Joey Lucchesi,19320,26,SP,SDP,163.66666666666666,30,30,158,56,144,76,0,0,0,0,10,11,NA,NA,686
2019,Aroldis Chapman,10233,31,RP,NYY,57,60,0,85,25,38,14,37,0,37,1,3,0,NA,NA,235
2019,Nick Anderson,18337,28,RP,2 Tms,65,68,0,110,18,52,24,1,16,17,1,5,0,NA,NA,264
2019,Domingo Germán,17149,26,SP,NYY,143,27,24,153,39,125,64,0,0,0,0,18,11,NA,NA,594
2019,Trent Thornton,17948,25,SP,TOR,154.33333333333334,32,29,149,61,156,83,0,0,0,0,6,9,NA,NA,677
2019,Merrill Kelly,11156,30,SP,ARI,183.33333333333334,32,32,158,57,184,90,0,0,0,0,13,15,NA,NA,777
2019,Ross Stripling,13273,29,RP,LAD,90.66666666666667,32,15,93,20,84,35,0,3,3,0,4,2,NA,NA,370
2019,Martín Pérez,6902,28,SP,MIN,165.33333333333334,32,29,135,67,184,94,0,0,0,0,10,11,NA,NA,737
2019,Luke Weaver,16918,25,SP,ARI,64.33333333333333,12,12,69,14,55,21,0,0,0,0,4,6,NA,NA,260
2019,Kevin Gausman,14107,28,SP,2 Tms,102.33333333333333,31,17,114,32,113,65,0,2,2,0,3,6,NA,NA,451
2019,Chad Green,15552,28,RP,NYY,69,54,15,98,19,66,32,2,4,6,0,4,0,NA,NA,295
2019,Giovanny Gallegos,14986,27,RP,STL,74,66,0,93,16,44,19,1,19,20,1,3,0,NA,NA,279
2019,Adrian Houser,12718,26,SP,MIL,111.33333333333333,35,18,117,37,101,46,0,1,1,0,6,2,NA,NA,462
2019,Steven Matz,13361,28,SP,NYM,160.33333333333334,32,30,153,52,163,75,0,1,1,0,11,15,NA,NA,691
2019,Pablo López,17085,23,SP,MIA,111.33333333333333,21,21,95,27,111,63,0,0,0,0,5,9,NA,NA,469
2019,Ryan Pressly,7005,30,RP,HOU,54.333333333333336,55,0,72,12,37,14,3,31,34,1,2,0,NA,NA,211
2019,Zac Gallen,19291,23,SP,2 Tms,80,15,15,96,36,62,25,0,0,0,0,3,5,NA,NA,334
2019,Tyler Mahle,16358,24,SP,CIN,129.66666666666666,25,25,129,34,136,74,0,0,0,0,3,7,NA,NA,556
2019,Jakob Junis,13619,26,SP,KCR,175.33333333333334,31,31,164,58,192,102,0,0,0,0,9,12,NA,NA,771
2019,Trevor Richards,19309,26,SP,2 Tms,135.33333333333334,30,23,127,56,127,61,0,1,1,0,6,8,NA,NA,580
2019,Zach Eflin,13774,25,SP,PHI,163.33333333333334,32,28,129,48,172,75,0,0,0,0,10,14,NA,NA,705
2019,Aaron Civale,19479,24,SP,CLE,57.666666666666664,10,10,46,16,44,15,0,0,0,0,3,6,NA,NA,227
2019,Emilio Pagán,14771,28,RP,TBR,70,66,0,96,13,45,18,20,7,27,1,4,0,NA,NA,267
2019,Griffin Canning,19867,23,SP,LAA,90.33333333333333,18,17,96,30,80,46,0,0,0,0,5,6,NA,NA,384
2019,Yonny Chirinos,16401,25,SP,TBR,133.33333333333334,26,18,114,28,112,57,0,0,0,0,9,10,NA,NA,530
2019,José Leclerc,14524,25,RP,TEX,68.66666666666667,70,3,100,39,52,33,14,7,21,1,2,0,NA,NA,299
2019,Aaron Bummer,16258,25,RP,CHW,67.66666666666667,58,0,60,24,43,16,1,27,28,1,0,0,NA,NA,262
2019,Andrew Heaney,15423,28,SP,LAA,95.33333333333333,18,18,118,30,93,52,0,0,0,0,4,4,NA,NA,409
2019,Adam Ottavino,1247,33,RP,NYY,66.33333333333333,73,0,88,40,47,14,2,28,30,1,6,0,NA,NA,283
2019,Luke Jackson,11752,27,RP,ATL,72.66666666666667,70,0,106,26,76,31,18,9,27,1,9,0,NA,NA,315
2019,Kenley Jansen,3096,31,RP,LAD,63,62,0,80,16,51,26,33,0,33,1,5,0,NA,NA,263
2019,Mitch Keller,17594,23,SP,PIT,48,11,11,65,16,72,38,0,0,0,0,1,1,NA,NA,227
2019,John Brebbia,12777,29,RP,STL,72.66666666666667,66,0,87,27,59,29,0,12,12,1,3,0,NA,NA,304
2019,Michael Lorenzen,14843,27,RP,CIN,83.33333333333333,73,0,85,28,68,27,7,21,28,1,1,0,NA,NA,343
2019,Will Smith,8048,29,RP,SFG,65.33333333333333,63,0,96,21,46,20,34,0,34,1,6,0,NA,NA,257
2019,Cal Quantrill,19312,24,SP,SDP,103,23,18,89,28,106,59,0,1,1,0,6,4,NA,NA,443
2019,Raisel Iglesias,17130,29,RP,CIN,67,68,0,89,21,61,31,34,3,37,1,3,0,NA,NA,279
2019,Chase Anderson,6895,31,SP,MIL,139,32,27,124,50,126,65,0,0,0,0,8,3,NA,NA,592
2019,Scott Barlow,14993,26,RP,KCR,70.33333333333333,61,0,92,37,64,33,1,14,15,1,3,0,NA,NA,310
2019,Tommy Kahnle,11384,29,RP,NYY,61.333333333333336,72,0,88,20,45,25,0,27,27,1,3,0,NA,NA,248
2019,Matt Strahm,13799,27,RP,SDP,114.66666666666667,46,16,118,22,121,60,0,6,6,0,6,6,NA,NA,487
2019,Chris Martin,11847,33,RP,2 Tms,55.666666666666664,58,0,65,5,52,21,4,18,22,1,1,0,NA,NA,216
2019,Kolby Allard,18694,21,SP,TEX,45.333333333333336,9,9,33,19,52,25,0,0,0,0,4,2,NA,NA,208
2019,Andrew Chafin,12988,29,RP,ARI,52.666666666666664,77,0,68,18,52,22,0,23,23,1,2,0,NA,NA,225
2019,Jake Diekman,5003,32,RP,2 Tms,62,76,0,84,39,49,32,0,31,31,1,1,0,NA,NA,282
2019,Austin Voth,15047,27,SP,WSN,43.666666666666664,9,8,44,13,33,16,0,0,0,0,2,3,NA,NA,174
2019,Héctor Neris,11804,30,RP,PHI,67.66666666666667,68,0,89,24,45,22,28,2,30,1,3,0,NA,NA,275
2019,Dustin May,19716,21,RP,LAD,34.666666666666664,14,4,32,5,33,14,0,4,4,0,2,0,NA,NA,141
2019,Trevor Williams,16977,27,SP,PIT,145.66666666666666,26,26,113,44,162,87,0,0,0,0,7,12,NA,NA,636
2019,Jesse Chavez,5448,35,RP,TEX,78,48,9,72,22,82,42,1,8,9,1,3,2,NA,NA,337
2019,Dakota Hudson,19206,24,SP,STL,174.66666666666666,33,32,136,86,160,65,1,0,1,0,16,17,NA,NA,757
2019,Daniel Hudson,7146,32,RP,2 Tms,73,69,1,71,27,56,20,8,11,19,1,9,0,NA,NA,304
2019,Tyler Alexander,17735,24,SP,DET,53.666666666666664,13,8,47,7,68,29,0,0,0,0,1,2,NA,NA,235
2019,Freddy Peralta,18679,23,RP,MIL,85,39,8,115,37,87,50,1,5,6,0,7,2,NA,NA,382
2019,Carlos Carrasco,6632,32,SP,CLE,80,23,12,96,16,92,47,1,0,1,0,6,2,NA,NA,341
2019,Carlos Rodón,16137,26,SP,CHW,34.666666666666664,7,7,46,17,33,20,0,0,0,0,3,3,NA,NA,158
2019,Buck Farmer,14814,28,RP,DET,67.66666666666667,73,1,73,24,62,28,0,15,15,1,6,0,NA,NA,288
2019,Sean Manaea,15873,27,SP,OAK,29.666666666666668,5,5,30,7,16,4,0,0,0,0,4,3,NA,NA,109
2019,Jameson Taillon,11674,27,SP,PIT,37.333333333333336,7,7,30,8,34,17,0,0,0,0,2,3,NA,NA,158
2019,Austin Adams,13801,28,RP,2 Tms,32,30,2,53,16,20,14,0,10,10,1,2,0,NA,NA,130
2019,Dylan Cease,18525,23,SP,CHW,73,14,14,81,35,78,47,0,0,0,0,4,3,NA,NA,326
2019,Drew Pomeranz,11426,30,RP,2 Tms,104,46,18,137,44,105,56,2,12,14,1,2,1,NA,NA,455
2019,Ryne Stanek,15947,27,RP,2 Tms,77,63,27,89,39,61,34,1,7,8,0,0,0,NA,NA,327
2019,Joe Ross,12972,26,RP,WSN,64,27,9,57,33,74,39,0,2,2,0,4,3,NA,NA,295
2019,Tony Gonsolin,19388,25,SP,LAD,40,11,6,37,15,26,13,1,0,1,0,4,1,NA,NA,163
2019,Dylan Floro,13394,28,RP,LAD,46.666666666666664,50,0,42,14,46,22,0,6,6,0,5,0,NA,NA,201
2019,Antonio Senzatela,15488,24,SP,COL,124.66666666666667,25,25,76,57,161,93,0,0,0,0,11,9,NA,NA,582
2019,Carlos Estévez,14542,26,RP,COL,72,71,0,81,23,70,30,0,11,11,1,2,0,NA,NA,308
2019,Shawn Armstrong,12857,28,RP,2 Tms,58,55,0,63,29,66,37,4,9,13,1,1,0,NA,NA,271
2019,Zack Littell,15823,23,RP,MIN,37,29,0,32,9,34,11,0,1,1,0,6,0,NA,NA,146
2019,Andrew Kittredge,12828,29,RP,TBR,49.666666666666664,37,7,58,12,51,23,0,2,2,0,1,0,NA,NA,210
2019,Colin Poche,19403,25,RP,TBR,51.666666666666664,51,0,72,19,33,27,2,16,18,1,5,0,NA,NA,207
2019,José Ureña,11589,27,SP,MIA,84.66666666666667,24,13,62,26,99,49,3,0,3,0,4,8,NA,NA,369
2019,Tim Hill,16814,29,RP,KCR,39.666666666666664,46,0,39,13,31,16,1,9,10,1,2,0,NA,NA,161
2019,Logan Webb,17995,22,SP,SFG,39.666666666666664,8,8,37,14,44,23,0,0,0,0,2,2,NA,NA,174
2019,Kevin Ginkel,19876,25,RP,ARI,24.333333333333332,25,0,28,9,15,4,2,8,10,1,3,0,NA,NA,96
2019,Aaron Brooks,12272,29,SP,2 Tms,110,29,18,82,34,118,69,0,0,0,0,6,3,NA,NA,482
2019,Joe Kelly,9761,31,RP,LAD,51.333333333333336,55,0,62,22,49,26,1,8,9,1,5,0,NA,NA,226
2019,Jordan Hicks,19618,22,RP,STL,28.666666666666668,29,0,31,11,16,10,14,3,17,1,2,0,NA,NA,110
2019,Ranger Suárez,17277,23,RP,PHI,48.666666666666664,37,0,42,12,52,17,0,6,6,0,6,0,NA,NA,205
2019,Emmanuel Clase,21032,21,RP,TEX,23.333333333333332,21,1,21,6,20,6,1,4,5,0,2,0,NA,NA,94
2019,Sean Newcomb,16943,26,RP,ATL,68.33333333333333,55,4,65,29,61,24,1,16,17,1,6,1,NA,NA,293
2019,Lucas Sims,13470,25,RP,CIN,43,24,4,57,19,31,22,0,3,3,0,2,0,NA,NA,177
2019,Andrés Muñoz,20373,20,RP,SDP,23,22,0,30,11,16,10,1,8,9,1,1,0,NA,NA,97
2019,Rafael Montero,12760,28,RP,TEX,29,22,0,34,5,23,8,0,7,7,0,2,0,NA,NA,113
2019,Patrick Sandoval,19447,22,SP,LAA,39.333333333333336,10,9,42,19,35,22,0,0,0,0,0,0,NA,NA,169
2019,Evan Phillips,17734,24,RP,BAL,28,25,0,40,20,32,20,0,3,3,0,0,0,NA,NA,140
2019,Justin Anderson,16201,26,RP,LAA,47,54,0,60,32,42,29,1,11,12,1,3,0,NA,NA,217
2019,Matt Bowman,13528,28,RP,CIN,32,27,0,25,13,27,13,0,0,0,0,2,0,NA,NA,137
2019,Jalen Beeks,17192,25,RP,TBR,104.33333333333333,33,3,89,40,115,50,1,2,3,0,6,0,NA,NA,464
2019,Ryan Brasier,5615,31,RP,BOS,55.666666666666664,62,0,61,21,51,30,7,9,16,1,2,0,NA,NA,241
2019,Justin Wilson,4301,31,RP,NYM,39,45,0,44,19,33,11,4,9,13,1,4,0,NA,NA,166
2019,Joe Jiménez,15761,24,RP,DET,59.666666666666664,66,0,82,23,56,29,9,15,24,1,4,0,NA,NA,257
2019,Jason Adam,11861,27,RP,TOR,21.666666666666668,23,0,18,10,15,7,0,4,4,0,3,0,NA,NA,91
2019,Lou Trivino,15043,27,RP,OAK,60,61,0,57,31,61,35,0,17,17,1,4,0,NA,NA,269
2019,Chris Devenski,12763,28,RP,HOU,69,61,1,72,21,69,37,0,7,7,0,2,0,NA,NA,298
2019,Adam Cimber,15288,28,RP,CLE,56.666666666666664,68,0,41,19,56,28,1,19,20,1,6,0,NA,NA,244
2019,Chris Stratton,13761,28,RP,2 Tms,76,35,5,69,33,93,47,0,0,0,0,1,0,NA,NA,344
2019,Seranthony Domínguez,19249,24,RP,PHI,24.666666666666668,27,0,29,12,24,11,0,9,9,1,3,0,NA,NA,110
2019,Jacob Webb,19274,25,RP,ATL,32.333333333333336,36,0,28,12,24,5,2,9,11,1,4,0,NA,NA,131
2019,Yusei Kikuchi,20633,28,SP,SEA,161.66666666666666,32,32,116,50,195,98,0,0,0,0,6,12,NA,NA,721
2019,Tanner Rainey,17610,26,RP,WSN,48.333333333333336,52,0,74,38,32,21,0,9,9,1,2,0,NA,NA,214
2019,Erick Fedde,17425,26,SP,WSN,78,21,12,41,33,81,39,0,0,0,0,4,4,NA,NA,334
2019,José Alvarado,17780,24,RP,TBR,30,35,1,39,27,29,16,7,8,15,1,1,0,NA,NA,146
2019,Ryan Helsley,18138,24,RP,STL,36.666666666666664,24,0,32,12,34,12,0,1,1,0,2,0,NA,NA,153
2019,Richard Lovelady,19337,23,RP,KCR,20,25,0,17,8,30,17,0,2,2,0,0,0,NA,NA,96
2019,Framber Valdez,17295,25,RP,HOU,70.66666666666667,26,8,68,44,74,46,0,0,0,0,4,3,NA,NA,329
2019,JT Chargois,13767,28,RP,LAD,21.333333333333332,21,0,28,5,21,15,0,0,0,0,1,0,NA,NA,88
2019,Jeffrey Springs,17677,26,RP,TEX,32.333333333333336,25,0,32,23,38,23,0,1,1,0,4,0,NA,NA,155
2019,Jonathan Loáisiga,19753,24,RP,NYY,31.666666666666668,15,4,37,16,31,16,0,0,0,0,2,0,NA,NA,139
2019,Cole Irvin,19244,25,RP,PHI,41.666666666666664,16,3,31,13,45,27,1,0,1,0,2,2,NA,NA,181
2019,Kyle Freeland,16256,26,SP,COL,104.33333333333333,22,22,79,39,126,78,0,0,0,0,3,5,NA,NA,473
2019,Génesis Cabrera,17490,22,RP,STL,20.333333333333332,13,2,19,11,23,11,1,1,2,0,0,0,NA,NA,99
2019,Tanner Scott,17586,24,RP,BAL,26.333333333333332,28,0,37,19,28,14,0,2,2,0,1,0,NA,NA,122
2019,José Ruiz,14552,24,RP,CHW,40,40,1,35,24,56,25,0,1,1,0,1,0,NA,NA,198
2019,Nick Pivetta,15454,26,RP,PHI,93.66666666666667,30,13,89,39,103,56,1,1,2,0,4,2,NA,NA,421
2019,Peter Lambert,17969,22,SP,COL,89.33333333333333,19,19,57,36,119,72,0,0,0,0,3,3,NA,NA,420
2019,Pete Fairbanks,17998,25,RP,2 Tms,21,21,0,28,10,25,16,2,3,5,0,2,0,NA,NA,99
2019,Edwin Díaz,14710,25,RP,NYM,58,66,0,99,22,58,36,26,1,27,1,2,0,NA,NA,254
2019,Tim Mayza,15042,27,RP,TOR,51.333333333333336,68,0,55,27,45,28,0,18,18,1,1,0,NA,NA,227
2019,Dillon Tate,17796,25,RP,BAL,21,16,0,20,9,18,15,0,1,1,0,0,0,NA,NA,93
2019,Derek Law,13133,28,RP,TOR,60.666666666666664,58,4,67,40,61,33,5,8,13,1,1,0,NA,NA,285
2019,T.J. McFarland,3237,30,RP,ARI,56,51,0,35,20,71,30,0,9,9,0,0,0,NA,NA,250
2019,Colten Brewer,12997,26,RP,BOS,54.666666666666664,58,0,52,34,59,25,0,6,6,0,1,0,NA,NA,253
2019,Jay Jackson,7432,31,RP,MIL,30.333333333333332,28,0,47,18,22,15,0,2,2,0,1,0,NA,NA,132
2019,Logan Allen,18555,22,RP,2 Tms,27.666666666666668,9,4,17,13,36,19,0,0,0,0,2,2,NA,NA,127
2019,Sean Reid-Foley,17034,23,SP,TOR,31.666666666666668,9,6,28,21,33,15,0,0,0,0,2,0,NA,NA,150
2019,Burch Smith,12784,29,RP,2 Tms,21.333333333333332,17,0,20,14,26,13,0,0,0,0,0,0,NA,NA,106
2019,Brock Burke,17968,22,SP,TEX,26.666666666666668,6,6,14,11,30,22,0,0,0,0,0,3,NA,NA,120
2019,Gregory Soto,19677,24,RP,DET,57.666666666666664,33,7,45,33,74,37,0,2,2,0,0,0,NA,NA,276
2019,A.J. Minter,18655,25,RP,ATL,29.333333333333332,36,0,35,23,36,23,5,5,10,1,3,0,NA,NA,147
2019,Clay Holmes,13649,26,RP,PIT,50,35,0,56,36,45,31,0,1,1,0,1,0,NA,NA,240
2019,Caleb Ferguson,19349,22,RP,LAD,44.666666666666664,46,2,54,27,39,24,0,4,4,0,1,0,NA,NA,204
2019,Alex Wood,13781,28,SP,CIN,35.666666666666664,7,7,30,9,41,23,0,0,0,0,1,2,NA,NA,153
2019,Touki Toussaint,16929,23,RP,ATL,41.666666666666664,24,1,45,26,44,26,0,2,2,0,4,0,NA,NA,198
2019,Tyler Kinley,18297,28,RP,MIA,49.333333333333336,52,0,46,36,43,20,1,1,2,0,3,0,NA,NA,221
2019,Phil Maton,18064,26,RP,2 Tms,36.666666666666664,30,0,33,12,38,25,0,2,2,0,0,0,NA,NA,163
2019,Bryse Wilson,19990,21,RP,ATL,20,6,4,16,10,26,16,0,0,0,0,1,1,NA,NA,93
2019,Carson Fulmer,18311,25,RP,CHW,27.333333333333332,20,2,25,20,26,19,0,1,1,0,1,0,NA,NA,133
2019,Jorge López,14527,26,RP,KCR,123.66666666666667,39,18,109,42,140,87,1,0,1,0,4,4,NA,NA,548
2019,Yimi García,12095,28,RP,LAD,62.333333333333336,64,0,66,14,40,25,0,4,4,0,1,0,NA,NA,247
2019,Shelby Miller,10197,28,RP,TEX,44,19,8,30,29,58,42,0,1,1,0,1,0,NA,NA,220
2019,Nathan Eovaldi,9132,29,SP,BOS,67.66666666666667,23,12,70,35,72,45,0,4,4,0,2,2,NA,NA,302
2019,Matt Festa,19330,26,RP,SEA,22.333333333333332,20,0,21,12,20,14,0,3,3,0,0,0,NA,NA,101
2019,Drew Smyly,11760,30,SP,2 Tms,114,25,21,120,55,126,79,1,0,1,0,4,5,NA,NA,514
2019,Ty Blach,14361,28,SP,2 Tms,27,7,5,20,17,46,36,0,0,0,0,1,0,NA,NA,139
2019,Nestor Cortes,17874,24,RP,NYY,66.66666666666667,33,1,69,28,75,42,0,1,1,0,5,0,NA,NA,298
2019,Blake Treinen,12572,31,RP,OAK,58.666666666666664,57,0,59,37,58,32,16,3,19,1,6,0,NA,NA,266
2019,Michael Wacha,14078,27,SP,STL,126.66666666666667,29,24,104,55,143,67,0,0,0,0,6,6,NA,NA,562
2019,Tyler Anderson,12880,29,SP,COL,20.666666666666668,5,5,23,11,33,27,0,0,0,0,0,0,NA,NA,106
2019,Erik Swanson,16587,25,RP,SEA,58,27,8,52,12,56,37,2,1,3,0,1,2,NA,NA,245
2019,Corbin Burnes,19361,24,RP,MIL,49,32,4,70,20,70,48,1,4,5,0,1,0,NA,NA,235
2019,Hunter Strickland,7836,30,RP,2 Tms,24.333333333333332,28,0,18,8,22,15,2,10,12,1,2,0,NA,NA,105
2019,Jacob Barnes,12323,29,RP,2 Tms,32.666666666666664,33,1,32,22,36,27,0,1,1,0,1,0,NA,NA,160
2019,Jeff Hoffman,17432,26,SP,COL,70,15,15,68,34,77,51,0,0,0,0,2,0,NA,NA,315
2019,Luis García,6984,32,RP,LAA,62,64,2,57,33,61,30,1,6,7,0,2,0,NA,NA,278
2019,José Suarez,19911,21,SP,LAA,81,19,15,72,33,100,64,0,0,0,0,2,0,NA,NA,375
2019,Wandy Peralta,14295,27,RP,2 Tms,39.666666666666664,47,0,32,16,40,25,0,3,3,0,1,0,NA,NA,172
2019,Taylor Clarke,17611,26,SP,ARI,84.66666666666667,23,15,68,30,86,50,1,0,1,0,5,3,NA,NA,369
2019,Brock Stewart,16727,27,RP,2 Tms,25.666666666666668,13,0,19,8,37,28,0,0,0,0,4,0,NA,NA,124
2019,Jesus Tinoco,16300,24,RP,COL,36,24,0,28,22,36,19,1,2,3,0,0,0,NA,NA,161
2019,Craig Kimbrel,6655,31,RP,CHC,20.666666666666668,23,0,30,12,21,15,13,0,13,1,0,0,NA,NA,96
2020,Shane Bieber,19427,25,SP,CLE,77.33333333333333,12,12,122,21,46,14,0,0,0,0,8,10,102.9018,104.5097,297
2020,Yu Darvish,13074,33,SP,CHC,76,12,12,93,14,59,17,0,0,0,0,8,10,111.7137,102.5701,297
2020,Jacob deGrom,10954,32,SP,NYM,68,12,12,104,18,47,18,0,0,0,0,4,8,118.614,113.3968,268
2020,Luis Castillo,15689,27,SP,CIN,70,12,12,89,24,62,25,0,0,0,0,4,7,110.0034,109.6585,292
2020,Corbin Burnes,19361,25,SP,MIL,59.666666666666664,12,9,88,24,37,14,0,0,0,0,4,4,105.5272,97.0624,240
2020,Germán Márquez,15038,25,SP,COL,81.66666666666667,13,13,73,25,78,34,0,0,0,0,4,9,99.5922,104.8757,344
2020,Kenta Maeda,18498,32,SP,MIN,66.66666666666667,11,11,80,10,40,20,0,0,0,0,6,8,97.3747,111.529,248
2020,Brandon Woodruff,16162,27,SP,MIL,73.66666666666667,13,13,91,18,55,25,0,0,0,0,3,6,111.9556,107.5522,293
2020,Lucas Giolito,15474,25,SP,CHW,72.33333333333333,12,12,97,28,47,28,0,0,0,0,4,8,111.1387,96.3214,288
2020,Framber Valdez,17295,26,SP,HOU,70.66666666666667,11,10,76,16,63,28,0,0,0,0,5,6,108.511,107.8376,288
2020,Aaron Nola,16149,27,SP,PHI,71.33333333333333,12,12,96,23,54,26,0,0,0,0,5,7,113.1249,100.6148,289
2020,Marco Gonzales,15467,28,SP,SEA,69.66666666666667,11,11,64,7,59,24,0,0,0,0,7,6,95.5499,114.1985,277
2020,Zack Wheeler,10310,30,SP,PHI,71,11,11,53,16,67,23,0,0,0,0,4,7,111.3718,103.3954,288
2020,Kyle Hendricks,12049,30,SP,CHC,81.33333333333333,12,12,64,8,73,26,0,0,0,0,6,9,93.1378,107.8811,315
2020,Tony Gonsolin,19388,26,SP,LAD,46.666666666666664,9,8,46,7,32,12,0,0,0,0,2,3,106.5785,92.5185,176
2020,Max Scherzer,3137,35,SP,WSN,67.33333333333333,12,12,92,23,70,28,0,0,0,0,5,6,112.2226,105.0643,295
2020,Sonny Gray,12768,30,SP,CIN,56,11,11,72,26,42,23,0,0,0,0,5,5,101.8023,94.4808,235
2020,Pablo López,17085,24,SP,MIA,57.333333333333336,11,11,59,18,50,23,0,0,0,0,6,4,100.9395,99.5234,240
2020,Kevin Gausman,14107,29,SP,SFG,59.666666666666664,12,10,79,16,50,24,0,0,0,0,3,4,103.7001,110.4289,245
2020,Max Fried,13743,26,SP,ATL,56,11,11,50,19,42,14,0,0,0,0,7,4,105.4179,102.3529,224
2020,Zach Eflin,13774,26,SP,PHI,59,11,10,70,15,60,26,0,0,0,0,4,3,100.217,111.8646,245
2020,Andrew Heaney,15423,29,SP,LAA,66.66666666666667,12,12,70,19,63,33,0,0,0,0,4,4,104.5804,109.3501,279
2020,Carlos Carrasco,6632,33,SP,CLE,68,12,12,82,27,55,22,0,0,0,0,3,9,95.7019,99.7152,280
2020,Lance Lynn,2520,33,SP,TEX,84,13,13,89,25,64,31,0,0,0,0,6,10,108.8401,106.3191,344
2020,Clayton Kershaw,2036,32,SP,LAD,58.333333333333336,10,10,62,8,41,14,0,0,0,0,6,6,121.1031,103.6574,221
2020,Zac Gallen,19291,24,SP,ARI,72,12,12,82,25,55,22,0,0,0,0,3,9,106.3262,106.3812,291
2020,Gerrit Cole,13125,29,SP,NYY,73,12,12,94,17,53,23,0,0,0,0,7,8,118.5739,107.7888,288
2020,Devin Williams,15816,25,RP,MIL,27,22,0,53,9,8,1,0,9,9,1,4,0,125.4393,95.5962,100
2020,Spencer Turnbull,16207,27,SP,DET,56.666666666666664,11,11,51,29,47,25,0,0,0,0,4,4,94.8697,107.1371,242
2020,Chris Bassitt,12304,31,SP,OAK,63,11,11,55,17,56,16,0,0,0,0,5,5,103.7906,102.6705,261
2020,Brad Keller,15734,24,SP,KCR,54.666666666666664,9,9,35,17,39,15,0,0,0,0,5,5,92.3493,105.0557,215
2020,Patrick Corbin,9323,30,SP,WSN,65.66666666666667,11,11,60,18,85,34,0,0,0,0,2,6,90.9972,101.9769,295
2020,Aaron Civale,19479,25,SP,CLE,74,12,12,69,16,82,39,0,0,0,0,4,7,97.1892,111.2427,312
2020,Raisel Iglesias,17130,30,RP,CIN,23,22,0,31,5,16,7,8,2,10,1,4,0,114.4083,112.7695,91
2020,Tyler Glasnow,14374,26,SP,TBR,57.333333333333336,11,11,91,22,43,26,0,0,0,0,5,3,110.6989,98.8663,238
2020,Lance McCullers Jr.,14120,26,SP,HOU,55,11,11,56,20,44,24,0,0,0,0,3,5,102.4555,101.0356,227
2020,Yusei Kikuchi,20633,29,SP,SEA,47,9,9,47,20,41,27,0,0,0,0,2,3,107.8712,98.9139,194
2020,Antonio Senzatela,15488,25,SP,COL,73.33333333333333,12,12,41,18,71,28,0,0,0,0,5,6,90.9784,105.4854,303
2020,Tyler Mahle,16358,25,SP,CIN,47.666666666666664,10,9,60,21,34,19,0,0,0,0,2,4,100.8546,101.0118,201
2020,Sean Manaea,15873,28,SP,OAK,54,11,11,45,8,57,27,0,0,0,0,4,2,104.2711,100.3321,222
2020,José Berríos,14168,26,SP,MIN,63,12,12,68,26,57,28,0,0,0,0,5,4,108.1848,101.8461,271
2020,Brady Singer,25377,23,SP,KCR,64.33333333333333,12,12,61,23,52,29,0,0,0,0,4,3,97.8151,97.6219,263
2020,Joe Musgrove,12970,27,SP,PIT,39.666666666666664,8,8,55,16,33,17,0,0,0,0,1,2,114.0158,88.404,166
2020,Kyle Freeland,16256,27,SP,COL,70.66666666666667,13,13,46,23,77,34,0,0,0,0,2,9,90.9304,96.9365,304
2020,Sixto Sánchez,19680,21,SP,MIA,39,7,7,33,11,36,15,0,0,0,0,3,4,113.6347,101.6934,158
2020,Ryan Yarbrough,16502,28,SP,TBR,55.666666666666664,11,9,44,12,54,22,0,0,0,0,1,3,107.1704,102.8059,234
2020,Drew Smyly,11760,31,SP,SFG,26.333333333333332,7,5,42,9,20,10,0,0,0,0,0,0,118.6636,105.6188,111
2020,Charlie Morton,4676,36,SP,TBR,38,9,9,42,10,43,20,0,0,0,0,2,0,112.191,105.357,170
2020,Nathan Eovaldi,9132,30,SP,BOS,48.333333333333336,9,9,52,7,51,20,0,0,0,0,4,4,113.304,110.2783,199
2020,Jordan Montgomery,16511,27,SP,NYY,44,10,10,47,9,48,25,0,0,0,0,2,1,114.0761,96.9509,193
2020,Griffin Canning,19867,24,SP,LAA,56.333333333333336,11,11,56,23,54,25,0,0,0,0,2,3,91.6076,96.1236,238
2020,Sandy Alcantara,18684,24,SP,MIA,42,7,7,39,15,35,14,0,0,0,0,3,6,107.0592,104.2696,172
2020,Edwin Díaz,14710,26,RP,NYM,25.666666666666668,26,0,50,14,18,5,6,2,8,1,2,0,122.6144,85.873,110
2020,Freddy Peralta,18679,24,RP,MIL,29.333333333333332,15,1,47,12,22,13,0,3,3,1,3,0,104.4588,102.7835,125
2020,Keegan Akin,19362,25,SP,BAL,25.666666666666668,8,6,35,10,27,13,0,0,0,0,1,0,108.9369,100.4869,116
2020,Jesús Luzardo,19959,22,SP,OAK,59,12,9,59,17,58,27,0,0,0,0,3,4,101.7294,95.9718,248
2020,Tyler Anderson,12880,30,SP,SFG,59.666666666666664,13,11,41,25,58,29,0,0,0,0,4,3,103.1887,100.9799,260
2020,JT Brubaker,17578,26,SP,PIT,47.333333333333336,11,9,48,17,48,26,0,1,1,0,1,1,93.7606,107.0366,205
2020,Héctor Neris,11804,31,RP,PHI,21.666666666666668,24,0,27,13,24,11,5,4,9,1,2,0,101.4395,99.9279,103
2020,Dane Dunning,19409,25,SP,CHW,34,7,7,35,13,25,15,0,0,0,0,2,2,87.4346,92.4876,142
2020,Brent Suter,13942,30,RP,MIL,31.666666666666668,16,4,38,5,30,11,0,2,2,0,2,0,109.6037,106.1778,129
2020,Ryan Pressly,7005,31,RP,HOU,21,23,0,29,7,21,8,12,0,12,1,1,0,111.765,104.0508,91
2020,Phil Maton,18064,27,RP,CLE,21.666666666666668,23,0,32,6,23,11,0,4,4,0,3,0,102.7929,112.8788,96
2020,Logan Webb,17995,23,SP,SFG,54.333333333333336,13,11,46,24,61,33,0,0,0,0,3,1,96.3857,89.43,246
2020,Victor González,16408,24,RP,LAD,20.333333333333332,15,1,23,2,13,3,0,2,2,0,3,0,115.576,96.5901,80
2020,Jonathan Hernández,17464,23,RP,TEX,31,27,0,31,8,24,10,0,5,5,1,5,0,106.8535,99.5468,125
2020,Chris Stratton,13761,29,RP,PIT,30,27,0,39,13,26,13,0,5,5,1,2,0,94.2981,103.4526,131
2020,Jack Flaherty,17479,24,SP,STL,40.333333333333336,9,9,49,16,33,22,0,0,0,0,4,2,102.4763,96.191,170
2020,Merrill Kelly,11156,31,SP,ARI,31.333333333333332,5,5,29,5,26,9,0,0,0,0,3,4,99.5176,106.4282,125
2020,Taijuan Walker,11836,27,SP,2 Tms,53.333333333333336,11,11,50,19,43,16,0,0,0,0,4,5,96.7226,101.7545,225
2020,Triston McKenzie,18000,22,SP,CLE,33.333333333333336,8,6,42,9,21,12,0,0,0,0,2,2,97.8982,107.6167,127
2020,Walker Buehler,19374,25,SP,LAD,36.666666666666664,8,8,42,11,24,14,0,0,0,0,1,1,137.0174,94.4774,147
2020,Caleb Thielbar,10078,33,RP,MIN,20,17,0,22,9,14,5,0,1,1,0,2,0,107.1551,97.609,82
2020,Pete Fairbanks,17998,26,RP,TBR,26.666666666666668,27,2,39,14,23,8,0,7,7,1,6,0,117.3166,100.9492,117
2020,Dylan Floro,13394,29,RP,LAD,24.333333333333332,25,0,19,4,23,7,0,4,4,0,3,0,104.3975,102.607,98
2020,Blake Snell,13543,27,SP,TBR,50,11,11,63,18,42,18,0,0,0,0,4,0,102.205,113.1256,203
2020,Kenley Jansen,3096,32,RP,LAD,24.333333333333332,27,0,33,9,19,9,11,0,11,1,3,0,108.2578,115.0872,102
2020,Taylor Rogers,13449,29,RP,MIN,20,21,0,24,4,26,9,9,2,11,1,2,0,111.5376,106.0249,91
2020,Ryan Brasier,5615,32,RP,BOS,25,25,1,30,11,24,11,0,10,10,1,1,0,105.9948,108.102,110
2020,Michael Lorenzen,14843,28,RP,CIN,33.666666666666664,18,2,35,17,30,16,0,2,2,0,3,0,102.2491,94.3366,147
2020,Blake Treinen,12572,32,RP,LAD,25.666666666666668,27,0,22,8,23,11,1,9,10,1,3,0,119.745,106.0474,107
2020,Austin Gomber,16561,26,RP,STL,29,14,4,27,15,19,6,0,1,1,0,1,1,97.3435,99.937,119
2020,Tyler Rogers,15541,29,RP,SFG,28,29,0,27,6,31,14,3,10,13,1,3,0,103.8392,113.7425,123
2020,Kris Bubic,21455,22,SP,KCR,50,10,10,49,22,52,24,0,0,0,0,1,2,92.4732,96.8158,222
2020,Dustin May,19716,22,SP,LAD,56,12,10,44,16,45,16,0,0,0,0,3,3,118.9744,101.8483,224
2020,Jake Diekman,5003,33,RP,OAK,21.333333333333332,21,0,31,12,8,1,0,13,13,1,2,0,110.3045,98.342,84
2020,Cristian Javier,17606,23,SP,HOU,54.333333333333336,12,10,54,18,36,21,0,0,0,0,5,3,99.7093,106.5456,214
2020,David Peterson,20302,24,SP,NYM,49.666666666666664,10,9,40,24,36,19,0,0,0,0,6,3,90.2004,93.3822,205
2020,Jon Gray,14916,28,SP,COL,39,8,8,22,11,45,29,0,0,0,0,2,3,88.6684,98.5327,174
2020,Luke Weaver,16918,26,SP,ARI,52,12,12,55,18,63,38,0,0,0,0,1,0,103.7076,102.203,236
2020,Martín Pérez,6902,29,SP,BOS,62,12,12,46,28,55,31,0,0,0,0,3,3,94.2561,99.2262,262
2020,Lucas Sims,13470,26,RP,CIN,25.666666666666668,20,0,34,11,13,7,0,5,5,1,3,0,104.6675,89.6236,103
2020,Cal Quantrill,19312,25,RP,2 Tms,32,18,3,31,8,31,8,1,2,3,0,2,0,95.7996,107.6548,135
2020,A.J. Minter,18655,26,RP,ATL,21.666666666666668,22,0,24,9,15,2,0,5,5,0,1,0,118.4457,99.9389,85
2020,Frankie Montas,14309,27,SP,OAK,53,11,11,60,23,57,33,0,0,0,0,3,3,106.9274,98.1768,237
2020,Adrian Houser,12718,27,SP,MIL,56,12,11,44,21,63,33,0,0,0,0,1,1,93.0952,104.3993,246
2020,Tanner Scott,17586,25,RP,BAL,20.666666666666668,25,0,23,10,12,3,1,5,6,1,0,0,111.7912,97.3441,86
2020,Trevor Rogers,22286,22,SP,MIA,28,7,7,39,13,32,19,0,0,0,0,1,1,102.0694,107.0609,130
2020,Scott Barlow,14993,27,RP,KCR,30,32,0,39,9,27,14,2,7,9,1,2,0,99.1605,107.2199,125
2020,Dakota Hudson,19206,25,SP,STL,39,8,8,31,15,24,12,0,0,0,0,3,3,89.2837,100.0029,151
2020,John Curtiss,16128,27,RP,TBR,25,17,3,25,3,21,5,2,0,2,0,3,0,100.7774,111.0247,99
2020,Josh Staumont,18335,26,RP,KCR,25.666666666666668,26,0,37,16,20,7,0,8,8,1,2,0,117.5914,95.3056,112
2020,Chris Paddack,20099,24,SP,SDP,59,12,12,58,12,60,31,0,0,0,0,4,5,97.6027,106.0669,245
2020,Seth Lugo,12447,30,RP,NYM,36.666666666666664,16,7,47,10,40,21,3,0,3,0,3,1,99.3874,106.6501,160
2020,Enoli Paredes,20447,24,RP,HOU,20.666666666666668,22,0,20,11,18,7,0,4,4,1,3,0,103.1733,101.8916,90
2020,Kolby Allard,18694,22,SP,TEX,33.666666666666664,11,8,32,20,31,29,0,0,0,0,0,1,99.3637,97.4898,152
2020,Kyle Finnegan,15009,28,RP,WSN,24.666666666666668,25,0,27,13,21,8,0,4,4,0,1,0,101.1586,93.3238,107
2020,Josh Fleming,20418,24,SP,TBR,32.333333333333336,7,5,25,7,28,10,0,0,0,0,5,1,104.3458,105.0081,130
2020,Jorge López,14527,27,SP,2 Tms,39,10,6,28,12,46,29,0,0,0,0,2,2,91.0738,101.5908,174
2020,John Means,16269,27,SP,BAL,43.666666666666664,10,10,42,7,36,22,0,0,0,0,2,3,112.5459,109.7491,176
2020,Pierce Johnson,13435,29,RP,SDP,20,24,0,27,9,15,6,0,1,1,0,3,0,107.2769,94.3881,80
2020,James Paxton,11828,31,SP,NYY,20.333333333333332,5,5,26,7,23,15,0,0,0,0,1,1,99.1816,96.5985,90
2020,Thomas Hatch,19264,25,RP,TOR,26.333333333333332,17,1,23,13,18,8,0,3,3,0,3,0,99.799,84.4574,109
2020,Jorge Alcala,19459,24,RP,MIN,24,16,0,27,8,21,7,0,0,0,0,2,0,101.308,99.1424,94
2020,Tanner Rainey,17610,27,RP,WSN,20.333333333333332,20,0,32,7,8,6,0,9,9,1,1,0,114.2549,93.746,75
2020,Brooks Raley,10061,32,RP,2 Tms,20,21,0,27,6,13,11,1,6,7,1,0,0,111.2538,103.6257,84
2020,Tyler Kinley,18297,29,RP,COL,23.666666666666668,24,0,26,12,13,14,0,4,4,0,0,0,102.6192,96.8245,96
2020,Gregory Soto,19677,25,RP,DET,23,27,0,29,13,16,11,2,4,6,1,0,0,104.1646,96.8598,98
2020,Kyle Gibson,10123,32,SP,TEX,67.33333333333333,12,12,58,30,73,40,0,0,0,0,2,4,90.931,105.0126,301
2020,Chad Green,15552,29,RP,NYY,25.666666666666668,22,0,32,8,13,10,1,6,7,1,3,0,114.4476,104.9519,100
2020,Lou Trivino,15043,28,RP,OAK,23.333333333333332,20,0,26,10,16,10,0,0,0,0,0,0,101.6689,96.4059,93
2020,Jeff Hoffman,17432,27,RP,COL,21.333333333333332,16,0,20,9,32,22,1,0,1,0,2,0,91.6141,90.9643,104
2020,Jonathan Loáisiga,19753,25,RP,NYY,23,12,3,22,7,21,9,0,2,2,0,3,0,117.6271,104.0758,100
2020,Cole Sulser,15256,30,RP,BAL,22.666666666666668,19,0,19,17,17,14,5,1,6,1,1,0,97.2166,69.7906,100
2020,Ryan Thompson,16647,28,RP,TBR,26.333333333333332,25,1,23,8,29,13,1,4,5,0,1,0,130.714,105.1213,114
2020,Trevor Richards,19309,27,RP,TBR,32,9,4,27,11,44,21,0,0,0,0,0,0,96.4106,106.6471,150
2020,Buck Farmer,14814,29,RP,DET,21.333333333333332,23,0,14,5,20,9,0,7,7,1,1,0,87.5281,104.2961,89
2020,Luke Jackson,11752,28,RP,ATL,26.333333333333332,19,0,20,13,39,20,0,1,1,0,2,0,100.9636,102.7609,132
2020,Wandy Peralta,14295,28,RP,SFG,27.333333333333332,25,0,25,11,22,10,0,1,1,0,1,0,106.2359,109.8523,114
2020,Michael King,19853,25,RP,NYY,26.666666666666668,9,4,26,11,30,23,0,0,0,0,1,0,93.4028,104.1191,121
2020,Dan Altavilla,16507,27,RP,2 Tms,20.333333333333332,22,0,24,12,18,13,1,3,4,0,2,0,112.318,94.7353,89
2020,Johan Oviedo,22487,22,SP,STL,24.666666666666668,5,5,16,10,24,15,0,0,0,0,0,0,93.1897,88.2552,112
2020,Michael Wacha,14078,28,SP,NYM,34,8,7,37,7,46,25,0,0,0,0,1,0,92.9691,104.4098,156
2020,Emilio Pagán,14771,29,RP,SDP,22,22,0,23,9,14,11,2,7,9,1,0,0,108.4572,99.3558,87
2020,Chad Kuhl,14975,27,SP,PIT,46.333333333333336,11,9,44,28,35,22,0,0,0,0,2,2,91.9875,92.7494,197
2020,Taylor Clarke,17611,27,RP,ARI,43.333333333333336,12,5,40,21,35,21,0,0,0,0,3,0,99.9824,100.9161,183
2020,Matt Strahm,13799,28,RP,SDP,20.666666666666668,19,0,15,4,14,6,0,3,3,0,0,0,111.9748,97.5674,83
2020,Spencer Howard,23252,23,SP,PHI,24.333333333333332,6,6,23,10,30,16,0,0,0,0,1,0,107.5061,96.9252,113
2020,Jeffrey Springs,17677,27,RP,BOS,20.333333333333332,16,0,28,7,30,16,0,1,1,0,0,0,105.4824,105.8122,99
2020,Anthony DeSclafani,13050,30,SP,CIN,33.666666666666664,9,7,25,16,41,27,0,0,0,0,1,1,95.306,91.4973,158
2020,Génesis Cabrera,17490,23,RP,STL,22.333333333333332,19,0,32,16,10,6,1,2,3,1,4,0,106.08,81.9177,96
2020,José Ureña,11589,28,SP,MIA,23.333333333333332,5,5,15,13,22,14,0,0,0,0,0,0,100.7705,101.3046,104
2020,Matthew Boyd,15440,29,SP,DET,60.333333333333336,12,12,60,22,67,45,0,0,0,0,3,3,93.214,103.2551,271
2020,Tarik Skubal,22267,23,SP,DET,32,8,7,37,11,28,20,0,0,0,0,1,2,113.8769,96.6636,134
2020,Chase Anderson,6895,32,SP,TOR,33.666666666666664,10,7,38,10,45,27,0,0,0,0,1,0,91.2368,106.7038,154
2020,Carlos Estévez,14542,27,RP,COL,24,26,0,27,9,33,20,1,6,7,1,1,0,102.0577,100.4928,116
2020,Jakob Junis,13619,27,SP,KCR,25.333333333333332,8,6,19,6,35,18,0,1,1,0,0,0,94.7361,107.7011,114
2020,Tyler Alexander,17735,25,RP,DET,36.333333333333336,14,2,34,9,39,16,0,0,0,0,2,0,94.2703,97.9501,152
2020,Patrick Sandoval,19447,23,SP,LAA,36.666666666666664,9,6,33,12,37,23,0,0,0,0,1,1,101.319,99.3476,159
2020,Casey Mize,20492,23,SP,DET,28.333333333333332,7,7,26,13,29,22,0,0,0,0,0,0,95.3251,99.6306,133
2020,Ross Stripling,13273,30,SP,2 Tms,49.333333333333336,12,9,40,18,56,32,1,0,1,0,3,1,94.3988,105.5816,220
2020,Austin Voth,15047,28,SP,WSN,49.666666666666664,11,11,44,18,57,35,0,0,0,0,2,1,96.0976,103.8954,225
2020,Yohan Ramírez,19444,25,RP,SEA,20.666666666666668,16,0,26,20,9,6,3,1,4,1,0,0,111.393,79.9323,94
2020,Mitch Keller,17594,24,SP,PIT,21.666666666666668,5,5,16,18,9,7,0,0,0,0,1,1,91.9419,83.8758,87
2020,Colten Brewer,12997,27,RP,BOS,25.666666666666668,11,4,25,14,31,16,0,0,0,0,0,0,107.4693,99.8379,122
2020,Erick Fedde,17425,27,SP,WSN,50.333333333333336,11,8,28,22,47,24,0,0,0,0,2,2,94.1026,103.8825,222
2020,Jake Woodford,18674,23,RP,STL,21,12,1,16,5,20,13,0,0,0,0,1,0,85.1526,108.352,85
2020,Dylan Cease,18525,24,SP,CHW,58.333333333333336,12,12,44,34,50,26,0,0,0,0,5,4,102.5103,97.0994,255
2020,Trevor Williams,16977,28,SP,PIT,55.333333333333336,11,11,49,21,66,38,0,0,0,0,2,1,85.0846,110.4374,252
2020,T.J. McFarland,3237,31,RP,OAK,20.666666666666668,23,0,9,5,26,10,0,6,6,0,2,0,88.5857,94.9356,92
2020,Touki Toussaint,16929,24,SP,ATL,24.333333333333332,7,5,30,16,27,24,0,0,0,0,0,1,98.0816,94.4076,120
2020,Daniel Hudson,7146,33,RP,WSN,20.666666666666668,21,0,28,11,15,14,10,0,10,1,3,0,119.3738,93.0756,92
2020,Reynaldo López,16400,26,SP,CHW,26.333333333333332,8,8,24,15,28,19,0,0,0,0,1,0,95.1634,98.6932,121
2020,Robbie Ray,11486,28,SP,2 Tms,51.666666666666664,12,11,68,45,53,38,0,0,0,0,2,0,100.9578,86.891,251
2020,Brandon Bielak,19866,24,SP,HOU,32,12,6,26,17,39,24,0,0,0,0,3,1,88.1382,102.9823,148
2020,Joe Jiménez,15761,25,RP,DET,22.666666666666668,25,0,22,6,25,18,5,4,9,1,1,0,104.9596,91.7836,101
2020,Steven Matz,13361,29,SP,NYM,30.666666666666668,9,6,36,10,42,33,0,0,0,0,0,1,105.5579,104.6105,142
2021,Corbin Burnes,19361,26,SP,MIL,167,28,28,234,34,123,45,0,0,0,0,11,18,131.969,98.6076,657
2021,Zack Wheeler,10310,31,SP,PHI,213.33333333333334,32,32,247,46,169,66,0,0,0,0,14,20,119.2207,103.2994,849
2021,Nathan Eovaldi,9132,31,SP,BOS,182.33333333333334,32,32,195,35,182,76,0,0,0,0,11,13,109.4918,106.7066,764
2021,Walker Buehler,19374,26,SP,LAD,207.66666666666666,33,33,212,52,149,57,0,0,0,0,16,27,112.09,100.4298,815
2021,Max Scherzer,3137,36,SP,2 Tms,179.33333333333334,30,30,236,36,119,49,0,0,0,0,15,18,110.9919,100.2715,693
2021,Gerrit Cole,13125,30,SP,NYY,181.33333333333334,30,30,243,41,151,65,0,0,0,0,16,18,118.3818,105.4206,726
2021,Carlos Rodón,16137,28,SP,CHW,132.66666666666666,24,24,185,36,91,35,0,0,0,0,13,9,111.6597,100.3367,534
2021,Jacob deGrom,10954,33,SP,NYM,92,15,15,146,11,40,11,0,0,0,0,7,11,122.9236,109.64,324
2021,Kevin Gausman,14107,30,SP,SFG,192,33,33,227,50,150,60,0,0,0,0,14,20,103.3476,103.5918,775
2021,Brandon Woodruff,16162,28,SP,MIL,179.33333333333334,30,30,211,43,130,51,0,0,0,0,9,20,109.6075,109.4506,708
2021,Charlie Morton,4676,37,SP,ATL,185.66666666666666,33,33,216,58,136,69,0,0,0,0,14,19,107.4254,99.0072,756
2021,Dylan Cease,18525,25,SP,CHW,165.66666666666666,32,32,226,68,139,72,0,0,0,0,13,10,107.5853,100.7279,708
2021,Aaron Nola,16149,28,SP,PHI,180.66666666666666,32,32,223,39,165,93,0,0,0,0,9,11,108.7158,103.5691,749
2021,Sandy Alcantara,18684,25,SP,MIA,205.66666666666666,33,33,201,50,171,73,0,0,0,0,9,23,110.4635,105.0225,837
2021,Lance Lynn,2520,34,SP,CHW,157,28,28,176,45,123,47,0,0,0,0,11,13,107.4918,103.5255,641
2021,Trevor Rogers,22286,23,SP,MIA,133,25,25,157,46,107,39,0,0,0,0,7,9,99.7216,104.5658,550
2021,Lucas Giolito,15474,26,SP,CHW,178.66666666666666,31,31,201,52,145,70,0,0,0,0,11,15,107.4551,102.4786,720
2021,Logan Webb,17995,24,SP,SFG,148.33333333333334,27,26,158,36,128,50,0,1,1,0,11,14,111.7948,99.2427,596
2021,Frankie Montas,14309,28,SP,OAK,187,32,32,207,57,164,70,0,0,0,0,13,20,111.2497,101.8716,778
2021,José Berríos,14168,27,SP,2 Tms,192,32,32,204,45,159,75,0,0,0,0,12,17,103.9997,102.3159,781
2021,Freddy Peralta,18679,25,SP,MIL,144.33333333333334,28,27,195,56,84,45,0,0,0,0,10,14,105.1929,101.3692,580
2021,Eduardo Rodriguez,13164,28,SP,BOS,157.66666666666666,32,31,185,47,172,83,0,0,0,0,13,9,100.281,107.2613,675
2021,Robbie Ray,11486,29,SP,TOR,193.33333333333334,32,32,248,52,150,61,0,0,0,0,13,23,104.558,101.2171,773
2021,Tyler Mahle,16358,26,SP,CIN,180,33,33,210,64,158,75,0,0,0,0,13,12,95.5808,107.0799,759
2021,Luis Castillo,15689,28,SP,CIN,187.66666666666666,33,33,192,75,181,83,0,0,0,0,8,18,108.1313,102.079,803
2021,Max Fried,13743,27,SP,ATL,165.66666666666666,28,28,158,41,139,56,0,0,0,0,14,19,105.6885,106.4154,667
2021,Antonio Senzatela,15488,26,SP,COL,156.66666666666666,28,28,105,32,178,77,0,0,0,0,4,15,93.1639,106.5405,670
2021,Marcus Stroman,13431,30,SP,NYM,179,33,33,158,44,161,60,0,0,0,0,10,16,101.1251,100.289,730
2021,Germán Márquez,15038,26,SP,COL,180,32,32,176,64,165,88,0,0,0,0,12,17,97.234,96.2394,756
2021,Clayton Kershaw,2036,33,SP,LAD,121.66666666666667,22,22,144,21,103,48,0,0,0,0,10,11,115.7684,95.4413,488
2021,Chris Bassitt,12304,32,SP,OAK,157.33333333333334,27,27,159,39,127,55,0,0,0,0,12,16,103.9006,104.0226,637
2021,Joe Musgrove,12970,28,SP,SDP,181.33333333333334,32,31,203,54,142,64,0,0,0,0,11,15,113.5482,94.7498,748
2021,Sean Manaea,15873,29,SP,OAK,179.33333333333334,32,32,194,41,179,78,0,0,0,0,11,15,107.2628,98.6538,754
2021,Jordan Montgomery,16511,28,SP,NYY,157.33333333333334,30,30,162,51,150,67,0,0,0,0,6,9,108.417,102.5075,661
2021,Lance McCullers Jr.,14120,27,SP,HOU,162.33333333333334,28,28,185,76,122,57,0,0,0,0,13,15,105.8471,99.1755,684
2021,Kyle Gibson,10123,33,SP,2 Tms,182,31,30,155,64,158,75,0,0,0,0,10,19,96.3864,98.448,754
2021,Anthony DeSclafani,13050,31,SP,SFG,167.66666666666666,31,31,152,42,141,59,0,0,0,0,13,15,96.9803,104.5538,676
2021,Ranger Suárez,17277,25,RP,PHI,106,39,12,107,33,73,16,4,0,4,0,8,6,95.6906,103.9873,418
2021,Chris Flexen,13896,26,SP,SEA,179.66666666666666,31,31,125,40,185,72,0,0,0,0,14,15,92.8058,107.9658,741
2021,Shohei Ohtani,19755,26,SP,LAA,130.33333333333334,23,23,156,44,98,46,0,0,0,0,9,14,109.1318,95.1341,533
2021,Yu Darvish,13074,34,SP,SDP,166.33333333333334,30,30,199,44,138,78,0,0,0,0,8,13,106.0671,100.7781,681
2021,Steven Matz,13361,30,SP,TOR,150.66666666666666,29,29,144,43,158,64,0,0,0,0,14,9,99.7665,107.5749,647
2021,Josh Hader,14212,27,RP,MIL,58.666666666666664,60,0,102,24,25,8,34,0,34,1,4,0,125.5217,100.1595,224
2021,Shane Bieber,19427,26,SP,CLE,96.66666666666667,16,16,134,33,84,34,0,0,0,0,7,11,102.2953,98.9133,405
2021,Tyler Glasnow,14374,27,SP,TBR,88,14,14,123,27,55,26,0,0,0,0,5,9,116.0139,97.9442,340
2021,Alex Wood,13781,30,SP,SFG,138.66666666666666,26,26,152,39,125,59,0,0,0,0,10,9,99.1961,102.3704,585
2021,John Means,16269,28,SP,BAL,146.66666666666666,26,26,134,26,125,59,0,0,0,0,6,12,108.7157,108.1641,590
2021,Sonny Gray,12768,31,SP,CIN,135.33333333333334,26,26,155,50,115,63,0,0,0,0,7,9,103.6074,98.7734,575
2021,Ryan Pressly,7005,32,RP,HOU,64,64,0,81,13,49,16,26,1,27,1,5,0,116.1441,103.6705,250
2021,Jonathan Loáisiga,19753,26,RP,NYY,70.66666666666667,57,0,69,16,56,17,5,17,22,1,9,0,128.4839,104.0489,283
2021,Pablo López,17085,25,SP,MIA,102.66666666666667,20,20,115,26,89,35,0,0,0,0,5,10,101.6459,104.3086,418
2021,Jon Gray,14916,29,SP,COL,149,29,29,157,58,140,76,0,0,0,0,8,11,95.2166,100.1861,644
2021,Nick Pivetta,15454,28,SP,BOS,155,31,30,175,65,137,78,1,0,1,0,9,8,104.347,96.8248,661
2021,Giovanny Gallegos,14986,29,RP,STL,80.33333333333333,73,0,95,20,51,27,14,24,38,1,6,0,103.4162,104.6618,310
2021,Tanner Houck,19879,25,SP,BOS,69,18,13,87,21,57,27,1,1,2,0,1,0,101.3841,100.3187,285
2021,Merrill Kelly,11156,32,SP,ARI,158,27,27,130,41,163,78,0,0,0,0,7,10,93.793,101.6159,667
2021,Logan Gilbert,22250,24,SP,SEA,119.33333333333333,24,24,128,28,112,62,0,0,0,0,6,6,108.0821,99.0307,503
2021,Craig Kimbrel,6655,33,RP,2 Tms,59.666666666666664,63,0,100,23,31,15,24,6,30,1,4,0,119.3276,95.1621,235
2021,Scott Barlow,14993,28,RP,KCR,74.33333333333333,71,0,91,28,61,20,16,14,30,1,5,0,102.8009,100.51,306
2021,Emmanuel Clase,21032,23,RP,CLE,69.66666666666667,71,0,74,16,51,10,24,6,30,1,4,0,140.9306,99.7889,279
2021,Zach Eflin,13774,27,SP,PHI,105.66666666666667,18,18,99,16,116,49,0,0,0,0,4,11,95.3192,111.7693,442
2021,Blake Snell,13543,28,SP,SDP,128.66666666666666,27,27,170,69,101,60,0,0,0,0,7,7,102.6116,102.066,550
2021,Brady Singer,25377,24,SP,KCR,128.33333333333334,27,27,131,53,146,70,0,0,0,0,5,10,96.5228,100.8283,586
2021,Tyler Anderson,12880,31,SP,2 Tms,167,31,31,134,38,170,84,0,0,0,0,7,11,104.484,105.0219,703
2021,Edwin Díaz,14710,27,RP,NYM,62.666666666666664,63,0,89,23,43,24,32,0,32,1,5,0,118.8817,100.2647,257
2021,Raisel Iglesias,17130,31,RP,LAA,70,65,0,103,12,53,20,34,0,34,1,7,0,117.8592,113.3554,273
2021,Cole Irvin,19244,27,SP,OAK,178.33333333333334,32,32,125,42,195,84,0,0,0,0,10,15,90.0691,106.0081,768
2021,Alek Manoah,26410,23,SP,TOR,111.66666666666667,20,20,127,40,77,40,0,0,0,0,9,11,99.0223,96.2902,459
2021,Jameson Taillon,11674,29,SP,NYY,144.33333333333334,29,29,140,44,130,69,0,0,0,0,8,8,98.4672,109.2334,603
2021,Dane Dunning,19409,26,SP,TEX,117.66666666666667,27,25,114,43,126,59,0,0,0,0,5,3,91.1806,96.3732,511
2021,Blake Treinen,12572,33,RP,LAD,72.33333333333333,72,0,85,25,46,16,7,32,39,1,6,0,125.308,105.2985,286
2021,Cal Quantrill,19312,26,SP,CLE,149.66666666666666,40,22,121,47,129,48,0,1,1,0,8,12,89.9908,102.6561,616
2021,Kenley Jansen,3096,33,RP,LAD,69,69,0,86,36,36,17,38,0,38,1,4,0,127.9781,95.7099,278
2021,Framber Valdez,17295,27,SP,HOU,134.66666666666666,22,22,125,58,110,47,0,0,0,0,11,13,101.8988,97.496,572
2021,Chris Paddack,20099,25,SP,SDP,108.33333333333333,23,22,99,22,115,61,0,0,0,0,7,7,99.9476,107.0649,459
2021,Michael Kopech,17282,25,RP,CHW,69.33333333333333,44,4,103,24,54,27,0,13,13,1,4,0,118.2891,104.8106,285
2021,Eric Lauer,19316,26,SP,MIL,118.66666666666667,24,20,117,41,94,42,0,0,0,0,7,8,95.7464,101.7518,489
2021,Nestor Cortes,17874,26,SP,NYY,93,22,14,103,25,75,30,0,0,0,0,2,4,106.0879,103.51,374
2021,Garrett Whitlock,20191,25,RP,BOS,73.33333333333333,46,0,81,17,64,16,2,14,16,1,8,0,115.5731,106.9112,298
2021,Kenta Maeda,18498,33,SP,MIN,106.33333333333333,21,21,113,32,106,55,0,0,0,0,6,5,94.7992,103.3291,453
2021,Chad Green,15552,30,RP,NYY,83.66666666666667,67,0,99,17,57,29,6,18,24,1,10,0,112.1832,105.8817,315
2021,Taylor Rogers,13449,30,RP,MIN,40.333333333333336,40,0,59,8,38,15,9,8,17,1,2,0,122.5401,106.326,166
2021,Dylan Floro,13394,30,RP,MIA,64,68,0,62,25,53,20,15,11,26,1,6,0,108.654,104.222,270
2021,Kyle Freeland,16256,28,SP,COL,120.66666666666667,23,23,105,38,133,58,0,0,0,0,7,11,93.4942,101.372,515
2021,Patrick Sandoval,19447,24,SP,LAA,87,17,14,94,36,69,35,1,0,1,0,3,4,101.6816,93.3553,363
2021,Spencer Turnbull,16207,28,SP,DET,50,9,9,44,12,37,16,0,0,0,0,4,4,102.5391,107.3075,201
2021,Adrian Houser,12718,28,SP,MIL,142.33333333333334,28,26,105,64,118,51,0,0,0,0,10,7,95.2505,100.4597,599
2021,Taijuan Walker,11836,28,SP,NYM,159,30,29,146,55,133,79,0,0,0,0,7,10,97.9078,99.4417,654
2021,Andrew Kittredge,12828,31,RP,TBR,71.66666666666667,57,4,77,15,55,15,8,7,15,1,9,0,109.0484,112.0196,282
2021,Cole Sulser,15256,31,RP,BAL,63.333333333333336,60,0,73,23,48,19,8,6,14,1,5,0,97.1593,104.2044,257
2021,Drew Rasmussen,25385,25,RP,2 Tms,76,35,10,73,25,57,24,1,1,2,0,4,0,105.609,106.156,307
2021,Paul Sewald,13892,31,RP,SEA,64.66666666666667,62,0,104,24,42,22,11,16,27,1,10,0,121.3661,101.0526,264
2021,Andrew Chafin,12988,31,RP,2 Tms,68.66666666666667,71,0,64,19,45,14,5,22,27,1,2,0,95.5683,100.2135,266
2021,Devin Williams,15816,26,RP,MIL,54,58,0,87,28,36,15,3,23,26,1,8,0,120.8135,95.8303,226
2021,Garrett Crochet,27463,22,RP,CHW,54.333333333333336,54,0,65,27,42,17,0,12,12,1,3,0,107.1981,102.563,230
2021,Matthew Boyd,15440,30,SP,DET,78.66666666666667,15,15,67,23,77,34,0,0,0,0,3,6,98.4338,105.8522,337
2021,Zac Gallen,19291,25,SP,ARI,121.33333333333333,23,23,139,49,108,58,0,0,0,0,4,8,102.1961,98.6865,523
2021,Joe Ross,12972,28,SP,WSN,108,20,19,109,34,98,50,0,0,0,0,5,8,93.7219,106.0764,460
2021,Austin Gomber,16561,27,SP,COL,115.33333333333333,23,23,113,41,102,58,0,0,0,0,9,11,98.3873,103.5198,488
2021,Lucas Sims,13470,27,RP,CIN,47,47,0,76,18,34,23,7,9,16,1,5,0,113.4358,101.1826,195
2021,Ryan Yarbrough,16502,29,SP,TBR,155,30,21,117,27,163,88,0,0,0,0,9,7,106.7413,109.7941,653
2021,A.J. Minter,18655,27,RP,ATL,52.333333333333336,61,0,57,20,44,22,0,23,23,1,3,0,119.239,92.4437,221
2021,Domingo Germán,17149,28,SP,NYY,98.33333333333333,22,18,98,27,89,50,0,1,1,0,4,6,95.5402,103.5468,410
2021,José Suarez,19911,23,SP,LAA,98.33333333333333,23,14,85,36,85,41,0,0,0,0,8,1,92.3471,106.7239,413
2021,Tyler Rogers,15541,30,RP,SFG,81,80,0,55,13,74,20,13,30,43,1,7,0,131.587,98.1677,326
2021,Casey Mize,20492,24,SP,DET,150.33333333333334,30,30,118,41,130,62,0,0,0,0,7,12,97.7175,99.7677,612
2021,Aaron Bummer,16258,27,RP,CHW,56.333333333333336,62,0,75,29,42,22,2,21,23,1,5,0,124.8647,93.1949,242
2021,Génesis Cabrera,17490,24,RP,STL,70,71,0,77,36,52,29,0,28,28,1,4,0,107.664,96.1893,296
2021,Brad Keller,15734,25,SP,KCR,133.66666666666666,26,26,120,64,158,80,0,0,0,0,8,9,91.0719,101.0776,613
2021,Erick Fedde,17425,28,SP,WSN,133.33333333333334,29,27,128,48,144,81,0,0,0,0,7,6,94.5633,107.099,590
2021,Jordan Romano,16122,28,RP,TOR,63,62,0,85,25,41,15,23,5,28,1,7,0,120.5966,93.2077,253
2021,David Bednar,19569,26,RP,PIT,60.666666666666664,61,0,77,19,40,15,3,13,16,1,3,0,104.8452,107.5547,237
2021,Adam Cimber,15288,30,RP,2 Tms,71.66666666666667,72,0,51,16,61,18,1,5,6,0,3,0,117.4357,99.6672,286
2021,Trevor Williams,16977,29,SP,2 Tms,91,23,15,90,31,105,44,0,0,0,0,4,3,92.2219,104.2805,405
2021,Kyle Hendricks,12049,31,SP,CHC,181,32,32,131,44,200,96,0,0,0,0,14,19,91.7145,103.1033,785
2021,Mitch Keller,17594,25,SP,PIT,100.66666666666667,23,23,92,49,131,69,0,0,0,0,5,1,87.5626,96.81,470
2021,Michael Wacha,14078,29,SP,TBR,124.66666666666667,29,23,121,31,132,70,0,1,1,0,3,3,95.6925,106.5284,528
2021,Yusei Kikuchi,20633,30,SP,SEA,157,29,29,163,62,145,77,0,0,0,0,7,14,106.9244,96.9934,666
2021,Triston McKenzie,18000,23,SP,CLE,120,25,24,136,58,84,66,0,0,0,0,5,9,93.5745,98.439,495
2021,Clay Holmes,13649,28,RP,2 Tms,70,69,0,78,29,53,28,0,11,11,1,8,0,116.0065,95.9608,292
2021,Daniel Hudson,7146,34,RP,2 Tms,51.666666666666664,54,0,75,16,40,19,0,16,16,1,5,0,113.9695,100.0355,210
2021,Andrew Heaney,15423,30,SP,2 Tms,129.66666666666666,30,23,150,41,130,84,0,0,0,0,8,8,108.3304,103.5995,558
2021,Anthony Bender,19742,26,RP,MIA,61.333333333333336,60,1,71,20,45,19,3,12,15,1,3,0,114.9043,94.6477,247
2021,Josh Staumont,18335,27,RP,KCR,65.66666666666667,64,0,72,27,43,21,5,16,21,1,4,0,104.0945,95.5901,264
2021,Carlos Hernández,22713,24,RP,KCR,85.66666666666667,24,11,74,41,69,35,0,0,0,0,6,5,101.0204,98.0262,358
2021,Tyler Alexander,17735,26,RP,DET,106.33333333333333,41,15,87,28,106,45,0,3,3,0,2,3,97.3818,107.0934,451
2021,Pete Fairbanks,17998,27,RP,TBR,42.666666666666664,47,0,56,21,40,17,5,14,19,1,3,0,120.0252,98.0382,189
2021,Jesse Chavez,5448,37,RP,ATL,33.666666666666664,30,4,36,11,23,8,0,2,2,0,3,0,97.2322,105.8804,133
2021,Tyler Wells,20000,26,RP,BAL,57,44,0,65,12,40,26,4,1,5,0,2,0,112.6233,107.6295,224
2021,Jack Flaherty,17479,25,SP,STL,78.33333333333333,17,15,85,26,57,28,0,0,0,0,9,9,98.1981,103.6426,322
2021,Tim Mayza,15042,29,RP,TOR,53,61,0,57,12,40,20,1,18,19,1,5,0,107.5277,104.3932,210
2021,Bailey Ober,21224,25,SP,MIN,92.33333333333333,20,20,96,19,92,43,0,0,0,0,3,2,98.1636,112.812,379
2021,Pierce Johnson,13435,30,RP,SDP,58.666666666666664,63,2,77,27,47,21,0,9,9,0,3,0,106.7884,104.3698,244
2021,Chris Sale,10603,32,SP,BOS,42.666666666666664,9,9,52,12,45,15,0,0,0,0,5,1,100.1824,112.3414,183
2021,Caleb Thielbar,10078,34,RP,MIN,64,59,0,77,20,55,23,0,12,12,1,7,0,115.6993,103.8259,266
2021,Matt Manning,20369,23,SP,DET,85.33333333333333,18,18,57,33,96,55,0,0,0,0,4,4,88.2851,104.8991,385
2021,Jorge López,14527,28,SP,BAL,121.66666666666667,33,25,112,56,142,82,0,2,2,0,3,5,99.7289,97.4463,555
2021,Brooks Raley,10061,33,RP,HOU,49,58,0,65,16,43,26,2,9,11,1,2,0,112.792,98.1042,205
2021,Joey Lucchesi,19320,28,SP,NYM,38.333333333333336,11,8,41,11,34,19,0,0,0,0,1,0,108.6397,92.0347,157
2021,Chris Stratton,13761,30,RP,PIT,79.33333333333333,68,0,86,33,70,32,8,7,15,1,7,0,91.7334,101.2445,337
2021,Connor Brogdon,21205,26,RP,PHI,57.666666666666664,56,1,50,18,47,22,1,10,11,1,5,0,108.9617,97.4004,235
2021,Aaron Civale,19479,26,SP,CLE,124.33333333333333,21,21,99,31,108,53,0,0,0,0,12,9,93.6677,109.5465,498
2021,Reynaldo López,16400,27,RP,CHW,57.666666666666664,20,9,55,13,42,22,0,0,0,0,4,1,101.1689,104.3753,222
2021,Joe Kelly,9761,33,RP,LAD,44,48,0,50,15,28,14,2,10,12,1,2,0,113.9269,97.0995,182
2021,Luis García,6984,34,RP,STL,33.333333333333336,34,0,34,8,25,12,2,11,13,1,1,0,119.2021,97.6112,135
2021,Tylor Megill,21318,25,SP,NYM,89.66666666666667,18,18,99,27,88,45,0,0,0,0,4,4,95.1773,107.0335,379
2021,Michael King,19853,26,RP,NYY,63.333333333333336,22,6,62,24,57,25,0,2,2,0,2,0,110.3959,98.9972,275
2021,Martín Pérez,6902,30,SP,BOS,114,36,22,97,36,136,60,0,1,1,0,7,4,96.2511,104.5005,509
2021,Joe Mantiply,14857,30,RP,ARI,39.666666666666664,57,0,38,17,45,15,0,11,11,1,0,0,107.0674,96.1217,177
2021,Ryan Thompson,16647,29,RP,TBR,34,36,0,37,9,26,9,0,11,11,1,3,0,133.2621,102.9822,134
2021,Kyle Muller,20167,23,SP,ATL,36.666666666666664,9,8,37,20,26,17,0,0,0,0,2,0,95.3126,90.2098,155
2021,Phil Maton,18064,28,RP,2 Tms,66.66666666666667,65,1,85,32,65,35,0,5,5,0,6,0,105.8314,96.7522,297
2021,Tarik Skubal,22267,24,SP,DET,149.33333333333334,31,29,164,47,141,72,0,0,0,0,8,8,104.669,105.1974,634
2021,John King,22051,26,RP,TEX,46,27,0,40,12,41,18,0,4,4,0,7,0,104.7772,102.0436,193
2021,Luke Jackson,11752,29,RP,ATL,63.666666666666664,71,0,70,29,45,14,0,31,31,1,2,0,108.1767,100.8329,261
2021,Cristian Javier,17606,24,RP,HOU,101.33333333333333,36,9,130,53,67,40,2,5,7,0,4,3,100.8322,93.7627,424
2021,Nick Sandlin,20517,24,RP,CLE,33.666666666666664,34,0,48,17,21,11,0,5,5,0,1,0,112.8893,106.5983,141
2021,Keegan Akin,19362,26,SP,BAL,95,24,17,82,40,110,70,0,0,0,0,2,2,104.8218,97.4451,427
2021,Lou Trivino,15043,29,RP,OAK,73.66666666666667,71,0,67,34,58,26,22,8,30,1,7,0,103.0534,97.644,310
2021,Dietrich Enns,13932,30,RP,TBR,22.333333333333332,9,0,25,6,17,7,2,0,2,0,2,0,110.4283,98.7668,88
2021,Luke Weaver,16918,27,SP,ARI,65.66666666666667,13,13,62,20,58,31,0,0,0,0,3,4,91.9094,107.7636,275
2021,Carlos Estévez,14542,28,RP,COL,61.666666666666664,64,0,60,21,71,30,11,15,26,1,3,0,96.3623,99.0304,270
2021,Adam Ottavino,1247,35,RP,BOS,62,69,0,71,35,55,29,11,22,33,1,7,0,110.1211,92.1209,276
2021,Daniel Lynch IV,21537,24,SP,KCR,68,15,15,55,31,80,43,0,0,0,0,4,3,91.6151,101.023,311
2021,Aroldis Chapman,10233,33,RP,NYY,56.333333333333336,61,0,97,38,36,21,30,1,31,1,6,0,114.1088,99.9332,243
2021,Joe Ryan,21390,25,SP,MIN,26.666666666666668,5,5,30,5,16,12,0,0,0,0,2,1,102.1227,99.8662,100
2021,Josh Fleming,20418,25,RP,TBR,104.33333333333333,26,11,65,31,110,59,1,3,4,0,10,1,103.8665,108.7231,448
2021,Mitch White,19225,26,RP,LAD,46.666666666666664,21,4,49,17,38,19,0,0,0,0,1,0,96.3877,103.2913,197
2021,Héctor Neris,11804,32,RP,PHI,74.33333333333333,74,0,98,32,55,30,12,11,23,1,4,0,102.7357,104.2164,310
2021,Marco Gonzales,15467,29,SP,SEA,143.33333333333334,25,25,108,42,125,63,0,0,0,0,10,13,92.8338,102.5548,585
2021,José Ruiz,14552,26,RP,CHW,65,59,0,63,25,51,22,0,4,4,0,1,0,104.7722,101.6416,271
2021,Tony Gonsolin,19388,27,SP,LAD,55.666666666666664,15,13,65,34,41,20,0,0,0,0,4,0,95.1972,86.2418,239
2021,Miles Mikolas,9803,32,SP,STL,44.666666666666664,9,9,31,11,43,21,0,0,0,0,2,1,91.7546,107.902,186
2021,Jakob Junis,13619,28,RP,KCR,39.333333333333336,16,6,41,12,43,23,0,0,0,0,2,1,95.0583,97.5635,168
2021,Brent Suter,13942,31,RP,MIL,73.33333333333333,61,1,69,24,72,25,1,8,9,0,12,0,103.7774,106.8492,313
2021,Dustin May,19716,23,SP,LAD,23,5,5,35,6,16,7,0,0,0,0,1,2,132.9262,103.3633,93
2021,Taylor Clarke,17611,28,RP,ARI,43.333333333333336,43,0,39,14,52,24,0,7,7,1,1,0,96.9106,107.8968,194
2021,Tyler Gilbert,17964,27,SP,ARI,40,9,6,25,13,28,14,0,1,1,0,2,2,97.1343,96.8771,157
2021,Max Kranick,22175,23,SP,PIT,38.666666666666664,9,9,32,19,47,27,0,0,0,0,2,0,92.831,96.7347,182
2021,Drew Pomeranz,11426,32,RP,SDP,25.666666666666668,27,0,30,10,19,5,0,13,13,1,1,0,111.4451,104.1689,102
2021,Chris Martin,11847,35,RP,ATL,43.333333333333336,46,0,33,6,49,19,1,13,14,1,2,0,104.6637,104.5454,181
2021,Erik Swanson,16587,27,RP,SEA,35.333333333333336,33,2,35,10,28,13,1,5,6,0,0,0,106.4621,103.431,144
2021,Sam Hentges,18548,24,RP,CLE,68.66666666666667,30,12,68,32,90,51,0,0,0,0,1,0,95.2846,93.687,318
2021,Ryne Stanek,15947,29,RP,HOU,68.33333333333333,72,0,83,37,46,26,2,21,23,1,3,0,100.6076,103.1898,290
2021,Luis Gil,21052,23,SP,NYY,29.333333333333332,6,6,38,19,20,10,0,0,0,0,1,1,108.9285,93.9197,129
2021,Will Smith,8048,31,RP,ATL,68,71,0,87,28,49,26,37,0,37,1,3,0,105.4805,95.2071,283
2021,Dillon Tate,17796,27,RP,BAL,67.66666666666667,62,0,49,23,61,33,3,7,10,1,0,0,110.2097,93.8527,287
2021,Yimi García,12095,30,RP,2 Tms,57.666666666666664,62,0,60,18,49,27,15,4,19,1,4,0,106.5367,110.9423,237
2021,Gregory Soto,19677,26,RP,DET,63.666666666666664,62,0,76,40,46,24,18,7,25,1,6,0,112.3842,93.1426,276
2021,Seth Lugo,12447,31,RP,NYM,46.333333333333336,46,0,55,19,41,18,1,13,14,1,4,0,101.5875,101.441,195
2021,Jake Woodford,18674,24,RP,STL,67.66666666666667,26,8,50,25,66,30,0,0,0,0,3,0,88.8175,100.1987,293
2021,Rafael Montero,12760,30,RP,2 Tms,49.333333333333336,44,0,42,17,59,35,7,4,11,1,5,0,105.4842,105.3126,225
2021,Joel Payamps,14332,27,RP,2 Tms,50.333333333333336,37,1,38,14,44,19,0,0,0,0,1,0,98.0849,108.9035,205
2021,David Peterson,20302,25,SP,NYM,66.66666666666667,15,15,69,29,64,41,0,0,0,0,2,6,87.7669,99.0433,287
2021,Eli Morgan,20203,25,SP,CLE,89.33333333333333,18,18,81,22,90,53,0,0,0,0,5,5,88.245,107.2632,379
2021,Aaron Ashby,23550,23,RP,MIL,31.666666666666668,13,4,39,12,25,16,1,0,1,0,3,0,118.1017,105.842,133
2021,Tanner Scott,17586,26,RP,BAL,54,62,0,70,37,48,31,0,16,16,1,5,0,113.2029,83.7391,251
2021,Spencer Howard,23252,24,SP,2 Tms,49.666666666666664,19,15,52,27,53,41,0,0,0,0,0,0,95.2364,90.403,229
2021,Kris Bubic,21455,23,SP,KCR,130,29,20,114,59,121,64,0,0,0,0,6,9,87.5148,100.9004,556
2021,Hunter Strickland,7836,32,RP,3 Tms,58.666666666666664,57,0,58,22,46,17,0,2,2,0,3,0,100.4618,98.7994,242
2021,Jose Quintana,11423,32,RP,2 Tms,63,29,10,85,35,74,45,0,2,2,0,0,0,94.909,94.341,297
2021,JT Brubaker,17578,27,SP,PIT,124.33333333333333,24,24,129,38,123,74,0,0,0,0,5,7,93.6019,99.1331,538
2021,José Ureña,11589,29,SP,DET,100.66666666666667,26,18,67,42,119,65,0,1,1,0,4,4,91.5537,93.4558,456
2021,JT Chargois,13767,30,RP,2 Tms,53.666666666666664,56,0,53,20,38,15,0,15,15,1,6,0,97.2298,96.3006,216
2021,Drew Smyly,11760,32,SP,ATL,126.66666666666667,29,23,117,41,133,63,0,0,0,0,11,6,103.7864,99.0029,546
2021,Bailey Falter,20070,24,RP,PHI,33.666666666666664,22,1,34,6,34,21,0,2,2,0,2,0,106.4238,96.7078,139
2021,Ryan Helsley,18138,26,RP,STL,47.333333333333336,51,0,47,27,40,24,1,10,11,1,6,0,105.5224,90.4087,206
2021,Sean Newcomb,16943,28,RP,ATL,32.333333333333336,32,0,43,27,28,17,1,2,3,0,2,0,102.4371,91.8557,150
2021,Zach Pop,20185,24,RP,MIA,54.666666666666664,50,0,51,24,54,25,0,1,1,0,1,0,105.0071,96.4077,246
2021,T.J. McFarland,3237,32,RP,STL,38.666666666666664,38,0,21,9,32,11,0,15,15,1,4,0,87.671,102.4245,144
2021,Zack Littell,15823,25,RP,SFG,61.666666666666664,63,2,63,24,46,20,2,5,7,0,4,0,97.4915,102.4926,252
2021,Camilo Doval,21992,23,RP,SFG,27,29,0,37,9,19,9,3,5,8,0,5,0,121.6513,96.84,109
2021,Braxton Garrett,21844,23,SP,MIA,34,8,7,32,20,42,19,0,0,0,0,1,1,93.3501,92.4542,159
2021,Danny Coulombe,13293,31,RP,MIN,34.333333333333336,29,1,33,7,35,14,0,2,2,0,3,0,98.8636,94.1972,139
2021,John Curtiss,16128,28,RP,2 Tms,44.333333333333336,41,2,44,12,42,17,0,4,4,0,3,0,105.1277,103.224,187
2021,Ryan Burr,17536,27,RP,CHW,36.666666666666664,34,1,33,21,28,10,0,3,3,0,2,0,99.0977,102.8855,151
2021,Trevor Richards,19309,28,RP,3 Tms,64.33333333333333,53,0,78,22,40,25,1,6,7,0,7,0,97.4371,95.0611,251
2021,Jorge Alcala,19459,25,RP,MIN,59.666666666666664,59,0,61,13,45,26,1,11,12,1,3,0,107.789,107.056,229
2021,Austin Adams,13801,30,RP,SDP,52.666666666666664,65,0,76,35,28,24,0,10,10,1,3,0,92.8047,87.7375,241
2021,Jeffrey Springs,17677,28,RP,TBR,44.666666666666664,43,0,63,14,35,17,2,10,12,1,5,0,106.3257,104.4264,179
2021,Alex Vesia,25007,25,RP,LAD,40,41,0,54,22,17,10,1,9,10,1,3,0,114.7677,95.8087,161
2021,Michael Lorenzen,14843,29,RP,CIN,29,27,0,21,14,26,18,4,11,15,1,1,0,100.5185,100.5923,125
2021,Sam Long,25379,25,RP,SFG,40.666666666666664,12,5,38,15,37,25,0,0,0,0,2,1,106.3798,95.5943,176
2021,Ross Stripling,13273,31,SP,TOR,101.33333333333333,24,19,94,30,99,54,0,0,0,0,5,3,90.5967,101.746,431
2021,Brandon Bielak,19866,25,RP,HOU,50,28,2,46,21,48,25,1,2,3,0,3,0,90.2627,100.098,218
2021,Tony Santillan,19926,24,RP,CIN,43.333333333333336,26,4,56,21,34,14,0,0,0,0,1,1,89.6769,97.9287,190
2021,Tayler Saucedo,17888,28,RP,TOR,25.666666666666668,29,0,19,10,22,13,0,1,1,0,0,0,98.2605,88.6826,109
2021,Tyler Kinley,18297,30,RP,COL,70.33333333333333,70,0,68,26,59,37,0,10,10,1,3,0,96.4234,100.4151,295
2021,Jeff Hoffman,17432,28,RP,CIN,73,31,11,79,45,70,37,0,2,2,0,3,1,98.426,86.0158,335
2021,Richard Lovelady,19337,25,RP,KCR,20.666666666666668,20,0,23,6,16,8,1,4,5,0,2,0,99.9987,108.8946,84
2021,Nabil Crismatt,17732,26,RP,SDP,81.33333333333333,45,0,71,24,87,34,0,1,1,0,3,0,90.637,102.7484,351
2021,Jake Cousins,21620,26,RP,MIL,30,30,0,44,19,16,9,0,7,7,0,1,0,106.7168,96.515,125
2021,Wandy Peralta,14295,29,RP,2 Tms,51,56,1,43,21,49,19,5,5,10,1,5,0,102.2524,100.6614,219
2021,Patrick Corbin,9323,31,SP,WSN,171.66666666666666,31,31,143,60,192,111,0,0,0,0,9,13,93.8859,102.8554,751
2021,Steven Okert,13580,29,RP,MIA,36,34,0,40,15,22,11,0,1,1,0,3,0,110.9884,93.5101,142
2021,Griffin Canning,19867,25,SP,LAA,62.666666666666664,14,13,62,28,65,39,0,0,0,0,5,3,97.0673,97.0354,277
2021,Sean Reid-Foley,17034,25,RP,NYM,20.666666666666668,12,0,26,9,22,12,0,0,0,0,2,0,88.6423,104.8526,92
2021,Kyle Finnegan,15009,29,RP,WSN,66,68,0,68,34,64,26,11,13,24,1,5,0,100.0083,104.8254,294
2021,Victor González,16408,25,RP,LAD,35.333333333333336,44,1,33,19,32,14,1,16,17,1,3,0,105.7724,91.3738,155
2021,Will Vest,19769,26,RP,SEA,35,32,0,27,18,38,24,0,6,6,0,1,0,83.6564,100.1796,156
2021,Carlos Carrasco,6632,34,SP,NYM,53.666666666666664,12,12,50,18,59,36,0,0,0,0,1,2,91.308,103.7629,237
2021,Edwin Uceta,20539,23,RP,LAD,20.333333333333332,14,1,25,12,19,15,0,0,0,0,0,0,93.7599,95.35,92
2021,Dennis Santana,17878,25,RP,2 Tms,54.666666666666664,55,0,46,32,48,26,0,6,6,0,2,0,97.7638,92.2338,237
2021,Jacob Webb,19274,27,RP,ATL,34.333333333333336,34,0,33,14,38,16,1,0,1,0,5,0,96.2805,103.2527,153
2021,Burch Smith,12784,31,RP,OAK,43.333333333333336,31,0,28,11,49,26,0,4,4,0,1,0,95.4699,97.398,188
2021,Sean Guenther,20045,25,RP,MIA,20.333333333333332,14,0,15,10,31,21,0,0,0,0,0,0,89.8127,97.713,103
2021,Bryan Abreu,16609,24,RP,HOU,36,31,0,36,18,35,23,1,7,8,0,3,0,97.662,90.6752,161
2021,Jay Jackson,7432,33,RP,SFG,21.666666666666668,23,1,28,12,15,9,0,3,3,0,2,0,102.029,92.3015,90
2021,Bryse Wilson,19990,23,SP,2 Tms,74,16,16,46,22,85,44,0,0,0,0,3,4,89.1634,105.0116,322
2021,Erasmo Ramírez,10314,31,RP,DET,26.666666666666668,17,0,20,5,24,17,0,0,0,0,1,0,103.8189,107.5582,109
2021,Carson Fulmer,18311,27,RP,CIN,25.666666666666668,20,0,24,13,26,19,0,1,1,0,0,0,87.7228,90.7377,116
2021,Cody Poteet,18769,26,SP,MIA,30.666666666666668,7,7,32,16,25,17,0,0,0,0,2,1,91.6042,98.7335,132
2021,Johan Oviedo,22487,23,SP,STL,62.333333333333336,14,13,51,37,61,34,0,0,0,0,0,2,92.1064,93.0901,288
2021,Paul Blackburn,14739,27,SP,OAK,38.333333333333336,9,9,26,10,52,25,0,0,0,0,1,0,87.4872,110.1953,175
2021,Jake Diekman,5003,34,RP,OAK,60.666666666666664,67,0,83,34,47,26,7,14,21,1,3,0,109.085,96.1441,262
2021,Austin Voth,15047,29,RP,WSN,57.333333333333336,49,1,59,28,57,34,0,7,7,0,4,0,97.9053,103.8492,248
2021,Yohan Ramírez,19444,26,RP,SEA,27.666666666666668,25,0,35,12,18,12,2,0,2,0,1,0,113.2194,89.4451,114
2021,Enyel De Los Santos,18403,25,RP,2 Tms,35.333333333333336,33,0,48,18,43,25,0,2,2,0,2,0,93.0931,100.2925,173
2021,Ryan Weathers,23796,21,SP,SDP,94.66666666666667,30,18,72,30,101,56,1,0,1,0,4,0,93.4085,98.9113,401
2021,Chad Kuhl,14975,28,SP,PIT,80.33333333333333,28,14,75,42,73,43,0,4,4,0,5,4,94.1206,81.2835,349
2021,Anthony Banda,14706,27,RP,2 Tms,33.666666666666664,30,0,32,13,39,16,0,4,4,0,2,0,95.2445,106.4219,153
2021,Justin Steele,17312,25,RP,CHC,57,20,9,59,27,50,27,0,1,1,0,4,1,100.4908,90.9773,248
2021,Reid Detmers,27468,21,SP,LAA,20.666666666666668,5,5,19,11,26,17,0,0,0,0,1,1,99.6369,91.5095,101
2021,Jesús Luzardo,19959,23,SP,2 Tms,95.33333333333333,25,18,98,48,106,70,0,1,1,0,6,2,101.9918,88.9106,437
2021,Kolby Allard,18694,23,SP,TEX,124.66666666666667,32,17,104,31,128,75,0,1,1,0,3,6,94.5125,102.9809,534
2021,Matt Moore,1890,32,SP,PHI,73,24,13,63,38,78,51,0,1,1,0,2,1,98.8024,89.7021,334
2021,Tommy Nance,19178,30,RP,CHC,28.666666666666668,27,0,30,13,25,23,0,5,5,0,1,0,103.7177,92.5839,127
2021,Joe Jiménez,15761,26,RP,DET,45.333333333333336,52,0,57,35,34,30,1,5,6,0,6,0,104.3657,87.1035,210
2021,Touki Toussaint,16929,25,SP,ATL,50,11,10,48,22,43,25,0,0,0,0,3,3,96.2755,89.4173,216
2021,Tim Hill,16814,31,RP,SDP,59.666666666666664,78,0,56,23,51,24,1,17,18,1,6,0,115.6011,103.2079,255
2021,Justin Wilson,4301,33,RP,2 Tms,34,42,0,29,16,32,20,0,4,4,0,1,0,104.4679,94.9799,149
2021,Hoby Milner,13346,30,RP,MIL,21.666666666666668,19,0,30,3,30,13,0,1,1,0,0,0,112.0772,107.7243,99
2021,Keegan Thompson,19795,26,RP,CHC,53.333333333333336,32,6,55,31,48,20,1,1,2,0,3,0,95.6503,93.0395,243
2021,José Alvarado,17780,26,RP,PHI,55.666666666666664,64,0,68,47,42,26,5,16,21,1,7,0,112.7474,92.2593,251
2021,Trevor Megill,17722,27,RP,CHC,23.666666666666668,28,0,30,8,36,22,0,1,1,0,1,0,97.1251,102.4495,115
2021,Ryan Borucki,16350,27,RP,TOR,23.666666666666668,24,0,21,11,18,13,0,1,1,0,3,0,108.6265,90.5318,98
2021,Cionel Pérez,19614,25,RP,CIN,24,25,0,25,20,21,17,0,0,0,0,1,0,93.6012,85.3229,111
2021,Chase Anderson,6895,33,SP,PHI,48,14,9,35,20,51,36,0,0,0,0,2,0,89.2081,100.0175,215
2021,Jacob Barnes,12323,31,RP,2 Tms,28.666666666666668,29,0,33,11,31,20,2,1,3,0,1,0,103.7253,95.1992,128
2021,Nick Mears,25376,24,RP,PIT,23.333333333333332,30,0,23,13,25,13,0,3,3,0,1,0,94.2515,99.0804,107
2021,Shawn Armstrong,12857,30,RP,2 Tms,36,31,0,44,15,39,27,0,2,2,0,1,0,101.283,95.1643,165
2021,Dean Kremer,19350,25,SP,BAL,53.666666666666664,13,13,47,25,63,45,0,0,0,0,0,2,90.8062,98.1881,245
2021,Tanner Rainey,17610,28,RP,WSN,31.666666666666668,38,0,42,25,29,26,3,10,13,1,1,0,112.2658,87.6575,151
2021,Trent Thornton,17948,27,RP,TOR,49,37,3,52,16,54,26,0,0,0,0,1,0,95.9022,101.5281,216
2021,Edward Cabrera,21690,23,SP,MIA,26.333333333333332,7,7,28,19,24,17,0,0,0,0,0,1,97.954,82.1174,120
2021,Emilio Pagán,14771,30,RP,SDP,63.333333333333336,67,0,69,18,56,34,0,17,17,1,4,0,109.5897,101.6531,263
2021,Kevin Ginkel,19876,27,RP,ARI,28.333333333333332,32,0,31,14,30,20,0,6,6,0,0,0,94.8217,95.7165,129
2021,Logan Allen,18555,24,SP,CLE,50.333333333333336,14,11,37,17,58,35,0,0,0,0,2,2,94.9483,99.7103,222
2021,Buck Farmer,14814,30,RP,DET,35.333333333333336,36,0,37,21,40,25,0,2,2,0,0,0,94.2832,94.3983,171
2021,Griffin Jax,20253,26,SP,MIN,82,18,14,65,29,82,58,0,0,0,0,4,2,89.3608,100.0544,360
2022,Aaron Nola,16149,29,SP,PHI,205,32,32,235,29,168,74,0,0,0,0,11,18,114.9104,103.494,807
2022,Carlos Rodón,16137,29,SP,SFG,178,31,31,237,52,131,57,0,0,0,0,14,16,112.0266,102.1507,710
2022,Justin Verlander,8700,39,SP,HOU,175,28,28,185,29,116,34,0,0,0,0,18,21,114.6887,98.989,666
2022,Sandy Alcantara,18684,26,SP,MIA,228.66666666666666,32,32,207,50,174,58,0,0,0,0,14,24,110.4784,103.4601,886
2022,Shohei Ohtani,19755,27,SP,LAA,166,28,28,219,44,124,43,0,0,0,0,15,16,121.752,95.0134,660
2022,Kevin Gausman,14107,31,SP,TOR,174.66666666666666,31,31,205,28,188,65,0,0,0,0,12,17,105.2008,108.5029,725
2022,Max Fried,13743,28,SP,ATL,185.33333333333334,30,30,170,32,156,51,0,0,0,0,14,21,102.1361,105.1281,733
2022,Spencer Strider,27498,23,SP,ATL,131.66666666666666,31,20,202,45,86,39,0,2,2,0,11,10,120.3425,93.4681,528
2022,Shane Bieber,19427,27,SP,CLE,200,31,31,198,36,172,64,0,0,0,0,13,23,92.3449,101.2747,791
2022,Corbin Burnes,19361,27,SP,MIL,202,33,33,243,51,144,66,0,0,0,0,12,21,118.3659,99.9722,797
2022,Max Scherzer,3137,37,SP,NYM,145.33333333333334,23,23,173,24,108,37,0,0,0,0,11,16,108.4372,103.6785,565
2022,Framber Valdez,17295,28,SP,HOU,201.33333333333334,31,31,194,67,166,63,0,0,0,0,17,26,104.7743,97.5615,827
2022,Dylan Cease,18525,26,SP,CHW,184,32,32,227,78,126,45,0,0,0,0,14,16,109.269,99.867,747
2022,Logan Webb,17995,25,SP,SFG,192.33333333333334,32,32,163,49,174,62,0,0,0,0,15,19,112.4898,100.4195,787
2022,Zac Gallen,19291,26,SP,ARI,184,31,31,192,47,121,52,0,0,0,0,12,19,105.3984,104.0467,714
2022,Yu Darvish,13074,35,SP,SDP,194.66666666666666,30,30,197,37,148,67,0,0,0,0,16,25,104.5471,103.2582,771
2022,Zack Wheeler,10310,32,SP,PHI,153,26,26,163,34,125,48,0,0,0,0,12,16,112.3171,106.8279,607
2022,Tyler Anderson,12880,32,SP,LAD,178.66666666666666,30,28,138,34,145,51,0,0,0,0,15,18,100.5519,101.9679,707
2022,Jose Quintana,11423,33,SP,2 Tms,165.66666666666666,32,32,137,47,154,54,0,0,0,0,6,9,89.347,108.4984,679
2022,Alek Manoah,26410,24,SP,TOR,196.66666666666666,31,31,180,51,144,49,0,0,0,0,16,25,98.2639,96.304,786
2022,Martín Pérez,6902,31,SP,TEX,196.33333333333334,32,32,169,69,178,63,0,0,0,0,12,23,92.0032,102.2334,821
2022,Clayton Kershaw,2036,34,SP,LAD,126.33333333333333,22,22,137,23,96,32,0,0,0,0,12,12,111.9683,101.0191,493
2022,Nestor Cortes,17874,27,SP,NYY,158.33333333333334,28,28,163,38,108,43,0,0,0,0,12,13,114.9638,100.3029,615
2022,Patrick Sandoval,19447,25,SP,LAA,148.66666666666666,27,27,151,60,139,48,0,0,0,0,6,11,99.5292,96.4986,638
2022,Luis Castillo,15689,29,SP,2 Tms,150.33333333333334,25,25,167,45,118,50,0,0,0,0,8,17,111.3817,98.1998,615
2022,Blake Snell,13543,29,SP,SDP,128,24,24,171,51,103,48,0,0,0,0,8,11,108.9824,103.0774,535
2022,Brandon Woodruff,16162,29,SP,MIL,153.33333333333334,27,27,190,42,122,52,0,0,0,0,13,15,109.1073,106.7633,620
2022,Triston McKenzie,18000,24,SP,CLE,191.33333333333334,31,30,190,44,138,63,0,0,0,0,11,18,98.2657,99.7944,741
2022,Gerrit Cole,13125,31,SP,NYY,200.66666666666666,33,33,257,50,154,78,0,0,0,0,13,21,118.5618,98.9536,793
2022,Joe Musgrove,12970,29,SP,SDP,181,30,30,184,42,154,59,0,0,0,0,10,21,106.0292,102.5064,740
2022,Cristian Javier,17606,25,SP,HOU,148.66666666666666,30,25,194,52,89,42,0,0,0,0,11,11,110.3045,103.3869,585
2022,Merrill Kelly,11156,33,SP,ARI,200.33333333333334,33,33,177,61,167,75,0,0,0,0,13,18,97.1093,101.9453,804
2022,Jeffrey Springs,17677,29,SP,TBR,135.33333333333334,33,25,144,31,114,37,0,0,0,0,9,6,106.2499,106.3373,549
2022,Logan Gilbert,22250,25,SP,SEA,185.66666666666666,32,32,174,49,170,66,0,0,0,0,13,16,102.0784,103.6852,766
2022,Ross Stripling,13273,32,SP,TOR,134.33333333333334,32,24,111,20,117,45,1,0,1,0,10,10,96.3568,106.5461,536
2022,Edwin Díaz,14710,28,RP,NYM,62,61,0,118,18,34,9,32,4,36,1,3,0,133.3462,96.1452,235
2022,Pablo López,17085,26,SP,MIA,180,32,32,174,53,157,75,0,0,0,0,10,14,97.5094,101.9167,736
2022,Drew Rasmussen,25385,26,SP,TBR,146,28,28,125,31,121,46,0,0,0,0,11,9,101.0527,104.5686,584
2022,Brady Singer,25377,25,SP,KCR,153.33333333333334,27,24,150,35,140,55,0,0,0,0,10,14,95.5763,103.8442,621
2022,George Kirby,25436,24,SP,SEA,130,25,25,133,22,135,49,0,0,0,0,8,11,96.4973,111.0038,542
2022,Tarik Skubal,22267,25,SP,DET,117.66666666666667,21,21,117,32,104,46,0,0,0,0,7,10,101.1971,101.042,477
2022,Chris Bassitt,12304,33,SP,NYM,181.66666666666666,30,30,167,49,159,69,0,0,0,0,15,19,104.4585,102.831,745
2022,Miles Mikolas,9803,33,SP,STL,202.33333333333334,33,32,153,39,170,74,0,0,0,0,12,22,91.9936,106.8717,805
2022,Jordan Montgomery,16511,29,SP,2 Tms,178.33333333333334,32,32,158,36,159,69,0,0,0,0,9,14,101.1737,101.5075,724
2022,Tony Gonsolin,19388,28,SP,LAD,130.33333333333334,24,24,119,35,79,31,0,0,0,0,16,11,93.1094,100.4091,498
2022,Taijuan Walker,11836,29,SP,NYM,157.33333333333334,29,29,132,45,143,61,0,0,0,0,12,13,97.2173,101.8262,649
2022,Justin Steele,17312,26,SP,CHC,119,24,24,126,50,111,42,0,0,0,0,4,8,100.8628,95.8334,512
2022,Carlos Carrasco,6632,35,SP,NYM,152,29,29,152,41,161,67,0,0,0,0,15,11,90.0527,108.7195,645
2022,Kyle Freeland,16256,29,SP,COL,174.66666666666666,31,31,131,53,193,88,0,0,0,0,9,13,84.3913,101.1,766
2022,Sonny Gray,12768,32,SP,MIN,119.66666666666667,24,24,117,36,99,41,0,0,0,0,8,9,97.6143,96.8019,488
2022,Jameson Taillon,11674,30,SP,NYY,177.33333333333334,32,32,151,32,168,77,0,0,0,0,14,12,98.3373,106.2379,728
2022,Emmanuel Clase,21032,24,RP,CLE,72.66666666666667,77,0,77,10,43,11,42,0,42,1,3,0,134.0386,100.8901,271
2022,Ranger Suárez,17277,26,SP,PHI,155.33333333333334,29,29,129,58,149,63,0,0,0,0,10,11,94.501,105.3217,662
2022,Jesús Luzardo,19959,24,SP,MIA,100.33333333333333,18,18,120,35,69,37,0,0,0,0,4,11,103.9264,98.7404,400
2022,Jacob deGrom,10954,34,SP,NYM,64.33333333333333,11,11,102,8,40,22,0,0,0,0,5,7,122.8851,104.5733,239
2022,Devin Williams,15816,27,RP,MIL,60.666666666666664,65,0,96,30,31,13,15,26,41,1,6,0,117.3845,96.902,240
2022,Reid Detmers,27468,22,SP,LAA,129,25,25,122,46,110,54,0,0,0,0,7,7,100.9527,98.7818,539
2022,Evan Phillips,17734,27,RP,LAD,63,64,0,77,15,33,8,2,19,21,1,7,0,125.9482,104.9526,233
2022,Tyler Mahle,16358,27,SP,2 Tms,120.66666666666667,23,23,126,43,104,59,0,0,0,0,6,10,95.1081,105.5289,503
2022,Joe Ryan,21390,26,SP,MIN,147,27,27,151,47,115,58,0,0,0,0,13,11,104.1017,96.9836,604
2022,Mitch Keller,17594,26,SP,PIT,159,31,29,138,60,162,69,0,0,0,0,5,13,98.8727,100.8328,687
2022,Cal Quantrill,19312,27,SP,CLE,186.33333333333334,32,32,128,47,178,70,0,0,0,0,15,17,89.928,101.748,770
2022,A.J. Minter,18655,28,RP,ATL,70,75,0,94,15,49,16,5,34,39,1,5,0,121.1943,100.8877,271
2022,Frankie Montas,14309,29,SP,2 Tms,144.33333333333334,27,27,142,43,137,65,0,0,0,0,5,10,107.6996,101.7687,608
2022,Reynaldo López,16400,28,RP,CHW,65.33333333333333,61,1,63,11,51,20,0,9,9,0,6,0,106.9294,102.3366,254
2022,Ryan Helsley,18138,27,RP,STL,64.66666666666667,54,0,94,20,28,9,19,7,26,1,9,0,120.856,96.1792,239
2022,Freddy Peralta,18679,26,SP,MIL,78,18,17,86,27,54,31,0,0,0,0,4,4,102.5937,102.0549,317
2022,Marcus Stroman,13431,31,SP,CHC,138.66666666666666,25,25,119,36,123,54,0,0,0,0,6,12,101.3607,102.643,569
2022,Nick Lodolo,26378,24,SP,CIN,103.33333333333333,19,19,131,39,90,42,0,0,0,0,4,8,105.7655,100.7634,441
2022,JT Brubaker,17578,28,SP,PIT,144,28,28,147,54,157,75,0,0,0,0,3,8,94.0158,103.9123,646
2022,Andrés Muñoz,20373,23,RP,SEA,65,64,0,96,15,43,18,4,22,26,1,2,0,138.043,95.2377,248
2022,Kyle Gibson,10123,34,SP,PHI,167.66666666666666,31,31,144,48,176,94,0,0,0,0,10,15,95.242,101.7115,718
2022,Lance Lynn,2520,35,SP,CHW,121.66666666666667,21,21,124,19,119,54,0,0,0,0,8,11,103.2323,101.8509,512
2022,Jon Gray,14916,30,SP,TEX,127.33333333333333,24,24,134,39,105,56,0,0,0,0,7,8,103.8432,102.7392,521
2022,Dean Kremer,19350,26,SP,BAL,125.33333333333333,22,21,87,34,123,45,0,0,0,0,8,8,99.3421,101.1079,512
2022,Lucas Giolito,15474,27,SP,CHW,161.66666666666666,30,30,177,61,171,88,0,0,0,0,11,11,96.1333,97.7277,698
2022,John Schreiber,20020,28,RP,BOS,65,64,0,74,19,45,16,8,22,30,1,4,0,105.6068,102.5111,257
2022,Alex Wood,13781,31,SP,SFG,130.66666666666666,26,26,131,30,132,74,0,0,0,0,8,6,100.5488,109.3925,555
2022,Erik Swanson,16587,28,RP,SEA,53.666666666666664,57,1,70,10,39,10,3,14,17,1,3,0,103.1849,99.4351,206
2022,Michael King,19853,27,RP,NYY,51,34,0,66,16,35,13,1,16,17,1,6,0,116.0766,102.7999,199
2022,José Alvarado,17780,27,RP,PHI,51,59,0,81,24,38,18,2,22,24,1,4,0,116.9395,106.2188,214
2022,Hunter Greene,22182,22,SP,CIN,125.66666666666667,24,24,164,48,104,62,0,0,0,0,5,9,120.4986,97.6861,531
2022,Héctor Neris,11804,33,RP,HOU,65.33333333333333,70,0,79,17,49,27,3,25,28,1,6,0,108.0082,102.57470000000001,263
2022,Caleb Thielbar,10078,35,RP,MIN,59.333333333333336,67,0,80,18,51,23,1,18,19,1,4,0,120.0723,100.5137,245
2022,Robbie Ray,11486,30,SP,SEA,189,32,32,212,62,163,78,0,0,0,0,12,18,99.6597,97.3249,775
2022,Chris Martin,11847,36,RP,2 Tms,56,60,0,74,5,50,19,2,9,11,1,4,0,106.845,109.8815,225
2022,José Suarez,19911,24,SP,LAA,109,22,20,103,33,103,48,0,0,0,0,8,4,100.3517,105.8428,462
2022,Luis García,6984,35,RP,SDP,61,64,0,68,17,57,23,3,19,22,1,4,0,116.6777,99.5574,259
2022,Jimmy Herget,17556,28,RP,LAA,69,49,1,63,15,48,19,9,6,15,1,2,0,99.2383,100.8833,266
2022,Raisel Iglesias,17130,32,RP,2 Tms,62,67,0,78,14,46,17,17,15,32,1,2,0,106.3261,105.2903,246
2022,Braxton Garrett,21844,24,SP,MIA,88,17,17,90,24,86,35,0,0,0,0,3,5,98.8175,102.4155,373
2022,David Peterson,20302,26,SP,NYM,105.66666666666667,28,19,126,48,93,45,0,1,1,0,7,4,87.2815,99.6576,454
2022,Michael Wacha,14078,30,SP,BOS,127.33333333333333,23,23,104,31,111,47,0,0,0,0,11,9,94.668,105.2698,515
2022,Jhoan Duran,21029,24,RP,MIN,67.66666666666667,57,0,89,16,50,14,8,18,26,1,2,0,128.1886,98.0507,266
2022,Jordan Romano,16122,29,RP,TOR,64,63,0,73,21,44,15,36,2,38,1,5,0,113.5937,94.6556,258
2022,Nick Pivetta,15454,29,SP,BOS,179.66666666666666,33,33,175,73,175,91,0,0,0,0,10,12,97.3382,95.9289,773
2022,Alex Vesia,25007,26,RP,LAD,54.333333333333336,63,0,79,24,37,13,1,16,17,1,5,0,111.4334,97.9763,227
2022,Rafael Montero,12760,31,RP,HOU,68.33333333333333,71,0,73,23,47,18,14,23,37,1,5,0,105.1282,109.646,270
2022,Luis Severino,15890,28,SP,NYY,102,19,19,112,30,72,36,0,0,0,0,7,8,102.3962,98.9228,405
2022,David Bednar,19569,27,RP,PIT,51.666666666666664,45,0,69,16,42,15,19,4,23,1,3,0,103.6494,102.6142,210
2022,Bailey Ober,21224,26,SP,MIN,56,11,11,51,11,48,20,0,0,0,0,2,2,97.0468,106.3239,227
2022,Joe Jiménez,15761,27,RP,DET,56.666666666666664,62,0,77,13,49,22,2,11,13,1,3,0,115.1556,101.958,231
2022,Garrett Whitlock,20191,26,RP,BOS,78.33333333333333,31,9,82,15,65,30,6,4,10,1,4,2,107.7073,105.803,311
2022,Charlie Morton,4676,38,SP,ATL,172,31,31,205,63,149,83,0,0,0,0,9,9,103.0186,97.4103,728
2022,Félix Bautista,20666,27,RP,BAL,65.66666666666667,65,0,88,23,38,16,15,13,28,1,4,0,131.4429,91.1608,253
2022,Zach Eflin,13774,28,SP,PHI,75.66666666666667,20,13,65,15,70,34,1,2,3,0,3,4,100.3316,112.7378,313
2022,Antonio Senzatela,15488,27,SP,COL,92.33333333333333,19,19,54,23,133,52,0,0,0,0,3,8,88.5331,108.4289,413
2022,Graham Ashcraft,27552,24,SP,CIN,105,19,19,71,30,119,57,0,0,0,0,5,9,107.3004,102.3857,464
2022,Bryan Abreu,16609,25,RP,HOU,60.333333333333336,55,0,88,26,45,13,2,8,10,1,4,0,112.599,88.6111,248
2022,Ryan Pressly,7005,33,RP,HOU,48.333333333333336,50,0,65,13,30,16,33,0,33,1,3,0,110.9188,97.682,182
2022,Cole Irvin,19244,28,SP,OAK,181,30,30,128,36,174,80,0,0,0,0,9,15,88.5314,104.8051,741
2022,Bryan Baker,19804,27,RP,BAL,69.66666666666667,66,2,76,26,60,27,1,9,10,1,4,0,105.7011,100.8888,291
2022,Giovanny Gallegos,14986,30,RP,STL,59,57,0,73,18,42,20,14,12,26,1,3,0,105.2882,97.253,235
2022,Matt Moore,1890,33,RP,TEX,74,63,0,83,38,49,16,5,14,19,1,5,0,107.7136,94.0196,304
2022,Jakob Junis,13619,29,SP,SFG,112,23,17,98,25,120,55,0,0,0,0,5,4,98.2528,106.9476,478
2022,Germán Márquez,15038,27,SP,COL,181.66666666666666,31,31,150,63,185,100,0,0,0,0,9,17,93.5297,98.5008,779
2022,Jason Adam,11861,30,RP,TBR,63.333333333333336,67,0,75,17,31,11,8,21,29,1,2,0,110.2755,99.3217,237
2022,Brayan Bello,23920,23,SP,BOS,57.333333333333336,13,11,55,27,75,30,0,0,0,0,2,2,105.287,96.4299,268
2022,Aaron Civale,19479,27,SP,CLE,97,20,20,98,22,93,53,0,0,0,0,5,5,101.4071,100.0038,407
2022,Mitch White,19225,27,SP,2 Tms,99,25,18,78,35,110,60,0,0,0,0,1,1,88.6863,100.7789,440
2022,Pete Fairbanks,17998,28,RP,TBR,24,24,0,38,3,13,3,8,6,14,1,0,0,149.2108,94.5173,87
2022,Camilo Doval,21992,24,RP,SFG,67.66666666666667,68,0,80,30,54,19,27,1,28,1,6,0,120.9661,93.3372,286
2022,Drew Smyly,11760,33,SP,CHC,106.33333333333333,22,22,91,26,101,41,0,0,0,0,7,5,95.6193,113.8389,447
2022,Clay Holmes,13649,29,RP,NYY,63.666666666666664,62,0,65,20,45,18,20,7,27,1,7,0,114.2526,99.8108,260
2022,Adam Ottavino,1247,36,RP,NYM,65.66666666666667,66,0,79,16,48,15,3,18,21,1,6,0,114.7022,98.8048,258
2022,Andrew Heaney,15423,31,SP,LAD,72.66666666666667,16,14,110,19,60,25,0,0,0,0,4,2,104.3362,103.3329,310
2022,Dylan Lee,19996,27,RP,ATL,50.666666666666664,46,0,59,10,40,12,0,9,9,0,5,0,105.5803,104.6363,201
2022,Joe Mantiply,14857,31,RP,ARI,60,69,0,61,6,59,19,2,22,24,1,2,0,106.0389,94.3558,243
2022,Eric Lauer,19316,27,SP,MIL,158.66666666666666,29,29,157,59,135,65,0,0,0,0,11,13,99.0594,99.2405,661
2022,Sean Manaea,15873,30,SP,SDP,158,30,28,156,50,155,87,0,0,0,0,8,16,93.3952,101.5808,671
2022,Alexis Díaz,21132,25,RP,CIN,63.666666666666664,59,0,83,33,28,13,10,13,23,1,7,0,112.566,97.2376,255
2022,Dakota Hudson,19206,27,SP,STL,139.66666666666666,27,26,78,61,141,69,0,0,0,0,8,8,82.1002,99.258,596
2022,Kenley Jansen,3096,34,RP,ATL,64,65,0,85,22,45,24,41,0,41,1,5,0,131.4834,90.7751,260
2022,Matt Manning,20369,24,SP,DET,63,12,12,48,19,55,24,0,0,0,0,2,6,93.1368,101.5969,263
2022,Adrian Houser,12718,29,SP,MIL,102.66666666666667,22,21,69,47,103,54,0,0,0,0,6,6,90.504,108.2502,455
2022,Buck Farmer,14814,31,RP,CIN,47,44,0,54,25,36,20,2,5,7,0,2,0,93.828,99.8505,199
2022,Nathan Eovaldi,9132,32,SP,BOS,109.33333333333333,20,20,103,20,115,47,0,0,0,0,6,8,105.0442,106.3419,460
2022,Sam Hentges,18548,25,RP,CLE,62,57,0,72,19,41,16,1,8,9,0,3,0,108.6387,93.4357,245
2022,Michael Kopech,17282,26,SP,CHW,119.33333333333333,25,25,105,57,85,47,0,0,0,0,5,8,102.0105,89.0629,494
2022,Taylor Rogers,13449,31,RP,2 Tms,64.33333333333333,66,0,84,19,57,34,31,4,35,1,4,0,107.9946,100.5173,274
2022,Austin Voth,15047,30,RP,2 Tms,101.66666666666667,41,17,90,31,111,49,0,1,1,0,5,2,100.9017,106.5901,442
2022,Wandy Peralta,14295,30,RP,NYY,56.333333333333336,56,0,47,17,42,17,4,9,13,1,3,0,98.857,107.2814,223
2022,Seranthony Domínguez,19249,27,RP,PHI,51,54,0,61,22,36,17,9,15,24,1,6,0,111.1669,98.3508,207
2022,Michael Lorenzen,14843,30,SP,LAA,97.66666666666667,18,18,85,44,81,46,0,0,0,0,8,8,95.0791,98.0998,411
2022,Walker Buehler,19374,27,SP,LAD,65,12,12,58,17,67,29,0,0,0,0,6,3,101.1909,102.3393,274
2022,Hunter Harvey,15507,27,RP,WSN,39.333333333333336,38,0,45,12,33,11,0,6,6,0,2,0,105.4801,106.6347,157
2022,Cionel Pérez,19614,26,RP,BAL,57.666666666666664,66,0,55,21,46,9,1,24,25,1,7,0,104.4755,102.235,234
2022,Enyel De Los Santos,18403,26,RP,CLE,53.333333333333336,50,0,61,17,40,18,1,3,4,0,5,0,96.6513,100.6719,215
2022,Brooks Raley,10061,34,RP,TBR,53.666666666666664,60,0,61,15,37,16,6,22,28,1,1,0,113.9876,97.9697,219
2022,Brock Burke,17968,25,RP,TEX,82.33333333333333,52,0,90,24,63,18,0,9,9,0,7,0,98.2126,100.5898,328
2022,Tyler Wells,20000,27,SP,BAL,103.66666666666667,23,23,76,28,90,49,0,0,0,0,7,5,103.6005,101.3837,423
2022,Aaron Ashby,23550,24,SP,MIL,107.33333333333333,27,19,126,47,106,53,1,1,2,0,2,3,109.692,98.0132,475
2022,Chris Paddack,20099,26,SP,MIN,22.333333333333332,5,5,20,2,25,10,0,0,0,0,1,0,93.2059,109.9095,93
2022,Tyler Kinley,18297,31,RP,COL,24,25,0,27,6,21,2,0,10,10,1,1,0,94.7522,99.2757,100
2022,Ryne Stanek,15947,30,RP,HOU,54.666666666666664,59,0,62,31,36,7,1,17,18,1,2,0,108.2577,96.9005,224
2022,Andrew Chafin,12988,32,RP,DET,57.333333333333336,64,0,67,19,48,18,3,19,22,1,2,0,95.6819,95.9244,243
2022,Scott Barlow,14993,29,RP,KCR,74.33333333333333,69,0,77,22,52,18,24,6,30,1,7,0,103.0598,102.9328,290
2022,Griffin Jax,20253,27,RP,MIN,72.33333333333333,65,0,78,20,56,27,1,18,19,1,7,0,105.4105,104.3755,290
2022,John Brebbia,12777,32,RP,SFG,68,76,11,54,18,71,24,0,18,18,1,6,0,100.7784,104.3081,288
2022,Roansy Contreras,22810,22,SP,PIT,95,21,18,86,39,82,40,0,0,0,0,5,3,97.6602,95.4794,408
2022,Trevor Rogers,22286,24,SP,MIA,107,23,23,106,45,116,65,0,0,0,0,4,4,98.1651,104.0901,477
2022,Dane Dunning,19409,27,SP,TEX,153.33333333333334,29,29,137,62,158,76,0,0,0,0,4,10,89.1212,95.2879,671
2022,José Berríos,14168,28,SP,TOR,172,32,32,149,45,199,100,0,0,0,0,12,17,99.3249,103.9439,753
2022,Craig Kimbrel,6655,34,RP,LAD,60,63,0,72,28,51,25,22,2,24,1,6,0,113.7883,102.7799,260
2022,Austin Gomber,16561,28,SP,COL,124.66666666666667,33,17,95,34,137,77,0,0,0,0,5,7,95.4982,105.6206,529
2022,Jorge López,14527,29,RP,2 Tms,71,67,0,72,31,53,20,23,1,24,1,4,0,118.1996,93.7316,298
2022,Daniel Hudson,7146,35,RP,LAD,24.333333333333332,25,0,30,5,17,6,5,9,14,1,2,0,106.6694,103.2232,97
2022,Jason Foley,19531,26,RP,DET,60.333333333333336,60,0,43,11,72,26,0,4,4,0,1,0,106.637,107.9452,256
2022,Adam Cimber,15288,31,RP,TOR,70.66666666666667,77,0,58,13,66,22,4,19,23,1,10,0,116.699,99.6131,293
2022,Daniel Lynch IV,21537,25,SP,KCR,131.66666666666666,27,27,122,52,155,75,0,0,0,0,4,3,89.4685,105.95,600
2022,Lance McCullers Jr.,14120,28,SP,HOU,47.666666666666664,8,8,50,22,37,12,0,0,0,0,4,5,101.1795,98.0448,195
2022,Yimi García,12095,31,RP,TOR,61,61,0,58,16,48,21,1,22,23,1,4,0,105.684,106.9636,247
2022,MacKenzie Gore,22201,23,SP,SDP,70,16,13,72,37,66,35,0,1,1,0,4,3,98.8546,94.6184,309
2022,Paul Blackburn,14739,28,SP,OAK,111.33333333333333,21,21,89,30,110,53,0,0,0,0,7,4,89.1352,106.1585,467
2022,Brad Keller,15734,26,SP,KCR,139.66666666666666,35,22,102,57,153,79,1,1,2,0,6,11,92.6464,99.1544,617
2022,Nabil Crismatt,17732,27,RP,SDP,67.33333333333333,50,1,65,22,57,22,0,5,5,0,5,0,91.2458,107.3787,280
2022,Kyle Bradish,24586,25,SP,BAL,117.66666666666667,23,23,111,46,119,64,0,0,0,0,4,6,95.6729,103.129,509
2022,Keegan Thompson,19795,27,SP,CHC,115,29,17,108,43,103,48,1,0,1,0,10,4,96.9756,95.843,485
2022,Josh Hader,14212,28,RP,2 Tms,50,56,0,81,21,43,29,36,0,36,1,2,0,116.44,97.1048,219
2022,Bryce Elder,27779,23,SP,ATL,54,10,9,47,23,44,19,0,0,0,0,2,3,90.2925,102.7322,227
2022,Dylan Floro,13394,31,RP,MIA,53.666666666666664,56,0,48,15,48,18,10,5,15,1,1,0,108.6322,103.7959,220
2022,Tanner Houck,19879,26,RP,BOS,60,32,4,56,22,49,21,8,1,9,0,5,0,104.4507,99.0283,247
2022,Hoby Milner,13346,31,RP,MIL,64.66666666666667,67,0,64,15,61,27,0,9,9,0,3,0,101.2789,102.6773,272
2022,Jesse Chavez,5448,38,RP,3 Tms,69.33333333333333,60,1,74,20,71,29,0,10,10,1,4,0,110.5662,102.8662,292
2022,Chris Stratton,13761,31,RP,2 Tms,63.333333333333336,60,1,60,25,72,30,2,8,10,1,10,0,92.2202,102.4825,279
2022,Patrick Corbin,9323,32,SP,WSN,152.66666666666666,31,31,128,49,210,107,0,0,0,0,6,9,87.3652,104.8897,713
2022,David Robertson,8241,37,RP,2 Tms,63.666666666666664,58,0,81,35,39,17,20,3,23,1,4,0,109.3413,88.0927,264
2022,Domingo Germán,17149,29,SP,NYY,72.33333333333333,15,14,58,19,65,29,0,0,0,0,2,5,92.3226,102.758,298
2022,Taylor Clarke,17611,29,RP,KCR,49,47,0,48,8,50,22,3,10,13,1,3,0,100.0429,111.4235,203
2022,José Ureña,11589,30,SP,2 Tms,97,21,17,63,43,109,54,0,0,0,0,3,7,88.5229,99.7359,432
2022,Trevor Williams,16977,30,RP,NYM,89.66666666666667,30,9,84,23,87,32,1,1,2,0,3,1,96.4202,102.1507,372
2022,Robert Suarez,30115,31,RP,SDP,47.666666666666664,45,0,61,21,29,12,1,11,12,1,5,0,111.6598,96.9534,191
2022,Johan Oviedo,22487,24,RP,2 Tms,56,21,8,54,23,49,20,0,0,0,0,4,2,101.4713,101.1778,242
2022,Hayden Wesneski,27581,24,RP,CHC,33,6,4,33,7,24,8,0,0,0,0,3,3,108.2275,104.5182,132
2022,Dennis Santana,17878,26,RP,TEX,58.666666666666664,63,1,54,28,50,34,1,19,20,1,3,0,99.1867,94.8939,255
2022,Steven Matz,13361,31,SP,STL,48,15,10,54,10,50,28,0,2,2,0,5,2,105.2743,113.2208,207
2022,Tylor Megill,21318,26,SP,NYM,47.333333333333336,15,9,51,13,46,27,0,0,0,0,4,1,98.6538,104.7103,200
2022,Eduardo Rodriguez,13164,29,SP,DET,91,17,17,72,34,87,41,0,0,0,0,5,10,94.0519,97.4041,391
2022,Bailey Falter,20070,25,SP,PHI,84,20,16,74,17,85,36,0,0,0,0,6,6,99.8213,102.4415,349
2022,Matt Brash,25756,24,RP,SEA,50.666666666666664,39,5,62,33,46,25,0,9,9,0,4,0,114.5138,88.1003,222
2022,Ian Gibaut,17871,28,RP,2 Tms,36,34,0,48,18,39,18,1,3,4,0,1,0,101.792,102.642,160
2022,Andre Pallante,26108,23,RP,STL,108,47,10,73,40,113,38,0,9,9,1,6,3,91.8097,100.9069,457
2022,Tyler Rogers,15541,31,RP,SFG,75.66666666666667,68,0,49,23,73,30,0,15,15,1,3,0,127.64,96.134,319
2022,Hunter Brown,25880,23,RP,HOU,20.333333333333332,7,2,22,7,15,2,0,1,1,0,2,2,104.7076,93.8641,80
2022,Jalen Beeks,17192,28,RP,TBR,61,42,7,70,22,49,19,2,4,6,0,2,0,104.2949,101.3175,250
2022,Kris Bubic,21455,24,SP,KCR,129,28,27,110,63,156,80,0,0,0,0,3,7,89.6607,100.5086,587
2022,Kyle Finnegan,15009,30,RP,WSN,66.66666666666667,66,0,70,22,54,26,11,14,25,1,6,0,101.3854,102.7232,268
2022,Chris Flexen,13896,27,SP,SEA,137.66666666666666,33,22,95,51,132,57,2,0,2,0,8,9,90.5058,97.0774,590
2022,Davis Martin,21448,25,SP,CHW,63.333333333333336,14,9,48,19,63,34,0,0,0,0,3,2,92.1565,97.9257,269
2022,Jake Woodford,18674,25,RP,STL,48.333333333333336,27,1,24,11,43,12,0,0,0,0,4,0,88.3368,106.9202,188
2022,Ryan Feltner,21446,25,SP,COL,97.33333333333333,20,19,84,35,102,63,0,0,0,0,4,4,95.7105,96.855,428
2022,Eli Morgan,20203,26,RP,CLE,66.66666666666667,50,1,72,13,46,25,0,10,10,1,5,0,95.5413,105.3155,256
2022,Connor Brogdon,21205,27,RP,PHI,44,47,0,50,11,44,16,2,6,8,0,2,0,109.1735,108.1664,188
2022,Gregory Soto,19677,27,RP,DET,60.333333333333336,64,0,60,34,49,22,30,2,32,1,2,0,106.3842,87.9826,263
2022,Justin Lawrence,17639,27,RP,COL,42.666666666666664,38,0,48,22,44,27,1,7,8,0,3,0,101.4047,107.3622,191
2022,José Leclerc,14524,28,RP,TEX,47.666666666666664,39,0,54,21,33,15,7,4,11,1,0,0,103.877,95.2047,198
2022,JP Sears,23429,26,SP,2 Tms,70,17,11,51,23,67,30,0,0,0,0,6,2,88.8438,103.8118,288
2022,Joey Wentz,19962,24,SP,DET,32.666666666666664,7,7,27,13,23,11,0,0,0,0,2,1,94.807,97.0071,135
2022,Kevin Ginkel,19876,28,RP,ARI,29.333333333333332,30,0,30,11,27,11,1,4,5,0,1,0,97.9855,99.2802,124
2022,Ryan Brasier,5615,34,RP,BOS,62.333333333333336,68,0,64,13,68,40,1,13,14,1,0,0,105.6548,101.3281,263
2022,Kutter Crawford,20531,26,SP,BOS,77.33333333333333,21,12,77,29,81,47,0,0,0,0,3,4,99.4242,101.5657,334
2022,Clarke Schmidt,19899,26,RP,NYY,57.666666666666664,29,3,56,23,46,20,2,4,6,0,5,0,106.6164,99.3211,236
2022,Dillon Tate,17796,28,RP,BAL,73.66666666666667,67,0,60,16,57,25,5,16,21,1,4,0,105.9441,100.1424,292
2022,Keegan Akin,19362,27,RP,BAL,81.66666666666667,45,1,77,20,69,29,2,3,5,0,3,0,107.1081,105.9109,329
2022,Joe Kelly,9761,34,RP,CHW,37,43,1,53,23,36,25,1,15,16,1,1,0,105.3733,95.4168,170
2022,Shawn Armstrong,12857,31,RP,2 Tms,61.666666666666664,50,3,66,17,66,30,2,2,4,0,2,0,114.2308,103.3424,269
2022,Zach Pop,20185,25,RP,2 Tms,39,35,0,25,4,41,12,0,3,3,0,4,0,109.702,103.3547,157
2022,Tim Hill,16814,32,RP,SDP,48,55,0,25,14,45,19,0,7,7,0,3,0,115.1745,99.2308,199
2022,Luke Weaver,16918,28,RP,2 Tms,35.666666666666664,26,1,38,13,52,26,0,0,0,0,1,0,88.9373,107.827,174
2022,Tanner Scott,17586,27,RP,MIA,62.666666666666664,67,0,90,46,55,30,20,4,24,1,4,0,118.0018,87.7096,289
2022,Caleb Ferguson,19349,25,RP,LAD,34.666666666666664,37,1,37,17,23,7,0,7,7,0,1,0,100.9133,97.7609,142
2022,Ron Marinaccio,23488,26,RP,NYY,44,40,0,56,24,22,10,0,6,6,0,1,0,111.079,79.3924,181
2022,Chad Kuhl,14975,29,SP,COL,137,27,27,110,58,155,87,0,0,0,0,6,8,87.518,93.5164,617
2022,Jonathan Loáisiga,19753,27,RP,NYY,48,50,0,37,19,43,22,2,10,12,1,2,0,118.7733,99.2598,203
2022,Paul Sewald,13892,32,RP,SEA,64,65,0,72,17,32,19,20,8,28,1,5,0,119.5366,98.6209,242
2022,Will Vest,19769,27,RP,DET,63,59,2,63,22,62,28,1,4,5,0,3,0,86.5692,109.4039,272
2022,Trevor Megill,17722,28,RP,MIN,45,39,0,49,17,50,24,0,3,3,0,4,0,108.1784,100.6448,196
2022,Nick Martinez,12730,31,RP,SDP,106.33333333333333,47,10,95,41,96,41,8,8,16,1,4,2,98.1954,105.7792,448
2022,Ryan Thompson,16647,30,RP,TBR,42.666666666666664,47,0,39,11,39,18,3,10,13,1,3,0,129.1436,101.4285,181
2022,Seth Martinez,21045,27,RP,HOU,38.666666666666664,29,0,38,14,26,9,0,2,2,0,1,0,105.8207,96.6636,155
2022,Garrett Cleavinger,17897,28,RP,2 Tms,23,17,0,32,7,14,10,0,0,0,0,1,0,110.5917,103.6472,92
2022,Dany Jiménez,21170,28,RP,OAK,34.333333333333336,34,0,34,18,23,13,11,4,15,1,3,0,104.8655,89.3671,145
2022,Javier Assad,21741,24,SP,CHC,37.666666666666664,9,8,30,20,35,13,0,0,0,0,2,1,94.3141,98.5356,166
2022,Edward Cabrera,21690,24,SP,MIA,71.66666666666667,14,14,75,33,44,24,0,0,0,0,6,3,98.9246,94.8708,291
2022,Mike Baumann,20206,26,RP,BAL,34.333333333333336,13,4,23,9,43,18,0,1,1,0,1,0,97.2471,99.7105,149
2022,Alex Faedo,19874,26,SP,DET,53.666666666666664,12,12,44,25,63,33,0,0,0,0,1,1,89.0208,91.9399,244
2022,Colin Holderman,22361,26,RP,2 Tms,28.333333333333332,24,0,24,14,20,12,0,2,2,0,5,0,104.0992,78.4914,118
2022,Carlos Estévez,14542,29,RP,COL,57,62,0,54,23,44,22,2,13,15,1,4,0,99.2074,97.705,235
2022,Matt Strahm,13799,30,RP,BOS,44.666666666666664,50,0,52,17,38,19,4,12,16,1,4,0,112.5574,91.472,193
2022,Jordan Hicks,19618,25,RP,STL,61.333333333333336,35,8,63,35,46,33,0,8,8,0,3,0,114.4604,92.0815,263
2022,Erasmo Ramírez,10314,32,RP,WSN,86.33333333333333,60,2,61,14,79,28,0,5,5,0,4,0,103.5679,98.8143,347
2022,Aaron Bummer,16258,28,RP,CHW,26.666666666666668,32,0,30,10,30,7,2,10,12,1,2,0,113.8011,86.4539,117
2022,Ty Blach,14361,31,RP,COL,44.333333333333336,24,1,29,11,51,29,1,0,1,0,1,0,90.2378,102.6842,193
2022,Kyle Hendricks,12049,32,SP,CHC,84.33333333333333,16,16,66,24,85,45,0,0,0,0,4,4,88.8961,99.0873,356
2022,Erick Fedde,17425,29,SP,WSN,127,27,27,94,58,149,82,0,0,0,0,6,5,90.4211,104.8784,573
2022,Nick Sandlin,20517,25,RP,CLE,44,46,0,41,24,27,11,0,7,7,0,5,0,113.2617,98.0437,180
2022,Steven Wilson,20353,27,RP,SDP,53,50,1,53,20,36,18,1,5,6,0,4,0,106.1433,97.3313,214
2022,Dustin May,19716,24,SP,LAD,30,6,6,29,14,21,15,0,0,0,0,2,1,118.4711,91.0918,127
2022,Tommy Nance,19178,31,RP,MIA,43.666666666666664,35,2,57,21,45,21,0,2,2,0,2,0,100.671,100.6687,196
2022,A.J. Puk,19343,27,RP,OAK,66.33333333333333,62,0,76,23,53,23,4,20,24,1,4,0,112.1498,97.5295,281
2022,Lou Trivino,15043,30,RP,2 Tms,53.666666666666664,64,0,67,24,64,27,11,4,15,1,2,0,116.4004,92.9377,250
2022,Seth Lugo,12447,32,RP,NYM,65,62,0,69,18,58,26,3,16,19,1,3,0,101.6362,99.8259,272
2022,Tanner Banks,16990,30,RP,CHW,53,35,0,49,18,42,18,0,1,1,0,2,0,104.8232,102.9552,217
2022,Konnor Pilkington,21453,24,SP,CLE,58,15,11,50,32,53,25,0,0,0,0,1,0,89.4824,93.35,258
2022,Adrian Morejon,20039,23,RP,SDP,34,26,0,28,9,31,16,0,5,5,0,5,0,112.1578,107.5679,141
2022,Cole Ragans,21846,24,SP,TEX,40,9,9,27,16,43,22,0,0,0,0,0,0,99.6073,93.0051,174
2022,Tanner Rainey,17610,29,RP,WSN,30,29,0,36,13,26,11,12,1,13,1,1,0,111.455,97.5998,128
2022,Jeff Hoffman,17432,29,RP,CIN,44.666666666666664,35,1,45,23,40,19,0,1,1,0,2,0,90.8722,87.5998,197
2022,Louis Varland,27691,24,SP,MIN,26,5,5,21,6,26,11,0,0,0,0,1,0,92.2783,106.7675,106
2022,Mark Leiter Jr.,15551,31,RP,CHC,67.66666666666667,35,4,73,25,52,30,3,4,7,1,2,0,87.2497,94.0635,282
2022,Joel Payamps,14332,28,RP,2 Tms,55.666666666666664,41,0,41,16,60,20,0,3,3,0,3,0,96.4446,106.7749,241
2022,Sean Hjelle,21481,25,RP,SFG,25,8,0,28,8,33,16,0,0,0,0,1,0,95.2824,103.6579,115
2022,Trevor Richards,19309,29,RP,TOR,64,62,4,82,35,57,38,0,8,8,0,3,0,103.8999,90.0199,281
2022,Beau Brieske,26079,24,SP,DET,81.66666666666667,15,15,54,25,73,38,0,0,0,0,3,6,93.0254,106.3491,339
2022,Shane Baz,22264,23,SP,TBR,27,6,6,30,9,27,15,0,0,0,0,1,2,100.3103,96.205,117
2022,Yerry De los Santos,21420,24,RP,PIT,25.666666666666668,26,0,26,11,22,14,3,2,5,0,0,0,97.956,97.0869,112
2022,Jordan Weems,13190,29,RP,WSN,39.666666666666664,32,0,41,12,35,23,0,0,0,0,0,0,111.3332,94.6156,166
2022,Josh Staumont,18335,28,RP,KCR,37.666666666666664,42,0,43,29,37,27,3,5,8,0,3,0,97.4581,94.0135,176
2022,Chase Anderson,6895,34,SP,CIN,24,9,7,23,15,17,17,0,0,0,0,2,0,85.4975,93.7067,103
2022,Ryan Yarbrough,16502,30,RP,TBR,80,20,9,61,22,88,40,0,0,0,0,3,2,103.8793,102.7025,355
2022,Hunter Strickland,7836,33,RP,CIN,62.333333333333336,66,0,60,33,61,34,7,4,11,1,3,0,92.2275,96.2181,284
2022,Touki Toussaint,16929,26,RP,LAA,25.333333333333332,8,2,26,19,15,13,0,0,0,0,1,0,93.4634,80.7438,108
2022,Huascar Brazobán,6107,32,RP,MIA,32,27,0,40,21,26,11,0,4,4,0,1,0,104.364,90.4848,141
2022,Matthew Liberatore,22294,22,SP,STL,34.666666666666664,9,7,28,18,42,23,0,0,0,0,2,0,94.2992,96.3091,161
2022,Jesus Tinoco,16300,27,RP,TEX,20.666666666666668,17,2,18,10,12,5,0,4,4,0,0,0,108.2217,96.0282,84
2022,Jack Flaherty,17479,26,SP,STL,36,9,8,33,22,36,17,0,0,0,0,2,2,96.5969,90.8187,167
2022,Jonathan Hernández,17464,25,RP,TEX,30.333333333333332,29,0,27,17,26,10,4,3,7,0,2,0,99.4901,96.9816,131
2022,Tim Mayza,15042,30,RP,TOR,48.666666666666664,63,0,44,12,42,17,2,16,18,1,8,0,104.2746,98.9388,193
2022,Anthony Banda,14706,28,RP,3 Tms,26.666666666666668,32,1,30,13,43,20,0,2,2,0,1,0,97.6348,100.802,135
2022,Josh Winckowski,22387,24,SP,BOS,70.33333333333333,15,14,44,27,85,46,0,0,0,0,5,3,94.9947,98.907,316
2022,Cristopher Sánchez,20778,25,RP,PHI,40,15,3,35,17,38,25,1,1,2,0,2,1,97.4568,98.0807,177
2022,Michael Grove,23221,25,SP,LAD,29.333333333333332,7,6,24,10,32,15,0,0,0,0,1,0,90.7769,103.5456,133
2022,John King,22051,27,RP,TEX,51.333333333333336,39,0,30,14,61,23,0,8,8,0,1,0,103.0811,99.3019,222
2022,Steven Okert,13580,30,RP,MIA,51.333333333333336,60,0,63,26,34,17,0,19,19,1,5,0,113.9864,95.1705,221
2022,JT Chargois,13767,31,RP,TBR,22.333333333333332,21,3,17,5,16,6,0,3,3,0,2,0,105.4628,99.5397,86
2022,Sam Moll,14874,30,RP,OAK,43.333333333333336,53,0,46,22,33,14,0,16,16,1,2,0,109.0146,99.6685,187
2022,Emilio Pagán,14771,31,RP,MIN,63,59,0,84,26,60,31,9,7,16,1,4,0,106.6752,106.5632,274
2022,Marco Gonzales,15467,30,SP,SEA,183,32,32,103,50,194,84,0,0,0,0,10,18,87.5331,101.1164,783
2022,Cody Poteet,18769,27,RP,MIA,28,12,2,21,11,23,12,0,1,1,0,0,0,94.1888,101.86,114
2022,Tyler Alexander,17735,27,SP,DET,101,27,17,61,25,108,54,0,1,1,0,4,4,97.4544,104.0041,427
2022,Cole Sands,21461,24,RP,MIN,30.666666666666668,11,3,28,13,35,20,1,0,1,0,0,0,83.5627,101.4773,145
2022,Phil Maton,18064,29,RP,HOU,65.66666666666667,67,0,73,24,58,28,0,14,14,1,0,0,111.0219,98.73,281
2022,Josh Fleming,20418,26,RP,TBR,35,10,3,29,12,54,25,0,0,0,0,2,0,108.1931,108.0341,169
2022,Ryan Pepiot,26221,24,SP,LAD,36.333333333333336,9,7,42,27,26,14,0,0,0,0,3,1,97.2033,85.4582,160
2022,Trent Thornton,17948,28,RP,TOR,46,32,0,37,17,40,21,0,3,3,0,0,0,103.1502,101.7981,189
2022,Yunior Marte,14416,27,RP,SFG,48,39,0,44,22,47,29,0,2,2,0,1,0,112.4574,91.169,214
2022,Collin Snider,23307,26,RP,KCR,34.333333333333336,42,0,22,15,40,25,0,7,7,0,4,0,97.7409,101.5359,151
2022,Cole Sulser,15256,32,RP,MIA,34,39,0,38,16,39,20,2,5,7,0,1,0,93.1314,97.5941,149
2022,Carlos Hernández,22713,25,RP,KCR,56,27,7,35,31,72,46,0,1,1,0,0,0,103.3434,95.5533,266
2022,Kaleb Ort,20061,30,RP,BOS,28.333333333333332,25,0,27,15,35,20,1,1,2,0,1,0,104.5936,95.6674,134
2022,Andrew Kittredge,12828,32,RP,TBR,20,17,0,14,2,15,7,5,0,5,0,3,0,105.3653,105.4604,75
2022,José Ruiz,14552,27,RP,CHW,60.666666666666664,63,0,68,33,53,31,0,11,11,1,1,0,93.0145,96.7084,265
2022,Bryse Wilson,19990,24,SP,PIT,115.66666666666667,25,20,79,32,132,71,0,0,0,0,3,5,91.6147,102.5862,509
2022,Matt Festa,19330,29,RP,SEA,54,53,0,64,18,43,25,2,6,8,0,2,0,108.4165,101.6329,219
2022,Will Smith,8048,32,RP,2 Tms,59,65,0,65,25,58,26,5,16,21,1,0,0,103.2378,96.6897,261
2022,Brent Suter,13942,32,RP,MIL,66.66666666666667,54,0,53,22,58,28,0,1,1,0,5,0,107.4143,98.4539,272
2022,Jared Koenig,27517,28,SP,OAK,39.333333333333336,10,5,22,15,40,25,0,0,0,0,1,0,81.8124,87.3203,177
2022,Aroldis Chapman,10233,34,RP,NYY,36.333333333333336,43,0,43,28,24,18,9,1,10,1,4,0,113.4347,84.1821,160
2022,Colin Poche,19403,28,RP,TBR,58.666666666666664,65,0,64,22,46,26,7,23,30,1,4,0,113.8256,92.5267,245
2022,Yohan Ramírez,19444,27,RP,3 Tms,37.333333333333336,30,0,32,20,32,19,1,2,3,0,4,0,112.3827,89.4248,167
2022,Calvin Faucher,20116,26,RP,TBR,21.333333333333332,22,0,21,10,26,13,1,1,2,0,2,0,103.6973,97.8305,101
2022,Zack Littell,15823,26,RP,SFG,44.333333333333336,39,0,39,13,48,25,1,5,6,0,3,0,98.1384,106.0888,190
2022,Jacob Barnes,12323,32,RP,2 Tms,22.333333333333332,23,0,12,9,23,14,0,2,2,0,3,0,106.2256,91.2383,97
2022,Bennett Sousa,21345,27,RP,CHW,20.333333333333332,25,0,12,10,25,19,1,5,6,0,3,0,100.9062,89.9642,96
2022,Sam Long,25379,26,RP,SFG,42.333333333333336,28,6,33,14,39,17,1,0,1,0,1,0,104.7289,99.0738,181
2022,Jason Alexander,19666,29,SP,MIL,71.66666666666667,18,11,46,28,88,43,0,0,0,0,2,1,96.7126,103.9727,321
2022,Jake Bird,21267,26,RP,COL,47.666666666666664,38,0,42,23,45,26,0,5,5,0,2,0,96.8037,100.0171,211
2022,T.J. McFarland,3237,33,RP,STL,32.666666666666664,28,0,16,11,42,24,0,1,1,0,0,0,83.2873,96.5796,145
2022,Tyler Gilbert,17964,28,SP,ARI,34.333333333333336,8,7,20,10,33,20,0,0,0,0,0,0,92.0727,95.5811,146
2022,Tommy Henry,26285,24,SP,ARI,47,9,9,36,21,47,28,0,0,0,0,3,2,84.63,94.3828,205
2022,Jake Diekman,5003,35,RP,2 Tms,57.666666666666664,70,0,79,42,52,32,1,16,17,1,5,0,113.5269,89.407,269
2022,Ryan Borucki,16350,28,RP,2 Tms,25.333333333333332,32,0,21,11,24,16,0,6,6,0,2,0,109.1387,87.4824,111
2022,Spencer Howard,23252,25,SP,TEX,37.666666666666664,10,8,32,15,50,31,0,0,0,0,2,0,93.4817,97.6258,179
2022,Kolby Allard,18694,24,RP,TEX,21,10,0,19,6,21,17,1,0,1,0,1,0,96.2671,96.746,87
2022,Sean Newcomb,16943,29,RP,2 Tms,27.666666666666668,20,1,28,19,33,27,0,2,2,0,2,0,97.2916,89.5148,134
2022,Génesis Cabrera,17490,25,RP,STL,44.666666666666664,39,0,32,20,39,23,1,13,14,1,4,0,103.849,84.4912,194
2022,Yusei Kikuchi,20633,31,SP,TOR,100.66666666666667,32,20,124,58,93,58,1,0,1,0,6,3,96.9495,96.9461,454
2022,Adam Oller,20132,27,SP,OAK,74.33333333333333,19,14,46,39,82,52,0,1,1,0,2,3,90.5365,96.3278,337
2023,Zack Wheeler,10310,33,SP,PHI,192,32,32,212,39,168,77,0,0,0,0,13,21,116.6682,106.3431,787
2023,Spencer Strider,27498,24,SP,ATL,186.66666666666666,32,32,281,58,146,80,0,0,0,0,20,18,117.0709,99.6573,763
2023,Sonny Gray,12768,33,SP,MIN,184,32,32,183,55,156,57,0,0,0,0,8,17,99.4754,97.7744,754
2023,Gerrit Cole,13125,32,SP,NYY,209,33,33,222,48,157,61,0,0,0,0,15,24,107.1333,106.3875,821
2023,Kevin Gausman,14107,32,SP,TOR,185,31,31,237,55,163,65,0,0,0,0,12,20,99.9199,103.9021,763
2023,Zac Gallen,19291,27,SP,ARI,210,34,34,220,47,188,81,0,0,0,0,17,20,97.9165,105.2133,846
2023,Logan Webb,17995,26,SP,SFG,216,33,33,194,31,201,78,0,0,0,0,11,24,108.0288,104.2528,850
2023,Zach Eflin,13774,29,SP,TBR,177.66666666666666,31,31,186,24,158,69,0,0,0,0,16,17,105.696,107.4092,703
2023,Justin Steele,17312,27,SP,CHC,173.33333333333334,30,30,176,36,167,59,0,0,0,0,16,20,105.639,103.0502,716
2023,Pablo López,17085,27,SP,MIN,194,32,32,234,48,176,79,0,0,0,0,11,20,98.5732,114.162,801
2023,Framber Valdez,17295,29,SP,HOU,198,31,31,200,57,166,76,0,0,0,0,12,20,104.4887,99.824,808
2023,George Kirby,25436,25,SP,SEA,190.66666666666666,31,31,172,19,179,71,0,0,0,0,13,20,103.6041,113.6092,757
2023,Jordan Montgomery,16511,30,SP,2 Tms,188.66666666666666,32,32,166,48,177,67,0,0,0,0,10,20,99.0966,101.9407,777
2023,Blake Snell,13543,30,SP,SDP,180,32,32,234,99,115,45,0,0,0,0,14,20,98.097,100.6806,742
2023,Kyle Bradish,24586,26,SP,BAL,168.66666666666666,30,30,168,44,132,53,0,0,0,0,12,18,100.9124,106.3653,671
2023,Jesús Luzardo,19959,25,SP,MIA,178.66666666666666,32,32,208,55,162,71,0,0,0,0,10,17,105.1404,101.3279,741
2023,Aaron Nola,16149,30,SP,PHI,193.66666666666666,32,32,202,45,178,96,0,0,0,0,12,15,107.6941,104.0325,793
2023,Dylan Cease,18525,27,SP,CHW,177,33,33,214,79,172,90,0,0,0,0,7,12,103.2665,97.3776,784
2023,Kodai Senga,31838,30,SP,NYM,166.33333333333334,29,29,202,77,126,55,0,0,0,0,12,16,101.2851,92.7478,694
2023,Corbin Burnes,19361,28,SP,MIL,193.66666666666666,32,32,200,66,141,73,0,0,0,0,10,19,108.753,98.7417,784
2023,Justin Verlander,8700,40,SP,2 Tms,162.33333333333334,27,27,144,45,139,58,0,0,0,0,13,14,104.7603,98.8358,669
2023,Tarik Skubal,22267,26,SP,DET,80.33333333333333,15,15,102,14,58,25,0,0,0,0,7,5,107.4002,108.8599,310
2023,Luis Castillo,15689,30,SP,SEA,197,33,33,219,56,160,73,0,0,0,0,14,18,106.7273,100.7117,802
2023,Mitch Keller,17594,27,SP,PIT,194.33333333333334,32,32,210,55,187,91,0,0,0,0,13,18,106.8353,99.5294,825
2023,Tyler Glasnow,14374,29,SP,TBR,120,21,21,162,37,93,47,0,0,0,0,10,9,110.7049,99.8636,485
2023,Merrill Kelly,11156,34,SP,ARI,177.66666666666666,30,30,187,69,143,65,0,0,0,0,12,18,96.0208,102.8028,722
2023,Eduardo Rodriguez,13164,30,SP,DET,152.66666666666666,26,26,143,48,128,56,0,0,0,0,13,14,95.6554,99.4088,621
2023,Braxton Garrett,21844,25,SP,MIA,159.66666666666666,31,30,156,29,154,65,0,0,0,0,9,10,102.5366,99.0666,659
2023,Tanner Bibee,30134,24,SP,CLE,142,25,25,141,45,122,47,0,0,0,0,10,11,101.5447,97.7429,585
2023,Sandy Alcantara,18684,27,SP,MIA,184.66666666666666,28,28,151,48,176,85,0,0,0,0,7,13,110.0495,105.0364,762
2023,Miles Mikolas,9803,34,SP,STL,201.33333333333334,35,35,137,39,226,107,0,0,0,0,9,14,92.7366,108.0554,860
2023,Logan Gilbert,22250,26,SP,SEA,190.66666666666666,32,32,189,36,169,79,0,0,0,0,13,18,100.8766,107.8031,770
2023,Freddy Peralta,18679,27,SP,MIL,165.66666666666666,30,30,210,54,131,71,0,0,0,0,12,16,102.3337,106.9952,680
2023,José Berríos,14168,29,SP,TOR,189.66666666666666,32,32,184,52,173,77,0,0,0,0,11,15,95.0181,107.6848,782
2023,Bobby Miller,27483,24,SP,LAD,124.33333333333333,22,22,119,32,105,52,0,0,0,0,11,9,109.369,107.2776,505
2023,Seth Lugo,12447,33,SP,SDP,146.33333333333334,26,26,140,36,140,58,0,0,0,0,8,17,98.6435,105.2587,604
2023,Tanner Scott,17586,28,RP,MIA,78,74,0,104,24,53,20,12,24,36,1,9,0,123.7387,99.5193,307
2023,Félix Bautista,20666,28,RP,BAL,61,56,0,110,26,30,10,33,1,34,1,8,0,126.4561,95.9982,237
2023,Kyle Hendricks,12049,33,SP,CHC,137,24,24,93,27,138,57,0,0,0,0,6,12,89.1118,103.7708,578
2023,Marcus Stroman,13431,32,SP,CHC,136.66666666666666,27,25,119,52,120,60,0,0,0,0,10,15,98.5479,100.5566,575
2023,Charlie Morton,4676,39,SP,ATL,163.33333333333334,30,30,183,83,150,66,0,0,0,0,14,12,98.7391,95.7289,716
2023,Kyle Gibson,10123,35,SP,BAL,192,33,33,157,55,198,101,0,0,0,0,15,17,92.9751,100.6284,807
2023,Michael Wacha,14078,31,SP,SDP,134.33333333333334,24,24,124,43,113,48,0,0,0,0,14,12,98.1403,102.5246,553
2023,Chris Bassitt,12304,34,SP,TOR,200,33,33,186,59,176,80,0,0,0,0,16,21,97.9957,99.4861,826
2023,Aaron Civale,19479,28,SP,2 Tms,122.33333333333333,23,23,116,33,109,47,0,0,0,0,7,7,108.152,102.6227,504
2023,Yusei Kikuchi,20633,32,SP,TOR,167.66666666666666,32,32,181,48,165,72,0,0,0,0,11,9,98.361,104.5499,700
2023,Bailey Ober,21224,27,SP,MIN,144.33333333333334,26,26,146,29,125,55,0,0,0,0,8,12,100.9856,105.0109,577
2023,Clayton Kershaw,2036,35,SP,LAD,131.66666666666666,24,24,137,40,100,36,0,0,0,0,13,11,108.6053,94.3831,523
2023,Yu Darvish,13074,36,SP,SDP,136.33333333333334,24,24,141,43,134,69,0,0,0,0,8,10,104.1207,100.9871,574
2023,Kutter Crawford,20531,27,SP,BOS,129.33333333333334,31,23,135,36,107,58,0,2,2,0,6,4,101.4806,101.2874,527
2023,Reid Detmers,27468,23,SP,LAA,148.66666666666666,28,28,168,60,141,74,0,0,0,0,4,9,102.1756,100.3648,644
2023,Taijuan Walker,11836,30,SP,PHI,172.66666666666666,31,31,138,71,155,84,0,0,0,0,15,11,92.2631,98.2307,733
2023,Ranger Suárez,17277,27,SP,PHI,125,22,22,119,48,129,58,0,0,0,0,4,11,99.6922,105.9193,540
2023,Nathan Eovaldi,9132,33,SP,TEX,144,25,25,132,47,117,58,0,0,0,0,12,11,100.1254,96.4027,577
2023,Joe Ryan,21390,27,SP,MIN,161.66666666666666,29,29,197,34,155,81,0,0,0,0,11,14,102.4256,106.7241,672
2023,David Bednar,19569,28,RP,PIT,67.33333333333333,66,0,80,21,53,15,39,0,39,1,3,0,107.5944,101.9351,277
2023,Shohei Ohtani,19755,28,SP,LAA,132,23,23,167,55,85,46,0,0,0,0,10,12,119.4912,88.2692,531
2023,Patrick Sandoval,19447,26,SP,LAA,144.66666666666666,28,28,128,74,145,66,0,0,0,0,7,8,102.261,96.498,652
2023,Michael King,19853,28,RP,NYY,104.66666666666667,49,9,127,32,88,32,6,8,14,1,4,2,104.6291,102.0303,431
2023,Cole Ragans,21846,25,RP,2 Tms,96,29,12,113,41,70,37,0,3,3,0,7,7,109.2819,97.9938,392
2023,Max Scherzer,3137,38,SP,2 Tms,152.66666666666666,27,27,174,45,126,64,0,0,0,0,13,14,104.8496,103.0351,621
2023,Andrew Abbott,29911,24,SP,CIN,109.33333333333333,21,21,120,44,100,47,0,0,0,0,8,9,90.1026,102.8364,459
2023,Joe Musgrove,12970,30,SP,SDP,97.33333333333333,17,17,97,21,90,33,0,0,0,0,10,11,103.555,103.8013,399
2023,Chris Sale,10603,34,SP,BOS,102.66666666666667,20,20,125,29,87,49,0,0,0,0,6,6,102.8566,104.0709,425
2023,Shane Bieber,19427,28,SP,CLE,128,21,21,107,34,124,54,0,0,0,0,6,12,91.1788,98.5524,533
2023,Matt Brash,25756,25,RP,SEA,70.66666666666667,78,0,107,29,65,24,4,24,28,1,9,0,123.7703,91.9822,308
2023,Cristian Javier,17606,26,SP,HOU,162,31,31,159,62,143,82,0,0,0,0,10,11,98.4453,101.0543,687
2023,Matt Strahm,13799,31,RP,PHI,87.66666666666667,56,10,108,21,68,32,2,11,13,1,9,0,113.8739,97.95,351
2023,Steven Matz,13361,32,SP,STL,105,25,17,98,32,108,45,0,0,0,0,4,4,97.3223,106.5162,449
2023,Dane Dunning,19409,28,SP,TEX,172.66666666666666,35,26,140,55,163,71,0,2,2,0,12,12,91.3499,98.7205,722
2023,Hunter Greene,22182,23,SP,CIN,112,22,22,152,48,111,60,0,0,0,0,4,7,112.1448,102.2046,498
2023,Brady Singer,25377,26,SP,KCR,159.66666666666666,29,29,133,49,182,98,0,0,0,0,8,9,88.8874,100.5596,702
2023,Camilo Doval,21992,25,RP,SFG,67.66666666666667,69,0,87,26,51,22,39,0,39,1,6,0,116.2531,98.4305,281
2023,Grayson Rodriguez,24492,23,SP,BAL,122,23,23,129,42,121,59,0,0,0,0,7,7,112.9227,100.926,515
2023,Clarke Schmidt,19899,27,SP,NYY,159,33,32,149,46,169,82,0,0,0,0,9,5,103.21,102.3653,694
2023,Max Fried,13743,29,SP,ATL,77.66666666666667,14,14,80,18,70,22,0,0,0,0,8,7,101.2754,101.3238,311
2023,Nick Pivetta,15454,30,RP,BOS,142.66666666666666,38,16,183,50,110,64,1,2,3,0,10,5,102.3893,100.682,587
2023,Hunter Brown,25880,24,SP,HOU,155.66666666666666,31,29,178,55,157,88,0,0,0,0,11,11,98.6701,99.3774,665
2023,Bryce Miller,29837,24,SP,SEA,131.33333333333334,25,25,119,26,124,63,0,0,0,0,8,9,102.4585,106.6051,537
2023,Devin Williams,15816,28,RP,MIL,58.666666666666664,61,0,87,28,26,10,36,0,36,1,8,0,109.6639,102.5894,231
2023,Johan Oviedo,22487,25,SP,PIT,177.66666666666666,32,32,158,83,161,85,0,0,0,0,9,14,93.4897,96.6137,781
2023,Bryce Elder,27779,24,SP,ATL,174.66666666666666,31,31,128,63,160,74,0,0,0,0,12,16,87.8118,103.5514,732
2023,Cristopher Sánchez,20778,26,SP,PHI,99.33333333333333,19,18,96,16,88,38,0,0,0,0,3,7,108.8804,93.8139,396
2023,Jack Flaherty,17479,27,SP,2 Tms,144.33333333333334,29,27,148,66,162,80,0,1,1,0,8,8,97.4624,99.6308,650
2023,Griffin Canning,19867,27,SP,LAA,127,24,22,139,36,121,61,0,0,0,0,7,8,94.3346,108.465,536
2023,Emmanuel Clase,21032,25,RP,CLE,72.66666666666667,75,0,64,16,68,26,44,0,44,1,3,0,133.4734,97.1098,302
2023,Michael Lorenzen,14843,31,SP,2 Tms,153,29,25,111,47,138,71,1,0,1,0,9,11,94.8879,103.1759,624
2023,Aroldis Chapman,10233,35,RP,2 Tms,58.333333333333336,61,0,103,36,37,20,6,14,20,1,6,0,117.7268,99.1551,249
2023,Adrian Houser,12718,30,SP,MIL,111.33333333333333,23,21,96,34,121,51,0,0,0,0,8,6,89.8178,109.242,481
2023,Josh Hader,14212,29,RP,SDP,56.333333333333336,61,0,85,30,32,8,33,0,33,1,2,0,112.3001,98.9581,231
2023,Yennier Cano,25911,29,RP,BAL,72.66666666666667,72,0,65,13,60,17,8,31,39,1,1,0,114.2543,109.1119,283
2023,Alexis Díaz,21132,26,RP,CIN,67.33333333333333,71,0,86,36,44,23,37,2,39,1,9,0,91.8745,99.3462,286
2023,Jon Gray,14916,31,SP,TEX,157.33333333333334,29,29,142,54,149,72,0,0,0,0,9,12,96.176,103.0974,656
2023,Logan Allen,27589,24,SP,CLE,125.33333333333333,24,24,119,48,127,53,0,0,0,0,7,7,92.3711,103.4796,537
2023,Kenta Maeda,18498,35,SP,MIN,104.33333333333333,21,20,117,28,94,49,0,0,0,0,6,6,90.425,108.15,428
2023,Fernando Cruz,7048,33,RP,CIN,66,58,2,98,28,52,36,0,7,7,0,1,0,103.0199,89.0165,279
2023,Dean Kremer,19350,27,SP,BAL,172.66666666666666,32,32,157,55,171,79,0,0,0,0,13,14,101.9946,98.4507,735
2023,Brayan Bello,23920,24,SP,BOS,157,28,28,132,45,165,74,0,0,0,0,12,15,101.998,103.1988,668
2023,Clay Holmes,13649,30,RP,NYY,63,66,0,71,23,51,20,24,5,29,1,4,0,119.3558,96.3868,262
2023,Jason Foley,19531,27,RP,DET,69,70,0,55,15,65,20,7,28,35,1,3,0,112.2706,107.7059,276
2023,Jameson Taillon,11674,31,SP,CHC,154.33333333333334,30,29,140,41,156,83,1,0,1,0,8,9,99.3072,105.6664,655
2023,Jose Quintana,11423,34,SP,NYM,75.66666666666667,13,13,60,24,75,30,0,0,0,0,3,8,87.4848,105.3758,319
2023,Reese Olson,24968,23,SP,DET,103.66666666666667,21,18,103,33,83,46,0,1,1,0,5,6,97.5006,103.9526,422
2023,Jeff Hoffman,17432,30,RP,PHI,52.333333333333336,54,0,69,19,29,14,1,11,12,1,5,0,117.9522,85.897,208
2023,Bryan Abreu,16609,26,RP,HOU,72,72,0,100,31,44,14,5,24,29,1,3,0,113.6852,89.2344,287
2023,Eury Pérez,27768,20,SP,MIA,91.33333333333333,19,19,108,31,72,32,0,0,0,0,5,6,110.8999,98.0341,374
2023,Paul Blackburn,14739,29,SP,OAK,103.66666666666667,21,20,104,43,117,51,0,0,0,0,4,6,89.8749,102.5608,464
2023,Ryan Helsley,18138,28,RP,STL,36.666666666666664,33,0,52,17,22,10,14,2,16,1,3,0,124.2706,99.9978,146
2023,Chris Martin,11847,37,RP,BOS,51.333333333333336,55,0,46,8,45,6,3,23,26,1,4,0,112.115,109.7563,199
2023,Jake Bird,21267,27,RP,COL,89.33333333333333,70,3,77,27,94,43,0,13,13,1,3,0,103.7117,94.399,381
2023,Jacob deGrom,10954,35,SP,TEX,30.333333333333332,6,6,45,4,19,9,0,0,0,0,2,3,123.5076,105.5017,115
2023,Drew Rasmussen,25385,27,SP,TBR,44.666666666666664,8,8,47,11,36,13,0,0,0,0,4,3,115.9507,103.9188,177
2023,Graham Ashcraft,27552,25,SP,CIN,145.66666666666666,26,26,111,52,148,77,0,0,0,0,7,15,111.4879,97.4259,624
2023,Brandon Woodruff,16162,30,SP,MIL,67,11,11,74,15,40,17,0,0,0,0,5,7,108.2997,107.0706,253
2023,A.J. Minter,18655,29,RP,ATL,64.66666666666667,70,0,82,21,56,27,10,21,31,1,3,0,117.8898,100.0417,260
2023,Danny Coulombe,13293,33,RP,BAL,51.333333333333336,61,0,58,12,45,16,2,21,23,1,5,0,113.5227,90.0525,210
2023,Nick Martinez,12730,32,RP,SDP,110.33333333333333,63,9,106,40,99,42,1,15,16,1,6,2,101.718,103.2402,461
2023,Pete Fairbanks,17998,29,RP,TBR,45.333333333333336,49,0,68,20,26,13,25,2,27,1,2,0,136.3509,86.9485,184
2023,Caleb Ferguson,19349,26,RP,LAD,60.333333333333336,68,7,70,23,64,23,3,17,20,1,7,0,107.0672,96.1595,270
2023,J.P. France,21212,28,SP,HOU,136.33333333333334,24,23,101,47,138,58,0,0,0,0,11,13,93.9465,103.3063,581
2023,Brent Suter,13942,33,RP,COL,69.33333333333333,57,2,55,25,65,26,0,7,7,1,4,0,99.07,95.7284,292
2023,José Alvarado,17780,28,RP,PHI,41.333333333333336,42,0,64,18,30,8,10,11,21,1,0,0,120.2082,106.9286,172
2023,Hunter Harvey,15507,28,RP,WSN,60.666666666666664,57,0,67,13,44,19,10,19,29,1,4,0,108.8368,106.5339,235
2023,Shawn Armstrong,12857,32,RP,TBR,52,39,6,54,11,36,8,0,6,6,0,1,0,114.3107,101.8478,207
2023,Tim Mayza,15042,31,RP,TOR,53.333333333333336,69,0,53,15,50,9,1,22,23,1,3,0,107.9339,106.3381,215
2023,Kevin Ginkel,19876,29,RP,ARI,65.33333333333333,60,0,70,23,41,18,4,8,12,1,9,0,95.3296,108.3281,254
2023,Dustin May,19716,25,SP,LAD,48,9,9,34,16,29,14,0,0,0,0,4,4,117.2356,97.6415,187
2023,Evan Phillips,17734,28,RP,LAD,61.333333333333336,62,0,66,13,38,14,24,6,30,1,2,0,114.6891,104.4871,234
2023,Kevin Kelly,25679,25,RP,TBR,67,57,0,56,15,53,23,1,11,12,1,5,0,120.2502,102.8005,276
2023,Griffin Jax,20253,28,RP,MIN,65.33333333333333,71,0,68,19,58,28,4,23,27,1,6,0,112.6198,110.5908,274
2023,Andrés Muñoz,20373,24,RP,SEA,49,52,0,67,22,40,16,13,14,27,1,4,0,123.4572,92.9846,211
2023,Jordan Romano,16122,30,RP,TOR,59,59,0,72,24,48,19,36,2,38,1,5,0,110.0803,100.6142,248
2023,David Robertson,8241,38,RP,2 Tms,65.33333333333333,62,0,78,25,53,22,18,10,28,1,6,0,110.4445,96.008,269
2023,JoJo Romero,19574,26,RP,STL,36.666666666666664,27,0,42,10,29,15,3,3,6,0,4,0,104.7561,101.3263,147
2023,Tanner Houck,19879,27,SP,BOS,106,21,21,99,41,104,59,0,0,0,0,6,5,100.0984,106.0836,463
2023,MacKenzie Gore,22201,24,SP,WSN,136.33333333333334,27,27,151,57,134,67,0,0,0,0,7,8,100.2992,99.7261,582
2023,Justin Lawrence,17639,28,RP,COL,75,69,0,78,36,65,31,11,11,22,1,4,0,101.5817,106.6039,326
2023,Dylan Floro,13394,32,RP,2 Tms,56.666666666666664,62,0,58,17,70,30,7,9,16,1,5,0,102.4304,103.0414,248
2023,Emilio Pagán,14771,32,RP,MIN,69.33333333333333,66,1,65,21,45,23,1,8,9,0,5,0,108.6059,102.3879,273
2023,Kyle Freeland,16256,30,SP,COL,155.66666666666666,29,29,94,42,187,87,0,0,0,0,6,12,80.3499,104.5412,677
2023,Andrew Heaney,15423,32,SP,TEX,147.33333333333334,34,28,151,60,143,68,0,2,2,0,10,7,102.6484,96.6876,641
2023,Will Vest,19769,28,RP,DET,48.333333333333336,48,4,56,13,40,16,2,11,13,1,2,0,91.414,111.698,199
2023,Joel Payamps,14332,29,RP,MIL,70.66666666666667,69,0,77,17,57,20,3,27,30,1,7,0,102.1257,105.7942,287
2023,Sean Manaea,15873,31,RP,SFG,117.66666666666667,37,10,128,42,104,58,1,1,2,0,7,3,97.5895,101.9011,499
2023,Ryan Brasier,5615,35,RP,2 Tms,59.666666666666664,59,0,56,19,42,20,2,10,12,1,3,0,107.0145,102.6118,238
2023,Sam Moll,14874,31,RP,2 Tms,62.333333333333336,70,1,68,30,47,21,1,8,9,0,2,0,115.2137,98.0823,268
2023,Zack Littell,15823,27,SP,2 Tms,90,28,14,74,12,94,41,0,0,0,0,3,4,94.1512,111.0778,379
2023,Gavin Williams,30122,23,SP,CLE,82,16,16,81,37,66,30,0,0,0,0,3,4,96.0335,104.0333,345
2023,Ian Hamilton,19261,28,RP,NYY,58,39,3,69,26,45,17,2,5,7,0,3,0,107.7768,88.9881,239
2023,Edward Cabrera,21690,25,SP,MIA,99.66666666666667,22,20,118,66,78,47,0,0,0,0,7,3,101.0391,97.1015,434
2023,Colin Poche,19403,29,RP,TBR,60.666666666666664,66,0,61,24,42,15,1,22,23,1,12,0,104.3909,98.495,246
2023,Chris Stratton,13761,32,RP,2 Tms,82.66666666666667,64,0,81,25,69,36,1,7,8,0,2,0,94.8965,107.2624,338
2023,Craig Kimbrel,6655,35,RP,PHI,69,71,0,94,28,44,25,23,7,30,1,8,0,116.5824,104.0814,278
2023,Jordan Hicks,19618,26,RP,2 Tms,65.66666666666667,65,0,81,32,57,24,12,13,25,1,3,0,124.6547,93.4302,285
2023,Ryan Pressly,7005,34,RP,HOU,65.33333333333333,65,0,74,16,54,26,31,0,31,1,4,0,112.6699,99.7241,268
2023,David Peterson,20302,27,SP,NYM,111,27,21,128,50,124,62,0,1,1,0,3,4,90.575,98.4265,492
2023,Kenley Jansen,3096,35,RP,BOS,44.666666666666664,51,0,52,17,40,18,29,0,29,1,3,0,123.6448,97.1552,188
2023,Jhoan Duran,21029,25,RP,MIN,62.333333333333336,59,0,84,25,46,17,27,1,28,1,3,0,130.2731,92.9203,255
2023,Sam Hentges,18548,26,RP,CLE,52.333333333333336,56,0,56,18,53,21,0,15,15,1,3,0,100.9525,102.0065,223
2023,Will Smith,8048,33,RP,TEX,57.333333333333336,60,0,55,17,44,28,22,8,30,1,2,0,100.9851,106.1221,226
2023,Tyler Anderson,12880,33,SP,LAA,141,27,25,119,64,146,85,0,0,0,0,6,7,99.5594,90.9682,629
2023,Justin Topa,15145,32,RP,SEA,69,75,0,61,18,61,20,3,23,26,1,5,0,113.0357,104.5003,279
2023,Raisel Iglesias,17130,33,RP,ATL,55.666666666666664,58,0,68,15,51,17,33,0,33,1,5,0,98.034,105.5097,231
2023,James Paxton,11828,34,SP,BOS,96,19,19,101,33,93,48,0,0,0,0,7,8,103.2126,99.1285,411
2023,Yimi García,12095,32,RP,TOR,66,73,0,79,15,67,30,3,19,22,1,3,0,109.7075,101.7798,282
2023,Scott Barlow,14993,30,RP,2 Tms,68,63,0,79,34,61,33,13,7,20,1,2,0,100.63,100.0291,299
2023,Hoby Milner,13346,32,RP,MIL,64.33333333333333,73,0,59,13,49,13,0,17,17,1,2,0,104.3418,107.6073,252
2023,Anthony DeSclafani,13050,33,SP,SFG,99.66666666666667,19,18,79,20,105,54,0,0,0,0,4,8,91.9676,100.5633,419
2023,Tyler Holton,26231,27,RP,DET,85.33333333333333,59,1,74,18,56,20,1,14,15,1,3,0,99.2538,101.399,324
2023,Domingo Germán,17149,30,SP,NYY,108.66666666666667,20,19,114,34,83,55,0,0,0,0,5,6,91.7601,97.2028,444
2023,A.J. Puk,19343,28,RP,MIA,56.666666666666664,58,0,78,13,54,25,15,2,17,1,7,0,114.6707,108.0041,242
2023,Austin Gomber,16561,29,SP,COL,139,27,27,87,43,164,85,0,0,0,0,9,12,89.2358,103.4438,603
2023,Gregory Soto,19677,28,RP,PHI,60.333333333333336,69,0,65,22,47,31,3,24,27,1,3,0,122.3948,103.8539,250
2023,Ryan Feltner,21446,26,SP,COL,43.333333333333336,10,10,38,28,45,28,0,0,0,0,2,1,94.669,102.6572,201
2023,Matthew Boyd,15440,32,SP,DET,71,15,15,73,25,69,43,0,0,0,0,5,2,92.7412,100.0452,303
2023,Colin Holderman,22361,27,RP,PIT,56,58,0,58,20,55,24,2,27,29,1,0,0,116.9153,96.1819,240
2023,Bryan Woo,30279,23,SP,SEA,87.66666666666667,18,18,93,31,75,41,0,0,0,0,4,4,109.6869,95.1638,371
2023,Drew Smyly,11760,34,SP,CHC,142.33333333333334,41,23,141,56,147,79,0,1,1,0,11,5,93.2859,102.6798,626
2023,Erik Swanson,16587,29,RP,TOR,66.66666666666667,69,0,75,21,52,22,4,29,33,1,4,0,97.6644,100.1271,262
2023,Andrew Nardi,25942,24,RP,MIA,57.333333333333336,63,0,73,21,45,17,3,17,20,1,8,0,107.1047,101.3027,237
2023,Ian Gibaut,17871,29,RP,CIN,75.66666666666667,74,0,69,28,69,28,3,22,25,1,8,0,100.8467,106.0948,318
2023,Javier Assad,21741,25,RP,CHC,109.33333333333333,32,10,94,41,93,37,0,2,2,0,5,4,93.197,96.9946,449
2023,Héctor Neris,11804,34,RP,HOU,68.33333333333333,71,0,77,31,41,13,2,31,33,1,6,0,99.7613,95.3505,273
2023,Lucas Giolito,15474,28,SP,3 Tms,184.33333333333334,33,33,204,73,169,100,0,0,0,0,8,15,97.4632,100.7384,794
2023,Brock Stewart,16727,31,RP,MIN,27.666666666666668,28,0,39,11,19,2,1,8,9,1,2,0,121.4292,95.9744,109
2023,Carlos Estévez,14542,30,RP,LAA,62.333333333333336,63,0,78,31,62,27,31,2,33,1,5,0,106.9277,97.7373,281
2023,Ryan Yarbrough,16502,31,RP,2 Tms,89.66666666666667,25,9,67,14,96,45,2,1,3,0,8,3,107.1023,104.1849,377
2023,Nick Anderson,18337,32,RP,ATL,35.333333333333336,35,0,36,9,30,12,1,15,16,1,4,0,93.2834,103.2752,141
2023,José Leclerc,14524,29,RP,TEX,57,57,0,67,28,37,17,4,8,12,1,0,0,104.3694,92.7693,233
2023,Joe Kelly,9761,35,RP,2 Tms,39.333333333333336,42,0,60,18,29,18,1,13,14,1,2,0,114.455,98.0719,168
2023,Taj Bradley,22543,22,SP,TBR,104.66666666666667,23,21,129,39,106,65,0,0,0,0,5,1,108.2058,96.6988,460
2023,Nestor Cortes,17874,28,SP,NYY,63.333333333333336,12,12,67,20,59,35,0,0,0,0,5,3,111.2103,102.6298,266
2023,Trevor Megill,17722,29,RP,MIL,34.666666666666664,31,2,52,12,35,14,0,4,4,0,1,0,119.7718,98.788,148
2023,Patrick Corbin,9323,33,SP,WSN,180,32,32,124,57,210,104,0,0,0,0,10,15,83.6794,105.5694,790
2023,Michael Grove,23221,26,SP,LAD,69,18,12,73,19,83,47,0,1,1,0,2,0,94.5568,105.8438,302
2023,Paul Sewald,13892,33,RP,2 Tms,60.666666666666664,65,0,80,24,46,21,34,0,34,1,3,0,120.843,101.4583,249
2023,Lucas Erceg,19360,28,RP,OAK,55,50,0,68,36,51,29,0,11,11,1,4,0,108.804,92.8839,251
2023,Garrett Whitlock,20191,27,RP,BOS,71.66666666666667,22,10,72,13,82,41,1,3,4,0,5,3,103.1008,106.1235,304
2023,Josh Winckowski,22387,25,RP,BOS,84.33333333333333,60,1,82,31,89,27,3,18,21,1,4,0,108.5306,98.5805,367
2023,Matthew Liberatore,22294,23,SP,STL,61.666666666666664,22,11,46,25,66,36,0,2,2,0,3,2,94.9693,94.5341,275
2023,Colin Rea,12317,32,SP,MIL,124.66666666666667,26,22,110,38,110,63,0,0,0,0,6,4,99.4753,99.4557,517
2023,Jakob Junis,13619,30,RP,SFG,86,40,4,96,21,90,37,1,2,3,0,4,0,107.4662,102.6886,367
2023,Lucas Sims,13470,29,RP,CIN,61,67,0,72,39,33,21,3,23,26,1,7,0,110.9809,92.5631,258
2023,Aaron Bummer,16258,29,RP,CHW,58.333333333333336,61,0,78,36,53,44,0,15,15,1,5,0,113.888,90.5962,267
2023,Reynaldo López,16400,29,RP,3 Tms,66,68,0,83,34,50,24,6,22,28,1,3,0,113.1582,95.9986,278
2023,Jesse Chavez,5448,39,RP,ATL,34.666666666666664,36,1,39,12,26,6,1,13,14,1,1,0,99.869,96.1952,144
2023,Brennan Bernardino,16835,31,RP,BOS,50.666666666666664,55,6,58,18,48,18,0,4,4,0,2,0,94.3852,100.1919,216
2023,Cal Quantrill,19312,28,SP,CLE,99.66666666666667,19,19,58,35,111,58,0,0,0,0,4,8,88.6749,95.4564,444
2023,Enyel De Los Santos,18403,27,RP,CLE,65.66666666666667,70,0,62,25,50,24,0,16,16,1,5,0,94.8921,98.2875,262
2023,Alex Vesia,25007,27,RP,LAD,49.666666666666664,56,1,64,17,52,24,1,9,10,1,2,0,113.2399,101.8303,217
2023,Ryne Nelson,26253,25,SP,ARI,144,29,27,96,46,159,85,0,0,0,0,8,7,98.2565,104.5078,619
2023,Jake Irvin,21504,26,SP,WSN,121,24,24,99,54,118,62,0,0,0,0,3,8,97.0284,102.2427,530
2023,Tyler Wells,20000,28,SP,BAL,118.66666666666667,25,20,117,34,83,48,1,0,1,0,7,8,93.8687,100.8997,470
2023,Osvaldo Bido,23150,27,SP,PIT,50.666666666666664,16,9,48,21,55,33,0,0,0,0,2,1,100.6299,93.1317,236
2023,Joey Lucchesi,19320,30,SP,NYM,46.666666666666664,9,9,32,17,44,15,0,0,0,0,4,3,94.7928,92.9904,195
2023,Scott Alexander,10591,33,RP,SFG,48.333333333333336,55,8,31,11,55,25,1,6,7,0,7,0,105.86,99.0234,208
2023,Mason Miller,31757,24,SP,OAK,33.333333333333336,10,6,38,16,24,14,0,1,1,0,0,2,112.3616,91.1271,139
2023,Pierce Johnson,13435,32,RP,2 Tms,62.666666666666664,67,0,90,30,63,28,13,12,25,1,2,0,104.1671,92.0312,277
2023,Tommy Henry,26285,25,SP,ARI,89,17,16,64,35,86,41,0,0,0,0,5,6,83.6416,98.6355,381
2023,Brooks Raley,10061,35,RP,NYM,54.666666666666664,66,0,61,25,44,17,3,25,28,1,1,0,116.3407,89.874,236
2023,Ryan Walker,20423,27,RP,SFG,61.333333333333336,49,13,78,24,61,22,1,2,3,0,5,0,112.8434,100.8682,263
2023,Pedro Avila,18864,26,RP,SDP,50.333333333333336,14,6,54,25,43,18,0,0,0,0,2,1,92.4848,97.4772,220
2023,Matt Manning,20369,25,SP,DET,78,15,15,50,21,60,31,0,0,0,0,5,4,98.0768,100.7731,316
2023,Ryan Borucki,16350,29,RP,PIT,40.333333333333336,38,2,33,4,26,11,0,8,8,0,4,0,101.2573,106.1168,152
2023,Matt Moore,1890,34,RP,3 Tms,52.666666666666664,50,0,60,15,46,15,0,22,22,1,5,0,108.7736,96.7523,218
2023,Tylor Megill,21318,27,SP,NYM,126.33333333333333,25,25,105,58,141,66,0,0,0,0,9,6,88.5693,99.7306,567
2023,Mark Leiter Jr.,15551,32,RP,CHC,64.33333333333333,69,0,77,24,48,25,4,28,32,1,1,0,86.9804,86.1145,269
2023,Phil Maton,18064,30,RP,HOU,66,68,0,74,25,49,22,1,10,11,1,4,0,102.432,102.7234,274
2023,Tyler Rogers,15541,32,RP,SFG,74,68,0,60,19,66,25,2,30,32,1,4,0,124.6524,106.3035,309
2023,José Buttó,23313,25,SP,NYM,42,9,7,38,23,33,17,0,0,0,0,1,3,87.3575,97.5287,179
2023,Abner Uribe,25327,23,RP,MIL,30.666666666666668,32,0,39,20,16,6,1,8,9,0,1,0,115.8869,95.7335,127
2023,Elvis Peguero,21652,26,RP,MIL,61.333333333333336,59,0,54,26,49,23,1,21,22,1,4,0,103.1724,98.5476,252
2023,Buck Farmer,14814,32,RP,CIN,75,71,0,70,29,58,35,3,9,12,1,4,0,93.0756,100.5568,309
2023,Cole Irvin,19244,29,SP,BAL,77.33333333333333,24,12,68,21,78,38,0,1,1,0,1,1,93.5503,102.2198,336
2023,JP Sears,23429,27,SP,OAK,172.33333333333334,32,32,161,53,165,87,0,0,0,0,5,9,100.8989,102.0685,735
2023,Marco Gonzales,15467,31,SP,SEA,50,10,10,34,18,55,29,0,0,0,0,4,4,87.3086,106.5012,215
2023,Gabe Speier,17170,28,RP,SEA,54.666666666666664,69,0,64,11,47,23,1,17,18,1,2,0,115.7195,107.2066,216
2023,Robert Garcia,23363,27,RP,2 Tms,32,25,0,33,12,26,13,0,4,4,0,2,0,103.0915,102.9626,127
2023,Shelby Miller,10197,32,RP,LAD,42,36,1,42,19,19,8,1,3,4,0,3,0,97.1808,96.5802,163
2023,Steven Okert,13580,31,RP,MIA,58.666666666666664,64,2,73,24,50,29,0,12,12,1,3,0,110.6487,92.7412,247
2023,Chris Devenski,12763,32,RP,2 Tms,42.333333333333336,38,0,42,11,36,21,0,10,10,1,6,0,103.3022,102.962,173
2023,Emmet Sheehan,29839,23,SP,LAD,60.333333333333336,13,11,64,26,46,33,1,0,1,0,4,3,98.3014,94.9543,248
2023,James McArthur,21527,26,RP,KCR,23.333333333333332,18,2,23,2,20,12,4,2,6,1,1,0,100.7196,112.8591,90
2023,Sawyer Gipson-Long,26048,25,RP,DET,20,4,4,26,8,14,6,0,0,0,0,1,0,99.1067,106.4657,82
2023,Huascar Brazobán,6107,33,RP,MIA,58.666666666666664,50,0,65,31,53,27,0,13,13,1,5,0,111.8391,98.7477,257
2023,Alex Faedo,19874,27,SP,DET,64.66666666666667,15,12,58,20,48,32,0,1,1,0,2,4,93.4628,106.5451,262
2023,Jalen Beeks,17192,29,RP,TBR,42.333333333333336,30,8,47,21,42,28,1,2,3,0,2,0,97.7262,92.0221,192
2023,Lance Lynn,2520,36,SP,2 Tms,183.66666666666666,32,32,191,67,189,117,0,0,0,0,13,13,98.891,102.2734,808
2023,Joe Jiménez,15761,28,RP,ATL,56.333333333333336,59,0,73,14,51,19,0,13,13,1,0,0,108.6142,108.4877,238
2023,Andrew Chafin,12988,33,RP,2 Tms,51.333333333333336,63,0,63,28,45,27,8,14,22,1,3,0,92.1394,100.5301,224
2023,Tristan Beck,21584,27,RP,SFG,85,33,3,68,21,83,37,2,2,4,0,3,0,96.3415,100.6971,354
2023,Austin Cox,24604,26,RP,KCR,35.666666666666664,24,3,33,17,28,18,1,5,6,1,0,0,96.2913,101.5168,149
2023,Jhony Brito,25386,25,SP,NYY,90.33333333333333,25,13,72,28,82,43,1,0,1,0,9,0,104.3354,109.0029,372
2023,Ryan Pepiot,26221,25,RP,LAD,42,8,3,38,5,27,10,0,0,0,0,2,1,98.2415,105.6396,159
2023,Luis Medina,21649,24,SP,OAK,109.66666666666667,23,17,106,57,109,66,0,0,0,0,3,3,103.3696,86.2047,495
2023,Xzavion Curry,25595,24,RP,CLE,95,41,9,67,30,98,43,0,0,0,0,3,1,89.4391,104.229,404
2023,Steven Wilson,20353,28,RP,SDP,53,52,0,57,27,35,23,0,22,22,1,1,0,114.6041,100.5663,219
2023,Tony Gonsolin,19388,29,SP,LAD,103,20,20,82,40,86,57,0,0,0,0,8,4,88.7267,98.4413,435
2023,Jake Diekman,5003,36,RP,2 Tms,56.666666666666664,63,0,64,38,37,21,0,8,8,0,0,0,119.8477,87.9715,243
2023,Eli Morgan,20203,27,RP,CLE,67.33333333333333,61,0,75,24,73,30,1,7,8,0,5,0,102.3669,103.5069,299
2023,Cionel Pérez,19614,27,RP,BAL,53.333333333333336,65,0,44,27,56,21,3,11,14,1,4,0,105.8844,96.332,247
2023,Keegan Akin,19362,28,RP,BAL,23.666666666666668,24,1,27,7,35,18,0,3,3,0,2,0,106.7871,104.4039,112
2023,Bryan Baker,19804,28,RP,BAL,45,46,0,51,24,33,18,0,11,11,1,4,0,103.8917,101.8506,186
2023,JT Chargois,13767,32,RP,MIA,42.333333333333336,46,5,35,18,35,17,1,4,5,0,1,0,101.7032,103.9474,174
2023,Jason Adam,11861,31,RP,TBR,54.333333333333336,56,0,69,20,35,18,12,11,23,1,4,0,108.1819,94.5983,222
2023,Luke Weaver,16918,29,SP,3 Tms,123.66666666666667,29,25,109,40,155,88,0,0,0,0,3,2,85.8173,110.1831,563
2023,Trevor Richards,19309,30,RP,TOR,72.66666666666667,56,3,105,35,63,40,0,11,11,1,2,0,107.0259,101.0833,315
2023,Victor González,16408,27,RP,LAD,33.666666666666664,34,1,30,10,27,15,0,4,4,0,3,0,107.8039,91.4012,135
2023,Kenny Rosenberg,20009,27,RP,LAA,33,7,3,29,14,35,14,0,0,0,0,2,1,90.6787,95.9177,146
2023,Tyler Mahle,16358,28,SP,MIN,25.666666666666668,5,5,28,5,22,9,0,0,0,0,1,1,95.1684,106.7654,102
2023,Chris Murphy,26214,25,RP,BOS,47.666666666666664,20,0,49,17,50,26,1,0,1,0,1,0,95.2457,98.4524,212
2023,José Soriano,22100,24,RP,LAA,42,38,0,56,23,33,17,0,15,15,1,1,0,111.0149,87.0802,185
2023,Bailey Falter,20070,26,SP,2 Tms,80.66666666666667,18,14,60,20,94,48,0,0,0,0,2,3,93.7687,106.7458,347
2023,Ben Lively,14932,31,SP,CIN,88.66666666666667,19,12,79,25,96,53,0,0,0,0,4,2,87.7332,104.2872,383
2023,Touki Toussaint,16929,27,SP,2 Tms,87,20,16,85,57,69,48,0,0,0,0,4,2,91.1328,92.6531,384
2023,Luke Jackson,11752,31,RP,SFG,33.333333333333336,33,0,43,15,26,11,0,4,4,0,2,0,99.5316,103.9628,143
2023,John Brebbia,12777,33,RP,SFG,38.333333333333336,40,10,47,14,31,17,0,6,6,0,3,0,102.5865,109.1936,161
2023,Brandon Pfaadt,27782,24,SP,ARI,96,19,18,94,26,109,61,0,0,0,0,3,3,100.2518,106.4944,421
2023,Bryse Wilson,19990,25,RP,MIL,76.66666666666667,53,0,61,22,60,22,3,5,8,0,6,0,102.8903,90.8706,314
2023,Daniel Lynch IV,21537,26,SP,KCR,52.333333333333336,9,9,34,16,50,27,0,0,0,0,3,4,86.7551,107.1135,223
2023,John King,22051,28,RP,2 Tms,37.333333333333336,35,0,20,10,45,15,0,12,12,1,2,0,105.3836,101.4073,157
2023,Slade Cecconi,27500,24,RP,ARI,27,7,4,20,4,27,13,0,0,0,0,0,0,90.3505,102.7468,111
2023,Martín Pérez,6902,32,SP,TEX,141.66666666666666,35,20,93,49,150,70,0,2,2,0,10,8,89.0193,108.051,608
2023,Taylor Rogers,13449,32,RP,SFG,51.666666666666664,60,0,64,25,39,22,2,12,14,1,6,0,111.3796,98.5255,216
2023,Thomas Hatch,19264,28,RP,2 Tms,28.666666666666668,18,2,26,12,33,13,0,3,3,0,1,0,106.8027,90.8546,129
2023,Derek Law,13133,32,RP,CIN,55,54,3,45,26,50,22,2,3,5,0,4,0,98.2705,102.039,240
2023,Tommy Kahnle,11384,33,RP,NYY,40.666666666666664,42,0,48,19,26,12,2,14,16,1,1,0,94.5125,95.9646,165
2023,Giovanny Gallegos,14986,31,RP,STL,55,56,0,59,12,54,27,10,20,30,1,2,0,98.8842,102.4232,229
2023,Dakota Hudson,19206,28,SP,STL,81.33333333333333,18,12,45,34,88,45,0,1,1,0,6,4,85.9436,94.41,354
2023,Kyle Finnegan,15009,31,RP,WSN,69.33333333333333,67,0,63,24,66,29,28,8,36,1,7,0,102.2427,104.7011,288
2023,Jordan Wicks,30094,23,SP,CHC,34.666666666666664,7,7,24,11,33,17,0,0,0,0,4,3,95.0334,103.9527,147
2023,Joe Mantiply,14857,32,RP,ARI,39,35,3,28,9,35,20,0,1,1,0,2,0,104.7094,97.6497,157
2023,Beau Brieske,26079,25,RP,DET,35,25,1,31,12,36,14,2,4,6,0,2,0,102.6932,112.2023,152
2023,Carlos Hernández,22713,26,RP,KCR,70,67,4,77,31,62,41,4,17,21,1,1,0,116.9689,97.0458,300
2023,Cody Bradford,27597,25,RP,TEX,56,20,8,51,12,56,33,0,0,0,0,4,0,99.7695,105.775,234
2023,Daniel Palencia,27914,23,RP,CHC,28.333333333333332,27,0,33,14,22,14,0,2,2,0,5,0,116.7877,84.8779,119
2023,Germán Márquez,15038,28,RP,COL,20,4,4,17,3,19,11,0,0,0,0,2,1,93.3623,102.5363,80
2023,Carmen Mlodzinski,27572,24,RP,PIT,36,35,1,34,18,28,9,1,10,11,1,3,0,97.6877,99.9272,152
2023,Alex Wood,13781,32,RP,SFG,97.66666666666667,29,12,74,42,98,47,0,1,1,0,5,0,98.5465,95.9452,429
2023,Peter Lambert,17969,26,RP,COL,87.33333333333333,25,11,71,28,93,52,0,0,0,0,3,3,83.8867,102.7475,375
2023,Keaton Winn,23499,25,SP,SFG,42.333333333333336,9,5,35,8,36,22,1,0,1,0,1,2,106.8429,99.0367,172
2023,Chase Anderson,6895,35,SP,2 Tms,86.33333333333333,19,17,64,33,90,52,1,0,1,0,1,4,88.3591,100.2471,372
2023,Bowden Francis,20548,27,RP,TOR,36.333333333333336,20,0,35,8,22,7,1,0,1,0,1,0,107.5007,102.1256,136
2023,Tayler Saucedo,17888,30,RP,SEA,47.666666666666664,52,0,43,23,41,19,1,3,4,0,3,0,100.2645,90.2246,207
2023,George Soriano,21863,24,RP,MIA,52,26,1,52,23,46,22,1,0,1,0,0,0,90.5551,100.2108,228
2023,John Means,16269,30,RP,BAL,23.666666666666668,4,4,10,4,13,7,0,0,0,0,1,2,107.4877,106.9609,88
2023,Josh Staumont,18335,29,RP,KCR,20,21,1,24,13,16,12,0,1,1,0,0,0,95.7035,92.0035,89
2023,Louis Varland,27691,25,SP,MIN,68,17,10,71,17,66,35,0,2,2,0,4,5,97.9367,110.8556,283
2023,Yunior Marte,14416,28,RP,PHI,39.333333333333336,40,0,38,17,47,22,2,2,4,0,1,0,110.8242,96.2345,182
2023,Brandon Bielak,19866,27,SP,HOU,80,15,13,62,36,86,34,0,0,0,0,5,2,84.7999,97.6022,353
2023,Génesis Cabrera,17490,26,RP,2 Tms,55.666666666666664,61,0,58,24,49,25,0,10,10,1,2,0,108.1276,100.0041,239
2023,Angel Zerpa,22717,23,RP,KCR,42.666666666666664,15,3,36,8,46,23,0,2,2,0,3,0,96.2929,101.6578,182
2023,Hunter Gaddis,25636,25,SP,CLE,42,11,7,24,14,41,21,0,0,0,0,2,2,93.5564,99.447,182
2023,Jay Jackson,7432,35,RP,TOR,29.666666666666668,25,0,27,9,18,7,0,1,1,0,3,0,98.3411,97.4495,116
2023,Rafael Montero,12760,32,RP,HOU,67.33333333333333,68,0,79,29,74,38,1,10,11,1,3,0,100.8676,107.4375,298
2023,Ty Blach,14361,32,SP,COL,78,20,13,50,24,104,48,0,0,0,0,3,2,84.0994,101.7288,352
2023,Rob Zastryzny,15094,31,RP,PIT,20.666666666666668,21,1,15,13,24,11,0,2,2,0,1,0,104.6885,89.6804,97
2023,Seth Martinez,21045,28,RP,HOU,43,35,0,45,19,45,25,1,2,3,0,2,0,104.3179,95.5561,195
2023,Tyler Alexander,17735,28,RP,DET,44,25,1,44,5,44,22,0,1,1,0,2,0,99.1442,111.6536,181
2023,Tim Herrin,25139,26,RP,CLE,27.666666666666668,23,0,32,12,29,17,0,1,1,0,1,0,100.2798,102.3943,121
2023,Ray Kerr,23809,28,RP,SDP,27,22,0,35,9,25,13,0,0,0,0,1,0,100.9502,93.6414,114
2023,Caleb Thielbar,10078,36,RP,MIN,30.666666666666668,36,0,36,6,23,11,0,14,14,1,3,0,111.2398,102.9701,120
2023,Yerry De los Santos,21420,25,RP,PIT,24.333333333333332,22,0,18,13,17,9,0,3,3,0,1,0,93.9387,99.0617,104
2023,Ryan Thompson,16647,31,RP,2 Tms,30.666666666666668,31,0,21,8,20,13,1,8,9,0,1,0,120.8501,90.4243,121
2023,Luis García,6984,36,RP,SDP,59.666666666666664,61,0,53,24,59,27,0,10,10,1,2,0,112.4474,95.2079,267
2023,John Schreiber,20020,29,RP,BOS,46.666666666666664,46,2,53,25,41,20,1,10,11,1,2,0,100.3667,107.3556,204
2023,Jacob Webb,19274,29,RP,2 Tms,53.666666666666664,54,0,57,30,39,22,1,12,13,1,1,0,101.1282,101.9181,232
2023,Matt Waldron,25550,26,SP,SDP,41.333333333333336,8,6,31,12,39,20,0,0,0,0,1,1,94.1161,110.1431,173
2023,Ryne Stanek,15947,31,RP,HOU,50.666666666666664,55,0,51,21,42,23,0,3,3,0,3,0,108.6322,98.7265,213
2023,Tanner Banks,16990,31,RP,CHW,61,32,3,51,16,59,30,1,1,2,0,1,0,102.4394,106.2467,255
2023,Randy Vásquez,24719,24,RP,NYY,37.666666666666664,11,5,33,18,30,12,0,0,0,0,2,0,104.7961,88.9146,166
2023,Michael Tonkin,10315,33,RP,ATL,80,45,0,75,23,64,38,1,2,3,0,7,0,98.8514,106.0205,325
2023,Jose A. Ferrer,24017,23,RP,WSN,34,39,0,25,13,37,19,0,5,5,0,3,0,108.745,97.1818,142
2023,Grant Anderson,20546,26,RP,TEX,35.666666666666664,26,0,30,14,38,20,0,5,5,0,2,0,103.1768,102.6892,154
2023,Roansy Contreras,22810,23,SP,PIT,68.33333333333333,19,11,55,32,75,50,1,0,1,0,3,4,90.2683,99.6214,302
2023,Sean Hjelle,21481,26,RP,SFG,29,15,0,31,13,38,21,0,0,0,0,2,0,109.7084,93.9046,139
2023,Mike Baumann,20206,27,RP,BAL,64.66666666666667,60,0,61,33,52,27,0,6,6,0,10,0,99.5132,97.7199,273
2023,Dany Jiménez,21170,29,RP,OAK,23.333333333333332,25,1,21,14,11,9,1,7,8,1,0,0,97.0878,90.6555,94
2023,Jared Shuster,27472,24,SP,ATL,52.666666666666664,11,11,30,26,53,34,0,0,0,0,4,1,80.4619,96.7253,230
2023,Keegan Thompson,19795,28,RP,CHC,28.666666666666668,19,0,26,19,20,15,1,3,4,0,2,0,99.5776,84.4417,125
2023,Seranthony Domínguez,19249,28,RP,PHI,50,57,0,48,22,48,21,2,14,16,1,5,0,115.7524,86.5332,224
2023,Connor Phillips,27649,22,SP,CIN,20.666666666666668,5,5,26,13,18,16,0,0,0,0,1,1,104.7322,87.7201,96
2023,Trent Thornton,17948,29,RP,2 Tms,31.333333333333332,27,1,26,6,30,7,0,2,2,0,1,0,101.7935,113.5364,125
2023,Hogan Harris,21520,26,RP,OAK,63,14,6,56,28,67,50,0,0,0,0,3,2,98.6092,92.4664,284
2023,Dylan Lee,19996,28,RP,ATL,23.666666666666668,24,1,24,8,24,11,0,6,6,0,1,0,103.8285,103.7621,101
2023,Greg Weissert,20375,28,RP,NYY,20,17,0,22,8,21,9,0,2,2,0,0,0,112.2845,90.9086,87
2023,Brandon Walter,26056,26,RP,BOS,23,9,0,16,7,32,16,1,0,1,0,0,0,96.352,99.9939,106
2023,Nick Lodolo,26378,25,SP,CIN,34.333333333333336,7,7,47,10,50,24,0,0,0,0,2,1,104.7505,102.1947,166
2023,Jonathan Hernández,17464,26,RP,TEX,31.666666666666668,33,0,34,15,35,19,0,10,10,1,1,0,100.3853,97.8606,147
2023,Calvin Faucher,20116,27,RP,TBR,25.666666666666668,17,4,25,12,31,20,0,1,1,0,1,0,102.2618,100.0888,120
2023,Jackson Rutledge,26215,24,RP,WSN,20,4,4,12,6,24,15,0,0,0,0,1,1,89.4705,100.7344,88
2023,Richard Lovelady,19337,27,RP,OAK,23.333333333333332,27,0,24,10,15,12,0,4,4,0,0,0,92.2821,102.0753,96
2023,Robert Suarez,30115,32,RP,SDP,27.666666666666668,26,0,24,10,15,13,0,8,8,0,4,0,113.1001,103.065,108
2023,Noah Davis,25862,26,SP,COL,30,8,6,26,15,43,29,0,0,0,0,0,0,91.2828,91.742,146
2023,Jordan Weems,13190,30,RP,WSN,54.666666666666664,51,0,60,28,38,22,0,7,7,0,5,0,100.5752,94.7092,232
2023,Spencer Turnbull,16207,30,SP,DET,31,7,7,24,15,37,25,0,0,0,0,1,0,91.3831,95.902,145
2023,Nate Pearson,20160,26,RP,TOR,42.666666666666664,35,0,43,18,36,23,1,3,4,0,5,0,101.627,94.7725,182
2023,Yohan Ramírez,19444,28,RP,2 Tms,38.333333333333336,31,0,35,17,39,18,0,3,3,0,1,0,110.9805,86.6915,176
2023,Adam Ottavino,1247,37,RP,NYM,61.666666666666664,66,0,62,29,46,22,12,12,24,1,1,0,105.3084,86.8087,261
2023,Bryce Jarvis,27477,25,RP,ARI,23.666666666666668,11,1,12,9,14,8,0,0,0,0,2,0,85.1795,96.152,92
2023,Gus Varland,24737,26,RP,2 Tms,20.333333333333332,16,0,20,16,27,15,0,1,1,0,1,0,99.5402,98.325,103
2023,Kyle Harrison,27758,21,SP,SFG,34.666666666666664,7,7,35,11,29,16,0,0,0,0,1,1,92.9424,104.285,147
2023,Andre Pallante,26108,24,RP,STL,68,62,0,43,30,76,36,0,13,13,1,4,0,102.5591,99.1964,302
2023,Scott McGough,12056,33,RP,ARI,70.33333333333333,63,1,86,30,60,37,9,14,23,1,2,0,91.6541,97.0886,301
2023,Connor Brogdon,21205,28,RP,PHI,29,27,1,26,13,29,13,0,3,3,0,2,0,106.8351,101.6156,127
2023,Carlos Rodón,16137,30,SP,NYY,64.33333333333333,14,14,64,28,65,49,0,0,0,0,3,3,107.3022,94.0698,286
2023,Sam Long,25379,27,RP,OAK,45,40,1,32,21,49,28,2,5,7,0,0,0,99.7032,100.3533,199
2023,Cole Sands,21461,25,RP,MIN,21.666666666666668,15,0,21,13,20,9,0,0,0,0,0,0,92.6787,95.6112,98
2023,Ron Marinaccio,23488,27,RP,NYY,47.333333333333336,45,0,56,27,35,21,2,7,9,0,4,0,100.3532,88.6137,205
2023,Kirby Yates,9073,36,RP,ATL,60.333333333333336,61,0,80,37,35,22,5,9,14,1,7,0,92.0759,87.1967,254
2023,Trevor Williams,16977,31,SP,WSN,144.33333333333334,30,30,111,53,178,89,0,0,0,0,6,5,84.1867,106.3473,659
2023,Brad Keller,15734,27,SP,KCR,45.333333333333336,11,9,31,45,42,23,0,0,0,0,3,1,90.5202,80.5407,211
2023,Kaleb Ort,20061,31,RP,BOS,23,21,2,24,9,27,16,0,1,1,0,1,0,105.058,95.0668,107
2023,Ross Stripling,13273,33,SP,SFG,89,22,11,70,16,104,53,0,0,0,0,0,2,91.6689,109.6255,381
2023,Ryan Weathers,23796,23,SP,2 Tms,57.666666666666664,15,12,43,29,68,42,0,1,1,0,1,2,91.4306,99.8919,257
2023,Taylor Clarke,17611,30,RP,KCR,59,58,2,65,24,71,39,3,12,15,1,3,0,96.4198,108.8972,266
2023,Austin Voth,15047,31,RP,BAL,34.666666666666664,25,0,34,15,39,20,0,4,4,0,1,0,101.3436,94.8393,160
2023,Jimmy Herget,17556,29,RP,LAA,29,29,1,26,8,33,15,0,6,6,0,2,0,107.6419,106.3547,127
2023,Nick Sandlin,20517,26,RP,CLE,60,61,0,66,24,38,25,0,10,10,1,5,0,108.0529,102.3506,239
2023,Brock Burke,17968,26,RP,TEX,59.666666666666664,53,0,52,9,64,29,0,12,12,1,5,0,96.5823,112.6307,250
2023,Carlos Carrasco,6632,36,SP,NYM,90,20,20,66,38,115,68,0,0,0,0,3,3,89.0492,94.6966,417
2023,Yonny Chirinos,16401,29,RP,2 Tms,85,20,9,53,27,91,51,0,1,1,0,5,0,91.2534,103.8576,367
2023,Erasmo Ramírez,10314,33,RP,2 Tms,60.333333333333336,38,2,43,13,82,43,0,2,2,0,3,0,96.7321,102.3879,274
2023,Brent Headrick,27702,25,RP,MIN,25.666666666666668,14,0,30,10,27,18,1,0,1,0,3,0,100.3189,93.6535,117
2023,AJ Smith-Shawver,29960,20,SP,ATL,25.333333333333332,6,5,20,11,17,12,0,0,0,0,1,0,89.8265,90.6967,105
2023,Cooper Criswell,24975,26,RP,TBR,33,10,0,27,11,40,21,0,0,0,0,1,0,102.5532,97.4831,151
2023,Bryan Hoeing,26304,26,RP,MIA,70.66666666666667,33,7,53,25,71,43,0,1,1,0,2,0,102.7404,101.4869,304
2023,Collin Snider,23307,27,RP,KCR,20.333333333333332,20,1,11,13,24,11,1,3,4,0,0,0,103.743,92.9723,95
2023,Hayden Wesneski,27581,25,RP,CHC,89.33333333333333,34,11,83,32,82,46,0,2,2,0,3,3,102.5053,102.3675,379
2023,Ronel Blanco,19407,29,RP,HOU,52,17,7,52,28,49,26,0,0,0,0,2,3,90.2574,95.6179,226
2023,Luis Ortiz,27646,24,SP,PIT,86.66666666666667,18,15,59,48,99,46,0,0,0,0,5,3,95.1293,92.2323,400
2023,Michael Soroka,18383,25,SP,ATL,32.333333333333336,7,6,29,12,36,23,0,0,0,0,2,1,87.6868,104.1421,145
2023,Alek Manoah,26410,25,SP,TOR,87.33333333333333,19,19,79,59,93,57,0,0,0,0,3,4,90.5912,89.1359,415
2023,Gavin Stone,27792,24,RP,LAD,31,8,4,22,13,46,31,1,0,1,0,1,0,93.0585,97.5915,152
2023,Brent Honeywell,16466,28,RP,2 Tms,52.333333333333336,40,0,45,23,53,28,0,4,4,0,2,0,95.3273,100.7763,234
2023,Tim Hill,16814,33,RP,SDP,44.333333333333336,48,0,26,14,59,27,0,9,9,0,1,0,113.8663,94.5966,202
2023,Wandy Peralta,14295,31,RP,NYY,54,63,0,51,30,36,17,4,18,22,1,4,0,98.3167,98.5701,227
2023,Alec Marsh,27451,25,RP,KCR,74.33333333333333,17,8,85,39,77,47,0,0,0,0,3,1,87.8135,92.4551,342
2023,José Suarez,19911,25,SP,LAA,33.666666666666664,11,7,28,20,46,31,0,0,0,0,1,0,96.9822,94.2522,165
2023,Josh Fleming,20418,27,RP,TBR,51.666666666666664,12,3,25,19,56,27,0,0,0,0,2,0,103.7256,102.3325,221
2023,Chris Flexen,13896,28,SP,2 Tms,102.33333333333333,29,16,74,38,133,78,0,0,0,0,2,2,83.7743,100.98,466
2023,Dylan Dodd,29928,25,SP,ATL,34.333333333333336,7,7,15,12,53,29,0,0,0,0,2,1,91.123,106.2101,164
2023,Joey Wentz,19962,25,SP,DET,105.66666666666667,25,19,98,47,131,81,0,0,0,0,3,1,95.7182,96.8537,492
2023,José Ureña,11589,31,SP,2 Tms,44.666666666666664,10,10,29,22,50,32,0,0,0,0,0,2,89.7119,97.1857,203
2023,Luis Severino,15890,29,SP,NYY,89.33333333333333,19,18,79,34,113,66,0,0,0,0,4,5,101.5771,102.0323,417
2023,Chad Kuhl,14975,30,RP,WSN,38.333333333333336,16,5,31,28,47,36,1,0,1,0,0,0,91.8221,91.6545,187
2023,Quinn Priester,25977,22,SP,PIT,50,10,8,36,27,58,43,0,0,0,0,3,1,92.7797,103.0608,234
2023,Adam Cimber,15288,32,RP,TOR,20.666666666666668,22,0,12,7,25,17,1,1,2,0,0,0,116.989,90.1196,95
2023,Jake Woodford,18674,26,SP,STL,47.666666666666664,15,8,29,22,61,33,0,0,0,0,2,0,90.3116,105.2548,222
2023,Mason Englert,22288,23,RP,DET,56,31,1,41,17,67,34,0,2,2,0,4,0,87.0429,111.3146,253
2023,José Ruiz,14552,28,RP,2 Tms,44.333333333333336,38,1,39,21,52,29,0,1,1,0,2,0,96.6494,99.2915,207
2023,Kyle Muller,20167,25,SP,OAK,77,21,13,56,39,112,65,0,0,0,0,1,0,89.7229,97.8692,372
2023,Eric Lauer,19316,28,SP,MIL,46.666666666666664,10,9,43,24,54,34,0,0,0,0,4,2,91.9728,92.2539,211
2023,Jorge López,14527,30,RP,3 Tms,59,61,0,49,22,67,39,3,10,13,1,6,0,109.073,99.198,266
2023,Michael Kopech,17282,27,SP,CHW,129.33333333333334,30,27,134,91,115,78,0,0,0,0,5,5,97.7054,84.0338,591
2024,Chris Sale,10603,35,SP,ATL,177.66666666666666,29,29,225,39,141,47,0,0,0,0,18,18,104.2276,110.8341,702
2024,Tarik Skubal,22267,27,SP,DET,192,31,31,228,35,142,51,0,0,0,0,18,22,112.1932,100.0976,753
2024,Zack Wheeler,10310,34,SP,PHI,200,32,32,224,52,139,57,0,0,0,0,16,26,110.0621,104.201,787
2024,Cole Ragans,21846,26,SP,KCR,186.33333333333334,32,32,223,67,146,65,0,0,0,0,11,21,109.8906,99.337,762
2024,Dylan Cease,18525,28,SP,SDP,189.33333333333334,33,33,224,65,137,73,0,0,0,0,14,16,109.7713,103.5367,762
2024,Seth Lugo,12447,34,SP,KCR,206.66666666666666,33,33,181,48,177,69,0,0,0,0,16,22,96.7431,99.6889,836
2024,Cristopher Sánchez,20778,27,SP,PHI,181.66666666666666,31,31,153,44,182,67,0,0,0,0,11,17,106.63720000000001,103.1909,754
2024,Garrett Crochet,27463,25,SP,CHW,146,32,32,209,33,123,58,0,0,0,0,6,11,115.6855,102.7994,595
2024,Logan Webb,17995,27,SP,SFG,204.66666666666666,33,33,172,50,202,79,0,0,0,0,13,20,108.9371,104.2573,841
2024,Paul Skenes,33677,22,SP,PIT,133,23,23,170,32,94,29,0,0,0,0,11,15,108.4921,110.0664,514
2024,George Kirby,25436,26,SP,SEA,191,33,33,179,23,181,75,0,0,0,0,14,20,104.1489,109.9048,778
2024,Logan Gilbert,22250,27,SP,SEA,208.66666666666666,33,33,220,37,148,75,0,0,0,0,9,22,96.2457,112.58,803
2024,Michael King,19853,29,SP,SDP,173.66666666666666,31,30,201,63,144,57,0,0,0,0,13,14,95.6541,103.8473,726
2024,Tyler Glasnow,14374,30,SP,LAD,134,22,22,168,35,92,52,0,0,0,0,9,14,107.5391,100.352,522
2024,Tanner Houck,19879,28,SP,BOS,178.66666666666666,30,30,154,48,156,62,0,0,0,0,9,19,103.9735,105.0859,743
2024,Corbin Burnes,19361,29,SP,BAL,194.33333333333334,32,32,181,48,165,63,0,0,0,0,15,22,113.1886,103.7791,784
2024,Sonny Gray,12768,34,SP,STL,166.33333333333334,28,28,203,39,142,71,0,0,0,0,13,13,97.3238,105.5477,671
2024,Hunter Greene,22182,24,SP,CIN,150.33333333333334,26,26,169,57,96,46,0,0,0,0,9,13,113.1336,96.3196,611
2024,Framber Valdez,17295,30,SP,HOU,176.33333333333334,28,28,169,55,140,57,0,0,0,0,15,17,107.2923,100.5938,703
2024,Yusei Kikuchi,20633,33,SP,2 Tms,175.66666666666666,32,32,206,44,167,79,0,0,0,0,9,12,103.9134,106.315,736
2024,Reynaldo López,16400,30,SP,ATL,135.66666666666666,26,25,148,42,108,30,0,1,1,0,8,14,97.9595,102.6044,543
2024,Ranger Suárez,17277,28,SP,PHI,150.66666666666666,27,27,145,41,140,58,0,0,0,0,12,11,97.4348,110.9709,626
2024,Erick Fedde,17425,31,SP,2 Tms,177.33333333333334,31,31,154,52,154,65,0,0,0,0,9,13,90.5198,109.2668,726
2024,Nick Martinez,12730,33,RP,CIN,142.33333333333334,42,16,116,18,128,49,0,6,6,0,10,6,95.0607,113.0642,570
2024,Max Fried,13743,30,SP,ATL,174.33333333333334,29,29,166,57,146,63,0,0,0,0,11,16,103.5126,98.94,714
2024,Jack Flaherty,17479,28,SP,2 Tms,162,28,28,194,38,135,57,0,0,0,0,13,15,98.6687,104.9449,649
2024,Michael Wacha,14078,32,SP,KCR,166.66666666666666,29,29,145,45,154,62,0,0,0,0,13,14,100.4175,104.4478,685
2024,Tanner Bibee,30134,25,SP,CLE,173.66666666666666,31,31,187,44,150,67,0,0,0,0,12,12,102.7688,99.5674,710
2024,Pablo López,17085,28,SP,MIN,185.33333333333334,32,32,198,41,180,84,0,0,0,0,15,18,93.6738,112.8856,772
2024,MacKenzie Gore,22201,25,SP,WSN,166.33333333333334,32,32,181,65,171,72,0,0,0,0,10,11,104.3396,98.1701,731
2024,Hunter Brown,25880,25,SP,HOU,170,31,30,179,60,156,66,0,0,0,0,11,19,104.5516,99.3678,712
2024,Joe Ryan,21390,28,SP,MIN,135,23,23,147,23,110,54,0,0,0,0,7,13,105.008,110.3778,538
2024,Brandon Pfaadt,27782,25,SP,ARI,181.66666666666666,32,32,185,42,183,95,0,0,0,0,11,13,102.9736,107.2825,760
2024,Aaron Nola,16149,31,SP,PHI,199.33333333333334,33,33,197,50,189,79,0,0,0,0,14,20,111.6037,101.2372,820
2024,Shota Imanaga,33829,30,SP,CHC,173.33333333333334,29,29,174,28,149,56,0,0,0,0,15,19,97.4705,108.901,694
2024,Blake Snell,13543,31,SP,SFG,104,20,20,145,44,65,36,0,0,0,0,5,10,105.4003,102.8688,418
2024,Nestor Cortes,17874,29,SP,NYY,174.33333333333334,31,30,162,39,162,73,0,0,0,0,9,13,108.1895,98.0524,710
2024,Justin Steele,17312,28,SP,CHC,134.66666666666666,24,24,135,37,111,46,0,0,0,0,5,11,101.0208,101.8755,555
2024,Kevin Gausman,14107,33,SP,TOR,181,31,31,162,56,165,77,0,0,0,0,14,16,95.7061,104.8871,756
2024,Bailey Ober,21224,28,SP,MIN,178.66666666666666,31,31,191,43,136,79,0,0,0,0,12,18,96.8207,107.3808,709
2024,Yoshinobu Yamamoto,33825,25,SP,LAD,90,18,18,105,22,78,30,0,0,0,0,7,7,96.9948,107.7693,368
2024,Zac Gallen,19291,28,SP,ARI,148,28,28,156,54,133,60,0,0,0,0,14,12,91.5201,104.1441,621
2024,Zach Eflin,13774,30,SP,2 Tms,165.33333333333334,28,28,134,24,166,66,0,0,0,0,10,13,99.9726,109.012,684
2024,Sean Manaea,15873,32,SP,NYM,181.66666666666666,32,32,184,63,134,70,0,0,0,0,12,15,98.3177,97.1801,738
2024,Bryce Miller,29837,25,SP,SEA,180.33333333333334,31,31,171,45,131,59,0,0,0,0,12,18,105.3903,102.8722,704
2024,Cade Smith,27867,25,RP,CLE,75.33333333333333,74,0,103,17,51,16,1,26,27,1,6,0,104.0435,105.8664,289
2024,Spencer Schwellenbach,31846,24,SP,ATL,123.66666666666667,21,21,127,23,106,46,0,0,0,0,8,12,107.0477,106.7861,500
2024,Nathan Eovaldi,9132,34,SP,TEX,170.66666666666666,29,29,166,42,147,72,0,0,0,0,12,16,99.7103,103.6303,696
2024,Griffin Jax,20253,29,RP,MIN,71,72,0,95,15,47,16,10,24,34,1,5,0,109.6018,120.0145,276
2024,Reese Olson,24968,24,SP,DET,112.33333333333333,22,22,101,33,100,44,0,0,0,0,4,9,93.0851,99.4033,465
2024,Ryan Feltner,21446,27,SP,COL,162.33333333333334,30,30,138,52,165,81,0,0,0,0,3,13,92.9821,99.6236,692
2024,Brady Singer,25377,27,SP,KCR,179.66666666666666,32,32,170,54,175,74,0,0,0,0,9,13,90.5273,100.0192,762
2024,Mitchell Parker,27636,24,SP,WSN,151,29,29,133,43,154,72,0,0,0,0,7,11,88.9645,102.2715,646
2024,Jameson Taillon,11674,32,SP,CHC,165.33333333333334,28,28,125,33,154,60,0,0,0,0,12,16,92.7816,107.9175,675
2024,Mason Miller,31757,25,RP,OAK,65,55,0,104,21,36,18,28,0,28,1,2,0,129.1335,92.7944,249
2024,Chris Bassitt,12304,35,SP,TOR,171,31,31,168,70,180,79,0,0,0,0,10,12,98.2054,97.1729,758
2024,Luis Castillo,15689,31,SP,SEA,175.33333333333334,30,30,175,47,158,71,0,0,0,0,11,18,103.036,103.4246,719
2024,Freddy Peralta,18679,28,SP,MIL,173.66666666666666,32,32,200,68,143,71,0,0,0,0,11,11,98.879,101.867,725
2024,Zack Littell,15823,28,SP,TBR,156.33333333333334,29,29,141,31,164,63,0,0,0,0,8,10,89.4217,109.6584,656
2024,Ryan Helsley,18138,29,RP,STL,66.33333333333333,65,0,79,23,50,15,49,0,49,1,7,0,129.1097,95.0303,266
2024,Emmanuel Clase,21032,26,RP,CLE,74.33333333333333,74,0,66,10,39,5,47,0,47,1,4,0,127.9788,101.4563,270
2024,Bryan Woo,30279,24,SP,SEA,121.33333333333333,22,22,101,13,96,39,0,0,0,0,9,10,107.0032,109.8849,472
2024,Ronel Blanco,19407,30,SP,HOU,167.33333333333334,30,29,166,68,114,52,0,0,0,0,13,14,90.2029,102.6266,676
2024,Andrew Heaney,15423,33,SP,TEX,160,32,31,159,41,159,76,0,0,0,0,5,7,99.3799,102.5997,693
2024,Mitch Keller,17594,28,SP,PIT,178,31,31,166,50,182,84,0,0,0,0,11,15,100.3484,97.3539,773
2024,Ryne Nelson,26253,26,SP,ARI,150.66666666666666,28,25,126,34,155,71,1,0,1,0,10,12,102.1793,102.5753,630
2024,Gavin Stone,27792,25,SP,LAD,140.33333333333334,25,25,116,37,133,55,0,0,0,0,11,10,99.1523,102.6975,580
2024,Tobias Myers,22191,25,SP,MIL,138,27,25,127,36,126,46,0,0,0,0,9,7,91.2282,102.0557,569
2024,Luis Severino,15890,30,SP,NYM,182,31,31,161,60,166,79,0,0,0,0,11,14,108.6063,95.5316,761
2024,Luis Gil,21052,26,SP,NYY,151.66666666666666,29,29,171,77,104,59,0,0,0,0,15,10,105.6282,91.9609,637
2024,Matt Strahm,13799,32,RP,PHI,62.666666666666664,66,0,79,11,36,13,3,18,21,1,6,0,115.1001,101.0763,237
2024,Jeff Hoffman,17432,31,RP,PHI,66.33333333333333,68,0,89,16,48,16,10,21,31,1,3,0,114.906,98.7065,265
2024,Grayson Rodriguez,24492,24,SP,BAL,116.66666666666667,20,20,130,36,109,50,0,0,0,0,13,11,107.6898,105.6037,491
2024,Nick Pivetta,15454,31,SP,BOS,145.66666666666666,27,26,172,36,128,67,0,0,0,0,6,11,102.7811,106.9999,595
2024,Nick Lodolo,26378,26,SP,CIN,115.33333333333333,21,21,122,37,101,61,0,0,0,0,9,8,104.2249,96.8254,493
2024,Brayan Bello,23920,25,SP,BOS,162.33333333333334,30,30,153,64,157,81,0,0,0,0,14,10,97.3977,107.3263,702
2024,Trevor Williams,16977,32,SP,WSN,66.66666666666667,13,13,59,18,51,15,0,0,0,0,6,1,89.7315,103.4208,260
2024,Miles Mikolas,9803,35,SP,STL,171.66666666666666,32,32,122,25,194,102,0,0,0,0,10,15,94.1092,108.1815,720
2024,Kirby Yates,9073,37,RP,TEX,61.666666666666664,61,0,85,28,23,8,33,2,35,1,7,0,96.6824,99.2956,237
2024,Ryan Pepiot,26221,26,SP,TBR,130,26,26,142,48,102,52,0,0,0,0,8,9,109.6833,98.3315,539
2024,David Peterson,20302,28,SP,NYM,121,21,21,101,46,110,39,0,0,0,0,10,12,93.3495,97.9393,510
2024,David Robertson,8241,39,RP,TEX,72,68,0,99,27,53,24,2,34,36,1,3,0,111.7905,97.0033,296
2024,Simeon Woods Richardson,24494,23,SP,MIN,133.66666666666666,28,28,117,48,125,62,0,0,0,0,5,7,90.2422,106.3599,569
2024,Kutter Crawford,20531,28,SP,BOS,183.66666666666666,33,33,175,51,155,89,0,0,0,0,9,15,99.8816,104.3362,759
2024,Joe Jiménez,15761,29,RP,ATL,68.66666666666667,69,0,82,23,45,20,3,27,30,1,1,0,103.6486,103.6129,277
2024,Jake Irvin,21504,27,SP,WSN,187.66666666666666,33,33,156,52,173,92,0,0,0,0,10,16,98.5991,102.8835,769
2024,Jon Gray,14916,32,SP,TEX,102.66666666666667,23,19,86,28,107,51,0,0,0,0,5,7,88.9249,104.1402,439
2024,Andre Pallante,26108,25,SP,STL,121.33333333333333,29,20,94,48,110,51,0,1,1,0,8,7,96.5979,100.6022,509
2024,Gerrit Cole,13125,33,SP,NYY,95,17,17,99,29,78,36,0,0,0,0,8,8,106.9064,100.4188,390
2024,Matt Waldron,25550,27,SP,SDP,146.66666666666666,27,26,133,40,145,80,0,0,0,0,7,10,90.4876,104.6019,625
2024,Jared Jones,27863,22,SP,PIT,121.66666666666667,22,22,132,39,106,56,0,0,0,0,6,11,103.7816,104.8917,504
2024,Patrick Corbin,9323,34,SP,WSN,174.66666666666666,32,32,139,54,208,109,0,0,0,0,6,9,93.4564,101.8866,764
2024,A.J. Puk,19343,29,RP,2 Tms,71.33333333333333,62,4,88,28,51,25,3,14,17,1,4,0,108.5262,111.2641,294
2024,Ryan Walker,20423,28,RP,SFG,80,76,1,99,18,50,17,10,21,31,1,10,0,111.3235,105.2187,308
2024,Lucas Erceg,19360,29,RP,2 Tms,61.666666666666664,61,0,72,16,49,23,14,18,32,1,2,0,111.375,104.9903,253
2024,José Soriano,22100,25,SP,LAA,113,22,20,97,45,91,43,0,1,1,0,6,9,106.5994,102.4479,468
2024,Bailey Falter,20070,27,SP,PIT,142.33333333333334,28,28,97,45,138,70,0,0,0,0,8,8,96.2256,98.0508,589
2024,Clarke Schmidt,19899,28,SP,NYY,85.33333333333333,16,16,93,30,71,27,0,0,0,0,5,2,106.8097,100.1657,353
2024,Spencer Arrighetti,29921,24,SP,HOU,145,29,28,171,65,139,73,0,0,0,0,7,10,100.368,97.8217,632
2024,Edwin Uceta,20539,26,RP,TBR,41.666666666666664,30,0,57,8,26,7,5,7,12,1,2,0,102.9038,105.3197,159
2024,DJ Herz,26389,23,SP,WSN,88.66666666666667,19,19,106,36,76,41,0,0,0,0,4,2,98.8006,93.3726,382
2024,Tanner Scott,17586,29,RP,2 Tms,72,72,0,84,36,45,14,22,11,33,1,9,0,123.6857,96.3424,294
2024,Jeremiah Estrada,22210,25,RP,SDP,61,62,0,94,23,42,20,1,16,17,1,6,0,107.0098,113.5845,252
2024,Hunter Gaddis,25636,26,RP,CLE,74.66666666666667,78,0,66,14,43,13,0,33,33,1,6,0,99.1191,110.0763,278
2024,Carlos Rodón,16137,31,SP,NYY,175,32,32,195,57,157,77,0,0,0,0,16,16,111.0294,94.5453,736
2024,Raisel Iglesias,17130,34,RP,ATL,69.33333333333333,66,0,68,13,38,15,34,0,34,1,6,0,107.4869,103.2417,259
2024,Cody Bradford,27597,26,SP,TEX,76.33333333333333,14,13,70,13,64,30,0,0,0,0,6,8,88.7411,111.7149,308
2024,Robert Garcia,23363,28,RP,WSN,59.666666666666664,72,0,75,16,55,28,0,13,13,1,3,0,103.2523,106.5101,251
2024,Tyler Anderson,12880,34,SP,LAA,179.33333333333334,31,31,142,73,158,76,0,0,0,0,10,12,98.255,96.4124,765
2024,Cole Sands,21461,26,RP,MIN,71.33333333333333,62,0,85,12,59,26,4,5,9,0,9,0,98.5846,108.4283,292
2024,Taj Bradley,22543,23,SP,TBR,138,25,25,154,47,122,63,0,0,0,0,8,10,108.5022,90.248,578
2024,Albert Suárez,6175,34,SP,BAL,133.66666666666666,32,24,108,43,130,55,0,1,1,0,9,7,89.4116,103.0363,565
2024,Tyler Holton,26231,28,RP,DET,94.33333333333333,66,9,77,17,57,23,8,14,22,1,7,0,100.8081,101.6044,354
2024,Orion Kerkering,31776,23,RP,PHI,63,64,2,74,17,51,16,0,14,14,1,5,0,119.3629,107.6646,257
2024,Justin Slaten,25648,26,RP,BOS,55.333333333333336,44,0,58,9,47,18,2,13,15,1,6,0,108.0647,100.3665,224
2024,Dean Kremer,19350,28,SP,BAL,129.66666666666666,24,24,123,51,110,59,0,0,0,0,8,9,96.2801,99.5257,553
2024,Keegan Akin,19362,29,RP,BAL,78.66666666666667,66,0,97,19,55,29,1,6,7,0,3,0,111.1834,100.4036,313
2024,Kyle Gibson,10123,36,SP,STL,169.66666666666666,30,30,151,68,161,80,0,0,0,0,8,13,87.1761,99.9492,722
2024,Kenley Jansen,3096,36,RP,BOS,54.666666666666664,54,0,62,20,38,20,27,0,27,1,4,0,120.068,97.0239,218
2024,Tylor Megill,21318,28,SP,NYM,78,16,15,91,32,70,35,0,0,0,0,4,3,103.3799,95.2428,337
2024,Justin Martinez,24453,22,RP,ARI,72.66666666666667,64,0,91,36,59,20,8,7,15,1,5,0,121.3838,94.4081,308
2024,Joe Musgrove,12970,31,SP,SDP,99.66666666666667,19,19,101,23,94,43,0,0,0,0,6,10,108.1603,97.1336,410
2024,Kyle Bradish,24586,27,SP,BAL,39.333333333333336,8,8,53,15,27,12,0,0,0,0,2,2,97.1223,109.6768,163
2024,Alec Marsh,27451,26,SP,KCR,129,26,25,123,39,123,65,0,0,0,0,9,5,94.3464,96.9654,548
2024,Osvaldo Bido,23150,28,SP,OAK,63.333333333333336,16,9,63,26,43,24,0,1,1,0,5,4,104.3935,82.0776,259
2024,Casey Mize,20492,27,SP,DET,102.33333333333333,22,20,78,29,121,51,0,0,0,0,2,6,99.0333,104.2586,452
2024,Calvin Faucher,20116,28,RP,MIA,53.666666666666664,53,0,63,26,49,19,6,11,17,1,2,0,100.3476,94.1002,235
2024,Declan Cronin,25645,26,RP,MIA,70.33333333333333,56,0,72,25,75,34,0,8,8,0,3,0,92.6857,99.9631,306
2024,Lance Lynn,2520,37,SP,STL,117.33333333333333,23,23,109,44,113,50,0,0,0,0,7,7,97.8524,94.5705,511
2024,Chris Flexen,13896,29,SP,CHW,160,33,30,123,63,180,88,0,0,0,0,3,10,81.4574,99.6733,707
2024,Jason Adam,11861,32,RP,2 Tms,73.66666666666667,74,0,81,23,40,16,4,31,35,1,7,0,109.2253,94.2195,282
2024,Ben Brown,23590,24,SP,CHC,55.333333333333336,15,8,64,19,41,22,0,1,1,0,1,2,99.7233,94.8574,222
2024,Frankie Montas,14309,31,SP,2 Tms,150.66666666666666,30,30,148,66,140,81,0,0,0,0,7,9,102.421,98.4367,655
2024,Austin Gomber,16561,30,SP,COL,165,30,30,116,38,178,87,0,0,0,0,5,12,91.1204,105.8888,696
2024,Kevin Ginkel,19876,30,RP,ARI,70,72,0,77,15,69,25,5,17,22,1,8,0,94.9395,112.1022,291
2024,Gavin Williams,30122,24,SP,CLE,76,16,16,79,32,72,41,0,0,0,0,3,3,101.4376,102.7393,332
2024,Mitch Spence,27707,26,SP,OAK,151.33333333333334,35,24,126,44,165,77,0,1,1,0,8,4,103.3218,102.0479,651
2024,Patrick Sandoval,19447,27,SP,LAA,79.66666666666667,16,16,81,35,85,45,0,0,0,0,2,4,99.6894,103.5503,353
2024,Jhoan Duran,21029,26,RP,MIN,54.333333333333336,58,0,66,15,48,22,23,7,30,1,6,0,124.9551,92.7407,228
2024,Joe Mantiply,14857,33,RP,ARI,59.666666666666664,75,2,53,18,52,26,1,16,17,1,6,0,105.7322,98.2962,243
2024,Fernando Cruz,7048,34,RP,CIN,66.66666666666667,69,3,109,35,54,36,0,23,23,1,3,0,104.0802,89.4883,288
2024,Grant Holmes,16944,28,RP,ATL,68.33333333333333,26,7,70,15,66,27,0,1,1,0,2,1,89.6094,100.4837,282
2024,JP Sears,23429,28,SP,OAK,180.66666666666666,32,32,137,49,172,88,0,0,0,0,11,13,95.3784,103.9488,758
2024,Clay Holmes,13649,31,RP,NYY,63,67,0,68,22,60,22,30,2,32,1,3,0,125.7785,101.7854,271
2024,Will Vest,19769,29,RP,DET,70.33333333333333,69,0,63,18,61,22,2,14,16,1,3,0,97.7442,107.4094,289
2024,Dennis Santana,17878,28,RP,2 Tms,71.66666666666667,62,0,69,21,57,31,3,12,15,1,3,0,104.5002,92.7004,287
2024,Mark Leiter Jr.,15551,33,RP,2 Tms,58,60,0,86,22,55,29,0,15,15,1,4,0,88.7781,100.9934,256
2024,Carlos Estévez,14542,31,RP,2 Tms,55,54,0,50,12,38,15,26,0,26,1,4,0,102.1602,103.4464,212
2024,José Berríos,14168,30,SP,TOR,192.33333333333334,32,32,153,54,168,77,0,0,0,0,16,21,93.6597,103.7176,786
2024,Tanner Banks,16990,32,RP,2 Tms,72.33333333333333,63,2,78,25,69,32,2,8,10,1,2,0,100.8867,104.6448,311
2024,Charlie Morton,4676,40,SP,ATL,165.33333333333334,30,30,167,65,154,77,0,0,0,0,8,12,97.6056,95.6913,701
2024,Derek Law,13133,33,RP,WSN,90,75,0,76,24,82,26,1,17,18,1,7,0,95.1915,106.7487,365
2024,Adrian Morejon,20039,25,RP,SDP,63.666666666666664,60,0,71,21,63,20,2,12,14,1,3,0,124.3449,104.3192,272
2024,Alex Vesia,25007,28,RP,LAD,66.33333333333333,67,0,87,33,33,13,5,13,18,1,5,0,114.0764,96.5821,263
2024,Cooper Criswell,24975,27,SP,BOS,99.33333333333333,26,18,73,31,103,45,0,0,0,0,6,1,103.0367,101.3365,424
2024,Ross Stripling,13273,34,SP,OAK,85.33333333333333,22,14,49,22,109,57,0,1,1,0,2,2,84.5378,110.9437,381
2024,Aaron Bummer,16258,30,RP,ATL,55.333333333333336,56,0,69,18,61,22,0,2,2,0,4,0,114.0819,98.1226,244
2024,John Schreiber,20020,30,RP,KCR,51.666666666666664,59,0,46,20,48,21,2,23,25,1,4,0,100.1213,102.4904,224
2024,Aroldis Chapman,10233,36,RP,PIT,61.666666666666664,68,0,98,39,44,26,14,22,36,1,5,0,105.2688,112.5864,265
2024,Shane Baz,22264,25,SP,TBR,79.33333333333333,14,14,69,27,57,27,0,0,0,0,4,8,102.2815,96.3475,319
2024,Edwin Díaz,14710,30,RP,NYM,53.666666666666664,54,0,84,20,36,21,20,2,22,1,6,0,114.5934,95.6061,216
2024,Yariel Rodríguez,33838,27,SP,TOR,86.66666666666667,21,21,85,40,74,43,0,0,0,0,1,2,93.5179,93.4666,368
2024,Ryan Weathers,23796,24,SP,MIA,86.66666666666667,16,16,80,24,78,35,0,0,0,0,5,7,100.2067,99.5481,367
2024,Yu Darvish,13074,37,SP,SDP,81.66666666666667,16,16,78,22,65,30,0,0,0,0,7,5,99.7656,100.9619,331
2024,Jonathan Cannon,31730,23,SP,CHW,124.33333333333333,23,21,91,40,125,62,1,0,1,0,5,7,95.5948,104.2526,522
2024,David Festa,30056,24,SP,MIN,64.33333333333333,14,13,77,23,62,35,0,0,0,0,2,1,96.7289,102.1579,277
2024,Chris Paddack,20099,28,SP,MIN,88.33333333333333,17,17,79,21,102,49,0,0,0,0,5,4,92.2623,112.7671,384
2024,Jose Quintana,11423,35,SP,NYM,170.33333333333334,31,31,135,63,150,71,0,0,0,0,10,12,88.0411,101.1015,717
2024,Javier Assad,21741,26,SP,CHC,147,29,29,124,63,143,61,0,0,0,0,7,6,90.9907,97.5674,638
2024,Bowden Francis,20548,28,RP,TOR,103.66666666666667,27,13,92,22,74,38,0,0,0,0,8,7,98.7208,102.6362,408
2024,Andrew Abbott,29911,25,SP,CIN,138,25,25,114,52,127,57,0,0,0,0,10,9,94.0844,97.8045,586
2024,Blake Treinen,12572,36,RP,LAD,46.666666666666664,50,0,56,11,33,10,1,16,17,1,7,0,104.8336,108.9921,184
2024,Trevor Megill,17722,30,RP,MIL,46.333333333333336,48,0,50,14,33,14,21,6,27,1,1,0,117.3485,99.1035,183
2024,Luke Weaver,16918,30,RP,NYY,84,62,0,103,26,52,27,4,22,26,1,7,0,100.2141,97.7864,331
2024,Drew Rasmussen,25385,28,RP,TBR,28.666666666666668,16,4,35,6,25,9,1,3,4,0,0,0,128.4816,95.7641,116
2024,Tim Herrin,25139,27,RP,CLE,65.66666666666667,75,0,68,25,39,14,0,16,16,1,5,0,100.7856,98.9402,257
2024,José Buttó,23313,26,RP,NYM,74,30,7,79,38,41,21,3,4,7,0,7,3,92.4768,86.0568,294
2024,Josh Hader,14212,30,RP,HOU,71,71,0,105,25,43,30,34,0,34,1,8,0,113.0856,106.3701,278
2024,Kyle Freeland,16256,31,SP,COL,113.33333333333333,21,21,85,26,134,66,0,0,0,0,5,10,89.8273,105.7585,490
2024,Dedniel Núñez,23055,28,RP,NYM,35,25,0,48,8,24,9,1,9,10,1,2,0,110.6421,104.3413,135
2024,Trevor Rogers,22286,26,SP,2 Tms,124.33333333333333,25,25,97,56,140,68,0,0,0,0,2,3,88.8264,103.5296,562
2024,Luis Ortiz,27646,25,RP,PIT,135.66666666666666,37,15,107,42,109,50,1,1,2,0,7,7,98.0605,100.6556,556
2024,Marcus Stroman,13431,33,SP,NYY,154.66666666666666,30,29,113,60,167,74,1,0,1,0,10,9,85.4625,101.0199,675
2024,Jared Koenig,27517,30,RP,MIL,62,55,6,63,23,54,17,1,10,11,1,9,0,106.5234,100.942,265
2024,Kris Bubic,21455,26,RP,KCR,30.333333333333332,27,0,39,5,26,9,1,7,8,0,1,0,94.9852,116.1376,121
2024,Reed Garrett,16866,31,RP,NYM,57.333333333333336,53,0,83,30,50,24,4,14,18,1,8,0,114.6804,85.9343,247
2024,Aaron Civale,19479,29,SP,2 Tms,161,31,31,149,52,158,78,0,0,0,0,8,8,106.1533,97.9401,689
2024,Hoby Milner,13346,33,RP,MIL,64.66666666666667,61,1,64,14,63,34,1,5,6,0,5,0,105.4021,107.2078,268
2024,Chris Martin,11847,38,RP,BOS,44.333333333333336,45,0,50,3,47,17,2,15,17,1,3,0,104.2959,110.0375,180
2024,Porter Hodge,26413,23,RP,CHC,43,39,0,52,19,19,9,9,9,18,1,3,0,105.4689,89.4104,164
2024,Evan Phillips,17734,29,RP,LAD,54.666666666666664,61,0,63,17,48,22,18,9,27,1,5,0,115.7043,102.7224,228
2024,Joe Ross,12972,31,RP,MIL,74,25,10,66,29,72,31,0,0,0,0,3,2,92.7285,103.167,321
2024,Matthew Boyd,15440,33,SP,CLE,39.666666666666664,8,8,46,13,32,12,0,0,0,0,2,3,90.9041,103.6539,166
2024,Robert Suarez,30115,33,RP,SDP,65,65,0,59,16,52,20,36,1,37,1,9,0,116.1373,97.0009,258
2024,Ryan Thompson,16647,32,RP,ARI,66.33333333333333,67,0,52,15,64,24,2,24,26,1,7,0,117.8631,100.8245,272
2024,Anthony Bender,19742,29,RP,MIA,53,59,0,59,18,50,24,1,15,16,1,5,0,117.4895,99.8456,228
2024,Bryan Abreu,16609,27,RP,HOU,78.33333333333333,78,0,103,32,59,27,1,38,39,1,3,0,108.9887,91.5169,325
2024,Rhett Lowder,33876,22,SP,CIN,30.666666666666668,6,6,22,14,25,4,0,0,0,0,2,1,89.5144,102.7346,128
2024,Ryan Pressly,7005,35,RP,HOU,56.666666666666664,59,0,58,18,58,22,4,25,29,1,2,0,102.427,98.7492,244
2024,Jakob Junis,13619,31,RP,2 Tms,67,24,6,51,8,49,20,1,0,1,0,4,1,98.0491,111.8732,253
2024,Devin Williams,15816,29,RP,MIL,21.666666666666668,22,0,38,11,10,3,14,0,14,1,1,0,114.8012,89.7933,88
2024,Kyle Harrison,27758,22,SP,SFG,124.33333333333333,24,24,118,42,125,63,0,0,0,0,7,9,89.431,102.7432,532
2024,José Leclerc,14524,30,RP,TEX,66.66666666666667,64,0,89,32,56,32,1,13,14,1,6,0,103.9435,95.7202,288
2024,Colin Rea,12317,33,SP,MIL,167.66666666666666,32,27,135,43,169,80,1,1,2,0,12,8,96.3228,99.7271,714
2024,Ben Lively,14932,32,SP,CLE,151,29,29,118,49,139,64,0,0,0,0,13,9,81.8667,102.9597,632
2024,James Paxton,11828,35,SP,2 Tms,100.33333333333333,21,21,73,50,95,49,0,0,0,0,9,7,88.1647,97.4795,437
2024,Dylan Lee,19996,29,RP,ATL,59.666666666666664,52,0,76,17,49,14,0,9,9,0,4,0,104.5019,102.0686,240
2024,Nick Mears,25376,27,RP,2 Tms,57.666666666666664,54,0,75,24,61,38,0,14,14,1,1,0,108.925,95.7656,256
2024,Kevin Kelly,25679,26,RP,TBR,70.66666666666667,68,0,63,9,59,21,1,17,18,1,5,0,121.6823,106.0879,278
2024,Brant Hurter,30133,25,RP,DET,45.333333333333336,10,1,38,6,34,13,0,0,0,0,6,0,105.4889,100.9871,175
2024,Beau Brieske,26079,26,RP,DET,67.66666666666667,46,12,69,30,55,27,1,6,7,0,4,0,102.3633,96.4159,282
2024,Tony Santillan,19926,27,RP,CIN,30,29,1,46,9,21,10,0,4,4,0,3,0,103.7931,113.8557,122
2024,Randy Vásquez,24719,25,SP,SDP,98,20,20,62,29,119,53,0,0,0,0,4,6,101.4791,97.2207,431
2024,Ryan Fernandez,24862,26,RP,STL,66.66666666666667,62,0,71,32,58,26,2,12,14,1,1,0,103.0544,93.1632,285
2024,Joey Estes,26257,22,SP,OAK,127.66666666666667,25,24,92,27,130,71,0,1,1,0,7,8,96.5473,106.7727,543
2024,Bryan Hudson,19924,27,RP,MIL,62.333333333333336,43,0,62,17,28,12,0,14,14,1,6,0,99.8673,103.131,231
2024,Cionel Pérez,19614,28,RP,BAL,53.666666666666664,62,0,46,28,47,27,2,22,24,1,2,0,102.5491,102.1676,238
2024,Andrew Nardi,25942,25,RP,MIA,49.666666666666664,59,0,70,18,44,28,0,15,15,1,3,0,106.4511,104.0637,210
2024,Jesús Luzardo,19959,26,SP,MIA,66.66666666666667,12,12,58,22,61,37,0,0,0,0,3,4,99.1416,97.697,274
2024,Michel Otañez,22533,26,RP,OAK,34,36,0,55,20,27,13,1,6,7,0,1,0,124.4638,79.7555,151
2024,Hunter Harvey,15507,29,RP,2 Tms,50.666666666666664,49,0,55,16,51,25,1,28,29,1,2,0,105.5819,105.2372,219
2024,Shawn Armstrong,12857,33,RP,3 Tms,66.66666666666667,57,7,66,25,77,36,1,5,6,0,3,0,104.8031,103.6378,295
2024,Jesus Tinoco,16300,29,RP,3 Tms,40.666666666666664,32,0,42,12,27,15,3,6,9,0,1,0,109.464,106.486,162
2024,Michael Lorenzen,14843,32,SP,2 Tms,130.33333333333334,26,24,97,60,101,48,0,0,0,0,7,9,91.2848,95.9424,536
2024,Justin Verlander,8700,41,SP,HOU,90.33333333333333,17,17,74,27,98,55,0,0,0,0,5,6,106.3025,88.8063,396
2024,Robert Gasser,29812,25,SP,MIL,28,5,5,16,1,28,8,0,0,0,0,2,2,105.3781,98.227,114
2024,Tyler Ferguson,19481,30,RP,OAK,51.333333333333336,48,0,62,24,32,21,2,11,13,1,4,0,113.5271,98.821,207
2024,Jacob Webb,19274,30,RP,BAL,56.666666666666664,60,0,58,27,40,19,2,14,16,1,2,0,96.0361,99.8164,237
2024,Clayton Kershaw,2036,36,SP,LAD,30,7,7,24,9,36,15,0,0,0,0,2,1,100.9223,96.5153,133
2024,Hunter Stratton,23455,27,RP,PIT,37.666666666666664,36,0,33,7,37,15,1,5,6,0,2,0,105.5756,95.9344,158
2024,Spencer Turnbull,16207,31,RP,PHI,54.333333333333336,17,7,58,20,37,16,0,1,1,0,3,2,100.8433,101.13720000000001,222
2024,Huascar Brazobán,6107,34,RP,2 Tms,51.666666666666664,39,0,51,25,38,22,0,5,5,0,1,0,100.2947,93.1332,217
2024,Merrill Kelly,11156,35,SP,ARI,73.66666666666667,13,13,63,19,67,33,0,0,0,0,5,5,90.8672,101.6991,300
2024,Reid Detmers,27468,24,SP,LAA,87.33333333333333,17,17,109,38,98,65,0,0,0,0,4,4,104.3502,97.9154,391
2024,Jose A. Ferrer,24017,24,RP,WSN,32,31,0,25,6,27,12,1,6,7,0,1,0,118.5612,98.2854,129
2024,Ian Hamilton,19261,29,RP,NYY,37.666666666666664,35,0,41,14,37,16,1,11,12,1,0,0,106.5054,94.7315,163
2024,Jalen Beeks,17192,30,RP,2 Tms,70,71,0,55,27,77,35,10,8,18,1,7,0,94.8942,92.905,312
2024,Ben Joyce,31461,23,RP,LAA,34.666666666666664,31,1,33,14,26,8,4,8,12,1,2,0,127.9202,85.3047,142
2024,Andrés Muñoz,20373,25,RP,SEA,59.333333333333336,60,0,77,26,31,14,22,6,28,1,3,0,113.6322,90.6982,232
2024,Davis Martin,21448,27,SP,CHW,50,11,10,47,23,50,24,0,0,0,0,0,2,93.8626,97.1663,220
2024,Michael McGreevy,29869,23,RP,STL,23,4,3,18,2,16,5,0,0,0,0,3,2,90.9325,118.2376,86
2024,Michael Tonkin,10315,34,RP,3 Tms,79.33333333333333,57,0,85,30,70,32,2,1,3,0,4,0,102.7048,98.2781,340
2024,Max Scherzer,3137,39,SP,TEX,43.333333333333336,9,9,40,10,40,19,0,0,0,0,2,3,99.8573,104.2363,177
2024,Jordan Montgomery,16511,31,SP,ARI,117,25,21,83,44,149,81,1,0,1,0,8,6,92.5137,97.5173,532
2024,Yennier Cano,25911,30,RP,BAL,60,70,0,65,24,54,21,5,34,39,1,4,0,111.632,111.3514,249
2024,Carmen Mlodzinski,27572,25,RP,PIT,50.666666666666664,40,4,46,19,41,19,0,5,5,0,5,0,105.1496,99.2728,209
2024,Aaron Ashby,23550,26,RP,MIL,28.333333333333332,14,2,33,10,20,9,0,3,3,0,1,0,108.6544,104.7013,119
2024,José Alvarado,17780,29,RP,PHI,61.666666666666664,66,0,63,28,49,28,13,10,23,1,2,0,111.1991,96.8338,258
2024,Dylan Floro,13394,33,RP,2 Tms,68.66666666666667,66,0,48,17,65,29,0,11,11,1,6,0,93.1364,103.2207,279
2024,Braxton Garrett,21844,26,SP,MIA,37,7,7,34,4,40,22,0,0,0,0,2,2,95.6717,101.6161,161
2024,Pete Fairbanks,17998,30,RP,TBR,45.333333333333336,46,0,44,17,36,18,23,1,24,1,3,0,115.6771,93.7954,185
2024,Tyler Rogers,15541,33,RP,SFG,70.33333333333333,77,0,51,6,67,22,1,32,33,1,3,0,119.0286,110.8556,290
2024,Bryan Hoeing,26304,27,RP,2 Tms,53.666666666666664,34,2,43,14,43,13,0,4,4,0,2,0,98.4115,103.4422,210
2024,Anthony Banda,14706,30,RP,LAD,49.666666666666664,48,2,50,18,44,17,2,8,10,1,3,0,105.9415,103.0937,209
2024,Jack Kochanowicz,27688,23,SP,LAA,65.33333333333333,11,11,25,10,68,29,0,0,0,0,2,8,101.1375,100.4463,266
2024,Edward Cabrera,21690,26,SP,MIA,96.33333333333333,20,20,107,50,82,53,0,0,0,0,4,5,98.7248,95.026,418
2024,Trent Thornton,17948,30,RP,SEA,72.33333333333333,71,0,77,19,63,29,1,10,11,1,4,0,108.4802,105.4276,294
2024,Tyson Miller,19976,28,RP,2 Tms,62,58,0,54,11,39,16,1,13,14,1,5,0,104.0928,105.6396,235
2024,Buck Farmer,14814,33,RP,CIN,71,61,1,70,29,56,24,1,1,2,0,3,0,99.0364,100.2175,299
2024,Landen Roupp,30076,25,RP,SFG,50.333333333333336,23,4,47,26,43,20,0,1,1,0,1,0,98.3978,102.4345,217
2024,Randy Rodríguez,23974,24,RP,SFG,52.333333333333336,35,1,53,18,47,25,0,5,5,0,3,0,108.7282,93.1748,221
2024,Danny Coulombe,13293,34,RP,BAL,29.666666666666668,33,0,32,5,15,7,1,13,14,1,1,0,105.6805,99.5357,107
2024,Cal Quantrill,19312,29,SP,COL,148.33333333333334,29,29,110,69,156,82,0,0,0,0,8,12,85.6589,96.7644,656
2024,Joel Payamps,14332,30,RP,MIL,59,68,0,59,18,39,20,6,21,27,1,3,0,102.4894,104.8233,235
2024,Graham Ashcraft,27552,26,SP,CIN,77.33333333333333,15,15,57,27,89,45,0,0,0,0,5,3,101.7105,96.0625,350
2024,Landon Knack,27487,26,SP,LAD,69,15,12,69,18,58,28,1,0,1,0,3,2,93.5959,100.9529,286
2024,Greg Weissert,20375,29,RP,BOS,63.333333333333336,62,0,58,20,65,22,1,4,5,0,4,0,108.5943,107.5839,263
2024,Brenan Hanifee,22304,26,RP,DET,29.333333333333332,21,3,23,6,27,6,0,7,7,0,1,0,98.6409,103.6735,120
2024,Hogan Harris,21520,27,RP,OAK,72.33333333333333,21,9,61,33,65,23,0,0,0,0,4,3,96.9741,96.1087,305
2024,Cade Povich,30055,24,SP,BAL,79.66666666666667,16,16,69,34,80,46,0,0,0,0,3,3,97.2692,96.9526,352
2024,Martín Pérez,6902,33,SP,2 Tms,135,26,26,107,49,151,68,0,0,0,0,5,8,83.9544,106.8434,590
2024,Jordan Hicks,19618,27,SP,SFG,109.66666666666667,29,20,96,47,112,50,1,2,3,0,4,3,105.0009,94.3438,481
2024,John Means,16269,31,RP,BAL,20.666666666666668,4,4,16,2,16,6,0,0,0,0,2,2,99.1762,105.7579,80
2024,Emilio Pagán,14771,33,RP,CIN,38,38,1,44,11,40,19,1,7,8,0,4,0,105.8425,105.497,158
2024,Tim Hill,16814,34,RP,2 Tms,67,62,0,31,19,77,25,0,4,4,0,4,0,116.3754,98.0272,291
2024,Ryan Burr,17536,30,RP,TOR,32.666666666666664,34,4,47,12,29,15,0,3,3,0,0,0,92.7437,97.2311,140
2024,Pierce Johnson,13435,33,RP,ATL,56.333333333333336,58,0,67,25,48,23,2,12,14,1,6,0,105.2413,99.6138,236
2024,Collin Snider,23307,28,RP,SEA,41.666666666666664,42,0,47,13,36,9,0,9,9,0,3,0,113.744,106.094,169
2024,Richard Fitts,30160,24,RP,BOS,20.666666666666668,4,4,9,7,19,4,0,0,0,0,0,0,98.2101,104.8854,85
2024,Adam Ottavino,1247,38,RP,NYM,56,60,0,70,23,49,27,1,15,16,1,2,0,107.4381,95.806,245
2024,Gregory Soto,19677,29,RP,2 Tms,53,66,0,65,27,56,26,2,11,13,1,3,0,118.3794,89.4227,244
2024,Paul Blackburn,14739,30,SP,2 Tms,75.33333333333333,14,14,59,21,76,39,0,0,0,0,5,7,88.3152,109.5695,316
2024,Christian Scott,30107,25,SP,NYM,47.333333333333336,9,9,39,12,45,24,0,0,0,0,0,3,100.2816,101.3524,197
2024,Davis Daniel,27582,27,SP,LAA,30.333333333333332,6,6,28,6,39,21,0,0,0,0,1,1,92.1466,108.1751,134
2024,Joey Cantillo,23335,24,SP,CLE,38.666666666666664,9,8,44,15,35,21,0,0,0,0,2,1,92.3624,99.1229,163
2024,Sam Moll,14874,32,RP,CIN,37.666666666666664,48,0,38,14,27,14,0,11,11,1,3,0,106.3405,97.2652,152
2024,Erik Miller,26252,26,RP,SFG,67.33333333333333,73,10,87,38,50,29,0,14,14,1,4,0,102.8629,100.69,284
2024,Andrew Chafin,12988,34,RP,2 Tms,56.333333333333336,62,0,70,31,52,22,1,12,13,1,4,0,97.2638,91.1099,246
2024,Gus Varland,24737,27,RP,2 Tms,26.333333333333332,26,0,27,8,30,10,0,0,0,0,1,0,99.3303,108.0009,115
2024,J.T. Ginn,27889,25,SP,OAK,34,8,6,29,9,36,16,0,0,0,0,1,1,93.2788,108.7347,142
2024,River Ryan,29514,25,RP,LAD,20.333333333333332,4,4,18,9,15,3,0,0,0,0,1,0,101.3026,87.2738,81
2024,Kyle Hendricks,12049,34,SP,CHC,130.66666666666666,29,24,87,43,147,86,0,0,0,0,4,5,85.3857,106.3207,567
2024,Bryan King,25890,27,RP,HOU,26.333333333333332,28,0,32,10,20,7,0,0,0,0,1,0,100.8192,98.4929,109
2024,Luis Medina,21649,25,SP,OAK,40,8,8,32,20,43,23,0,0,0,0,2,1,100.644,88.7502,180
2024,Yimi García,12095,33,RP,2 Tms,39,39,0,49,12,23,15,5,13,18,1,3,0,122.1762,101.473,153
2024,Sean Reid-Foley,17034,28,RP,NYM,21.666666666666668,23,0,25,14,13,4,0,4,4,0,1,0,91.747,87.4912,90
2024,Jeffrey Springs,17677,31,SP,TBR,33,7,7,37,11,34,12,0,0,0,0,2,1,92.8305,99.0985,142
2024,Michael Kopech,17282,28,RP,2 Tms,67.66666666666667,67,0,88,34,44,26,15,9,24,1,6,0,127.3388,86.0055,279
2024,Sean Guenther,20045,28,RP,DET,21,17,0,12,2,9,2,0,2,2,0,3,0,93.6607,114.5895,73
2024,Michael Grove,23221,27,RP,LAD,51,39,2,54,16,46,29,0,7,7,0,4,0,94.6371,111.4902,216
2024,Matt Festa,19330,31,RP,2 Tms,23.666666666666668,19,0,24,8,21,15,0,0,0,0,6,0,108.0312,98.3788,100
2024,Ryan Brasier,5615,36,RP,LAD,28,29,4,25,5,22,11,0,6,6,0,1,0,100.6074,109.1711,110
2024,Brock Burke,17968,27,RP,2 Tms,34,34,1,41,16,37,22,0,1,1,0,2,0,103.209,98.8405,154
2024,Michael Soroka,18383,26,RP,CHW,79.66666666666667,25,9,84,44,66,42,0,2,2,0,0,1,95.4212,90.7547,347
2024,Cole Irvin,19244,30,SP,2 Tms,111,29,16,78,29,132,63,1,1,2,0,6,4,93.6766,99.9345,492
2024,Matthew Liberatore,22294,24,RP,STL,86,60,6,76,28,81,42,0,7,7,0,3,1,103.723,97.6494,358
2024,Burch Smith,12784,34,RP,2 Tms,56.333333333333336,50,0,46,12,64,31,0,4,4,0,4,0,104.2581,96.9331,241
2024,Victor Vodnik,24614,24,RP,COL,73.66666666666667,64,0,65,37,72,35,9,6,15,1,5,0,99.1588,99.1033,320
2024,Paul Sewald,13892,34,RP,ARI,39.666666666666664,42,0,43,10,35,19,16,1,17,1,1,0,117.0238,92.4249,165
2024,Kyle Leahy,24763,27,RP,STL,48.666666666666664,33,0,33,10,40,22,1,3,4,0,1,0,93.4197,109.5805,191
2024,Brady Basso,25582,26,RP,OAK,22.333333333333332,7,4,19,5,23,10,0,0,0,0,1,1,89.9613,104.6193,93
2024,T.J. McFarland,3237,35,RP,OAK,56.666666666666664,79,0,39,17,53,24,0,19,19,1,2,0,92.2713,109.5671,235
2024,Yuki Matsui,33826,28,RP,SDP,62.666666666666664,64,0,69,27,46,26,0,9,9,0,4,0,101.7566,94.1089,257
2024,Eli Morgan,20203,28,RP,CLE,42,32,0,34,11,30,9,0,1,1,0,3,0,95.0772,104.2735,167
2024,Shawn Dubin,24977,28,RP,HOU,45.333333333333336,31,2,49,26,45,21,2,0,2,0,1,0,98.102,85.8005,207
2024,Jorge Alcala,19459,28,RP,MIN,58.333333333333336,54,0,58,20,40,21,0,15,15,1,4,0,106.6914,101.6941,235
2024,Joe Boyle,29608,24,SP,OAK,47.666666666666664,13,10,56,40,42,34,0,1,1,0,3,1,104.7895,82.7309,226
2024,Sean Hjelle,21481,27,RP,SFG,80.66666666666667,58,0,75,14,84,35,0,7,7,0,3,0,106.7477,105.2998,337
2024,Andrew Kittredge,12828,34,RP,STL,70.66666666666667,74,0,67,20,60,22,1,37,38,1,5,0,99.4622,112.4773,287
2024,Jhony Brito,25386,26,RP,SDP,43.666666666666664,26,0,29,10,49,20,0,0,0,0,1,0,103.5619,102.9326,185
2024,Jason Foley,19531,28,RP,DET,60,69,0,46,20,51,21,28,8,36,1,3,0,105.4817,102.5824,250
2024,Colten Brewer,12997,31,RP,CHC,20.666666666666668,16,0,22,9,24,13,1,1,2,0,0,0,98.4889,96.5742,95
2024,Eduardo Rodriguez,13164,31,SP,ARI,50,10,10,47,19,56,28,0,0,0,0,3,1,91.6714,101.8045,224
2024,Cam Booser,16061,32,RP,BOS,42.666666666666664,43,0,43,16,41,16,1,5,6,0,2,0,111.6648,94.4386,183
2024,Eduard Bazardo,20997,28,RP,SEA,27.666666666666668,23,0,33,9,20,15,0,0,0,0,2,0,104.8973,99.8686,108
2024,Chad Kuhl,14975,31,RP,CHW,53.333333333333336,31,1,54,25,56,30,1,1,2,0,0,0,97.5997,83.9633,240
2024,Caleb Ferguson,19349,27,RP,2 Tms,54.333333333333336,62,0,67,25,56,28,1,11,12,1,1,0,101.5076,100.0494,249
2024,Cristian Javier,17606,27,SP,HOU,34.666666666666664,7,7,27,19,30,15,0,0,0,0,3,3,99.192,93.6069,150
2024,Stephen Kolek,21487,27,RP,SDP,46.666666666666664,42,0,39,12,59,27,0,2,2,0,3,0,109.2197,109.581,211
2024,Luis García,6984,37,RP,2 Tms,59,60,0,53,15,61,32,4,14,18,1,5,0,105.2651,105.0986,254
2024,Daniel Hudson,7146,37,RP,LAD,63,65,0,63,19,46,21,10,17,27,1,6,0,101.0119,104.6689,253
2024,Sam Hentges,18548,27,RP,CLE,23.666666666666668,25,0,27,5,18,8,0,9,9,1,0,0,100.1934,111.6779,91
2024,John King,22051,29,RP,STL,60,56,0,38,14,58,19,0,9,9,0,3,0,102.2378,106.8762,248
2024,Bryce Elder,27779,25,SP,ATL,49.666666666666664,10,10,46,17,64,36,0,0,0,0,2,3,87.2527,100.8407,226
2024,Enoli Paredes,20447,28,RP,2 Tms,21.666666666666668,18,0,16,10,13,4,1,3,4,0,1,0,93.0647,86.0917,87
2024,Matt Manning,20369,26,SP,DET,27.666666666666668,5,5,23,12,31,15,0,0,0,0,0,0,99.7543,97.5379,123
2024,Dillon Tate,17796,30,RP,2 Tms,36.666666666666664,33,0,27,12,42,19,1,3,4,0,2,0,106.778,90.9614,164
2024,Josh Winckowski,22387,26,RP,BOS,76,40,6,60,26,81,35,2,4,6,0,4,0,104.7159,102.464,336
2024,Ty Madden,30140,24,RP,DET,23,6,1,17,8,25,11,0,0,0,0,1,0,95.0015,95.4696,101
2024,Hans Crouse,22192,25,RP,LAA,25.333333333333332,25,0,34,17,14,8,0,1,1,0,4,0,78.391,99.9862,107
2024,Anthony Molina,26952,22,RP,COL,59.666666666666664,35,1,41,22,72,45,0,2,2,0,1,0,90.6917,102.3609,264
2024,Manuel Rodríguez,20794,27,RP,TBR,37.666666666666664,40,0,34,11,29,9,2,10,12,1,3,0,107.4176,95.8055,158
2024,Josh Staumont,18335,30,RP,MIN,24.333333333333332,25,0,18,14,17,10,0,1,1,0,1,0,94.4735,88.7783,102
2024,Cody Poteet,18769,29,RP,NYY,24.333333333333332,5,4,16,8,18,6,0,0,0,0,3,1,89.7954,101.0042,96
2024,Carson Fulmer,18311,30,RP,LAA,86.66666666666667,37,8,81,40,81,40,0,0,0,0,0,2,88.9468,95.4522,379
2024,Alexis Díaz,21132,27,RP,CIN,56.333333333333336,60,0,55,31,42,25,28,0,28,1,2,0,92.2591,103.5783,242
2024,Marco Gonzales,15467,32,SP,PIT,33.666666666666664,7,7,23,11,43,17,0,0,0,0,1,2,84.0214,98.4238,151
2024,Pedro Avila,18864,27,RP,2 Tms,82.66666666666667,54,0,82,36,73,35,1,1,2,0,6,0,87.9934,95.6827,353
2024,Hunter Strickland,7836,35,RP,LAA,73.33333333333333,72,0,57,24,56,27,1,12,13,1,3,0,105.7887,101.5408,294
2024,Carlos Hernández,22713,27,RP,KCR,30,27,0,27,16,24,11,0,1,1,0,0,0,106.414,97.5167,129
2024,Justin Anderson,16201,31,RP,CHW,53.333333333333336,56,0,57,32,48,26,1,5,6,1,1,0,106.5605,89.1536,242
2024,Peter Lambert,17969,27,RP,COL,61.333333333333336,28,3,50,29,73,39,0,0,0,0,2,0,91.8816,90.112,280
2024,Jorge López,14527,31,RP,2 Tms,53,52,0,50,19,46,17,4,10,14,1,2,0,104.1165,99.42,217
2024,Tayler Saucedo,17888,31,RP,SEA,38.666666666666664,53,0,38,18,35,15,3,7,10,1,2,0,100.9729,88.4428,166
2024,Brennan Bernardino,16835,32,RP,BOS,51,57,3,56,22,50,23,0,14,14,1,4,0,104.9752,94.1996,226
2024,Angel Zerpa,22717,24,RP,KCR,53.666666666666664,60,0,49,19,59,23,0,12,12,1,2,0,111.0716,96.413,239
2024,Caleb Thielbar,10078,37,RP,MIN,47.333333333333336,59,0,53,24,50,28,3,9,12,1,2,0,112.1395,106.1394,216
2024,Tayler Scott,13652,32,RP,HOU,68.66666666666667,62,1,71,35,45,17,0,9,9,0,7,0,93.568,95.2233,282
2024,Gabe Speier,17170,29,RP,SEA,23.666666666666668,29,0,33,14,19,15,0,7,7,0,0,0,104.5545,93.0779,104
2024,DL Hall,22207,25,SP,MIL,43,13,7,44,21,48,24,0,1,1,0,1,1,89.3489,98.0133,197
2024,Hayden Wesneski,27581,26,RP,CHC,67.66666666666667,28,7,67,21,56,29,0,2,2,0,3,3,95.5832,104.8159,283
2024,Craig Kimbrel,6655,36,RP,BAL,52.333333333333336,57,0,73,31,40,31,23,4,27,1,7,0,106.4056,97.9098,232
2024,Brent Suter,13942,34,RP,CIN,65.66666666666667,47,3,50,12,63,23,2,2,4,0,1,0,105.6478,99.1411,270
2024,Garrett Cleavinger,17897,30,RP,TBR,60,68,0,71,31,52,25,6,15,21,1,7,0,112.7395,88.8141,266
2024,Eduardo Salazar,23135,26,RP,2 Tms,29.333333333333332,26,0,27,14,34,9,0,3,3,0,0,0,98.921,98.7779,133
2024,Sam Long,25379,28,RP,KCR,42.666666666666664,43,0,44,17,34,15,1,7,8,0,3,0,100.9436,94.7499,176
2024,Jared Shuster,27472,25,RP,CHW,73.33333333333333,39,4,56,33,74,35,0,3,3,0,2,0,85.0094,103.914,321
2024,Slade Cecconi,27500,25,SP,ARI,77,20,13,64,17,92,57,0,0,0,0,2,3,95.104,111.3618,338
2024,Taylor Rogers,13449,33,RP,SFG,60,64,0,64,22,53,16,0,5,5,0,1,0,103.8527,96.6438,249
2024,Joey Wentz,19962,26,RP,2 Tms,67.33333333333333,46,0,73,33,66,35,1,2,3,0,1,0,97.6382,95.3256,304
2024,Danny Young,18439,30,RP,NYM,37.666666666666664,42,0,48,18,29,19,0,7,7,0,4,0,111.4696,89.2912,165
2024,Bryan Baker,19804,29,RP,BAL,23.333333333333332,19,0,23,7,20,13,0,3,3,0,1,0,102.2066,100.0047,93
2024,Keegan Thompson,19795,29,RP,CHC,30.333333333333332,24,0,36,18,19,9,2,2,4,0,2,0,97.6639,96.7874,127
2024,Quinn Priester,25977,23,SP,2 Tms,49.666666666666664,11,7,33,14,56,26,0,0,0,0,3,2,91.4844,98.4502,221
2024,Colin Holderman,22361,28,RP,PIT,51.333333333333336,55,0,56,25,42,18,0,21,21,1,3,0,112.5677,90.6959,223
2024,Yohan Ramírez,19444,29,RP,4 Tms,45,38,0,45,17,49,31,1,1,2,0,0,0,108.5166,92.6225,208
2024,Michael Kelly,12791,31,RP,OAK,31.333333333333332,28,0,22,10,27,9,0,4,4,0,3,0,107.3559,94.0897,128
2024,Nate Pearson,20160,27,RP,2 Tms,66.33333333333333,60,1,74,21,67,33,2,11,13,1,2,0,112.844,94.3761,285
2024,Carlos Carrasco,6632,37,SP,CLE,103.66666666666667,21,21,89,33,112,65,0,0,0,0,3,4,84.4856,97.8931,447
2024,John Brebbia,12777,34,RP,2 Tms,55.333333333333336,59,0,67,19,56,36,2,13,15,1,0,0,98.8562,102.8469,242
2024,Chris Roycroft,31261,27,RP,STL,34.333333333333336,27,0,33,17,31,16,0,1,1,0,1,0,109.0453,104.364,155
2024,Justin Wilson,4301,36,RP,CIN,46.666666666666664,60,0,51,13,55,29,2,10,12,1,1,0,108.8103,98.4526,209
2024,Trevor Richards,19309,31,RP,2 Tms,65.33333333333333,55,2,62,35,44,33,1,7,8,0,2,0,101.5632,94.6322,277
2024,Jake Cousins,21620,29,RP,NYY,38,37,0,53,20,20,10,1,8,9,0,2,0,105.5014,95.2461,155
2024,Sixto Sánchez,19680,25,SP,MIA,35.666666666666664,14,7,17,14,43,24,0,1,1,0,0,0,91.3333,99.5994,162
2024,Yilber Díaz,29271,23,RP,ARI,28.333333333333332,7,4,19,12,27,12,0,0,0,0,1,2,89.1395,96.2037,119
2024,Ray Kerr,23809,29,RP,ATL,22.333333333333332,10,2,27,7,29,14,0,0,0,0,1,0,101.2354,90.9362,103
2024,Kyle Muller,20167,26,RP,OAK,49.333333333333336,21,0,36,10,48,22,0,0,0,0,0,0,94.2646,103.0839,202
2024,Hayden Birdsong,31635,22,SP,SFG,72,16,16,88,43,57,38,0,0,0,0,5,1,99.5915,89.1275,315
2024,Phil Maton,18064,31,RP,2 Tms,64,71,0,60,24,47,26,3,18,21,1,3,0,96.6046,99.7086,265
2024,Fraser Ellard,29530,26,RP,CHW,24,25,0,26,12,18,10,1,2,3,0,2,0,98.7372,84.9886,101
2024,Camilo Doval,21992,26,RP,SFG,59,62,0,78,39,54,32,23,5,28,1,5,0,111.3982,91.7594,271
2024,Ethan Roberts,24930,26,RP,CHC,26.666666666666668,21,0,26,10,31,11,0,1,1,0,1,0,105.5796,97.2975,118
2024,Kyle Nicolas,27775,25,RP,PIT,54.666666666666664,51,0,55,31,51,24,0,7,7,0,2,0,106.7327,79.1368,243
2024,Griffin Canning,19867,28,SP,LAA,171.66666666666666,32,31,130,66,174,99,0,0,0,0,6,7,86.0953,102.0618,739
2024,Elvis Peguero,21652,27,RP,MIL,51.333333333333336,52,0,47,27,52,17,2,11,13,1,7,0,106.54,96.8712,227
2024,James McArthur,21527,27,RP,KCR,56.666666666666664,57,0,49,14,68,31,18,2,20,1,5,0,102.2995,104.1669,247
2024,Will Warren,30182,25,SP,NYY,22.666666666666668,6,5,29,10,33,26,0,0,0,0,0,0,103.2276,102.4893,110
2024,Brent Honeywell,16466,29,RP,2 Tms,37.666666666666664,20,1,18,11,32,11,1,1,2,0,1,0,92.4892,100.7089,149
2024,Chad Green,15552,33,RP,TOR,53.333333333333336,53,0,46,14,41,19,17,7,24,1,4,0,103.6812,102.8008,210
2024,Scott Alexander,10591,34,RP,OAK,38.666666666666664,45,0,31,15,31,11,0,10,10,1,1,0,100.9701,101.2089,160
2024,José Ruiz,14552,29,RP,PHI,51,52,0,52,17,51,21,1,0,1,0,5,0,105.0034,105.0299,217
2024,Luke Little,28036,23,RP,CHC,26,30,1,28,18,15,10,0,3,3,0,3,0,90.7722,90.4433,109
2024,Tommy Nance,19178,33,RP,TOR,22,20,0,19,9,18,10,0,0,0,0,0,0,100.4828,96.3447,93
2024,Kolby Allard,18694,26,RP,PHI,27,7,4,23,8,34,15,0,0,0,0,2,0,88.2056,102.4767,117
2024,Jake Woodford,18674,27,SP,2 Tms,35,9,7,26,9,48,31,0,0,0,0,0,1,91.4175,99.2511,167
2024,José Suarez,19911,26,RP,LAA,52.333333333333336,22,3,56,27,57,35,1,0,1,0,1,0,100.7167,87.9456,240
2024,Scott Blewett,16427,28,RP,MIN,20.333333333333332,12,0,18,8,17,4,0,0,0,0,1,0,88.1418,104.7255,85
2024,Tommy Kahnle,11384,34,RP,NYY,42.666666666666664,50,0,46,19,30,10,1,16,17,1,0,0,91.7792,88.8469,179
2024,Richard Lovelady,19337,28,RP,2 Tms,34.333333333333336,35,0,26,11,34,17,2,4,6,0,3,0,104.1047,93.565,147
2024,Robbie Ray,11486,32,SP,SFG,30.666666666666668,7,7,43,15,20,16,0,0,0,0,3,2,104.9662,85.5768,129
2024,Xzavion Curry,25595,25,RP,2 Tms,42.666666666666664,16,5,28,7,38,22,0,1,1,0,2,0,89.0206,106.0408,172
2024,Steven Matz,13361,33,SP,STL,44.333333333333336,12,7,33,15,49,25,0,0,0,0,1,0,97.0953,110.299,190
2024,Héctor Neris,11804,35,RP,2 Tms,59.333333333333336,62,0,64,28,55,27,18,7,25,1,10,0,94.6019,98.9292,260
2024,Scott Barlow,14993,31,RP,CLE,55,63,0,68,31,44,26,2,19,21,1,3,0,102.787,84.2936,241
2024,Kyle Tyler,22092,27,SP,MIA,31.666666666666668,8,7,25,18,37,19,0,0,0,0,0,0,73.3537,111.7822,142
2024,Alek Manoah,26410,26,SP,TOR,24.333333333333332,5,5,26,8,17,10,0,0,0,0,1,2,87.3015,91.2491,103
2024,José Ureña,11589,32,RP,TEX,109,33,9,70,39,105,46,1,1,2,0,5,3,93.2483,100.3598,463
2024,Kenta Maeda,18498,36,SP,DET,112.33333333333333,29,17,96,31,124,76,0,0,0,0,3,2,92.1742,104.2897,485
2024,Carson Spiers,27685,26,RP,CIN,90.66666666666667,22,10,80,27,112,55,0,0,0,0,5,2,96.2556,100.5024,410
2024,Dakota Hudson,19206,29,SP,COL,89,18,18,49,50,99,61,0,0,0,0,2,4,87.0941,89.1173,404
2024,Daniel Lynch IV,21537,27,RP,KCR,43.333333333333336,16,3,39,14,29,16,1,0,1,0,2,0,91.5093,97.9671,174
2024,Jacob Barnes,12323,34,RP,WSN,66,63,0,55,20,67,32,0,2,2,0,8,0,100.4198,99.6026,277
2024,Austin Adams,13801,33,RP,OAK,41.333333333333336,56,0,53,23,38,18,0,22,22,1,1,0,90.0631,100.5983,191
2024,Ryan Yarbrough,16502,32,RP,2 Tms,98.66666666666667,44,0,65,32,70,35,1,1,2,0,5,0,108.7283,96.2457,398
2024,Adam Oller,20132,29,SP,MIA,42.333333333333336,8,8,36,22,43,25,0,0,0,0,2,1,92.4917,94.1426,189
2024,Noah Davis,25862,27,RP,COL,20.333333333333332,9,0,15,7,31,13,0,1,1,0,0,0,89.5925,102.4586,96
2024,Keider Montero,22630,23,SP,DET,98.33333333333333,19,16,77,31,100,52,0,0,0,0,6,4,94.5693,98.9375,412
2024,Keaton Winn,23499,26,SP,SFG,55.333333333333336,12,12,48,20,56,44,0,0,0,0,3,4,102.1853,95.8691,238
2024,Austin Voth,15047,32,RP,SEA,61,68,0,61,18,46,25,0,15,15,1,2,0,100.5212,101.6484,248
2024,Logan Allen,18555,27,RP,ARI,28,12,0,21,10,32,17,1,1,2,0,0,0,95.9318,97.3843,128
2024,Ryder Ryan,19891,29,RP,PIT,20.666666666666668,15,0,17,9,21,13,0,3,3,0,1,0,97.7759,88.0802,93
2024,Bradley Blalock,26419,23,SP,2 Tms,30.666666666666668,7,6,20,20,35,20,0,0,0,0,1,0,90.2809,93.7233,147
2024,Joe Kelly,9761,36,RP,LAD,32,35,0,35,16,31,17,0,13,13,1,1,0,107.8741,91.1077,143
2024,Kyle Finnegan,15009,32,RP,WSN,63.666666666666664,65,0,60,24,61,26,38,0,38,1,3,0,103.2466,104.2004,271
2024,Ryne Stanek,15947,32,RP,2 Tms,55.333333333333336,63,0,67,25,48,30,7,17,24,1,7,0,107.4588,95.3554,241
2024,Emmanuel Ramirez,17304,29,RP,MIA,20.666666666666668,15,0,21,8,21,16,0,0,0,0,0,0,98.9098,97.1213,92
2024,Josh Fleming,20418,28,RP,PIT,31.333333333333332,25,3,17,14,34,14,1,1,2,0,1,0,99.3673,94.2272,138
2024,A.J. Minter,18655,30,RP,ATL,34.333333333333336,39,0,35,11,24,10,1,9,10,1,5,0,108.4797,99.862,134
2024,J.P. France,21212,29,SP,HOU,25.333333333333332,5,5,22,12,31,21,0,0,0,0,0,0,90.3661,87.7735,121
2024,Adam Cimber,15288,33,RP,LAA,24.333333333333332,28,0,19,14,20,19,0,8,8,1,3,0,112.3178,87.854,107
2024,Alex Wood,13781,33,SP,OAK,39.333333333333336,9,9,33,19,51,23,0,0,0,0,1,1,92.9249,99.355,186
2024,Mason Englert,22288,24,RP,DET,21.666666666666668,12,1,16,5,23,13,0,0,0,0,1,0,92.774,107.9404,93
2024,Tyler Phillips,20629,26,SP,PHI,36.666666666666664,8,7,28,7,45,28,0,0,0,0,4,2,93.1363,103.0391,160
2024,Spencer Howard,23252,27,RP,2 Tms,29,9,3,27,14,44,20,0,0,0,0,1,0,91.5954,99.773,144
2024,Valente Bellozo,23899,24,SP,MIA,68.66666666666667,13,13,44,21,69,28,0,0,0,0,3,2,86.1042,97.774,295
2024,Drew Thorpe,31967,23,SP,CHW,44.333333333333336,9,9,25,21,35,27,0,0,0,0,3,5,82.5768,98.0949,190
2024,JoJo Romero,19574,27,RP,STL,59,65,0,51,16,52,22,1,30,31,1,7,0,108.0527,95.1091,243
2024,Tyler Kinley,18297,33,RP,COL,64,67,0,72,33,61,44,12,14,26,1,6,0,93.6692,99.5895,285
2024,Walker Buehler,19374,29,SP,LAD,75.33333333333333,16,16,64,28,89,45,0,0,0,0,1,3,99.837,98.3379,344
2024,Dane Dunning,19409,29,SP,TEX,95,26,15,91,40,97,56,0,0,0,0,5,2,90.2551,93.6007,421
2024,Kody Funderburk,24993,27,RP,MIN,34.666666666666664,27,0,32,15,41,25,1,5,6,0,1,0,107.8138,87.9007,161
2024,Ron Marinaccio,23488,28,RP,NYY,23.333333333333332,16,0,25,10,18,10,0,1,1,0,1,0,100.0612,90.5216,99
2024,Jordan Wicks,30094,24,SP,CHC,46,11,10,42,20,55,28,0,0,0,0,2,1,102.2705,100.0707,212
2024,Luke Jackson,11752,32,RP,2 Tms,53,52,0,59,26,52,30,0,3,3,0,4,0,100.3834,104.4667,235
2024,Aaron Brooks,12272,34,RP,OAK,26.666666666666668,5,4,12,8,33,15,0,0,0,0,0,2,87.5678,100.0148,119
2024,Seranthony Domínguez,19249,29,RP,2 Tms,58.666666666666664,63,0,68,21,52,29,11,6,17,1,3,0,117.9626,92.5314,255
2024,Tim Mayza,15042,32,RP,2 Tms,42.666666666666664,50,0,28,15,54,30,0,8,8,0,0,0,100.2236,98.4498,195
2024,Gerson Garabito,19835,28,RP,TEX,26.333333333333332,18,2,22,12,23,14,0,0,0,0,0,0,90.4198,98.2608,115
2024,Adrian Houser,12718,31,RP,NYM,69.33333333333333,23,7,45,32,74,45,1,1,2,0,1,0,90.4066,100.1407,309
2024,Touki Toussaint,16929,28,RP,CHW,23,11,0,26,18,35,19,0,1,1,0,1,0,91.0317,81.3882,117
2024,Seth Martinez,21045,29,RP,HOU,52.666666666666664,44,0,36,18,49,21,1,3,4,0,3,0,100.7626,98.8958,222
2024,Shelby Miller,10197,33,RP,DET,55.666666666666664,51,0,49,13,41,28,2,5,7,0,6,0,89.0859,103.4582,225
2024,Yonny Chirinos,16401,30,SP,MIA,30,6,6,25,13,43,21,0,0,0,0,0,0,99.6456,95.455,144
2024,Zebby Matthews,31827,24,SP,MIN,37.666666666666664,9,9,43,11,51,28,0,0,0,0,1,0,97.4898,99.0521,177
2024,David Bednar,19569,29,RP,PIT,57.666666666666664,62,0,58,28,54,37,23,3,26,1,3,0,109.0351,96.0999,262
2024,Jesse Chavez,5448,40,RP,ATL,63.333333333333336,46,0,55,19,60,22,0,1,1,0,2,0,95.1567,102.0384,264
2024,Chris Stratton,13761,33,RP,KCR,58.333333333333336,57,0,44,33,53,36,4,5,9,0,4,0,90.0369,95.7744,257
2024,Tanner Rainey,17610,31,RP,WSN,51,50,0,44,29,47,27,0,0,0,0,0,0,102.7365,85.3236,231
2024,Kenny Rosenberg,20009,28,RP,LAA,24,7,1,17,8,28,16,0,0,0,0,0,0,90.6124,95.1202,104
2024,JT Chargois,13767,33,RP,2 Tms,36.333333333333336,36,0,30,13,24,9,0,2,2,0,3,0,97.0104,98.9766,146
2024,Domingo Germán,17149,31,RP,PIT,20.666666666666668,7,2,18,13,25,18,0,0,0,0,0,1,85.5393,89.0599,100
2024,Kaleb Ort,20061,32,RP,HOU,24.666666666666668,22,0,26,4,16,7,0,3,3,0,1,0,114.52,99.6786,93
2024,Nick Anderson,18337,33,RP,KCR,35.666666666666664,37,0,29,15,35,16,1,2,3,0,3,0,89.7158,102.6985,153
2024,Tanner Gordon,27669,26,SP,COL,34.333333333333336,8,8,26,6,53,33,0,0,0,0,0,1,88.095,104.4958,160
2024,Matt Bowman,13528,33,RP,4 Tms,30.666666666666668,25,1,24,13,26,15,0,3,3,0,1,0,106.269,99.1787,132
2024,Steven Okert,13580,32,RP,MIN,35.333333333333336,44,1,33,16,37,20,1,7,8,0,3,0,113.4266,104.616,160
2024,Jack Leiter,30146,24,SP,TEX,35.666666666666664,9,6,31,17,44,35,0,0,0,0,0,0,105.2499,93.9153,173
2024,Angel Chivilli,26790,21,RP,COL,31.666666666666668,30,0,28,10,31,16,1,7,8,1,2,0,85.2444,98.3746,133
2024,Yunior Marte,14416,29,RP,PHI,26,23,0,23,15,34,20,0,2,2,0,0,0,103.9627,98.2619,127
2024,Mason Black,30171,24,SP,SFG,36.333333333333336,9,8,31,15,46,26,0,0,0,0,1,0,98.2063,98.5696,169
2024,Bryse Wilson,19990,26,RP,MIL,104.66666666666667,34,9,82,31,102,47,0,0,0,0,5,2,101.7063,98.0463,442
2024,Drew Smyly,11760,35,RP,CHC,58.666666666666664,50,0,56,25,57,25,0,10,10,1,4,0,104.6509,101.8621,257
2024,Zack Kelly,20349,29,RP,BOS,56.666666666666664,49,3,61,27,44,25,0,8,8,0,6,0,114.7728,99.3762,241
2024,Jay Jackson,7432,36,RP,MIN,26.333333333333332,20,0,29,9,28,22,0,1,1,0,1,0,93.5967,99.2568,114
2024,Jacob Latz,21306,28,RP,TEX,43.666666666666664,46,0,40,27,39,18,0,9,9,0,2,0,102.9035,94.574700000000007,192
2024,Adam Mazur,31900,23,SP,SDP,33.666666666666664,8,8,22,21,40,28,0,0,0,0,1,1,92.109,92.851,158
2024,Spencer Bivens,30226,30,RP,SFG,48.666666666666664,27,2,37,11,47,17,1,2,3,0,3,0,103.7874,105.5386,202
2024,Brendon Little,21574,27,RP,TOR,45.666666666666664,49,0,36,19,41,19,1,7,8,0,1,0,116.7774,92.4982,193
2024,Max Meyer,27474,25,SP,MIA,57,11,11,46,19,62,36,0,0,0,0,3,3,88.0943,99.7983,248
2024,Julian Aguiar,30031,23,SP,CIN,31.666666666666668,7,7,19,12,30,22,0,0,0,0,2,2,89.2468,103.1218,140
2024,Colin Poche,19403,30,RP,TBR,37.333333333333336,43,0,33,13,30,16,2,20,22,1,1,0,94.3092,100.4589,153
2024,Lucas Sims,13470,30,RP,2 Tms,49.333333333333336,58,0,49,30,41,24,1,16,17,1,1,0,113.5117,89.6004,215
2024,Justin Wrobleski,31204,23,SP,LAD,36.333333333333336,8,6,26,16,34,23,1,0,1,0,1,0,100.3271,97.6903,154
2024,Brandon Bielak,19866,28,RP,2 Tms,29.666666666666668,16,0,14,13,39,17,0,0,0,0,1,0,86.9888,96.0713,140
2024,Jake Bird,21267,28,RP,COL,40,35,0,31,25,43,20,1,4,5,0,2,0,106.7811,85.5072,185
2024,Mitch White,19225,29,RP,3 Tms,23.666666666666668,13,0,13,13,26,19,0,0,0,0,1,0,95.3742,115.8566,110
2024,Louis Varland,27691,26,RP,MIN,49.666666666666664,16,7,49,16,68,42,0,0,0,0,0,1,98.0782,97.3656,238
2024,Bryan Sammons,20462,29,RP,DET,27.333333333333332,6,0,18,9,16,11,0,0,0,0,1,0,99.3147,87.8559,104
2024,Will Smith,8048,34,RP,KCR,41.333333333333336,45,0,29,15,45,30,1,8,9,0,0,0,97.2224,100.6626,186
2024,Brad Keller,15734,28,RP,2 Tms,41.333333333333336,16,2,32,15,48,25,1,0,1,0,0,0,92.8865,98.2311,192
2024,Emerson Hancock,27470,25,SP,SEA,60.666666666666664,12,12,39,19,62,32,0,0,0,0,4,4,90.8661,98.5305,266
2024,Jonathan Hernández,17464,27,RP,2 Tms,43.333333333333336,29,1,39,28,41,26,0,0,0,0,3,0,103.405,89.3659,192
2024,Thyago Vieira,14510,31,RP,3 Tms,38,28,0,39,26,37,22,1,1,2,0,0,0,100.0047,93.7112,177
2024,Mike Baumann,20206,28,RP,5 Tms,58.333333333333336,57,0,58,28,59,36,0,9,9,0,3,0,103.0543,96.1391,264
2024,Alex Faedo,19874,28,RP,DET,57.333333333333336,37,6,55,28,49,23,0,7,7,0,5,0,97.2778,97.4315,246
2024,Jordan Leasure,29950,25,RP,CHW,31.333333333333332,33,0,26,18,32,22,2,9,11,1,0,0,98.4045,90.19,142
2024,Génesis Cabrera,17490,27,RP,TOR,62.666666666666664,69,0,50,29,63,25,2,13,15,1,3,0,110.2693,90.5376,271
2024,Darren McCaughan,20038,28,RP,2 Tms,42,12,5,28,15,53,29,2,0,2,0,0,0,87.648,96.8838,195
2024,Victor González,16408,28,RP,NYY,23.333333333333332,27,0,11,13,13,10,2,3,5,0,2,0,95.5927,81.6552,97
2024,Wandy Peralta,14295,32,RP,SDP,38.333333333333336,46,0,22,13,33,17,0,11,11,1,3,0,94.7111,101.0199,162
2024,Roansy Contreras,22810,24,RP,2 Tms,68.33333333333333,49,3,56,31,63,33,2,1,3,0,2,0,94.2401,94.1017,298
2024,Giovanny Gallegos,14986,32,RP,STL,20.666666666666668,21,0,21,10,24,15,1,2,3,0,2,0,91.7643,94.3371,94
2024,Tommy Henry,26285,26,SP,ARI,38.333333333333336,9,7,30,18,49,30,0,0,0,0,2,1,84.1524,101.8697,182
2024,Jordan Weems,13190,31,RP,WSN,41.666666666666664,41,0,35,24,49,31,0,4,4,0,1,0,99.5421,87.5402,196
2024,Chase Anderson,6895,36,RP,2 Tms,58.333333333333336,29,1,42,21,55,35,3,0,3,0,0,0,92.5708,103.1192,255
2024,Nick Nastrini,29833,24,SP,CHW,35.666666666666664,9,8,26,36,32,28,0,0,0,0,0,1,90.1772,73.4744,174
2024,Erasmo Ramírez,10314,34,RP,TBR,20.666666666666668,13,0,15,10,12,10,1,0,1,0,3,0,93.9185,101.5275,85
2024,George Soriano,21863,25,RP,MIA,29.333333333333332,22,0,29,13,27,22,1,2,3,0,1,0,90.2637,96.8576,131
2024,Tyler Alexander,17735,29,RP,TBR,107.66666666666667,23,9,90,24,110,61,0,0,0,0,6,1,101.3403,105.9381,455
2024,Bryce Jarvis,27477,26,RP,ARI,59.333333333333336,44,0,38,33,52,21,0,4,4,0,1,0,94.7842,90.7413,258
2024,Ty Blach,14361,33,SP,COL,71.33333333333333,20,12,36,18,103,55,0,0,0,0,3,2,78.5178,103.6539,330
2024,Zach Pop,20185,27,RP,TOR,48.333333333333336,58,0,33,19,45,30,1,10,11,1,2,0,110.7625,99.3984,209
2024,Erik Swanson,16587,30,RP,TOR,39.333333333333336,45,0,37,14,36,22,0,9,9,0,2,0,94.8445,94.8928,168
2024,Scott McGough,12056,34,RP,ARI,32.666666666666664,26,2,25,21,34,27,0,1,1,0,1,0,86.5158,95.2875,150
2024,Chris Devenski,12763,33,RP,TBR,26.666666666666668,19,0,24,14,28,20,0,0,0,0,2,0,100.6729,93.82,122
2024,Dany Jiménez,21170,30,RP,OAK,25.666666666666668,25,0,25,19,21,14,1,5,6,0,1,0,94.5148,88.3941,117
2024,Nick Sandlin,20517,27,RP,CLE,57.666666666666664,68,1,68,27,46,24,1,8,9,0,8,0,99.6502,91.2071,246
2024,Logan Allen,27589,25,SP,CLE,97.33333333333333,20,20,79,41,113,62,0,0,0,0,8,5,92.5381,92.5047,432
2024,Yerry Rodríguez,21955,26,RP,2 Tms,21.666666666666668,16,0,17,13,26,21,0,0,0,0,1,0,99.7915,95.0532,105
2024,Steven Wilson,20353,29,RP,CHW,34.666666666666664,40,0,34,26,29,22,0,9,9,1,1,0,105.6675,84.8937,163
2024,Matt Moore,1890,35,RP,LAA,48.333333333333336,51,0,41,26,39,27,1,10,11,1,5,0,103.3559,86.5857,210
2024,Jake Diekman,5003,37,RP,NYM,32,43,0,40,24,23,20,4,8,12,1,2,0,111.4327,85.5118,145
2024,Justin Lawrence,17639,29,RP,COL,59.666666666666664,56,0,45,33,73,43,2,5,7,0,4,0,104.3362,93.9782,279
2024,Bobby Miller,27483,25,SP,LAD,56,13,13,52,30,69,53,0,0,0,0,2,2,105.6847,91.5449,258
2024,Rafael Montero,12760,33,RP,HOU,38.333333333333336,41,0,23,19,35,20,0,10,10,1,1,0,101.5564,94.6905,164
2024,Grant Anderson,20546,27,RP,TEX,26.666666666666668,23,0,29,10,33,24,1,1,2,0,0,0,105.5699,105.7211,120
2024,Enyel De Los Santos,18403,28,RP,3 Tms,64,64,0,66,25,65,37,2,8,10,1,1,0,94.4209,103.6127,278
2024,Triston McKenzie,18000,26,SP,CLE,75.66666666666667,16,16,74,49,69,43,0,0,0,0,3,3,88.6672,82.6243,340
2024,Taijuan Walker,11836,31,SP,PHI,83.66666666666667,19,15,58,37,107,66,0,0,0,0,3,2,85.6913,97.8133,381
2024,Roddery Muñoz,25311,24,SP,MIA,82.66666666666667,18,17,70,42,89,60,0,0,0,0,2,2,96.2105,90.5321,379
2025,Tarik Skubal,22267,28,SP,DET,195.33333333333334,31,31,241,33,141,48,0,0,0,0,13,21,116.0219,104.8358,748
2025,Paul Skenes,33677,23,SP,PIT,187.66666666666666,32,32,216,42,136,41,0,0,0,0,10,20,106.8508,111.4243,733
2025,Cristopher Sánchez,20778,28,SP,PHI,202,32,32,212,44,171,56,0,0,0,0,13,22,114.2691,100.8289,807
2025,Garrett Crochet,27463,26,SP,BOS,205.33333333333334,32,32,255,46,165,59,0,0,0,0,18,22,116.0578,99.4585,814
2025,Logan Webb,17995,28,SP,SFG,207,34,34,224,46,210,74,0,0,0,0,15,22,104.6549,107.3348,856
2025,Jesús Luzardo,19959,27,SP,PHI,183.66666666666666,32,32,216,57,167,80,0,0,0,0,15,18,101.6014,111.6418,758
2025,Yoshinobu Yamamoto,33825,26,SP,LAD,173.66666666666666,30,30,201,59,113,48,0,0,0,0,12,18,97.8913,110.0121,684
2025,Max Fried,13743,31,SP,NYY,195.33333333333334,32,32,189,51,164,62,0,0,0,0,19,20,111.2777,101.6051,801
2025,Hunter Brown,25880,26,SP,HOU,185.33333333333334,31,31,206,57,133,50,0,0,0,0,12,21,107.1898,95.0735,729
2025,Kevin Gausman,14107,34,SP,TOR,193,32,32,189,50,155,77,0,0,0,0,10,16,99.7841,102.9081,775
2025,Zack Wheeler,10310,35,SP,PHI,149.66666666666666,24,24,195,33,107,45,0,0,0,0,10,16,111.645,107.2991,585
2025,Ranger Suárez,17277,29,SP,PHI,157.33333333333334,26,26,151,38,154,56,0,0,0,0,12,17,95.9451,112.601,651
2025,Framber Valdez,17295,31,SP,HOU,192,31,31,187,68,171,78,0,0,0,0,13,20,108.1515,99.3806,802
2025,Andrew Abbott,29911,26,SP,CIN,166.33333333333334,29,29,149,43,148,53,0,0,0,0,10,11,96.9183,103.5847,684
2025,Nathan Eovaldi,9132,35,SP,TEX,130,22,22,129,21,90,25,0,0,0,0,11,14,97.2603,105.7433,496
2025,Nick Pivetta,15454,32,SP,SDP,181.66666666666666,31,31,190,50,129,58,0,0,0,0,13,19,97.9044,109.2757,721
2025,Michael Wacha,14078,33,SP,KCR,172.66666666666666,31,31,126,45,166,74,0,0,0,0,10,13,97.6326,102.3412,716
2025,Freddy Peralta,18679,29,SP,MIL,176.66666666666666,33,33,204,66,124,53,0,0,0,0,17,13,102.255,104.3047,723
2025,Bryan Woo,30279,25,SP,SEA,186.66666666666666,30,30,198,36,137,61,0,0,0,0,15,21,104.7684,109.5316,731
2025,Chris Sale,10603,36,SP,ATL,125.66666666666667,21,20,165,32,102,36,0,0,0,0,7,11,106.7459,105.0919,510
2025,Sonny Gray,12768,35,SP,STL,180.66666666666666,32,32,201,38,185,86,0,0,0,0,14,14,95.834,102.2391,753
2025,Matthew Boyd,15440,34,SP,CHC,179.66666666666666,31,31,154,42,154,64,0,0,0,0,14,17,94.1029,107.0734,718
2025,Dylan Cease,18525,29,SP,SDP,168,32,32,215,71,152,85,0,0,0,0,8,8,107.6086,100.2208,722
2025,Jacob deGrom,10954,37,SP,TEX,172.66666666666666,30,30,185,37,122,57,0,0,0,0,12,14,110.7269,105.7958,669
2025,Kris Bubic,21455,27,SP,KCR,116.33333333333333,20,20,116,39,98,33,0,0,0,0,8,11,93.2801,103.3866,476
2025,Trevor Rogers,22286,27,SP,BAL,109.66666666666667,18,18,103,29,70,22,0,0,0,0,9,13,92.3948,105.1032,423
2025,Carlos Rodón,16137,32,SP,NYY,195.33333333333334,33,33,203,73,132,67,0,0,0,0,18,18,104.2166,95.6456,789
2025,David Peterson,20302,29,SP,NYM,168.66666666666666,30,30,150,65,166,79,0,0,0,0,9,15,89.7831,102.143,723
2025,Joe Ryan,21390,29,SP,MIN,171,31,30,194,39,138,65,0,0,0,0,13,14,103.4409,105.8267,689
2025,Merrill Kelly,11156,36,SP,2 Tms,184,32,32,167,48,157,72,0,0,0,0,12,18,90.4368,105.0493,748
2025,José Soriano,22100,26,SP,LAA,169,31,31,152,78,158,80,0,0,0,0,10,15,94.7487,110.9019,724
2025,Hunter Greene,22182,25,SP,CIN,107.66666666666667,19,19,132,26,75,33,0,0,0,0,7,11,123.5477,101.9703,420
2025,MacKenzie Gore,22201,26,SP,WSN,159.66666666666666,30,30,185,64,152,74,0,0,0,0,5,14,97.6117,98.1258,680
2025,Brady Singer,25377,28,SP,CIN,169.66666666666666,32,32,163,60,150,76,0,0,0,0,14,15,95.154,100.2976,716
2025,Nick Lodolo,26378,27,SP,CIN,156.66666666666666,29,28,156,31,138,58,0,0,0,0,9,14,102.3314,101.4918,642
2025,Cade Smith,27867,26,RP,CLE,73.66666666666667,76,0,104,19,55,24,16,19,35,1,8,0,108.0495,106.9518,300
2025,Aroldis Chapman,10233,37,RP,BOS,61.333333333333336,67,0,85,15,28,8,32,4,36,1,5,0,107.7259,124.8684,228
2025,Luis Castillo,15689,32,SP,SEA,180.66666666666666,32,32,162,46,168,71,0,0,0,0,11,18,96.1761,105.8034,745
2025,Dean Kremer,19350,29,SP,BAL,171.66666666666666,31,29,142,45,163,80,0,0,0,0,11,9,95.04,101.3896,708
2025,Chad Patrick,30113,26,SP,MIL,119.66666666666667,27,23,127,40,113,47,0,1,1,0,3,5,105.1406,97.7297,503
2025,Logan Gilbert,22250,28,SP,SEA,131,25,25,173,31,104,50,0,0,0,0,6,8,95.8594,110.3284,535
2025,Drew Rasmussen,25385,29,SP,TBR,150,31,31,127,37,116,46,0,0,0,0,10,8,111.9451,100.1291,585
2025,Jack Flaherty,17479,29,SP,DET,161,31,31,188,59,147,83,0,0,0,0,8,10,98.3224,102.3923,681
2025,Luis Severino,15890,31,SP,ATH,162.66666666666666,29,29,124,50,162,82,0,0,0,0,8,10,109.6434,97.2025,705
2025,Janson Junk,23301,29,SP,MIA,110,21,16,77,13,112,51,1,0,1,0,6,6,94.4931,113.4381,447
2025,Clayton Kershaw,2036,37,SP,LAD,112.66666666666667,23,22,84,35,102,42,0,0,0,0,11,6,95.7287,92.297,463
2025,Mitch Keller,17594,29,SP,PIT,176.33333333333334,32,32,150,51,171,82,0,0,0,0,6,17,95.0404,98.7243,749
2025,Yusei Kikuchi,20633,34,SP,LAA,178.33333333333334,33,33,174,74,180,79,0,0,0,0,7,11,94.9377,105.5613,772
2025,Kyle Freeland,16256,32,SP,COL,162.66666666666666,31,31,124,38,193,90,0,0,0,0,5,14,94.6367,102.5991,709
2025,Chris Bassitt,12304,36,SP,TOR,170.33333333333334,32,31,166,52,174,75,0,0,0,0,11,11,95.87,100.8844,736
2025,George Kirby,25436,27,SP,SEA,126,23,23,137,29,121,59,0,0,0,0,10,12,97.9645,112.4147,524
2025,Spencer Schwellenbach,31846,25,SP,ATL,110.66666666666667,17,17,108,18,89,38,0,0,0,0,7,13,109.9032,109.0254,434
2025,Casey Mize,20492,28,SP,DET,149,28,28,139,36,153,64,0,0,0,0,14,9,95.6565,106.5295,627
2025,Adrian Houser,12718,32,SP,2 Tms,125,21,21,92,38,122,46,0,0,0,0,8,11,92.5642,106.4618,518
2025,Jack Leiter,30146,25,SP,TEX,151.66666666666666,29,29,148,67,127,65,0,0,0,0,10,10,107.0108,91.3624,646
2025,Justin Verlander,8700,42,SP,SFG,152,29,29,137,52,155,65,0,0,0,0,4,12,106.1094,93.3089,662
2025,Garrett Whitlock,20191,29,RP,BOS,72,62,0,91,24,54,18,1,24,25,1,7,0,99.1068,111.7746,293
2025,Adrian Morejon,20039,26,RP,SDP,73.66666666666667,75,0,70,17,49,17,3,20,23,1,13,0,119.7041,102.227,286
2025,Bryan Abreu,16609,28,RP,HOU,71,70,0,105,31,51,18,7,25,32,1,3,0,110.4269,89.9806,296
2025,Shane Smith,31687,25,SP,CHW,146.33333333333334,29,29,145,58,117,62,0,0,0,0,7,7,95.0337,98.161,616
2025,Robbie Ray,11486,33,SP,SFG,182.33333333333334,32,32,186,73,148,74,0,0,0,0,11,16,97.3504,95.1305,755
2025,Cade Horton,31872,23,SP,CHC,118,23,22,97,33,95,35,0,0,0,0,11,5,96.2358,101.2382,476
2025,Jhoan Duran,21029,27,RP,2 Tms,70,72,0,80,19,58,16,32,1,33,1,7,0,125.34,97.305,287
2025,Nick Martinez,12730,34,SP,CIN,165.66666666666666,40,26,116,42,158,82,0,5,5,0,11,11,91.044,108.4978,683
2025,Will Warren,30182,26,SP,NYY,162.33333333333334,33,33,171,65,158,80,0,0,0,0,9,6,100.294,99.6303,711
2025,Cole Ragans,21846,27,SP,KCR,61.666666666666664,13,13,98,20,53,32,0,0,0,0,3,2,108.8085,100.4404,257
2025,Emmet Sheehan,29839,25,SP,LAD,73.33333333333333,15,12,89,22,49,23,0,0,0,0,6,3,102.0534,103.9499,291
2025,David Bednar,19569,30,RP,2 Tms,62.666666666666664,64,0,86,19,46,16,27,4,31,1,6,0,105.6887,107.2372,251
2025,Mason Miller,31757,26,RP,2 Tms,61.666666666666664,60,0,104,28,28,18,22,10,32,1,1,0,122.8171,89.499,234
2025,Ryne Nelson,26253,27,SP,ARI,154,33,23,132,41,124,58,1,0,1,0,7,11,108.056,99.7699,619
2025,Ryan Pepiot,26221,27,SP,TBR,167.66666666666666,31,31,167,61,134,72,0,0,0,0,11,14,109.4702,96.7377,679
2025,Edward Cabrera,21690,27,SP,MIA,137.66666666666666,26,26,150,48,121,54,0,0,0,0,8,7,105.0493,101.4291,581
2025,Edwin Díaz,14710,31,RP,NYM,66.33333333333333,62,0,98,21,37,12,28,0,28,1,6,0,109.6552,93.2824,258
2025,Shane Baz,22264,26,SP,TBR,166.33333333333334,31,31,176,64,158,90,0,0,0,0,10,11,107.3836,98.0976,711
2025,Lucas Giolito,15474,30,SP,BOS,145,26,26,121,56,131,55,0,0,0,0,10,14,91.8534,98.1067,613
2025,Tyler Mahle,16358,30,SP,TEX,86.66666666666667,16,16,66,29,69,21,0,0,0,0,6,7,91.0716,110.7922,346
2025,Shohei Ohtani,19755,30,SP,LAD,47,14,14,62,9,40,15,0,0,0,0,1,1,119.4801,98.9083,188
2025,Brayan Bello,23920,26,SP,BOS,166.66666666666666,29,28,124,59,147,62,0,0,0,0,11,16,96.4294,101.0091,700
2025,Robert Suarez,30115,34,RP,SDP,69.66666666666667,70,0,75,16,47,23,40,0,40,1,4,0,112.9158,107.3478,269
2025,Clay Holmes,13649,32,SP,NYM,165.66666666666666,33,31,129,66,150,65,0,0,0,0,12,8,104.4379,101.0086,708
2025,Andrés Muñoz,20373,26,RP,SEA,62.333333333333336,64,0,83,28,36,12,38,0,38,1,3,0,120.0842,87.4458,254
2025,Blake Snell,13543,32,SP,LAD,61.333333333333336,11,11,72,26,51,16,0,0,0,0,5,5,97.9372,112.1834,254
2025,Quinn Priester,25977,24,SP,MIL,157.33333333333334,29,24,132,50,145,58,0,0,0,0,13,9,97.6034,100.0511,653
2025,Eury Pérez,27768,22,SP,MIA,95.33333333333333,20,20,105,32,68,45,0,0,0,0,7,4,117.8638,93.7031,385
2025,Patrick Corbin,9323,35,SP,TEX,155.33333333333334,31,30,131,51,161,76,0,0,0,0,7,6,95.9041,100.7445,663
2025,Tanner Bibee,30134,26,SP,CLE,182.33333333333334,31,31,162,54,170,86,0,0,0,0,12,12,102.0766,98.784,762
2025,Colin Rea,12317,34,SP,CHC,159.33333333333334,32,27,127,44,155,70,1,0,1,0,11,7,94.8759,101.2102,662
2025,Noah Cameron,30184,25,SP,KCR,138.33333333333334,24,24,114,43,109,46,0,0,0,0,9,10,94.1049,101.3418,556
2025,Kyle Hendricks,12049,35,SP,LAA,164.66666666666666,31,31,114,43,167,87,0,0,0,0,8,11,82.5291,107.7684,695
2025,Pablo López,17085,29,SP,MIN,75.66666666666667,14,14,73,20,64,23,0,0,0,0,5,4,93.3657,112.2689,312
2025,Matthew Liberatore,22294,25,SP,STL,151.66666666666666,29,29,122,40,158,71,0,0,0,0,8,11,96.1088,99.0767,648
2025,Taj Bradley,22543,24,SP,2 Tms,142.66666666666666,27,27,127,56,131,80,0,0,0,0,6,13,101.6309,89.9264,605
2025,Brandon Woodruff,16162,32,SP,MIL,64.66666666666667,12,12,83,14,45,23,0,0,0,0,7,6,96.3879,106.7858,257
2025,Will Vest,19769,30,RP,DET,68.66666666666667,64,0,75,22,61,23,23,3,26,1,6,0,105.8066,108.0468,284
2025,Sandy Alcantara,18684,29,SP,MIA,174.66666666666666,31,31,142,57,165,104,0,0,0,0,11,12,108.3894,100.7786,745
2025,Jeffrey Springs,17677,32,SP,ATH,171,32,30,138,54,153,78,0,0,0,0,11,14,93.7952,98.4389,713
2025,Sean Newcomb,16943,32,RP,2 Tms,92.33333333333333,48,5,91,31,94,28,2,4,6,0,2,0,100.9462,95.6644,391
2025,Logan Allen,27589,26,SP,CLE,156.66666666666666,30,29,122,62,157,74,0,0,0,0,8,7,92.4548,97.3685,676
2025,Grant Taylor,33927,23,RP,CHW,36.666666666666664,36,2,54,15,37,20,6,9,15,1,2,0,94.7648,120.7811,157
2025,Stephen Kolek,21487,28,SP,2 Tms,112.66666666666667,19,19,77,31,98,44,0,0,0,0,5,9,95.9055,101.0698,461
2025,Gabe Speier,17170,30,RP,SEA,62,76,0,82,11,43,18,0,24,24,1,4,0,112.7235,107.4385,243
2025,Griffin Jax,20253,30,RP,2 Tms,66,73,2,99,21,64,31,0,28,28,1,1,0,109.1679,116.6119,283
2025,Jack Dreyer,30249,26,RP,LAD,76.33333333333333,67,5,74,24,56,25,4,10,14,1,3,0,98.6725,96.9376,307
2025,Abner Uribe,25327,25,RP,MIL,75.33333333333333,75,0,90,27,51,14,7,37,44,1,3,0,117.4309,99.0624,298
2025,Brandon Pfaadt,27782,26,SP,ARI,176.66666666666666,33,33,147,37,198,103,0,0,0,0,13,12,97.2097,104.1167,767
2025,Carmen Mlodzinski,27572,26,RP,PIT,99,34,12,89,27,102,39,0,3,3,0,5,0,104.2895,100.3382,419
2025,Tyler Glasnow,14374,31,SP,LAD,90.33333333333333,18,18,106,43,56,32,0,0,0,0,4,7,98.2599,90.9325,366
2025,Graham Ashcraft,27552,27,RP,CIN,65.33333333333333,62,0,64,25,68,29,0,23,23,1,8,0,121.9351,100.9515,284
2025,Steven Okert,13580,33,RP,HOU,71.66666666666667,68,1,84,19,45,24,1,10,11,1,3,0,115.258,97.3037,276
2025,Braxton Ashcraft,23793,25,RP,PIT,69.66666666666667,26,8,71,24,63,21,0,4,4,0,4,0,105.2578,100.7595,292
2025,Trevor Megill,17722,31,RP,MIL,47,50,0,60,17,36,13,30,0,30,1,6,0,128.4254,106.3267,192
2025,Matt Strahm,13799,33,RP,PHI,62.333333333333336,66,0,70,20,47,19,6,22,28,1,2,0,108.102,94.0487,256
2025,Phil Maton,18064,32,RP,2 Tms,61.333333333333336,63,0,81,23,42,19,5,22,27,1,4,0,104.2824,101.8472,248
2025,Justin Wrobleski,31204,24,RP,LAD,66.66666666666667,24,2,76,17,65,32,2,6,8,0,5,0,104.0828,107.0852,280
2025,Joey Cantillo,23335,25,RP,CLE,95.33333333333333,34,13,108,42,78,34,1,1,2,0,5,2,88.9659,103.8832,401
2025,Tylor Megill,21318,29,SP,NYM,68.33333333333333,14,14,89,33,60,30,0,0,0,0,5,1,107.6706,97.2926,305
2025,Zack Littell,15823,29,SP,2 Tms,186.66666666666666,32,32,130,32,174,79,0,0,0,0,10,17,85.1808,103.9111,759
2025,Gavin Williams,30122,25,SP,CLE,167.66666666666666,31,31,173,83,130,57,0,0,0,0,12,14,102.5883,94.6313,704
2025,Randy Rodríguez,23974,25,RP,SFG,50.666666666666664,50,0,67,11,34,10,4,13,17,1,3,0,121.48,95.418,198
2025,Kodai Senga,31838,32,SP,NYM,113.33333333333333,22,22,109,55,94,38,0,0,0,0,7,6,94.0981,94.8108,482
2025,Cade Povich,30055,25,SP,BAL,112.33333333333333,22,20,118,43,125,65,0,0,0,0,3,3,96.8402,99.469,488
2025,Kyle Leahy,24763,28,RP,STL,88,62,1,80,28,80,30,1,18,19,1,4,0,101.3094,104.5812,363
2025,Jose A. Ferrer,24017,25,RP,WSN,76.33333333333333,72,0,71,16,81,38,11,21,32,1,4,0,109.9474,104.3429,324
2025,Reese Olson,24968,25,SP,DET,68.66666666666667,13,13,65,25,58,24,0,0,0,0,4,3,94.9157,100.5463,285
2025,Chase Burns,35333,22,SP,CIN,43.333333333333336,13,8,67,16,41,22,0,1,1,0,0,2,114.5617,105.9923,188
2025,Eric Lauer,19316,30,SP,TOR,104.66666666666667,28,15,102,26,90,37,0,1,1,0,9,4,92.3016,103.4487,426
2025,Zebby Matthews,31827,25,SP,MIN,79.33333333333333,16,16,88,24,94,49,0,0,0,0,5,4,105.9956,103.4546,354
2025,Devin Williams,15816,30,RP,NYY,62,67,0,90,25,45,33,18,15,33,1,4,0,114.3777,101.0598,259
2025,Shawn Armstrong,12857,34,RP,TEX,74,71,2,74,20,40,19,9,12,21,1,4,0,105.326,94.8313,284
2025,Ronny Henriquez,24094,25,RP,MIA,73,69,0,98,27,53,18,7,26,33,1,7,0,110.0468,95.9565,303
2025,Mike Burrows,24728,25,SP,PIT,96,23,19,97,31,88,42,0,0,0,0,2,2,95.4341,100.8829,402
2025,Cam Schlittler,32095,24,SP,NYY,73,14,14,84,31,58,24,0,0,0,0,4,5,114.0817,97.2276,304
2025,Tyler Rogers,15541,34,RP,2 Tms,77.33333333333333,81,0,48,7,66,17,0,32,32,1,4,0,127.8936,105.3171,299
2025,José Berríos,14168,31,SP,TOR,166,31,30,138,56,160,77,0,0,0,0,9,14,88.67,101.8444,698
2025,Brad Keller,15734,29,RP,CHC,69.66666666666667,68,1,75,22,45,16,3,25,28,1,4,0,106.0808,91.4815,276
2025,Clarke Schmidt,19899,29,SP,NYY,78.66666666666667,14,14,73,30,56,29,0,0,0,0,4,7,100.9882,102.7298,316
2025,Davis Martin,21448,28,SP,CHW,142.66666666666666,26,25,104,48,136,65,0,0,0,0,7,9,96.6294,95.9786,601
2025,Ben Casparius,30085,26,RP,LAD,77.66666666666667,46,3,71,21,78,40,2,13,15,1,7,0,116.153,103.1219,333
2025,Eduardo Rodriguez,13164,32,SP,ARI,154.33333333333334,29,29,143,60,178,86,0,0,0,0,9,9,91.0391,98.8181,694
2025,Tyler Alexander,17735,30,RP,2 Tms,97.66666666666667,52,5,82,30,107,54,1,3,4,0,5,0,100.187,103.7193,423
2025,Brendon Little,21574,28,RP,TOR,68.33333333333333,79,0,91,45,48,23,1,30,31,1,4,0,117.1664,81.7011,295
2025,Jacob Latz,21306,29,RP,TEX,85.66666666666667,33,8,76,37,69,27,1,1,2,0,2,1,102.6844,101.7407,348
2025,Jimmy Herget,17556,31,RP,COL,83.33333333333333,59,0,81,26,72,23,0,9,9,0,1,0,93.4543,98.0547,347
2025,Brad Lord,31972,25,RP,WSN,130.66666666666666,48,19,108,43,126,63,0,7,7,1,5,5,86.4839,101.8523,546
2025,Jacob Lopez,25098,27,SP,ATH,92.66666666666667,21,17,113,37,81,42,0,0,0,0,7,7,93.0881,101.415,399
2025,Jason Adam,11861,33,RP,SDP,65.33333333333333,65,0,70,25,50,14,0,29,29,1,8,0,103.6286,94.2384,270
2025,Louis Varland,27691,27,RP,2 Tms,72.66666666666667,74,1,75,22,65,24,0,22,22,1,4,0,111.0166,102.0112,296
2025,Aaron Ashby,23550,27,RP,MIL,66.66666666666667,43,1,76,24,54,16,3,5,8,0,5,0,122.7513,102.6991,270
2025,Michael Lorenzen,14843,33,SP,KCR,141.66666666666666,27,26,127,39,149,73,0,0,0,0,7,9,92.1441,101.1804,606
2025,Jacob Misiorowski,31623,23,SP,MIL,66,15,14,87,31,51,32,0,0,0,0,5,3,118.5782,104.1716,273
2025,Kyle Finnegan,15009,33,RP,2 Tms,57,56,0,55,18,45,22,24,3,27,1,4,0,104.7582,104.3209,229
2025,Reid Detmers,27468,25,RP,LAA,63.666666666666664,61,0,80,25,58,28,3,13,16,1,5,0,112.4223,111.6151,266
2025,Nolan McLean,33703,23,SP,NYM,48,8,8,57,16,34,11,0,0,0,0,5,4,117.0229,95.3924,188
2025,Hurston Waldrep,33527,23,SP,ATL,56.333333333333336,10,9,55,22,45,18,0,0,0,0,6,4,103.2409,100.5504,229
2025,Trevor Williams,16977,33,SP,WSN,82.66666666666667,17,17,65,21,106,57,0,0,0,0,3,1,94.5754,104.166,373
2025,Dennis Santana,17878,29,RP,PIT,70.33333333333333,70,0,60,17,44,17,16,12,28,1,4,0,97.0738,99.1695,270
2025,Bailey Ober,21224,29,SP,MIN,146.33333333333334,27,27,120,31,159,83,0,0,0,0,6,8,93.918,102.4923,624
2025,Simeon Woods Richardson,24494,24,SP,MIN,111.33333333333333,23,22,107,46,96,50,0,0,0,0,7,3,87.8886,97.6844,471
2025,Joey Wentz,19962,27,RP,3 Tms,98,39,13,92,43,110,61,0,0,0,0,5,3,88.1891,104.8505,442
2025,Kyle Bradish,24586,28,SP,BAL,32,6,6,47,10,23,9,0,0,0,0,1,3,94.7752,110.998,126
2025,Landen Roupp,30076,26,SP,SFG,106.66666666666667,22,22,102,45,113,45,0,0,0,0,7,8,97.1138,105.9665,476
2025,Caleb Thielbar,10078,38,RP,CHC,58,67,0,56,13,38,17,1,25,26,1,3,0,110.7743,101.6298,220
2025,Steven Matz,13361,34,RP,2 Tms,76.66666666666667,53,2,59,11,73,26,2,13,15,1,5,0,102.5457,111.1363,309
2025,Jameson Taillon,11674,33,SP,CHC,129.66666666666666,23,23,98,27,110,53,0,0,0,0,11,14,94.2714,109.0191,519
2025,Josh Hader,14212,31,RP,HOU,52.666666666666664,48,0,76,16,29,12,28,0,28,1,6,0,118.2213,100.2793,206
2025,Michael Soroka,18383,27,SP,2 Tms,89.66666666666667,22,17,95,29,72,45,0,1,1,0,3,4,94.8075,96.7989,379
2025,Emmanuel Clase,21032,27,RP,CLE,47.333333333333336,48,0,47,12,46,17,24,1,25,1,5,0,121.8307,101.9691,201
2025,Carlos Estévez,14542,32,RP,KCR,66,67,0,54,22,48,18,42,0,42,1,4,0,98.5541,98.6847,269
2025,Bennett Sousa,21345,30,RP,HOU,50.666666666666664,44,0,59,15,37,16,4,7,11,1,5,0,107.1163,99.4905,199
2025,Ian Seymour,27932,26,RP,TBR,57,19,5,64,19,48,23,0,0,0,0,4,1,93.6134,98.7829,242
2025,Ben Brown,23590,25,SP,CHC,106.33333333333333,25,15,121,32,121,70,1,1,2,0,5,3,98.816,98.462,472
2025,Zac Gallen,19291,29,SP,ARI,192,33,33,175,66,176,103,0,0,0,0,13,15,92.8296,104.987,813
2025,Tony Santillan,19926,28,RP,CIN,73.66666666666667,80,0,75,29,53,20,7,33,40,1,1,0,97.095,99.7674,301
2025,Jeremiah Estrada,22210,26,RP,SDP,73,77,0,108,27,58,28,3,30,33,1,4,0,107.9728,115.6925,304
2025,Emilio Pagán,14771,34,RP,CIN,68.66666666666667,70,0,81,22,41,22,32,2,34,1,2,0,112.109,96.7818,270
2025,Justin Wilson,4301,37,RP,BOS,48.333333333333336,61,0,57,20,48,18,0,18,18,1,4,0,105.2091,96.8466,207
2025,Ryan Bergert,29863,25,SP,2 Tms,76.33333333333333,19,15,73,35,61,31,0,0,0,0,2,1,90.8135,103.7174,323
2025,Raisel Iglesias,17130,35,RP,ATL,67.33333333333333,70,0,73,16,51,24,29,2,31,1,4,0,96.6337,104.4225,266
2025,Matt Svanson,29629,26,RP,STL,60.333333333333336,39,0,68,20,33,13,0,5,5,0,4,0,110.0041,99.7657,234
2025,Parker Messick,31986,24,SP,CLE,39.666666666666664,7,7,38,6,46,12,0,0,0,0,3,4,95.7025,108.863,165
2025,Alex Vesia,25007,29,RP,LAD,59.666666666666664,68,0,80,22,37,20,5,25,30,1,4,0,118.9588,95.64,237
2025,Pete Fairbanks,17998,31,RP,TBR,60.333333333333336,61,0,59,18,45,19,27,0,27,1,4,0,111.2556,104.3309,244
2025,Hoby Milner,13346,34,RP,TEX,70.33333333333333,73,0,58,21,68,30,0,18,18,1,3,0,106.3951,105.2248,293
2025,Hunter Dobbins,30240,25,SP,BOS,61,13,11,45,17,61,28,0,0,0,0,4,3,97.8181,104.5848,256
2025,Daniel Palencia,27914,25,RP,CHC,52.666666666666664,54,0,61,16,44,17,22,6,28,1,1,0,116.3348,95.0914,215
2025,Bubba Chandler,29868,22,RP,PIT,31.333333333333332,7,4,31,4,25,14,1,0,1,0,4,1,108.5361,104.2514,124
2025,Griffin Canning,19867,29,SP,NYM,76.33333333333333,16,16,70,35,70,32,0,0,0,0,7,3,91.6881,98.228,328
2025,Aaron Nola,16149,32,SP,PHI,94.33333333333333,17,17,97,28,99,63,0,0,0,0,5,6,105.3595,104.2974,404
2025,Luis Ortiz,27646,26,SP,CLE,88.66666666666667,16,16,96,42,80,43,0,0,0,0,4,5,99.8992,95.638,382
2025,Tyler Kinley,18297,34,RP,2 Tms,72.66666666666667,73,0,73,33,53,32,3,13,16,1,6,0,106.419,99.75,308
2025,Spencer Strider,27498,26,SP,ATL,125.33333333333333,23,23,131,51,124,62,0,0,0,0,7,11,96.493,92.9785,539
2025,Justin Topa,15145,34,RP,MIN,60,54,1,49,18,68,26,4,4,8,1,1,0,97.6267,110.8345,268
2025,Aaron Civale,19479,30,SP,3 Tms,102,23,18,88,33,96,55,1,0,1,0,4,3,98.2138,89.273,435
2025,Michael McGreevy,29869,24,SP,STL,95.66666666666667,17,16,58,20,100,47,0,0,0,0,8,7,90.284,110.4664,400
2025,Jared Koenig,27517,31,RP,MIL,66,72,0,68,20,57,21,2,27,29,1,6,0,105.0778,99.5334,268
2025,Shota Imanaga,33829,31,SP,CHC,144.66666666666666,25,25,117,26,117,60,0,0,0,0,9,12,94.3003,107.753,567
2025,JoJo Romero,19574,28,RP,STL,61,65,0,55,29,47,14,8,24,32,1,4,0,105.8239,100.5292,255
2025,Bryce Elder,27779,26,SP,ATL,156.33333333333334,28,28,131,51,167,92,0,0,0,0,8,14,90.2534,107.7174,679
2025,Grant Holmes,16944,29,SP,ATL,115,22,21,123,54,100,51,0,0,0,0,4,9,90.6787,99.4268,492
2025,Mitchell Parker,27636,25,SP,WSN,164.66666666666666,33,30,103,58,178,104,1,0,1,0,9,11,91.3907,102.6444,725
2025,Seranthony Domínguez,19249,30,RP,2 Tms,62.666666666666664,67,0,79,36,44,22,2,20,22,1,4,0,113.7862,83.8956,261
2025,Edwin Uceta,20539,27,RP,TBR,76,70,0,103,27,62,32,1,21,22,1,10,0,96.1034,105.3,321
2025,Lucas Erceg,19360,30,RP,KCR,61.333333333333336,61,0,48,18,54,18,2,22,24,1,8,0,102.1538,102.1677,249
2025,Cristian Javier,17606,28,SP,HOU,37,8,8,34,15,32,19,0,0,0,0,2,2,94.8239,94.606,157
2025,Jose Quintana,11423,36,SP,MIL,131.66666666666666,24,24,89,50,120,58,0,0,0,0,11,8,85.4313,104.1995,556
2025,Hunter Gaddis,25636,27,RP,CLE,66.66666666666667,73,0,73,21,58,23,3,35,38,1,2,0,94.6888,103.3464,274
2025,Michael King,19853,30,SP,SDP,73.33333333333333,15,15,76,26,62,28,0,0,0,0,5,2,98.788,101.683,308
2025,Martín Pérez,6902,34,SP,CHW,56,11,10,44,22,40,22,0,0,0,0,1,5,80.8392,100.9591,228
2025,Ryan Gusto,26440,26,SP,2 Tms,101.66666666666667,27,17,97,36,114,64,0,0,0,0,7,4,100.4373,100.4546,453
2025,Brandon Walter,26056,28,SP,HOU,53.666666666666664,9,9,52,4,46,20,0,0,0,0,1,6,96.7179,107.8462,212
2025,Andrew Kittredge,12828,35,RP,2 Tms,53,54,0,64,11,41,20,5,15,20,1,4,0,101.1915,108.2248,208
2025,Logan Henderson,31475,23,SP,MIL,25.333333333333332,5,5,33,8,17,5,0,0,0,0,3,1,93.1523,110.3953,99
2025,Braydon Fisher,24609,24,RP,TOR,50,52,1,62,19,32,15,0,5,5,0,7,0,105.7127,100.1905,202
2025,Matt Festa,19330,32,RP,CLE,54.666666666666664,63,0,56,15,44,25,0,12,12,1,5,0,100.4633,95.2063,226
2025,Randy Vásquez,24719,26,SP,SDP,133.66666666666666,28,26,78,52,125,57,0,0,0,0,6,9,96.7501,101.4091,570
2025,Caleb Ferguson,19349,28,RP,2 Tms,65.33333333333333,70,0,51,22,54,26,0,14,14,1,5,0,107.7784,99.8491,270
2025,Dustin May,19716,27,SP,2 Tms,132.33333333333334,25,23,123,56,132,73,0,0,0,0,7,10,100.8324,96.4419,584
2025,Cole Sands,21461,27,RP,MIN,72,69,3,64,19,65,36,3,13,16,1,4,0,97.0289,104.9091,299
2025,Tanner Banks,16990,33,RP,PHI,67.33333333333333,69,1,61,12,56,23,1,10,11,1,6,0,110.789,105.6516,267
2025,Fernando Cruz,7048,35,RP,NYY,48,49,0,72,24,33,19,2,16,18,1,3,0,102.5238,84.8102,200
2025,Reed Garrett,16866,32,RP,NYM,55.333333333333336,58,1,64,26,47,24,3,20,23,1,3,0,113.8736,96.0758,238
2025,Matt Brash,25756,27,RP,SEA,47.333333333333336,53,0,58,18,41,13,4,21,25,1,1,0,111.5972,84.9619,199
2025,Brooks Raley,10061,37,RP,NYM,25.666666666666668,30,0,25,6,14,7,0,10,10,1,3,0,117.5874,95.0658,99
2025,Tommy Nance,19178,34,RP,TOR,31.666666666666668,30,0,32,7,25,7,0,5,5,0,2,0,99.6196,109.042,126
2025,J.T. Ginn,27889,26,SP,ATH,90.33333333333333,23,16,99,31,92,51,0,1,1,0,4,2,96.0503,107.6851,392
2025,Corbin Burnes,19361,30,SP,ARI,64.33333333333333,11,11,63,26,49,19,0,0,0,0,3,7,102.3506,101.6329,265
2025,Luis García,6984,38,RP,3 Tms,55.333333333333336,58,0,48,26,55,21,2,12,14,1,2,0,108.5717,107.038,233
2025,Gregory Soto,19677,30,RP,2 Tms,60.333333333333336,70,0,70,24,62,28,1,22,23,1,1,0,116.0712,91.5854,279
2025,Garrett Cleavinger,17897,31,RP,TBR,61.333333333333336,67,0,82,18,40,16,2,21,23,1,2,0,111.3915,99.9552,243
2025,Andre Pallante,26108,26,SP,STL,162.66666666666666,31,31,111,62,173,96,0,0,0,0,6,9,93.7009,101.4793,715
2025,Slade Cecconi,27500,26,SP,CLE,132,23,23,109,32,125,63,0,0,0,0,7,11,92.7762,103.5363,545
2025,Sean Burke,29878,25,SP,CHW,134.33333333333334,28,22,133,63,131,63,0,0,0,0,4,5,92.1236,102.2356,596
2025,Orion Kerkering,31776,24,RP,PHI,60,69,0,65,27,55,22,4,19,23,1,8,0,121.7416,103.7481,266
2025,Kolby Allard,18694,27,RP,CLE,65,33,2,42,14,64,19,0,3,3,0,2,0,86.2672,102.3869,266
2025,Bryan King,25890,28,RP,HOU,68,68,0,69,11,60,21,2,27,29,1,5,0,96.9084,110.4535,275
2025,Chris Paddack,20099,29,SP,2 Tms,158,33,28,112,37,166,94,1,0,1,0,5,6,92.2391,112.2981,670
2025,Juan Mejia,23237,24,RP,COL,61.333333333333336,55,0,68,25,52,27,1,12,13,1,2,0,100.726,95.5977,261
2025,Brock Stewart,16727,33,RP,2 Tms,37.666666666666664,43,0,44,13,32,11,0,16,16,1,2,0,112.7196,96.8162,159
2025,Drew Pomeranz,11426,36,RP,CHC,49.666666666666664,57,4,57,15,38,12,1,14,15,1,2,0,105.6124,105.6104,203
2025,Greg Weissert,20375,30,RP,BOS,67,72,0,57,21,57,21,4,17,21,1,6,0,98.3747,101.7343,278
2025,Manuel Rodríguez,20794,28,RP,TBR,30.333333333333332,31,0,25,6,26,7,0,11,11,1,1,0,104.789,105.0546,121
2025,Danny Coulombe,13293,35,RP,2 Tms,43,55,1,43,18,32,11,2,9,11,1,2,0,106.9613,98.7411,176
2025,Isaac Mattson,20385,29,RP,PIT,47.666666666666664,44,0,45,19,35,13,0,12,12,1,3,0,96.301,96.5286,198
2025,Brenan Hanifee,22304,27,RP,DET,60,54,0,40,14,65,20,0,10,10,1,3,0,101.737,105.0078,260
2025,Shelby Miller,10197,34,RP,2 Tms,46,48,0,54,15,33,14,10,9,19,1,4,0,99.4349,110.1894,186
2025,Brandon Sproat,33850,24,RP,NYM,20.666666666666668,4,4,17,7,18,11,0,0,0,0,0,2,111.6673,84.7574,84
2025,Camilo Doval,21992,27,RP,2 Tms,65.33333333333333,69,0,72,35,51,26,16,10,26,1,4,0,104.3858,98.969,278
2025,Ryan Walker,20423,29,RP,SFG,61.333333333333336,68,0,60,18,60,28,17,9,26,1,5,0,108.6877,96.6478,266
2025,Kenley Jansen,3096,37,RP,LAA,59,62,0,57,19,37,17,29,0,29,1,5,0,114.3739,97.9035,234
2025,Félix Bautista,20666,30,RP,BAL,34.666666666666664,35,0,50,23,16,10,19,0,19,1,1,0,93.4558,107.58,142
2025,Brant Hurter,30133,26,RP,DET,63,43,4,68,27,57,17,2,5,7,0,4,0,112.6431,80.7813,277
2025,Brennan Bernardino,16835,33,RP,BOS,51.666666666666664,55,3,43,26,39,18,1,2,3,0,4,0,99.9472,87.443,224
2025,Mark Leiter Jr.,15551,34,RP,NYY,48.333333333333336,59,0,54,17,57,26,2,14,16,1,6,0,87.9004,100.4318,219
2025,Ronel Blanco,19407,31,SP,HOU,48.333333333333336,9,9,48,20,37,22,0,0,0,0,3,4,88.4549,102.7159,199
2025,Jakob Junis,13619,32,RP,CLE,66.66666666666667,57,0,55,18,64,22,0,6,6,0,4,0,93.604,106.5593,274
2025,Andrew Alvarez,29914,26,SP,WSN,23.333333333333332,5,5,20,10,16,6,0,0,0,0,1,1,87.468,105.8908,98
2025,AJ Smith-Shawver,29960,22,SP,ATL,44.333333333333336,9,9,42,21,42,19,0,0,0,0,3,2,97.8168,94.7995,192
2025,Tanner Gordon,27669,27,SP,COL,75.33333333333333,15,15,62,17,96,53,0,0,0,0,6,7,84.3039,105.3724,337
2025,Luis Gil,21052,27,SP,NYY,57,11,11,41,33,47,21,0,0,0,0,4,3,99.6737,93.2017,244
2025,Mason Englert,22288,25,RP,TBR,44.666666666666664,29,0,44,11,43,19,0,1,1,0,0,0,98.1889,106.7158,185
2025,Hogan Harris,21520,28,RP,ATH,64.66666666666667,48,0,65,33,54,23,4,3,7,0,2,0,95.7295,104.1861,277
2025,Chris Martin,11847,39,RP,TEX,42.333333333333336,49,0,43,8,43,14,2,13,15,1,2,0,112.9764,118.7844,174
2025,Bailey Falter,20070,28,SP,2 Tms,125.33333333333333,26,24,81,46,115,62,0,0,0,0,7,7,95.9398,96.887200000000007,518
2025,Victor Vodnik,24614,25,RP,COL,50.666666666666664,52,0,49,26,45,17,10,7,17,1,4,0,96.8395,102.2802,215
2025,Dietrich Enns,13932,34,RP,2 Tms,46.333333333333336,24,3,49,15,50,21,2,4,6,0,3,0,109.0155,101.4909,200
2025,Robert Garcia,23363,29,RP,TEX,64,71,0,68,22,58,21,9,15,24,1,4,0,102.6714,100.5976,269
2025,Matt Gage,17381,32,RP,2 Tms,31,33,2,27,12,35,11,0,2,2,0,0,0,97.5155,95.57,137
2025,Jordan Leasure,29950,26,RP,CHW,64.33333333333333,68,1,81,30,49,28,7,14,21,1,5,0,99.1979,95.6792,269
2025,Max Meyer,27474,26,SP,MIA,64.66666666666667,12,12,68,20,72,34,0,0,0,0,3,5,96.5075,106.6445,285
2025,Taijuan Walker,11836,32,SP,PHI,123.66666666666667,34,21,86,42,132,56,1,2,3,0,5,4,89.9828,100.45,538
2025,Eduard Bazardo,20997,29,RP,SEA,78.66666666666667,73,0,82,27,53,22,0,12,12,1,5,0,104.1104,103.8546,313
2025,Seth Lugo,12447,35,SP,KCR,145.33333333333334,26,26,125,55,133,67,0,0,0,0,8,12,94.1616,93.744,611
2025,Wandy Peralta,14295,33,RP,SDP,71.66666666666667,71,1,63,30,66,25,0,4,4,0,6,0,99.0413,101.9367,313
2025,Bryan Baker,19804,30,RP,2 Tms,68.66666666666667,73,0,83,17,59,31,3,19,22,1,4,0,108.393,103.7,274
2025,JP Sears,23429,29,SP,2 Tms,135.66666666666666,27,27,117,36,143,76,0,0,0,0,9,6,94.2045,104.9805,583
2025,Joe Boyle,29608,25,SP,TBR,52,13,9,58,28,43,27,0,0,0,0,1,1,109.0199,84.6072,226
2025,Gordon Graceffo,29519,25,RP,STL,43,26,0,40,13,50,30,1,0,1,0,3,0,93.1644,106.5897,193
2025,Kyle Harrison,27758,23,SP,2 Tms,35.666666666666664,11,6,38,14,35,16,0,1,1,0,1,1,96.6755,111.7794,156
2025,Luke Weaver,16918,31,RP,NYY,64.66666666666667,64,0,72,20,46,26,8,21,29,1,4,0,96.6973,99.1559,262
2025,Luis Morales,32227,22,SP,ATH,48.666666666666664,10,9,43,18,38,17,0,0,0,0,4,3,102.7069,99.5592,199
2025,Cade Cavalli,27473,26,SP,WSN,48.666666666666664,10,10,40,15,57,23,0,0,0,0,3,2,108.3193,94.2718,219
2025,Nick Mears,25376,28,RP,MIL,56.666666666666664,63,0,46,13,42,22,1,16,17,1,5,0,100.2022,103.8108,221
2025,José Buttó,23313,27,RP,2 Tms,67,55,0,58,32,62,29,1,6,7,0,5,0,99.6867,96.6751,284
2025,Jake Bird,21267,29,RP,2 Tms,55.333333333333336,48,0,66,25,60,34,0,10,10,1,4,0,117.1441,102.1473,248
2025,Andrew Saalfrank,26203,27,RP,ARI,29,28,0,19,10,19,4,3,5,8,0,2,0,86.1251,98.8848,113
2025,Anthony Bender,19742,30,RP,MIA,50,51,0,42,21,32,12,4,19,23,1,3,0,114.8585,97.4351,204
2025,Sean Manaea,15873,33,SP,NYM,60.666666666666664,15,12,75,12,62,38,0,0,0,0,2,0,103.102,100.6414,263
2025,Mike Vasil,30105,25,RP,CHW,101,47,3,82,52,74,28,4,2,6,0,5,0,97.8269,94.8891,423
2025,Spencer Bivens,30226,31,RP,SFG,81,54,0,61,25,83,36,3,4,7,0,4,0,98.7877,103.767,343
2025,Kody Funderburk,24993,28,RP,MIN,41,39,0,40,18,44,16,1,7,8,1,4,0,105.8739,93.6334,183
2025,Aaron Bummer,16258,31,RP,ATL,54.333333333333336,42,2,51,17,51,23,0,2,2,0,3,0,111.1515,91.8962,235
2025,Enyel De Los Santos,18403,29,RP,2 Tms,66,65,0,62,24,61,32,0,6,6,0,6,0,92.9354,111.1851,280
2025,Steven Wilson,20353,30,RP,CHW,55.333333333333336,59,0,51,22,50,21,2,9,11,1,2,0,98.348,103.3736,241
2025,Tyler Gilbert,17964,31,RP,CHW,51,46,5,49,24,40,22,1,5,6,0,4,0,100.6844,100.5194,215
2025,Grant Anderson,20546,28,RP,MIL,69.66666666666667,66,0,74,29,59,25,0,6,6,0,2,0,103.9774,102.8137,299
2025,Max Scherzer,3137,40,SP,TOR,85,17,17,82,23,87,49,0,0,0,0,5,6,96.1828,107.673,358
2025,Justin Slaten,25648,27,RP,BOS,34,36,0,25,10,27,16,3,6,9,0,2,0,104.276,101.7347,137
2025,Ryan Feltner,21446,28,SP,COL,30.333333333333332,6,6,25,12,33,16,0,0,0,0,0,2,88.4086,95.6308,135
2025,Jonathan Cannon,31730,24,SP,CHW,103.66666666666667,22,17,86,38,116,67,0,0,0,0,4,3,97.4422,99.5723,466
2025,Tobias Myers,22191,26,RP,MIL,50.666666666666664,22,6,38,15,54,20,0,1,1,0,1,0,93.9216,102.2162,220
2025,JT Brubaker,17578,31,RP,2 Tms,28.666666666666668,17,1,22,12,23,12,0,0,0,0,0,0,94.3881,97.7177,117
2025,Andrew Chafin,12988,35,RP,2 Tms,33.666666666666664,42,0,36,19,29,9,0,4,4,0,1,0,95.4597,96.842,143
2025,Yu Darvish,13074,38,SP,SDP,72,15,15,68,19,66,43,0,0,0,0,5,3,99.2754,98.4837,296
2025,Zack Kelly,20349,30,RP,BOS,35.333333333333336,28,0,35,12,35,18,0,3,3,0,1,0,113.2528,99.4389,152
2025,Huascar Brazobán,6107,35,RP,NYM,63,52,3,57,27,51,25,2,12,14,1,5,0,103.7547,96.8016,262
2025,DL Hall,22207,26,RP,MIL,38.666666666666664,20,3,27,17,24,15,0,1,1,0,1,0,94.2019,91.4716,155
2025,Cal Quantrill,19312,30,SP,2 Tms,117.66666666666667,26,26,85,35,136,79,0,0,0,0,4,1,88.4838,99.8108,513
2025,Ben Lively,14932,33,SP,CLE,44.666666666666664,9,9,29,15,38,16,0,0,0,0,2,0,82.7881,103.6066,178
2025,Cole Sulser,15256,35,RP,TBR,22.666666666666668,18,0,22,7,20,5,0,0,0,0,2,0,96.728,104.3111,90
2025,Jack Perkins,31468,25,RP,ATH,38.666666666666664,12,4,37,18,27,18,3,1,4,0,3,1,105.1203,90.3282,161
2025,José Alvarado,17780,30,RP,PHI,26,28,0,32,7,27,11,7,5,12,1,4,0,112.8896,110.8253,114
2025,Justin Sterner,27694,28,RP,ATH,65,59,1,70,21,47,23,0,16,16,1,4,0,108.6473,91.9202,266
2025,Eric Orze,27626,27,RP,TBR,41.666666666666664,33,0,40,19,38,14,3,1,4,0,1,0,101.1158,94.0522,178
2025,Javier Assad,21741,27,SP,CHC,37,8,7,23,12,33,15,0,0,0,0,4,2,93.6387,96.802,153
2025,Kai-Wei Teng,24282,26,SP,SFG,29.666666666666668,8,7,39,17,29,21,0,0,0,0,2,0,93.7304,91.7104,139
2025,David Festa,30056,25,SP,MIN,53.333333333333336,11,10,53,19,49,32,0,0,0,0,3,1,90.6101,105.0292,229
2025,Taylor Clarke,17611,32,RP,KCR,55.333333333333336,51,0,44,9,38,20,1,5,6,0,1,0,97.3767,103.1495,206
2025,Yerry De los Santos,21420,27,RP,NYY,35.666666666666664,25,0,28,17,37,13,0,3,3,0,0,0,96.1183,101.1386,160
2025,Erik Sabrowski,24978,27,RP,CLE,29.333333333333332,33,0,42,21,14,6,0,12,12,1,0,0,108.1345,84.6209,121
2025,Angel Zerpa,22717,25,RP,KCR,64.66666666666667,69,2,58,22,67,30,0,14,14,1,5,0,117.1904,97.5378,275
2025,Tyler Wells,20000,30,RP,BAL,21.666666666666668,4,4,18,2,17,7,0,0,0,0,2,2,96.1118,103.8857,82
2025,Charlie Morton,4676,41,SP,3 Tms,142,33,27,149,72,152,92,0,0,0,0,9,9,100.4784,92.9945,654
2025,Dylan Lee,19996,30,RP,ATL,68.33333333333333,74,0,76,14,53,25,2,19,21,1,2,0,103.7914,106.276,266
2025,Cade Gibson,31815,27,RP,MIA,54.666666666666664,44,1,43,21,44,16,0,4,4,0,4,0,100.479,92.3366,230
2025,Riley O'Brien,20348,30,RP,STL,48,42,0,45,22,33,11,6,6,12,1,3,0,113.2034,93.5425,199
2025,John Schreiber,20020,31,RP,KCR,64,74,0,62,19,57,27,1,23,24,1,3,0,100.5494,112.4412,265
2025,Ryan Brasier,5615,37,RP,CHC,26,28,1,20,5,27,13,0,4,4,0,0,0,95.8715,101.5274,105
2025,Germán Márquez,15038,30,SP,COL,126.33333333333333,26,26,83,48,168,94,0,0,0,0,3,6,88.0771,94.7257,591
2025,Shane Bieber,19427,30,SP,TOR,40.333333333333336,7,7,37,7,34,16,0,0,0,0,4,3,92.3803,105.7994,159
2025,Jaden Hill,30250,25,RP,COL,29.333333333333332,28,0,31,12,27,11,0,3,3,0,1,0,94.5664,98.5076,129
2025,Miles Mikolas,9803,36,SP,STL,156.33333333333334,31,31,100,37,169,84,0,0,0,0,8,8,88.7317,106.834,669
2025,Tyler Ferguson,19481,31,RP,ATH,58,56,0,54,34,43,30,2,11,13,1,4,0,109.2227,83.4292,246
2025,Max Kranick,22175,27,RP,NYM,37,24,0,25,5,34,15,0,5,5,0,3,0,102.2263,107.3583,148
2025,David Morgan,31616,25,RP,SDP,47.333333333333336,41,2,50,23,35,14,0,1,1,0,1,0,115.278,83.5591,193
2025,Jorge López,14527,32,RP,WSN,24.666666666666668,26,0,17,7,25,18,1,5,6,0,6,0,98.5593,94.9606,106
2025,Pierce Johnson,13435,34,RP,ATL,59,65,0,59,19,52,20,1,16,17,1,3,0,99.7699,104.5437,238
2025,Wikelman González,26641,23,RP,CHW,20.333333333333332,16,0,25,12,13,6,0,1,1,0,1,0,94.6699,86.9618,87
2025,Kumar Rocker,31843,25,SP,TEX,64.33333333333333,14,14,56,23,71,41,0,0,0,0,4,3,97.6596,98.068,287
2025,Mason Montgomery,29770,25,RP,TBR,46,57,0,63,27,49,29,1,10,11,1,1,0,124.7507,87.194,209
2025,Brock Burke,17968,28,RP,LAA,61.666666666666664,69,1,52,18,58,23,0,15,15,1,7,0,102.1656,102.404,257
2025,Juan Morillo,21924,26,RP,ARI,34.333333333333336,42,0,36,20,38,16,1,5,6,0,0,0,111.3179,93.7629,152
2025,Rico Garcia,20023,31,RP,3 Tms,34.333333333333336,29,1,38,10,31,12,0,10,10,1,0,0,104.4679,100.6978,142
2025,Jordan Hicks,19618,28,RP,2 Tms,67.33333333333333,34,9,58,32,80,52,2,2,4,0,2,2,109.5985,95.5396,314
2025,Ryan Helsley,18138,30,RP,2 Tms,56,58,0,63,25,61,28,21,1,22,1,3,0,127.3539,94.9581,252
2025,Jason Alexander,19666,32,SP,2 Tms,77.33333333333333,18,13,65,26,80,41,1,0,1,0,4,5,88.4332,101.9222,336
2025,Nic Enright,25553,28,RP,CLE,31,27,0,30,12,24,7,1,3,4,0,2,0,93.5718,95.8196,127
2025,Kade Strowd,26191,27,RP,BAL,26.333333333333332,25,0,24,13,16,5,0,5,5,1,0,0,112.8243,89.0468,105
2025,Collin Snider,23307,29,RP,SEA,26.333333333333332,24,0,24,6,32,16,0,4,4,0,2,0,101.3786,107.5619,119
2025,Johan Oviedo,22487,27,SP,PIT,40.333333333333336,9,9,42,23,26,16,0,0,0,0,2,0,101.5961,90.8222,170
2025,Ryan Thompson,16647,33,RP,ARI,41.333333333333336,48,0,36,13,42,18,1,17,18,1,3,0,116.2508,98.7769,175
2025,Grant Wolfram,21623,28,RP,BAL,26.666666666666668,21,0,31,15,35,16,0,1,1,0,3,0,108.0125,94.0282,133
2025,Jacob Webb,19274,31,RP,TEX,66,55,0,58,19,49,22,1,7,8,0,5,0,95.0086,105.276,267
2025,Caleb Boushley,19736,31,RP,TEX,43.333333333333336,25,1,41,14,54,29,1,0,1,0,0,0,88.993,107.5113,193
2025,Cole Winn,22113,25,RP,TEX,41.666666666666664,33,0,35,17,23,7,0,4,4,0,0,0,106.8478,84.5379,162
2025,Jonathan Bowlan,24607,28,RP,KCR,44.333333333333336,34,1,46,17,37,19,0,2,2,0,1,0,103.1096,101.9852,180
2025,Ryan Weathers,23796,25,SP,MIA,38.333333333333336,8,8,37,12,37,17,0,0,0,0,2,0,102.7455,102.915,166
2025,Kevin Ginkel,19876,31,RP,ARI,25.666666666666668,29,0,29,13,29,21,3,6,9,1,1,0,89.6519,102.0353,121
2025,Mason Fluharty,31553,23,RP,TOR,52.666666666666664,55,0,56,24,36,26,1,5,6,0,5,0,117.985,89.733,215
2025,Sam Bachman,29754,25,RP,LAA,20.333333333333332,23,0,18,10,22,14,0,2,2,0,2,0,101.3472,97.6308,94
2025,Connor Phillips,27649,24,RP,CIN,25,21,0,32,12,11,8,0,1,1,0,5,0,116.6828,83.2628,98
2025,Clayton Beeter,27494,26,RP,2 Tms,25.333333333333332,26,0,33,18,13,12,1,9,10,1,0,0,106.5497,85.6085,104
2025,Hayden Wesneski,27581,27,SP,HOU,32,6,6,29,6,29,16,0,0,0,0,1,2,94.62,110.2282,131
2025,Paul Blackburn,14739,31,RP,2 Tms,39,15,4,34,12,47,27,1,0,1,0,0,0,97.2694,105.9724,175
2025,Justin Hagenman,21546,28,RP,NYM,23.666666666666668,9,1,23,2,24,12,1,0,1,0,0,0,97.3738,110.1548,99
2025,Kyle Nicolas,27775,26,RP,PIT,38,31,0,34,18,34,20,0,3,3,0,1,0,105.7546,87.1139,167
2025,Yohan Ramírez,19444,30,RP,PIT,33.333333333333336,24,0,45,16,33,20,0,1,1,0,3,0,104.358,91.6255,155
2025,Taylor Rogers,13449,34,RP,2 Tms,50.666666666666664,57,0,53,23,47,19,0,10,10,1,3,0,104.1831,99.9151,221
2025,Mason Barnett,31741,24,SP,ATH,22.333333333333332,5,5,18,11,26,17,0,0,0,0,1,0,96.7336,100.0255,104
2025,Jalen Beeks,17192,31,RP,ARI,57.333333333333336,61,2,47,20,42,24,1,14,15,1,5,0,95.1461,90.5606,231
2025,PJ Poulin,23394,28,RP,WSN,24.666666666666668,28,0,27,13,23,10,1,5,6,0,2,0,100.9434,89.7403,110
2025,Dylan Dodd,29928,27,RP,ATL,35,28,0,30,5,28,14,0,2,2,0,1,0,99.9139,102.0595,136
2025,Steven Cruz,23165,26,RP,KCR,45.666666666666664,47,0,38,18,36,19,0,9,9,0,3,0,118.5826,83.1304,189
2025,Mitch Farris,33628,24,SP,LAA,24.333333333333332,5,5,24,11,24,18,0,0,0,0,1,1,87.8803,88.8738,107
2025,Tyler Phillips,20629,27,RP,MIA,77.66666666666667,54,1,52,24,65,24,4,8,12,1,2,0,98.4766,106.6971,313
2025,Carlos Hernández,22713,28,RP,3 Tms,43.333333333333336,41,0,39,22,50,30,0,1,1,0,1,0,106.7691,98.332,203
2025,Troy Melton,31807,24,RP,DET,45.666666666666664,16,4,36,15,31,14,0,2,2,0,3,1,106.5971,96.6986,180
2025,Lake Bachar,19222,30,RP,MIA,71,53,1,75,30,55,31,3,5,8,0,8,0,101.0625,97.3697,296
2025,AJ Blubaugh,31764,24,RP,HOU,32,11,3,35,11,17,6,0,0,0,0,3,0,105.3292,97.0167,124
2025,Paxton Schultz,25501,27,RP,TOR,24.666666666666668,13,2,28,8,27,12,0,0,0,0,0,0,94.1459,95.7025,110
2025,Keider Montero,22630,24,SP,DET,90.66666666666667,20,12,72,31,95,44,0,0,0,0,5,2,96.3196,100.7895,389
2025,Lyon Richardson,24581,25,RP,CIN,37.666666666666664,34,0,30,21,37,19,0,3,3,0,0,0,94.2786,92.7551,172
2025,Adam Mazur,31900,24,SP,MIA,30,6,6,19,12,33,16,0,0,0,0,0,1,97.9607,97.8621,139
2025,Yoendrys Gómez,22872,25,RP,3 Tms,62.666666666666664,21,9,58,27,60,36,1,0,1,0,3,0,98.9378,88.7696,277
2025,Yimi García,12095,34,RP,TOR,21,22,0,25,12,13,9,3,6,9,1,1,0,118.8053,90.7068,90
2025,Ian Gibaut,17871,31,RP,CIN,25.333333333333332,25,0,15,8,26,13,0,3,3,0,0,0,88.0037,108.3084,109
2025,Pierson Ohl,30179,25,RP,MIN,30,14,3,27,7,38,17,0,1,1,0,0,0,93.8498,114.5242,133
2025,Brent Headrick,27702,27,RP,NYY,23,17,0,30,7,17,8,0,1,1,0,0,0,106.8408,95.4032,92
2025,Nabil Crismatt,17732,30,SP,ARI,34,8,5,25,9,40,14,0,0,0,0,3,1,78.4166,109.3936,153
2025,Scott Barlow,14993,32,RP,CIN,68.33333333333333,75,1,75,45,50,32,1,16,17,1,6,0,102.1773,87.4612,303
2025,Tyler Anderson,12880,35,SP,LAA,136.33333333333334,26,26,104,57,135,69,0,0,0,0,2,6,97.1366,96.4249,599
2025,Elvis Alvarado,21662,26,RP,ATH,42.333333333333336,37,0,50,22,34,15,0,4,4,0,1,0,104.4431,87.3191,183
2025,Chase Dollander,33482,23,SP,COL,98,21,21,82,49,103,71,0,0,0,0,2,4,102.4797,91.9957,441
2025,Yariel Rodríguez,33838,28,RP,TOR,73,66,1,66,34,50,25,2,14,16,1,3,0,101.2351,91.8667,298
2025,Ryan Yarbrough,16502,33,RP,NYY,64,19,8,55,19,58,31,1,0,1,0,3,2,99.9493,100.2715,264
2025,Brandon Eisert,27668,27,RP,CHW,69.66666666666667,72,3,74,25,75,34,2,8,10,1,3,0,79.1465,109.1901,306
2025,Rafael Montero,12760,34,RP,3 Tms,60.333333333333336,59,0,58,37,42,30,0,8,8,0,1,0,98.3762,107.9339,253
2025,Brent Suter,13942,35,RP,CIN,67.66666666666667,48,3,53,18,69,34,0,0,0,0,1,0,103.8587,99.3152,291
2025,Marcus Stroman,13431,34,SP,NYY,39,9,9,26,16,44,27,0,0,0,0,3,1,89.5253,99.4541,175
2025,Erik Miller,26252,27,RP,SFG,30,36,0,22,20,24,5,0,10,10,1,4,0,107.6002,86.7089,128
2025,Jackson Jobe,30203,22,SP,DET,49,10,10,39,27,46,23,0,0,0,0,4,2,108.6751,95.8912,218
2025,Ryne Stanek,15947,33,RP,NYM,56,65,0,58,32,56,33,3,11,14,1,4,0,115.8248,101.1675,255
2025,Yennier Cano,25911,31,RP,BAL,58,65,0,53,24,62,33,2,17,19,1,3,0,102.8914,96.1818,251
2025,Mick Abel,27756,23,SP,2 Tms,39,10,8,39,16,43,27,0,0,0,0,3,2,108.5516,96.079,174
2025,Anthony Banda,14706,31,RP,LAD,65,71,1,61,34,45,23,0,11,11,1,5,0,102.2572,92.8607,268
2025,Tomoyuki Sugano,35321,35,SP,BAL,157,30,30,106,36,173,81,0,0,0,0,10,10,92.3442,105.6989,675
2025,Joey Lucchesi,19320,32,RP,SFG,38.333333333333336,38,0,31,12,35,16,0,6,6,0,0,0,101.2491,96.9897,165
2025,Justin Steele,17312,29,RP,CHC,22.666666666666668,4,4,21,5,21,12,0,0,0,0,3,1,100.7817,100.4288,92
2025,Hunter Strickland,7836,36,RP,LAA,22,19,0,14,10,17,8,1,2,3,0,1,0,94.6817,99.5848,91
2025,Colton Gordon,31312,26,SP,HOU,86,20,14,72,19,103,51,1,0,1,0,6,1,95.0926,107.1438,379
2025,Ian Hamilton,19261,30,RP,NYY,40,36,1,42,22,28,19,0,4,4,0,2,0,98.4811,88.6412,166
2025,Bryce Miller,29837,26,SP,SEA,90.33333333333333,18,18,74,34,93,57,0,0,0,0,4,1,102.3091,96.3955,392
2025,Joel Peguero,21951,28,RP,SFG,22.333333333333332,17,0,17,8,15,6,0,4,4,0,3,0,123.5762,85.4883,86
2025,Andre Granillo,29542,25,RP,STL,21,14,0,18,7,22,11,1,0,1,0,1,0,99.6598,96.5282,91
2025,Ryan Borucki,16350,31,RP,2 Tms,35,39,0,32,16,29,18,0,7,7,0,1,0,106.7768,88.5573,145
2025,John Curtiss,16128,32,RP,ARI,36.666666666666664,30,0,24,5,29,16,1,3,4,0,3,0,95.7885,103.0304,141
2025,Grant Holman,30002,25,RP,ATH,23,22,2,17,9,26,13,0,3,3,0,4,0,92.3776,96.3591,103
2025,Carson Fulmer,18311,31,RP,LAA,29.333333333333332,13,0,26,11,25,19,0,0,0,0,0,0,86.1217,101.3491,123
2025,Lou Trivino,15043,33,RP,3 Tms,47.666666666666664,47,2,37,18,46,21,0,5,5,0,3,0,101.5036,92.1805,207
2025,Jake Woodford,18674,28,RP,ARI,36.333333333333336,22,0,23,13,45,26,3,2,5,0,0,0,101.5098,98.7629,170
2025,Matt Bowman,13528,34,RP,BAL,24.666666666666668,20,0,18,6,31,17,0,0,0,0,0,0,108.6791,91.3898,114
2025,Hayden Birdsong,31635,23,RP,SFG,65.66666666666667,21,10,68,37,61,35,0,3,3,0,4,1,98.9393,86.0658,298
2025,Calvin Faucher,20116,29,RP,MIA,60.333333333333336,65,0,59,24,53,22,15,7,22,1,4,0,113.1446,99.8613,255
2025,Frankie Montas,14309,32,SP,NYM,38.666666666666664,9,7,32,14,48,27,0,0,0,0,3,0,106.134,99.8962,178
2025,Rob Zastryzny,15094,33,RP,MIL,22,26,1,20,10,16,6,0,2,2,0,2,0,102.9683,97.0555,93
2025,Tim Hill,16814,35,RP,NYY,67,70,0,37,16,58,23,0,15,15,1,4,0,122.3705,96.9807,269
2025,Tanner Scott,17586,30,RP,LAD,57,61,0,60,18,54,30,23,8,31,1,1,0,116.6578,101.0646,238
2025,Tristan Beck,21584,29,RP,SFG,56.666666666666664,31,1,41,16,47,29,2,3,5,0,1,0,93.5802,100.2334,232
2025,Bryce Jarvis,27477,27,RP,ARI,22,12,0,21,10,23,14,1,1,2,0,0,0,86.1502,97.4163,98
2025,Emerson Hancock,27470,26,SP,SEA,90,22,16,64,31,93,49,0,0,0,0,4,5,89.0272,98.9475,385
2025,Easton Lucas,26058,28,SP,TOR,24.333333333333332,6,5,23,12,25,18,0,0,0,0,3,0,101.6944,87.3976,108
2025,Kyle Backhus,29615,27,RP,ARI,25.333333333333332,32,0,22,8,28,13,2,10,12,1,0,0,104.7065,97.4946,115
2025,Mitch Spence,27707,27,RP,ATH,84.66666666666667,32,8,66,26,96,48,1,4,5,0,3,0,100.8915,100.2058,375
2025,Connor Gillispie,26171,27,SP,MIA,26,6,6,23,11,32,25,0,0,0,0,0,0,91.5243,93.6239,123
2025,Logan Evans,33699,24,SP,SEA,81.33333333333333,16,15,59,31,82,39,0,0,0,0,6,2,94.8694,100.7778,350
2025,Blake Treinen,12572,37,RP,LAD,26.666666666666668,32,0,36,19,30,16,2,10,12,1,2,0,112.756,98.4708,129
2025,Chris Stratton,13761,34,RP,2 Tms,21,15,0,22,10,32,18,0,0,0,0,0,0,88.9357,91.1243,104
2025,Roki Sasaki,35323,23,SP,LAD,36.333333333333336,10,8,28,22,30,18,0,2,2,0,1,1,91.1634,92.0345,161
2025,Chase Shugart,21544,28,RP,PIT,45,35,0,31,17,33,17,0,5,5,0,4,0,102.4234,94.0872,181
2025,Brandon Young,27819,26,SP,BAL,57.666666666666664,12,12,47,22,67,40,0,0,0,0,1,2,92.1286,104.0424,256
2025,Brandon Waddell,18347,31,RP,NYM,31.333333333333332,11,1,22,11,29,12,0,1,1,0,0,0,98.0082,99.1943,134
2025,José Castillo,17169,29,RP,4 Tms,32,29,0,30,14,40,14,0,3,3,0,2,0,105.1674,101.8987,149
2025,José Ureña,11589,33,RP,5 Tms,55,19,6,34,23,57,28,1,0,1,0,0,0,86.7255,100.695,245
2025,Joel Payamps,14332,31,RP,2 Tms,26.333333333333332,30,0,24,9,31,20,1,4,5,0,0,0,103.3817,101.9397,117
2025,Antonio Senzatela,15488,30,SP,COL,130,30,23,73,47,192,96,0,0,0,0,4,2,85.4585,103.5931,618
2025,Chase Lee,29574,26,RP,DET,37.333333333333336,32,0,36,9,32,17,0,4,4,0,4,0,98.7233,107.7948,148
2025,Kirby Yates,9073,38,RP,LAD,41.333333333333336,50,0,52,17,38,24,3,15,18,1,4,0,94.3413,96.2943,178
2025,Spencer Arrighetti,29921,25,SP,HOU,35.333333333333336,7,7,31,20,30,21,0,0,0,0,1,2,103.685,94.0496,156
2025,Dane Dunning,19409,30,RP,2 Tms,20.666666666666668,12,0,21,7,24,16,2,0,2,0,0,0,85.7168,100.3436,95
2025,Michael Tonkin,10315,35,RP,MIN,24,21,0,19,8,20,13,0,2,2,1,2,0,90.5833,94.744,103
2025,Casey Legumina,25921,28,RP,SEA,49.666666666666664,48,1,55,25,47,31,0,3,3,0,4,0,107.4732,101.8072,219
2025,Chris Roycroft,31261,28,RP,STL,20.666666666666668,20,0,15,12,26,18,0,2,2,0,1,0,102.4014,93.5012,101
2025,Matt Sauer,22284,26,RP,LAD,29.666666666666668,10,1,24,8,35,21,1,0,1,0,2,0,102.8186,91.9836,129
2025,Landon Knack,27487,27,SP,LAD,42.333333333333336,10,7,42,19,40,23,1,0,1,0,3,2,93.7988,101.0809,185
2025,Héctor Neris,11804,36,RP,3 Tms,26.666666666666668,35,0,35,16,29,20,0,7,7,0,3,0,94.724,96.6079,124
2025,Tony Gonsolin,19388,31,SP,LAD,36,7,7,38,18,33,20,0,0,0,0,3,1,94.6462,94.3953,157
2025,Shawn Dubin,24977,29,RP,2 Tms,33.666666666666664,30,0,28,11,37,19,0,8,8,0,2,0,97.6668,92.361,145
2025,Joe Ross,12972,32,RP,PHI,51,37,1,39,18,57,29,0,0,0,0,2,0,93.2066,104.168,228
2025,Michael Kelly,12791,32,RP,ATH,39.666666666666664,42,0,29,19,32,14,2,7,9,1,4,0,106.9542,94.8874,166
2025,Tyler Holton,26231,29,RP,DET,78.66666666666667,70,6,64,17,65,32,0,17,17,1,6,0,103.1623,102.7387,312
2025,Carlos Carrasco,6632,38,SP,2 Tms,45.666666666666664,11,9,34,17,61,36,0,0,0,0,2,1,81.0968,100.812,212
2025,Kyle Hart,19646,32,RP,SDP,43,20,6,37,13,38,28,0,2,2,0,3,1,99.5378,97.282,179
2025,Luke Jackson,11752,33,RP,3 Tms,51,52,0,38,28,41,23,9,4,13,1,2,0,92.9549,103.957,219
2025,Daniel Lynch IV,21537,28,RP,KCR,67.66666666666667,57,2,45,26,66,23,1,7,8,0,6,0,95.2634,88.7511,289
2025,Erick Fedde,17425,32,SP,3 Tms,141,32,24,83,67,147,86,0,1,1,0,4,6,91.0969,102.631,623
2025,Luis Mey,25620,24,RP,CIN,21,23,0,21,17,17,8,0,4,4,0,2,0,111.0184,84.1672,96
2025,Valente Bellozo,23899,25,RP,MIA,81.33333333333333,32,6,54,23,85,42,0,1,1,0,1,0,94.233,96.46,348
2025,Lance McCullers Jr.,14120,31,SP,HOU,55.333333333333336,16,13,61,39,61,40,0,0,0,0,2,3,101.7964,89.9348,274
2025,Anthony Veneziano,27453,27,RP,2 Tms,25,26,1,25,11,28,13,0,4,4,0,0,0,100.4094,101.7878,117
2025,Chris Murphy,26214,27,RP,BOS,34.666666666666664,23,0,30,20,21,12,0,1,1,0,3,0,99.3516,92.8397,148
2025,Max Lazar,23426,26,RP,PHI,41.333333333333336,36,0,26,12,41,22,1,1,2,0,1,0,89.1901,104.5045,170
2025,Dan Altavilla,16507,32,RP,CHW,29,28,0,21,15,19,8,2,2,4,0,0,0,97.6029,86.1678,120
2025,Cionel Pérez,19614,29,RP,BAL,21.666666666666668,19,0,21,18,28,20,0,0,0,0,0,0,105.6518,85.3591,110
2025,John Brebbia,12777,35,RP,2 Tms,23.333333333333332,22,0,26,12,28,20,0,2,2,0,1,0,92.547,99.482,115
2025,Tommy Kahnle,11384,35,RP,DET,63,66,0,50,31,51,31,9,16,25,1,1,0,90.8198,94.8988,267
2025,Zach Eflin,13774,31,SP,BAL,71.33333333333333,14,14,50,13,88,47,0,0,0,0,6,6,92.9315,106.1032,309
2025,Sean Reynolds,22253,27,RP,SDP,27,19,1,25,17,20,16,0,2,2,0,0,0,99.8476,89.3797,117
2025,Seth Halvorsen,33294,25,RP,COL,39.666666666666664,42,0,36,21,41,22,11,4,15,1,1,0,110.0831,87.7483,173
2025,Chris Flexen,13896,30,RP,CHC,43.666666666666664,21,1,22,12,38,15,1,0,1,0,5,0,82.444,102.0843,178
2025,Cole Henry,27570,25,RP,WSN,52.666666666666664,57,0,52,32,43,25,2,9,11,1,1,0,106.9469,90.9959,241
2025,Sawyer Gipson-Long,26048,27,RP,DET,31.333333333333332,8,3,26,6,34,25,0,1,1,0,0,0,96.3733,103.1803,133
2025,Trent Thornton,17948,31,RP,SEA,42.333333333333336,33,0,32,14,41,22,0,5,5,0,2,0,98.8498,101.4808,180
2025,Andrew Heaney,15423,34,SP,2 Tms,122.33333333333333,27,23,86,40,129,75,0,0,0,0,5,7,92.7436,102.5038,536
2025,Travis Adams,30180,25,RP,MIN,33.666666666666664,18,2,31,17,39,28,0,2,2,1,1,0,98.9413,92.1235,158
2025,Connor Brogdon,21205,30,RP,LAA,47,43,0,49,18,45,29,0,4,4,0,3,0,105.7695,100.2248,199
2025,Ryan Fernandez,24862,27,RP,STL,30.333333333333332,32,0,34,16,36,26,1,4,5,0,0,0,98.6072,90.1044,140
2025,Thomas Hatch,19264,30,RP,2 Tms,34,12,1,22,17,40,22,0,0,0,0,2,0,92.4834,94.7694,152
2025,Yuki Matsui,33826,29,RP,SDP,63.333333333333336,61,0,61,33,53,28,1,3,4,0,3,0,103.0881,95.6278,272
2025,Kaleb Ort,20061,33,RP,HOU,46,49,0,49,27,35,25,1,3,4,0,2,0,106.3602,86.4025,194
2025,Richard Fitts,30160,25,SP,BOS,45,11,10,40,16,43,25,0,0,0,0,2,2,103.091,101.4839,195
2025,Walker Buehler,19374,30,SP,2 Tms,126,26,24,92,61,130,69,0,0,0,0,10,7,96.7073,91.9744,565
2025,Orlando Ribalta,26247,27,RP,WSN,24.333333333333332,22,0,25,17,28,19,0,0,0,0,0,0,104.0544,92.6191,120
2025,Zach Brzykcy,27783,25,RP,WSN,23,26,0,24,12,28,23,0,0,0,0,0,0,92.461,88.8759,110
2025,McCade Brown,30004,24,SP,COL,25.666666666666668,7,7,23,17,30,21,0,0,0,0,0,0,95.4826,88.5267,126
2025,Ryan Pressly,7005,36,RP,CHC,41.333333333333336,44,0,28,17,46,20,5,7,12,1,2,0,93.6414,94.8601,182
2025,Tanner Houck,19879,29,SP,BOS,43.666666666666664,9,9,32,17,57,39,0,0,0,0,0,3,97.0345,101.9729,203
2025,Daysbel Hernández,20271,28,RP,ATL,37,39,0,33,30,27,14,0,10,10,1,4,0,107.396,92.4809,164
2025,Sam Long,25379,29,RP,KCR,40.333333333333336,39,0,33,22,48,24,0,1,1,0,2,0,93.6627,95.5494,189
2025,Austin Gomber,16561,31,SP,COL,57.666666666666664,12,12,34,17,82,48,0,0,0,0,0,0,86.8587,100.4961,272
2025,Jordan Romano,16122,32,RP,PHI,42.666666666666664,49,0,47,17,45,39,8,7,15,1,2,0,102.6412,100.6885,187
2025,Caden Dana,31508,21,SP,LAA,32.333333333333336,7,5,33,18,30,23,0,0,0,0,0,1,91.5358,90.2117,141
2025,Zach Agnos,31552,24,RP,COL,31.333333333333332,30,0,19,17,31,23,4,3,7,0,1,0,90.9705,92.5858,138
2025,Jeff Hoffman,17432,32,RP,TOR,68,71,0,84,27,54,33,33,0,33,1,9,0,107.0015,92.4916,287
2025,Jake Irvin,21504,28,SP,WSN,180,33,33,124,62,195,114,0,0,0,0,9,9,94.457,103.1861,787
2025,Carson Whisenhunt,31676,24,SP,SFG,23.333333333333332,5,5,16,12,22,13,0,0,0,0,2,0,91.0084,89.4462,102
2025,Josh Simpson,25957,27,RP,MIA,30.666666666666668,31,0,36,22,34,25,0,2,2,0,4,0,107.0865,92.1177,151
2025,Gunnar Hoglund,31318,25,SP,ATH,32.333333333333336,6,6,23,11,38,23,0,0,0,0,1,1,93.2747,106.1149,139
2025,John King,22051,30,RP,STL,48.333333333333336,51,0,28,14,65,25,0,3,3,0,2,0,104.4373,93.549,222
2025,Alek Jacob,29628,27,RP,SDP,33.333333333333336,29,0,23,14,36,19,0,2,2,0,1,0,110.0087,87.5954,153
2025,Tim Herrin,25139,28,RP,CLE,42.666666666666664,54,0,45,30,37,23,0,15,15,1,5,0,98.6761,85.5499,194
2025,Colin Holderman,22361,29,RP,PIT,25.666666666666668,24,0,18,16,34,20,1,2,3,0,0,0,114.9323,88.9947,125
2025,Scott Blewett,16427,29,RP,3 Tms,44.333333333333336,26,2,35,18,45,27,0,0,0,0,3,0,82.7705,107.4945,194
2025,Beau Brieske,26079,27,RP,DET,22,22,1,16,12,24,16,1,5,6,0,1,0,94.1261,98.5633,103
2025,Konnor Pilkington,21453,27,RP,WSN,28.333333333333332,32,0,34,17,22,14,0,5,5,0,2,0,95.7271,83.8629,123
2025,Eduardo Salazar,23135,27,RP,WSN,29,30,0,23,16,47,27,0,2,2,0,0,0,94.4228,94.6989,150
2025,Jackson Rutledge,26215,26,RP,WSN,73.33333333333333,63,0,65,24,87,47,0,3,3,0,4,0,102.9053,86.7337,330
2025,Bryse Wilson,19990,27,RP,CHW,47.333333333333336,20,5,28,19,67,35,0,0,0,0,0,0,97.2907,94.4561,224
2025,Jorge Alcala,19459,29,RP,3 Tms,55,56,0,61,30,66,38,0,5,5,0,0,0,107.1862,94.4891,257
2025,Kevin Kelly,25679,27,RP,TBR,39.666666666666664,41,0,35,9,45,26,0,5,5,0,2,0,111.0739,103.8308,171
2025,Shinnosuke Ogasawara,35324,27,RP,WSN,38.666666666666664,23,2,30,17,43,30,0,1,1,0,1,0,89.7374,98.674,173
2025,José Fermin,33908,23,RP,LAA,34.333333333333336,40,0,39,23,25,17,0,6,6,0,3,0,101.8865,101.0186,152
2025,Keegan Akin,19362,30,RP,BAL,63.333333333333336,64,3,59,33,54,24,8,16,24,1,5,0,102.8909,96.864,268
2025,Jonathan Loáisiga,19753,30,RP,NYY,29.666666666666668,30,0,25,10,34,14,1,7,8,0,0,0,114.3758,96.5636,135
2025,Anthony Molina,26952,23,RP,COL,34.666666666666664,17,1,24,6,52,28,0,0,0,0,1,0,88.2285,100.256,160
2025,Osvaldo Bido,23150,29,RP,ATH,79.66666666666667,26,10,68,35,93,52,1,0,1,0,2,0,99.1491,94.0615,363
2025,Tayler Scott,13652,33,RP,2 Tms,27.333333333333332,24,0,24,18,34,24,0,3,3,0,1,0,91.0966,98.8173,134
2025,Cam Booser,16061,33,RP,CHW,31,39,0,35,19,28,19,1,8,9,0,2,0,108.5305,97.7596,143
2025,Austin Cox,24604,28,RP,ATL,21.333333333333332,13,1,22,7,30,21,0,2,2,0,0,0,98.0297,103.4942,102
2025,Carlos Vargas,22915,25,RP,SEA,77,70,0,54,23,81,34,1,14,15,1,5,0,115.1506,99.1842,331
2025,Jack Kochanowicz,27688,24,SP,LAA,111,23,23,72,58,136,84,0,0,0,0,3,4,93.2115,90.1391,512
2025,Carson Palmquist,31612,24,SP,COL,34.333333333333336,9,7,27,25,45,34,0,0,0,0,0,0,97.0541,86.9951,175
2025,Ryan Zeferjahn,25420,27,RP,LAA,57,62,1,73,35,49,30,2,17,19,1,6,0,120.9236,83.6053,257
2025,Carson Seymour,30084,26,RP,SFG,36,16,3,26,13,37,19,0,1,1,0,1,0,104.5042,92.1716,156
2025,Porter Hodge,26413,24,RP,CHC,33,36,0,40,18,34,23,2,8,10,1,2,0,107.2608,93.5857,147
2025,Ryan Rolison,22200,27,RP,COL,42.333333333333336,31,1,25,20,55,33,0,0,0,0,1,0,90.7071,98.663,193
2025,Anthony DeSclafani,13050,35,RP,ARI,38.666666666666664,13,4,36,12,37,22,2,1,3,0,1,0,98.7479,104.3672,169
2025,George Soriano,21863,26,RP,MIA,36.666666666666664,24,0,36,19,46,34,1,0,1,0,2,0,99.4131,95.4057,173
2025,Angel Chivilli,26790,22,RP,COL,58.666666666666664,43,0,43,23,76,46,0,1,1,0,1,0,94.5646,101.2842,275
2025,Bowden Francis,20548,29,SP,TOR,64,14,14,54,27,71,43,0,0,0,0,2,3,93.7842,98.1886,288
2025,Génesis Cabrera,17490,28,RP,4 Tms,42.666666666666664,40,0,35,18,46,31,1,3,4,0,0,0,103.567,100.4114,187
2025,Chad Green,15552,34,RP,TOR,43.666666666666664,45,0,35,13,51,27,1,7,8,0,3,0,100.3841,101.3738,190
2025,Nestor Cortes,17874,30,SP,2 Tms,34.333333333333336,8,8,29,20,36,24,0,0,0,0,2,2,100.1036,93.8937,157
2025,Bradley Blalock,26419,24,SP,COL,58.666666666666664,14,12,27,23,85,61,0,0,0,0,2,1,93.2185,97.4086,275
